STATE,ST_CASE,VE_TOTAL,VE_FORMS,PVH_INVL,PEDS,PERNOTMVIT,PERMVIT,PERSONS,COUNTY,CITY,DAY,MONTH,YEAR,DAY_WEEK,HOUR,MINUTE,NHS,ROAD_FNC,ROUTE,TWAY_ID,TWAY_ID2,MILEPT,LATITUDE,LONGITUD,SP_JUR,HARM_EV,MAN_COLL,RELJCT1,RELJCT2,TYP_INT,WRK_ZONE,REL_ROAD,LGT_COND,WEATHER1,WEATHER2,WEATHER,SCH_BUS,RAIL,NOT_HOUR,NOT_MIN,ARR_HOUR,ARR_MIN,HOSP_HR,HOSP_MN,CF1,CF2,CF3,FATALS,DRUNK_DR
1,10234,1,1,0,0,0,1,1,53,0,26,4,2014,7,22,2,0,3,2,US-SR 3,,382,31.01951944,-87.544225,0,1,0,0,1,1,0,1,2,1,0,1,0,0000000,99,99,22,21,88,88,0,0,0,1,1
1,10235,1,1,0,0,0,1,1,47,0,25,4,2014,6,17,50,0,6,4,CR-826,,0,32.44863056,-86.92098611,0,10,0,0,6,1,0,1,1,1,0,1,0,727596B,88,88,88,88,88,88,0,0,0,1,1
1,10236,1,1,0,0,0,2,2,3,0,27,4,2014,1,0,10,0,5,4,CR-49,,0,30.32211389,-87.767575,0,42,0,0,1,1,0,4,2,5,0,5,0,0000000,99,99,0,22,99,99,0,0,0,1,1
1,10237,1,1,0,0,0,1,1,25,1480,27,4,2014,1,12,15,0,6,4,CR-22,,0,31.71504167,-87.75666111,0,42,0,0,1,1,0,4,9,10,0,10,0,0000000,99,99,12,30,99,99,0,0,0,1,0
1,10238,2,2,0,0,0,6,6,97,0,28,4,2014,2,11,0,0,4,4,CR-CELESTE ROAD,SALCO RD,0,30.957,-88.12420556,0,12,6,0,2,3,0,1,1,10,0,10,0,0000000,99,99,11,17,99,99,0,0,0,1,0
1,10239,3,3,0,0,0,3,3,33,0,23,4,2014,4,13,45,1,2,2,US-SR 13,BLUFF CANYON ROAD,3063,34.647475,-87.65348889,0,12,1,0,3,3,0,1,1,1,0,1,0,0000000,99,99,13,53,99,99,0,0,0,1,0
1,10240,1,1,0,0,0,1,1,125,0,3,5,2014,7,0,50,1,1,1,I-59,,710,33.16801944,-87.55776389,0,38,0,0,1,1,0,3,2,1,0,1,0,0000000,99,99,1,5,88,88,0,0,0,1,1
1,10241,1,1,0,0,0,1,1,115,2136,3,5,2014,7,21,10,0,4,4,CR-KELLY CREEK RD,,0,33.58835833,-86.46579167,0,42,0,0,1,1,0,4,2,1,0,1,0,0000000,99,99,21,30,99,99,20,0,0,1,0
1,10242,1,1,0,0,0,2,2,115,0,5,5,2014,2,1,30,0,4,4,CR-KELLY CREEK RD,,0,33.426525,-86.34425,0,1,0,0,1,1,0,1,2,1,0,1,0,0000000,99,99,2,30,99,99,0,0,0,1,1
1,10243,1,1,0,0,0,1,1,43,0,6,5,2014,3,22,30,1,2,2,US-SR 74,,900,34.17491111,-86.66071944,0,1,0,0,1,1,0,1,2,10,0,10,0,0000000,99,99,22,40,99,99,0,0,0,1,1
1,10244,1,1,0,1,1,1,1,69,930,4,5,2014,1,1,16,1,13,3,SR-ROSS CLARK CIRCLE,,0,31.25325,-85.40644167,0,8,0,0,1,1,0,1,2,1,0,1,0,0000000,99,99,1,23,99,99,0,0,0,1,0
1,10245,2,2,0,0,0,3,3,7,460,1,5,2014,5,20,35,1,2,3,SR-5,,845,32.92514722,-87.18554167,0,12,6,0,1,1,0,1,3,1,0,1,0,0000000,99,99,20,48,99,99,0,0,0,1,0
1,10246,1,1,0,0,0,1,1,131,0,1,5,2014,5,15,5,0,3,3,SR-21,,886,32.0058,-87.00526111,0,43,0,0,1,1,0,4,1,1,0,1,0,0000000,99,99,15,21,88,88,0,0,0,1,0
1,10247,2,2,0,0,0,3,3,73,0,3,5,2014,7,22,15,0,3,3,SR-269,,110,33.51766667,-87.05048889,0,12,2,0,1,1,0,1,2,10,0,10,0,0000000,99,99,22,30,88,88,0,0,0,1,0
1,10248,1,1,0,0,0,1,1,3,0,12,5,2014,2,13,5,0,3,3,SR-181,,49,30.49003333,-87.85259444,0,59,0,0,1,1,0,4,1,1,0,1,0,0000000,99,99,13,13,88,88,0,0,0,1,0
1,10249,2,2,0,0,0,2,2,45,2380,9,5,2014,6,18,36,0,5,6,WILL LOGAN ROAD,,0,31.38571389,-85.66025278,0,12,2,0,1,1,0,1,1,10,0,10,0,0000000,99,99,18,40,99,99,0,0,0,1,1
1,10250,1,1,0,1,1,1,1,51,2063,10,5,2014,7,22,33,0,4,4,CR-DEATSVILLE HWY,,0,32.52531944,-86.37744167,0,8,0,0,1,1,0,1,3,1,0,1,0,0000000,99,99,22,38,99,99,0,0,0,1,0
1,10251,2,2,0,0,0,6,6,89,1730,12,5,2014,2,13,39,1,13,6,OLD HWY 431,AUDUBON LN SE,0,34.66026944,-86.47382778,0,12,6,0,2,3,0,1,1,1,0,1,0,0000000,99,99,13,51,99,99,0,0,0,1,0
1,10252,2,2,0,0,0,3,3,117,9997,12,5,2014,2,14,49,0,14,3,SR-261,WOODDALE DR,50,33.34146389,-86.80459722,0,12,6,0,2,2,0,1,1,1,0,1,0,0000000,99,99,14,56,99,99,0,0,0,1,0
1,10253,1,1,0,1,1,1,1,73,0,25,4,2014,6,9,27,1,13,2,US-SR 4,,1400,33.57315,-86.90318889,0,8,0,0,1,1,0,4,1,1,0,1,0,0000000,99,99,9,32,88,88,0,0,0,1,1
1,10254,1,1,0,0,0,1,1,73,0,1,5,2014,5,6,56,0,4,4,CR-BRADFORD TRAFFORD RD,,0,33.80586667,-86.73639167,0,38,0,0,1,1,0,4,1,1,0,1,0,0000000,99,99,7,10,88,88,0,0,0,1,0
1,10255,1,1,0,0,0,1,1,73,0,15,5,2014,5,9,48,0,4,4,CR-WARRIOR JASPER RD,,0,33.80375278,-86.864875,0,32,0,0,1,1,0,4,1,10,0,10,0,0000000,99,99,10,0,88,88,0,0,0,1,0
1,10256,2,2,0,0,0,2,2,117,1570,29,4,2014,3,2,10,1,2,2,US-SR 38,,269,33.33742222,-86.42689167,0,12,2,0,1,1,0,1,3,2,0,2,0,0000000,99,99,2,15,99,99,0,0,0,1,1
1,10257,1,1,0,1,1,1,1,73,1716,2,5,2014,6,3,42,1,11,1,I-459,,118,33.36612778,-86.83939167,0,8,0,0,1,1,2,5,2,1,0,1,0,0000000,99,99,3,50,88,88,0,0,0,1,0
1,10258,1,1,0,1,1,4,4,97,2550,3,5,2014,7,17,32,0,16,6,DUNLAP CIRCLE,BARBOUR DR,0,30.75185556,-88.07883333,0,9,0,0,3,3,0,1,1,1,0,1,0,0000000,99,99,17,35,88,88,0,0,0,1,1
1,10259,1,1,0,0,0,3,3,15,2370,3,5,2014,7,6,23,0,15,6,COLEMAN ROAD,,0,33.61623611,-85.80356389,0,10,0,0,6,1,0,1,1,10,0,10,0,727029M,99,99,6,30,99,99,0,0,0,2,0
1,10260,2,2,0,0,0,3,3,33,0,3,5,2014,7,15,40,1,2,2,US-SR 2,HWY 247,178,34.72213611,-87.81221111,0,12,6,0,2,3,0,1,1,1,0,1,0,0000000,99,99,15,49,99,99,0,0,0,2,0
1,10261,2,2,0,0,0,2,2,69,0,4,5,2014,1,14,55,1,2,2,US-SR 1,,47,31.06700556,-85.40485278,0,12,7,0,1,1,0,1,1,1,0,1,0,0000000,99,99,15,10,88,88,0,0,0,2,0
1,10262,2,2,0,0,0,5,5,71,0,7,5,2014,4,7,35,0,5,4,CR-95,,0,34.82823056,-85.63873333,0,12,1,0,1,1,1,1,1,1,0,1,0,0000000,99,99,7,50,99,99,0,0,0,1,0
1,10263,1,1,0,0,0,1,1,51,0,7,5,2014,4,17,40,0,6,4,CR-MERCER ROAD,,0,32.54850833,-86.327625,0,1,0,0,1,1,0,1,1,1,0,1,0,0000000,99,99,17,50,99,99,0,0,0,1,1
1,10264,2,2,0,0,0,2,2,53,0,7,5,2014,4,13,10,1,1,1,I-65,,631,31.15055278,-87.39410278,0,12,1,0,1,1,0,1,1,1,0,1,0,0000000,99,99,13,27,88,88,0,0,0,1,0
1,10265,2,2,0,0,0,2,2,61,0,8,5,2014,5,19,15,0,5,4,CR-69,MACEDONIA RD,0,31.13706111,-85.67167778,0,12,6,0,2,3,0,1,5,1,0,1,0,0000000,99,99,19,30,88,88,0,0,0,1,0
1,10266,1,1,0,0,0,1,1,127,0,12,5,2014,2,21,5,1,2,4,CR-OLD BIRMINGHAM HWY,,0,33.81837222,-87.16231111,0,34,0,0,1,1,0,4,2,1,0,1,0,0000000,99,99,21,30,88,88,0,0,0,1,1
1,10267,2,2,0,0,0,2,2,15,0,12,5,2014,2,17,55,0,3,3,SR-144,,237,33.78335,-85.95018056,0,12,2,0,1,1,0,1,1,1,0,1,0,0000000,99,99,18,8,99,99,0,0,0,1,0
1,10268,2,2,0,0,0,2,2,81,0,13,5,2014,3,14,36,0,6,4,CR-57,,0,32.58794722,-85.56636944,0,12,2,0,1,1,0,1,1,1,0,1,0,0000000,99,99,15,0,99,99,0,0,0,1,0
1,10269,1,1,0,0,0,1,1,125,0,13,5,2014,3,20,50,0,4,4,CR-MOUNTAIN VIEW LANE,,0,33.2767,-87.20250278,0,35,0,0,1,1,0,4,2,1,0,1,0,0000000,99,99,21,15,99,99,0,0,0,1,1
1,10270,2,2,0,0,0,3,3,111,0,16,5,2014,6,18,30,0,14,3,SR-48,,289,33.42883333,-85.37203611,0,12,7,0,1,1,0,1,1,1,0,1,0,0000000,99,99,18,45,99,99,0,0,0,1,0
1,10271,1,1,0,0,0,1,1,89,1730,19,5,2014,2,9,12,1,12,2,US-SR 53,,3130,34.67851667,-86.57635278,0,25,0,0,1,1,0,3,1,1,0,1,0,0000000,99,99,9,15,88,88,0,0,0,1,0
1,10272,1,1,0,1,1,2,2,55,1280,2,5,2014,6,20,6,0,15,6,TIDMORE BEND RD,,0,34.02811667,-85.96887778,0,8,0,0,1,1,0,1,3,10,0,10,0,0000000,99,99,20,12,99,99,0,0,0,1,0
1,10273,2,2,0,0,0,3,3,89,1508,7,5,2014,4,15,15,0,4,4,CR-GURLEY PIKE,,0,34.71581389,-86.37705833,0,12,2,0,1,1,0,1,1,1,0,1,0,0000000,99,99,15,30,99,99,0,0,0,1,1
1,10274,2,2,0,0,0,4,4,97,0,9,5,2014,6,16,30,0,5,3,SR-193,,155,30.45541389,-88.11561667,0,12,1,0,1,1,0,1,1,10,0,10,0,0000000,99,99,16,49,99,99,0,0,0,1,0
1,10275,1,1,0,0,0,1,1,125,0,16,5,2014,6,8,38,1,2,2,US-SR 6,,697,33.03443611,-87.3467,0,42,0,0,1,1,0,4,1,1,0,1,0,0000000,99,99,9,10,88,88,0,0,0,1,0
1,10276,2,2,0,0,0,4,4,101,2130,17,5,2014,7,12,52,1,13,6,WEST SOUTH BLVD,,0,32.32630833,-86.32653333,0,12,6,0,8,1,0,1,1,1,0,1,0,0000000,99,99,12,57,99,99,0,0,0,1,0
1,10277,1,1,0,0,0,2,2,87,0,18,5,2014,1,5,0,0,3,3,SR-8,,1789,32.45945833,-85.61745833,0,1,0,0,1,1,0,4,2,1,0,1,0,0000000,99,99,5,20,99,99,0,0,0,1,1
1,10278,1,1,0,0,0,1,1,1,0,18,5,2014,1,20,38,0,4,4,CR-10,,0,32.49666111,-86.533,0,42,0,0,1,1,0,4,2,1,0,1,0,0000000,99,99,21,0,88,88,0,0,0,1,0
1,10279,1,1,0,0,0,4,4,95,0,19,5,2014,2,20,57,0,5,4,CR-HIGH POINT ROAD,,0,34.24266111,-86.27330278,0,32,0,0,1,1,0,4,2,1,0,1,0,0000000,99,99,21,8,99,99,0,0,0,1,0
1,10280,2,2,0,0,0,2,2,21,0,20,5,2014,3,16,0,0,3,3,SR-145,,81,32.94801389,-86.61752222,0,12,6,0,1,1,0,1,1,1,0,1,0,0000000,99,99,16,15,99,99,0,0,0,1,0
1,10281,1,1,0,1,1,0,0,55,190,20,5,2014,3,22,9,0,16,6,13TH AVE NW,,0,34.02818333,-86.08080833,0,10,0,0,6,1,0,1,3,1,0,1,0,725277B,99,99,22,16,99,99,15,19,0,1,0
1,10282,1,1,0,0,0,1,1,127,0,21,5,2014,4,21,45,0,4,3,SR-269,,320,33.69987222,-87.25646944,0,1,0,0,1,1,0,4,2,1,0,1,0,0000000,99,99,6,45,88,88,18,0,0,1,0
1,10283,1,1,0,0,0,1,1,131,0,23,5,2014,6,22,50,0,3,3,SR-41,,835,31.99428056,-87.28091111,0,35,0,0,1,1,0,4,2,10,0,10,0,0000000,88,88,88,88,88,88,0,0,0,1,0
1,10284,1,1,0,0,0,2,2,71,0,24,5,2014,7,1,35,0,6,4,CR-357,,0,34.7204,-85.83382222,0,42,0,0,1,1,0,4,2,1,0,1,0,0000000,99,99,1,46,99,99,0,0,0,1,1
1,10285,2,2,0,0,0,5,5,121,2910,20,5,2014,3,16,14,0,19,3,SR-275,JACKSON TRACE ROAD,45,33.46040833,-86.10299167,0,12,6,0,2,2,0,1,1,1,0,1,0,0000000,99,99,16,17,99,99,0,0,0,2,1
1,10286,1,1,0,1,1,1,1,125,3050,7,5,2014,4,0,10,0,16,6,18TH ST,,0,33.19659444,-87.56859722,0,8,0,0,1,1,0,1,6,1,0,1,0,0000000,99,99,0,18,88,88,0,0,0,1,0
1,10287,1,1,0,0,0,1,1,21,1790,23,5,2014,6,1,15,0,3,2,US-SR 3,,2347,32.99653611,-86.75731389,0,42,0,0,1,1,0,4,2,1,0,1,0,0000000,99,99,1,28,99,99,0,0,0,1,0
1,10288,3,3,0,0,0,3,3,73,3125,26,1,2014,1,5,40,1,11,1,I-65,,2520,33.41270278,-86.80755833,0,12,2,1,18,1,0,1,1,1,0,1,0,0000000,99,99,5,47,99,99,0,0,0,1,1
1,10289,2,2,0,0,0,2,2,35,0,7,6,2014,7,8,55,0,4,4,CR-20,CR-15,0,31.62621111,-86.82584167,0,12,6,0,2,2,0,1,1,1,0,1,0,0000000,99,99,9,10,88,88,0,0,0,1,0
1,10290,1,1,0,0,0,1,1,59,0,7,6,2014,7,2,20,0,6,4,CR-52,,0,34.41095278,-87.80279722,0,53,0,0,1,1,0,4,2,10,0,10,0,0000000,99,99,3,7,88,88,0,0,0,1,0
1,10291,1,1,0,0,0,1,1,7,0,5,6,2014,5,0,30,1,2,3,SR-5,,963,33.08306944,-87.13651667,0,42,0,0,1,1,0,4,2,1,0,1,0,0000000,99,99,1,10,88,88,0,0,0,1,0
1,10292,1,1,0,0,0,1,1,127,0,4,6,2014,4,19,10,0,6,4,CR-RUSSELL DAIRY ROAD,,0,33.90809444,-87.32688889,0,42,0,0,1,1,0,4,1,1,0,1,0,0000000,99,99,19,20,88,88,0,0,0,1,1
1,10293,1,1,0,0,0,1,1,73,0,4,6,2014,4,12,0,1,11,1,I-459,,173,33.51944444,-86.67346667,0,34,0,0,1,1,0,4,1,10,0,10,0,0000000,99,99,12,19,88,88,0,0,0,1,0
1,10294,1,1,0,0,0,1,1,55,0,3,6,2014,3,19,15,1,13,4,CR-ROCKLEDGE ROAD,HWY 431,0,34.08561111,-86.11039722,0,24,0,0,3,3,0,4,1,10,0,10,0,0000000,88,88,88,88,88,88,0,0,0,1,1
1,10295,1,1,0,0,0,1,1,69,930,30,5,2014,6,18,57,0,14,3,SR-NORTH BRANNON STAND ROAD,WEST MAIN ST,0,31.24038611,-85.48091667,0,59,0,0,3,2,0,4,1,10,0,10,0,0000000,99,99,19,2,99,99,0,0,0,1,0
1,10296,2,2,0,2,2,1,1,127,0,2,6,2014,2,15,15,0,3,3,SR-118,,388,33.92454722,-87.60514722,0,8,0,0,1,1,0,1,1,10,0,10,0,0000000,99,99,15,30,99,99,23,0,0,1,0
1,10297,1,1,0,0,0,1,1,19,0,2,6,2014,2,13,10,0,4,4,CR-69,,0,34.163725,-85.62469167,0,1,0,0,1,1,0,1,1,10,0,10,0,0000000,99,99,13,18,88,88,0,0,0,1,0
1,10298,2,2,0,0,0,2,2,21,0,1,6,2014,1,14,5,0,4,4,CR-28,,0,32.84540278,-86.58476944,0,12,6,0,8,1,0,1,1,10,0,10,0,0000000,99,99,14,12,88,88,0,0,0,1,0
1,10299,1,1,0,0,0,3,3,9,0,1,6,2014,1,1,15,0,5,4,CR-AIRPORT ROAD,,0,33.98180556,-86.34072222,0,42,0,0,1,1,0,4,2,10,0,10,0,0000000,99,99,1,34,99,99,0,0,0,1,1
1,10300,3,3,0,0,0,4,4,21,0,1,6,2014,1,3,13,1,1,1,I-65,,2144,32.91794167,-86.64562222,0,34,0,0,1,1,0,3,2,10,0,10,0,0000000,99,99,3,30,99,99,14,0,0,1,0
1,10301,2,2,0,0,0,3,3,69,0,31,5,2014,7,10,5,1,2,2,US-SR 12,HOLLAND RD,1964,31.24233056,-85.61677222,0,12,6,0,2,2,0,1,1,10,0,10,0,0000000,99,99,10,17,99,99,0,0,0,1,0
1,10302,2,2,0,0,0,2,2,109,0,29,5,2014,5,15,50,1,2,2,US-SR 53,,600,31.63511111,-85.80788333,0,12,6,0,8,1,0,1,1,10,0,10,0,0000000,99,99,16,7,99,99,0,0,0,1,0
1,10303,1,1,0,0,0,2,2,25,0,28,5,2014,4,19,41,1,2,2,US-SR 43,,726,31.65515,-87.80530556,0,42,0,0,1,1,0,4,5,2,0,2,0,0000000,99,99,19,59,99,99,0,0,0,1,0
1,10304,2,2,0,0,0,2,2,89,0,24,5,2014,7,13,20,0,4,4,CR-MURPHY HILL ROAD,,0,34.90600833,-86.63395,0,12,2,0,1,1,0,1,1,1,0,1,0,0000000,99,99,13,35,99,99,0,0,0,1,0
1,10305,1,1,0,0,0,1,1,117,0,23,5,2014,6,23,5,0,5,4,CR-54,,0,33.35025833,-86.53786944,0,42,0,0,1,1,0,4,2,1,0,1,0,0000000,99,99,23,11,88,88,0,0,0,1,1
1,10306,2,2,0,1,1,1,1,69,0,19,5,2014,2,15,25,1,2,2,US-SR 1,,20,31.0279,-85.40685833,0,12,1,0,1,1,0,1,1,1,0,1,0,0000000,99,99,15,46,99,99,23,15,0,1,0
1,10307,3,3,0,0,0,3,3,3,0,22,5,2014,5,14,6,1,1,1,I-65,,277,30.93049167,-87.92537222,0,12,1,0,1,1,0,1,1,1,0,1,0,0000000,99,99,99,99,99,99,14,0,0,1,0
1,10308,2,2,0,0,0,2,2,43,830,21,5,2014,4,6,55,0,15,2,US-SR 3,GOLF COURSE ROAD,3242,34.14500833,-86.83072778,0,12,2,0,3,2,0,1,1,1,0,1,0,0000000,99,99,6,59,88,88,0,0,0,1,0
1,10309,1,1,0,0,0,1,1,73,350,18,5,2014,1,15,18,1,13,6,FORESTDALE BLVD,,0,33.54331389,-86.87405833,0,42,0,0,1,1,0,4,1,1,0,1,0,0000000,99,99,15,30,99,99,0,0,0,1,0
1,10310,1,1,0,0,0,2,2,125,0,12,5,2014,2,22,30,0,14,3,SR-216,,27,33.21843333,-87.44221944,0,34,0,0,1,1,0,4,2,1,0,1,0,0000000,99,99,22,50,99,99,0,0,0,1,0
1,10311,1,1,0,0,0,1,1,3,0,2,5,2014,6,10,30,0,5,4,CR-91,,0,30.37363056,-87.48053611,0,18,0,0,1,1,1,5,1,1,0,1,0,0000000,99,99,10,50,88,88,0,0,0,1,0
1,10312,1,1,0,0,0,1,1,25,1260,2,5,2014,6,11,20,0,4,3,SR-178,,13,31.7906,-87.73531944,0,1,0,0,1,1,0,4,1,1,0,1,0,0000000,99,99,11,33,99,99,0,0,0,1,0
1,10313,2,2,0,0,0,2,2,3,1210,16,4,2014,4,14,25,1,2,3,SR-59,AZALEA AVE,105,30.39941944,-87.68330556,0,12,6,0,2,2,0,1,1,1,0,1,0,0000000,99,99,99,99,99,99,20,0,0,1,1
1,10314,3,3,0,1,1,2,2,73,350,28,5,2014,4,3,30,1,11,1,I-59,,1331,33.57557222,-86.71581389,0,8,0,0,1,1,0,1,2,1,0,1,0,0000000,99,99,3,41,88,88,19,0,0,1,0
1,10315,4,4,0,0,0,5,5,73,350,29,5,2014,5,18,50,1,11,1,I-59,ARKADELPHIA RD,1233,33.52109722,-86.84837778,0,12,2,0,1,1,0,1,1,1,0,1,0,0000000,99,99,18,58,99,99,0,0,0,2,1
1,10316,3,3,0,0,0,8,8,99,0,31,5,2014,7,23,5,1,2,2,US-SR 12,,692,31.50786389,-87.44810833,0,12,8,0,1,1,0,1,2,1,0,1,0,0000000,99,99,23,32,99,99,0,0,0,3,1
1,10317,1,1,0,0,0,1,1,91,900,3,6,2014,3,12,0,1,2,2,US-SR 8,,10,32.50298056,-87.79954167,0,1,0,0,1,1,0,3,9,1,0,1,0,0000000,88,88,88,88,88,88,0,0,0,1,1
1,10318,1,1,0,0,0,1,1,1,0,2,6,2014,2,20,30,1,2,2,US-SR 6,,1171,32.64268056,-86.75682222,0,42,0,0,1,1,0,4,2,1,0,1,0,0000000,99,99,11,15,88,88,0,0,0,1,0
1,10319,1,1,0,0,0,1,1,73,330,13,6,2014,6,20,50,1,11,1,I-459,,47,33.33978889,-86.91745556,0,1,0,0,1,1,0,1,2,2,0,2,0,0000000,99,99,20,55,88,88,0,0,0,1,0
1,10320,1,1,0,0,0,1,1,111,0,12,6,2014,5,0,10,1,2,2,US-SR 1,,1860,33.20747222,-85.41668056,0,1,0,0,1,1,0,4,2,10,0,10,0,0000000,99,99,0,30,88,88,0,0,0,1,1
1,10321,1,1,0,0,0,1,1,89,1730,13,6,2014,6,3,35,0,4,6,ADVENTIST BLVD,SPARKMAN DR,0,34.75141667,-86.64509167,0,30,0,0,8,1,0,4,3,1,0,1,0,0000000,99,99,3,43,88,88,0,0,0,1,1
1,10322,2,2,0,0,0,3,3,37,0,14,6,2014,7,15,55,1,2,2,US-SR 38,CR-49,532,33.05567222,-86.14648611,0,12,6,0,2,2,0,1,1,1,0,1,0,0000000,99,99,16,21,99,99,0,0,0,1,0
1,10323,1,1,0,1,1,1,1,113,0,14,6,2014,7,23,50,0,3,2,US-SR 2,,295,32.383025,-85.03585556,0,8,0,0,1,1,0,1,2,1,0,1,0,0000000,99,99,0,7,99,99,0,0,0,1,0
1,10324,1,1,0,0,0,1,1,43,0,13,6,2014,6,22,10,0,5,4,CR-1763,,0,34.27778333,-86.50863056,0,42,0,0,1,1,0,4,2,10,0,10,0,0000000,99,99,22,25,99,99,0,0,0,1,0
1,10325,3,3,0,0,0,3,3,81,200,13,6,2014,6,13,46,1,13,6,SHUG JORDAN PKWY,,0,32.59359444,-85.50675556,0,12,2,0,1,1,0,1,1,1,0,1,0,0000000,99,99,13,54,99,99,14,0,0,1,0
1,10326,3,3,0,0,0,4,4,73,350,7,6,2014,7,23,46,1,11,1,I-59,,1213,33.51199444,-86.87548611,0,12,6,0,1,1,0,1,3,2,0,2,0,0000000,99,99,23,46,99,99,19,0,0,1,0
1,10327,1,1,0,0,0,1,1,87,0,2,6,2014,2,16,53,1,1,1,I-85,,440,32.50128333,-85.61179722,0,1,0,1,8,1,1,4,1,10,0,10,0,0000000,99,99,17,21,99,99,0,0,0,1,0
1,10328,1,1,0,0,0,1,1,73,330,15,6,2014,1,9,15,0,16,6,CAROLINA AVE,,0,33.40192778,-86.94945278,0,10,0,0,6,1,0,1,1,1,0,1,0,725396K,99,99,9,9,88,88,0,0,0,1,0
1,10329,2,2,0,0,0,3,3,79,0,17,6,2014,3,14,10,0,4,3,SR-33,CR-100,226,34.43418333,-87.29273889,0,12,6,0,2,2,0,1,1,1,0,1,0,0000000,99,99,14,22,99,99,0,0,0,1,0
1,10330,1,1,0,0,0,1,1,73,330,19,6,2014,5,17,40,0,15,6,PARKWOOD ROAD,,0,33.36243889,-86.87973333,0,42,0,0,1,1,0,4,1,10,0,10,0,0000000,99,99,99,99,99,99,0,0,0,1,0
1,10331,1,1,0,0,0,1,1,3,0,7,6,2014,7,0,13,1,1,1,I-10,,434,30.65182778,-87.77463056,0,1,0,0,1,1,0,4,2,10,0,10,0,0000000,99,99,0,26,88,88,0,0,0,1,0
1,10332,1,1,0,0,0,1,1,83,170,22,6,2014,1,8,17,0,15,6,BROWNS FERRY ROAD,,0,34.78437778,-87.0028,0,42,0,0,1,1,0,4,1,1,0,1,0,0000000,99,99,8,23,99,99,0,0,0,1,0
1,10333,2,2,0,0,0,2,2,83,0,31,5,2014,7,17,34,0,6,4,CR-EAST NEW GARDEN ROAD,,0,34.89405833,-86.86567778,0,12,2,0,1,1,0,1,1,10,0,10,0,0000000,99,99,17,40,88,88,0,0,0,1,1
1,10334,1,1,0,0,0,1,1,95,0,5,6,2014,5,21,45,0,3,3,SR-79,,766,34.4829,-86.20788333,0,35,0,0,1,1,0,4,2,10,0,10,0,0000000,99,99,21,57,88,88,0,0,0,1,1
1,10335,2,2,0,0,0,3,3,97,0,7,6,2014,7,2,20,0,13,4,CR-THEODORE DAWES ROAD,,0,30.56026389,-88.20584722,0,12,6,0,8,1,0,1,3,1,0,1,0,0000000,99,99,2,31,99,99,0,0,0,1,1
1,10336,1,1,0,0,0,1,1,9,0,7,6,2014,7,20,45,1,2,3,SR-79,,247,33.86378611,-86.65548333,0,1,0,0,1,1,0,4,2,1,0,1,0,0000000,99,99,21,20,88,88,0,0,0,1,1
1,10337,1,1,0,0,0,1,1,3,0,8,6,2014,1,19,21,0,5,4,CR-12,,0,30.35600833,-87.79111944,0,34,0,0,1,1,0,4,1,1,0,1,0,0000000,99,99,19,35,99,99,0,0,0,1,1
1,10338,1,1,0,0,0,1,1,109,0,18,6,2014,4,17,0,0,4,4,CR-6618,,0,31.856975,-85.7422,0,42,0,0,1,1,0,4,1,1,0,1,0,0000000,99,99,17,23,88,88,0,0,0,1,0
1,10339,1,1,0,0,0,1,1,93,0,20,6,2014,6,19,45,0,4,3,SR-19,,232,34.31338333,-88.04690833,0,1,0,0,1,1,0,4,5,1,0,1,0,0000000,99,99,20,14,88,88,0,0,0,1,0
1,10340,1,1,0,0,0,1,1,109,0,21,6,2014,7,21,9,0,4,4,CR-3304,,0,31.72849444,-85.92761389,0,1,0,0,1,1,0,1,2,1,0,1,0,0000000,99,99,21,18,99,99,0,0,0,1,1
1,10341,1,1,0,0,0,1,1,77,0,2,6,2014,2,22,0,0,4,4,CR-8,CR-11,0,34.94383611,-87.73935833,0,35,0,0,3,2,0,4,2,1,0,1,0,0000000,99,99,22,10,99,99,0,0,0,1,1
1,10343,2,1,1,0,0,2,2,97,2100,21,6,2014,7,20,15,1,13,2,US-SR 17,,0,30.71138889,-88.081075,0,59,0,0,1,1,0,4,3,10,0,10,0,0000000,99,99,20,20,99,99,0,0,0,1,0
1,10344,1,1,0,1,1,1,1,103,0,24,6,2014,3,4,50,0,4,4,CR-DANVILLE ROAD,,0,34.44359444,-87.09095,0,8,0,0,1,1,0,1,2,10,0,10,0,0000000,88,88,88,88,88,88,0,0,0,1,0
1,10345,2,2,0,0,0,2,2,33,3060,25,6,2014,4,18,39,1,13,3,SR-2,W.F. GARDINER,250,34.71615833,-87.68793333,0,12,6,0,2,2,0,1,5,10,0,10,0,0000000,99,99,18,43,99,99,0,0,0,1,0
1,10346,1,1,0,0,0,1,1,73,350,12,6,2014,5,2,42,0,15,6,NEW MULGA LOOP ROAD,,0,33.53703333,-86.97516944,0,42,0,0,1,1,0,4,2,1,0,1,0,0000000,99,99,2,50,88,88,0,0,0,1,0
1,10347,1,1,0,0,0,2,2,73,0,17,6,2014,3,20,45,0,4,4,CR-JOHNS ROAD,,0,33.35313333,-87.12090556,0,35,0,0,1,1,0,4,2,1,0,1,0,0000000,99,99,21,9,99,99,0,0,0,1,0
1,10348,2,2,0,0,0,4,4,3,1011,17,5,2014,7,20,14,0,5,4,CR-83,,0,30.37026944,-87.60325556,0,12,6,0,8,1,0,1,3,1,0,1,0,0000000,99,99,20,26,99,99,0,0,0,1,1
1,10349,1,1,0,1,1,1,1,97,0,20,6,2014,6,20,40,0,3,3,SR-188,,1,30.49440278,-88.33636944,0,8,0,0,1,1,0,1,3,1,0,1,0,0000000,99,99,20,53,88,88,0,0,0,1,0
1,10350,2,2,0,0,0,7,7,117,0,20,6,2014,6,18,45,1,1,1,I-65,,2350,33.18916389,-86.78388333,0,12,1,0,1,1,0,1,1,1,0,1,0,0000000,99,99,18,55,99,99,0,0,0,1,0