STATE,ST_CASE,VE_TOTAL,VE_FORMS,PVH_INVL,PEDS,PERNOTMVIT,PERMVIT,PERSONS,COUNTY,CITY,DAY,MONTH,YEAR,DAY_WEEK,HOUR,MINUTE,NHS,ROAD_FNC,ROUTE,TWAY_ID,TWAY_ID2,MILEPT,LATITUDE,LONGITUD,SP_JUR,HARM_EV,MAN_COLL,RELJCT1,RELJCT2,TYP_INT,WRK_ZONE,REL_ROAD,LGT_COND,WEATHER1,WEATHER2,WEATHER,SCH_BUS,RAIL,NOT_HOUR,NOT_MIN,ARR_HOUR,ARR_MIN,HOSP_HR,HOSP_MN,CF1,CF2,CF3,FATALS,DRUNK_DR
1,10468,1,1,0,0,0,1,1,133,134,1,9,2014,2,12,5,0,4,4,CR-HELICAN ROAD,CR-66,0,34.16601389,-87.11731111,0,42,0,0,1,1,0,4,1,1,0,1,0,0000000,99,99,12,35,99,99,0,0,0,1,0
1,10469,1,1,0,0,0,1,1,63,1070,23,8,2014,7,4,0,0,4,3,SR-13,,400,32.84541667,-87.87445556,0,34,0,0,1,1,0,4,2,1,0,1,0,0000000,99,99,4,16,99,99,20,0,0,1,0
1,10470,1,1,0,0,0,1,1,47,0,2,8,2014,7,10,40,0,5,4,CR-19,,0,32.28561111,-86.87079167,0,1,0,0,1,1,0,1,1,10,0,10,0,0000000,88,88,88,88,88,88,0,0,0,1,0
1,10471,1,1,0,0,0,1,1,11,3090,2,8,2014,7,21,40,0,4,2,US-SR 15,HWY 29,1400,32.18278889,-85.70567778,0,1,0,0,1,1,0,4,3,1,0,1,0,0000000,99,99,22,0,99,99,0,0,0,1,0
1,10472,1,1,0,0,0,1,1,59,0,22,8,2014,6,11,59,0,4,4,CR-81,,0,34.34448889,-87.66963056,0,34,0,0,1,1,0,4,1,1,0,1,0,0000000,12,16,12,25,12,51,0,0,0,1,0
1,10473,1,1,0,1,1,1,1,3,2355,23,8,2014,7,1,2,1,2,3,SR-PERDIDO BEACH BLVD,,110,30.26424444,-87.60886389,0,8,0,0,1,1,0,1,3,1,0,1,0,0000000,99,99,1,7,88,88,0,0,0,1,0
1,10474,1,1,0,0,0,3,3,37,0,27,8,2014,4,20,30,1,2,2,US-SR 38,,554,33.03473889,-86.11947778,0,35,0,0,1,1,0,4,2,1,0,1,0,0000000,99,99,20,50,99,99,0,0,0,1,1
1,10475,1,1,0,0,0,1,1,97,0,29,8,2014,6,17,45,1,2,2,US-SR 13,,150,30.94043333,-88.02335278,0,1,0,0,1,1,0,3,1,10,0,10,0,0000000,88,88,88,88,88,88,0,0,0,1,1
1,10476,1,1,0,2,2,2,2,81,2340,29,8,2014,6,21,27,1,13,2,US-SR 1,,0,32.64353056,-85.34944444,0,8,0,0,1,1,0,1,3,1,0,1,0,0000000,99,99,21,32,99,99,0,0,0,2,1
1,10477,1,1,0,2,2,1,1,77,0,1,9,2014,2,8,20,0,3,3,SR-207,,80,34.92931111,-87.25558333,0,9,0,0,1,1,0,1,1,1,0,1,0,0000000,9,0,9,15,10,3,0,0,0,1,0
1,10478,1,1,0,0,0,4,4,77,0,29,8,2014,6,23,45,0,6,4,CR-8,,0,34.97770556,-87.56499722,0,34,0,0,1,1,0,4,2,1,0,1,0,0000000,99,99,0,15,99,99,0,0,0,1,1
1,10479,1,1,0,0,0,1,1,115,0,2,9,2014,3,22,10,0,4,4,CR-24,,0,33.86371667,-86.10775,0,1,0,0,1,1,0,4,1,1,0,1,0,0000000,99,99,23,30,88,88,0,0,0,1,1
1,10480,1,1,0,0,0,1,1,97,0,28,8,2014,5,19,15,1,1,1,I-10,,9,30.47968056,-88.38730556,0,18,0,0,1,1,0,4,5,1,0,1,0,0000000,99,99,19,25,88,88,0,0,0,1,0
1,10481,1,1,0,1,1,1,1,97,0,30,8,2014,7,1,15,1,13,4,CR-THEODORE DAWES ROAD,NAN GRAY DAVIS RD,0,30.55648889,-88.18681111,0,9,0,0,2,3,0,1,2,10,0,10,0,0000000,99,99,1,23,88,88,0,0,0,1,0
1,10482,1,1,0,0,0,1,1,51,0,31,8,2014,1,17,27,0,3,3,SR-170,COLLEY ROAD,55,32.59048611,-86.12217778,0,35,0,0,1,1,1,4,1,1,0,1,0,0000000,99,99,17,38,99,99,0,0,0,1,0
1,10483,1,1,0,0,0,1,1,103,890,1,9,2014,2,12,51,0,16,6,CASTLE GATE BLVD SW,,0,34.56906667,-87.02254167,0,33,0,0,1,1,0,4,1,1,0,1,0,0000000,99,99,12,55,88,88,0,0,0,1,0
1,10484,3,3,0,0,0,6,6,97,0,2,9,2014,3,19,40,1,2,2,US-SR 17,,233,30.97391389,-88.23945,0,12,8,0,1,1,0,1,2,1,0,1,0,0000000,99,99,19,50,99,99,0,0,0,1,0
1,10485,1,1,0,0,0,1,1,73,350,5,9,2014,6,22,35,0,16,6,GULFPORT STREET WYLAM,,0,33.49883333,-86.92015556,0,33,0,0,1,1,0,4,3,1,0,1,0,0000000,99,99,22,43,99,99,0,0,0,1,0
1,10486,1,1,0,0,0,3,3,119,0,6,9,2014,7,1,55,1,1,1,I-59,,193,32.65386389,-88.18845833,0,1,0,0,1,1,0,1,6,10,0,10,0,0000000,99,99,2,12,99,99,0,0,0,1,0
1,10487,1,1,0,0,0,1,1,31,0,6,9,2014,7,19,45,0,6,4,CR-349,,0,31.49250833,-86.09963056,0,1,0,0,1,1,0,4,5,1,0,1,0,0000000,99,99,20,15,88,88,0,0,0,1,1
1,10488,1,1,0,0,0,1,1,73,0,10,9,2014,4,13,30,1,11,1,I-59,,1020,33.30322222,-87.06901389,0,1,0,0,1,1,0,1,1,1,0,1,0,0000000,99,99,13,40,99,99,0,0,0,1,0
1,10489,1,1,0,0,0,1,1,97,0,31,8,2014,1,15,5,0,4,4,CR-W COY SMITH HWY,,0,31.11916944,-88.09271944,0,58,0,0,1,1,0,1,1,1,0,1,0,0000000,99,99,15,20,99,99,0,0,0,1,0
1,10490,1,1,0,0,0,1,1,73,20,8,9,2014,2,17,30,0,15,6,CRUCE ROAD,,0,33.59842222,-86.97690833,0,34,0,0,1,1,0,4,1,1,0,1,0,0000000,99,99,17,35,99,99,0,0,0,1,0
1,10491,1,1,0,1,1,1,1,83,0,2,9,2014,3,20,10,0,6,4,CR-SEWELL RD,,0,34.84848333,-86.97932778,0,8,0,0,1,1,0,1,2,1,0,1,0,0000000,99,99,20,25,88,88,0,0,0,1,0
1,10492,1,1,0,0,0,1,1,17,0,6,9,2014,7,0,15,0,4,4,CR-278,,0,33.05333889,-85.22614167,0,1,0,0,1,1,0,4,2,10,0,10,0,0000000,99,99,0,36,88,88,0,0,0,1,0
1,10493,1,1,0,0,0,1,1,63,0,8,9,2014,2,22,40,0,4,2,US-SR 7,,297,32.71413056,-88.07719444,0,11,0,0,1,1,0,1,2,1,0,1,0,0000000,88,88,88,88,88,88,0,0,0,1,0
1,10494,1,1,0,1,1,1,1,89,1730,13,9,2014,7,2,44,1,12,3,SR-1,,3350,34.73256944,-86.59698889,0,8,0,1,18,1,0,1,3,1,0,1,0,0000000,99,99,2,49,99,99,0,0,0,1,0
1,10495,1,1,0,0,0,1,1,73,2510,27,8,2014,4,19,24,0,15,4,CR-4TH ST,,0,33.50002778,-86.99065556,0,42,0,0,1,1,0,4,5,1,0,1,0,0000000,99,99,19,40,88,88,0,0,0,1,1
1,10496,2,2,0,0,0,2,2,101,0,2,9,2014,3,6,50,0,4,4,CR-37,PHARR RD,0,32.29598611,-86.00847222,0,12,2,0,2,3,0,1,1,10,0,10,0,0000000,99,99,7,5,99,99,0,0,0,1,0
1,10497,1,1,0,0,0,3,3,47,0,10,9,2014,4,18,15,0,5,4,CR-39,,0,32.57156667,-87.00228611,0,1,0,0,1,1,0,4,1,1,0,1,0,0000000,99,99,18,42,99,99,0,0,0,1,1
1,10498,3,3,0,0,0,3,3,95,0,9,9,2014,3,10,50,0,3,3,SR-75,ONEONTA CUT OFF ROAD,531,34.22051111,-86.26929444,0,12,1,0,2,3,0,1,1,1,0,1,0,0000000,99,99,11,0,99,99,0,0,0,1,0
1,10499,1,1,0,1,1,1,1,73,350,12,9,2014,6,17,49,0,14,6,DANIEL PAYNE DRIVE,,0,33.55386944,-86.86805278,0,8,0,0,1,1,0,1,1,10,0,10,0,0000000,99,99,17,55,99,99,23,0,0,1,0
1,10500,2,2,0,0,0,3,3,21,700,19,6,2014,5,7,20,0,3,3,SR-145,,24,32.87208611,-86.62259167,0,12,6,0,1,1,0,1,1,1,0,1,0,0000000,99,99,7,26,99,99,0,0,0,1,0
1,10501,2,2,0,0,0,4,4,111,0,14,9,2014,1,12,45,0,4,4,CR-OLD HWY 431,,0,33.39317222,-85.49001389,0,12,2,0,8,1,0,1,1,1,0,1,0,0000000,88,88,88,88,88,88,0,0,0,1,0
1,10502,1,1,0,3,3,1,1,89,1730,14,9,2014,1,23,4,1,13,3,SR-2,,990,34.76169167,-86.58785556,0,8,0,0,1,1,0,2,3,1,0,1,0,0000000,99,99,23,9,99,99,0,0,0,1,1
1,10503,1,1,0,0,0,2,2,49,1230,17,9,2014,4,0,9,0,6,6,8TH ST NE,GAULT AVE N,0,34.44718333,-85.71678889,0,33,0,0,3,2,0,4,3,1,0,1,0,0000000,99,99,0,14,99,99,0,0,0,2,0
1,10504,1,1,0,0,0,1,1,31,0,14,9,2014,1,17,5,0,3,3,SR-27,,335,31.386075,-85.80856389,0,1,0,0,1,1,0,4,1,1,0,1,0,0000000,99,99,17,26,99,99,0,0,0,1,0
1,10505,2,2,0,0,0,3,3,55,400,2,9,2014,3,12,26,1,2,2,US-SR 1,MOUNTAINBORO RD,2767,34.14834444,-86.1293,0,12,6,0,2,3,0,1,1,1,0,1,0,0000000,99,99,12,29,99,99,0,0,0,1,0
1,10506,1,1,0,0,0,2,2,97,0,9,9,2014,3,21,15,0,4,4,CR-CELESTE ROAD,,0,31.00169167,-88.12989167,0,34,0,0,1,1,0,4,2,10,0,10,0,0000000,99,99,21,41,99,99,0,0,0,1,1
1,10507,1,1,0,0,0,1,1,61,0,14,9,2014,1,20,25,0,4,3,SR-123,,92,31.1905,-85.62463889,0,1,0,0,1,1,0,1,2,10,0,10,0,0000000,99,99,20,49,88,88,0,0,0,1,1
1,10508,1,1,0,0,0,1,1,97,2100,19,9,2014,6,6,38,1,13,3,SR-193,HWY 90,0,30.59686111,-88.16810556,0,43,0,0,1,1,0,4,1,10,0,10,0,0000000,99,99,6,45,88,88,0,0,0,1,1
1,10509,1,1,0,0,0,1,1,53,0,19,9,2014,6,20,5,0,4,4,CR-55,,0,31.01063333,-87.11441667,0,1,0,0,1,1,1,4,2,10,0,10,0,0000000,99,99,20,25,88,88,0,0,0,1,1
1,10510,1,1,0,0,0,1,1,129,0,20,9,2014,7,19,50,0,6,4,CR-BARLOW ROAD,,0,31.57809444,-88.30565,0,1,0,0,1,1,0,4,2,1,0,1,0,0000000,99,99,20,7,99,99,0,0,0,1,1
1,10511,1,1,0,1,1,1,1,21,700,21,9,2014,1,19,6,0,3,2,US-SR 3,,2190,32.81126667,-86.60063333,0,8,0,0,1,1,0,1,3,1,0,1,0,0000000,88,88,88,88,88,88,0,0,0,1,0
1,10512,1,1,0,0,0,1,1,49,0,19,8,2014,3,18,55,0,6,4,CR-512,,0,34.68226944,-85.59319722,0,34,0,0,1,1,0,4,1,1,0,1,0,0000000,99,99,19,17,99,99,0,0,0,1,1
1,10513,1,1,0,1,1,1,1,45,2380,23,9,2014,3,20,33,0,6,6,MIXON SCHOOL ROAD,,0,31.43360833,-85.64420833,0,8,0,0,1,1,0,1,3,1,0,1,0,0000000,99,99,20,40,99,99,0,0,0,1,0
1,10514,2,2,0,0,0,2,2,35,0,20,9,2014,7,18,40,1,1,1,I-65,,914,31.40109722,-87.02161944,0,12,1,0,1,1,0,1,1,1,0,1,0,0000000,99,99,18,49,99,99,0,0,0,1,1
1,10515,2,2,0,0,0,7,7,73,350,7,9,2014,1,17,14,1,11,1,I-59,,1230,33.51941667,-86.85795278,0,12,7,0,1,1,0,1,1,1,0,1,0,0000000,99,99,17,21,99,99,0,0,0,1,0
1,10516,1,1,0,0,0,1,1,115,2136,31,8,2014,1,22,46,0,4,6,KELLY CREEK ROAD,RICE DR,0,33.58298889,-86.46775,0,42,0,0,3,3,0,4,2,1,0,1,0,0000000,99,99,22,54,88,88,0,0,0,1,1
1,10517,1,1,0,1,1,1,1,11,0,10,9,2014,4,20,57,0,3,3,SR-223,,241,32.10884444,-85.73283056,0,8,0,0,1,1,0,1,2,1,0,1,0,0000000,99,99,21,15,88,88,19,0,0,1,0
1,10518,1,1,0,0,0,1,1,125,2260,14,9,2014,1,2,50,1,13,3,SR-69,,1503,33.26447222,-87.57211111,0,30,0,0,1,1,0,4,2,1,0,1,0,0000000,99,99,3,20,88,88,0,0,0,1,1
1,10519,1,1,0,1,1,1,1,33,0,17,9,2014,4,12,40,1,2,2,US-SR 13,,3098,34.67219444,-87.66347222,0,9,0,0,1,1,0,1,1,1,0,1,0,0000000,99,99,13,5,99,99,16,0,0,1,0
1,10520,1,1,0,0,0,1,1,31,0,18,9,2014,5,0,7,0,3,3,SR-189,,226,31.48314167,-86.11703333,0,32,0,0,1,1,0,4,2,1,0,1,0,0000000,99,99,0,20,88,88,0,0,0,1,1
1,10521,1,1,0,0,0,2,2,77,0,18,9,2014,5,23,30,0,3,3,SR-207,,84,34.92992222,-87.25243333,0,42,0,0,1,1,0,4,2,1,0,1,0,0000000,99,99,23,40,88,88,0,0,0,2,1
1,10522,2,2,0,0,0,4,4,95,400,25,9,2014,5,7,5,0,3,3,SR-168,ELIZABETH ST,103,34.19858056,-86.15928056,0,12,6,0,2,3,0,1,1,1,0,1,0,0000000,7,12,7,16,7,33,0,0,0,1,0
1,10523,2,2,0,0,0,2,2,43,9997,26,9,2014,6,6,10,0,3,3,SR-69,,2325,34.030775,-86.89813333,0,12,2,0,1,1,0,1,4,1,0,1,0,0000000,6,14,6,27,6,56,0,0,0,1,0
1,10524,1,1,0,0,0,1,1,121,0,27,9,2014,7,3,45,0,6,4,CR-LOWER SETTLEMENT ROAD,,0,33.11171667,-86.22451667,0,42,0,0,1,1,0,4,2,10,0,10,0,0000000,99,99,4,10,88,88,0,0,0,1,1
1,10525,1,1,0,0,0,1,1,55,2822,27,9,2014,7,12,5,0,6,6,THOMPSON ROAD,,0,33.89157778,-86.04103056,0,19,0,0,1,1,0,5,1,1,0,1,0,0000000,12,5,12,10,88,88,0,0,0,1,0
1,10526,2,2,0,0,0,4,4,117,0,27,9,2014,7,10,50,0,3,3,SR-25,,1096,33.06722778,-86.89066667,0,12,2,0,1,1,0,1,1,10,0,10,0,0000000,11,0,11,11,11,41,0,0,0,1,0
1,10527,2,2,0,0,0,5,5,89,1730,28,9,2014,1,9,37,0,16,6,CECIL ASHBURN DR,,0,34.66356111,-86.51871111,0,12,8,0,1,1,0,1,1,10,0,10,0,0000000,9,38,9,48,10,31,0,0,0,1,0
1,10528,2,2,0,0,0,3,3,121,2900,11,7,2014,6,16,29,1,13,3,SR-21,,0,33.15983333,-86.25089444,0,12,2,0,1,1,0,1,1,1,0,1,0,0000000,16,31,16,34,17,8,0,0,0,1,0
1,10529,1,1,0,0,0,1,1,45,0,27,9,2014,7,4,45,0,6,4,CR-109,,0,31.28941944,-85.74962222,0,42,0,0,1,1,0,4,2,10,0,10,0,0000000,6,0,6,13,88,88,0,0,0,1,1
1,10530,1,1,0,0,0,1,1,125,0,28,9,2014,1,0,30,0,15,4,CR-BEAR CREEK RD,,0,33.13988611,-87.53392222,0,38,0,0,1,1,0,4,2,1,0,1,0,0000000,0,33,0,40,88,88,0,0,0,1,1
1,10531,1,1,0,0,0,1,1,43,0,28,9,2014,1,4,22,0,3,3,SR-69,,2504,34.21622222,-86.75925,0,52,0,0,1,1,0,4,2,1,0,1,0,0000000,99,99,4,39,88,88,0,0,0,1,1
1,10532,1,1,0,0,0,2,2,117,0,29,9,2014,2,7,45,0,3,3,SR-25,,1268,33.15717222,-86.64220556,0,18,0,0,1,1,0,4,1,10,0,10,0,0000000,99,99,8,6,88,88,0,0,0,2,0
1,10533,1,1,0,0,0,1,1,73,350,20,9,2014,7,14,10,1,11,1,I-59,,1330,33.56906667,-86.72115556,0,1,0,0,1,1,0,3,1,1,0,1,0,0000000,14,14,14,20,14,45,0,0,0,1,0
1,10534,1,1,0,1,1,1,1,97,2100,24,9,2014,4,23,32,1,11,1,I-65,SPRINGHILL AVE,55,30.70114167,-88.12375556,0,8,0,1,18,1,0,1,3,1,0,1,0,0000000,99,99,23,38,88,88,0,0,0,1,0
1,10535,1,1,0,0,0,2,2,73,350,28,9,2014,1,12,5,0,15,6,23RD ST SW,,0,33.48333889,-86.87366667,0,30,0,0,1,1,0,4,1,1,0,1,0,0000000,99,99,12,13,99,99,0,0,0,1,0
1,10536,2,2,0,0,0,2,2,21,0,11,9,2014,5,12,35,0,3,2,US-SR 3,,2160,32.78838333,-86.561375,0,12,2,0,1,1,0,1,1,10,0,10,0,0000000,99,99,12,51,88,88,0,0,0,1,0
1,10537,1,1,0,0,0,1,1,25,0,18,9,2014,5,21,45,0,4,4,CR-3,,0,31.658475,-87.91748611,0,1,0,0,1,1,0,1,2,10,0,10,0,0000000,99,99,22,5,99,99,0,0,0,1,1
1,10538,1,1,0,0,0,4,4,97,0,27,9,2014,7,23,5,0,4,4,CR-96,,0,31.12470833,-88.10174167,0,42,0,0,1,1,0,4,2,1,0,1,0,0000000,99,99,23,23,99,99,0,0,0,2,0
1,10539,1,1,0,0,0,2,2,109,0,28,9,2014,1,16,10,0,3,4,CR-2214,,0,31.79516667,-86.07176944,0,42,0,0,1,1,0,4,1,10,0,10,0,0000000,16,19,16,46,17,23,0,0,0,1,1
1,10540,1,1,0,0,0,1,1,77,0,29,9,2014,2,16,20,0,5,4,CR-15,,0,34.83534444,-87.79880556,0,1,0,0,1,1,0,1,1,1,0,1,0,0000000,16,20,16,40,16,52,0,0,0,1,0
1,10541,1,1,0,0,0,1,1,101,0,4,10,2014,7,20,15,1,2,2,US-SR 8,,1224,32.29285833,-86.45578056,0,24,0,0,1,1,0,4,2,1,0,1,0,0000000,99,99,20,36,88,88,0,0,0,1,1
1,10542,1,1,0,0,0,1,1,125,0,6,10,2014,2,13,0,1,11,1,I-59,,735,33.17311389,-87.51699444,0,24,0,0,1,1,0,3,1,1,0,1,0,0000000,88,88,88,88,88,88,0,0,0,1,0
1,10543,1,1,0,0,0,1,1,83,0,7,10,2014,3,9,0,1,1,1,I-65,,3644,34.97026389,-86.88468611,0,24,0,0,1,1,0,4,1,2,0,2,0,0000000,9,1,9,15,9,48,0,0,0,1,0
1,10544,2,1,1,0,1,1,2,125,0,3,10,2014,6,11,58,1,11,1,I-59,,737,33.17421944,-87.51296389,0,14,0,0,1,1,0,4,1,1,0,1,0,0000000,12,0,12,7,88,88,0,0,0,1,0
1,10545,1,1,0,0,0,4,4,51,0,9,10,2014,5,1,55,0,4,4,CR-CAESARVILLE ROAD,,0,32.59193056,-86.30608889,0,42,0,0,1,1,0,4,2,1,0,1,0,0000000,2,1,2,14,3,0,0,0,0,1,1
1,10546,1,1,0,0,0,1,1,71,0,6,10,2014,2,8,55,0,4,3,SR-71,,263,34.82293889,-85.65965,0,32,0,0,1,1,0,4,1,10,0,10,0,0000000,8,55,9,0,10,13,0,0,0,1,0
1,10547,1,1,0,0,0,1,1,53,0,3,10,2014,6,15,55,0,4,4,CR-ROBINSONVILLE ROAD,,0,31.07755833,-87.41221389,0,43,0,0,1,1,0,4,1,1,0,1,0,0000000,16,3,16,12,88,88,0,0,0,1,0
1,10548,1,1,0,0,0,1,1,113,0,28,9,2014,1,18,33,0,6,4,CR-PERRY WELLS RD,,0,32.12903611,-85.17914167,0,34,0,0,1,1,0,4,2,10,0,10,0,0000000,88,88,88,88,88,88,0,0,0,1,0
1,10549,2,2,0,0,0,2,2,55,1280,26,9,2014,6,15,59,1,13,2,US-SR 1,LITCHFIELD AVE,0,34.00748889,-85.97931944,0,12,6,0,2,2,0,1,1,1,0,1,0,0000000,16,0,16,5,88,88,0,0,0,1,0
1,10550,1,1,0,0,0,3,3,47,0,19,9,2014,6,18,0,0,5,4,CR-29,,0,32.35906111,-87.2552,0,11,0,0,1,1,0,1,1,1,0,1,0,0000000,18,27,18,56,99,99,0,0,0,1,0
1,10551,1,1,0,1,1,1,1,95,50,30,7,2014,4,23,7,1,2,6,BALTIMORE AVE,TEXTILE AVE,0,34.25149722,-86.18995556,0,8,0,0,8,1,0,1,3,1,0,1,0,0000000,23,32,23,58,0,47,0,0,0,1,0
1,10552,2,2,0,0,0,2,2,3,1210,24,9,2014,4,10,13,0,3,4,CR-FOLEY BEACH EXPRESS,US 98,0,30.40680556,-87.64756944,0,12,6,0,2,2,0,1,1,1,0,1,0,0000000,99,99,10,17,99,99,0,0,0,1,0
1,10553,1,1,0,0,0,1,1,95,0,1,10,2014,4,15,50,0,4,4,CR-RUTH MOUNTAIN ROAD,RUTH ROAD,0,34.36676667,-86.57775278,0,1,0,0,3,3,0,1,1,1,0,1,0,0000000,99,99,15,59,99,99,0,0,0,1,0
1,10554,2,2,0,0,0,2,2,7,460,7,10,2014,3,7,7,0,4,6,UNIVERSITY WAY,STEELE ST,0,32.94640278,-87.16023333,0,12,6,0,2,3,0,1,1,1,0,1,1,0000000,99,99,7,12,88,88,0,0,0,1,0
1,10555,1,1,0,0,0,2,2,121,1870,5,10,2014,1,17,3,0,4,4,CR-HONDA DR,,0,33.60033611,-86.16178889,0,24,0,0,1,1,0,4,1,1,0,1,0,0000000,17,3,17,5,88,88,0,0,0,1,1
1,10556,1,1,0,0,0,3,3,125,0,11,10,2014,7,22,30,1,1,1,I-59,,659,33.09341667,-87.67228056,0,42,0,0,1,1,0,3,2,1,0,1,0,0000000,99,99,23,15,99,99,0,0,0,1,1
1,10557,1,1,0,1,1,1,1,125,3050,2,10,2014,5,3,30,1,1,1,I-59,,630,33.09436944,-87.67215833,0,8,0,0,1,1,0,1,2,1,0,1,0,0000000,99,99,7,23,88,88,0,0,0,1,0
1,10558,1,1,0,1,1,2,2,117,2120,22,8,2014,6,20,10,0,4,4,CR-15,,0,33.14754722,-86.85709167,0,8,0,0,1,1,0,1,2,1,0,1,0,0000000,99,99,20,19,99,99,0,0,0,1,0
1,10559,1,1,0,0,0,1,1,11,0,17,9,2014,4,3,15,0,3,3,SR-110,,143,32.27073333,-85.98358611,0,59,0,0,1,1,0,4,2,5,0,5,0,0000000,99,99,3,46,88,88,0,0,0,1,1
1,10560,1,1,0,0,0,2,2,71,0,14,10,2014,3,5,15,0,4,3,SR-73,,94,34.97334444,-85.62593056,0,34,0,0,1,1,0,4,2,2,0,2,0,0000000,7,25,7,50,8,37,0,0,0,1,0
1,10561,1,1,0,0,0,1,1,49,0,16,10,2014,5,10,40,0,14,3,SR-117,CR-644,131,34.60939444,-85.65358056,0,17,0,0,3,2,0,4,1,10,0,10,0,0000000,99,99,10,50,88,88,0,0,0,1,0
1,10562,1,1,0,1,1,1,1,63,0,10,10,2014,6,20,5,0,4,3,SR-39,,142,32.84967778,-88.11603611,0,8,0,0,1,1,0,1,2,1,0,1,0,0000000,20,10,20,28,20,52,0,0,0,1,0
1,10563,1,1,0,1,1,2,2,69,0,6,10,2014,2,7,5,0,4,4,CR-LUCY GRADE RD,,0,31.15585,-85.31475278,0,8,0,0,1,1,0,1,1,1,0,1,0,0000000,99,99,7,19,99,99,0,0,0,1,0
1,10564,2,2,0,0,0,4,4,39,0,6,10,2014,2,10,33,1,2,2,US-SR 12,CANTALINE BRIDGE ROAD,1418,31.27485833,-86.35966944,0,12,6,0,2,3,0,1,1,1,0,1,0,0000000,10,44,10,55,11,25,0,0,0,2,0
1,10565,2,2,0,0,0,3,3,39,225,5,10,2014,1,10,30,1,2,2,US-SR 299,BETHEL RD,1440,31.27408611,-86.3313,0,12,6,0,2,3,0,1,1,1,0,1,0,0000000,99,99,10,45,99,99,0,0,0,1,0
1,10566,1,1,0,0,0,1,1,97,0,28,9,2014,1,15,15,0,4,4,CR-CELESTE RD,,0,30.93200833,-88.12465556,0,32,0,0,1,1,0,4,1,10,0,10,0,0000000,99,99,15,28,88,88,0,0,0,1,0
1,10567,1,1,0,0,0,1,1,51,970,8,10,2014,4,2,10,0,4,4,CR-EAST COTTON ROAD,,0,32.67976111,-86.01495556,0,42,0,0,1,1,0,4,2,1,0,1,0,0000000,3,37,3,58,88,88,0,0,0,1,0
1,10568,2,2,0,0,0,2,2,95,0,19,9,2014,6,15,55,1,2,2,US-SR 1,BARNARD RD,3124,34.49503333,-86.38743611,0,12,6,0,8,1,0,1,1,1,0,1,0,0000000,15,58,15,58,16,43,0,0,0,1,0
1,10569,1,1,0,0,0,1,1,25,0,20,10,2014,2,20,25,1,2,2,US-SR 13,,803,31.76177222,-87.76362778,0,59,0,0,1,1,0,4,2,1,0,1,0,0000000,99,99,21,40,99,99,0,0,0,1,1
1,10570,3,3,0,0,0,4,4,81,200,6,10,2014,2,15,48,1,11,1,I-85,,510,32.55854167,-85.50660556,0,12,1,0,1,1,1,1,1,1,0,1,0,0000000,16,50,16,59,17,20,19,0,0,1,0
1,10571,1,1,0,1,1,1,1,77,0,24,9,2014,4,8,0,0,3,3,SR-20,,30,34.97611667,-87.89455556,0,8,0,0,1,1,0,1,1,1,0,1,0,0000000,99,99,8,30,88,88,0,0,0,1,0
1,10572,1,1,0,1,1,2,2,97,0,4,10,2014,7,4,18,0,3,3,SR-217,,114,30.84249167,-88.27500278,0,8,0,0,1,1,0,1,2,1,0,1,0,0000000,99,99,4,39,88,88,0,0,0,1,0
1,10573,1,1,0,0,0,1,1,79,0,4,10,2014,7,13,40,0,4,3,SR-33,,322,34.56921389,-87.27132222,0,38,0,0,1,1,0,4,1,1,0,1,0,0000000,99,99,14,5,88,88,0,0,0,1,0
1,10574,2,2,0,0,0,4,4,53,0,4,10,2014,7,18,53,1,2,2,US-SR 3,CR-7,760,31.19553056,-87.05555,0,12,2,0,2,3,0,1,2,10,0,10,0,0000000,99,99,19,31,99,99,0,0,0,1,1
1,10575,2,2,0,0,0,3,3,41,1950,11,10,2014,7,21,16,1,2,2,US-SR 9,,530,31.71165833,-86.263725,0,11,0,0,1,1,0,1,3,1,0,1,0,0000000,21,17,21,20,21,32,0,0,0,1,0
1,10576,2,2,0,0,0,2,2,109,0,14,10,2014,3,10,45,0,3,3,SR-10,,1840,31.72734444,-85.76108333,0,12,6,0,1,1,0,1,1,10,0,10,0,0000000,99,99,10,57,88,88,0,0,0,1,0
1,10577,1,1,0,0,0,1,1,119,0,18,10,2014,7,18,20,0,3,3,SR-17,,1310,32.39073611,-88.20085278,0,34,0,0,1,1,0,4,5,1,0,1,0,0000000,99,99,18,40,88,88,0,0,0,1,1
1,10578,1,1,0,0,0,2,2,117,0,19,10,2014,1,5,30,0,3,4,CR-DUNNAVANT VALLEY ROAD,,0,33.41039167,-86.63067222,0,30,0,0,1,1,0,4,2,1,0,1,0,0000000,5,31,5,39,6,24,0,0,0,1,1
1,10579,2,2,0,0,0,2,2,89,1730,22,10,2014,4,19,12,0,15,6,MASTIN LAKE RD,,0,34.77151111,-86.64742778,0,12,1,0,1,1,0,1,3,1,0,1,0,0000000,19,12,19,17,19,37,0,0,0,1,0
1,10580,1,1,0,1,1,2,2,101,2130,19,10,2014,1,11,48,1,13,6,BIRMINGHAM HWY,,0,32.36526111,-86.37093889,0,8,0,0,1,1,0,1,1,1,0,1,0,0000000,12,31,12,39,88,88,0,0,0,1,1
1,10581,1,1,0,0,0,1,1,73,0,8,10,2014,4,4,0,0,4,4,CR-ZUBER ROAD,,0,33.74828056,-86.55550833,0,42,0,0,1,1,0,4,2,1,0,1,0,0000000,99,99,4,55,88,88,0,0,0,1,0
1,10582,3,3,0,0,0,6,6,39,0,27,10,2014,2,18,30,0,4,4,CR-67,,0,31.41196667,-86.37629167,0,12,1,0,1,1,0,1,2,10,0,10,0,0000000,99,99,18,45,88,88,14,0,0,2,0