STATE,ST_CASE,VE_TOTAL,VE_FORMS,PVH_INVL,PEDS,PERNOTMVIT,PERMVIT,PERSONS,COUNTY,CITY,DAY,MONTH,YEAR,DAY_WEEK,HOUR,MINUTE,NHS,ROAD_FNC,ROUTE,TWAY_ID,TWAY_ID2,MILEPT,LATITUDE,LONGITUD,SP_JUR,HARM_EV,MAN_COLL,RELJCT1,RELJCT2,TYP_INT,WRK_ZONE,REL_ROAD,LGT_COND,WEATHER1,WEATHER2,WEATHER,SCH_BUS,RAIL,NOT_HOUR,NOT_MIN,ARR_HOUR,ARR_MIN,HOSP_HR,HOSP_MN,CF1,CF2,CF3,FATALS,DRUNK_DR
1,10700,4,4,0,0,0,8,8,97,2100,18,12,2014,5,20,50,1,11,1,I-65,,26,30.65659722,-88.12464444,0,12,1,0,1,1,0,1,3,10,0,10,0,0000000,99,99,20,53,99,99,14,0,0,1,0
1,10701,1,1,0,1,1,1,1,103,890,4,12,2014,5,0,6,0,16,6,BEECH ST,,0,34.59429444,-86.96498056,0,8,0,0,1,1,0,1,3,10,0,10,0,0000000,99,99,0,9,99,99,0,0,0,1,0
1,10702,1,1,0,0,0,4,4,77,0,8,12,2014,2,22,5,0,5,4,CR-76,CR-92,0,34.88475,-87.41489167,0,42,0,0,3,3,0,4,2,1,0,1,0,0000000,99,99,22,17,99,99,0,0,0,1,0
1,10703,2,2,0,0,0,3,3,3,0,9,12,2014,3,17,20,1,2,2,US-SR 3,,170,30.82909167,-87.77528333,0,12,1,0,8,1,0,1,2,1,0,1,0,0000000,99,99,17,31,99,99,0,0,0,1,0
1,10704,2,2,0,0,0,3,3,25,1760,12,12,2014,6,21,19,1,2,3,SR-13,MCVAY RD,665,31.59379722,-87.87155,0,12,2,0,1,1,0,1,3,1,0,1,0,0000000,99,99,21,27,99,99,0,0,0,1,1
1,10705,2,2,0,0,0,3,3,51,0,16,12,2014,3,15,0,0,4,4,CR-LIGHTWOOD ROAD,,0,32.68600833,-86.36492222,0,12,2,0,1,1,0,1,1,1,0,1,0,0000000,99,99,15,10,99,99,0,0,0,1,0
1,10706,1,1,0,1,1,1,1,97,0,16,12,2014,3,19,30,1,13,2,US-SR 42,,123,30.77826667,-88.25181944,0,8,0,0,1,1,0,1,2,1,0,1,0,0000000,88,88,88,88,88,88,0,0,0,1,0
1,10707,2,2,0,0,0,2,2,97,250,16,12,2014,3,17,26,0,14,3,SR-188,GRAND GARDENS DR,64,30.44802222,-88.27609722,0,12,1,0,3,3,0,1,2,1,0,1,0,0000000,99,99,17,38,99,99,0,0,0,1,0
1,10708,2,2,0,0,0,3,3,43,0,19,12,2014,6,12,52,1,13,2,US-SR 74,HWY 157,792,34.18363889,-86.78502778,0,12,6,0,2,2,0,1,1,1,0,1,0,0000000,99,99,12,55,99,99,0,0,0,1,0
1,10709,2,2,0,0,0,2,2,121,0,19,12,2014,6,21,40,0,4,3,SR-235,,44,33.34230556,-86.35795278,0,12,6,0,1,1,0,1,2,2,0,2,0,0000000,99,99,21,50,99,99,0,0,0,1,0
1,10710,1,1,0,1,1,1,1,97,2550,19,12,2014,6,23,20,0,14,6,BEAR FORK RD,,0,30.74891667,-88.13258333,0,8,0,0,1,1,0,1,2,2,0,2,0,0000000,99,99,23,24,99,99,0,0,0,1,0
1,10711,1,1,0,1,1,1,1,91,0,20,12,2014,7,2,15,0,4,4,CR-30,,0,32.12491389,-87.72266944,0,8,0,0,1,1,0,1,2,2,0,2,0,0000000,99,99,3,27,88,88,0,0,0,1,0
1,10712,1,1,0,0,0,1,1,97,2713,20,12,2014,7,11,0,0,16,6,LAFITTE RD,,0,30.83353056,-88.12369444,0,59,0,0,1,1,0,4,1,2,0,2,0,0000000,99,99,11,8,99,99,0,0,0,1,0
1,10713,1,1,0,1,1,1,1,117,0,21,12,2014,1,21,20,1,13,2,US-SR 38,,70,33.42132222,-86.69736944,0,8,0,0,1,1,0,1,2,10,0,10,0,0000000,99,99,21,30,88,88,0,0,0,1,0
1,10714,1,1,0,1,1,1,1,73,350,18,12,2014,5,5,30,0,15,6,10TH AVE S,10TH PLACE S,0,33.49486111,-86.81210278,0,8,0,0,3,3,0,1,3,1,0,1,0,0000000,99,99,5,37,99,99,0,0,0,1,0
1,10715,2,2,0,0,0,2,2,125,3050,23,12,2014,3,17,50,1,13,2,US-SR 7,I-59,0,33.176225,-87.408475,0,12,8,0,1,1,0,1,2,2,0,2,0,0000000,99,99,17,58,99,99,0,0,0,1,0
1,10716,1,1,0,0,0,2,2,111,0,27,12,2014,7,17,25,0,5,4,CR-92,,0,33.45818611,-85.38662222,0,42,0,0,1,1,0,4,2,2,0,2,0,0000000,99,99,17,50,99,99,0,0,0,1,0
1,10717,1,1,0,1,1,1,1,73,350,8,12,2014,2,19,48,0,14,6,OXMOOR RD,,0,33.45738333,-86.83663056,0,8,0,0,1,1,0,1,3,1,0,1,0,0000000,99,99,19,58,88,88,0,0,0,1,0
1,10718,3,3,0,0,0,5,5,113,0,18,12,2014,5,16,40,1,13,2,US-SR 8,,2117,32.46799444,-85.074675,0,12,6,0,1,1,0,1,1,1,0,1,0,0000000,99,99,16,51,99,99,0,0,0,2,0
1,10719,2,2,0,0,0,7,7,97,0,17,12,2014,4,2,40,1,11,1,I-10,,35,30.49323889,-88.35055833,0,12,7,0,1,1,0,1,2,1,0,1,0,0000000,99,99,2,59,99,99,0,0,0,1,0
1,10720,1,1,0,0,0,2,2,69,930,4,12,2014,5,1,38,1,13,2,US-SR 52,,0,31.20268889,-85.4311,0,33,0,0,1,1,0,4,3,1,0,1,0,0000000,99,99,1,55,99,99,0,0,0,1,0
1,10721,2,2,0,0,0,4,4,101,0,16,12,2014,3,8,5,0,14,2,US-SR 3,FISCHER RD,1737,32.26253611,-86.35305833,0,12,1,0,2,3,0,1,1,1,0,1,0,0000000,99,99,8,16,99,99,0,0,0,1,0
1,10722,1,1,0,1,1,1,1,91,0,16,12,2014,3,0,5,1,2,3,SR-13,,1040,32.088,-87.78105,0,8,0,0,1,1,0,1,2,10,0,10,0,0000000,88,88,88,88,88,88,0,0,0,1,0
1,10723,1,1,0,0,0,3,3,115,0,18,12,2014,5,23,0,0,6,4,CR-OAK VALLEY ROAD,,0,33.83924167,-86.36727222,0,5,0,0,1,1,0,1,2,1,0,1,0,0000000,88,88,88,88,88,88,0,0,0,1,1
1,10724,1,1,0,0,0,1,1,37,0,21,12,2014,1,8,10,1,2,2,US-SR 21,,1943,32.96319167,-86.20663056,0,42,0,0,1,1,0,5,1,10,0,10,0,0000000,88,88,88,88,88,88,0,0,0,1,0
1,10725,5,5,0,1,1,5,5,73,350,29,11,2014,7,19,10,1,13,6,CENTER POINT PARKWAY,,0,33.61939444,-86.68489444,0,8,0,0,1,1,0,1,2,1,0,1,0,0000000,99,99,19,17,88,88,0,0,0,1,0
1,10726,1,1,0,0,0,1,1,35,0,24,12,2014,4,17,10,0,4,4,CR-5,,0,31.49678889,-87.18295278,0,35,0,0,1,1,0,4,2,10,0,10,0,0000000,99,99,17,45,88,88,0,0,0,1,1
1,10727,1,1,0,0,0,2,2,69,930,26,12,2014,6,2,57,0,14,6,FORTNER ST,,0,31.20994722,-85.446525,0,33,0,0,1,1,0,4,2,1,0,1,0,0000000,99,99,3,13,99,99,0,0,0,1,1
1,10728,1,1,0,0,0,1,1,69,0,27,12,2014,7,3,30,0,3,3,SR-109,,16,31.01550833,-85.46985833,0,38,0,0,1,1,0,5,6,1,0,1,0,0000000,99,99,10,30,88,88,0,0,0,1,0
1,10729,1,1,0,0,0,1,1,91,0,29,12,2014,2,10,40,0,3,3,SR-69,,658,32.24871389,-87.92379167,0,42,0,0,1,1,0,4,1,1,0,1,0,0000000,99,99,10,53,88,88,0,0,0,1,0
1,10730,1,1,0,0,0,1,1,83,0,29,12,2014,2,17,30,0,6,4,CR-LESTER ROAD,,0,34.99708056,-87.15726944,0,42,0,0,1,1,0,4,2,1,0,1,0,0000000,88,88,88,88,88,88,0,0,0,1,1
1,10731,1,1,0,0,0,1,1,73,1315,5,12,2014,6,14,30,0,16,6,MCCORMICK DR,,3811,33.649075,-86.768075,0,10,0,0,6,1,0,1,1,10,0,10,0,352245M,99,99,14,37,88,88,0,0,0,1,1
1,10732,1,1,0,1,1,1,1,81,2340,22,11,2014,7,14,24,0,16,6,PARKING LOT OF CHESTER AVE,,0,32.65779444,-85.36658333,0,15,0,0,1,1,0,7,1,10,0,10,0,0000000,99,99,14,36,99,99,0,0,0,1,0
1,10733,2,2,0,0,0,4,4,37,0,31,12,2014,4,0,30,1,2,2,US-SR 21,,2013,33.05516667,-86.23966111,0,12,2,0,1,1,0,1,2,1,0,1,0,0000000,99,99,0,53,99,99,0,0,0,3,0
1,10734,2,2,0,0,0,2,2,69,221,30,12,2014,3,5,30,1,2,2,US-SR 12,SAGE RD,2177,31.18753889,-85.27573056,0,12,1,0,3,3,0,1,4,5,0,5,0,0000000,99,99,5,35,99,99,0,0,0,1,0
1,10735,2,2,0,0,0,5,5,87,0,30,12,2014,3,4,50,1,1,1,I-85,,229,32.41274444,-85.94977222,0,12,1,0,1,1,0,1,2,1,0,1,0,0000000,99,99,5,3,99,99,0,0,0,1,0
1,10736,1,1,0,0,0,1,1,73,350,9,1,2014,5,3,46,1,13,6,3RD AVE N,6TH PLACE N,0,33.50718333,-86.82605556,0,30,0,0,3,2,0,4,3,1,0,1,0,0000000,99,99,3,55,99,99,0,0,0,1,0
1,10738,1,1,0,0,0,1,1,47,0,19,7,2014,7,15,45,0,3,2,US-SR 8,,880,32.372125,-87.007225,0,59,0,0,1,1,0,4,1,10,0,10,0,0000000,99,99,99,99,99,99,0,0,0,1,1
1,10739,1,1,0,0,0,1,1,111,0,26,9,2014,6,21,0,0,3,4,CR-91,,0,33.16941944,-85.29740278,0,1,0,0,1,1,0,1,2,1,0,1,0,0000000,99,99,21,10,99,99,0,0,0,1,1
1,10740,1,1,0,1,1,1,1,51,0,5,11,2014,4,6,48,0,4,4,CR-DEATSVILLE HWY,,0,32.57161389,-86.40417222,0,8,0,0,8,1,0,1,1,1,0,1,1,0000000,99,99,7,0,99,99,0,0,0,1,0
1,10741,1,1,0,0,0,1,1,73,0,20,12,2014,7,4,52,0,6,4,CR-JOHNS ROAD,,0,33.37404444,-87.08894444,0,42,0,0,1,1,0,4,2,10,0,10,0,0000000,99,99,5,17,88,88,0,0,0,1,0
1,10742,1,1,0,0,0,1,1,73,0,11,12,2014,5,10,0,0,5,4,CR-GROUNDHOG ROAD,,0,33.39975278,-87.18943056,0,1,0,0,1,1,0,4,1,1,0,1,0,0000000,99,99,10,45,88,88,0,0,0,1,0
1,10743,1,1,0,0,0,1,1,73,0,27,12,2014,7,0,52,0,5,4,CR-BRADFORD RD,,0,33.73275556,-86.72770833,0,34,0,0,1,1,0,4,2,1,0,1,0,0000000,99,99,0,20,88,88,0,0,0,1,0
1,10744,1,1,0,0,0,1,1,73,350,4,5,2014,1,19,30,1,11,1,I-59,,1220,33.52105833,-86.85085833,0,34,0,0,1,1,0,3,3,1,0,1,0,0000000,99,99,19,35,99,99,0,0,0,1,0
1,10745,1,1,0,0,0,1,1,131,2480,12,4,2014,7,3,45,0,3,3,SR-10,,1000,31.86552222,-86.99002222,0,42,0,0,1,1,0,4,2,1,0,1,0,0000000,99,99,99,99,99,99,0,0,0,1,1
1,10746,2,2,0,0,0,2,2,73,350,9,5,2014,6,1,30,0,14,6,EAST LAKE BLVD,,0,33.57855833,-86.75550278,0,12,2,0,1,1,0,1,2,1,0,1,0,0000000,99,99,1,48,99,99,0,0,0,1,1
1,10747,2,2,0,0,0,4,4,73,0,3,1,2014,6,21,38,1,2,4,CR-BANKHEAD HWY,S MAIN ST,0,33.60744444,-86.95827778,0,12,1,0,2,2,0,1,3,1,0,1,0,0000000,99,99,21,32,88,88,0,0,0,1,0
1,10748,1,1,0,1,1,2,2,73,0,9,2,2014,1,18,9,0,15,4,CR-CHALKVILLE RD,,0,33.65025,-86.63553889,0,8,0,0,1,1,0,1,2,1,0,1,0,0000000,99,99,99,99,88,88,0,0,0,1,0
1,10749,1,1,0,0,0,1,1,73,0,2,1,2014,5,2,20,0,15,4,CR-NEW MULGA LOOP RD,,0,33.53234444,-86.97118333,0,42,0,0,1,1,0,4,2,1,0,1,0,0000000,99,99,2,46,88,88,0,0,0,1,0
1,10750,1,1,0,0,0,1,1,119,1920,28,11,2014,6,1,8,1,1,1,I-59,,175,32.62200278,-88.21068056,0,1,0,0,1,1,0,5,3,1,0,1,0,0000000,99,99,1,20,99,99,0,0,0,1,1
1,10751,1,1,0,0,0,2,2,73,2960,28,2,2014,6,12,0,0,16,6,SPRING ST,,0,33.50823333,-86.75418611,0,42,0,0,1,1,0,4,1,1,0,1,0,0000000,99,99,99,99,99,99,0,0,0,1,0
1,10752,1,1,0,1,1,1,1,39,90,17,9,2014,4,20,57,0,16,6,ANTIOCH RD,,0,31.326025,-86.45545556,0,9,0,0,1,1,0,1,3,1,0,1,0,0000000,20,55,21,1,21,20,0,0,0,1,0
1,10753,1,1,0,0,0,1,1,53,470,26,11,2014,4,99,99,1,13,2,US-SR 3,,675,31.088275,-87.09668333,0,42,0,0,1,1,0,4,9,99,0,99,0,0000000,88,88,88,88,88,88,0,0,0,1,1
2,20001,1,1,0,1,1,1,1,20,130,2,1,2014,5,14,45,1,13,6,NORTHERN LIGHTS BOULEVARD,MINNESOTA DRIVE,64,61.19524167,-149.9129083,0,8,0,0,1,1,0,1,1,10,0,10,0,0000000,14,45,14,50,15,0,0,0,0,1,0
2,20002,2,2,0,0,0,7,7,20,130,2,1,2014,5,18,9,0,14,6,OMALLEY ROAD,,14,61.12307222,-149.8235778,0,12,6,0,1,1,0,1,2,1,0,1,0,0000000,18,11,18,20,18,42,0,0,0,1,0
2,20003,2,2,0,0,0,7,7,122,0,4,1,2014,7,11,0,1,2,3,SR-1 STERLING HIGHWAY,,1149,59.80081389,-151.8409611,0,12,2,0,1,1,0,1,1,4,11,4,0,0000000,11,5,11,17,11,42,0,0,0,1,0
2,20004,2,2,0,0,0,2,2,20,130,4,1,2014,7,12,40,0,14,6,RABBIT CREEK ROAD,,9,61.0815,-149.7983972,0,12,8,0,1,1,0,1,1,4,0,4,0,0000000,12,40,12,46,13,10,0,0,0,1,0
2,20005,1,1,0,0,0,1,1,122,980,22,1,2014,4,10,21,0,4,5,EAST END ROAD,,95,59.71786111,-151.3015194,0,1,0,0,1,1,0,1,1,2,0,2,0,0000000,10,21,10,33,11,17,0,0,0,1,0
2,20006,2,2,0,0,0,5,5,170,0,23,1,2014,5,20,18,0,6,5,TRUNK ROAD,,28,61.62528889,-149.21485,0,12,2,0,1,1,0,1,2,1,0,1,0,0000000,20,29,20,52,21,20,0,0,0,1,0
2,20007,1,1,0,0,0,3,3,20,130,20,2,2014,5,3,23,0,15,6,COMMODORE DRIVE,O'MALLEY ROAD,0,61.12306389,-149.8508972,0,1,0,0,3,3,0,4,2,4,10,4,0,0000000,3,29,3,35,3,53,0,0,0,1,1
2,20008,2,2,0,0,0,4,4,110,1130,26,3,2014,4,16,37,0,15,6,YANDUKIN,OLD DAIRY,3,58.358475,-134.5661417,0,12,6,0,2,2,0,1,1,1,0,1,0,0000000,16,38,16,44,16,58,0,0,0,1,0
2,20009,2,2,0,1,1,3,3,90,770,1,1,2014,4,0,28,0,14,6,OLD STEESE HIGHWAY,,7,64.85131111,-147.6929194,0,8,0,0,1,1,0,1,3,1,0,1,0,0000000,99,99,99,99,99,99,0,0,0,1,0
2,20010,1,1,0,0,0,1,1,20,130,11,3,2014,3,7,9,0,6,6,PRUDHOE BAY,KOGRU,103,61.25458056,-149.3144389,0,1,0,0,1,1,0,4,2,10,12,12,0,0000000,7,9,7,29,88,88,0,0,0,1,0
2,20011,1,1,0,0,0,1,1,90,770,25,1,2014,7,22,59,1,11,3,SR-2,,3633,64.82088056,-147.6798778,0,35,0,0,1,1,0,4,3,1,0,1,0,0000000,99,99,23,22,88,88,0,0,0,1,1
2,20012,1,1,0,1,1,1,1,188,1270,29,4,2014,3,12,0,0,5,5,CASONOFF ST,,99999,66.97095556,-160.4344917,5,8,0,0,8,1,0,1,1,10,0,10,0,0000000,12,99,12,99,12,99,6,7,0,1,0
2,20013,2,2,0,0,0,2,2,20,130,18,3,2014,3,19,19,1,11,3,SR-1 SEWARD HWY,,1164,61.07165833,-149.8264861,0,12,2,0,1,1,0,1,1,1,0,1,0,0000000,88,88,88,88,88,88,0,0,0,1,1
2,20014,2,2,0,0,0,2,2,170,2790,5,4,2014,7,22,6,0,14,5,BOGARD RD,NORTH CARIBOU ST,25,61.61384167,-149.3148611,0,12,2,0,2,3,0,1,3,10,0,10,0,0000000,22,5,22,16,22,52,0,0,0,1,1
2,20015,1,1,0,0,0,1,1,261,490,27,3,2014,5,13,0,0,4,5,OLD RICHARDSON HIGHWAY,,46,62.01078056,-145.3464861,0,1,0,0,1,1,0,4,1,1,0,1,0,0000000,13,0,13,30,88,88,0,0,0,1,1
2,20016,2,2,0,0,0,2,2,20,130,29,4,2014,3,18,1,1,13,6,C STREET,EIGHTH AVENUE,13,61.21461111,-149.887375,0,12,6,0,2,2,0,1,1,1,0,1,0,0000000,18,2,18,6,18,18,0,0,0,1,1
2,20017,6,6,0,0,0,6,6,170,2000,3,5,2014,7,19,49,1,1,3,SR-1 GLENN HIGHWAY,,357,61.55146389,-149.2132306,0,12,1,0,8,1,0,1,1,1,0,1,0,0000000,99,99,20,20,20,36,0,0,0,3,1
2,20018,1,1,0,1,1,1,1,20,130,4,5,2014,1,23,12,0,13,6,TUDOR ROAD,,36,61.18076111,-149.8133667,0,8,0,0,1,1,0,1,3,10,0,10,0,0000000,23,13,23,15,23,30,0,0,0,1,0
2,20019,1,1,0,0,0,1,1,170,2000,20,5,2014,3,6,8,1,11,3,SR-3 PARKS HIGHWAY,,26,61.56341389,-149.2998361,0,1,0,0,1,1,0,4,1,1,0,1,0,0000000,88,88,88,88,88,88,0,0,0,1,0
2,20020,1,1,0,1,1,1,1,20,130,9,5,2014,6,18,16,0,16,6,GARNET ST,TURQUOISE ST,99999,61.140175,-149.8949972,0,9,0,0,2,3,0,1,1,1,0,1,0,0000000,18,17,18,22,18,36,0,0,0,1,0
2,20021,2,2,0,0,0,2,2,20,130,15,5,2014,5,8,9,0,14,6,DOWLING RD.,PETERSBURG ST.,12,61.16643333,-149.845925,0,12,6,0,2,3,0,1,1,1,0,1,0,0000000,8,9,8,14,8,23,0,0,0,1,0
2,20022,1,1,0,0,0,4,4,20,434,18,6,2014,4,11,27,1,11,3,SR-1 GLENN HWY,,253,61.46520556,-149.3202889,0,34,0,0,1,1,0,3,1,1,0,1,0,0000000,11,29,11,41,12,50,0,0,0,1,0
2,20023,1,1,0,0,0,2,2,122,1230,6,6,2014,6,23,32,0,6,5,RED RIBBON RD.,TRAPPER ST.,13,60.28166667,-151.2997222,0,1,0,0,1,1,0,1,5,2,10,2,0,0000000,88,88,88,88,88,88,0,0,0,1,1
2,20024,1,1,0,0,0,1,1,122,120,27,6,2014,6,20,22,0,5,5,NORTH FORK RD.,COLEMAN LANTERN RD.,9,59.7798,-151.8091667,0,32,0,0,3,3,0,4,1,1,0,1,0,0000000,20,20,20,29,21,10,0,0,0,1,1
2,20025,1,1,0,1,1,1,1,20,130,12,5,2014,2,18,29,1,2,6,C ST.,32ND AVE.,30,61.19159167,-149.8865694,0,8,0,0,2,2,0,1,1,1,0,1,0,0000000,19,29,19,33,19,45,0,0,0,1,0
2,20026,2,2,0,0,0,3,3,90,1895,4,6,2014,4,17,18,0,14,6,BADGER RD,BRADWAY RD,71,64.80572778,-147.4419611,0,12,6,1,2,2,0,1,1,1,0,1,0,0000000,17,16,17,22,17,49,0,0,0,1,0
2,20027,1,1,0,1,1,1,1,68,950,12,6,2014,5,99,99,0,6,5,COAL ST.,HEALY SPUR RD.,2,63.87165833,-149.0177556,0,9,0,0,1,1,0,2,4,1,0,1,0,0000000,88,88,88,88,88,88,0,0,0,1,1
2,20028,1,1,0,1,1,1,1,180,1870,12,4,2014,7,1,13,0,5,6,BERING ST.,FIFTH AVE.,7,64.50202222,-165.4071028,0,8,0,0,1,1,0,1,3,1,0,1,0,0000000,1,16,1,18,1,30,0,0,0,1,1
2,20029,2,2,0,0,0,3,3,170,0,10,7,2014,5,15,21,1,1,3,SR-1 GLENN HWY,,1116,61.86890278,-147.346675,0,12,2,0,1,1,0,1,1,1,0,1,0,0000000,15,21,16,9,18,6,0,0,0,1,0
2,20030,1,1,0,1,1,1,1,20,130,19,7,2014,7,10,17,0,15,6,84TH AVE,SPRUCE ST,5,61.14473611,-149.8180167,0,9,0,0,1,1,0,2,1,10,0,10,0,0000000,10,19,10,27,10,41,0,0,0,1,1
2,20031,1,1,0,0,0,1,1,20,130,17,7,2014,5,2,21,0,6,6,GLEN ALPS RD.,TOILSOME DR.,5,61.10718611,-149.7147389,0,35,0,0,1,1,0,4,2,10,0,10,0,0000000,2,21,2,31,88,88,0,0,0,1,1
2,20032,1,1,0,0,0,2,2,20,850,9,7,2014,4,20,18,1,1,3,SR-1 SEWARD HWY,,867,60.91825,-149.1293722,0,24,0,0,1,1,0,4,1,2,0,2,0,0000000,20,23,20,28,21,51,0,0,0,1,1
2,20033,1,1,0,0,0,1,1,240,565,4,7,2014,6,99,99,1,1,3,SR-2 RICHARDSON HWY,,2912,64.25793056,-146.1339611,0,24,0,0,1,1,0,4,1,1,0,1,0,0000000,88,88,88,88,88,88,0,0,0,1,0
2,20034,1,1,0,0,0,1,1,170,0,14,6,2014,7,99,99,1,1,3,SR-3 PARKS HWY,,1596,63.25434722,-149.2579361,0,34,0,0,1,1,0,4,2,2,0,2,0,0000000,88,88,88,88,88,88,0,0,0,1,1
2,20035,1,1,0,0,0,1,1,240,2630,22,7,2014,3,13,7,1,1,3,SR-2 ALASKA HWY,,1321,63.60445833,-143.96765,0,1,0,0,1,1,0,4,1,10,0,10,0,0000000,13,12,13,49,13,56,0,0,0,1,0
2,20036,1,1,0,0,0,1,1,170,2790,18,9,2014,5,14,46,0,15,6,WEST SPRUCE ST,NORTH CHRUCH RD,29,61.59938056,-149.5115222,0,25,0,0,3,3,0,4,1,2,10,2,0,0000000,14,46,14,53,88,88,20,0,0,1,1
2,20037,1,1,0,0,0,1,1,185,550,3,9,2014,4,15,30,1,2,3,SR-11 DALTON HWY,,2752,68.43376389,-149.3667611,0,34,0,0,1,1,0,4,1,4,10,4,0,0000000,88,88,88,88,88,88,2,0,0,1,0
2,20038,2,2,0,0,0,2,2,90,1895,29,7,2014,3,7,15,0,15,6,OLD RICHARDSON HWY,HOLLAND AVIATION RD,44,64.76543889,-147.3928167,0,12,2,0,1,1,0,1,1,1,0,1,0,0000000,7,20,7,22,7,54,0,0,0,1,0
2,20039,1,1,0,1,1,4,4,20,130,9,9,2014,3,23,32,1,11,3,SR-1 GAMBELL ST,,10,61.20306389,-149.8684389,0,8,0,0,1,1,0,1,3,2,0,2,0,0000000,23,32,23,37,88,88,0,0,0,1,0
2,20040,1,1,0,1,1,2,2,20,130,17,9,2014,4,6,53,1,13,6,MULDOON RD,,21,61.21008889,-149.7336639,0,8,0,0,1,1,0,1,3,10,0,10,0,0000000,6,53,6,56,88,88,0,0,0,1,0
2,20041,1,1,0,1,1,5,5,20,130,20,9,2014,7,2,5,1,11,3,SR-1 FIFTH AVE,,8,61.21743889,-149.8508972,0,8,0,0,1,1,0,1,3,2,0,2,0,0000000,88,88,88,88,88,88,0,0,0,1,1
2,20042,2,2,0,0,0,4,4,170,2640,1,9,2014,2,18,47,1,1,3,SR-4 PARKS HWY,,1168,62.79290556,-150.000775,0,12,2,0,1,1,0,1,1,10,0,10,0,0000000,99,99,99,99,99,99,0,0,0,2,0
2,20043,1,1,0,0,0,1,1,122,2407,9,9,2014,3,99,99,0,5,6,FUNNY RIVER RD,,19,60.47876111,-151.0348861,0,32,0,0,8,1,0,4,6,10,0,10,0,0000000,88,88,88,88,88,88,0,0,0,1,0
2,20044,1,1,0,0,0,3,3,110,1130,8,10,2014,4,21,2,0,15,6,MENDENHALL BLVD,,1,58.39378611,-134.5719944,0,43,0,0,1,1,0,5,3,10,0,10,0,0000000,21,2,21,19,21,25,0,0,0,1,1
2,20045,1,1,0,0,0,3,3,68,311,5,9,2014,6,8,3,1,1,3,SR-3 PARKS HWY,,1318,62.911325,-149.7141556,0,34,0,0,1,1,0,4,1,2,10,2,0,0000000,8,99,8,99,99,99,0,0,0,1,0
2,20046,1,1,0,0,0,1,1,270,1539,8,10,2014,4,14,44,0,9,9,OLD AIRPORT RD,,99999,61.87262222,-162.07835,0,44,0,0,1,1,0,1,2,1,0,1,0,0000000,88,88,88,88,88,88,3,0,0,1,1
2,20047,1,1,0,0,0,1,1,270,2217,14,9,2014,1,13,0,0,4,5,AIRPORT RD,,33,62.04517222,-163.2502056,0,41,0,0,1,1,0,4,1,10,0,10,0,0000000,88,88,88,88,88,88,0,0,0,1,1
2,20048,3,3,0,0,0,5,5,20,850,31,10,2014,6,10,55,1,1,3,SR-1 SEWARD HWY,,952,60.92996944,-149.3404111,0,12,6,0,1,1,0,1,1,4,0,4,0,0000000,10,54,11,7,12,8,0,0,0,1,0
2,20049,2,2,0,0,0,4,4,90,770,24,10,2014,6,19,14,1,2,3,SR-3 STEESE HWY,,70,64.90634444,-147.5921167,0,12,2,0,1,1,0,1,2,4,10,4,0,0000000,19,16,19,20,99,99,0,0,0,1,1
2,20050,1,1,0,0,0,1,1,20,130,14,10,2014,3,2,52,1,13,6,LAKE OTIS PKWY,E. 20TH AVE,3,61.20258056,-149.8382694,0,59,0,0,3,2,0,4,3,10,0,10,0,0000000,2,54,2,58,88,88,0,0,0,1,1
2,20051,3,3,0,0,0,3,3,20,611,29,10,2014,4,12,29,0,14,6,EAGLE RIVER RD,WREN LN,28,61.31072778,-149.5022667,0,12,6,0,2,2,0,1,1,10,0,10,0,0000000,12,29,12,35,88,88,0,0,0,1,0
2,20052,2,2,0,0,0,3,3,90,1895,5,11,2014,4,14,17,0,4,6,NORDALE RD,,46,64.88074444,-147.4058917,0,12,2,0,1,1,0,1,1,1,0,1,0,0000000,14,19,14,26,99,99,0,0,0,2,0
2,20053,2,2,0,0,0,2,2,90,1895,27,11,2014,5,20,25,0,14,6,BADGER RD,,10,64.81378889,-147.4365444,0,12,6,0,1,1,0,1,3,1,0,1,0,0000000,20,25,20,35,21,0,0,0,0,1,1
2,20054,1,1,0,0,0,2,2,90,770,19,11,2014,4,18,31,0,6,6,TRIANON DR,,99999,64.903925,-147.5284944,0,34,0,0,1,1,0,4,2,10,0,10,0,0000000,18,31,18,39,88,88,0,0,0,1,0
2,20055,2,2,0,0,0,2,2,90,770,7,12,2014,1,23,4,0,3,6,CHENA HOT SPRINGS RD,,41,64.89233333,-147.4943472,0,12,6,0,1,1,0,1,3,10,4,4,0,0000000,23,4,23,10,23,53,0,0,0,1,1
2,20056,1,1,0,0,0,4,4,170,0,26,11,2014,4,22,12,1,1,3,SR-3 PARKS HWY,,1188,62.80014167,-149.9819806,0,34,0,0,1,1,0,4,2,10,0,10,0,0000000,99,99,99,99,99,99,0,0,0,1,0
2,20057,2,2,0,0,0,7,7,122,1850,25,11,2014,3,17,35,1,2,3,SR-1 STERLING HWY,,1053,59.92353611,-151.7427111,0,12,6,0,1,1,0,1,2,1,0,1,0,0000000,99,99,99,99,99,99,0,0,0,1,0
2,20058,2,2,0,0,0,3,3,90,770,1,12,2014,2,6,16,1,13,6,UNIVERSITY AVE,AIRPORT WAY,37,64.83676667,-147.8126194,0,12,6,0,2,2,0,1,3,1,0,1,0,0000000,6,14,6,18,6,30,0,0,0,1,1
2,20059,2,2,0,0,0,2,2,170,2790,5,12,2014,6,15,30,0,5,6,PITTMAN RD,,66,61.64122778,-149.5532861,0,12,2,0,1,1,0,1,1,1,0,1,0,0000000,88,88,88,88,88,88,0,0,0,1,1