STATE,ST_CASE,VE_TOTAL,VE_FORMS,PVH_INVL,PEDS,PERNOTMVIT,PERMVIT,PERSONS,COUNTY,CITY,DAY,MONTH,YEAR,DAY_WEEK,HOUR,MINUTE,NHS,ROAD_FNC,ROUTE,TWAY_ID,TWAY_ID2,MILEPT,LATITUDE,LONGITUD,SP_JUR,HARM_EV,MAN_COLL,RELJCT1,RELJCT2,TYP_INT,WRK_ZONE,REL_ROAD,LGT_COND,WEATHER1,WEATHER2,WEATHER,SCH_BUS,RAIL,NOT_HOUR,NOT_MIN,ARR_HOUR,ARR_MIN,HOSP_HR,HOSP_MN,CF1,CF2,CF3,FATALS,DRUNK_DR
2,20060,1,1,0,1,1,1,1,20,130,8,11,2014,7,4,10,1,2,6,C ST,,25,61.20197222,-149.8874694,0,8,0,0,1,1,0,1,3,1,0,1,0,0000000,88,88,88,88,88,88,0,0,0,1,0
2,20061,1,1,0,1,1,1,1,20,130,20,12,2014,7,2,26,0,16,6,12TH AVE,,99999,61.21068611,-149.9098917,0,8,0,0,4,1,0,1,3,1,0,1,0,0000000,2,24,2,31,88,88,0,0,0,1,0
2,20062,1,1,0,1,1,1,1,20,130,28,12,2014,1,17,38,0,14,6,O'MALLEY RD,MAIN TREE DR,34,61.12306944,-149.7594417,0,8,0,0,2,2,0,1,2,10,0,10,0,0000000,17,38,17,42,88,88,0,0,0,1,0
2,20063,1,1,0,1,1,3,3,50,30,21,12,2014,1,18,30,0,5,5,MAIN ST,,2,60.90246944,-161.4369361,0,8,0,0,1,1,0,1,2,10,0,10,0,0000000,88,88,88,88,88,88,22,0,0,1,0
2,20064,2,2,0,0,0,5,5,20,130,17,10,2014,6,19,33,0,14,6,DENALI ST,40TH AVE,9,61.18445,-149.8756139,0,12,6,0,2,2,0,1,3,1,0,1,0,0000000,19,33,19,37,20,8,0,0,0,1,0
2,20065,1,1,0,0,0,1,1,290,0,31,8,2014,1,22,27,1,2,3,SR-11 DALTON HWY,,1445,66.89748333,-150.5005139,0,1,0,0,1,1,0,4,2,2,0,2,0,0000000,88,88,88,88,88,88,0,0,0,1,0
2,20066,2,2,0,0,0,2,2,68,568,22,12,2014,2,10,1,1,1,3,SR-3 PARKS HWY,,1994,63.71093889,-148.8882806,1,12,6,0,1,1,0,1,1,98,0,98,0,0000000,10,11,10,27,88,88,3,0,0,2,0
2,20067,2,2,0,0,0,4,4,60,1700,9,12,2014,3,20,25,0,4,6,ALASKA PENINSULA HWY,,38,58.74746944,-156.9268056,0,12,6,0,1,1,0,2,2,12,10,12,0,0000000,99,99,99,99,99,99,0,0,0,1,0
2,20068,1,1,0,1,1,1,1,170,2000,14,10,2014,3,99,99,1,11,3,SR-1 GLENN HWY,,377,61.5844,-149.1311167,0,8,0,0,1,1,0,2,2,10,0,10,0,0000000,88,88,88,88,88,88,0,0,0,1,0
4,40001,2,2,0,0,0,5,5,19,530,4,1,2014,7,19,45,0,14,6,TANQUE VERDE RD,CATALINA HWY,0,32.25792222,-110.7990667,0,12,6,0,2,3,0,1,3,1,0,1,0,0000000,19,6,19,8,19,30,0,0,0,1,0
4,40002,1,1,0,1,1,1,1,19,530,7,1,2014,3,6,47,1,13,6,CONGRESS ST,,0,32.22132222,-110.97645,0,8,0,0,1,1,0,1,4,1,0,1,0,0000000,6,49,6,52,7,8,0,0,0,1,0
4,40003,1,1,0,1,1,5,5,13,370,8,1,2014,4,18,18,0,14,6,MCDOWELL RD,,0,33.46592778,-112.1200556,0,9,0,0,8,1,0,1,3,1,0,1,0,0000000,99,99,99,99,99,99,0,0,0,1,0
4,40004,2,2,0,0,0,8,8,12,0,10,1,2014,6,3,45,1,1,1,I-10,,432,33.63662222,-113.8040306,0,12,1,0,1,1,0,1,2,1,0,1,0,0000000,3,52,4,20,99,99,14,0,0,2,0
4,40005,1,1,0,0,0,1,1,5,336,11,1,2014,7,17,0,0,16,6,SAGE AVE,,0,36.91128333,-111.4478611,3,99,0,0,1,1,0,1,1,1,0,1,0,0000000,17,0,17,2,17,29,0,0,0,1,0
4,40006,2,2,0,0,0,2,2,19,0,11,1,2014,7,19,2,0,14,6,CORTARO FARMS RD,,0,32.35922778,-111.083475,0,12,1,0,8,1,0,1,2,1,0,1,0,0000000,99,99,99,99,99,99,0,0,0,1,0
4,40007,2,2,0,0,0,2,2,13,339,13,1,2014,2,7,38,1,13,6,TATUM BLVD,LINCOLN DR,0,33.53103889,-111.9756222,0,12,6,0,2,2,0,1,1,1,0,1,0,0000000,7,38,7,43,88,88,14,0,0,1,0
4,40008,1,1,0,0,0,4,4,25,0,16,1,2014,5,22,7,1,2,3,SR-69,,2641,34.34375833,-112.1402667,0,1,0,0,1,1,0,3,2,1,0,1,0,0000000,22,8,22,14,23,13,0,0,0,1,0
4,40009,1,1,0,0,0,1,1,13,370,18,1,2014,7,11,39,1,11,1,I-10,,1474,33.45956944,-112.0375889,0,24,0,1,19,1,0,3,1,1,0,1,0,0000000,11,41,11,47,11,59,0,0,0,1,0
4,40010,3,3,0,0,0,3,3,21,22,18,1,2014,7,17,51,0,15,3,SR-88,,1988,33.44406944,-111.5111056,0,12,2,0,1,1,0,1,5,1,0,1,0,0000000,17,50,17,57,18,20,14,0,0,1,1
4,40012,1,1,0,0,0,1,1,5,0,20,1,2014,2,10,40,0,4,3,SR-87,,3312,34.91563611,-110.8284806,0,73,0,0,1,1,0,1,1,1,0,1,0,0000000,10,40,10,53,88,88,0,0,0,1,0
4,40013,1,1,0,0,0,1,1,5,0,22,1,2014,4,13,48,0,14,8,TOWNSEND-WINONA RD,,0,35.24634167,-111.5356444,0,30,0,0,1,1,0,4,1,1,0,1,0,0000000,13,48,13,56,88,88,0,0,0,1,1
4,40014,2,2,0,1,1,3,3,19,530,22,1,2014,4,19,11,1,11,1,I-19,,585,32.12923056,-110.9867194,0,8,0,0,1,1,0,1,2,1,0,1,0,0000000,19,11,19,11,88,88,0,0,0,1,0
4,40015,1,1,0,0,0,1,1,25,65,23,1,2014,5,17,32,0,4,6,MONTEZUMA CASTLE HWY,,0,34.57714444,-111.8547111,0,38,0,0,1,1,0,4,1,1,0,1,0,0000000,17,31,17,36,18,8,0,0,0,1,0
4,40016,3,3,0,0,0,3,3,19,0,25,1,2014,7,0,5,0,2,4,CR-VALENCIA RD,,0,32.13505,-110.8350583,0,12,2,0,1,1,0,1,2,1,0,1,0,0000000,0,5,0,17,99,99,0,0,0,1,1
4,40017,1,1,0,0,0,3,3,5,0,30,1,2014,5,7,44,1,1,1,I-17,,3179,34.87553056,-111.635225,0,1,0,0,1,1,0,4,1,1,0,1,0,0000000,7,45,7,49,9,3,0,0,0,1,0
4,40018,1,1,0,1,1,1,1,19,530,31,1,2014,6,4,37,0,13,6,GRANT RD,TUCSON BLVD,0,32.25033889,-110.9354111,0,8,0,0,3,2,0,1,3,10,0,10,0,0000000,99,99,99,99,99,99,0,0,0,1,0
4,40019,1,1,0,1,1,2,2,13,370,1,1,2014,4,21,8,0,14,6,VAN BUREN ST,24TH ST,0,33.45133333,-112.0301472,0,8,0,0,3,2,0,1,3,1,0,1,0,0000000,99,99,99,99,99,99,0,0,0,1,0
4,40020,1,1,0,0,0,2,2,21,0,19,1,2014,1,13,5,0,16,6,GARY RD,,0,33.199475,-111.5821611,0,33,0,0,1,1,0,4,1,1,0,1,0,0000000,13,4,13,12,99,99,0,0,0,1,0
4,40021,1,1,0,1,1,1,1,13,370,25,1,2014,7,2,0,0,16,6,27TH DR,,0,33.79198056,-112.1175972,0,33,0,0,1,1,0,4,3,1,0,1,0,0000000,8,32,8,37,88,88,0,0,0,1,0
4,40022,2,2,0,0,0,2,2,21,22,25,1,2014,7,15,43,0,13,3,SR-88,LOST DUTCHMAN BLVD,1981,33.43686111,-111.5212278,0,12,6,0,2,2,0,1,1,1,0,1,0,0000000,15,43,15,48,17,4,0,0,0,1,1
4,40023,2,2,0,0,0,3,3,13,370,28,1,2014,3,19,57,0,13,6,35TH AVE,CHERYL DR,0,33.57813611,-112.1340667,0,12,6,0,2,3,0,1,3,1,0,1,0,0000000,19,57,19,58,20,21,0,0,0,1,0
4,40025,2,2,0,0,0,3,3,19,0,1,2,2014,7,17,5,1,1,1,I-10,,2934,31.97273889,-110.4967583,0,12,7,0,1,1,0,1,1,10,0,10,0,0000000,17,5,17,18,18,32,0,0,0,1,1
4,40026,1,1,0,0,0,5,5,17,565,2,2,2014,1,19,16,0,14,3,SR-73,,3441,33.90394167,-109.9442389,3,41,0,0,1,1,0,4,2,1,0,1,0,0000000,19,16,19,20,19,50,0,0,0,2,0
4,40028,2,2,0,0,0,4,4,19,295,4,2,2014,3,0,36,1,11,1,I-10,,2385,32.44276667,-111.1894611,0,12,1,0,1,1,0,1,2,1,0,1,0,0000000,0,39,0,51,99,99,19,0,0,1,0
4,40029,1,1,0,1,1,1,1,19,530,8,2,2014,7,1,39,0,16,6,KRISSY AVE,,0,32.19303333,-110.7849722,0,8,0,0,1,1,0,1,2,1,0,1,0,0000000,1,26,1,34,88,88,0,0,0,1,1
4,40030,2,2,0,0,0,4,4,19,530,8,2,2014,7,2,0,0,13,6,6TH AVE,,0,32.169325,-110.9681944,0,12,1,0,1,1,0,1,3,1,0,1,0,0000000,2,0,2,5,99,99,0,0,0,1,1
4,40033,1,1,0,1,1,5,5,7,0,9,2,2014,1,17,3,0,5,3,SR-288,,2787,33.79785,-110.9713889,0,15,0,0,1,1,0,1,1,1,0,1,0,0000000,17,20,18,5,20,3,0,0,0,1,0
4,40034,2,2,0,0,0,2,2,13,190,12,2,2014,4,15,45,0,16,6,WADE DR,VEST AVE,0,33.310575,-111.7125667,0,12,6,0,2,2,0,1,1,1,0,1,0,0000000,15,46,15,50,88,88,0,0,0,1,1
4,40035,2,2,0,0,0,2,2,19,0,13,2,2014,5,11,29,0,15,4,CR-BOPP RD,DONALD AVE,0,32.17728333,-111.0990833,0,12,6,0,2,2,0,1,1,1,0,1,0,0000000,11,29,11,35,12,0,0,0,0,1,0
4,40037,1,1,0,0,0,1,1,13,0,16,2,2014,1,14,55,0,4,4,CR-VULTURE MINE RD,,0,33.92135278,-112.7916333,0,42,0,0,1,1,0,4,1,10,0,10,0,0000000,14,55,15,18,15,45,0,0,0,1,0
4,40038,1,1,0,0,0,1,1,13,190,16,2,2014,1,22,33,0,13,6,VAL VISTA DR,MESQUITE ST,0,33.34086389,-111.7557056,0,30,0,0,3,3,0,3,3,1,0,1,0,0000000,22,33,22,35,88,88,0,0,0,1,1
4,40039,1,1,0,0,0,3,3,3,431,17,2,2014,2,20,37,0,16,6,NORTH CANYON DR,,0,31.55958333,-110.2986,0,1,0,0,1,1,0,1,2,1,0,1,0,0000000,99,99,99,99,99,99,0,0,0,2,1
4,40040,2,2,0,0,0,4,4,9,0,18,2,2014,3,12,0,0,14,2,US-70,,3426,32.81661667,-109.6611139,0,12,1,0,1,1,1,1,1,1,0,1,0,0000000,99,99,99,99,99,99,3,0,0,1,1
4,40041,1,1,0,0,0,1,1,19,0,19,2,2014,4,11,31,1,1,1,I-10,,2832,31.99913333,-110.6672139,0,41,0,0,1,1,0,4,1,10,0,10,0,0000000,11,41,11,55,88,88,0,0,0,1,0
4,40043,1,1,0,0,0,1,1,7,0,23,2,2014,1,2,25,1,2,2,US-60,,2368,33.35979722,-110.9772639,0,59,0,0,1,1,0,4,2,1,0,1,0,0000000,2,22,2,38,88,88,0,0,0,1,0
4,40044,2,2,0,0,0,2,2,19,0,26,2,2014,4,8,41,0,15,6,FREEMAN RD,OLD SPANISH TRL,0,32.18289444,-110.7381444,0,12,6,0,2,3,0,1,1,1,0,1,0,0000000,8,40,8,51,88,88,0,0,0,1,0
4,40045,1,1,0,0,0,1,1,5,0,26,2,2014,4,16,29,0,4,2,US-180,,2496,35.56359444,-111.8853361,0,1,0,0,1,1,0,4,1,10,0,10,0,0000000,16,32,17,5,88,88,0,0,0,1,1
4,40046,2,2,0,0,0,2,2,1,0,8,1,2014,4,6,50,0,5,8,BIA 27,,0,99.99990000,999.99990000,3,12,6,0,8,1,0,1,4,1,0,1,0,0000000,99,99,99,99,99,99,0,0,0,1,0
4,40047,2,2,0,0,0,2,2,7,210,16,1,2014,5,19,59,1,13,2,US-60,,2477,33.418575,-110.8180278,0,12,6,0,8,1,0,1,2,1,0,1,0,0000000,19,59,20,2,20,19,0,0,0,1,1
4,40048,2,2,0,0,0,2,2,19,0,19,2,2014,4,18,44,0,3,3,SR-86,,1586,32.12808056,-111.1881944,0,12,2,0,1,1,0,1,2,1,0,1,0,0000000,18,46,18,50,88,88,0,0,0,1,0
4,40049,4,4,0,0,0,12,12,13,370,20,1,2014,2,14,58,1,11,1,I-17,,2019,33.48023333,-112.1132278,0,12,1,1,18,1,0,1,1,1,0,1,0,0000000,14,58,15,0,15,10,19,0,0,1,1
4,40050,2,2,0,0,0,3,3,13,370,1,1,2014,4,2,3,1,13,6,BASELINE RD,44TH AVE,0,33.37758056,-112.1528611,0,12,6,0,2,3,0,1,3,1,0,1,0,0000000,2,4,2,8,2,34,0,0,0,1,2
4,40051,1,1,0,1,1,5,5,13,200,2,1,2014,5,20,1,0,13,6,GLENDALE AVE,,0,33.53789444,-112.2195556,0,8,0,0,1,1,0,1,3,1,0,1,0,0000000,20,2,20,6,88,88,0,0,0,1,0
4,40052,2,2,0,0,0,6,6,13,370,4,1,2014,7,12,18,0,13,6,35TH AVE,ORANGEWOOD AVE,0,33.54581111,-112.1343056,0,12,6,0,2,2,0,1,1,1,0,1,0,0000000,99,99,99,99,99,99,0,0,0,1,0
4,40054,1,1,0,0,0,1,1,13,370,11,1,2014,7,23,16,0,14,6,32ND ST,SR-202 RAMP,0,33.45965556,-112.0127944,0,33,0,1,5,1,0,8,3,1,0,1,0,0000000,99,99,99,99,99,99,0,0,0,1,0
4,40055,3,3,0,0,0,3,3,13,0,15,1,2014,4,10,11,0,14,4,CR-99TH AVE,CAMEO DR,0,33.61277222,-112.2676639,0,12,6,0,2,2,0,1,1,1,0,1,0,0000000,10,11,10,15,99,99,14,0,0,1,0
4,40056,1,1,0,0,0,1,1,13,0,16,1,2014,5,22,49,0,6,9,CIRCLE MOUNTAIN RD,,0,33.88631667,-112.0619444,0,1,0,0,1,1,0,4,2,1,0,1,0,0000000,22,49,23,1,88,88,0,0,0,1,1
4,40057,1,1,0,1,1,1,1,13,370,18,1,2014,7,18,29,1,13,6,7TH ST,PIMA ST,0,33.43314722,-112.0651056,0,9,0,0,2,2,0,1,3,1,0,1,0,0000000,18,30,18,33,18,45,0,0,0,1,0
4,40058,1,1,0,1,1,1,1,13,200,20,1,2014,2,7,7,0,14,6,BETHANY HOME RD,,0,33.52394167,-112.1541,0,8,0,0,1,1,0,1,4,1,0,1,0,0000000,7,7,7,14,88,88,0,0,0,1,0
4,40059,1,1,0,0,0,3,3,13,370,22,1,2014,4,6,43,0,16,6,DOVE VALLEY RD,SLIDE ROCK RD,0,33.78383333,-112.11065,0,33,0,0,3,3,0,3,3,10,0,10,1,0000000,6,43,6,51,7,42,0,0,0,1,0
4,40060,2,2,0,0,0,2,2,13,370,22,1,2014,4,7,29,1,13,6,INDIAN SCHOOL RD,CENTRAL AVE,0,33.49476111,-112.0730472,0,1,0,0,3,2,0,1,1,1,0,1,0,0000000,99,99,99,99,99,99,0,0,0,1,0
4,40061,2,2,0,0,0,3,3,13,370,25,1,2014,7,21,48,0,14,6,CACTUS RD,43RD AVE,0,33.59632222,-112.1513611,0,12,6,0,2,2,0,1,3,1,0,1,0,0000000,21,50,21,53,22,12,0,0,0,1,0
4,40062,2,2,0,0,0,3,3,13,370,27,1,2014,2,18,14,0,14,6,CAMELBACK RD,111TH AVE,0,33.50781111,-112.2985278,0,12,6,0,2,2,0,1,5,1,0,1,0,0000000,18,15,18,20,99,99,0,0,0,1,0
4,40063,1,1,0,1,1,1,1,13,370,28,1,2014,3,18,58,0,15,6,23RD AVE,MARYLAND AVE,0,33.53144444,-112.1082556,0,8,0,0,3,3,0,1,3,1,0,1,0,0000000,99,99,99,99,99,99,0,0,0,1,0
4,40064,1,1,0,0,0,2,2,13,370,28,1,2014,3,99,99,0,16,6,27TH AVE,,0,99.99990000,999.99990000,0,2,0,0,99,99,0,99,1,99,0,99,0,0000000,99,99,99,99,99,99,0,0,0,1,0
4,40065,3,3,0,0,0,4,4,13,200,31,1,2014,6,17,54,0,14,6,OLIVE AVE,61ST AVE,0,33.56741111,-112.1906278,0,1,0,0,2,3,0,1,1,1,0,1,0,0000000,17,54,18,0,18,15,14,0,0,1,0
4,40066,2,2,0,0,0,5,5,5,0,31,1,2014,6,14,12,1,2,3,SR-64,,99999,99.99990000,999.99990000,1,12,99,0,1,1,0,1,9,99,0,99,0,0000000,99,99,99,99,99,99,0,0,0,1,0
4,40067,1,1,0,1,1,2,2,19,0,19,2,2014,4,19,11,0,15,4,CR-TETAKUSIM RD,,0,32.11546389,-111.0571778,0,8,0,0,1,1,0,1,2,1,0,1,0,0000000,19,11,99,99,99,99,0,0,0,1,0
4,40068,1,1,0,0,0,3,3,23,392,1,3,2014,7,12,15,1,11,1,I-19,,99,31.45442778,-110.9828722,0,41,0,0,1,1,0,3,1,2,0,2,0,0000000,12,15,12,20,13,10,0,0,0,1,0
4,40069,1,1,0,0,0,2,2,23,0,1,3,2014,7,17,13,1,1,1,I-19,,211,31.59911667,-111.0518444,0,42,0,0,1,1,0,3,1,2,0,2,0,0000000,17,25,17,25,99,99,0,0,0,1,0
4,40070,2,2,0,0,0,2,2,13,0,1,3,2014,7,22,18,0,15,4,CR-PEORIA AVE,111TH AVE,0,33.58000556,-112.2986889,0,12,6,0,2,2,0,1,3,2,0,2,0,0000000,99,99,99,99,99,99,0,0,0,1,1
4,40071,1,1,0,0,0,2,2,19,530,3,3,2014,2,3,43,1,13,6,KINO PKWY,,0,32.17259167,-110.9435472,0,25,0,1,19,1,0,4,2,1,0,1,0,0000000,3,43,3,49,99,99,0,0,0,1,1
4,40072,2,2,0,0,0,3,3,19,530,6,3,2014,5,14,7,1,13,6,KOLB RD,,0,32.15192222,-110.8406167,0,12,6,0,1,1,0,1,1,1,0,1,0,0000000,14,8,14,17,14,52,0,0,0,1,1
4,40073,1,1,0,0,0,1,1,13,290,6,3,2014,5,15,21,1,12,2,US-60,,1877,33.38655833,-111.6961556,0,1,0,1,19,1,0,4,1,1,0,1,0,0000000,15,21,15,25,15,48,0,0,0,1,0
4,40075,1,1,0,0,0,1,1,13,0,8,3,2014,7,6,37,1,2,3,SR-85,,1419,33.24681111,-112.638275,0,1,0,0,1,1,0,3,2,1,0,1,0,0000000,6,44,6,59,88,88,0,0,0,1,0
4,40076,2,2,0,0,0,2,2,19,530,8,3,2014,7,17,23,1,13,6,BROADWAY BLVD,,0,32.22106111,-110.8231667,0,12,1,0,1,1,0,1,1,1,0,1,0,0000000,17,23,17,37,17,50,0,0,0,1,1
4,40077,1,1,0,0,0,1,1,21,0,12,3,2014,4,22,34,0,15,3,SR-88,,2001,33.45368889,-111.4930278,0,1,0,0,1,1,0,6,2,1,0,1,0,0000000,22,39,22,47,88,88,0,0,0,1,1
4,40079,1,1,0,0,0,1,1,23,0,17,3,2014,2,17,32,1,1,7,I-19 FRONTAGE RD,,176,31.54996944,-111.0474806,0,1,0,0,1,1,0,1,1,1,0,1,0,0000000,17,34,17,41,88,88,0,0,0,1,1
4,40080,1,1,0,1,1,2,2,19,530,19,3,2014,4,10,27,0,13,6,SWAN RD,CECELIA ST,0,32.21680556,-110.892225,0,15,0,0,2,2,0,1,1,1,0,1,0,0000000,10,27,10,31,10,52,0,0,0,1,0
4,40081,4,4,0,0,0,5,5,13,290,20,3,2014,5,12,38,1,12,2,US-60,,1775,33.38591389,-111.8732028,0,12,1,1,18,1,0,1,1,1,0,1,0,0000000,12,40,12,45,88,88,14,0,0,1,1
4,40082,2,2,0,0,0,2,2,21,297,21,3,2014,6,18,22,0,16,6,HONEYCUTT RD,GLENWILDE DR,0,33.05816389,-112.022075,0,12,6,0,2,2,0,1,1,1,0,1,0,0000000,18,22,18,29,99,99,0,0,0,1,0
4,40083,1,1,0,1,1,3,3,13,370,22,3,2014,7,17,39,0,14,6,NORTHERN AVE,21ST AVE,0,33.55309444,-112.1039222,0,8,0,0,3,3,0,1,1,1,0,1,0,0000000,17,41,17,45,18,0,0,0,0,1,0
4,40084,1,1,0,0,0,1,1,19,530,23,3,2014,1,9,1,0,14,6,PARK AVE,,0,32.16275278,-110.9561278,0,33,0,0,1,1,0,4,1,1,0,1,0,0000000,9,1,9,5,9,28,0,0,0,1,1
4,40085,2,2,0,0,0,3,3,13,60,29,3,2014,7,14,18,1,13,3,SR-85,HAZEN RD,1495,33.35568333,-112.6261583,0,12,6,0,2,2,0,1,1,1,0,1,0,0000000,14,23,14,29,88,88,0,0,0,2,0
4,40086,1,1,0,0,0,2,2,25,0,29,3,2014,7,15,50,0,4,3,SR-260,,2370,34.49915278,-111.6364194,0,1,0,0,1,1,0,4,1,1,0,1,0,0000000,15,55,16,14,88,88,0,0,0,2,0
4,40087,2,2,0,0,0,3,3,13,290,30,3,2014,1,17,4,0,13,6,GREENFIELD RD,MCDOWELL RD,0,33.46635556,-111.7359111,0,12,6,0,2,2,0,1,1,1,0,1,0,0000000,17,4,17,6,17,50,0,0,0,1,0
4,40088,1,1,0,0,0,2,2,25,0,8,2,2014,7,17,52,0,6,8,FOREST ROAD 502,,0,34.34801389,-111.6891167,0,1,0,0,1,1,0,4,5,1,0,1,0,0000000,17,52,18,47,20,4,0,0,0,1,0
4,40089,1,1,0,0,0,1,1,25,0,27,2,2014,5,14,45,0,5,4,CR-DATECREEK RD,,0,34.32480278,-112.9249361,0,34,0,0,1,1,0,4,1,1,0,1,0,0000000,14,50,15,34,88,88,0,0,0,1,0
4,40090,1,1,0,0,0,1,1,25,0,22,3,2014,7,22,46,0,6,9,RIO VISTA RD,,0,34.29638333,-112.10205,0,17,0,0,1,1,0,4,2,1,0,1,0,0000000,99,99,22,40,88,88,0,0,0,1,1
4,40091,2,2,0,0,0,2,2,13,368,24,3,2014,2,18,9,1,13,2,US-60,87TH AVE,1499,33.58791389,-112.2454861,0,12,6,0,2,3,0,1,5,1,0,1,0,0000000,18,10,18,13,19,0,0,0,0,1,0
4,40092,1,1,0,1,1,2,2,5,170,1,2,2014,7,19,30,0,13,3,SR-40B,LOCKETT RD,2001,35.21683889,-111.5938083,0,8,0,0,3,3,0,1,2,1,0,1,0,0000000,99,99,99,99,88,88,0,0,0,1,0
4,40093,2,2,0,0,0,2,2,5,0,4,2,2014,3,13,47,0,14,8,TOWNSEND WINONA RD,,0,35.24988333,-111.53115,0,12,2,0,1,1,0,1,1,10,0,10,0,0000000,13,52,13,59,14,34,0,0,0,1,0
4,40094,2,2,0,1,1,5,5,13,490,14,2,2014,6,20,48,0,13,6,BASELINE RD,DARROW DR,0,33.37824722,-111.9611083,0,12,6,0,2,3,0,1,3,1,0,1,0,0000000,20,48,20,50,88,88,0,0,0,1,0
4,40095,1,1,0,0,0,1,1,21,22,14,2,2014,6,22,58,0,13,6,APACHE TRL,THUNDERBIRD DR,0,33.41533611,-111.5573806,0,1,0,0,3,2,0,1,3,1,0,1,0,0000000,22,58,23,2,23,17,0,0,0,1,1
4,40096,1,1,0,0,0,1,1,7,0,19,2,2014,4,7,56,0,6,8,FOREST SERVICE RD 3009,FOREST SERVICE RD 64,0,34.37953333,-111.3448056,0,35,0,0,3,3,0,4,2,1,0,1,0,0000000,99,99,99,99,88,88,0,0,0,1,0
4,40097,2,2,0,0,0,5,5,19,530,24,2,2014,2,12,5,1,13,6,LA CHOLLA BLVD,SUNSET RD,0,32.30856944,-111.0121889,0,12,6,0,2,2,0,1,1,1,0,1,0,0000000,99,99,99,99,99,99,0,0,0,1,0
4,40098,2,2,0,0,0,2,2,13,0,12,2,2014,4,8,7,1,1,1,I-10,,1649,33.25237778,-111.9455333,3,12,9,1,18,1,0,1,1,1,0,1,0,0000000,8,7,8,20,8,45,27,0,0,1,0
4,40099,2,2,0,0,0,2,2,13,30,13,2,2014,5,18,52,1,11,1,I-10,,1303,33.45790556,-112.3309,0,12,1,0,1,1,0,1,5,1,0,1,0,0000000,18,53,19,2,19,30,28,0,0,1,0
4,40100,1,1,0,0,0,1,1,5,170,24,2,2014,2,19,39,1,11,1,I-17,,3378,35.14570556,-111.683425,0,59,0,0,1,1,0,3,3,1,0,1,0,0000000,19,40,19,51,88,88,0,0,0,1,0
4,40101,1,1,0,0,0,2,2,21,160,26,2,2014,4,15,1,1,1,1,I-10,,2047,32.77011667,-111.6077389,0,38,0,0,1,1,0,4,1,1,0,1,0,0000000,15,1,15,8,15,30,0,0,0,1,0
4,40102,2,2,0,0,0,5,5,13,290,12,3,2014,4,14,25,0,13,6,UNIVERSITY DR,,0,33.42216667,-111.8557167,0,12,6,0,8,1,0,1,1,1,0,1,0,0000000,99,99,99,99,88,88,0,0,0,1,0
4,40103,1,1,0,0,0,2,2,13,370,13,3,2014,5,18,19,1,11,1,I-10,,1371,33.46283333,-112.2129944,0,1,0,0,1,1,0,3,1,1,0,1,0,0000000,18,19,18,19,19,0,0,0,0,1,0
4,40104,1,1,0,1,1,1,1,13,370,27,1,2014,2,20,14,1,13,6,INDIAN SCHOOL RD,,0,33.49495556,-112.1163444,0,8,0,0,1,1,0,1,3,1,0,1,0,0000000,20,15,20,20,20,42,0,0,0,1,0
4,40105,1,1,0,0,0,1,1,5,0,7,1,2014,3,13,47,0,4,8,LEUPP RD,,0,99.99990000,999.99990000,3,99,0,0,99,99,0,99,1,99,0,99,0,0000000,99,99,99,99,88,88,0,0,0,1,0
4,40106,1,1,0,1,1,1,1,1,183,9,1,2014,5,18,35,0,15,8,BIA 12,,0,99.99990000,999.99990000,3,8,0,0,1,1,0,1,2,1,0,1,0,0000000,18,32,18,43,88,88,0,0,0,1,0
4,40107,1,1,0,0,0,1,1,12,0,12,2,2014,4,15,31,0,6,9,HOPE TO HOVATTER RD,,0,33.66698611,-113.6681194,0,42,0,0,1,1,0,5,1,1,0,1,0,0000000,88,88,88,88,88,88,0,0,0,1,0
4,40108,1,1,0,1,1,1,1,13,370,6,2,2014,5,5,27,0,16,6,2ND AVE,,0,33.36646667,-112.0755583,0,8,0,0,1,1,0,1,2,10,0,10,0,0000000,5,29,5,37,6,15,0,0,0,1,0
4,40109,1,1,0,0,0,2,2,1,0,6,2,2014,5,21,42,0,4,2,US-191,,4525,36.22507778,-109.6019944,3,1,0,0,99,99,0,99,6,99,0,99,0,0000000,99,99,99,99,99,99,0,0,0,1,0
4,40110,2,2,0,0,0,2,2,13,0,7,2,2014,6,99,99,0,15,6,INDIAN SCHOOL RD,,0,99.99990000,999.99990000,3,12,99,0,99,99,0,99,9,99,0,99,0,0000000,99,99,99,99,99,99,0,0,0,1,1
4,40111,1,1,0,1,1,1,1,13,370,8,2,2014,7,20,0,0,14,6,LOWER BUCKEYE RD,68TH AVE,0,33.42284167,-112.2060417,0,8,0,0,3,3,0,1,2,1,0,1,0,0000000,99,99,99,99,99,99,0,0,0,1,0
4,40112,1,1,0,1,1,1,1,13,370,9,2,2014,1,17,26,0,15,6,HATCHER RD,12TH ST,0,33.57129167,-112.0567528,0,8,0,0,3,2,0,1,1,1,0,1,0,0000000,99,99,99,99,99,99,0,0,0,1,0
4,40113,1,1,0,1,1,1,1,13,370,14,2,2014,6,21,51,1,13,6,INDIAN SCHOOL RD,,0,33.49435556,-112.2348028,0,8,0,0,1,1,0,1,3,1,0,1,0,0000000,99,99,99,99,88,88,0,0,0,1,0
4,40115,1,1,0,1,1,1,1,13,370,16,2,2014,1,13,34,0,16,6,17TH ST,PUEBLO AVE,0,33.40764722,-112.0449028,0,15,0,0,3,3,0,1,1,1,0,1,0,0000000,99,99,99,99,99,99,16,0,0,1,0