STATE,ST_CASE,VE_TOTAL,VE_FORMS,PVH_INVL,PEDS,PERNOTMVIT,PERMVIT,PERSONS,COUNTY,CITY,DAY,MONTH,YEAR,DAY_WEEK,HOUR,MINUTE,NHS,ROAD_FNC,ROUTE,TWAY_ID,TWAY_ID2,MILEPT,LATITUDE,LONGITUD,SP_JUR,HARM_EV,MAN_COLL,RELJCT1,RELJCT2,TYP_INT,WRK_ZONE,REL_ROAD,LGT_COND,WEATHER1,WEATHER2,WEATHER,SCH_BUS,RAIL,NOT_HOUR,NOT_MIN,ARR_HOUR,ARR_MIN,HOSP_HR,HOSP_MN,CF1,CF2,CF3,FATALS,DRUNK_DR
4,40373,3,3,0,0,0,7,7,9,0,19,6,2014,5,22,0,0,3,2,US-70,,2920,33.17391944,-110.1403944,3,12,8,0,1,1,0,1,2,1,0,1,0,0000000,22,0,22,5,1,4,0,0,0,4,0
4,40375,1,1,0,0,0,2,2,15,260,23,6,2014,2,0,40,0,15,6,BEVERLY AVE,,0,99.99990000,999.99990000,0,43,0,0,1,1,0,4,6,99,0,99,0,0000000,99,99,99,99,88,88,0,0,0,1,0
4,40376,1,1,0,0,0,1,1,13,0,28,6,2014,7,5,44,0,14,4,CR-SOUTHERN AVE,,0,33.39196944,-112.1616139,0,43,0,0,1,1,0,4,4,1,0,1,0,0000000,5,45,5,53,88,88,0,0,0,1,1
4,40377,2,2,0,0,0,2,2,21,0,3,7,2014,5,14,44,0,4,4,CR-PAPAGO RD,,0,32.98505833,-112.0736111,0,12,1,0,1,1,0,1,1,7,10,7,0,0000000,14,46,14,57,88,88,0,0,0,1,0
4,40378,2,2,0,0,0,3,3,13,420,1,5,2014,5,22,18,1,13,3,SR-87,,1774,33.460575,-111.8417111,3,25,0,0,1,1,0,4,3,1,0,1,0,0000000,99,99,99,99,99,99,0,0,0,1,1
4,40379,2,2,0,0,0,2,2,21,70,1,7,2014,3,8,26,0,14,3,SR-387,VAL VISTA RD,61,32.96750278,-111.7566583,0,12,6,0,2,2,0,1,1,1,0,1,0,0000000,8,26,8,32,9,43,0,0,0,1,0
4,40380,1,1,0,1,1,1,1,13,290,11,7,2014,6,16,48,0,13,8,APACHE TRL,,0,33.41515,-111.6528,0,9,0,0,1,1,0,1,1,1,0,1,0,0000000,99,99,99,99,88,88,0,0,0,1,0
4,40381,1,1,0,1,1,1,1,19,0,19,7,2014,7,18,40,0,13,4,CR-ORANGE GROVE RD,,0,32.32467778,-110.9398611,0,8,0,0,8,1,0,1,1,1,0,1,0,0000000,18,40,18,45,19,20,0,0,0,1,0
4,40382,2,2,0,0,0,2,2,13,0,27,7,2014,1,11,45,0,16,9,CLOUD RD,16TH ST,0,33.81368056,-112.0479194,0,12,6,0,2,2,0,1,1,1,0,1,0,0000000,11,59,12,17,12,44,0,0,0,1,0
4,40383,1,1,0,0,0,2,2,7,0,26,7,2014,7,17,45,0,6,8,FOREST ROAD 29,,0,34.35264444,-111.1565,0,1,0,0,1,1,0,4,1,10,0,10,0,0000000,17,53,18,26,19,18,3,0,0,1,1
4,40384,1,1,0,1,1,1,1,13,370,1,8,2014,6,19,58,1,13,6,INDIAN SCHOOL RD,11TH AVE,0,33.49495556,-112.0869222,0,8,0,0,2,2,0,1,3,10,0,10,0,0000000,99,99,99,99,99,99,0,0,0,1,0
4,40385,1,1,0,0,0,2,2,7,0,1,8,2014,6,7,0,0,3,2,US-60,,2862,33.74511667,-110.5266833,0,1,0,0,1,1,0,4,1,10,0,10,0,0000000,7,9,7,41,8,49,0,0,0,1,0
4,40386,2,2,0,0,0,2,2,13,80,1,8,2014,6,20,10,0,14,6,GILBERT RD,GALVESTON ST,0,33.31368056,-111.7896944,0,12,6,0,2,2,0,1,3,10,0,10,0,0000000,20,11,20,15,20,39,0,0,0,1,0
4,40387,2,2,0,0,0,2,2,19,530,1,8,2014,6,23,19,1,11,1,I-10,,2653,32.15525278,-110.9056556,0,12,6,1,18,1,0,1,2,1,0,1,0,0000000,23,20,23,30,0,2,0,0,0,1,0
4,40388,2,2,0,0,0,2,2,13,0,2,8,2014,7,7,40,0,14,6,BROADWAY RD,ELLSWORTH RD,0,33.40786667,-111.6327083,0,12,1,0,3,2,0,1,1,10,0,10,0,0000000,7,43,8,6,8,28,0,0,0,1,0
4,40389,1,1,0,0,0,1,1,13,370,3,8,2014,1,6,8,0,16,6,RAIRDAN LN,,0,33.42689722,-112.0456889,0,18,0,0,1,1,0,1,3,1,0,1,0,0000000,6,45,6,49,88,88,0,0,0,1,1
4,40390,1,1,0,0,0,1,1,19,530,3,8,2014,1,7,9,0,14,6,MISSION RD,,0,32.16634722,-111.0060944,0,33,0,0,1,1,0,3,1,1,0,1,0,0000000,7,9,7,16,99,99,0,0,0,1,1
4,40391,2,2,0,0,0,7,7,5,0,7,8,2014,5,10,45,1,1,1,I-40,,2201,35.158225,-111.2636639,0,12,99,0,1,1,0,1,1,1,0,1,0,0000000,10,46,11,6,11,34,0,0,0,4,0
4,40392,1,1,0,0,0,1,1,17,0,8,8,2014,6,11,27,1,2,2,US-160,,4163,36.82364444,-109.8692583,3,35,0,0,1,1,0,4,1,1,0,1,0,0000000,99,99,99,99,99,99,0,0,0,1,1
4,40393,1,1,0,1,1,1,1,13,370,8,8,2014,6,20,32,0,14,6,NORTHERN AVE,,0,33.55310556,-112.1100111,0,15,0,0,1,1,0,1,2,1,0,1,0,0000000,20,33,20,35,20,54,0,0,0,1,0
4,40395,2,2,0,0,0,2,2,19,530,11,8,2014,2,3,42,1,11,1,I-10,,2711,32.09941667,-110.8341722,0,1,0,0,1,1,0,3,2,1,0,1,0,0000000,3,42,3,59,88,88,0,0,0,2,0
4,40396,2,2,0,0,0,3,3,19,530,14,8,2014,5,9,16,1,13,6,TUCSON BLVD,DREXEL RD,0,32.148725,-110.9350778,0,12,6,0,2,2,0,1,1,10,0,10,0,0000000,9,16,9,24,99,99,0,0,0,1,0
4,40397,3,3,0,0,0,4,4,13,60,14,8,2014,5,17,59,1,13,3,SR-85,SOUTHERN AVE,1520,33.39216944,-112.6254,0,12,6,0,2,2,0,1,1,1,0,1,0,0000000,18,1,18,3,20,35,0,0,0,1,0
4,40398,1,1,0,0,0,1,1,5,0,15,8,2014,6,3,7,1,1,1,I-40 RAMP,,1910,35.19690556,-111.7425611,0,25,0,1,5,1,0,4,2,1,0,1,0,0000000,3,7,3,32,88,88,0,0,0,1,0
4,40399,1,1,0,0,0,1,1,17,0,15,8,2014,6,20,9,0,4,3,SR-260,,3584,34.07906111,-109.8912806,0,1,0,0,1,1,0,4,5,1,0,1,0,0000000,20,0,20,2,20,50,0,0,0,1,1
4,40400,1,1,0,0,0,2,2,13,370,15,8,2014,6,23,18,1,12,3,SR-51,,132,33.63508056,-112.004375,0,1,0,0,1,1,0,4,3,1,0,1,0,0000000,23,18,23,25,23,35,0,0,0,1,0
4,40402,1,1,0,0,0,1,1,25,0,17,8,2014,1,12,54,1,1,1,I-17,,2500,34.15865833,-112.1461917,0,35,0,0,1,1,0,3,1,1,0,1,0,0000000,12,54,13,10,88,88,0,0,0,1,0
4,40403,1,1,0,0,0,1,1,19,0,19,8,2014,3,5,23,1,1,1,I-19,,494,32.00770278,-110.9921083,0,42,0,1,19,1,0,4,2,10,0,10,0,0000000,5,25,5,37,6,25,0,0,0,1,0
4,40404,1,1,0,1,1,1,1,19,530,20,8,2014,4,13,6,0,13,6,29TH ST,SWAN RD,0,32.19971944,-110.8923,0,9,0,0,2,2,0,1,1,1,0,1,0,0000000,13,6,13,11,13,35,0,0,0,1,0
4,40405,1,1,0,0,0,2,2,17,0,21,8,2014,5,12,15,1,1,1,I-40,,2682,34.97084722,-110.4652361,0,1,0,0,1,1,1,4,1,1,0,1,0,0000000,12,18,12,38,14,4,0,0,0,1,0
4,40408,2,2,0,0,0,5,5,13,60,24,8,2014,1,23,56,1,13,3,SR-85,BROADWAY RD,1530,33.40637778,-112.6254917,0,12,6,0,2,2,0,1,2,1,0,1,0,0000000,0,0,0,11,0,49,18,0,0,1,1
4,40409,4,4,0,0,0,7,7,5,0,25,8,2014,2,11,2,1,1,1,I-40,,1853,35.23512778,-111.8209417,0,12,1,1,18,1,1,1,1,1,0,1,0,0000000,11,2,11,10,99,99,26,0,0,1,0
4,40410,1,1,0,0,0,1,1,25,0,25,8,2014,2,17,48,0,6,9,BOB WHITE DR,,0,34.34236944,-112.1548694,0,34,0,0,1,1,0,4,1,10,0,10,0,0000000,17,48,17,58,19,12,0,0,0,1,1
4,40411,1,1,0,0,0,1,1,25,65,27,8,2014,4,6,56,1,2,3,SR-260,,2165,34.60241944,-111.9055194,0,35,0,0,1,1,0,4,2,2,10,2,0,0000000,7,6,7,15,88,88,0,0,0,1,0
4,40412,2,2,0,0,0,2,2,13,475,28,8,2014,5,6,53,1,13,2,US-60,99TH AVE,1482,33.59734722,-112.2719667,0,12,6,0,2,2,0,1,1,1,0,1,0,0000000,6,54,7,0,7,32,0,0,0,1,0
4,40413,2,2,0,0,0,5,5,1,222,28,8,2014,5,12,53,0,5,3,SR-373,,3895,34.02514722,-109.4503667,0,12,6,0,8,1,0,1,1,1,0,1,0,0000000,12,46,13,13,14,7,0,0,0,1,0
4,40414,1,1,0,0,0,1,1,5,0,29,8,2014,6,9,59,0,4,4,CR-LAKE MARY RD,,0,35.03222778,-111.4532611,0,17,0,0,1,1,0,4,1,1,0,1,0,0000000,9,59,10,25,88,88,0,0,0,1,0
4,40415,1,1,0,0,0,2,2,13,370,30,8,2014,7,2,9,0,13,6,CAMELBACK RD,16TH ST,0,33.50923889,-112.0477278,0,46,0,0,3,2,0,4,3,1,0,1,0,0000000,2,10,2,18,2,37,0,0,0,1,1
4,40416,1,1,0,0,0,1,1,15,260,31,8,2014,1,6,25,0,16,6,PATSY DR,,0,35.25569722,-113.9760972,0,30,0,0,1,1,0,4,4,1,0,1,0,0000000,6,26,6,39,6,45,0,0,0,1,1
4,40417,1,1,0,1,1,1,1,13,370,4,7,2014,6,2,32,0,14,6,SOUTHERN AVE,,0,33.39221389,-112.0740167,0,8,0,0,1,1,0,1,3,1,0,1,0,0000000,2,39,2,44,3,2,0,0,0,1,0
4,40418,1,1,0,0,0,1,1,13,80,7,7,2014,2,12,49,0,13,6,QUEEN CREEK RD,,0,33.26152778,-111.8799611,0,41,0,0,1,1,0,4,1,1,0,1,0,0000000,12,49,12,51,99,99,0,0,0,1,0
4,40419,2,2,0,0,0,3,3,13,290,13,7,2014,1,1,54,0,13,6,MAIN ST,HIGLEY RD,0,33.41560556,-111.7191306,0,12,6,0,2,2,0,1,3,1,0,1,0,0000000,99,99,99,99,99,99,0,0,0,1,0
4,40420,2,2,0,0,0,2,2,13,370,19,7,2014,7,15,0,0,14,6,NORTHERN AVE,,0,33.55310833,-112.1347639,0,12,7,0,1,1,0,1,1,1,0,1,0,0000000,15,0,15,5,15,20,0,0,0,1,0
4,40421,1,1,0,0,0,1,1,5,0,2,7,2014,4,21,27,0,3,3,SR-264,,3230,36.10823889,-111.2174889,3,1,0,0,99,99,0,99,6,99,0,99,0,0000000,99,99,99,99,99,99,0,0,0,1,0
4,40422,1,1,0,0,0,3,3,13,0,7,7,2014,2,3,10,0,5,8,FORT MCDOWELL RD,,0,99.99990000,999.99990000,3,1,0,0,99,99,0,99,6,99,0,99,0,0000000,99,99,99,99,88,88,0,0,0,3,0
4,40423,1,1,0,1,1,1,1,15,260,7,7,2014,2,9,25,0,16,6,KINGMAN REGIONAL DR,,0,99.99990000,999.99990000,0,8,0,0,99,99,0,1,1,99,0,99,0,0000000,9,28,9,28,9,37,0,0,0,1,0
4,40424,1,1,0,1,1,1,1,13,370,7,7,2014,2,22,37,0,14,6,32ND ST,WINDSOR AVE,0,33.47862778,-112.0129167,0,15,0,0,3,2,0,1,3,1,0,1,0,0000000,99,99,99,99,88,88,0,0,0,1,0
4,40425,2,2,0,0,0,2,2,13,0,8,7,2014,3,18,52,0,13,4,CR-INDIAN SCHOOL RD,104TH DR,0,33.49366667,-112.2849556,0,12,2,0,3,2,0,1,1,10,0,10,0,0000000,18,52,18,54,19,55,0,0,0,1,0
4,40426,1,1,0,1,1,1,1,13,370,9,7,2014,4,20,25,0,16,6,26TH DR,ROESER RD,0,33.399475,-112.1146028,0,9,0,0,2,3,0,1,3,1,0,1,0,0000000,20,25,20,26,20,52,0,0,0,1,0
4,40427,2,2,0,0,0,3,3,13,0,17,7,2014,5,21,33,0,15,4,CR-111TH AVE,CONNECTICUT AVE,0,33.59183056,-112.2987806,0,12,6,0,2,4,0,1,3,1,0,1,0,0000000,21,33,21,34,99,99,0,0,0,1,0
4,40428,1,1,0,1,1,1,1,13,370,18,7,2014,6,20,53,0,14,6,32ND ST,GRANADA RD,0,33.46868889,-112.0129056,0,8,0,0,2,3,0,1,3,1,0,1,0,0000000,99,99,99,99,99,99,0,0,0,1,1
4,40429,1,1,0,0,0,4,4,7,300,19,7,2014,7,3,55,0,6,8,FOREST ROAD 906,,0,33.37618611,-110.8702083,0,1,0,0,1,1,0,4,2,10,0,10,0,0000000,99,99,99,99,99,99,0,0,0,1,1
4,40430,1,1,0,1,1,3,3,13,370,25,7,2014,6,22,55,0,14,6,NORTHERN AVE,36TH AVE,0,33.553125,-112.1374639,0,8,0,0,2,3,0,1,6,99,0,99,0,0000000,99,99,99,99,99,99,0,0,0,1,0
4,40431,2,2,0,1,1,3,3,13,370,2,8,2014,7,21,58,1,11,1,I-10,,1529,33.41108611,-111.9872917,0,8,0,0,1,1,0,1,3,10,0,10,0,0000000,21,58,22,8,22,34,0,0,0,1,0
4,40434,1,1,0,0,0,4,4,13,420,2,8,2014,7,16,20,0,4,6,RIO VERDE DR,,0,33.74130278,-111.7755472,0,59,0,0,1,1,0,4,5,2,0,2,0,0000000,16,21,16,28,17,18,0,0,0,3,1
4,40435,2,2,0,0,0,2,2,13,420,14,8,2014,5,17,48,0,13,6,CAMELBACK RD,64TH ST,0,33.50205833,-111.9433,0,12,6,0,2,2,0,1,1,1,0,1,0,0000000,17,49,18,3,18,14,0,0,0,1,0
4,40436,2,2,0,0,0,3,3,13,0,21,8,2014,5,1,46,0,13,4,CR-51ST AVE,ESTRELLA DR,0,33.33391944,-112.16915,0,12,6,0,2,2,0,1,2,1,0,1,0,0000000,99,99,99,99,99,99,0,0,0,1,1
4,40437,1,1,0,1,1,1,1,19,0,14,8,2014,5,5,3,0,4,4,CR-AVRA VALLEY RD,,0,32.39929444,-111.1353028,0,8,0,0,1,1,0,1,2,1,0,1,0,0000000,5,9,5,15,88,88,16,0,0,1,0
4,40438,2,2,0,0,0,2,2,19,530,9,8,2014,7,10,27,0,13,6,GOLF LINKS RD,CAMINO SECO,0,32.19171667,-110.8035528,0,12,6,0,2,3,0,1,1,1,0,1,0,0000000,10,27,10,33,11,6,0,0,0,1,0
4,40439,1,1,0,1,1,1,1,13,490,7,8,2014,5,20,27,1,13,6,SCOTTSDALE RD,,0,33.44615833,-111.9264611,0,8,0,0,1,1,0,1,5,1,0,1,0,0000000,20,27,20,32,20,43,0,0,0,1,0
4,40440,1,1,0,0,0,1,1,13,370,1,8,2014,6,2,48,1,11,1,I-10 RAMP,,1360,33.46301389,-112.2169639,0,1,0,1,5,1,0,4,3,1,0,1,0,0000000,2,48,2,54,88,88,0,0,0,1,1
4,40441,1,1,0,0,0,1,1,13,0,1,8,2014,6,4,45,1,1,1,I-17,,2215,33.76119167,-112.127425,0,59,0,0,1,1,0,4,3,2,0,2,0,0000000,4,47,4,57,88,88,0,0,0,1,0
4,40442,1,1,0,0,0,2,2,5,0,9,8,2014,7,10,39,0,4,3,SR-87,,2730,34.42173056,-111.5117889,0,24,0,0,1,1,0,4,1,10,0,10,0,0000000,10,39,10,44,99,99,0,0,0,1,0
4,40443,2,2,0,0,0,2,2,9,0,12,8,2014,3,22,48,0,3,2,US-70,,3471,32.80893333,-109.585725,0,12,2,0,1,1,0,1,2,10,0,10,0,0000000,22,48,22,58,0,21,0,0,0,1,1
4,40444,1,1,0,0,0,3,3,3,0,22,8,2014,6,21,58,1,1,1,I-10,,3535,32.34210278,-109.5727444,0,1,0,0,1,1,0,3,2,1,0,1,0,0000000,21,59,22,29,88,88,0,0,0,3,0
4,40445,2,2,0,1,1,2,2,21,0,26,8,2014,3,20,51,1,13,2,US-60,,2025,33.35299722,-111.4604194,0,8,0,0,1,1,0,1,2,1,0,1,0,0000000,20,52,20,55,88,88,0,0,0,1,0
4,40446,2,2,0,0,0,8,8,5,0,30,8,2014,7,22,8,0,4,3,SR-98,,3393,36.61703889,-110.9560833,3,12,2,0,1,1,0,1,2,1,0,1,0,0000000,21,51,22,1,23,19,0,0,0,3,0
4,40447,1,1,0,1,1,4,4,25,0,28,8,2014,5,0,27,1,2,3,SR-69,,2819,34.536925,-112.2453611,0,8,0,0,1,1,0,1,2,1,0,1,0,0000000,0,27,0,31,88,88,0,0,0,1,0
4,40448,1,1,0,0,0,1,1,25,0,4,9,2014,5,12,50,0,6,4,CR-WALKER RD,,0,34.521775,-112.3924889,0,42,0,0,1,1,0,4,1,99,0,99,0,0000000,12,50,13,0,88,88,0,0,0,1,1
4,40449,4,4,0,0,0,12,12,17,0,4,9,2014,5,14,43,1,2,2,US-160,,3999,36.72498611,-110.1348389,3,12,8,0,1,1,0,1,1,10,0,10,0,0000000,14,44,15,10,16,2,0,0,0,1,0
4,40450,1,1,0,0,0,1,1,25,0,4,9,2014,5,15,47,1,2,3,SR-69,,2679,34.37687222,-112.1922917,0,38,0,0,1,1,0,4,1,1,0,1,0,0000000,15,47,15,54,17,14,0,0,0,1,0
4,40451,2,2,0,1,1,2,2,25,0,5,9,2014,6,5,2,1,1,1,I-17,,2883,34.59085556,-111.8774472,0,8,0,0,1,1,0,1,2,1,0,1,0,0000000,5,4,5,14,6,12,0,0,0,1,0
4,40452,1,1,0,1,1,2,2,19,530,6,9,2014,7,19,55,0,13,6,BROADWAY BLVD,,0,32.22151944,-110.9393167,0,8,0,0,1,1,0,1,3,1,0,1,0,0000000,19,55,19,57,99,99,0,0,0,1,0
4,40453,1,1,0,1,1,1,1,5,0,7,9,2014,1,13,18,0,4,2,US-180,,2523,35.57337778,-111.9290722,0,9,0,0,1,1,0,1,1,10,0,10,0,0000000,13,20,13,33,88,88,0,0,0,1,0
4,40454,2,2,0,0,0,2,2,13,368,8,9,2014,2,5,18,1,12,3,SR-101,,112,33.594175,-112.2604111,0,12,6,0,1,1,0,1,3,2,0,2,0,0000000,5,18,5,30,5,56,0,0,0,1,0
4,40455,2,2,0,0,0,2,2,13,475,9,9,2014,3,11,37,0,14,6,THUNDERBIRD BLVD,99TH DR,0,33.60915,-112.2701694,0,12,6,0,2,3,0,1,1,10,0,10,0,0000000,99,99,99,99,99,99,0,0,0,1,0
4,40456,2,2,0,0,0,2,2,13,190,9,9,2014,3,17,13,0,13,6,VAL VISTA DR,LAKESIDE DR,0,33.37415556,-111.7558083,0,12,6,0,2,2,0,1,1,10,0,10,0,0000000,17,15,17,24,88,88,0,0,0,1,0
4,40457,3,3,0,0,0,3,3,25,0,12,9,2014,6,17,2,1,1,1,I-17,,2461,34.107325,-112.1421556,0,12,7,0,1,1,0,1,1,1,0,1,0,0000000,17,2,17,8,88,88,0,0,0,1,1
4,40458,1,1,0,0,0,6,6,21,22,14,9,2014,1,18,57,0,16,6,TEPEE ST,,0,33.429575,-111.5656556,0,1,0,0,1,1,0,1,2,98,0,98,0,0000000,18,58,19,9,20,30,0,0,0,1,0
4,40459,2,2,0,0,0,2,2,13,0,16,9,2014,3,15,14,1,1,1,I-10,,849,33.52446944,-113.0941444,0,12,1,0,1,1,0,1,1,10,0,10,0,0000000,15,14,15,35,88,88,0,0,0,1,0
4,40460,2,1,1,0,2,1,3,13,490,17,9,2014,4,3,10,1,12,3,SR-101,,522,33.42741389,-111.8912806,0,14,0,1,19,1,0,4,3,2,0,2,0,0000000,3,10,3,21,4,10,0,0,0,1,1
4,40462,2,2,0,0,0,2,2,19,0,20,9,2014,7,2,59,1,13,4,CR-VALENCIA RD,,0,32.14159444,-110.8563194,0,18,0,0,1,1,1,1,2,1,0,1,0,0000000,2,58,3,15,3,33,14,0,0,1,1
4,40463,1,1,0,1,1,4,4,19,530,20,9,2014,7,18,28,0,13,6,PRINCE RD,,0,32.27221667,-110.9441278,0,15,0,0,8,1,0,1,5,1,0,1,0,0000000,18,28,18,35,18,49,0,0,0,1,0
4,40464,1,1,0,0,0,1,1,7,0,22,9,2014,2,17,33,1,2,3,SR-87,,2289,33.96076389,-111.3929972,0,1,0,0,1,1,0,4,1,1,0,1,0,0000000,17,39,17,53,88,88,0,0,0,1,0
4,40465,1,1,0,0,0,1,1,23,330,22,9,2014,2,19,1,1,11,1,I-19,,53,31.37210833,-110.944525,0,35,0,0,1,1,0,4,2,1,0,1,0,0000000,19,1,19,7,88,88,0,0,0,1,0
4,40466,2,2,0,0,0,3,3,19,530,23,9,2014,3,15,59,0,13,6,PRINCE RD,ROMERO RD,0,32.27234444,-111.0033861,0,12,1,0,3,2,0,1,1,1,0,1,0,0000000,16,2,16,11,16,37,0,0,0,1,0
4,40467,1,1,0,1,1,1,1,19,530,25,9,2014,5,0,23,0,13,6,ORACLE RD,JACINTO ST,0,32.25387222,-110.978225,0,9,0,0,3,2,0,1,3,1,0,1,0,0000000,0,23,0,29,0,42,0,0,0,1,1
4,40469,1,1,0,1,1,1,1,17,0,24,5,2014,7,99,99,9,99,9,UNKNOWN RD,,0,99.99990000,999.99990000,3,8,0,0,99,99,0,99,9,99,0,99,0,0000000,99,98,99,98,88,88,0,0,0,1,0
4,40470,1,1,0,0,0,1,1,17,0,6,6,2014,6,99,99,0,6,8,UNKNOWN RD,,0,99.99990000,999.99990000,3,1,0,0,1,1,0,2,9,99,0,99,0,0000000,99,99,99,99,99,99,3,0,0,1,0
4,40471,3,3,0,0,0,11,11,13,290,12,7,2014,7,14,43,1,12,3,SR-202,,133,33.45555278,-111.8386306,0,12,99,1,18,1,0,1,1,10,0,10,0,0000000,14,43,14,48,15,7,0,0,0,1,1
4,40472,2,2,0,0,0,3,3,13,370,8,8,2014,6,17,6,0,13,6,75TH AVE,,0,33.48803333,-112.2205472,0,12,6,0,1,1,0,1,1,1,0,1,0,0000000,99,99,99,99,99,99,0,0,0,2,0
4,40473,1,1,0,1,1,1,1,13,370,5,8,2014,3,19,40,0,14,6,NORTHERN AVE,,0,33.55313611,-112.1369694,0,8,0,0,1,1,0,1,3,1,0,1,0,0000000,19,41,19,45,20,1,0,0,0,1,0
4,40474,1,1,0,0,0,1,1,13,370,9,8,2014,7,11,14,0,15,6,ROESER RD,,0,33.39936667,-112.0785833,0,31,0,0,1,1,0,4,1,1,0,1,0,0000000,99,99,99,99,99,99,5,0,0,1,0
4,40476,1,1,0,0,0,4,4,13,370,17,8,2014,1,16,20,1,13,6,INDIAN SCHOOL RD,,0,33.49494167,-112.1185444,0,33,0,0,1,1,0,3,1,1,0,1,0,0000000,99,99,99,99,99,99,0,0,0,1,0
4,40477,1,1,0,1,1,1,1,13,370,24,8,2014,1,20,17,1,13,2,US-60,,1585,33.50000833,-112.1401472,0,8,0,0,1,1,0,1,3,1,0,1,0,0000000,20,18,20,19,20,47,0,0,0,1,0
4,40478,1,1,0,1,1,2,2,13,370,27,8,2014,4,20,37,0,14,6,43RD AVE,CHRITTENDEN LN,0,33.48907222,-112.1516444,0,9,0,0,3,3,0,1,3,1,0,1,0,0000000,99,99,99,99,88,88,0,0,0,1,0
4,40479,2,2,0,0,0,2,2,13,290,5,9,2014,6,9,29,1,12,7,SR-101 FRONTAGE,RIO SALADO PKWY,0,33.42928611,-111.8902833,0,12,6,1,2,4,0,1,1,1,0,1,0,0000000,9,29,9,29,9,40,0,0,0,1,0
4,40480,2,2,0,0,0,2,2,13,290,16,9,2014,3,13,47,0,15,6,RIO SALADO PKWY,,0,33.42941111,-111.8780056,0,12,2,0,1,1,0,1,1,2,0,2,0,0000000,99,99,99,99,99,99,0,0,0,1,0
4,40481,2,2,0,0,0,2,2,13,370,23,9,2014,3,6,33,0,15,6,MARYLAND AVE,41ST AVE,0,33.53119722,-112.1471167,0,12,6,0,2,2,0,1,1,1,0,1,0,0000000,6,35,6,41,7,7,0,0,0,1,0
4,40482,2,2,0,0,0,2,2,13,368,24,9,2014,4,7,45,0,14,6,83RD AVE,DEER VALLEY RD,0,33.68154167,-112.2378444,0,12,6,0,2,2,0,1,1,1,0,1,0,0000000,99,99,99,99,99,99,0,0,0,1,0
4,40483,2,2,0,0,0,2,2,17,0,12,7,2014,7,13,20,0,6,9,DIRT RD,,0,34.38087778,-110.6020556,0,12,7,0,1,1,0,1,1,1,0,1,0,0000000,13,20,13,55,88,88,0,0,0,1,0
4,40484,1,1,0,0,0,1,1,17,429,21,9,2014,1,23,26,0,6,6,COUGAR LN,,0,34.26397778,-110.0497556,0,38,0,0,1,1,0,4,3,10,0,10,0,0000000,23,28,23,34,88,88,0,0,0,1,0
4,40485,2,2,0,0,0,3,3,25,0,28,9,2014,1,9,45,0,4,3,SR-66,FORT ROCK RD,1377,35.33533333,-112.9254556,0,12,1,0,3,3,0,1,1,10,0,10,0,0000000,9,45,9,59,88,88,0,0,0,1,0
4,40488,1,1,0,0,0,1,1,13,368,4,10,2014,7,19,27,0,14,6,UNION HILLS DR,111TH AVE,0,33.65252222,-112.2985083,0,33,0,0,3,3,0,4,3,1,0,1,0,0000000,99,99,99,99,88,88,0,0,0,1,1
4,40489,2,2,0,0,0,3,3,25,120,7,10,2014,3,17,26,1,13,3,SR-89A,BATES RD,3559,34.72131389,-111.9903972,0,12,2,0,3,2,0,1,1,1,0,1,0,0000000,17,25,17,35,18,12,0,0,0,1,0
4,40490,1,1,0,1,1,1,1,19,530,7,10,2014,3,18,29,1,13,6,IRVINGTON RD,,0,32.16334444,-110.9602583,0,8,0,0,1,1,0,1,5,2,0,2,0,0000000,18,29,18,33,18,54,0,0,0,1,0
4,40494,1,1,0,1,1,1,1,13,290,10,10,2014,6,13,32,0,15,6,72ND ST,,0,33.39591944,-111.6761528,0,8,0,0,1,1,0,1,1,1,0,1,0,0000000,13,32,99,99,88,88,0,0,0,1,0
4,40495,1,1,0,0,0,1,1,13,0,17,10,2014,6,7,30,0,3,3,SR-85,,106,32.81088333,-112.7935389,0,1,0,0,1,1,0,4,1,1,0,1,0,0000000,7,39,7,45,88,88,0,0,0,1,0
4,40496,1,1,0,0,0,3,3,13,0,17,10,2014,6,12,42,1,2,3,SR-87,,2136,33.80855278,-111.4845139,0,1,0,0,1,1,0,3,1,1,0,1,0,0000000,12,43,13,20,88,88,0,0,0,1,0
4,40499,1,1,0,0,0,1,1,25,0,24,10,2014,6,6,10,1,2,3,SR-89SA,,3315,34.56280556,-112.2587167,0,52,0,0,1,1,0,3,2,1,0,1,0,0000000,6,16,6,24,88,88,0,0,0,1,1
4,40500,2,2,0,0,0,4,4,13,190,25,10,2014,7,18,43,0,13,6,BASELINE RD,DRIFTWOOD DR,0,33.37918611,-111.7626139,0,12,6,0,2,2,0,1,3,1,0,1,0,0000000,18,51,19,0,99,99,0,0,0,1,0
4,40501,4,4,0,0,0,5,5,13,290,25,10,2014,7,20,28,1,12,2,US-60,,1891,33.38659722,-111.6726583,0,12,1,1,18,1,0,1,3,1,0,1,0,0000000,20,28,20,36,88,88,14,0,0,1,1
4,40502,1,1,0,0,0,1,1,5,0,29,10,2014,4,10,1,0,3,3,SR-264,,3317,36.02457222,-111.1435389,3,1,0,0,1,1,0,4,1,1,0,1,0,0000000,10,0,10,30,88,88,0,0,0,1,0
4,40503,1,1,0,0,0,3,3,13,0,24,8,2014,1,7,15,0,15,8,ESTRELLA DR,,0,33.33387778,-112.1749222,3,34,0,0,1,1,0,4,1,1,0,1,0,0000000,99,99,99,99,99,99,0,0,0,1,0
4,40504,1,1,0,1,1,1,1,19,530,28,8,2014,5,0,54,1,11,1,I-19,,621,32.18229722,-110.9855417,0,8,0,1,18,1,0,1,3,1,0,1,0,0000000,0,54,1,3,1,31,0,0,0,1,0