STATE,ST_CASE,VE_TOTAL,VE_FORMS,PVH_INVL,PEDS,PERNOTMVIT,PERMVIT,PERSONS,COUNTY,CITY,DAY,MONTH,YEAR,DAY_WEEK,HOUR,MINUTE,NHS,ROAD_FNC,ROUTE,TWAY_ID,TWAY_ID2,MILEPT,LATITUDE,LONGITUD,SP_JUR,HARM_EV,MAN_COLL,RELJCT1,RELJCT2,TYP_INT,WRK_ZONE,REL_ROAD,LGT_COND,WEATHER1,WEATHER2,WEATHER,SCH_BUS,RAIL,NOT_HOUR,NOT_MIN,ARR_HOUR,ARR_MIN,HOSP_HR,HOSP_MN,CF1,CF2,CF3,FATALS,DRUNK_DR
4,40505,1,1,0,2,2,1,1,13,200,3,9,2014,4,19,22,0,14,6,THUNDERBIRD RD,,0,33.61072778,-112.1700778,0,8,0,0,1,1,0,1,5,1,0,1,0,0000000,19,23,19,27,19,52,0,0,0,1,0
4,40506,1,1,0,1,1,1,1,13,370,7,9,2014,1,1,0,0,14,6,BROADWAY RD,,0,33.40801944,-112.1842583,0,8,0,0,1,1,0,1,2,1,0,1,0,0000000,1,3,1,5,1,38,0,0,0,1,0
4,40507,2,2,0,0,0,6,6,13,370,7,9,2014,1,11,49,0,14,6,BEARDSLEY RD,26TH ST,0,33.66959722,-112.0266056,0,12,6,0,3,3,0,1,1,1,0,1,0,0000000,11,50,11,53,12,20,0,0,0,1,0
4,40508,1,1,0,1,1,1,1,13,370,8,9,2014,2,19,56,0,14,6,MCDOWELL RD,,0,33.46568333,-111.9925778,0,8,0,0,1,1,0,1,3,1,0,1,0,0000000,19,57,20,2,88,88,0,0,0,1,0
4,40509,2,2,0,0,0,4,4,1,0,10,9,2014,4,15,27,0,3,3,SR-264,,4555,35.71830833,-109.3914389,3,12,2,0,1,1,0,1,1,1,0,1,0,0000000,15,34,15,40,16,20,0,0,0,1,1
4,40510,3,3,0,0,0,15,15,13,368,18,10,2014,7,0,29,0,3,6,LAKE PLEASANT RD,,0,33.79783889,-112.2426917,0,12,6,0,8,1,0,1,2,1,0,1,0,0000000,0,31,0,41,1,4,0,0,0,3,1
4,40511,1,1,0,0,0,1,1,13,290,8,10,2014,4,12,22,1,12,2,US-60,,1942,33.38650278,-111.5841694,0,30,0,0,1,1,0,4,1,2,0,2,0,0000000,12,22,12,30,88,88,0,0,0,1,0
4,40512,1,1,0,0,0,1,1,19,0,10,10,2014,6,9,59,0,14,4,CR-KOLB RD,,0,32.32147222,-110.8514917,0,33,0,0,1,1,0,4,1,1,0,1,0,0000000,10,3,10,7,88,88,0,0,0,1,0
4,40513,3,3,0,0,0,5,5,19,530,10,10,2014,6,17,7,0,15,6,COLUMBUS BLVD,BELLEVUE ST,0,32.23798611,-110.9011861,0,12,6,0,2,2,0,1,5,1,0,1,0,0000000,17,7,99,99,99,99,0,0,0,1,0
4,40514,1,1,0,1,1,1,1,13,370,16,10,2014,5,0,25,0,14,6,MCDOWELL RD,,0,33.46574722,-112.0072806,0,8,0,0,1,1,0,1,3,1,0,1,0,0000000,0,26,0,30,0,40,0,0,0,1,1
4,40515,2,2,0,0,0,2,2,13,190,20,10,2014,2,14,27,0,14,6,LINDSAY RD,SASSAFRAS ST,0,33.29549444,-111.773875,0,12,6,0,2,3,0,1,1,1,0,1,0,0000000,14,29,14,34,15,1,0,0,0,1,0
4,40516,2,2,0,0,0,2,2,21,0,28,10,2014,3,4,33,1,1,1,I-10,,2307,32.52268333,-111.280825,0,12,1,0,1,1,0,1,2,1,0,1,0,0000000,4,33,4,51,88,88,0,0,0,1,0
4,40517,1,1,0,1,1,2,2,15,0,26,10,2014,1,20,42,0,14,3,SR-66,,584,35.23663056,-113.991825,0,8,0,0,1,1,0,1,2,1,0,1,0,0000000,6,30,6,35,88,88,18,0,0,1,0
4,40518,1,1,0,0,0,2,2,13,370,31,10,2014,6,1,52,1,13,6,BASELINE RD,,0,33.377725,-112.0906,0,33,0,0,1,1,0,4,3,1,0,1,0,0000000,99,99,99,99,99,99,0,0,0,1,1
4,40519,1,1,0,1,1,1,1,13,490,12,9,2014,6,20,3,0,13,6,MCCLINTOCK DR,,0,33.41338333,-111.9090972,0,8,0,0,1,1,0,1,3,1,0,1,0,0000000,20,4,20,6,20,21,0,0,0,1,1
4,40520,1,1,0,1,1,3,3,21,0,21,9,2014,1,21,44,0,14,4,CR-GANTZEL RD,,0,33.23202222,-111.5632944,0,15,0,0,1,1,0,1,2,1,0,1,0,0000000,21,44,21,50,22,43,0,0,0,1,0
4,40521,1,1,0,1,1,2,2,13,200,22,9,2014,2,17,55,0,16,6,UTOPIA RD,,0,33.66009722,-112.2246306,0,8,0,0,1,1,0,1,1,1,0,1,0,0000000,17,55,18,5,18,17,0,0,0,1,0
4,40522,1,1,0,1,1,1,1,21,0,23,9,2014,3,5,11,0,4,4,CR-COMBS RD,,0,33.21994444,-111.5707944,0,8,0,0,1,1,0,1,2,1,0,1,0,0000000,5,11,5,19,88,88,0,0,0,1,0
4,40523,2,2,0,0,0,2,2,13,490,23,9,2014,3,12,26,0,14,6,CURRY RD,COLLEGE AVE,0,33.44021667,-111.9308167,0,12,6,0,2,2,0,1,1,10,0,10,0,0000000,12,27,12,30,12,44,0,0,0,1,0
4,40524,1,1,0,1,1,1,1,13,370,26,9,2014,6,20,28,0,13,6,35TH AVE,,0,33.50003889,-112.134225,0,9,0,0,1,1,0,1,2,1,0,1,0,0000000,99,99,99,99,99,99,0,0,0,1,0
4,40525,1,1,0,1,1,2,2,13,370,13,9,2014,7,0,2,0,14,6,VAN BUREN ST,,0,33.446,-111.9674389,0,8,0,0,1,1,0,1,3,1,0,1,0,0000000,0,4,0,5,0,22,0,0,0,1,0
4,40526,1,1,0,0,0,2,2,1,0,13,9,2014,7,16,36,1,2,2,US-160,,4570,36.93395833,-109.2302083,3,1,0,0,99,99,0,99,1,99,0,99,0,0000000,99,99,99,99,99,99,0,0,0,1,0
4,40528,1,1,0,0,0,1,1,13,370,14,9,2014,1,3,15,0,13,6,NORTHERN AVE,,0,33.55310278,-112.1336722,0,33,0,0,1,1,0,4,3,1,0,1,0,0000000,3,16,3,19,3,36,0,0,0,1,1
4,40529,2,2,0,0,0,3,3,13,370,15,9,2014,2,16,10,0,14,6,BETHANY HOME RD,15TH AVE,0,33.52401389,-112.0911556,0,12,6,0,2,2,0,1,1,1,0,1,0,0000000,16,11,16,15,16,32,0,0,0,1,0
4,40530,3,3,0,0,0,5,5,25,373,18,9,2014,5,13,19,1,12,3,SR-89AS,ROBERT RD,3240,34.63996944,-112.3155694,0,12,1,1,3,2,0,1,1,1,0,1,0,0000000,13,19,13,25,14,8,0,0,0,2,0
4,40531,2,2,0,0,0,3,3,13,370,18,9,2014,5,21,7,0,14,6,67TH AVE,,0,99.99990000,999.99990000,0,12,2,0,99,99,0,1,6,99,0,99,0,0000000,99,99,99,99,99,99,20,0,0,3,1
4,40532,1,1,0,0,0,2,2,11,0,19,9,2014,6,21,27,0,16,6,SUNSET RD,,0,33.04832778,-109.320725,0,1,0,0,1,1,0,4,3,1,0,1,0,0000000,21,25,21,29,22,17,0,0,0,1,0
4,40533,2,2,0,0,0,3,3,13,370,24,9,2014,4,19,26,1,13,6,TATUM BLVD,MARILYN RD,0,33.62064444,-111.9779556,0,12,6,0,2,3,0,1,3,1,0,1,0,0000000,19,29,19,34,20,7,0,0,0,1,0
4,40534,1,1,0,0,0,1,1,13,370,30,9,2014,3,13,45,1,13,2,US-60,,1585,33.49834167,-112.1385667,0,33,0,0,99,99,0,4,1,99,0,99,0,0000000,99,99,99,99,99,99,0,0,0,1,0
4,40536,2,2,0,0,0,2,2,13,420,6,10,2014,2,6,20,0,13,6,FRANK LLOYD WRIGHT BLVD,,0,33.63663333,-111.9186417,0,1,0,0,8,1,0,1,4,1,0,1,0,0000000,6,20,6,28,88,88,14,0,0,1,0
4,40537,2,2,0,0,0,2,2,13,0,13,10,2014,2,10,24,1,1,1,I-8,,1105,32.93044722,-112.8191556,0,12,1,0,1,1,0,1,1,1,0,1,0,0000000,10,33,10,44,88,88,0,0,0,1,0
4,40538,4,4,0,0,0,6,6,13,420,14,10,2014,3,17,46,1,13,6,SCOTTSDALE RD,OSBORN RD,0,33.48761944,-111.9261611,0,12,6,0,2,2,0,1,3,1,0,1,0,0000000,17,48,17,52,18,6,0,0,0,1,0
4,40539,1,1,0,0,0,3,3,17,0,15,10,2014,4,2,19,0,4,2,US-163,,3981,36.73234722,-110.2425083,3,1,0,0,1,1,0,4,2,1,0,1,0,0000000,99,99,99,99,99,99,0,0,0,2,0
4,40540,2,2,0,0,0,2,2,21,0,23,10,2014,5,5,17,1,1,1,I-10,,1801,33.06566944,-111.8015889,3,24,0,0,1,1,0,3,4,1,0,1,0,0000000,5,19,5,30,99,99,0,0,0,1,0
4,40541,1,1,0,1,1,1,1,13,490,31,10,2014,6,10,32,0,14,6,PRIEST DR,,0,33.35053056,-111.9632028,0,33,0,0,1,1,0,4,1,1,0,1,0,0000000,10,33,10,38,11,1,0,0,0,1,0
4,40542,2,2,0,0,0,2,2,21,297,30,10,2014,5,21,49,0,16,6,HONEYCUTT RD,,0,33.05843611,-111.9954944,0,12,1,0,1,1,0,1,2,1,0,1,0,0000000,21,51,21,56,88,88,0,0,0,1,1
4,40543,1,1,0,0,0,2,2,19,530,1,11,2014,7,3,0,0,16,6,BROADWAY BLVD,FLUORIT DR,0,32.22142222,-111.0257556,0,1,0,0,3,3,0,1,2,1,0,1,0,0000000,3,1,3,4,3,27,0,0,0,1,1
4,40544,1,1,0,1,1,1,1,19,530,1,11,2014,7,22,15,0,13,6,1ST AVE,,0,32.26609722,-110.961,0,9,0,0,1,1,0,1,3,1,0,1,0,0000000,22,16,22,20,22,30,0,0,0,1,0
4,40545,1,1,0,1,1,1,1,19,530,2,11,2014,1,20,55,0,13,6,1ST AVE,NAVAJO RD,0,32.26661111,-110.961025,0,8,0,0,3,3,0,1,3,1,0,1,0,0000000,20,55,20,59,21,10,0,0,0,1,0
4,40547,2,2,0,0,0,2,2,13,0,5,11,2014,4,5,38,1,13,3,SR-85,BROADWAY RD,1530,33.40641667,-112.6255194,0,12,6,0,2,2,0,1,2,1,0,1,0,0000000,5,38,5,54,88,88,0,0,0,1,0
4,40548,2,2,0,0,0,2,2,13,368,7,11,2014,6,17,37,0,14,6,LAKE PLEASANT PKWY,BEARDSLEY RD,0,33.66713611,-112.2378806,0,12,6,0,2,2,0,1,3,1,0,1,0,0000000,17,37,17,44,18,18,0,0,0,1,2
4,40549,1,1,0,0,0,3,3,13,370,8,11,2014,7,13,22,1,11,1,I-10,,1526,33.411075,-111.9910111,0,38,0,1,19,1,0,4,1,1,0,1,0,0000000,13,22,13,32,13,46,0,0,0,1,0
4,40550,1,1,0,0,0,1,1,9,410,9,11,2014,1,0,48,0,15,6,GOLF COURSE RD,,0,32.81433333,-109.7414944,0,41,0,0,1,1,0,4,2,1,0,1,0,0000000,0,48,1,0,88,88,0,0,0,1,1
4,40552,3,3,0,0,0,4,4,19,530,10,11,2014,2,6,11,1,13,4,CR-ALVERNON WAY,CR-IRVINGTON RD,0,32.16312222,-110.9091361,0,12,6,0,2,2,0,1,4,1,0,1,0,0000000,6,13,6,21,6,55,0,0,0,1,0
4,40553,2,2,0,0,0,2,2,13,370,10,11,2014,2,17,10,0,15,6,MISSOURI AVE,,0,33.51668611,-112.0864611,0,12,2,0,1,1,0,1,1,1,0,1,0,0000000,99,99,99,99,99,99,0,0,0,1,0
4,40558,2,2,0,0,0,4,4,19,0,15,11,2014,7,19,53,0,13,4,CR-SABINO CANYON RD,CR-RIVER RD,0,32.27246111,-110.8393472,0,12,6,0,2,2,0,1,3,1,0,1,0,0000000,19,55,19,58,20,45,0,0,0,1,2
4,40559,2,2,0,0,0,3,3,23,330,17,11,2014,2,16,2,1,13,3,SR-189,TARGET RANGE RD,11,31.34755278,-110.9643806,0,12,6,0,2,3,0,1,1,1,0,1,0,0000000,16,2,16,10,16,32,0,0,0,1,0
4,40560,1,1,0,1,1,1,1,13,370,18,11,2014,3,15,19,0,13,6,WASHINGTON ST,,0,33.44822778,-111.9913417,0,8,0,0,1,1,0,1,1,1,0,1,0,0000000,99,99,99,99,99,99,0,0,0,1,0
4,40562,6,6,0,0,0,8,8,13,370,19,11,2014,4,6,47,1,11,1,I-17,,2128,33.63766389,-112.1156611,0,12,1,1,18,1,0,1,4,1,0,1,0,0000000,6,49,6,58,99,99,14,28,0,2,0
4,40563,1,1,0,1,1,2,2,5,170,21,11,2014,6,17,45,0,13,3,SR-40B,,1965,35.19635833,-111.6454778,0,8,0,0,1,1,0,1,3,1,0,1,0,0000000,17,45,17,49,18,13,0,0,0,1,0
4,40564,2,2,0,0,0,5,5,13,370,22,11,2014,7,17,51,1,12,3,SR-202,,42,33.45507222,-111.9721139,0,12,1,1,18,1,0,1,3,1,0,1,0,0000000,17,51,18,9,18,25,23,0,0,1,0
4,40565,2,2,0,0,0,2,2,13,190,26,11,2014,4,3,13,0,13,6,ELLIOT RD,MCQUEEN RD,0,33.349775,-111.8243056,0,12,6,0,2,2,0,1,3,1,0,1,0,0000000,3,15,3,20,88,88,0,0,0,2,1
4,40566,1,1,0,1,1,1,1,19,530,27,11,2014,5,10,25,0,16,6,COTTONWOOD LN,,0,32.19425556,-110.9903833,0,9,0,0,8,1,0,1,1,1,0,1,0,0000000,10,25,10,29,11,0,0,0,0,1,0
4,40568,2,2,0,0,0,4,4,25,0,29,11,2014,7,11,0,1,2,3,SR-89,MIDWAY DR,3366,34.88079167,-112.4685778,0,12,6,0,2,2,0,1,1,1,0,1,0,0000000,11,0,11,1,11,45,0,0,0,2,0
4,40570,1,1,0,0,0,2,2,19,530,30,11,2014,1,7,42,1,13,6,GOLF LINKS RD,,0,32.18416111,-110.9076417,0,33,0,0,1,1,0,3,1,1,0,1,0,0000000,7,43,7,50,7,59,0,0,0,1,0
4,40571,1,1,0,0,0,2,2,17,0,30,11,2014,1,11,24,0,4,2,US-163,,4012,36.80573889,-110.2328667,3,1,0,0,1,1,0,1,1,10,0,10,0,0000000,11,36,11,58,13,37,0,0,0,1,1
4,40572,1,1,0,0,0,2,2,19,530,30,11,2014,1,19,17,0,15,6,COUNTRY CLUB RD,,0,32.16730278,-110.9263472,0,21,0,0,1,1,0,4,2,1,0,1,0,0000000,19,10,19,19,19,38,0,0,0,2,1
4,40573,2,2,0,0,0,2,2,13,370,1,12,2014,2,17,39,1,11,1,I-10 RAMP,,1371,33.46224444,-112.2059889,0,12,1,1,20,1,0,1,5,1,0,1,0,0000000,17,39,17,46,88,88,0,0,0,1,0
4,40575,1,1,0,1,1,1,1,19,530,3,12,2014,4,19,5,0,13,6,SPEEDWAY BLVD,HARRISON RD,0,32.23537778,-110.7898667,0,8,0,0,3,2,0,1,3,1,0,1,0,0000000,19,5,19,14,19,28,0,0,0,1,0
4,40576,1,1,0,1,1,2,2,17,0,3,12,2014,4,19,10,0,3,3,SR-73,,3576,34.07803611,-109.9059083,3,8,0,0,1,1,0,1,2,2,0,2,0,0000000,19,20,19,21,19,51,0,0,0,1,0
4,40577,1,1,0,0,0,1,1,13,570,5,12,2014,6,5,4,1,13,2,US-93,,1991,33.98088611,-112.7346111,0,33,0,0,1,1,0,4,2,5,0,5,0,0000000,5,10,5,11,88,88,0,0,0,1,0
4,40578,1,1,0,0,0,1,1,19,530,5,12,2014,6,16,43,0,14,6,PRINCE RD,,0,32.27224444,-110.9401417,0,30,0,0,1,1,0,4,1,1,0,1,0,0000000,16,43,16,48,17,0,0,0,0,1,1
4,40579,1,1,0,0,0,1,1,19,530,7,12,2014,1,0,23,0,16,6,LITTLETOWN RD,,0,32.13401944,-110.8518611,0,33,0,0,1,1,0,4,3,1,0,1,0,0000000,0,23,0,33,88,88,0,0,0,1,0
4,40580,1,1,0,1,1,1,1,13,370,9,12,2014,3,17,40,0,14,6,MCDOWELL RD,48TH DR,0,33.46596944,-112.164375,0,8,0,0,2,3,0,1,3,1,0,1,0,0000000,17,40,17,45,17,55,0,0,0,1,0
4,40581,1,1,0,0,0,1,1,5,0,12,12,2014,6,23,26,0,4,3,SR-87,,2797,34.45046944,-111.4192167,0,1,0,0,1,1,0,4,2,2,0,2,0,0000000,23,26,23,40,88,88,0,0,0,1,0
4,40582,1,1,0,0,0,2,2,7,0,13,12,2014,7,11,53,0,3,2,US-60,,2774,33.64365556,-110.5750139,0,24,0,0,1,1,0,4,1,2,0,2,0,0000000,11,56,12,23,99,99,0,0,0,1,0
4,40583,1,1,0,0,0,1,1,19,530,14,12,2014,1,18,12,0,14,6,LA CHOLLA BLVD,MERLIN RD,0,32.19027778,-111.0117556,0,46,0,0,3,3,0,4,2,1,0,1,0,0000000,18,12,18,16,18,38,0,0,0,1,0
4,40585,2,2,0,0,0,2,2,19,530,23,12,2014,3,5,53,0,13,6,PRINCE RD,,0,32.27208056,-110.9799694,0,12,6,0,8,1,0,1,3,1,0,1,0,0000000,5,50,5,53,6,5,0,0,0,1,0
4,40586,1,1,0,0,0,2,2,1,0,11,8,2014,2,3,15,0,6,9,UNKNOWN RD,,0,99.99990000,999.99990000,3,5,0,0,99,99,0,99,6,99,0,99,0,0000000,99,99,99,99,99,99,0,0,0,1,0
4,40587,1,1,0,0,0,2,2,5,0,30,8,2014,7,16,4,0,4,8,STONEMAN LAKE RD,,0,34.768375,-111.5555306,0,99,99,0,99,99,0,99,1,99,0,99,0,0000000,99,99,99,99,99,99,0,0,0,1,0
4,40588,1,1,0,0,0,1,1,13,0,8,9,2014,2,11,33,0,15,4,CR-128TH AVE,,0,33.65649167,-112.3317778,0,33,0,0,1,1,0,4,1,10,0,10,0,0000000,11,34,11,39,12,9,0,0,0,1,0
4,40589,1,1,0,1,1,1,1,13,0,16,9,2014,3,22,51,0,5,4,CR-ST JOHNS RD,,0,99.99990000,999.99990000,3,8,0,0,99,99,0,99,6,99,0,99,0,0000000,99,99,99,99,99,99,0,0,0,1,0
4,40590,1,1,0,0,0,2,2,13,74,20,9,2014,7,16,22,0,16,5,BLOODY BASIN RD,,0,99.99990000,999.99990000,0,99,99,0,99,99,0,99,1,99,0,99,0,0000000,16,29,16,46,17,3,0,0,0,1,0
4,40591,1,1,0,0,0,1,1,1,0,27,9,2014,7,17,40,0,4,8,BIA 59,,0,99.99990000,999.99990000,3,1,0,0,99,99,0,6,9,99,0,99,0,0000000,99,99,99,99,99,99,0,0,0,1,0
4,40592,1,1,0,0,0,1,1,13,388,1,10,2014,4,7,0,0,14,6,ELLSWORTH RD,,0,99.99990000,999.99990000,0,99,99,0,99,99,0,99,9,99,0,99,0,0000000,99,99,99,99,99,99,0,0,0,1,0
4,40593,1,1,0,1,1,1,1,19,295,2,10,2014,5,99,99,0,16,6,HERITAGE CLUB DR,,0,99.99990000,999.99990000,0,9,0,0,99,99,0,99,9,99,0,99,0,0000000,99,99,99,99,99,99,0,0,0,1,0
4,40594,1,1,0,1,1,1,1,13,370,4,10,2014,7,2,4,0,14,6,27TH AVE,,0,99.99990000,999.99990000,0,8,0,0,1,1,0,1,6,99,0,99,0,0000000,99,99,99,99,88,88,0,0,0,1,0
4,40595,1,1,0,0,0,7,7,13,0,4,10,2014,7,7,0,0,4,3,SR-238,,120,32.99950278,-112.5002472,0,1,0,0,99,99,0,99,9,99,0,99,0,0000000,7,45,8,21,8,58,0,0,0,1,0
4,40596,2,2,0,0,0,3,3,13,370,4,10,2014,7,20,14,0,13,6,CENTRAL AVE,PIMA ST,0,33.43314722,-112.0737667,0,12,6,0,2,2,0,1,3,1,0,1,0,0000000,20,15,20,22,20,34,0,0,0,1,0
4,40597,1,1,0,0,0,2,2,1,0,4,10,2014,7,22,5,0,14,8,BIA 7,,0,99.99990000,999.99990000,3,99,99,0,99,99,0,99,6,99,0,99,0,0000000,99,99,99,99,99,99,0,0,0,1,0
4,40598,2,2,0,0,0,2,2,13,80,5,10,2014,1,0,59,0,13,6,ALMA SCHOOL RD,WARNER RD,0,33.33509167,-111.8591,0,12,1,0,2,2,0,1,3,1,0,1,0,0000000,1,0,1,3,1,20,0,0,0,1,1
4,40599,1,1,0,0,0,1,1,13,0,6,10,2014,2,99,99,0,2,3,SR-347 QUEEN CREEK RD,,99999,99.99990000,999.99990000,3,99,99,0,99,99,0,99,9,99,0,99,0,0000000,99,99,99,99,99,99,0,0,0,1,1
4,40600,3,3,0,0,0,3,3,13,370,6,10,2014,2,8,37,1,13,6,CAVE CREEK RD,SR-101 RAMP,0,33.67185833,-112.0309917,0,12,6,1,2,2,0,1,1,1,0,1,0,0000000,8,38,8,42,9,7,0,0,0,1,0
4,40601,2,2,0,0,0,2,2,13,370,8,10,2014,4,8,53,1,13,6,CAVE CREEK RD,,0,33.63936667,-112.0308472,0,1,0,0,8,1,0,1,1,10,0,10,0,0000000,8,53,8,54,9,15,0,0,0,1,0
4,40602,2,2,0,0,0,2,2,13,290,15,10,2014,4,18,59,0,13,6,SOUTHERN AVE,24TH ST,0,33.39358889,-111.7798028,0,12,6,0,2,2,0,1,3,1,0,1,0,0000000,18,59,19,6,88,88,0,0,0,1,0
4,40604,1,1,0,0,0,1,1,13,200,2,12,2014,3,2,20,0,13,6,GLENDALE AVE,,0,33.53706944,-112.2732472,0,33,0,0,1,1,0,4,3,1,0,1,0,0000000,2,22,2,26,2,53,0,0,0,1,1
4,40605,1,1,0,0,0,1,1,19,530,3,12,2014,4,20,13,0,14,6,CAMINO SECO,,0,32.23265,-110.8068389,0,1,0,0,1,1,0,1,3,10,0,10,0,0000000,20,13,20,23,20,45,0,0,0,1,0
4,40606,3,3,0,0,0,3,3,25,386,6,12,2014,7,9,58,1,13,3,SR-69,,2959,34.54825,-112.4470972,0,12,2,0,1,1,0,1,1,10,0,10,0,0000000,9,58,10,0,11,0,14,0,0,1,0
4,40607,1,1,0,0,0,5,5,13,490,12,12,2014,6,5,13,1,11,1,I-10,,1555,33.38593056,-111.9679361,0,25,0,0,1,1,0,3,3,1,0,1,0,0000000,5,13,5,19,99,99,0,0,0,1,0
4,40608,2,2,0,0,0,2,2,25,65,22,12,2014,2,15,1,1,2,3,SR-260,,2143,34.62541667,-111.9300111,0,12,2,0,1,1,0,1,1,1,0,1,0,0000000,15,1,15,8,88,88,0,0,0,1,0
4,40609,1,1,0,0,0,1,1,21,160,23,12,2014,3,17,28,0,6,6,ALSDORF RD,,0,32.74858611,-111.5247917,0,34,0,0,1,1,0,4,5,1,0,1,0,0000000,17,28,17,33,88,88,0,0,0,1,1
4,40611,3,3,0,0,0,3,3,13,190,28,10,2014,3,13,25,0,13,6,BASELINE RD,RECKER RD,0,33.37926389,-111.705125,0,12,6,0,2,2,0,1,1,1,0,1,0,0000000,99,99,99,99,88,88,0,0,0,1,0
4,40612,3,3,0,0,0,3,3,13,370,16,10,2014,5,17,30,0,13,6,35TH AVE,,0,99.99990000,999.99990000,0,12,99,0,99,99,0,1,1,99,0,99,0,0000000,99,99,99,99,99,99,0,0,0,1,0
4,40613,1,1,0,0,0,2,2,17,0,17,10,2014,6,99,99,0,4,3,SR-87,,3700,35.28782778,-110.4272917,3,99,99,0,99,99,0,99,1,99,0,99,0,0000000,99,99,99,99,99,99,0,0,0,1,0
4,40614,1,1,0,1,1,1,1,13,370,18,10,2014,7,20,26,0,13,6,35TH AVE,,0,33.55405,-112.1342833,0,8,0,0,1,1,0,1,3,1,0,1,0,0000000,20,27,20,30,20,42,0,0,0,1,1
4,40615,2,2,0,0,0,2,2,13,370,18,10,2014,7,2,48,1,13,6,INDIAN SCHOOL RD,59TH AVE,0,33.49505556,-112.1864472,0,12,99,0,2,2,0,1,3,1,0,1,0,0000000,2,49,2,53,99,99,0,0,0,1,1
4,40616,3,3,0,0,0,4,4,13,370,23,10,2014,5,11,18,0,15,6,OSBORN RD,19TH ST,0,33.48748333,-112.0411056,0,1,0,0,3,3,0,1,1,1,0,1,0,0000000,11,20,11,23,11,34,14,0,0,1,0
4,40617,1,1,0,1,1,1,1,13,370,23,10,2014,5,19,57,0,14,6,MCDOWELL RD,,0,99.99990000,999.99990000,0,8,0,0,1,1,0,1,9,99,0,99,0,0000000,99,99,99,99,99,99,0,0,0,1,0
4,40618,2,2,0,0,0,2,2,13,370,24,10,2014,6,2,34,0,14,6,UNION HILLS DR,I-17 FRONTAGE RD,0,33.65461389,-112.1139361,0,12,6,1,2,2,0,1,3,1,0,1,0,0000000,2,36,2,39,88,88,0,0,0,1,1
4,40619,2,2,0,0,0,2,2,21,110,24,10,2014,6,6,39,0,13,6,ARIZONA AVE,,0,99.99990000,999.99990000,0,12,2,0,99,99,0,1,9,99,0,99,0,0000000,99,99,99,99,88,88,0,0,0,1,0
4,40620,2,2,0,0,0,4,4,5,0,25,10,2014,7,23,8,1,2,2,US-160,,3413,36.29948056,-110.9783472,3,12,2,0,1,1,0,1,6,1,0,1,0,0000000,22,48,23,9,23,38,0,0,0,1,1
4,40621,1,1,0,1,1,1,1,1,0,26,10,2014,1,20,20,0,3,3,SR-264,,4480,35.71020556,-109.5218472,0,8,0,0,99,99,0,99,6,99,0,99,0,0000000,99,99,99,99,99,99,0,0,0,1,0
4,40622,2,2,0,0,0,3,3,13,80,29,10,2014,4,14,36,0,13,6,RAY RD,ARROWHEAD DR,0,33.3205,-111.8677389,0,12,2,0,2,2,0,1,1,1,0,1,0,0000000,99,99,99,99,99,99,0,0,0,1,0
4,40623,1,1,0,0,0,1,1,13,370,30,10,2014,5,1,21,0,13,6,CENTRAL AVE,WELDON AVE,0,33.49048056,-112.0736861,0,30,0,0,3,3,0,4,3,1,0,1,0,0000000,1,29,1,33,1,44,0,0,0,1,0
4,40624,2,2,0,0,0,3,3,13,80,31,10,2014,6,0,40,0,13,6,CHANDLER BLVD,PENNINGTON DR,0,33.30595833,-111.8720528,0,12,1,0,3,2,0,1,3,1,0,1,0,0000000,0,40,0,43,0,59,0,0,0,1,1
4,40626,1,1,0,1,1,1,1,13,370,16,11,2014,1,21,33,0,13,6,DUNLAP AVE,,0,33.56745278,-112.1316083,0,8,0,0,1,1,0,1,3,1,0,1,0,0000000,21,34,21,40,22,2,0,0,0,1,1
4,40627,1,1,0,1,1,1,1,13,200,21,11,2014,6,18,22,0,13,6,THUNDERBIRD RD,52ND DR,0,33.610725,-112.1722472,0,8,0,0,3,3,0,1,3,1,0,1,0,0000000,18,22,18,27,18,48,0,0,0,1,0
4,40628,1,1,0,0,0,1,1,7,210,5,11,2014,4,14,4,1,13,2,US-60,,2509,33.39123889,-110.7858917,0,24,0,0,1,1,0,4,1,1,0,1,0,0000000,14,4,14,6,88,88,0,0,0,1,1
4,40629,1,1,0,0,0,1,1,19,0,5,11,2014,4,23,5,0,5,8,BIA 19,,0,99.99990000,999.99990000,3,1,0,0,1,1,0,1,2,1,0,1,0,0000000,99,99,99,99,88,88,0,0,0,1,1
4,40630,1,1,0,1,1,1,1,13,370,12,11,2014,4,9,7,1,14,6,PECOS RD,,0,33.29102778,-112.0951833,0,9,0,0,1,1,0,1,1,1,0,1,0,0000000,9,6,9,13,9,36,0,0,0,1,0
4,40631,1,1,0,1,1,1,1,13,290,24,11,2014,2,23,9,0,13,6,UNIVERSITY DR,,0,33.42215,-111.8772694,0,8,0,0,1,1,0,4,3,1,0,1,0,0000000,23,9,23,14,23,32,0,0,0,1,0
4,40632,1,1,0,0,0,1,1,21,0,13,11,2014,5,12,7,0,4,4,CR-VETERNS MEMORIAL BLVD,,0,99.99990000,999.99990000,0,35,0,0,1,1,0,4,1,1,0,1,0,0000000,12,7,12,11,13,40,0,0,0,1,0
4,40634,1,1,0,0,0,1,1,7,0,11,8,2014,2,6,16,0,4,8,BIA 6,,0,99.99990000,999.99990000,3,1,0,0,1,1,0,4,8,98,0,98,0,0000000,99,99,99,99,88,88,0,0,0,1,1
4,40635,2,2,0,0,0,3,3,19,530,13,12,2014,7,9,50,1,13,6,IRVINGTON RD,HOTEL DR,0,32.16318611,-110.9146556,0,12,6,0,2,2,0,1,1,1,0,1,0,0000000,9,50,10,0,10,42,0,0,0,1,0