STATE,ST_CASE,VE_TOTAL,VE_FORMS,PVH_INVL,PEDS,PERNOTMVIT,PERMVIT,PERSONS,COUNTY,CITY,DAY,MONTH,YEAR,DAY_WEEK,HOUR,MINUTE,NHS,ROAD_FNC,ROUTE,TWAY_ID,TWAY_ID2,MILEPT,LATITUDE,LONGITUD,SP_JUR,HARM_EV,MAN_COLL,RELJCT1,RELJCT2,TYP_INT,WRK_ZONE,REL_ROAD,LGT_COND,WEATHER1,WEATHER2,WEATHER,SCH_BUS,RAIL,NOT_HOUR,NOT_MIN,ARR_HOUR,ARR_MIN,HOSP_HR,HOSP_MN,CF1,CF2,CF3,FATALS,DRUNK_DR
5,50025,1,1,0,0,0,1,1,31,2070,25,1,2014,7,12,29,0,6,6,WOODSPRINGS RD.,TWIN OAKS AVE.,0,35.82026944,-90.72501389,0,35,0,0,3,3,0,4,1,1,0,1,0,0000000,88,88,88,88,88,88,0,0,0,1,0
5,50026,2,2,0,0,0,2,2,119,2036,30,1,2014,5,18,20,1,12,2,US-67-10,,16,34.88391389,-92.10995,0,12,1,0,1,1,0,1,2,1,0,1,0,0000000,17,36,18,49,99,99,0,0,0,1,1
5,50027,1,1,0,1,1,4,4,17,2210,1,2,2014,7,18,17,1,2,2,US- 65-20,,170,33.33148611,-91.29190278,0,8,0,0,1,1,0,1,2,1,0,1,0,0000000,18,18,18,25,99,99,0,0,0,1,0
5,50028,2,2,0,0,0,6,6,145,220,1,2,2014,7,21,6,0,3,2,US- 64-11,US-67 RAMP,1,35.31854722,-91.56162778,0,12,6,1,20,1,0,1,2,2,0,2,0,0000000,21,11,21,15,99,99,0,0,0,1,0
5,50029,2,2,0,0,0,2,2,89,0,2,2,2014,1,13,11,0,3,3,SR- 14-03,,158,36.06851111,-92.57765278,0,12,2,0,1,1,0,1,1,4,10,4,0,0000000,13,52,14,25,88,88,0,0,0,1,0
5,50030,2,2,0,0,0,3,3,145,0,2,2,2014,1,14,20,1,2,2,US- 167-14,,80,35.42813889,-91.57615278,0,12,6,0,1,1,0,1,1,3,0,3,0,0000000,14,23,14,43,99,99,0,0,0,1,0
5,50031,1,1,0,0,0,1,1,85,0,4,2,2014,3,6,55,1,1,1,I- 40-41,,1739,34.80390833,-91.90050556,0,42,0,0,1,1,0,5,4,3,2,3,0,0000000,6,59,7,8,99,99,0,0,0,1,0
5,50032,1,1,0,0,0,1,1,143,0,4,2,2014,3,14,5,0,4,3,SR- 303-01,CR- 97,16,36.15117222,-93.94258056,0,59,0,0,3,3,0,4,1,1,0,1,0,0000000,14,10,14,26,99,99,0,0,0,1,1
5,50033,1,1,0,0,0,2,2,89,0,4,2,2014,3,15,15,1,2,2,US- 62-08,,69,36.25179722,-92.77485,0,59,0,0,1,1,0,4,1,10,0,10,0,0000000,15,19,15,59,99,99,0,0,0,1,0
5,50034,1,1,0,0,0,1,1,113,0,5,2,2014,4,12,49,0,4,3,SR- 375-00,CR-LITTLE WOODS LANE,67,34.57370833,-94.27213611,0,43,0,0,3,3,0,4,1,1,0,1,0,0000000,12,51,12,57,13,24,0,0,0,1,0
5,50035,5,5,0,0,0,7,7,125,570,6,2,2014,5,7,57,1,11,1,I-30-22,,1227,34.61707778,-92.50194167,0,12,1,0,1,1,0,1,1,1,0,1,0,0000000,7,57,8,13,9,0,0,0,0,1,0
5,50036,1,1,0,0,0,1,1,93,0,6,2,2014,5,15,5,0,3,2,US-61-02,,1949,35.63722222,-89.98173056,0,1,0,0,1,1,0,1,1,1,0,1,0,0000000,15,11,15,18,88,88,0,0,0,1,1
5,50037,1,1,0,0,0,2,2,127,0,7,2,2014,6,22,12,1,2,2,US-71-10,,83,34.73745278,-94.08026111,0,42,0,0,1,1,0,5,2,4,0,4,0,0000000,22,13,22,48,99,99,0,0,0,1,0
5,50038,3,3,0,0,0,4,4,143,1310,8,2,2014,7,13,43,0,16,6,JOYCE BLVD.,PARKVIEW DR.,0,36.1201,-94.13374444,0,12,1,0,2,3,0,1,1,1,0,1,0,0000000,13,44,14,3,99,99,0,0,0,1,0
5,50039,3,3,0,0,0,3,3,145,0,11,2,2014,3,15,10,1,2,2,US-67-13,,19,35.27335833,-91.66897222,0,12,1,0,1,1,0,1,1,1,0,1,0,0000000,88,88,88,88,88,88,0,0,0,1,0
5,50040,2,2,0,0,0,2,2,75,4010,12,2,2014,4,8,53,1,2,2,US-67-17,US-67B,53,36.09909722,-90.9553,0,12,6,0,2,3,0,1,1,1,0,1,0,0000000,8,53,8,59,99,99,0,0,0,1,0
5,50041,1,1,0,0,0,1,1,113,0,12,2,2014,4,21,30,0,4,3,SR-88-02,,76,34.58325556,-94.07925833,0,42,0,0,1,1,0,4,2,1,0,1,0,0000000,88,88,88,88,88,88,0,0,0,1,1
5,50042,1,1,0,0,0,1,1,113,900,15,2,2014,7,12,50,0,16,6,CS- EAST BARTON STREET,,0,34.43552778,-94.41060833,0,10,0,0,6,1,0,1,1,1,0,1,0,330483U,88,88,88,88,88,88,0,0,0,1,0
5,50043,2,2,0,0,0,2,2,59,0,15,2,2014,7,16,30,1,2,2,US- 270-07,,27,34.44061111,-92.88084722,0,12,2,0,1,1,0,1,1,1,0,1,0,0000000,88,88,88,88,88,88,0,0,0,1,1
5,50044,1,1,0,0,0,1,1,137,0,18,2,2014,3,17,34,0,6,4,CR- ROASTING EAR ROAD,,0,35.93979444,-92.28881944,0,38,0,0,1,1,0,4,1,1,0,1,0,0000000,17,37,17,50,88,88,0,0,0,1,0
5,50045,1,1,0,0,0,1,1,145,0,21,2,2014,6,22,45,1,2,2,US-67-12,,169,35.20918056,-91.726425,0,1,0,0,1,1,0,4,2,1,0,1,0,0000000,88,88,88,88,88,88,0,0,0,1,1
5,50046,2,2,0,0,0,3,3,139,0,24,2,2014,2,18,6,0,4,3,SR-7-20,SR-160,97,33.35938056,-92.75071389,0,12,6,1,2,2,0,1,5,1,0,1,0,0000000,18,11,18,26,99,99,0,0,0,1,0
5,50047,1,1,0,0,0,1,1,45,0,25,2,2014,3,21,55,0,6,4,CR-CLINTON MOUNTAIN RD.,,0,35.22225278,-92.28233889,0,35,0,0,1,1,0,4,2,1,0,1,0,0000000,21,55,22,13,99,99,0,0,0,1,0
5,50048,1,1,0,0,0,4,4,107,9997,27,2,2014,5,0,1,0,4,3,SR-44-03,,240,34.40735278,-90.81669444,0,59,0,0,1,1,0,4,2,1,0,1,0,0000000,0,1,0,15,99,99,0,0,0,1,0
5,50049,1,1,0,1,1,1,1,7,0,28,2,2014,6,21,32,1,11,1,I-540-05,,760,36.23422778,-94.16868889,0,8,0,0,1,1,0,2,2,1,0,1,0,0000000,21,33,21,39,99,99,19,0,0,1,0
5,50050,1,1,0,0,0,3,3,59,0,1,3,2014,7,0,10,0,4,3,SR- 51-04,,48,34.45231667,-92.85427222,0,35,0,0,1,1,0,4,6,1,0,1,0,0000000,0,15,0,23,1,0,0,0,0,1,1
5,50051,2,2,0,0,0,4,4,47,3000,1,3,2014,7,11,49,0,4,3,SR- 219-01,CS- MARKET STREET,1,35.48844167,-93.82696944,0,12,6,0,2,2,0,1,1,1,0,1,0,0000000,11,49,11,52,11,59,20,0,0,1,0
5,50052,2,2,0,0,0,2,2,69,0,2,3,2014,1,12,15,0,3,2,US- 63-14,CS- ST. RAPHAEL ROAD,26,34.13911667,-91.98983611,0,12,2,0,2,3,0,1,1,2,0,2,0,0000000,12,18,12,30,12,48,0,0,0,1,0
5,50053,1,1,0,0,0,3,3,7,3390,2,3,2014,1,13,55,1,11,1,I- 540-05,,826,36.30922778,-94.18536111,0,24,0,0,1,1,0,3,1,3,4,4,0,0000000,13,55,14,2,14,33,0,0,0,1,0
5,50054,2,2,0,0,0,3,3,23,0,2,3,2014,1,14,15,0,4,3,SR-025-03,,197,35.66066111,-91.91981389,0,12,2,0,1,1,0,1,1,3,0,3,0,0000000,14,14,14,41,15,37,0,0,0,1,0
5,50055,2,2,0,0,0,2,2,111,0,2,3,2014,1,17,40,1,2,3,SR- 1-15,,42,35.50628611,-90.72950833,0,12,6,0,1,1,0,1,2,3,0,3,0,0000000,17,41,18,2,99,99,0,0,0,1,0
5,50056,1,1,0,0,0,1,1,51,0,4,3,2014,3,16,40,0,6,4,CR- SOUTH HARRIS,,0,34.43020833,-93.23332778,0,24,0,0,1,1,0,4,1,1,0,1,0,0000000,16,54,17,11,88,88,0,0,0,1,1
5,50057,4,4,0,0,0,5,5,7,315,6,3,2014,5,7,26,1,13,2,US- 71-19,,92,36.45931944,-94.24487778,0,12,1,0,1,1,0,1,1,1,0,1,0,0000000,7,28,7,33,99,99,0,0,0,1,0
5,50058,2,2,0,0,0,2,2,131,1370,6,3,2014,5,7,28,0,14,3,SR-253-02,,8,35.28175278,-94.42355833,0,12,2,0,1,1,0,1,1,1,0,1,0,0000000,7,29,7,36,8,9,0,0,0,1,0
5,50059,1,1,0,0,0,1,1,125,0,7,3,2014,6,0,2,0,6,4,CR-CHICOT RD.,,0,34.59475833,-92.36610833,0,42,0,0,1,1,0,5,2,1,0,1,0,0000000,88,88,88,88,88,88,0,0,0,1,1
5,50060,2,2,0,0,0,3,3,23,0,7,3,2014,6,7,5,0,4,3,SR- 124-08,,71,35.36970833,-92.13334167,0,12,1,0,8,1,0,1,1,1,0,1,1,0000000,7,6,7,22,99,99,0,0,0,1,0
5,50061,2,2,0,1,1,3,3,119,0,11,3,2014,3,6,5,0,3,3,SR- 367-13,,9,34.59440278,-92.32521389,0,8,0,0,1,1,0,1,2,1,0,1,0,0000000,88,88,88,88,88,88,0,0,0,1,0
5,50062,1,1,0,0,0,2,2,33,0,11,3,2014,3,15,59,0,6,4,CR-HOBBTOWN RD.,,0,35.53698333,-94.28259444,0,1,0,0,1,1,0,4,1,1,0,1,0,0000000,16,4,16,14,99,99,0,0,0,1,1
5,50063,2,2,0,0,0,3,3,21,3200,15,3,2014,7,17,0,0,3,2,US-62-20,,204,36.432325,-90.25599167,0,7,0,0,1,1,0,1,1,1,0,1,0,0000000,17,1,17,9,88,88,0,0,0,1,1
5,50064,3,3,0,0,0,5,5,73,0,17,3,2014,2,14,45,1,2,2,US- 82-02,,38,33.35794444,-93.6358,0,12,8,0,1,1,0,1,1,1,0,1,0,0000000,14,50,14,56,15,56,0,0,0,1,0
5,50065,2,2,0,0,0,2,2,91,0,18,3,2014,3,7,42,1,2,2,US-82-01,,99,33.42147778,-93.85824167,0,12,6,0,1,1,0,1,1,1,0,1,0,0000000,7,50,8,5,9,7,0,0,0,1,0
5,50066,1,1,0,0,0,1,1,67,0,18,3,2014,3,23,42,0,3,3,SR-14-12,CR-37,107,35.56383333,-91.18072778,0,34,0,0,3,3,0,4,2,1,0,1,0,0000000,23,42,23,59,99,99,0,0,0,1,0
5,50067,3,3,0,0,0,5,5,119,2320,19,3,2014,4,13,51,1,11,1,I- 440-01,,56,34.7166,-92.18649444,0,12,1,1,18,1,0,1,1,1,0,1,0,0000000,13,56,14,5,99,99,0,0,0,1,1
5,50068,2,2,0,0,0,3,3,59,0,20,3,2014,5,16,43,0,4,2,US- 67-08,CR- GINGER LOOP ROAD,50,34.39239167,-92.74533333,0,12,1,0,2,3,0,1,1,1,0,1,0,0000000,16,48,16,55,17,20,0,0,0,1,0
5,50069,1,1,0,0,0,1,1,119,0,22,3,2014,7,6,30,0,6,4,CR- COOPER ORBIT ROAD,,0,34.74253889,-92.43729167,0,42,0,0,1,1,0,4,2,2,0,2,0,0000000,99,99,99,97,99,97,0,0,0,1,1
5,50070,1,1,0,0,0,2,2,143,0,22,3,2014,7,15,45,0,6,4,CR- WILSON HOLLOW ROAD,,0,36.017225,-94.14233889,0,58,0,0,1,1,0,1,1,1,0,1,0,0000000,16,1,16,6,16,44,0,0,0,1,1
5,50071,1,1,0,0,0,1,1,5,0,22,3,2014,7,16,3,0,3,3,SR- 5-19,,50,36.37954444,-92.44531111,0,42,0,0,1,1,0,5,1,1,0,1,0,0000000,16,3,16,10,99,99,0,0,0,1,0
5,50072,1,1,0,0,0,1,1,119,0,26,3,2014,4,17,20,0,6,4,CR- WOODSON LATERAL ROAD,,0,34.54786111,-92.24161944,0,42,0,0,1,1,0,4,1,1,0,1,0,0000000,17,28,17,45,18,30,0,0,0,1,0
5,50073,1,1,0,0,0,1,1,119,2880,30,3,2014,1,7,44,1,11,1,I- 40-33 RAMP,,1557,34.777925,-92.21759444,0,35,0,1,5,1,0,4,1,1,0,1,0,0000000,99,98,99,98,88,88,0,0,0,1,0
5,50074,1,1,0,0,0,1,1,87,0,30,3,2014,1,11,0,0,4,3,SR- 295-03,,87,36.14068056,-93.90286944,0,34,0,0,1,1,0,4,1,1,0,1,0,0000000,10,55,11,15,99,99,0,0,0,1,0
5,50075,1,1,0,0,0,1,1,63,0,30,3,2014,1,21,50,0,3,3,SR-69-02,,129,35.80696944,-91.689275,0,43,0,0,1,1,0,4,6,1,0,1,0,0000000,88,88,88,88,88,88,0,0,0,1,1
5,50076,1,1,0,0,0,1,1,75,4010,30,3,2014,1,23,32,1,2,2,US- 67-17,,3,36.03890833,-90.95430556,0,1,0,1,5,1,0,4,6,1,0,1,0,0000000,23,32,23,45,88,88,0,0,0,1,0
5,50077,2,2,0,0,0,2,2,55,0,31,3,2014,2,9,5,1,2,2,US- 49-02,,234,35.97211111,-90.55327778,0,12,6,0,1,1,0,1,1,1,0,1,0,0000000,9,13,9,20,99,99,0,0,0,1,0
5,50078,5,2,3,0,0,2,2,75,4010,31,3,2014,2,14,26,0,3,2,US- 412-06,CS- NE 4TH STREET,47,36.06577222,-90.95311667,0,12,6,0,2,2,0,1,1,1,0,1,0,0000000,14,26,14,31,99,99,0,0,0,1,1
5,50079,2,2,0,0,0,2,2,51,0,2,4,2014,4,20,12,0,2,3,SR-7-10,,68,34.64201111,-93.05759167,0,12,2,0,1,1,0,1,3,8,0,8,0,0000000,20,15,20,23,99,99,0,0,0,1,0
5,50080,2,2,0,0,0,2,2,35,4120,2,4,2014,4,22,45,0,16,6,CS- SOUTH LOOP DRIVE,,0,35.13974444,-90.14412222,0,12,2,0,1,1,0,1,6,1,0,1,0,0000000,99,99,99,99,88,88,0,0,0,1,0
5,50081,1,1,0,0,0,5,5,27,0,2,4,2014,4,23,0,0,6,4,CR- 53,CR- 154,0,33.28591944,-93.36085556,0,42,0,0,3,3,0,4,6,1,0,1,0,0000000,23,10,23,22,99,99,0,0,0,1,1
5,50082,1,1,0,0,0,1,1,69,3150,4,4,2014,6,20,23,0,16,6,CS- HAZEL STREET,,0,34.19266389,-92.02466389,0,38,0,0,1,1,0,5,6,1,0,1,0,0000000,20,27,20,30,88,88,0,0,0,1,0
5,50083,1,1,0,0,0,1,1,59,0,5,4,2014,7,15,34,0,4,2,US- 67-07,,169,34.34864722,-92.82035,0,1,0,0,1,1,0,5,1,1,0,1,0,0000000,99,98,99,98,88,88,0,0,0,1,1
5,50084,1,1,0,0,0,1,1,119,0,6,4,2014,1,0,16,0,6,4,CR- LINDA TRAPP CIRCLE,,0,34.83478333,-92.32545833,0,1,0,0,1,1,0,1,6,1,0,1,0,0000000,99,99,0,28,88,88,0,0,0,1,1
5,50085,2,2,0,0,0,6,6,69,0,6,4,2014,1,0,45,1,1,1,I- 530-05,,204,34.43412778,-92.19510278,0,12,1,0,1,1,0,1,6,1,0,1,0,0000000,0,58,1,13,99,99,0,0,0,2,0
5,50086,2,2,0,0,0,2,2,7,0,6,4,2014,1,13,55,1,2,2,US- 412-01,CS- FAIRMOUNT ROAD,70,36.17628611,-94.448525,0,12,6,0,2,2,0,1,1,1,0,1,0,0000000,99,99,99,99,88,88,0,0,0,1,1
5,50087,3,3,0,0,0,3,3,5,2730,7,4,2014,2,9,58,0,13,3,SR- 5-18,CS- CONE ST,190,36.33279167,-92.36548611,0,12,1,0,2,3,0,1,1,1,0,1,0,0000000,9,59,10,5,10,19,0,0,0,1,0
5,50088,1,1,0,0,0,1,1,115,0,7,4,2014,2,18,29,0,4,3,SR- 124-01,,33,35.32179722,-93.09885556,0,32,0,0,1,1,0,4,1,1,0,1,0,0000000,18,30,18,34,99,99,0,0,0,1,1
5,50089,2,2,0,0,0,3,3,35,0,8,4,2014,3,2,15,1,1,1,I-55-11,,145,35.27236111,-90.23317778,0,12,1,0,1,1,0,1,6,1,0,1,0,0000000,2,28,2,34,99,99,0,0,0,1,0
5,50090,1,1,0,0,0,1,1,85,0,9,4,2014,4,5,54,0,3,3,SR- 5-12,,87,35.06401111,-92.08618889,0,42,0,0,1,1,0,4,6,1,0,1,0,0000000,88,88,88,88,88,88,0,0,0,1,0
5,50091,2,2,0,0,0,3,3,45,0,9,4,2014,4,18,25,0,4,3,SR- 365-10,,97,34.92851111,-92.43445278,0,12,2,0,1,1,0,1,1,1,0,1,0,0000000,18,25,18,36,99,99,0,0,0,2,0
5,50092,1,1,0,0,0,1,1,41,0,11,4,2014,6,8,18,0,4,3,SR- 1-01,,21,33.642225,-91.38627222,0,10,0,0,6,1,0,1,1,1,0,1,0,441373R,99,99,99,99,88,88,0,0,0,1,0
5,50093,2,2,0,0,0,2,2,129,0,12,4,2014,7,7,44,0,3,3,SR-14-04,,139,35.98680278,-92.44055,0,12,2,0,1,1,0,1,1,1,0,1,0,0000000,88,88,88,88,88,88,0,0,0,1,0
5,50094,1,1,0,0,0,1,1,39,0,12,4,2014,7,11,45,0,3,3,SR-8-07,,37,33.93703889,-92.59842778,0,32,0,0,1,1,0,4,1,1,0,1,0,0000000,11,48,12,8,99,99,0,0,0,1,0
5,50095,1,1,0,0,0,2,2,7,0,12,4,2014,7,19,14,0,6,4,CR-OLD SPRINGTOWN RD.,,0,36.26657222,-94.43818333,0,1,0,0,1,1,0,4,5,1,0,1,0,0000000,19,15,19,20,99,99,3,0,0,2,0
5,50096,2,2,0,0,0,2,2,41,0,13,4,2014,1,11,20,1,2,2,US-65-19,,32,33.65501111,-91.41055833,0,12,1,0,1,1,0,1,1,1,0,1,0,0000000,11,19,11,24,99,99,0,0,0,1,0
5,50097,1,1,0,0,0,3,3,1,0,15,4,2014,3,20,20,0,6,4,CR-S. YODERF,US-165,0,34.29866389,-91.49238333,0,34,0,0,3,2,0,4,2,1,0,1,0,0000000,20,33,20,45,99,99,0,0,0,1,1
5,50098,2,2,0,0,0,2,2,119,2320,16,4,2014,4,21,20,0,13,3,SR-10-08,,136,34.75928611,-92.306625,0,12,6,0,8,1,0,1,3,1,0,1,0,0000000,21,22,21,26,99,99,0,0,0,1,0
5,50099,2,2,0,0,0,5,5,119,2320,17,4,2014,5,23,45,0,13,2,US- 70-12,CS- MABELVALE PIKE,34,34.71957778,-92.33377778,0,12,6,0,2,2,0,1,3,1,0,1,0,0000000,23,56,23,58,99,99,0,0,0,2,1
5,50100,1,1,0,0,0,3,3,35,0,18,4,2014,6,2,51,1,1,1,I-40-52,,2724,35.14750278,-90.27159167,0,1,0,0,1,1,0,4,2,1,0,1,0,0000000,3,17,3,27,99,99,0,0,0,1,1
5,50101,1,1,0,1,1,1,1,69,3150,18,4,2014,6,21,52,1,13,2,US- 79-09B,CS- TAFT STREET,5,34.19755,-92.05371944,0,8,0,0,2,2,0,1,3,1,0,1,0,0000000,21,55,22,0,88,88,0,0,0,1,1
5,50102,1,1,0,0,0,2,2,139,1210,20,4,2014,1,18,13,0,14,5,CS- LAKELAND DR,,0,33.18673333,-92.64669722,0,42,0,0,1,1,0,4,1,1,0,1,0,0000000,18,10,18,14,18,27,0,0,0,1,0
5,50103,2,2,0,0,0,3,3,51,0,20,4,2014,1,18,17,1,2,2,US- 270-05,CS- THORNTON FERRY ROAD,170,34.50328333,-93.12587222,0,12,6,0,2,2,0,1,1,1,0,1,0,0000000,18,18,18,24,88,88,0,0,0,1,1
5,50104,1,1,0,0,0,2,2,47,0,20,4,2014,1,20,12,0,5,3,SR- 23-06,,65,35.40404444,-93.84278611,0,42,0,0,1,1,0,4,5,1,0,1,0,0000000,20,12,20,33,99,99,0,0,0,1,1
5,50105,1,1,0,0,0,1,1,125,330,21,4,2014,2,11,20,1,1,1,I-30-22,,1150,34.55946944,-92.61435556,0,35,0,0,1,1,0,4,1,1,0,1,0,0000000,11,23,11,45,88,88,0,0,0,1,0
5,50106,1,1,0,0,0,2,2,97,0,25,4,2014,6,12,30,1,2,2,US- 270-04,,63,34.53147222,-93.53492222,0,32,0,0,1,1,0,4,1,1,0,1,0,0000000,12,41,13,12,13,43,0,0,0,1,0
5,50107,1,1,0,0,0,4,4,15,0,25,4,2014,6,14,0,0,3,3,SR- 23-10,,52,36.36458611,-93.75105833,0,42,0,0,1,1,0,4,1,1,0,1,0,0000000,14,5,14,20,15,29,0,0,0,1,0
5,50108,2,2,0,0,0,3,3,143,1310,25,4,2014,6,19,20,0,13,3,SR- 16-03,CS- HUNT LANE,55,36.04668333,-94.09227222,0,12,6,0,2,3,0,1,5,1,0,1,0,0000000,19,21,19,33,19,59,0,0,0,1,0
5,50109,2,2,0,0,0,4,4,83,480,26,4,2014,7,11,10,0,3,3,SR- 10-02,,87,35.14514444,-93.89047778,0,12,1,0,16,1,0,1,1,1,0,1,0,0000000,11,14,11,15,99,99,0,0,0,1,0
5,50110,1,1,0,0,0,1,1,79,0,26,4,2014,7,19,5,1,2,2,US- 65-16,,85,34.02908333,-91.59800556,0,34,0,0,1,1,0,4,1,1,0,1,0,0000000,19,12,19,22,88,88,0,0,0,1,1
5,50111,2,2,0,0,0,5,5,71,0,27,4,2014,1,15,10,1,1,1,I- 40-21,,634,35.41809444,-93.38962778,0,12,1,0,1,1,0,1,1,1,0,1,0,0000000,99,99,99,99,88,88,0,0,0,1,0
5,50112,1,1,0,0,0,2,2,81,0,27,4,2014,1,17,3,1,2,2,US-71-04,,11,33.56474167,-94.03586111,0,1,0,0,1,1,0,4,1,2,0,2,0,0000000,17,23,17,47,18,5,0,0,0,1,0
5,50113,2,2,0,0,0,4,4,145,220,28,4,2014,2,17,29,1,2,2,US- 167-14,SR- 367,1,35.32123611,-91.56152778,0,12,6,0,2,2,0,1,1,1,0,1,0,0000000,17,34,17,45,18,8,0,0,0,1,0
5,50114,2,2,0,0,0,2,2,55,3030,18,3,2014,3,20,1,1,13,2,US-412-09,,3,36.05260556,-90.48408611,0,12,6,0,8,1,0,1,2,1,0,1,0,0000000,20,1,20,5,99,99,0,0,0,1,0
5,50115,1,1,0,0,0,2,2,71,0,1,5,2014,5,9,28,1,1,1,I- 40-21,,476,35.49794167,-93.64106389,0,57,0,0,1,1,0,3,1,1,0,1,0,0000000,9,32,9,42,99,99,0,0,0,1,0
5,50116,2,2,0,0,0,2,2,55,3030,1,5,2014,5,10,3,1,13,2,US-49-02,CS- RECTOR ROAD,138,36.09009167,-90.475,0,12,6,0,2,2,0,1,1,1,0,1,0,0000000,10,4,10,5,10,45,0,0,0,1,0
5,50117,1,1,0,0,0,1,1,31,2070,1,5,2014,5,17,5,1,12,2,US- 63-07,,37,35.80668056,-90.63223611,0,1,0,0,1,1,0,3,1,1,0,1,0,0000000,17,11,17,12,99,99,0,0,0,1,1
5,50118,1,1,0,0,0,1,1,47,0,1,5,2014,5,17,15,0,4,3,SR- 215-00,,54,35.39449167,-94.03943611,0,42,0,0,1,1,0,4,1,1,0,1,0,0000000,17,15,17,35,88,88,0,0,0,1,1
5,50119,2,2,0,0,0,4,4,55,3030,1,5,2014,5,21,37,0,16,6,CR- PRUETTS CHAPEL ROAD,,0,36.03808333,-90.51816944,0,12,6,0,1,1,0,1,6,1,0,1,0,0000000,21,38,21,41,22,6,2,0,0,1,0
5,50120,2,2,0,0,0,2,2,59,2080,2,5,2014,6,19,15,0,6,4,CR- WEST COUNTY LINE ROAD,,0,34.43958611,-92.89408333,0,12,8,0,1,1,0,1,6,1,0,1,0,0000000,19,14,19,23,99,99,0,0,0,1,0
5,50121,2,2,0,0,0,3,3,31,2070,4,5,2014,1,15,43,0,13,3,SR- 18-04,,30,35.82117778,-90.67126944,0,12,7,0,1,1,0,1,1,1,0,1,0,0000000,15,46,15,50,99,99,0,0,0,1,0
5,50122,1,1,0,0,0,6,6,119,2880,8,5,2014,5,2,55,1,11,1,I- 430-21,,98,34.79686944,-92.38281111,0,23,0,0,1,1,0,4,2,1,0,1,0,0000000,3,3,3,9,99,99,0,0,0,1,0
5,50123,1,1,0,0,0,2,2,145,3530,10,5,2014,7,12,46,1,12,2,US- 67-12 RAMP,,196,35.23766667,-91.69918889,0,1,0,1,5,1,0,1,1,1,0,1,0,0000000,12,51,12,51,13,5,0,0,0,2,0
5,50124,1,1,0,0,0,1,1,59,0,11,5,2014,1,1,24,0,4,3,SR- 51-04,,57,34.45260278,-92.86790833,0,1,0,0,1,1,0,4,6,1,0,1,0,0000000,99,98,99,98,88,88,0,0,0,1,1
5,50125,1,1,0,0,0,1,1,35,0,15,5,2014,5,5,43,0,6,4,CR-HINKLEY ROAD,,0,35.09249722,-90.25615556,0,32,0,0,1,1,0,4,4,1,0,1,0,0000000,5,52,6,6,99,99,0,0,0,1,0
5,50126,2,2,0,0,0,2,2,85,0,15,5,2014,5,14,24,1,1,1,I- 40-41,,1741,34.80402778,-91.89616944,0,12,1,0,1,1,0,1,1,1,0,1,0,0000000,14,24,14,33,88,88,19,0,0,1,0
5,50127,1,1,0,0,0,1,1,45,860,17,5,2014,7,9,5,1,11,1,I- 40-32,,1256,35.11411389,-92.44616389,0,57,0,0,1,1,0,3,1,2,0,2,0,0000000,9,6,9,15,99,99,0,0,0,1,0
5,50128,1,1,0,0,0,1,1,51,0,18,5,2014,1,13,0,1,2,2,US- 270-05,,37,34.5214,-93.34610278,0,1,0,0,1,1,0,4,1,1,0,1,0,0000000,99,98,99,98,88,88,0,0,0,1,1
5,50129,1,1,0,0,0,1,1,47,0,19,5,2014,2,22,55,0,3,3,SR- 23-04,,12,35.24138611,-93.92013611,0,35,0,0,1,1,0,4,6,1,0,1,0,0000000,99,99,99,99,88,88,0,0,0,1,1
5,50131,1,1,0,1,1,1,1,81,0,21,5,2014,4,2,35,0,4,3,SR- 32-02,,115,33.66295833,-94.20251667,0,8,0,0,1,1,0,1,6,1,0,1,0,0000000,99,98,99,98,88,88,0,0,0,1,0
5,50132,1,1,0,0,0,1,1,31,2190,21,5,2014,4,5,16,0,6,4,CR- 691,,0,35.70872222,-90.50054167,0,1,0,0,1,1,0,1,6,1,0,1,0,0000000,5,16,5,34,88,88,0,0,0,1,0
5,50133,2,2,0,0,0,3,3,119,2320,21,5,2014,4,13,16,0,13,3,SR- 10-08,,36,34.80456111,-92.46095278,0,12,2,0,1,1,0,1,1,1,0,1,0,0000000,13,17,13,26,99,99,0,0,0,1,0
5,50134,2,2,0,0,0,2,2,59,0,22,5,2014,5,5,30,0,2,3,SR- 270-08,CR- SAND ROAD,15,34.40233889,-92.787875,0,12,6,0,2,2,0,1,1,1,0,1,0,0000000,5,36,5,42,6,15,0,0,0,1,0
5,50135,1,1,0,1,1,1,1,115,3450,23,5,2014,6,9,9,0,14,3,SR- 326-02,CS- E. PARKWAY DR.,3,35.28252778,-93.10681111,0,9,0,0,2,2,0,1,1,1,0,1,0,0000000,9,10,9,12,88,88,0,0,0,1,0
5,50136,1,1,0,0,0,1,1,73,0,23,5,2014,6,15,0,0,6,4,CR- 22,,0,33.34889722,-93.52957778,0,42,0,0,8,1,0,4,1,1,0,1,0,0000000,15,9,15,52,88,88,0,0,0,1,1
5,50137,2,2,0,0,0,2,2,33,3930,23,5,2014,6,15,10,0,16,6,CS- RENA ROAD,,0,35.46611944,-94.35549167,0,12,6,0,8,1,0,1,1,1,0,1,0,0000000,15,13,15,18,99,99,0,0,0,1,0
5,50138,2,2,0,0,0,2,2,21,0,24,5,2014,7,9,50,0,3,2,US- 62-20,CR- 311,101,36.43496944,-90.43346944,0,12,6,0,2,3,0,1,1,1,0,1,0,0000000,10,7,10,34,11,47,0,0,0,1,0
5,50139,2,2,0,0,0,7,7,89,0,26,5,2014,2,13,58,1,2,2,US-62-09,,24,36.23914167,-92.64938889,0,12,2,0,1,1,0,1,1,1,0,1,0,0000000,14,1,14,17,14,42,0,0,0,1,0