STATE,ST_CASE,VE_TOTAL,VE_FORMS,PVH_INVL,PEDS,PERNOTMVIT,PERMVIT,PERSONS,COUNTY,CITY,DAY,MONTH,YEAR,DAY_WEEK,HOUR,MINUTE,NHS,ROAD_FNC,ROUTE,TWAY_ID,TWAY_ID2,MILEPT,LATITUDE,LONGITUD,SP_JUR,HARM_EV,MAN_COLL,RELJCT1,RELJCT2,TYP_INT,WRK_ZONE,REL_ROAD,LGT_COND,WEATHER1,WEATHER2,WEATHER,SCH_BUS,RAIL,NOT_HOUR,NOT_MIN,ARR_HOUR,ARR_MIN,HOSP_HR,HOSP_MN,CF1,CF2,CF3,FATALS,DRUNK_DR
5,50140,1,1,0,1,1,1,1,69,0,27,5,2014,3,0,22,1,2,2,US- 79-09,CR- DUNKEFFIE ROAD,12,34.07568611,-92.18377778,0,8,0,0,3,98,0,1,6,1,0,1,0,0000000,99,98,99,98,88,88,0,0,0,1,0
5,50141,2,2,0,0,0,2,2,51,0,27,5,2014,3,8,10,1,2,2,US- 270-06,,54,34.46425,-92.97150556,0,1,0,0,1,1,0,1,1,1,0,1,0,0000000,8,12,8,19,8,41,0,0,0,1,0
5,50142,3,3,0,0,0,4,4,123,3010,28,5,2014,4,15,10,1,1,1,I-40-51,,2341,34.98974167,-90.89058056,0,12,1,0,1,1,4,1,1,10,0,10,0,0000000,15,25,15,47,16,23,0,0,0,1,0
5,50143,2,2,0,0,0,3,3,147,3080,29,5,2014,5,5,56,0,3,2,US- 64-14,,3,35.26971667,-91.22996111,0,12,2,0,8,1,0,1,4,2,0,2,0,0000000,5,58,6,4,99,99,0,0,0,2,0
5,50144,2,2,0,0,0,2,2,119,2320,30,5,2014,6,9,40,1,11,1,I- 30-23,,1251,34.66102222,-92.40343611,0,12,6,1,5,1,0,1,1,2,0,2,0,0000000,99,98,99,98,88,88,0,0,0,1,1
5,50145,2,2,0,0,0,4,4,35,0,30,5,2014,6,12,0,0,14,2,US-64-17,SR-118,184,35.20827778,-90.21936389,0,12,6,0,2,2,0,1,1,1,0,1,0,0000000,12,3,12,13,12,45,0,0,0,1,1
5,50146,1,1,0,0,0,1,1,31,690,31,5,2014,7,1,15,0,6,4,CR-204,,0,35.76404167,-90.88790278,0,34,0,0,1,1,0,4,2,1,0,1,0,0000000,1,12,99,98,88,88,0,0,0,1,1
5,50147,2,2,0,0,0,4,4,71,0,8,1,2014,4,12,28,0,4,3,SR- 102-01,,37,35.50875556,-93.50506111,0,12,2,0,1,1,0,1,1,12,0,12,0,0000000,12,33,13,5,99,99,0,0,0,1,0
5,50148,1,1,0,0,0,1,1,19,0,22,3,2014,7,2,16,0,6,4,CR- DEGRAY ROAD,,0,34.15922222,-93.127525,0,23,0,0,1,1,0,4,6,1,0,1,0,0000000,2,17,2,32,3,4,0,0,0,1,1
5,50149,1,1,0,0,0,1,1,21,0,1,6,2014,1,2,5,0,6,4,CR- 344,,0,36.41825833,-90.19693333,0,35,0,0,1,1,0,4,6,1,0,1,0,0000000,99,98,99,98,88,88,0,0,0,1,0
5,50150,1,1,0,0,0,1,1,137,0,1,6,2014,1,14,50,0,4,3,SR- 9-11,,102,35.81524722,-92.19981111,0,59,0,0,1,1,0,4,1,1,0,1,0,0000000,14,53,15,7,88,88,0,0,0,1,0
5,50151,1,1,0,0,0,4,4,55,3030,2,6,2014,2,99,99,0,16,6,CS- SOUTH ROCKINGCHAIR ROAD,,0,36.015875,-90.54885556,0,58,0,0,1,1,0,1,6,1,0,1,0,0000000,4,34,4,52,88,88,0,0,0,4,0
5,50152,4,2,2,21,21,2,2,141,820,2,6,2014,2,15,11,1,2,2,US-65-07,SR- 16,157,35.60516944,-92.458425,0,72,0,0,3,3,1,1,1,1,0,1,0,0000000,15,16,15,19,99,99,15,14,0,2,0
5,50153,2,2,0,0,0,2,2,59,0,5,6,2014,5,13,10,0,3,3,SR- 9-04,,89,34.26997222,-92.75721944,0,12,2,0,1,1,0,1,1,1,0,1,0,0000000,13,11,13,18,99,99,0,0,0,1,0
5,50154,1,1,0,0,0,1,1,51,0,5,6,2014,5,21,20,1,2,2,US- 270-05,,140,34.50941111,-93.17483056,0,35,0,0,1,1,0,4,6,1,0,1,0,0000000,99,98,99,98,88,88,0,0,0,1,1
5,50155,1,1,0,0,0,1,1,95,0,6,6,2014,6,8,46,0,4,3,SR-86-03,,33,34.67037222,-91.27511667,0,1,0,0,1,1,0,1,1,1,0,1,0,0000000,99,98,99,98,88,88,0,0,0,1,0
5,50156,1,1,0,0,0,2,2,145,0,7,6,2014,7,10,48,1,2,2,US- 67-13,,120,35.34349722,-91.525825,0,32,0,0,1,1,0,5,1,1,0,1,0,0000000,10,49,11,5,99,99,0,0,0,1,1
5,50157,1,1,0,0,0,1,1,51,0,7,6,2014,7,15,25,0,4,3,SR- 128-09,WINDWOOD DR.,8,34.39485556,-93.06654167,0,59,0,0,3,3,0,4,1,1,0,1,0,0000000,15,32,15,47,99,99,0,0,0,1,0
5,50158,1,1,0,0,0,1,1,119,2036,8,6,2014,1,0,24,0,14,3,SR- 161-03,CS- BURROUGHS STREET,41,34.83791111,-92.12884722,0,30,0,0,3,2,0,4,6,1,0,1,0,0000000,0,32,0,41,88,88,0,0,0,1,1
5,50159,2,2,0,0,0,3,3,43,0,9,6,2014,2,7,52,1,2,2,US- 278-14,,54,33.63376667,-91.89207778,0,12,6,0,1,1,0,1,1,2,0,2,0,0000000,7,51,7,56,99,99,0,0,0,1,0
5,50160,1,1,0,0,0,3,3,119,0,9,6,2014,2,22,0,0,6,4,CR- WEST HENSLEY ROAD,,0,34.51131667,-92.22681111,0,42,0,0,1,1,0,4,6,2,0,2,0,0000000,22,1,22,6,99,99,0,0,0,1,0
5,50161,1,1,0,0,0,2,2,29,0,11,6,2014,4,21,8,0,6,4,CR- COWFORD ROAD,,0,35.392225,-92.74744167,0,11,0,0,1,1,0,1,2,1,0,1,0,0000000,21,8,21,35,99,99,0,0,0,1,0
5,50162,2,2,0,0,0,2,2,109,0,12,6,2014,5,16,15,0,3,2,US- 70-05,,47,34.31377222,-93.61608333,0,12,2,0,1,1,0,1,1,1,0,1,0,0000000,16,22,16,29,99,99,0,0,0,1,0
5,50163,2,2,0,0,0,3,3,37,4260,12,6,2014,5,17,8,1,13,3,SR- 1-13,C.E. BRAWNER,43,35.20849167,-90.79063611,0,12,6,0,2,2,0,1,1,1,0,1,0,0000000,17,10,17,12,99,99,0,0,0,1,1
5,50164,1,1,0,1,1,1,1,145,0,13,6,2014,6,15,15,0,4,3,SR- 36-05,,29,35.22454722,-91.62495833,0,9,0,0,1,1,0,1,1,1,0,1,0,0000000,99,99,99,99,88,88,0,0,0,1,0
5,50165,1,1,0,0,0,1,1,115,3230,13,6,2014,6,18,5,1,1,1,I- 40-22,,878,35.25173611,-93.04101111,0,24,0,0,1,1,0,4,1,1,0,1,0,0000000,99,98,99,98,88,88,0,0,0,1,0
5,50166,3,3,0,0,0,7,7,125,330,13,6,2014,6,19,35,1,11,1,I- 30-22,,1205,34.60473889,-92.53705,0,12,1,0,1,1,0,1,1,1,0,1,0,0000000,19,42,20,9,20,43,0,0,0,1,0
5,50167,1,1,0,0,0,1,1,3,0,14,6,2014,7,10,25,1,2,2,US- 82-08,,215,33.18812222,-91.80803889,0,34,0,0,1,1,0,4,1,1,0,1,0,0000000,10,25,10,31,10,48,0,0,0,1,0
5,50168,2,2,0,0,0,2,2,125,0,15,6,2014,1,11,57,0,4,3,SR- 5-07,,53,34.61591389,-92.78683889,0,12,2,0,1,1,0,1,1,1,0,1,0,0000000,12,1,12,20,12,48,0,0,0,1,0
5,50169,1,1,0,0,0,1,1,51,0,15,6,2014,1,15,40,1,2,2,US- 270-05,,63,34.51765278,-93.30553611,0,59,0,0,1,1,0,4,1,1,0,1,0,0000000,99,98,99,98,88,88,0,0,0,1,0
5,50170,1,1,0,0,0,1,1,143,0,15,6,2014,1,21,50,0,6,4,CR- BLUE SPRINGS ROAD,,0,36.14399167,-94.00071667,0,42,0,0,1,1,0,4,2,1,0,1,0,0000000,22,5,22,16,88,88,0,0,0,1,1
5,50171,1,1,0,0,0,4,4,13,0,16,6,2014,2,13,45,1,2,2,US- 167-03,,85,33.45146111,-92.47408889,0,35,0,0,1,1,0,4,1,1,0,1,0,0000000,13,45,13,49,15,0,0,0,0,1,0
5,50172,1,1,0,1,1,1,1,83,480,17,6,2014,3,21,28,0,3,3,SR- 23-03,E EDWARDS ST,17,35.13067778,-93.92293889,0,8,0,0,3,3,0,1,3,1,0,1,0,0000000,99,98,99,98,88,88,0,0,0,1,0
5,50173,2,2,0,0,0,2,2,93,0,18,6,2014,4,7,2,0,2,3,SR- 18-06,,20,35.85501667,-90.13908333,0,12,2,0,1,1,0,1,1,1,0,1,0,0000000,7,6,7,29,99,99,0,0,0,1,0
5,50174,1,1,0,0,0,2,2,131,1370,18,6,2014,4,11,49,0,16,6,CS- ALABAMA,CS- NORTH 46TH STREET,0,35.38366389,-94.38049722,0,5,0,0,2,3,0,1,1,1,0,1,0,0000000,11,50,11,56,99,99,0,0,0,1,1
5,50175,2,2,0,0,0,3,3,37,0,18,6,2014,4,14,0,0,3,2,US- 64-15,CR- 145,30,35.25171111,-90.98675,0,12,6,0,2,2,0,1,1,1,0,1,0,0000000,14,0,14,10,99,99,0,0,0,1,0
5,50176,1,1,0,0,0,1,1,145,0,18,6,2014,4,23,25,0,4,3,SR- 310-01,,61,35.34571667,-91.88479444,0,1,0,0,1,1,0,1,2,1,0,1,0,0000000,99,98,99,98,88,88,0,0,0,1,0
5,50177,2,2,0,0,0,4,4,33,0,19,6,2014,5,6,59,0,4,2,US- 64-02,CR- FIREFLY LANE,107,35.48795278,-94.18430278,0,12,2,0,3,3,0,1,1,1,0,1,0,0000000,6,59,7,7,99,99,0,0,0,1,0
5,50178,1,1,0,0,0,3,3,61,0,19,6,2014,5,21,2,0,4,3,SR- 84-01,,43,34.31183611,-94.00404722,0,17,0,0,1,1,0,4,2,1,0,1,0,0000000,21,2,21,42,21,58,0,0,0,1,0
5,50179,3,3,0,0,0,3,3,7,0,20,6,2014,6,4,30,0,3,3,SR- 59-01,,218,36.22994722,-94.49505,0,12,2,0,1,1,0,1,2,1,0,1,0,0000000,4,37,4,47,99,99,14,0,0,1,0
5,50180,1,1,0,0,0,1,1,101,0,20,6,2014,6,12,25,0,4,3,SR- 123-01,,105,35.98794722,-93.04142778,0,24,0,0,1,1,0,4,1,1,0,1,0,0000000,99,99,99,99,88,88,0,0,0,1,0
5,50181,1,1,0,1,1,1,1,143,3670,20,6,2014,6,16,10,0,16,6,CS- LARIAT STREET,,0,36.17710833,-94.09918889,0,8,0,0,4,1,0,1,1,1,0,1,0,0000000,88,88,88,88,88,88,0,0,0,1,0
5,50182,2,2,0,0,0,3,3,103,0,20,6,2014,6,22,30,1,12,3,SR- 7-03,SR- 376,127,33.53577778,-92.82667222,0,12,6,1,2,2,0,1,2,1,0,1,0,0000000,22,33,22,48,99,99,0,0,0,1,0
5,50183,1,1,0,0,0,1,1,119,2320,21,6,2014,7,1,55,0,13,3,SR- 5-09,CS- MARIGOLD,58,34.70787778,-92.38077222,0,33,0,0,3,3,0,4,3,1,0,1,0,0000000,2,1,2,8,2,32,0,0,0,1,0
5,50184,2,2,0,0,0,4,4,75,0,21,6,2014,7,19,38,0,3,3,SR-25-06,,133,36.03243056,-91.22654444,0,12,2,0,1,1,0,1,1,1,0,1,0,0000000,19,38,19,57,99,99,0,0,0,1,0
5,50185,4,4,0,0,0,6,6,69,3150,22,6,2014,1,17,42,1,11,1,I-530-05,,454,34.19534167,-91.97621389,0,1,0,0,1,1,0,1,1,1,0,1,0,0000000,17,49,17,55,18,23,0,0,0,1,0
5,50186,2,2,0,0,0,2,2,47,0,23,6,2014,2,11,40,0,3,3,SR- 22-02,,72,35.305475,-93.95510556,0,12,8,0,1,1,0,1,1,1,0,1,0,0000000,11,41,11,54,12,32,0,0,0,1,0
5,50187,2,2,0,0,0,2,2,45,0,23,6,2014,2,14,30,1,2,2,US- 64-09,,70,35.07795278,-92.31164167,0,12,2,0,1,1,0,1,1,1,0,1,0,0000000,14,29,14,29,99,99,0,0,0,1,1
5,50188,1,1,0,0,0,2,2,15,0,23,6,2014,2,23,11,0,4,3,SR- 23-11,,75,36.45725556,-93.70473056,0,1,0,0,1,1,0,5,6,1,0,1,0,0000000,99,99,9,4,88,88,0,0,0,2,0
5,50189,3,3,0,1,1,4,4,51,0,24,6,2014,3,19,5,1,2,2,US- 70-09,,135,34.55608333,-92.80703889,0,12,7,0,1,1,0,1,1,1,0,1,0,0000000,19,10,19,30,20,29,0,0,0,1,0
5,50190,2,2,0,0,0,3,3,141,820,25,6,2014,4,11,0,1,2,2,US- 65-08,,24,35.57011111,-92.45201111,0,12,6,0,4,1,0,1,1,1,0,1,0,0000000,11,8,11,9,11,20,0,0,0,1,0
5,50191,2,2,0,0,0,4,4,123,3010,25,6,2014,4,15,34,1,1,1,I-40-51,,2334,34.98505278,-90.90183611,0,12,1,0,1,1,4,1,1,1,0,1,0,0000000,15,35,15,45,99,99,0,0,0,1,0
5,50192,2,2,0,0,0,3,3,29,0,26,6,2014,5,12,55,0,4,3,SR- 92-01,,42,35.21017778,-92.61916667,0,12,2,0,1,1,0,1,1,2,0,2,0,0000000,12,58,13,8,99,99,0,0,0,1,0
5,50193,1,1,0,0,0,1,1,109,0,27,6,2014,6,5,40,0,3,3,SR- 8-04,,43,34.28195556,-93.50488333,0,42,0,0,1,1,0,5,4,2,0,2,0,0000000,6,1,6,8,88,88,0,0,0,1,0
5,50194,1,1,0,0,0,1,1,87,0,27,6,2014,6,22,10,0,3,3,SR- 23-08,,64,35.83513611,-93.75185833,0,32,0,0,1,1,0,4,2,1,0,1,0,0000000,99,99,99,99,88,88,0,0,0,1,1
5,50195,2,2,0,0,0,6,6,45,2600,27,6,2014,6,23,55,1,1,1,I- 40-32,,1354,34.97164444,-92.41887222,0,12,1,0,1,1,1,1,2,1,0,1,0,0000000,23,56,0,9,99,99,0,0,0,1,1
5,50196,1,1,0,0,0,1,1,93,0,28,6,2014,7,5,30,0,2,3,SR- 18-06,,131,35.89823056,-89.96644167,0,34,0,0,1,1,0,4,2,1,0,1,0,0000000,6,2,6,15,88,88,0,0,0,1,1
5,50197,1,1,0,0,0,1,1,97,0,29,6,2014,1,19,58,0,4,3,SR- 88-03,,1,34.581125,-93.93180833,0,42,0,0,1,1,0,5,1,1,0,1,0,0000000,99,98,99,98,88,88,0,0,0,1,1
5,50198,2,2,0,0,0,2,2,119,2320,30,6,2014,2,13,20,0,16,4,CR- SLOANE,,0,34.70739722,-92.20621389,0,12,2,0,4,1,0,1,1,1,0,1,0,0000000,13,23,13,30,88,88,0,0,0,1,0
5,50199,2,2,0,0,0,6,6,119,2320,3,7,2014,5,2,5,1,11,1,I- 630-21,,11,34.7415,-92.28279167,0,12,7,0,1,1,0,1,2,1,0,1,0,0000000,2,9,2,13,2,35,0,0,0,1,0
5,50200,1,1,0,0,0,4,4,119,3787,3,7,2014,5,8,9,0,6,4,CR-HARPER RD.,,0,34.68618889,-92.23678056,0,10,0,0,6,1,0,1,1,1,0,1,0,426260X,8,12,8,25,10,22,0,0,0,1,0
5,50201,2,2,0,0,0,2,2,49,0,5,7,2014,7,17,25,0,4,3,SR- 223-03,,36,36.44073889,-91.96859444,0,12,2,0,1,1,0,1,1,1,0,1,0,0000000,17,25,17,40,99,99,0,0,0,1,1
5,50202,3,3,0,0,0,5,5,69,0,5,7,2014,7,23,2,0,3,2,US- 63-14,,17,34.14869722,-91.99775,0,12,2,0,1,1,0,1,2,1,0,1,0,0000000,23,3,23,13,99,99,0,0,0,2,1
5,50203,1,1,0,0,0,1,1,107,0,6,7,2014,1,10,25,0,4,3,SR-44-03,,239,34.40677778,-90.817225,0,32,0,0,1,1,0,5,1,1,0,1,0,0000000,99,98,99,98,88,88,0,0,0,1,0
5,50204,2,2,0,0,0,3,3,7,1570,8,7,2014,3,7,38,0,4,3,SR- 72-02,BLUE BIRD ROAD,47,36.42858611,-94.37873333,0,12,2,0,3,98,0,1,1,1,0,1,0,0000000,7,39,7,52,99,99,0,0,0,1,0
5,50205,4,4,0,0,0,5,5,99,0,8,7,2014,3,23,55,1,1,1,I- 30-13,,428,33.79915556,-93.43928611,0,12,1,0,1,1,0,1,2,5,0,5,0,0000000,0,0,0,15,99,99,0,0,0,1,0
5,50206,1,1,0,1,1,2,2,59,0,9,7,2014,4,4,19,0,4,3,SR- 283-02,,6,34.24441944,-93.07594444,0,8,0,0,1,1,0,1,2,2,0,2,0,0000000,4,21,4,36,5,3,0,0,0,1,0
5,50207,1,1,0,0,0,1,1,139,1210,9,7,2014,4,15,37,9,16,6,CS- MARTIN LUTHER KING BLVD.,,0,33.21056111,-92.64814167,0,59,0,0,1,1,0,4,1,1,0,1,0,0000000,15,37,15,39,16,25,0,0,0,1,0
5,50208,5,5,0,0,0,5,5,119,2880,9,7,2014,4,16,56,1,11,1,I- 40-33,,1604,34.78418611,-92.13578056,0,12,1,0,1,1,0,1,1,1,0,1,0,0000000,16,59,17,11,99,99,0,0,0,1,0
5,50209,1,1,0,0,0,1,1,143,0,9,7,2014,4,22,0,9,6,4,CR- NATURAL WALK ROAD,,0,36.19917778,-93.99282778,0,1,0,0,1,1,0,4,2,1,0,1,0,0000000,22,10,22,23,88,88,0,0,0,1,1
5,50210,2,2,0,0,0,3,3,85,0,10,7,2014,5,5,45,1,2,2,US- 165-08,,198,34.56081944,-91.97813056,0,12,2,0,1,1,0,1,4,5,0,5,0,0000000,5,43,5,49,88,88,0,0,0,1,0
5,50211,1,1,0,1,1,1,1,33,0,10,7,2014,5,5,46,9,6,4,CR- POINTER TRAIL EAST,,0,35.45790556,-94.31738611,0,8,0,0,1,1,0,1,4,1,0,1,0,0000000,5,47,5,55,99,99,0,0,0,1,0
5,50212,2,2,0,0,0,2,2,85,0,10,7,2014,5,20,6,0,3,3,SR- 294-02,CS- MOODY ROAD,18,34.8489,-92.04536944,0,12,2,0,2,3,0,1,5,1,0,1,0,0000000,20,6,20,20,99,99,0,0,0,1,0
5,50213,1,1,0,0,0,1,1,45,0,10,7,2014,5,22,23,0,4,3,SR- 36-01,,40,35.12626389,-92.28286111,0,34,0,0,1,1,0,4,2,1,0,1,0,0000000,99,98,99,98,88,88,0,0,0,1,0
5,50214,1,1,0,0,0,1,1,5,0,11,7,2014,6,8,30,0,4,3,SR- 341-00,,94,36.09646944,-92.33773611,0,11,0,0,1,1,0,1,1,1,0,1,0,0000000,8,35,9,11,88,88,0,0,0,1,0
5,50215,2,1,1,0,1,1,2,119,2320,12,7,2014,7,4,38,1,11,1,I-30-23,,1317,34.67663889,-92.36384722,0,14,0,0,1,1,0,2,2,1,0,1,0,0000000,4,40,4,44,88,88,0,0,0,1,1
5,50216,2,2,0,0,0,7,7,15,0,12,7,2014,7,17,0,0,3,3,SR- 23-10,CS- BLUEBIRD LN.,34,36.34256667,-93.75367222,0,12,6,0,2,3,0,1,1,1,0,1,0,0000000,17,3,17,23,18,13,0,0,0,1,0
5,50217,1,1,0,1,1,1,1,145,2090,14,7,2014,2,6,3,0,4,3,SR-367-14,CS- WEST MILITARY ROAD,20,35.272425,-91.65875556,0,9,0,0,2,2,0,1,1,1,0,1,0,0000000,99,99,99,99,99,99,0,0,0,1,0
5,50218,1,1,0,1,1,1,1,143,3250,15,7,2014,3,7,41,0,3,2,US-62-01,,173,36.00331111,-94.28584167,0,8,0,0,1,1,0,2,1,1,0,1,0,0000000,7,41,7,46,88,88,0,0,0,1,0
5,50219,1,1,0,0,0,1,1,45,860,15,7,2014,3,16,27,9,16,6,CS- EAST GERMAN LANE,,0,35.06901944,-92.4017,0,32,0,0,1,1,0,4,1,1,0,1,0,0000000,16,26,16,37,99,99,0,0,0,1,0
5,50220,1,1,0,0,0,1,1,59,0,16,7,2014,4,17,45,0,4,2,US-67-07,,114,34.28109167,-92.86520556,0,32,0,0,1,1,0,4,1,1,0,1,0,0000000,17,50,18,0,88,88,0,0,0,1,0
5,50221,3,3,0,0,0,5,5,141,0,17,7,2014,5,16,55,0,4,3,SR-124-07,,59,35.38248056,-92.28735278,0,12,8,0,1,1,0,1,1,1,0,1,0,0000000,99,98,99,98,88,88,0,0,0,2,0
5,50222,1,1,0,0,0,1,1,87,0,20,7,2014,1,1,15,0,4,3,SR-295-03,,46,36.08300556,-93.90863889,0,34,0,0,1,1,0,4,2,1,0,1,0,0000000,1,15,1,35,99,99,0,0,0,1,1
5,50223,1,1,0,1,1,1,1,119,2320,21,7,2014,2,6,8,0,16,6,CS- NORTH HUGHES STREET,,0,34.75375833,-92.34996111,0,8,0,0,1,1,0,1,2,1,0,1,0,0000000,6,9,6,13,99,99,0,0,0,1,0
5,50224,2,2,0,0,0,2,2,111,0,21,7,2014,2,9,23,1,2,2,US-63-08,,17,35.68545278,-90.5529,0,12,6,0,1,1,0,1,1,1,0,1,0,0000000,9,24,9,28,99,99,0,0,0,2,0
5,50225,1,1,0,0,0,1,1,111,0,21,7,2014,2,18,39,0,4,3,SR-163-04,,4,35.56589444,-90.70218889,0,42,0,0,1,1,0,5,1,1,0,1,0,0000000,18,42,19,10,99,99,0,0,0,1,0
5,50226,1,1,0,1,1,2,2,135,0,24,7,2014,5,23,35,1,2,2,US-63-02,,86,36.28073056,-91.38425556,0,8,0,0,8,1,0,1,2,1,0,1,0,0000000,23,41,99,99,88,88,0,0,0,1,0
5,50227,2,2,0,0,0,2,2,143,3670,25,7,2014,6,15,27,0,9,6,CS-DON TYSON PARKWAY,,0,36.15776111,-94.13843611,0,33,0,0,1,1,0,4,1,1,0,1,0,0000000,15,29,15,35,15,49,0,0,0,1,1
5,50228,1,1,0,0,0,3,3,147,0,26,7,2014,7,1,18,0,3,3,SR- 38-02,,35,35.00596944,-91.30552222,0,32,0,0,1,1,0,4,2,1,0,1,0,0000000,99,98,99,98,88,88,0,0,0,3,1
5,50229,2,2,0,0,0,4,4,139,0,26,7,2014,7,16,37,1,2,2,US- 167-01,,41,33.0652,-92.69283611,0,12,2,0,1,1,0,1,1,1,0,1,0,0000000,16,41,16,52,17,35,0,0,0,1,0
5,50230,1,1,0,0,0,1,1,149,0,27,7,2014,1,11,45,0,4,3,SR- 154-02,,125,35.11099444,-93.22254722,0,32,0,0,1,1,0,4,1,1,0,1,0,0000000,11,52,11,58,88,88,0,0,0,1,0
5,50231,2,2,0,0,0,3,3,115,3230,27,7,2014,1,16,53,0,4,3,SR-331-00,CS- PISGAH,20,35.25333056,-93.07688056,0,12,6,0,2,2,0,1,1,1,0,1,0,0000000,16,54,16,59,99,99,0,0,0,1,0
5,50232,2,2,0,0,0,3,3,119,2320,28,7,2014,2,14,19,9,16,6,CS- CHICOT,CS- MABELVALE CUTOFF,0,34.655075,-92.36316667,0,12,6,0,2,2,0,1,1,1,0,1,0,0000000,14,17,14,20,14,59,0,0,0,1,0
5,50233,1,1,0,0,0,2,2,19,0,29,7,2014,3,0,30,9,6,4,CR- MAY ROAD,,0,33.96436111,-93.34240833,0,24,0,0,1,1,0,4,2,1,0,1,0,0000000,9,44,10,2,11,3,0,0,0,1,1
5,50234,2,2,0,0,0,2,2,3,0,30,7,2014,4,6,50,1,2,2,US- 425-02,,10,33.24457222,-91.79669444,0,12,8,0,1,1,0,1,1,1,0,1,0,0000000,7,8,7,10,99,99,0,0,0,1,0
5,50235,1,1,0,1,1,1,1,35,0,31,7,2014,5,2,0,1,2,7,I-55-11 SERVICE ROAD,,140,35.26586389,-90.22947222,0,8,0,0,1,1,0,1,2,1,0,1,0,0000000,99,98,99,98,88,88,0,0,0,1,0
5,50236,1,1,0,0,0,1,1,115,0,31,7,2014,5,9,47,1,1,1,I-40-22,,966,35.25095278,-92.88987222,0,24,0,0,1,1,0,4,1,2,0,2,0,0000000,99,98,99,98,88,88,0,0,0,1,0
5,50237,1,1,0,0,0,3,3,51,0,31,7,2014,5,21,30,9,6,4,CR- GLAZEY PEAU,,0,34.61126667,-93.09230556,0,34,0,0,1,1,0,4,2,2,0,2,0,0000000,21,30,21,41,99,99,0,0,0,1,0
5,50238,1,1,0,0,0,1,1,139,0,31,7,2014,5,23,25,0,4,3,SR-129-01,,55,33.0688,-92.224275,0,35,0,0,1,1,0,4,2,2,0,2,0,0000000,23,26,23,51,99,99,0,0,0,1,1
5,50239,1,1,0,0,0,1,1,45,0,5,2,2014,4,15,21,9,6,4,CR- PICKLES GAP ROAD,CR- COLTON LN,0,35.11858056,-92.37339444,0,53,0,0,3,3,0,4,1,1,0,1,0,0000000,99,98,99,98,88,88,0,0,0,1,0
5,50240,2,2,0,0,0,9,9,75,4010,23,6,2014,2,12,9,0,3,2,US-67-16B,CS- FREE STREET,24,36.06571944,-90.95967778,0,12,6,0,2,2,0,1,1,1,0,1,0,0000000,12,9,12,10,99,99,0,0,0,1,0
5,50241,1,1,0,0,0,2,2,99,0,1,8,2014,6,3,0,0,3,2,US- 371-05,CS- 3RD STREET,4,33.79571667,-93.38556667,0,59,0,0,3,3,0,4,2,2,0,2,0,0000000,3,0,3,10,99,99,0,0,0,1,0
5,50242,2,2,0,0,0,2,2,43,0,1,8,2014,6,6,20,0,4,2,US- 278-15,,57,33.63618611,-91.70581944,0,12,6,0,1,1,0,1,4,2,0,2,0,0000000,6,21,6,34,88,88,0,0,0,1,0
5,50243,1,1,0,0,0,3,3,121,3190,2,8,2014,7,2,41,9,16,6,CS- PYBURN EXT,,0,36.26761944,-90.98366389,0,42,0,0,1,1,0,4,2,1,0,1,0,0000000,2,41,2,49,99,99,0,0,0,1,1
5,50244,2,2,0,0,0,2,2,67,0,2,8,2014,7,7,56,0,5,3,SR- 145-00,CR- 620,44,35.75197222,-91.19764722,0,12,6,0,2,2,0,1,1,1,0,1,0,0000000,7,58,8,11,99,99,0,0,0,1,0
5,50245,2,2,0,0,0,4,4,145,0,3,8,2014,1,12,45,0,3,3,SR- 5-14,SR-31,97,35.23666944,-92.06934444,0,12,6,0,2,3,0,1,1,1,0,1,0,0000000,12,50,13,20,99,99,0,0,0,1,0
5,50246,1,1,0,0,0,1,1,109,0,3,8,2014,1,20,0,0,4,3,SR- 195-06,,34,33.99170833,-93.52281111,0,34,0,0,1,1,0,4,5,1,0,1,0,0000000,99,98,99,98,88,88,0,0,0,1,0
5,50247,1,1,0,0,0,3,3,125,0,4,8,2014,2,2,12,9,6,4,CR- MIDLAND ROAD,,0,34.65659722,-92.47366667,0,42,0,0,1,1,0,4,2,1,0,1,0,0000000,2,20,2,38,3,26,0,0,0,1,0
5,50248,1,1,0,0,0,1,1,143,2057,7,8,2014,5,8,13,1,11,1,I-540-04,,690,36.13801944,-94.18260556,0,42,0,0,1,1,0,4,1,2,0,2,0,0000000,99,98,99,98,88,88,0,0,0,1,0
5,50249,2,2,0,0,0,2,2,129,0,7,8,2014,5,18,7,0,3,3,SR- 14-04,,95,35.98362222,-92.49144722,0,12,8,0,1,1,0,1,1,1,0,1,0,0000000,99,99,99,99,88,88,0,0,0,1,1
5,50250,2,2,0,1,1,3,3,63,0,7,8,2014,5,22,11,1,2,2,US- 167-17,,138,35.71605833,-91.635125,0,9,0,0,1,1,0,1,2,1,0,1,0,0000000,22,13,22,19,99,99,0,0,0,1,0
5,50251,1,1,0,0,0,1,1,3,0,7,8,2014,5,23,34,9,6,4,CR- 7E,,0,33.12088611,-91.90358611,0,11,0,0,1,1,0,1,2,1,0,1,0,0000000,23,34,23,43,88,88,0,0,0,1,1
5,50252,1,1,0,0,0,5,5,143,3670,11,8,2014,2,3,58,9,16,6,CS- MEADOW STREET,,0,36.184225,-94.12949167,0,33,0,0,1,1,0,4,3,1,0,1,0,0000000,3,57,4,1,4,17,0,0,0,1,1
5,50253,1,1,0,0,0,1,1,117,0,11,8,2014,2,22,53,0,3,3,SR- 11-10,CS- PAM LANE,56,35.05908056,-91.52244444,0,34,0,0,8,1,0,4,2,1,0,1,0,0000000,99,98,99,98,88,88,0,0,0,1,1