STATE,ST_CASE,VE_TOTAL,VE_FORMS,PVH_INVL,PEDS,PERNOTMVIT,PERMVIT,PERSONS,COUNTY,CITY,DAY,MONTH,YEAR,DAY_WEEK,HOUR,MINUTE,NHS,ROAD_FNC,ROUTE,TWAY_ID,TWAY_ID2,MILEPT,LATITUDE,LONGITUD,SP_JUR,HARM_EV,MAN_COLL,RELJCT1,RELJCT2,TYP_INT,WRK_ZONE,REL_ROAD,LGT_COND,WEATHER1,WEATHER2,WEATHER,SCH_BUS,RAIL,NOT_HOUR,NOT_MIN,ARR_HOUR,ARR_MIN,HOSP_HR,HOSP_MN,CF1,CF2,CF3,FATALS,DRUNK_DR
8,80276,2,2,0,0,0,3,3,97,0,23,8,2014,7,21,8,0,3,3,SR-133,,554,39.23439444,-107.2287222,0,12,2,0,1,1,0,1,2,1,0,1,0,0000000,21,10,21,20,99,99,0,0,0,1,0
8,80277,1,1,0,0,0,1,1,41,0,24,8,2014,1,2,57,1,12,4,CR-ACADEMY BLVD,,0,38.765925,-104.7983833,0,52,0,0,1,1,0,3,2,1,0,1,0,0000000,99,99,99,99,88,88,0,0,0,1,1
8,80278,2,2,0,0,0,2,2,123,1070,24,8,2014,1,14,23,1,13,2,US-34 BYPASS,71ST AVE,1071,40.39204722,-104.7942611,0,12,6,0,2,2,0,1,1,1,0,1,0,0000000,14,23,14,28,14,48,0,0,0,1,0
8,80279,2,2,0,0,0,2,2,35,0,19,8,2014,3,15,33,0,14,4,CR-CASTLE PINES PKWY,CR-MONARCH BLVD,0,39.47181667,-104.8948667,0,12,2,0,2,2,0,1,1,1,0,1,0,0000000,99,99,99,99,99,99,0,0,0,1,0
8,80280,2,2,0,0,0,3,3,5,110,25,8,2014,2,2,18,1,13,6,E MISSISSIPPI AVE,S MOLINE ST,0,39.69653889,-104.8542083,0,1,0,0,2,2,0,1,3,1,0,1,0,0000000,2,18,2,21,2,39,14,0,0,1,2
8,80281,1,1,0,1,1,2,2,5,345,21,8,2014,5,20,17,0,16,6,E PEAKVIEW AVE,S REVERE PKWY,0,39.59700556,-104.8403444,0,9,0,0,2,2,0,1,3,1,0,1,0,0000000,20,18,20,21,20,44,16,0,0,1,0
8,80282,2,2,0,0,0,2,2,113,0,15,8,2014,6,14,25,1,2,3,SR-62,,99,38.10370556,-107.9342833,0,1,0,0,1,1,0,1,1,1,0,1,0,0000000,99,99,99,99,88,88,0,0,0,1,0
8,80283,1,1,0,0,0,2,2,101,2052,26,8,2014,3,22,33,0,15,6,E HAHNS PEAK DR,,0,38.32300556,-104.7301889,0,42,0,0,1,1,0,5,2,1,0,1,0,0000000,22,33,22,40,22,48,0,0,0,1,1
8,80284,1,1,0,0,0,1,1,123,540,8,8,2014,6,19,58,0,16,4,CR-15,,0,40.05666667,-104.9237,0,35,0,0,1,1,0,5,1,1,0,1,0,0000000,20,0,20,6,88,88,0,0,0,1,0
8,80285,1,1,0,0,0,1,1,77,1040,9,8,2014,7,17,14,1,13,3,SR-70 BUSN LP  1ST ST,,53,39.06548333,-108.5709722,0,1,0,0,1,1,0,1,1,1,0,1,0,0000000,17,14,17,55,88,88,0,0,0,1,1
8,80286,2,2,0,0,0,2,2,13,0,28,8,2014,5,8,55,1,2,3,SR-52,,33,40.08735833,-105.1283667,0,12,6,0,1,1,0,1,1,1,0,1,0,0000000,99,99,99,99,99,99,0,0,0,1,0
8,80287,2,2,0,0,0,2,2,111,0,28,8,2014,5,12,18,1,2,2,US-550,,607,37.72763889,-107.7464861,0,12,2,0,1,1,0,1,1,1,0,1,0,0000000,99,99,99,99,88,88,0,0,0,1,0
8,80288,3,3,0,0,0,6,6,83,0,28,8,2014,5,15,55,1,2,2,US-160,,428,37.34742778,-108.5093611,0,12,1,0,8,1,0,1,1,1,0,1,0,0000000,99,99,99,99,99,99,0,0,0,1,0
8,80289,1,1,0,0,0,1,1,99,0,28,8,2014,5,22,15,0,5,4,CR-25,,0,37.96333333,-102.3041667,0,1,0,0,1,1,0,5,2,1,0,1,0,0000000,22,58,23,3,23,40,0,0,0,1,1
8,80290,1,1,0,0,0,1,1,63,0,29,8,2014,6,10,53,1,2,2,US-385,,2064,39.55611111,-102.2520833,0,1,0,0,1,1,0,4,1,1,0,1,0,0000000,10,53,99,99,88,88,0,0,0,1,0
8,80291,2,2,0,0,0,3,3,85,0,29,8,2014,6,17,40,1,2,2,US-50,,1066,38.45051389,-107.6489722,0,12,2,0,1,1,0,1,1,1,0,1,0,0000000,17,42,17,55,18,38,0,0,0,1,0
8,80292,2,2,0,1,1,3,3,41,0,30,8,2014,7,0,0,1,11,1,I-25,,1350,38.76147778,-104.7716889,0,8,0,1,18,1,0,1,3,1,0,1,0,0000000,99,99,99,99,88,88,0,0,0,1,0
8,80293,1,1,0,1,1,1,1,31,600,30,8,2014,7,20,22,0,16,6,W WARREN AVE,,0,39.67680833,-105.0205611,0,8,0,0,1,1,0,1,3,1,0,1,0,0000000,20,22,99,99,88,88,0,0,0,1,0
8,80294,1,1,0,0,0,5,5,87,0,31,8,2014,1,11,24,0,4,3,SR-52,,1001,40.44444444,-103.8029722,0,1,0,0,1,1,0,4,1,1,0,1,0,0000000,99,99,99,99,99,99,0,0,0,1,0
8,80295,1,1,0,0,0,1,1,77,0,31,8,2014,1,21,5,1,1,1,I-70,,59,39.22063611,-108.9571194,0,31,0,0,1,1,0,3,2,1,0,1,0,0000000,21,11,21,26,99,99,0,0,0,1,1
8,80296,1,1,0,1,1,1,1,59,1435,8,8,2014,6,16,19,0,14,6,YOUNGFIELD ST,W 24TH PL,0,39.75305278,-105.1424389,0,8,0,0,3,3,0,1,1,1,0,1,0,0000000,16,19,99,99,99,99,0,0,0,1,0
8,80297,2,2,0,0,0,2,2,1,110,24,8,2014,1,0,25,1,13,2,US-40  E COLFAX AVE,,3052,39.74021667,-104.8553778,0,12,2,0,1,1,0,1,3,1,0,1,0,0000000,0,25,0,28,0,45,0,0,0,1,1
8,80298,2,2,0,0,0,2,2,41,430,2,8,2014,7,1,42,0,14,6,E GALLEY RD,N CHELTON RD,0,38.84708333,-104.7665472,0,12,6,0,2,2,0,1,3,1,0,1,0,0000000,99,99,99,99,99,99,20,0,0,1,1
8,80299,1,1,0,0,0,1,1,39,0,8,8,2014,6,18,18,0,4,4,CR-KIOWA BENNETT RD,,0,39.46277778,-104.4413889,0,38,0,0,1,1,0,5,1,1,0,1,0,0000000,18,18,18,32,88,88,0,0,0,1,0
8,80300,2,2,0,0,0,5,5,41,430,21,8,2014,5,15,30,1,13,6,GARDEN OF THE GODS RD,,0,38.89695556,-104.820875,0,33,0,0,1,1,0,4,1,1,0,1,0,0000000,99,99,99,99,99,99,0,0,0,1,0
8,80301,3,3,0,0,0,5,5,5,740,22,8,2014,6,17,44,1,13,6,S BROADWAY,W RAFFERTY GARDENS AVE,0,39.61979722,-104.9880194,0,12,6,0,2,2,0,1,1,1,0,1,0,0000000,17,43,17,48,18,2,0,0,0,1,2
8,80302,1,1,0,0,0,1,1,35,1952,24,8,2014,1,2,27,0,16,6,COTTONWOOD DR,,0,39.55746389,-104.7701111,0,33,0,0,1,1,0,3,3,1,0,1,0,0000000,2,27,2,28,88,88,0,0,0,1,1
8,80303,1,1,0,1,1,1,1,77,1040,25,8,2014,2,20,48,0,14,6,GRAND AVE,,0,39.07032222,-108.5625556,0,8,0,0,1,1,0,1,3,1,0,1,0,0000000,21,30,21,45,99,99,0,0,0,1,0
8,80304,2,1,1,0,0,4,4,123,870,3,6,2014,3,2,10,0,15,6,E 9TH ST,US-85  DENVER AVE,0,40.08735,-104.8114389,0,14,0,0,3,2,0,7,3,1,0,1,0,0000000,2,10,2,15,99,99,0,0,0,1,0
8,80305,1,1,0,0,0,4,4,41,0,1,9,2014,2,1,10,0,6,4,CR-HODGEN RD,,0,39.07106111,-104.7837389,0,31,0,0,1,1,0,4,2,1,0,1,0,0000000,99,99,99,99,99,99,0,0,0,2,1
8,80306,3,3,0,0,0,3,3,1,0,2,9,2014,3,18,55,1,11,1,I-70,,2890,39.740275,-104.7206389,0,12,1,1,18,1,1,1,5,1,0,1,0,0000000,19,2,19,12,99,99,0,0,0,1,0
8,80307,2,2,0,0,0,3,3,59,1435,7,9,2014,1,19,35,1,13,2,US-40  W COLFAX AVE,TELLER ST,2930,39.740375,-105.0766667,0,12,6,0,2,2,0,1,3,1,0,1,0,0000000,19,36,19,39,19,54,14,0,0,1,0
8,80308,1,1,0,1,1,1,1,1,2550,9,9,2014,3,6,2,1,13,2,US-287  FEDERAL BLVD,W 92ND AVE,2913,39.86346667,-105.025125,0,8,0,0,3,2,0,1,3,1,0,1,0,0000000,6,3,6,7,6,24,0,0,0,1,0
8,80309,1,1,0,1,1,1,1,31,600,8,9,2014,2,6,10,1,13,6,E EVANS AVE,,0,39.67845,-104.9249167,0,9,0,0,1,1,0,1,3,1,0,1,0,0000000,6,11,6,17,6,29,0,0,0,1,0
8,80310,1,1,0,1,1,1,1,5,110,10,9,2014,4,18,40,0,14,6,E YALE AVE,S URSULA ST,0,39.66758611,-104.8391639,0,9,0,0,3,3,0,1,1,1,0,1,0,0000000,18,40,18,43,99,99,0,0,0,1,1
8,80311,1,1,0,1,1,1,1,1,434,10,9,2014,4,22,37,1,11,1,I-270,,31,39.79450556,-104.9221111,0,8,0,0,1,1,0,1,2,1,0,1,0,0000000,22,37,22,37,88,88,0,0,0,1,1
8,80312,2,2,0,0,0,4,4,123,0,15,9,2014,2,17,10,1,2,3,SR-14,CR-31,1512,40.58248056,-104.7735194,0,12,6,0,2,2,0,1,1,1,0,1,0,0000000,99,99,99,99,99,99,0,0,0,2,0
8,80313,2,2,0,0,0,6,6,43,0,1,9,2014,2,13,10,1,2,2,US-50,,2686,38.49820278,-105.3590556,0,12,8,0,1,1,0,1,1,1,0,1,0,0000000,13,31,13,49,14,31,0,0,0,1,0
8,80314,2,2,0,0,0,5,5,109,0,19,9,2014,6,10,25,1,2,2,US-285,,1066,38.27190278,-105.9670583,0,12,8,0,1,1,0,1,1,1,0,1,0,0000000,99,99,99,99,99,99,0,0,0,1,0
8,80315,1,1,0,1,1,1,1,1,110,19,9,2014,6,17,51,1,13,2,US-40  E COLFAX AVE,,3039,39.740225,-104.8801111,0,8,0,0,1,1,0,1,1,1,0,1,0,0000000,17,51,17,59,18,7,0,0,0,1,0
8,80316,1,1,0,0,0,1,1,49,0,21,9,2014,1,1,0,1,2,2,US-34,,90,40.18433889,-105.8855556,0,1,0,0,1,1,0,4,2,1,0,1,0,0000000,8,45,8,53,88,88,0,0,0,1,1
8,80317,1,1,0,0,0,2,2,31,600,21,9,2014,1,1,35,1,11,1,I-70 RAMP K,,2741,39.78050833,-104.9875,0,1,0,1,5,1,0,8,3,1,0,1,0,0000000,1,38,1,44,2,42,0,0,0,1,1
8,80318,1,1,0,0,0,1,1,89,0,22,9,2014,2,5,30,0,6,4,CR-811  N RAILRAOD ST,,0,38.10861111,-103.8613889,0,1,0,0,1,1,0,5,2,1,0,1,0,0000000,99,99,99,99,88,88,0,0,0,1,0
8,80319,1,1,0,0,0,1,1,35,0,22,9,2014,2,1,20,1,13,3,SR-83,CR-N PINERY PKWY,554,39.45667222,-104.75935,0,33,0,0,3,2,0,8,3,1,0,1,0,0000000,99,99,99,99,88,88,0,0,0,1,1
8,80320,2,2,0,0,0,4,4,13,0,22,9,2014,2,7,17,1,13,2,US-287,CR-NIWOT RD,3114,40.10248611,-105.1029722,0,1,0,0,3,3,0,1,1,1,0,1,0,0000000,99,99,99,99,88,88,0,0,0,1,0
8,80321,1,1,0,1,1,1,1,1,2550,20,9,2014,7,21,55,0,14,6,HURON ST,121ST AVE,0,39.916125,-104.9967083,0,8,0,0,3,2,0,1,3,1,0,1,0,0000000,21,55,21,59,22,21,0,0,0,1,0
8,80322,2,2,0,0,0,3,3,69,0,20,9,2014,7,14,20,0,2,2,US-34,,863,40.41805556,-105.1756667,0,12,6,0,1,1,0,1,1,1,0,1,0,0000000,99,99,99,99,99,99,0,0,0,1,0
8,80323,1,1,0,0,0,2,2,55,0,25,9,2014,5,1,0,1,1,1,I-25,,625,37.79865,-104.8291833,0,11,0,0,1,1,0,1,2,1,0,1,0,0000000,99,99,99,99,99,99,0,0,0,1,0
8,80324,2,2,0,0,0,4,4,69,0,25,9,2014,5,16,20,1,1,1,I-25,,2842,40.79411944,-104.9817333,0,12,6,0,1,1,0,2,1,1,0,1,0,0000000,99,99,99,99,99,99,0,0,0,1,0
8,80325,1,1,0,0,0,1,1,123,1070,25,9,2014,5,11,23,0,15,3,SR-257,,48,40.40145833,-104.8698667,0,1,0,0,1,1,0,1,1,1,0,1,0,0000000,11,26,11,33,11,46,0,0,0,1,0
8,80326,2,2,0,0,0,3,3,59,80,26,9,2014,6,19,29,1,13,3,SR-121  WADSWORTH PKWY,,201,39.833,-105.0816111,0,12,2,0,1,1,0,1,3,1,0,1,0,0000000,19,29,19,30,99,99,0,0,0,1,1
8,80327,1,1,0,0,0,1,1,121,0,27,9,2014,7,16,10,0,5,4,CR-S,,0,39.79877778,-103.405,0,1,0,0,1,1,0,5,1,1,0,1,0,0000000,99,99,99,99,88,88,0,0,0,1,0
8,80328,1,1,0,0,0,2,2,81,0,27,9,2014,7,15,15,1,2,2,US-40,,549,40.48577778,-108.17625,0,1,0,0,1,1,0,4,1,1,0,1,0,0000000,15,29,15,39,16,54,0,0,0,1,0
8,80329,1,1,0,0,0,1,1,41,0,28,9,2014,1,2,30,1,1,1,I-25,,1257,38.64405556,-104.6940833,0,31,0,0,1,1,0,3,2,1,0,1,0,0000000,99,99,99,99,88,88,0,0,0,1,1
8,80330,1,1,0,0,0,1,1,31,600,28,9,2014,1,16,38,0,15,6,E 17TH AVE,,0,39.74385278,-104.9463194,0,33,0,0,1,1,0,4,1,1,0,1,0,0000000,16,39,16,46,17,1,0,0,0,1,0
8,80331,2,2,0,0,0,2,2,123,0,29,9,2014,2,20,59,0,4,3,SR-392,CR-43,1176,40.47899167,-104.65905,0,12,6,0,2,2,0,1,2,2,0,2,0,0000000,99,99,99,99,99,99,0,0,0,1,1
8,80332,1,1,0,0,0,1,1,77,0,18,9,2014,5,17,45,0,4,3,SR-330,,5,39.18794444,-108.1311806,0,1,0,0,1,1,0,1,1,1,0,1,0,0000000,99,99,99,99,99,99,0,0,0,1,0
8,80333,2,2,0,0,0,4,4,13,1530,23,9,2014,3,15,6,0,14,6,17TH AVE,,0,40.18856111,-105.111125,0,12,2,0,1,1,0,1,1,1,0,1,0,0000000,15,7,15,11,15,41,0,0,0,2,1
8,80334,1,1,0,0,0,1,1,85,1700,26,9,2014,6,0,12,1,13,2,US-50  N SAN JUAN AVE,CR 6530,931,38.48916667,-107.8710278,0,1,0,0,3,3,0,1,3,1,0,1,0,0000000,0,12,0,18,0,27,0,0,0,1,1
8,80335,2,2,0,0,0,2,2,15,0,3,10,2014,6,16,25,1,2,2,US-24,,2219,38.86421111,-105.9849194,0,12,8,0,1,1,0,1,1,1,0,1,0,0000000,99,99,99,99,88,88,0,0,0,1,0
8,80336,2,2,0,1,1,3,3,35,1529,3,10,2014,6,22,12,1,13,6,LINCOLN AVE,OSWEGO ST,0,39.53635556,-104.8516944,0,8,0,0,3,2,0,1,3,1,0,1,0,0000000,22,12,22,15,22,36,0,0,0,1,0
8,80337,3,3,0,0,0,3,3,5,0,4,10,2014,7,19,12,1,1,1,I-70,,3320,39.56654167,-104.0143667,0,12,2,0,1,1,0,1,2,1,0,1,0,0000000,99,99,99,99,99,99,0,0,0,1,1
8,80338,1,1,0,0,0,1,1,27,0,5,10,2014,1,12,30,0,4,3,SR-165,,45,38.11120833,-105.1725,0,1,0,0,1,1,0,4,1,1,0,1,0,0000000,99,99,99,99,88,88,0,0,0,1,0
8,80339,2,1,1,0,0,1,1,14,253,4,10,2014,7,15,10,0,16,6,COLUMBINE AVE,,0,39.94722222,-105.0679861,0,42,0,0,1,1,0,5,1,1,0,1,0,0000000,15,10,15,17,15,31,14,0,0,1,1
8,80340,1,1,0,1,1,1,1,123,0,9,10,2014,5,9,35,0,6,4,CR-2,,0,40.00051111,-104.6877778,0,8,0,0,1,1,0,1,1,1,0,1,0,0000000,99,99,99,99,88,88,0,0,0,1,0
8,80341,2,2,0,0,0,2,2,49,0,10,10,2014,6,14,25,1,2,2,US-40,,1531,40.38886944,-106.6288889,0,12,8,0,1,1,0,1,1,1,0,1,0,0000000,14,30,14,33,88,88,0,0,0,1,1
8,80342,1,1,0,1,1,1,1,31,600,10,10,2014,6,20,40,1,13,3,SR-88  S FEDERAL BLVD,,51,39.66477778,-105.0252333,0,8,0,0,1,1,0,1,3,1,0,1,0,0000000,20,40,20,46,21,4,0,0,0,1,0
8,80343,3,3,0,0,0,11,11,123,0,11,10,2014,7,8,35,1,2,2,US-85,CR-42,2573,40.29046111,-104.7669583,0,12,7,0,3,2,0,1,1,5,0,5,0,0000000,99,99,99,99,99,99,0,0,0,1,0
8,80344,1,1,0,0,0,2,2,101,0,12,10,2014,1,6,55,1,1,1,I-25,,1145,38.49338889,-104.6232778,0,1,0,0,1,1,0,4,4,1,0,1,0,0000000,99,99,99,99,99,99,0,0,0,1,0
8,80345,1,1,0,1,1,1,1,37,1110,7,10,2014,3,18,17,0,6,5,APACHE DR,,0,39.63673333,-106.9022444,0,8,0,0,8,1,0,1,5,1,0,1,0,0000000,18,17,18,25,88,88,0,0,0,1,0
8,80346,2,2,0,0,0,2,2,123,0,14,10,2014,3,16,37,0,6,4,CR-39,CR-72,0,40.50969722,-104.6968528,0,12,6,0,2,2,0,1,1,1,0,1,0,0000000,99,99,99,99,99,99,0,0,0,1,0
8,80347,1,1,0,0,0,2,2,123,0,11,10,2014,7,16,19,0,4,4,CR-33,,0,40.59891667,-104.7543889,0,34,0,0,1,1,0,4,1,1,0,1,0,0000000,16,19,99,99,99,99,0,0,0,1,1
8,80348,1,1,0,0,0,1,1,101,2050,13,10,2014,2,22,31,1,13,3,SR-96  E 4TH ST,,565,38.27089167,-104.6000472,0,33,0,0,1,1,0,4,3,1,0,1,0,0000000,22,31,22,40,88,88,0,0,0,1,0
8,80349,4,4,0,0,0,14,14,93,0,11,10,2014,7,13,5,0,3,2,US-24,,2335,38.97866667,-105.8709028,0,12,2,0,1,1,0,1,1,1,0,1,0,0000000,13,34,14,10,14,42,0,0,0,1,0
8,80350,1,1,0,0,0,1,1,59,0,15,10,2014,4,22,1,1,2,2,US-285,,2481,39.62113889,-105.1965278,0,7,0,0,1,1,0,1,2,1,0,1,0,0000000,99,99,99,99,88,88,0,0,0,1,1
8,80351,1,1,0,0,0,1,1,125,0,16,10,2014,5,21,30,0,6,4,CR-JJ,,0,40.04777778,-102.2089528,0,11,0,0,1,1,0,1,2,1,0,1,0,0000000,21,46,21,53,88,88,0,0,0,1,0
8,80352,1,1,0,1,1,1,1,7,0,17,10,2014,6,1,0,1,2,2,US-160,CR-TRAILS BLVD,1377,37.24143333,-107.0995694,0,8,0,0,3,3,0,1,2,1,0,1,0,0000000,99,99,99,99,88,88,0,0,0,1,0
8,80353,1,1,0,1,1,1,1,13,0,17,10,2014,6,7,12,0,4,4,CR-LEFTHAND CANYON DR,,38,40.12691111,-105.3041667,0,8,0,0,1,1,1,1,1,1,0,1,0,0000000,7,14,7,25,88,88,0,0,0,1,0
8,80355,1,1,0,1,1,1,1,41,0,18,10,2014,7,20,7,0,3,4,CR-EASTONVILLE RD,,0,38.94659167,-104.6001528,0,8,0,0,1,1,0,1,2,1,0,1,0,0000000,99,99,99,99,88,88,0,0,0,1,0
8,80356,1,1,0,0,0,1,1,41,0,19,10,2014,1,11,45,1,2,2,US-24,,2951,38.88756944,-104.9540361,0,18,0,0,1,1,0,4,1,1,0,1,0,0000000,99,99,99,99,99,99,0,0,0,1,0
8,80357,2,2,0,0,0,2,2,119,0,19,10,2014,1,12,50,0,5,4,CR-5,CR-51,0,38.94908333,-105.157675,0,12,2,0,2,4,0,1,1,1,0,1,0,0000000,12,46,12,45,14,30,0,0,0,1,1
8,80358,2,2,0,0,0,4,4,35,0,10,10,2014,6,18,20,1,2,3,SR-83,,460,39.32360278,-104.7346306,0,12,2,0,1,1,0,1,5,1,0,1,0,0000000,18,22,18,29,19,17,0,0,0,1,0
8,80359,1,1,0,0,0,2,2,59,0,21,10,2014,3,3,15,0,16,4,CR-W 60TH AVE,,0,39.80536111,-105.2032222,0,43,0,0,1,1,0,5,2,1,0,1,0,0000000,99,99,99,99,88,88,0,0,0,2,1
8,80360,1,1,0,0,0,1,1,123,0,23,10,2014,5,6,35,0,3,3,SR-52,,492,40.07321944,-104.2738417,0,11,0,0,1,1,0,1,2,1,0,1,0,0000000,99,99,99,99,88,88,0,0,0,1,0
8,80361,1,1,0,0,0,1,1,1,0,19,10,2014,1,15,49,1,13,4,CR-PECOS ST,CR-W 67TH AVE,0,39.81766667,-105.0062778,0,33,0,0,3,3,0,3,1,1,0,1,0,0000000,15,49,15,54,99,99,0,0,0,1,1
8,80362,1,1,0,0,0,2,2,5,0,24,10,2014,6,18,10,1,12,3,SR-83,,673,39.61880278,-104.8195833,0,1,0,0,1,1,0,4,1,1,0,1,0,0000000,99,99,99,99,99,99,0,0,0,1,1
8,80363,1,1,0,0,0,1,1,123,0,24,10,2014,6,20,1,1,1,7,I-25 E FRONTAGE RD,,2473,40.26422222,-104.9798667,0,59,0,0,1,1,0,4,2,1,0,1,0,0000000,20,1,20,35,88,88,0,0,0,1,1
8,80364,1,1,0,0,0,1,1,13,0,25,10,2014,7,19,30,0,3,3,SR-119,,327,39.99980278,-105.4129278,0,25,0,0,1,1,0,4,2,1,0,1,0,0000000,99,99,99,99,88,88,0,0,0,1,1
8,80365,1,1,0,0,0,1,1,111,0,28,10,2014,3,8,15,1,2,2,US-550,,697,37.80619444,-107.6800556,0,5,0,0,1,1,0,4,1,1,0,1,0,0000000,99,99,99,99,88,88,0,0,0,1,0
8,80366,1,1,0,1,1,2,2,5,110,27,10,2014,2,18,31,1,13,6,E ALAMEDA AVE,S PEORIA ST,0,39.71125833,-104.8471472,0,8,0,0,2,2,0,1,3,1,0,1,0,0000000,99,99,99,99,99,99,0,0,0,1,0
8,80367,2,2,0,0,0,5,5,123,0,31,10,2014,6,8,25,0,5,4,CR-45,CR-2,0,40.00056944,-104.6406417,0,12,6,0,2,2,0,1,1,1,0,1,0,0000000,99,99,99,99,99,99,0,0,0,1,0
8,80368,2,2,0,0,0,2,2,93,0,31,10,2014,6,12,43,0,3,2,US-24,,2461,39.04518333,-105.6732056,0,12,8,0,1,1,0,1,1,1,0,1,0,0000000,99,99,99,99,88,88,0,0,0,1,0
8,80369,2,2,0,0,0,2,2,59,1435,24,10,2014,6,16,53,1,13,2,US-40  W COLFAX AVE,GARRISON ST,2920,39.74019444,-105.1001611,0,12,6,0,2,2,0,1,1,1,0,1,0,0000000,16,55,16,59,17,4,0,0,0,1,1
8,80370,2,2,0,0,0,2,2,59,1435,25,10,2014,7,10,9,1,13,2,US-40  W COLFAX AVE,ZEPHYR ST,2928,39.74021111,-105.0850833,0,1,0,0,3,3,0,1,1,1,0,1,0,0000000,10,10,10,14,10,32,0,0,0,1,0
8,80371,2,2,0,0,0,2,2,5,110,29,10,2014,4,17,0,1,13,3,SR-30  S HAVANA ST,E MISSISSIPPI AVE,58,39.69659722,-104.8660694,0,12,2,0,2,2,0,1,1,1,0,1,0,0000000,17,1,17,8,17,59,0,0,0,1,0
8,80372,2,2,0,0,0,2,2,35,0,22,10,2014,4,12,7,1,13,3,SR-83,,534,39.428675,-104.7604694,0,12,2,0,1,1,0,1,1,1,0,1,0,0000000,12,8,12,11,12,36,0,0,0,1,0
8,80373,2,2,0,0,0,3,3,85,1700,8,10,2014,4,11,18,1,13,2,US-550  N TOWNSEND AVE,N 9TH ST,1299,38.4857,-107.8852889,0,12,6,0,2,2,0,1,1,1,0,1,0,0000000,11,18,11,24,11,39,0,0,0,1,0
8,80374,1,1,0,0,0,1,1,77,1040,6,10,2014,2,11,23,0,16,6,VISITORS WAY,,0,39.10435278,-108.5301056,0,1,0,0,1,1,0,4,1,1,0,1,0,0000000,11,23,11,31,88,88,0,0,0,1,1
8,80375,1,1,0,1,1,1,1,123,780,7,10,2014,3,10,17,1,13,2,US-34,8TH AVE,1126,40.39136944,-104.69045,0,8,0,1,3,2,0,1,1,1,0,1,0,0000000,10,17,10,21,88,88,0,0,0,1,0
8,80376,1,1,0,0,0,1,1,73,0,17,10,2014,6,17,50,1,1,1,I-70,,3713,39.27480556,-103.4964583,0,35,0,0,1,1,0,3,1,1,0,1,0,0000000,99,99,99,99,99,99,0,0,0,1,1
8,80377,1,1,0,1,1,1,1,43,0,1,11,2014,7,5,27,0,4,3,SR-115,,54,38.406725,-105.1672222,0,8,0,0,1,1,0,1,2,1,0,1,0,0000000,99,99,99,99,88,88,0,0,0,1,0
8,80378,1,1,0,0,0,1,1,123,0,3,11,2014,2,3,58,1,2,2,US-85,,2979,40.83652778,-104.7913444,0,31,0,0,1,1,0,4,2,2,0,2,0,0000000,99,99,99,99,88,88,0,0,0,1,0
8,80379,2,2,0,0,0,2,2,3,0,3,11,2014,2,6,0,0,4,4,CR-7N,CR-106N,0,37.67643611,-105.9282861,0,12,6,0,2,2,0,1,2,1,0,1,0,0000000,99,99,99,99,88,88,0,0,0,2,0
8,80380,2,1,1,1,1,5,5,14,253,3,11,2014,2,11,34,0,16,6,DAPHNE ST,,0,39.93148333,-105.0766472,0,8,0,0,1,1,0,7,1,1,0,1,0,0000000,11,34,11,37,11,53,0,0,0,1,1
8,80381,1,1,0,0,0,1,1,41,0,3,11,2014,2,2,50,0,14,4,CR-VENETUCCI BLVD,,0,38.78274444,-104.7882806,0,52,0,0,1,1,0,8,2,1,0,1,0,0000000,99,99,99,99,88,88,0,0,0,1,1
8,80382,2,2,0,0,0,8,8,1,0,7,11,2014,6,20,8,1,13,2,US-287  FEDERAL BLVD,,2866,39.79559167,-105.0253278,0,12,2,0,1,1,0,1,3,1,0,1,0,0000000,20,9,20,14,20,45,0,0,0,1,1
8,80383,1,1,0,0,0,1,1,31,600,15,11,2014,7,1,44,0,15,6,E 17TH AVE,N HOLLY ST,0,39.74334722,-104.9224306,0,42,0,0,3,2,0,5,3,1,0,1,0,0000000,99,99,99,99,88,88,0,0,0,1,1
8,80384,1,1,0,2,2,1,1,45,0,5,11,2014,4,8,22,1,1,1,I-70,,704,39.40924167,-108.0997833,0,8,0,0,1,1,0,2,1,1,0,1,0,0000000,8,24,8,30,88,88,23,0,0,2,0
8,80385,2,2,0,0,0,3,3,123,0,18,11,2014,3,10,45,1,13,2,US-85,CR-66,2715,40.46645556,-104.69685,0,12,6,0,2,2,0,1,1,1,0,1,0,0000000,99,99,99,99,99,99,0,0,0,1,0
8,80386,2,2,0,0,0,3,3,13,0,27,11,2014,5,17,36,1,13,3,SR-66,,370,40.20318333,-105.0929444,0,12,1,0,6,1,0,1,2,1,0,1,0,245010J,17,40,17,43,18,8,0,0,0,1,0
8,80387,2,2,0,0,0,5,5,59,0,11,11,2014,3,13,58,0,14,4,CR-93,,0,39.69231111,-105.2021111,0,12,6,0,1,1,0,1,1,4,0,4,0,0000000,99,99,14,5,99,99,0,0,0,1,0
8,80388,1,1,0,0,0,1,1,1,0,12,11,2014,4,6,30,0,14,4,CR-YORKS ST,,0,39.81138889,-104.9595833,0,1,0,0,1,1,0,5,4,4,0,4,0,0000000,6,44,99,99,99,99,0,0,0,1,0
8,80389,1,1,0,1,1,1,1,31,600,19,11,2014,4,16,10,0,16,6,PACKING HOUSE RD,,0,39.7863,-104.9707778,0,8,0,0,1,1,0,1,5,1,0,1,0,0000000,16,10,16,27,16,46,0,0,0,1,0
8,80390,1,1,0,0,0,2,2,41,0,20,11,2014,5,19,30,1,13,3,SR-83,,266,39.07811111,-104.7665139,0,58,0,0,1,1,0,4,2,1,0,1,0,0000000,99,99,99,99,99,99,0,0,0,1,1
8,80391,2,2,0,0,0,2,2,101,0,12,11,2014,4,0,0,1,1,1,I-25,,1148,38.49610278,-104.6249639,0,12,6,0,1,1,0,1,2,4,0,4,0,0000000,99,99,99,99,99,99,0,0,0,1,1