STATE,ST_CASE,VE_TOTAL,VE_FORMS,PVH_INVL,PEDS,PERNOTMVIT,PERMVIT,PERSONS,COUNTY,CITY,DAY,MONTH,YEAR,DAY_WEEK,HOUR,MINUTE,NHS,ROAD_FNC,ROUTE,TWAY_ID,TWAY_ID2,MILEPT,LATITUDE,LONGITUD,SP_JUR,HARM_EV,MAN_COLL,RELJCT1,RELJCT2,TYP_INT,WRK_ZONE,REL_ROAD,LGT_COND,WEATHER1,WEATHER2,WEATHER,SCH_BUS,RAIL,NOT_HOUR,NOT_MIN,ARR_HOUR,ARR_MIN,HOSP_HR,HOSP_MN,CF1,CF2,CF3,FATALS,DRUNK_DR
9,90054,1,1,0,0,0,1,1,3,420,24,6,2014,3,5,2,1,12,3,SR-9,,357,41.66601389,-72.77396389,0,30,0,1,19,1,0,3,3,1,0,1,0,0000000,5,5,5,14,5,42,0,0,0,1,1
9,90056,1,1,0,1,1,1,1,9,430,24,6,2014,3,22,11,0,13,3,SR-10,,17,41.30340556,-72.95169444,0,8,0,0,1,1,0,1,3,1,0,1,0,0000000,22,0,22,5,88,88,0,0,0,1,0
9,90057,2,2,0,0,0,3,3,5,450,26,6,2014,5,14,17,0,16,6,GROVE STREET,,24,41.54295,-73.40924167,0,12,1,0,1,1,1,1,1,1,0,1,0,0000000,14,18,14,29,14,46,0,0,0,1,0
9,90058,1,1,0,0,0,1,1,3,718,10,5,2014,7,20,1,0,4,3,SR-168,PHELPS ROAD,32,42.00583333,-72.72579444,0,30,0,0,3,4,0,4,3,1,0,1,0,0000000,20,2,20,10,99,99,0,0,0,1,0
9,90059,1,1,0,1,1,1,1,13,785,2,7,2014,4,7,19,0,14,3,SR-30,,120,41.86044444,-72.43025833,0,8,0,0,1,1,0,1,1,1,0,1,0,0000000,7,20,7,24,88,88,0,0,0,1,0
9,90060,2,2,0,0,0,2,2,1,700,27,6,2014,6,16,1,0,16,6,HARVARD AVENUE,COMMERCE ROAD,4,41.04684444,-73.56045833,0,12,6,0,2,3,0,1,1,1,0,1,0,0000000,16,2,16,5,16,34,0,0,0,1,0
9,90061,1,1,0,0,0,1,1,9,430,6,7,2014,1,4,47,0,14,3,SR-337,,12,41.27230556,-72.89689167,0,42,0,0,1,1,0,4,3,1,0,1,0,0000000,4,46,5,0,88,88,0,0,0,1,1
9,90062,1,1,0,1,1,1,1,9,430,7,7,2014,2,0,5,0,13,3,SR-10 (WHALLEY AVE),ELLA T GRASSO BLVD,29,41.31904167,-72.94908889,0,8,0,0,2,2,0,1,3,1,0,1,0,0000000,0,7,0,8,0,19,0,0,0,1,0
9,90063,2,2,0,0,0,4,4,11,20,13,7,2014,1,4,11,0,4,3,SR-97,,63,41.63085556,-72.08523611,0,12,98,0,98,98,0,98,2,1,0,1,0,0000000,4,17,4,30,88,88,0,0,0,1,0
9,90064,1,1,0,0,0,1,1,3,225,9,7,2014,4,19,33,1,12,3,SR-500,ON TR# 802,2,41.76457222,-72.65248056,0,24,0,1,5,1,0,4,1,1,0,1,0,0000000,19,33,99,99,88,88,0,0,0,1,1
9,90065,2,2,0,0,0,4,4,3,680,10,7,2014,5,20,12,1,11,1,I-84,,461,41.63027778,-72.87648056,0,12,1,1,18,1,0,1,1,1,0,1,0,0000000,20,12,99,99,99,99,0,0,0,1,0
9,90066,1,1,0,1,1,1,1,9,110,14,7,2014,2,13,56,0,14,6,MT. SANFORD ROAD,,7,41.46280833,-72.92266389,0,8,0,0,1,1,0,1,1,1,0,1,0,0000000,13,58,14,8,88,88,0,0,0,1,0
9,90067,1,1,0,0,0,1,1,9,222,24,5,2014,7,18,54,1,12,2,US-1,,512,41.28507222,-72.87648611,0,31,0,1,19,1,0,4,1,1,0,1,0,0000000,18,54,99,99,99,99,0,0,0,1,0
9,90068,1,1,0,1,1,1,1,11,520,19,6,2014,5,9,25,0,14,3,SR-642,,17,41.55078056,-72.10143889,0,8,0,0,1,1,0,1,1,2,0,2,0,0000000,9,26,9,27,99,99,0,0,0,1,0
9,90069,4,4,0,0,0,5,5,11,539,6,1,2014,2,11,28,1,11,1,I-95,,790,41.31942222,-72.34504167,0,12,1,1,18,1,0,1,1,2,0,2,0,0000000,11,31,11,34,99,99,0,0,0,1,0
9,90071,2,2,0,0,0,3,3,5,350,23,1,2014,5,11,30,0,13,2,US-202,,375,41.74379167,-73.20942778,0,12,2,0,1,1,0,1,1,1,0,1,0,0000000,99,99,99,99,99,99,0,0,0,1,0
9,90072,1,1,0,0,0,1,1,11,386,26,1,2014,1,2,8,0,4,3,SR-161,SR-85,80,41.42770556,-72.21508056,0,24,0,0,3,3,0,4,3,1,0,1,0,0000000,99,99,99,99,99,99,0,0,0,1,0
9,90073,3,3,0,0,0,4,4,1,170,28,1,2014,3,11,45,0,14,3,SR-53,,99999,41.38218333,-73.42474722,0,12,2,0,1,1,0,1,1,1,0,1,0,0000000,11,50,11,53,12,13,0,0,0,3,0
9,90074,1,1,0,0,0,1,1,9,502,31,1,2014,6,0,28,0,14,6,SKIFF STREET,,7,41.36897778,-72.90032778,0,35,0,0,1,1,0,4,3,1,0,1,0,0000000,99,99,99,99,88,88,0,0,0,1,1
9,90075,1,1,0,0,0,2,2,1,841,8,1,2014,4,18,20,0,14,6,OLD RIDGEFIELD ROAD,,3,41.19262222,-73.43089444,0,33,0,0,1,1,0,4,3,1,0,1,0,0000000,99,99,99,99,99,99,0,0,0,1,0
9,90076,1,1,0,0,0,3,3,3,280,1,2,2014,7,5,48,0,16,6,CAPEN STREET,MAIN STREET #1,0,41.78428889,-72.67499444,0,38,0,0,3,3,0,4,4,1,0,1,0,0000000,5,48,5,55,6,16,0,0,0,1,1
9,90077,1,1,0,1,1,2,2,3,365,6,2,2014,5,18,40,0,13,3,SR-83,,94,41.80054444,-72.51935278,0,8,0,0,1,1,0,2,3,1,0,1,0,0000000,18,40,18,45,19,8,0,0,0,1,0
9,90078,2,2,0,0,0,3,3,1,98,6,2,2014,5,23,46,1,12,2,US-7,,270,41.43566389,-73.40369722,0,12,2,0,1,1,0,1,2,1,0,1,0,0000000,99,99,99,99,99,99,0,0,0,1,1
9,90079,1,1,0,0,0,3,3,9,790,14,2,2014,6,13,14,1,12,3,SR-15,,603,41.48293611,-72.82013333,0,24,0,0,1,1,0,3,1,1,0,1,0,0000000,13,15,13,18,13,56,0,0,0,2,0
9,90080,1,1,0,0,0,1,1,3,555,2,2,2014,1,23,13,0,14,6,CAMP STREET,,4,41.69027222,-72.89133889,0,42,0,0,1,1,0,4,3,1,0,1,0,0000000,23,13,23,18,88,88,0,0,0,1,1
9,90081,3,2,1,0,0,4,4,1,80,1,3,2014,7,23,8,0,14,6,MADISON AVENUE,,19,41.20535,-73.221225,0,14,0,0,1,1,0,1,3,1,0,1,0,0000000,23,8,23,10,23,39,0,0,0,2,0
9,90082,2,2,0,0,0,2,2,3,225,3,3,2014,2,10,48,0,14,3,SR-502,HOLLAND LANE,31,41.76636389,-72.59492222,0,12,2,0,3,3,0,1,1,1,0,1,0,0000000,10,48,10,49,99,99,0,0,0,1,0
9,90083,2,2,0,0,0,2,2,11,584,2,8,2014,7,1,44,0,13,3,SR-2A,,81,41.48745833,-72.04418611,0,12,2,0,1,1,0,1,2,2,0,2,0,0000000,1,46,1,59,2,37,0,0,0,1,1
9,90084,2,2,0,0,0,3,3,7,130,11,3,2014,3,19,37,0,13,2,US-1,,736,41.272075,-72.49412222,0,12,2,0,1,1,0,1,2,1,0,1,0,0000000,19,37,19,42,20,7,0,0,0,1,0
9,90085,2,2,0,0,0,2,2,1,80,8,8,2014,6,22,45,1,12,3,SR-8 RAMP 127,,9,41.18055833,-73.19455278,0,12,7,0,1,1,0,1,3,1,0,1,0,0000000,22,47,22,50,88,88,0,0,0,1,1
9,90086,2,2,0,0,0,3,3,3,823,25,3,2014,3,7,9,0,13,6,BOULEVARD,MOUNTAIN ROAD#1,2,41.75352778,-72.76403611,0,12,6,0,2,2,0,1,1,1,0,1,1,0000000,99,99,99,99,99,99,0,0,0,1,0
9,90087,1,1,0,1,1,1,1,3,225,19,4,2014,7,9,2,0,14,6,ROBERTS STREET,,9,41.771625,-72.60567778,0,8,0,0,1,1,0,4,1,1,0,1,0,0000000,9,5,9,10,9,37,0,0,0,1,0
9,90088,1,1,0,0,0,1,1,13,846,15,8,2014,6,20,7,0,6,6,KUCKO RD,,9,41.91396944,-72.27761389,0,39,0,0,1,1,0,4,3,1,0,1,0,0000000,20,8,20,12,20,30,0,0,0,1,1
9,90089,1,1,0,0,0,4,4,5,428,4,12,2014,5,2,0,0,4,3,SR-219,,21,41.85602778,-73.00071944,0,53,0,0,1,1,0,4,2,1,0,1,0,0000000,99,99,99,99,99,99,0,0,0,1,0
9,90090,1,1,0,1,1,1,1,7,380,30,3,2014,1,1,0,1,12,3,SR-9,,212,41.53351389,-72.61795556,0,8,0,1,18,1,0,1,3,2,0,2,0,0000000,99,99,99,99,99,99,0,0,0,1,0
9,90091,3,3,0,0,0,3,3,5,261,22,10,2014,4,14,30,0,3,3,SR-4 SHARON TURNPIKE,,174,41.83148333,-73.22936944,0,12,8,0,1,1,0,1,1,2,0,2,0,0000000,99,99,99,99,99,99,0,0,0,1,0
9,90092,2,1,1,0,1,1,2,1,235,30,3,2014,1,6,29,1,11,1,I-95,@ X22 NB,247,41.14599167,-73.25938056,0,14,0,1,5,1,0,8,3,2,0,2,0,0000000,6,30,6,38,88,88,0,0,0,1,1
9,90093,1,1,0,0,0,2,2,3,280,28,9,2014,1,14,39,0,14,6,WINDSOR ST,,10,41.77766389,-72.67289722,0,40,0,0,1,1,0,4,1,1,0,1,0,0000000,14,18,14,25,14,38,0,0,0,1,0
9,90094,1,1,0,0,0,1,1,3,225,28,9,2014,1,2,18,1,11,1,I-84,,637,41.76626667,-72.65179167,0,1,0,1,18,1,0,1,3,1,0,1,0,0000000,99,99,99,99,88,88,0,0,0,1,1
9,90095,2,2,0,0,0,2,2,15,573,2,4,2014,4,12,56,0,3,2,US-44,,902,41.85955278,-72.03148333,0,12,8,0,1,1,0,1,1,1,0,1,0,0000000,12,58,13,7,88,88,0,0,0,1,0
9,90096,1,1,0,0,0,2,2,9,430,21,9,2014,1,3,0,1,11,1,I-91 SB EXIT RAMP,,30,41.32453056,-72.88396111,0,24,0,1,19,1,0,4,3,2,0,2,0,0000000,99,99,99,99,99,99,0,0,0,1,1
9,90097,1,1,0,0,0,1,1,9,370,19,9,2014,6,18,37,0,14,3,SR-71 COOK AVE,NEW HANOVER RD,26,41.52816667,-72.80883333,0,33,0,0,3,3,0,4,1,1,0,1,0,0000000,18,36,18,39,19,4,0,0,0,1,0
9,90098,1,1,0,0,0,2,2,13,64,19,9,2014,6,1,53,1,12,2,US-44,,84,41.788925,-72.45017222,0,24,0,0,1,1,0,3,2,1,0,1,0,0000000,1,53,1,53,2,30,0,0,0,1,0
9,90099,1,1,0,0,0,1,1,9,640,27,8,2014,4,17,43,0,14,6,BUNGAY RD,,12,41.375325,-73.09845556,0,30,0,0,1,1,0,4,1,1,0,1,0,0000000,17,43,17,45,18,31,0,0,0,1,0
9,90100,1,1,0,1,1,2,2,9,810,15,3,2014,7,20,5,0,14,6,EAST MAIN ST,BALDWIN & CHERRY STS,3,41.55453611,-73.03443889,0,8,0,0,3,4,0,1,3,1,0,1,0,0000000,20,5,99,99,99,99,0,0,0,1,0
9,90101,1,1,0,0,0,1,1,9,370,1,6,2014,1,18,58,1,11,1,I-91 SB ENTRANCE RAMP FR I-691,,198,41.53616944,-72.7647,0,1,0,1,20,1,0,1,1,1,0,1,0,0000000,18,58,19,6,19,32,0,0,0,1,0
9,90102,3,3,0,0,0,4,4,11,339,12,4,2014,7,17,39,0,4,3,SR-214,,25,41.44325278,-72.02611389,0,12,8,0,1,1,0,1,1,1,0,1,0,0000000,17,39,17,41,88,88,0,0,0,1,0
9,90103,3,3,0,0,0,5,5,1,700,13,4,2014,1,23,51,1,11,1,I-95,,85,41.05431667,-73.52564444,0,12,1,0,1,1,1,1,3,1,0,1,0,0000000,23,51,99,99,88,88,0,0,0,1,1
9,90104,1,1,0,1,1,2,2,7,380,28,6,2014,7,11,20,0,13,6,MAIN ST,MARTIN LUTHER KING JR WAY,1,41.55805278,-72.64809722,0,8,0,0,3,4,0,1,1,1,0,1,0,0000000,11,20,99,99,99,99,0,0,0,1,0
9,90105,3,3,0,0,0,3,3,3,823,30,3,2014,1,18,44,0,14,3,SR-529,,4,41.73010833,-72.72529722,0,12,2,0,1,1,0,1,5,1,0,1,0,0000000,18,44,18,54,19,14,0,0,0,1,1
9,90106,1,1,0,1,1,1,1,13,293,14,3,2014,6,7,3,0,6,6,RHAM HS ACCESS ROAD,,0,41.66353889,-72.36714722,0,8,0,0,1,1,0,5,1,1,0,1,0,0000000,7,2,7,12,7,52,21,0,0,1,1
9,90107,1,1,0,1,1,3,3,3,225,8,3,2014,7,19,10,0,16,6,SCHOOL STREET,,3,41.78275,-72.61245278,0,8,0,0,1,1,0,1,2,1,0,1,0,0000000,99,99,99,99,99,99,0,0,0,1,0
9,90108,2,2,0,0,0,2,2,3,237,18,6,2014,4,11,19,1,13,2,US-6 COLT HWY,CHIMNEY HILL DR,549,41.70908056,-72.81306667,0,12,6,0,2,3,0,1,1,1,0,1,0,0000000,11,20,11,22,11,56,0,0,0,1,0
9,90109,1,1,0,1,1,1,1,11,710,25,4,2014,6,5,11,0,13,3,SR-2,,569,41.39000556,-71.84508333,0,8,0,0,1,1,0,1,4,1,0,1,0,0000000,5,11,5,14,6,30,0,0,0,1,1
9,90110,1,1,0,0,0,1,1,15,330,12,7,2014,7,19,52,1,11,1,I-395,X93  RAMP,409,41.84215833,-71.87807222,0,57,0,1,5,1,0,4,1,1,0,1,0,0000000,19,53,19,56,20,18,0,0,0,1,0
9,90111,1,1,0,1,1,1,1,13,228,29,7,2014,3,17,17,0,16,6,MIDDLE RD,,11,41.89213611,-72.50070556,0,8,0,0,1,1,0,1,1,1,0,1,0,0000000,99,99,99,99,99,99,0,0,0,1,0
9,90112,1,1,0,0,0,1,1,9,265,24,4,2014,5,22,1,0,15,3,SR-77,,30,41.32048611,-72.699325,0,24,0,0,1,1,0,4,2,1,0,1,0,0000000,22,0,22,6,22,34,0,0,0,1,0
9,90113,1,1,0,0,0,1,1,11,520,25,7,2014,6,0,8,0,14,3,SR-32,PERRY AVE,109,41.50740278,-72.08696944,0,43,0,0,3,3,0,4,3,1,0,1,0,0000000,99,99,99,99,99,99,0,0,0,1,0
9,90114,1,1,0,0,0,1,1,9,410,2,5,2014,6,11,28,0,16,6,HORTON HILL ROAD,,9,41.47080833,-73.00873889,0,39,0,0,1,1,0,4,1,1,0,1,0,0000000,99,99,99,99,99,99,0,0,0,1,1
9,90115,1,1,0,0,0,1,1,9,538,12,7,2014,7,18,13,1,12,3,SR-15 WILBUR CROSS PKWY,,417,41.28673611,-73.04238333,0,24,0,0,1,1,0,4,1,1,0,1,0,0000000,18,14,18,25,88,88,0,0,0,1,1
9,90116,1,1,0,0,0,1,1,11,710,3,5,2014,7,17,11,1,11,1,I-95,,1012,41.37468333,-71.96109444,0,24,0,0,1,1,0,3,1,1,0,1,0,0000000,17,14,17,21,88,88,0,0,0,1,1
9,90117,2,1,1,0,0,1,1,1,235,14,5,2014,4,20,41,1,11,1,I-95,,231,41.13858889,-73.28849722,0,25,0,1,19,1,0,4,3,1,0,1,0,0000000,99,99,99,99,99,99,0,0,0,1,0
9,90118,1,1,0,0,0,1,1,15,99,17,7,2014,5,18,8,0,6,6,BUSH HILL RD,,3,41.81794444,-71.96542222,0,42,0,0,1,1,0,4,1,1,0,1,0,0000000,18,8,18,15,88,88,0,0,0,1,1
9,90119,1,1,0,0,0,3,3,3,369,10,7,2014,5,14,33,1,2,3,SR-2,,178,41.61873611,-72.43750556,0,57,0,0,1,1,0,3,1,1,0,1,0,0000000,14,30,14,41,15,13,0,0,0,1,0
9,90120,1,1,0,0,0,1,1,3,365,2,7,2014,4,7,15,0,15,6,VERNON STREET,,13,41.79320833,-72.49246667,0,33,0,0,1,1,0,4,1,1,0,1,0,0000000,7,15,7,18,7,45,0,0,0,1,0
9,90121,2,2,0,0,0,2,2,13,293,15,5,2014,5,16,33,0,2,3,SR-66,,239,41.64755556,-72.40188333,0,12,2,0,1,1,0,1,1,1,0,1,0,0000000,16,30,16,37,17,24,0,0,0,1,0
9,90122,1,1,0,0,0,1,1,1,50,17,8,2014,1,19,57,0,6,6,FLEETWOOD AVENUE,MANSFIELD STREET,4,41.37825,-73.43104722,0,59,0,0,3,3,0,4,1,1,0,1,0,0000000,99,99,99,99,99,99,0,0,0,1,0
9,90123,2,2,0,4,4,4,4,9,385,17,5,2014,7,22,37,1,11,1,I-95,,350,41.20566667,-73.107375,0,8,0,0,1,1,0,1,3,1,0,1,0,0000000,99,99,99,99,99,99,23,0,0,1,0
9,90124,3,3,0,0,0,4,4,3,823,14,8,2014,5,15,41,1,11,1,I-84 EB,,590,41.74984167,-72.72053333,0,12,1,0,1,1,0,1,1,1,0,1,0,0000000,99,99,99,99,99,99,14,0,0,1,0
9,90125,1,1,0,0,0,1,1,3,823,12,8,2014,3,3,36,1,11,1,I-84,,574,41.73794722,-72.73937778,0,24,0,1,19,1,0,3,3,1,0,1,0,0000000,99,99,99,99,99,99,0,0,0,1,1
9,90126,1,1,0,1,1,1,1,1,80,9,8,2014,7,21,59,0,14,6,NOBLE AVE,,3,41.18982222,-73.18424444,0,8,0,0,1,1,0,1,3,1,0,1,0,0000000,22,0,22,6,22,23,0,0,0,1,0
9,90127,1,1,0,0,0,1,1,11,339,4,8,2014,2,14,17,0,16,6,SHAWVILLE RD,,29,41.43573889,-71.96275278,0,30,0,0,1,1,0,4,1,1,0,1,0,0000000,14,17,14,25,14,49,0,0,0,1,1
9,90128,1,1,0,1,1,1,1,1,80,22,8,2014,6,12,21,0,14,6,NADISON AVE,,11,41.21391389,-73.22671389,0,8,0,0,1,1,0,1,1,1,0,1,0,0000000,12,23,12,32,12,41,0,0,0,1,0
9,90129,1,1,0,1,1,1,1,1,80,9,8,2014,7,4,38,0,14,6,PARK AVE,VINE ST & WOOD AVE,28,41.17773056,-73.20117222,0,8,0,0,3,4,0,1,3,1,0,1,0,0000000,4,39,4,46,5,2,0,0,0,1,0
9,90130,1,1,0,0,0,1,1,13,846,22,8,2014,6,6,47,0,3,3,SR-32 RIVER RD,,422,41.85931389,-72.30043333,0,24,0,0,1,1,0,4,1,1,0,1,0,0000000,99,99,99,99,88,88,0,0,0,1,0
9,90131,1,1,0,1,1,1,1,5,450,23,8,2014,7,8,27,0,4,3,SR-109 CHESTNUT LAND RD,,34,41.63119722,-73.36222222,0,9,0,0,8,1,0,1,1,1,0,1,0,0000000,8,29,8,42,9,6,0,0,0,1,0
9,90132,2,2,0,0,0,2,2,15,749,26,8,2014,3,20,35,0,4,3,SR-200 THOMSON HILL RD,,18,41.96325278,-71.86859722,0,12,99,0,1,1,0,1,5,1,0,1,1,0000000,20,35,20,45,21,6,0,0,0,1,0
9,90133,2,2,0,0,0,3,3,15,508,5,6,2014,5,6,46,1,2,2,US-6,STATION ROAD,953,41.75136667,-72.15177778,0,12,6,0,2,2,0,1,1,2,0,2,0,0000000,6,46,6,50,88,88,0,0,0,2,0
9,90134,2,2,0,1,1,3,3,1,700,20,4,2014,1,18,48,0,16,6,WOODLAND AVENUE,,0,41.04383056,-73.54013889,0,8,0,0,1,1,0,1,1,1,0,1,0,0000000,18,48,18,52,19,13,0,0,0,1,0
9,90135,2,2,0,0,0,2,2,3,60,14,8,2014,5,11,50,0,13,3,SR-218 COTTAGE GROVE RD,ST-187 BLUE HILLS AVE,49,41.81655,-72.69512778,0,12,6,0,2,2,0,1,1,1,0,1,0,0000000,11,55,12,14,12,35,0,0,0,1,0
9,90136,2,2,0,0,0,3,3,9,375,5,8,2014,3,22,37,0,13,3,SR-63 STRAITS TPKE,,207,41.56119722,-73.09461667,0,12,6,0,1,1,0,1,2,1,0,1,0,0000000,99,99,99,99,99,99,0,0,0,1,0
9,90137,3,3,0,0,0,3,3,5,817,5,9,2014,6,7,37,0,14,3,SR-262,,15,41.60675833,-73.0853,0,12,6,0,1,1,0,1,1,1,0,1,0,0000000,7,37,99,99,99,99,0,0,0,1,0
9,90138,1,1,0,1,1,1,1,3,60,18,7,2014,6,17,16,0,14,3,SR-189,,84,41.89870278,-72.75473333,0,9,0,0,1,1,0,1,1,1,0,1,0,0000000,17,30,17,39,99,99,0,0,0,1,0
9,90139,1,1,0,0,0,1,1,13,367,20,7,2014,1,18,45,0,13,2,US-44,,737,41.80114167,-72.30689444,0,30,0,0,1,1,0,4,1,1,0,1,0,0000000,99,99,99,99,99,99,0,0,0,1,1
9,90140,2,2,0,0,0,2,2,15,108,1,9,2014,2,13,41,1,2,2,US-6,SR-198,970,41.77114444,-72.13343611,0,24,0,0,3,3,0,4,1,1,0,1,0,0000000,13,42,13,49,14,12,0,0,0,1,2
9,90141,4,4,0,0,0,8,8,11,811,12,10,2014,1,18,56,1,11,1,I-95 SB,,903,41.36794444,-72.16428889,0,12,1,0,1,1,0,1,2,1,0,1,0,0000000,99,99,99,99,99,99,26,19,0,3,0
9,90142,1,1,0,0,0,1,1,13,228,9,6,2014,2,12,3,0,13,3,SR-83,,213,41.95190278,-72.44808611,0,24,0,0,1,1,0,4,1,1,0,1,0,0000000,99,99,99,99,99,99,0,0,0,1,0
9,90144,1,1,0,0,0,1,1,13,756,26,7,2014,7,13,12,0,16,6,BUFF CAP RD,,21,41.91474722,-72.34005278,0,53,0,0,1,1,0,4,1,1,0,1,0,0000000,99,99,99,99,99,99,0,0,0,1,0
9,90145,2,2,0,0,0,2,2,11,386,12,7,2014,7,11,32,0,4,3,SR-163 BOZRAH ST,,68,41.51345833,-72.20298333,0,12,6,0,8,1,0,1,1,1,0,1,0,0000000,11,36,11,40,12,19,0,0,0,1,0
9,90146,2,2,0,0,0,2,2,1,98,26,7,2014,7,10,52,0,14,6,CANDLEWOOD LAKE RD,,29,41.47254167,-73.43048056,0,12,8,0,1,1,0,1,1,1,0,1,0,0000000,10,55,11,1,11,27,0,0,0,1,0
9,90147,2,2,0,0,0,3,3,9,810,3,4,2014,5,16,51,0,13,3,SR-69,,148,41.53402222,-73.01030278,0,12,2,0,1,1,0,1,1,1,0,1,0,0000000,16,51,99,99,99,99,0,0,0,1,1
9,90148,2,2,0,0,0,2,2,1,715,8,7,2014,3,9,56,0,14,3,SR-113,MCPADDEN DRIVE,47,41.17338333,-73.12874444,0,12,6,0,2,4,0,1,1,1,0,1,0,0000000,9,56,9,57,10,27,0,0,0,1,0
9,90149,1,1,0,1,1,1,1,9,502,16,7,2014,4,14,17,0,13,3,SR-17,,31,41.35442222,-72.84429722,0,8,0,0,1,1,0,2,1,1,0,1,0,0000000,14,19,14,19,14,43,0,0,0,1,1
9,90150,4,4,0,0,0,4,4,9,222,18,7,2014,6,19,42,0,14,3,SR-80,CIRCLE DRIVE,30,41.32461944,-72.82643056,0,12,2,0,3,2,0,1,1,1,0,1,0,0000000,19,41,19,45,20,19,0,0,0,1,1
9,90151,2,2,0,0,0,3,3,11,440,19,7,2014,7,13,14,0,13,2,US-1,,984,41.34584722,-72.11115833,0,12,6,0,8,1,0,1,1,1,0,1,0,0000000,13,14,13,18,13,29,0,0,0,1,0
9,90152,1,1,0,1,1,2,2,1,700,21,7,2014,2,12,42,0,13,6,SUMMER STREET,HOYT STREET,9,41.060625,-73.54085833,0,8,0,0,3,2,0,1,1,1,0,1,0,0000000,12,42,12,44,13,2,0,0,0,1,0
9,90153,1,1,0,1,1,1,1,1,425,23,7,2014,4,11,20,0,13,3,SR-106,SR-123,75,41.14878056,-73.48276667,0,8,0,0,3,2,2,1,1,1,0,1,0,0000000,99,99,99,99,99,99,0,0,0,1,0
9,90154,1,1,0,1,1,2,2,3,90,8,8,2014,6,21,24,0,13,3,SR-69,,246,41.64481111,-72.96383056,0,8,0,0,1,1,0,1,2,1,0,1,0,0000000,21,27,21,34,21,49,0,0,0,1,0
9,90155,1,1,0,0,0,1,1,7,380,10,8,2014,1,13,19,1,12,3,SR-9,ON SB ENT RMP #031,195,41.51312778,-72.600475,0,24,0,1,5,1,0,4,1,1,0,1,0,0000000,13,24,13,34,14,0,0,0,0,1,0
9,90156,1,1,0,0,0,1,1,5,817,7,5,2014,4,0,2,1,12,3,SR-8,ON NB OFF RAMP #085 (X37),341,41.60435278,-73.06460556,0,1,0,1,20,1,0,1,2,1,0,1,0,0000000,0,2,99,99,99,99,0,0,0,1,1
9,90157,2,2,0,0,0,3,3,9,585,26,7,2014,7,14,41,0,16,6,PORTER HILL ROAD,STRAITSVILLE ROAD,0,41.48150278,-72.99419722,0,12,6,0,2,3,0,1,1,1,0,1,0,0000000,14,42,14,51,15,25,0,0,0,1,1
9,90158,1,1,0,0,0,1,1,1,80,3,8,2014,1,2,33,0,13,2,US-1,,283,41.17664444,-73.22073333,0,30,0,0,1,1,0,4,9,99,0,99,0,0000000,99,99,99,99,99,99,20,0,0,1,0
9,90159,2,2,0,0,0,2,2,5,350,17,8,2014,1,17,0,0,4,3,SR-254,,68,41.72583056,-73.14999167,0,12,1,0,1,1,0,1,1,1,0,1,0,0000000,16,59,17,6,17,28,0,0,0,1,1
9,90160,3,3,0,0,0,5,5,3,435,21,8,2014,5,13,12,0,14,6,MAIN STREET,SR-176,0,41.71238889,-72.72621667,0,12,1,0,3,2,0,1,1,1,0,1,0,0000000,13,13,13,20,13,37,14,0,0,1,0
9,90161,1,1,0,0,0,3,3,9,430,24,8,2014,1,0,18,0,14,6,LONG WHARF DRIVE,,8,41.29565833,-72.91658056,0,25,0,0,1,1,1,4,3,1,0,1,0,0000000,0,16,0,18,0,48,0,0,0,1,0
9,90162,3,3,0,0,0,4,4,9,430,27,8,2014,4,5,14,1,11,1,I-95,,472,41.29119722,-72.92152778,0,12,1,1,18,1,1,1,1,1,0,1,0,0000000,5,14,99,99,99,99,14,0,0,1,0
9,90163,1,1,0,0,0,1,1,9,385,28,8,2014,5,16,13,1,11,1,I-95,ON SB OFF RMP# 138 (X40),405,41.23961389,-73.02088611,0,24,0,1,5,1,0,4,1,1,0,1,0,0000000,99,99,99,99,88,88,0,0,0,1,1
9,90164,1,1,0,0,0,2,2,9,385,31,8,2014,1,13,51,1,12,3,SR-796,,8,41.23603889,-73.07383611,0,24,0,0,1,1,0,4,1,1,0,1,0,0000000,99,99,99,99,99,99,0,0,0,1,0
9,90166,1,1,0,0,0,1,1,1,80,7,9,2014,1,19,44,1,12,3,SR-8,SB OFF RMP# 126 (X2),9,41.179325,-73.195225,0,39,0,1,5,1,0,4,5,1,0,1,0,0000000,99,99,99,99,88,88,0,0,0,1,1
9,90167,1,1,0,0,0,1,1,5,286,19,9,2014,6,6,15,0,4,6,LEAD MINE BROOK ROAD,,1,41.79114722,-73.05278889,0,42,0,0,1,1,0,4,1,1,0,1,0,0000000,6,14,6,20,6,44,0,0,0,1,0
9,90168,1,1,0,0,0,1,1,3,214,21,9,2014,1,11,12,0,16,6,INTERNATIONAL DRIVE,,1,41.927875,-72.71036667,0,1,0,0,1,1,0,1,1,99,0,99,0,0000000,99,99,99,99,88,88,0,0,0,1,1
9,90169,2,2,0,0,0,2,2,9,267,23,9,2014,3,19,3,1,12,3,SR-15,,481,41.35358889,-72.95805,0,12,7,0,1,1,0,1,5,99,0,99,0,0000000,19,5,19,12,88,88,0,0,0,1,0
9,90170,2,2,0,0,0,4,4,5,388,26,9,2014,6,20,12,0,4,3,SR-109,,174,41.67309722,-73.14839722,0,12,2,0,1,1,0,1,9,99,0,99,0,0000000,99,99,99,99,99,99,0,0,0,1,1
9,90171,2,2,0,0,0,3,3,3,680,30,9,2014,3,21,53,0,14,3,SR-322,@ COMMERCIAL DWY,66,41.56403611,-72.90558333,0,12,6,0,8,1,0,1,3,1,0,1,0,0000000,21,55,22,0,22,24,0,0,0,2,0