STATE,ST_CASE,VE_TOTAL,VE_FORMS,PVH_INVL,PEDS,PERNOTMVIT,PERMVIT,PERSONS,COUNTY,CITY,DAY,MONTH,YEAR,DAY_WEEK,HOUR,MINUTE,NHS,ROAD_FNC,ROUTE,TWAY_ID,TWAY_ID2,MILEPT,LATITUDE,LONGITUD,SP_JUR,HARM_EV,MAN_COLL,RELJCT1,RELJCT2,TYP_INT,WRK_ZONE,REL_ROAD,LGT_COND,WEATHER1,WEATHER2,WEATHER,SCH_BUS,RAIL,NOT_HOUR,NOT_MIN,ARR_HOUR,ARR_MIN,HOSP_HR,HOSP_MN,CF1,CF2,CF3,FATALS,DRUNK_DR
9,90172,1,1,0,0,0,1,1,5,629,19,6,2014,5,16,11,0,6,6,CARRIAGE LANE,,8,41.54214167,-73.27970556,0,42,0,0,1,1,0,4,1,1,0,1,0,0000000,99,99,99,99,88,88,0,0,0,1,0
9,90173,1,1,0,0,0,1,1,1,510,18,9,2014,5,0,5,0,14,6,HIGHLAND AVENUE,FLAX HILL ROAD,0,41.09166111,-73.43777778,0,19,0,0,3,3,0,4,2,1,0,1,0,0000000,0,5,0,9,99,99,0,0,0,1,0
9,90174,2,2,0,0,0,3,3,1,80,14,9,2014,1,10,0,0,13,3,SR-127,QUALITY STREET,66,41.25613889,-73.21548056,0,12,6,0,2,2,0,1,1,1,0,1,0,0000000,10,0,10,17,10,27,0,0,0,1,0
9,90175,1,1,0,0,0,1,1,11,710,24,9,2014,4,5,44,0,16,6,AL HARVEY ROAD,,11,41.38956389,-71.92287222,0,39,0,0,1,1,0,4,2,1,0,1,0,0000000,5,59,6,13,88,88,0,0,0,1,1
9,90176,1,1,0,1,1,1,1,7,380,27,9,2014,7,0,56,0,13,3,SR-66,BROAD STREET,66,41.56155278,-72.65313611,0,8,0,0,3,3,0,1,3,1,0,1,0,0000000,0,56,0,56,1,21,0,0,0,1,0
9,90177,1,1,0,0,0,1,1,1,510,3,10,2014,6,22,38,0,14,6,CALF PASTURE BEACH ROAD,,0,41.09520278,-73.39784722,0,43,0,0,1,1,0,3,3,1,0,1,0,0000000,22,40,22,46,99,99,0,0,0,1,1
9,90178,1,1,0,1,1,1,1,9,810,6,10,2014,2,19,45,0,14,6,BALDWIN STREET,PLEASANT STREET,4,41.54931667,-73.03391944,0,8,0,0,2,3,0,1,3,1,0,1,0,0000000,99,99,99,99,99,99,19,0,0,1,0
9,90179,1,1,0,1,1,1,1,3,60,25,8,2014,2,20,44,0,13,3,SR-218,SR-187,50,41.81652222,-72.69513333,0,8,0,0,3,2,0,1,3,1,0,1,0,0000000,20,47,20,58,21,11,0,0,0,1,0
9,90181,1,1,0,0,0,1,1,11,520,8,10,2014,4,21,7,0,16,6,VERGASON AVENUE,,5,41.56519722,-72.10864444,0,42,0,0,1,1,0,4,2,1,0,1,0,0000000,21,8,21,15,88,88,0,0,0,1,1
9,90182,2,2,0,0,0,2,2,15,180,15,10,2014,4,18,55,0,14,6,GREEN HOLLOW ROAD,,1,41.79616111,-71.88016667,0,12,2,0,1,1,0,1,3,1,0,1,0,0000000,99,99,99,99,99,99,0,0,0,1,1
9,90183,2,1,1,2,2,1,1,1,700,18,10,2014,7,7,31,0,14,6,HOPE STREET,,16,41.09384167,-73.51774444,0,8,0,0,1,1,0,1,1,1,0,1,0,0000000,7,32,7,35,8,3,23,0,0,1,0
9,90184,3,3,0,0,0,3,3,3,838,25,10,2014,7,16,1,1,11,1,I-91,,334,41.70348889,-72.64420556,0,12,1,1,18,1,0,1,5,1,0,1,0,0000000,99,99,99,99,99,99,0,0,0,1,0
9,90185,1,1,0,0,0,1,1,3,369,25,10,2014,7,8,8,1,12,3,SR-2,,191,41.595425,-72.41593056,0,42,0,0,1,1,0,4,1,1,0,1,0,0000000,8,7,8,10,88,88,0,0,0,1,0
9,90186,2,2,0,0,0,2,2,7,160,27,10,2014,2,10,9,0,14,3,SR-3,@ CDR TO SHOP CTR,33,41.60498611,-72.67631389,0,12,6,0,2,3,0,1,1,1,0,1,0,0000000,10,8,10,16,10,32,0,0,0,1,0
9,90187,1,1,0,0,0,1,1,3,237,15,10,2014,4,13,34,0,13,6,FIENEMANN ROAD,,8,41.70949167,-72.80784444,0,42,0,0,1,1,0,4,1,1,0,1,0,0000000,13,36,13,41,14,8,0,0,0,1,0
9,90188,2,2,0,0,0,6,6,11,219,26,10,2014,1,13,50,0,14,3,SR-161,,14,41.33792778,-72.20754722,0,12,2,0,1,1,0,1,1,1,0,1,0,0000000,13,48,13,53,14,25,0,0,0,1,0
9,90189,2,1,1,0,0,1,1,9,810,27,10,2014,2,16,46,1,11,1,I-84,WB X21 OFF RMP & FIELD ST,328,41.55240278,-73.04426667,0,24,0,1,3,2,0,4,1,1,0,1,0,0000000,16,14,16,23,16,48,0,0,0,1,0
9,90190,1,1,0,0,0,1,1,7,536,30,10,2014,5,14,31,1,12,3,SR-9,@ I-95 NB TR# 816,4,41.31629444,-72.35951667,0,21,0,1,5,1,0,4,9,99,0,99,0,0000000,14,31,99,99,99,99,0,0,0,1,0
9,90191,1,1,0,2,2,1,1,9,267,30,10,2014,5,20,9,0,13,3,SR-10,HAIG STREET,64,41.35741111,-72.92701389,0,8,0,0,3,2,0,1,3,1,0,1,0,0000000,99,99,99,99,99,99,0,0,0,1,0
9,90192,1,1,0,0,0,2,2,3,46,31,10,2014,6,3,44,0,14,6,KENSINGTON ROAD,,7,41.59973056,-72.77910278,0,42,0,0,1,1,0,4,3,1,0,1,0,0000000,3,52,4,1,88,88,0,0,0,2,0
9,90193,2,2,0,0,0,2,2,15,590,17,10,2014,6,18,56,0,3,2,US-44,@ PVT DWY,1047,41.91801667,-71.82222222,0,12,6,0,2,3,0,1,2,1,0,1,0,0000000,18,45,18,47,19,17,0,0,0,1,0
9,90194,1,1,0,1,1,1,1,9,265,17,10,2014,6,9,8,0,13,2,US-1,,628,41.28769722,-72.689525,0,9,0,0,1,1,0,1,1,1,0,1,0,0000000,9,6,9,15,9,32,16,0,0,1,0
9,90195,7,7,0,0,0,14,14,11,811,12,10,2014,1,21,26,1,11,1,I-95,,918,41.37067222,-72.13302778,0,12,1,1,18,1,0,1,3,1,0,1,0,0000000,21,25,21,33,21,46,19,27,14,1,0
9,90196,1,1,0,0,0,1,1,15,749,6,10,2014,2,6,26,1,1,1,I-395,,534,42.00669444,-71.85366667,0,59,0,1,5,1,0,8,2,1,0,1,0,0000000,6,36,6,46,7,22,0,0,0,1,1
9,90197,1,1,0,1,1,1,1,3,225,8,10,2014,4,5,40,0,13,2,US-5,,363,41.77541944,-72.63961111,0,8,0,0,1,1,0,1,3,1,0,1,0,0000000,99,99,99,99,99,99,0,0,0,1,0
9,90198,1,1,0,0,0,1,1,1,700,15,7,2014,3,18,32,1,11,1,I-95,,68,41.04439722,-73.55455556,0,42,0,0,1,1,0,1,1,2,0,2,0,0000000,99,99,99,99,99,99,0,0,0,1,0
9,90199,3,2,1,5,5,1,1,1,700,1,11,2014,7,2,28,1,11,1,I-95,,71,41.04531389,-73.54989444,0,12,6,0,1,1,0,1,3,1,0,1,0,0000000,2,28,99,99,99,99,19,15,23,1,0
9,90200,1,1,0,1,1,1,1,13,368,3,11,2014,2,15,35,0,6,6,MANSFIELD CITY ROAAD,,5,41.75581667,-72.21986667,0,8,0,0,1,1,0,2,1,1,0,1,0,0000000,15,36,15,44,15,56,0,0,0,1,0
9,90201,2,2,0,0,0,2,2,13,7,5,11,2014,4,13,44,1,2,2,US-6,,844,41.72973889,-72.3409,0,12,2,0,1,1,0,1,1,1,0,1,0,0000000,13,44,13,52,14,11,0,0,0,1,0
9,90202,2,2,0,0,0,3,3,3,60,10,11,2014,2,12,43,0,13,3,SR-218,SR-187,50,41.81688056,-72.73868611,0,12,6,0,2,2,0,1,1,1,0,1,0,0000000,12,44,12,52,13,16,0,0,0,1,0
9,90203,2,2,0,0,0,2,2,1,80,2,11,2014,1,0,54,0,13,2,US-1,SEAVIEW AVENUE,321,41.19334722,-73.17021111,0,12,2,0,3,3,0,1,3,2,0,2,0,0000000,0,54,99,99,99,99,0,0,0,1,0
9,90204,2,2,0,0,0,4,4,1,700,7,11,2014,6,20,47,0,13,2,US-1,ALVORD LANE,58,41.04886667,-73.56301944,0,12,6,0,2,3,0,1,3,1,0,1,0,0000000,20,47,20,50,21,12,0,0,0,2,0
9,90205,2,2,0,0,0,2,2,1,460,7,11,2014,6,4,21,1,11,1,I-84,,164,41.42096111,-73.26040278,0,12,1,0,1,1,0,1,9,99,0,99,0,0000000,99,99,99,99,99,99,26,0,0,1,0
9,90206,1,1,0,1,1,1,1,1,170,8,11,2014,7,0,3,0,14,3,SR-53,GREAT PASTURE ROAD,211,41.384675,-73.42642222,0,8,0,0,3,3,0,1,2,1,0,1,0,0000000,0,1,0,5,99,99,0,0,0,1,0
9,90207,1,1,0,1,1,1,1,9,110,20,11,2014,5,18,24,0,13,3,SR-10,,156,41.47899444,-72.90586667,0,8,0,0,1,1,0,1,3,1,0,1,0,0000000,18,27,18,40,19,2,0,0,0,1,0
9,90208,2,1,1,0,0,1,1,9,790,21,11,2014,6,15,1,0,14,6,NORTH CHERRY STREET,,2,41.4595,-72.82466111,0,14,0,0,1,1,0,4,1,1,0,1,0,0000000,15,1,15,6,15,47,0,0,0,1,0
9,90209,1,1,0,0,0,1,1,3,420,20,11,2014,5,22,27,1,12,3,SR-72,SR-9,0,41.66945,-72.77765,0,30,0,1,5,1,0,8,3,1,0,1,0,0000000,22,27,99,99,88,88,0,0,0,1,1
9,90210,3,2,1,0,0,2,2,3,229,23,11,2014,1,21,13,0,13,3,SR-190,SR-191,74,41.98468611,-72.51601667,0,12,7,0,3,3,0,1,3,1,0,1,0,0000000,99,99,99,99,99,99,0,0,0,1,1
9,90211,3,1,2,0,0,1,1,3,680,20,11,2014,5,2,8,0,14,6,EAST ST,,4,41.60232778,-72.84360556,0,42,0,0,1,1,0,4,3,1,0,1,0,0000000,2,16,2,24,3,4,0,0,0,1,1
9,90212,2,1,1,2,2,2,2,1,510,24,10,2014,6,20,24,0,14,6,WOODWARD ST #1,GROVE ST,2,41.09166944,-73.41701111,0,14,0,0,3,3,0,7,3,1,0,1,0,0000000,20,24,20,31,99,99,0,0,0,1,1
9,90213,2,2,0,0,0,2,2,9,495,11,5,2014,1,10,17,0,13,3,SR-80,,36,41.32812778,-72.81513889,0,12,1,0,1,1,0,1,1,1,0,1,0,0000000,99,99,99,99,99,99,0,0,0,1,1
9,90214,2,2,0,0,0,2,2,9,495,6,5,2014,3,12,27,0,14,3,SR-22,,105,41.34178611,-72.79926389,0,12,2,0,1,1,0,1,1,1,0,1,0,0000000,99,99,99,99,99,99,0,0,0,1,0
9,90215,2,2,0,0,0,2,2,9,810,27,8,2014,4,6,41,0,13,3,SR-847,BALDWIN ST #2,9,41.522525,-73.04100278,0,12,6,0,2,3,0,1,1,1,0,1,0,0000000,6,41,6,43,99,99,0,0,0,1,0
9,90216,2,2,0,0,0,4,4,3,258,9,10,2014,5,8,47,0,15,3,SR-20,,217,41.95546667,-72.796925,0,12,2,0,1,1,0,1,1,1,0,1,0,0000000,8,50,8,54,9,27,0,0,0,1,0
9,90217,1,1,0,1,1,2,2,7,220,17,10,2014,6,9,54,0,14,6,NORTH MAIN STREET,,4,41.58755,-72.50788056,0,39,0,0,1,1,0,4,1,1,0,1,0,0000000,9,54,9,57,10,16,0,0,0,1,0
9,90218,1,1,0,0,0,1,1,1,510,25,11,2014,3,20,17,1,12,2,US-7,,0,41.11045278,-73.41919444,0,24,0,1,19,1,0,4,3,1,0,1,0,0000000,99,99,99,99,88,88,0,0,0,1,1
9,90219,1,1,0,1,1,1,1,1,170,2,12,2014,3,19,31,1,11,1,I-84,,65,41.413775,-73.44211389,0,8,0,0,1,1,0,1,2,1,0,1,0,0000000,99,99,99,99,99,99,0,0,0,1,0
9,90220,2,2,0,0,0,3,3,1,80,4,12,2014,5,6,30,0,13,2,US-1,,320,41.19553889,-73.17533611,0,12,1,0,1,1,0,1,1,1,0,1,0,0000000,6,43,6,46,7,4,0,0,0,1,0
9,90221,1,1,0,1,1,1,1,15,858,5,12,2014,6,17,46,0,4,3,SR-169,CASTLE ROCK ROAD,302,41.92352778,-71.95681111,0,8,0,0,1,1,0,1,2,1,0,1,0,0000000,99,99,99,99,99,99,0,0,0,1,0
9,90223,2,2,0,0,0,4,4,11,339,7,12,2014,1,3,40,1,2,3,SR-2,,470,41.47572778,-71.95633611,0,12,6,0,1,1,0,1,3,1,0,1,0,0000000,3,42,3,50,4,15,0,0,0,1,2
9,90224,2,2,0,0,0,2,2,1,700,8,12,2014,2,16,45,1,11,1,I-95,,95,41.06120833,-73.50993056,0,12,1,0,1,1,0,1,5,1,0,1,0,0000000,99,99,99,99,99,99,28,0,0,1,0
9,90225,1,1,0,1,1,1,1,9,430,11,12,2014,5,20,47,1,11,1,I-91,,13,41.31497778,-72.908025,0,8,0,1,18,1,0,1,3,1,0,1,0,0000000,99,99,99,99,99,99,0,0,0,1,0
9,90226,1,1,0,0,0,2,2,3,46,13,12,2014,7,2,16,1,12,3,SR-9,,320,41.62386667,-72.73855833,0,30,0,1,19,1,0,4,3,1,0,1,0,0000000,99,99,99,99,99,99,0,0,0,1,1
9,90227,1,1,0,0,0,3,3,3,229,14,12,2014,1,19,34,1,11,1,I-91,,579,42.02396944,-72.58965833,0,24,0,1,19,1,0,4,3,1,0,1,0,0000000,99,99,99,99,99,99,0,0,0,1,1
9,90228,1,1,0,1,1,1,1,5,760,19,12,2014,6,18,31,0,13,3,SR-4,,225,41.81620556,-73.141,0,8,0,0,1,1,0,1,3,1,0,1,0,0000000,18,31,99,99,99,99,0,0,0,1,0
9,90229,2,2,0,0,0,5,5,13,663,20,12,2014,7,14,29,0,13,3,SR-190,,107,41.9843,-72.45308611,0,12,2,0,1,1,0,1,1,1,0,1,0,0000000,99,99,99,99,99,99,0,0,0,1,1
9,90230,2,2,0,0,0,2,2,7,0,22,12,2014,2,8,0,0,15,3,SR-154,,123,41.35758056,-72.42254167,0,12,2,0,1,1,0,1,1,1,0,1,0,0000000,99,99,99,99,88,88,0,0,0,1,0
9,90231,1,1,0,0,0,1,1,11,338,22,12,2014,2,23,21,0,6,6,LEONARD BRIDGE ROAD,,2,41.63267222,-72.29265556,0,42,0,0,1,1,0,4,2,1,0,1,0,0000000,23,28,23,33,0,9,0,0,0,1,1
9,90232,1,1,0,1,1,1,1,9,38,23,12,2014,3,19,58,1,12,3,SR-8,,229,41.45450278,-73.06098889,0,8,0,0,1,1,0,1,2,2,0,2,0,0000000,99,99,99,99,99,99,0,0,0,1,0
9,90233,1,1,0,0,0,3,3,1,387,27,12,2014,7,18,1,0,16,6,TURKEY ROOST ROAD,,14,41.35809722,-73.20985278,0,33,0,0,1,1,0,4,2,1,0,1,0,0000000,18,3,18,10,18,53,0,0,0,1,1
9,90234,2,2,0,0,0,4,4,1,835,28,12,2014,1,2,32,1,11,1,I-95,,180,41.12009444,-73.37715833,0,12,1,1,18,1,0,1,3,1,0,1,0,0000000,99,99,99,99,99,99,0,0,0,1,0
9,90235,1,1,0,1,1,1,1,11,219,4,12,2014,5,18,59,0,13,2,US-1,PLUM HILL ROAD,905,41.359525,-72.24380278,0,8,0,0,2,3,0,1,2,1,0,1,0,0000000,99,99,99,99,99,99,0,0,0,1,0
9,90236,1,1,0,0,0,2,2,7,332,13,9,2014,7,22,26,0,6,6,IRONWORKS ROAD,,3,41.35068056,-72.54425278,0,42,0,0,1,1,0,4,2,2,0,2,0,0000000,99,99,99,99,99,99,0,0,0,1,0
9,90237,1,1,0,0,0,1,1,9,669,24,9,2014,4,8,2,0,16,6,NEW WHEELER ROAD,HERITAGE ROAD,9,41.49175833,-73.22650278,0,33,0,0,3,3,0,4,1,1,0,1,0,0000000,7,53,99,99,99,99,0,0,0,1,0
9,90238,1,1,0,1,1,2,2,3,225,28,9,2014,1,3,32,1,11,1,I-84,,637,41.764925,-72.64675833,0,8,0,1,18,1,0,1,2,1,0,1,0,0000000,99,99,99,99,88,88,0,0,0,1,0
9,90239,1,1,0,0,0,1,1,9,430,23,9,2014,3,4,32,1,11,1,I-91,@ SR-34 WB UP,2,41.30111944,-72.91492778,0,21,0,1,18,1,1,1,3,1,0,1,0,0000000,99,99,99,99,99,99,0,0,0,1,0
9,90240,1,1,0,1,1,4,4,3,718,10,12,2014,4,18,1,0,16,6,MAPLETON AVENUE,,6,42.00708889,-72.62960278,0,8,0,0,1,1,0,1,2,2,0,2,0,0000000,99,99,99,99,99,99,0,0,0,1,0
9,90241,2,2,0,1,1,2,2,3,718,24,7,2014,5,14,40,0,14,3,SR-168,CANBORNE WAY,73,41.98352222,-72.66311944,0,9,0,0,2,3,0,1,1,1,0,1,0,0000000,14,41,14,42,15,14,0,0,0,1,0
10,100001,2,2,0,0,0,2,2,5,0,4,1,2014,7,8,8,0,4,3,SR-24,,270,39.60136944,-75.27249444,0,12,6,0,1,1,0,1,1,8,0,8,0,0000000,8,9,8,17,88,88,0,0,0,1,0
10,100002,2,2,0,0,0,5,5,3,0,25,1,2014,7,17,45,0,4,3,SR-100,,7,39.78013056,-75.58798056,0,12,6,0,1,1,0,1,2,1,0,1,0,0000000,17,45,17,54,18,25,0,0,0,1,0
10,100003,2,2,0,0,0,3,3,1,320,28,1,2014,3,20,31,1,2,2,US-113,NEW WHARF ROAD,25,38.92558056,-75.41303333,0,12,6,0,7,1,0,1,3,4,0,4,0,0000000,99,99,99,99,99,99,0,0,0,1,0
10,100004,2,2,0,0,0,3,3,3,0,28,1,2014,3,22,28,1,2,2,US-301,,35,39.49403056,-75.71501944,0,12,2,0,1,1,0,1,2,4,0,4,0,0000000,22,25,22,32,23,14,0,0,0,1,1
10,100005,1,1,0,1,1,1,1,3,490,1,2,2014,7,1,30,0,13,3,SR-48,,13,39.75076111,-75.58411667,0,8,0,0,1,1,0,1,3,1,0,1,0,0000000,99,99,99,99,88,88,0,0,0,1,0
10,100006,1,1,0,0,0,2,2,5,0,7,2,2014,6,18,12,0,6,4,CR-212,,26,38.82266111,-75.33521944,0,30,0,0,1,1,0,4,2,1,0,1,0,0000000,18,17,18,18,18,47,0,0,0,2,1
10,100007,2,2,0,0,0,4,4,5,0,8,2,2014,7,10,36,0,6,4,CR-353,CR-365,23,38.53754722,-75.14939444,0,12,6,0,2,2,0,1,1,1,0,1,0,0000000,10,39,10,46,99,99,0,0,0,1,0
10,100008,2,2,0,0,0,2,2,1,0,18,2,2014,3,22,10,0,15,3,SR-10,,16,39.11905,-75.50314722,0,12,6,0,1,1,0,1,2,1,0,1,0,0000000,22,18,22,25,99,99,0,0,0,1,1
10,100009,2,2,0,0,0,3,3,3,0,25,2,2014,3,10,48,1,2,3,SR-1,,41,39.351,-75.64158056,0,12,2,0,1,1,0,1,1,4,0,4,0,0000000,10,47,11,15,12,11,0,0,0,1,0
10,100010,2,2,0,0,0,2,2,5,420,28,2,2014,6,17,8,0,15,5,ROSS STATION ROAD,,11,38.66326944,-75.62166111,0,12,2,0,1,1,0,1,1,1,0,1,0,0000000,17,14,17,18,17,44,0,0,0,1,1
10,100011,4,4,0,0,0,4,4,3,0,6,3,2014,5,11,28,0,14,2,US-13,BELLEVUE PARKWAY RD,40,39.77773889,-75.48905,0,12,1,0,3,2,0,1,1,1,0,1,0,0000000,11,28,11,32,12,10,0,0,0,1,1
10,100012,1,1,0,0,0,1,1,5,0,13,3,2014,5,16,55,0,4,3,SR-17,,49,38.50748056,-75.15941667,0,32,0,0,1,1,0,4,1,1,0,1,0,0000000,16,57,17,23,88,88,0,0,0,1,0
10,100013,2,2,0,0,0,3,3,5,340,16,3,2014,1,16,8,0,4,3,SR-17,CR-365,61,38.52346667,-75.14671111,0,12,6,0,2,2,0,1,1,1,0,1,0,0000000,16,12,16,18,16,18,0,0,0,1,0
10,100014,2,2,0,0,0,2,2,5,0,18,3,2014,3,14,15,1,2,3,SR-1 COASTAL HWY,SR-16 BROADKILL RD,116,38.80443889,-75.27246111,0,12,6,1,2,2,0,1,1,10,0,10,0,0000000,14,18,14,23,88,88,0,0,0,1,0
10,100015,1,1,0,0,0,2,2,3,0,21,3,2014,6,1,18,0,14,3,SR-72,,23,39.71601111,-75.73946111,0,33,0,0,1,1,0,3,2,1,0,1,0,0000000,1,21,1,27,88,88,0,0,0,2,1
10,100016,3,3,0,0,0,5,5,3,0,22,3,2014,7,20,41,0,13,3,SR-4,KINGSTON RD,26,39.66198056,-75.73012778,0,12,6,0,2,2,0,1,2,1,0,1,0,0000000,20,43,20,47,21,0,0,0,0,1,0
10,100017,2,2,0,0,0,3,3,5,0,25,3,2014,3,13,50,1,2,3,SR-1,COASTAL HWY,82,38.83761944,-75.317325,0,12,6,0,2,2,0,1,1,10,8,8,0,0000000,13,53,14,1,14,48,0,0,0,1,1
10,100018,2,2,0,0,0,2,2,3,0,5,4,2014,7,22,9,0,13,8,DE SR-4/CHESNUT HILL RD,AUGUSTA DR,42,39.67471944,-75.70338056,0,12,6,1,2,2,0,1,3,1,0,1,0,0000000,22,9,22,14,22,27,0,0,0,1,0
10,100019,3,2,1,0,0,2,2,3,150,23,3,2014,1,1,43,0,13,8,E-KIRKWOOD HWY,,128,39.73875,-75.591775,0,12,6,0,7,1,0,1,3,1,0,1,0,0000000,99,99,99,99,99,99,0,0,0,1,1
10,100020,2,2,0,0,0,3,3,3,360,4,4,2014,6,22,13,0,14,5,LIBRARY AVE,,82,39.6694,-75.73883889,0,12,2,0,1,1,0,1,2,10,0,10,0,0000000,99,99,99,99,99,99,0,0,0,1,0
10,100021,2,2,0,1,1,2,2,1,0,11,4,2014,6,22,40,0,6,8,BARRETT'S CHAPEL RD,,44,39.03496111,-75.48176111,0,34,0,0,1,1,0,4,2,1,0,1,0,0000000,22,43,22,51,99,99,0,0,0,2,1
10,100022,1,1,0,0,0,3,3,3,0,12,4,2014,7,0,23,0,15,3,SR-37 AIRPORT RD N/B,,19,39.68545,-75.61685,0,31,0,0,1,1,0,4,2,10,0,10,0,0000000,0,20,0,24,0,44,0,0,0,2,1
10,100023,1,1,0,0,0,1,1,5,0,12,4,2014,7,2,15,0,6,8,COOPER RD,,4,38.4543,-75.3776,0,1,0,0,1,1,0,1,2,1,0,1,0,0000000,2,20,2,27,88,88,0,0,0,1,1
10,100024,1,1,0,0,0,1,1,1,0,13,4,2014,1,13,6,0,15,3,SR-15 WYOMING MILL RD,,16,39.13741944,-75.55355,0,42,0,0,1,1,0,4,1,1,0,1,0,0000000,13,9,13,15,99,99,0,0,0,1,0
10,100025,1,1,0,1,1,1,1,3,0,21,4,2014,2,21,35,1,13,2,US-13 N/B DUPONT PKWY,,18,39.67418056,-75.59596944,0,8,0,0,1,1,0,1,3,1,0,1,0,0000000,21,40,21,45,99,99,0,0,0,1,0
10,100026,2,2,0,0,0,3,3,5,0,22,4,2014,3,21,7,0,6,8,BANKS RD,FRIENDSHIP RD,36,38.65236944,-75.18471944,0,12,2,1,2,3,0,1,2,10,0,10,0,0000000,21,8,21,18,21,45,0,0,0,1,0
10,100027,2,2,0,0,0,2,2,3,490,24,4,2014,5,19,15,0,14,6,N. MARKET ST,,22,39.75893056,-75.52608056,0,12,6,0,4,1,0,1,5,10,0,10,0,0000000,99,99,99,99,99,98,0,0,0,1,1
10,100028,1,1,0,0,0,2,2,3,360,27,4,2014,1,0,26,0,6,3,SR-72 LIBRARY AVE,,36,39.68521944,-75.7369,0,42,0,1,19,1,0,10,3,1,0,1,0,0000000,99,99,99,99,99,98,0,0,0,2,1
10,100029,2,2,0,0,0,3,3,5,0,27,4,2014,1,15,44,1,2,2,US-113,ALMS RD,163,38.65291944,-75.36781944,0,12,6,1,2,2,0,1,1,1,0,1,0,0000000,15,47,15,54,16,26,0,0,0,2,0
10,100030,1,1,0,0,0,2,2,3,0,3,5,2014,7,21,20,0,13,2,US-13 DUPONT PARKWAY,,38,39.66726111,-75.66708889,0,31,0,0,1,1,0,4,2,2,0,2,0,0000000,21,22,21,26,21,40,0,0,0,2,0
10,100031,1,1,0,1,1,1,1,3,0,4,5,2014,1,23,32,0,3,2,US-13 DUPONT PKWY,,68,39.36346944,-75.64971944,0,8,0,0,1,1,0,1,2,1,0,1,0,0000000,23,38,0,5,0,32,0,0,0,1,0
10,100032,2,2,0,0,0,2,2,3,0,10,5,2014,7,19,26,0,2,3,SR-72 SUNSET LAKE RD,,38,39.63831944,-75.7288,0,12,2,0,1,1,0,1,1,10,0,10,0,0000000,19,26,19,32,20,2,0,0,0,1,1
10,100033,1,1,0,1,1,1,1,1,0,10,5,2014,7,21,28,0,13,2,US-13 S. DUPONT HWY,,38,39.0105,-75.56815,0,8,0,0,1,1,0,1,2,2,0,2,0,0000000,21,30,21,34,99,99,0,0,0,1,0
10,100034,2,2,0,0,0,3,3,5,0,15,5,2014,5,15,37,1,2,2,US-113 DUPONT BLVD,,165,38.65451944,-75.36933056,0,12,2,0,7,1,0,3,1,1,0,1,0,0000000,15,38,15,44,16,11,0,0,0,1,0
10,100035,2,2,0,0,0,2,2,5,0,20,5,2014,3,15,13,0,4,3,SR-30 CEDAR CREEK RD,,72,38.87428889,-75.38283889,0,12,6,0,1,1,0,1,1,10,0,10,0,0000000,15,12,15,21,99,99,0,0,0,1,1
10,100036,1,1,0,0,0,2,2,5,0,29,5,2014,5,0,55,0,6,8,SANDHILL RD,,30,38.71671111,-75.36281111,0,1,0,0,1,1,0,4,2,2,0,2,0,0000000,0,59,1,22,2,40,0,0,0,1,0
10,100037,2,2,0,1,1,2,2,3,0,30,5,2014,6,21,49,1,13,2,US-13 DUPONT PKWY,,20,39.67801111,-75.59245,0,8,0,0,1,1,0,1,3,1,0,1,0,0000000,21,51,21,54,88,88,0,0,0,1,0
10,100038,2,2,0,0,0,2,2,3,0,23,5,2014,6,21,7,0,14,2,US-13 GOVERNOR PRINTZ BLVD,,34,39.75613056,-75.49506111,0,12,1,0,7,1,0,1,2,1,0,1,0,0000000,21,5,21,10,21,30,0,0,0,1,0
10,100039,1,1,0,0,0,4,4,1,0,16,4,2014,4,21,30,0,4,3,SR-9 BAYSIDE DR,,39,39.15683056,-75.44383889,0,34,0,0,1,1,0,4,2,10,0,10,0,0000000,21,37,21,52,22,3,0,0,0,1,1
10,100040,1,1,0,0,0,1,1,5,0,20,5,2014,3,17,33,0,4,3,SR-16 BEACH HWY,,170,38.79455,-75.38235,0,42,0,0,1,1,0,4,1,1,0,1,0,0000000,17,37,17,40,18,8,0,0,0,1,0
10,100041,1,1,0,0,0,1,1,5,0,24,5,2014,7,3,8,1,2,2,US-13 SUSSEX HWY,,41,38.6091,-75.58591111,0,1,0,0,1,1,0,3,2,1,0,1,0,0000000,3,10,3,17,4,3,0,0,0,1,0
10,100042,1,1,0,0,0,1,1,5,0,8,6,2014,1,2,21,0,4,6,REDDEN RD,,23,38.74718889,-75.55523056,0,52,0,0,1,1,0,4,2,1,0,1,0,0000000,2,23,2,31,2,55,20,0,0,1,1
10,100043,1,1,0,1,1,1,1,3,0,17,6,2014,3,13,48,1,13,2,US-13 NORTHBOUND,,20,39.68201944,-75.58866944,0,33,0,0,1,1,2,4,1,1,0,1,0,0000000,13,42,13,56,14,13,0,0,0,2,0
10,100044,1,1,0,1,1,2,2,1,130,24,6,2014,3,3,50,0,13,2,US-13,WEBBS LANE,21,39.13273056,-75.52838889,0,8,0,1,3,2,0,1,2,1,0,1,0,0000000,99,99,99,99,3,56,0,0,0,1,0
10,100045,2,2,0,0,0,2,2,3,0,3,7,2014,5,10,31,0,16,6,GLASGOW AVE,,12,39.60371944,-75.74456944,0,12,6,0,8,1,0,1,1,1,0,1,0,0000000,10,30,10,35,11,11,0,0,0,1,0
10,100046,2,2,0,0,0,2,2,3,0,5,7,2014,7,14,33,0,14,3,SR-3 MARSH RD,MILLERS RD,41,39.81478056,-75.49005,0,25,0,0,2,3,0,1,1,1,0,1,0,0000000,14,37,14,42,99,99,0,0,0,2,0