STATE,ST_CASE,VE_TOTAL,VE_FORMS,PVH_INVL,PEDS,PERNOTMVIT,PERMVIT,PERSONS,COUNTY,CITY,DAY,MONTH,YEAR,DAY_WEEK,HOUR,MINUTE,NHS,ROAD_FNC,ROUTE,TWAY_ID,TWAY_ID2,MILEPT,LATITUDE,LONGITUD,SP_JUR,HARM_EV,MAN_COLL,RELJCT1,RELJCT2,TYP_INT,WRK_ZONE,REL_ROAD,LGT_COND,WEATHER1,WEATHER2,WEATHER,SCH_BUS,RAIL,NOT_HOUR,NOT_MIN,ARR_HOUR,ARR_MIN,HOSP_HR,HOSP_MN,CF1,CF2,CF3,FATALS,DRUNK_DR
10,100047,1,1,0,1,1,3,3,3,0,25,7,2014,6,12,35,1,13,2,US-13 DUPONT PKWY,,5,39.65626944,-75.61433889,0,8,0,0,1,1,0,1,1,1,0,1,0,0000000,12,34,12,40,88,88,0,0,0,1,0
10,100048,1,1,0,1,1,1,1,3,0,26,7,2014,7,20,29,0,13,3,SR-273 NEWARK-CHRISTIANA RD,RUTHAR DR,24,39.68538056,-75.70705,0,59,0,1,3,2,0,3,1,1,0,1,0,0000000,20,29,20,34,88,88,0,0,0,1,1
10,100049,1,1,0,0,0,1,1,5,0,27,4,2014,1,2,25,0,6,4,CR-212 CEDAR CREEK RD,,31,38.82636944,-75.3428,0,30,0,0,1,1,0,4,2,1,0,1,0,0000000,2,28,2,36,88,88,0,0,0,1,1
10,100050,1,1,0,0,0,1,1,5,0,27,5,2014,3,16,1,0,6,4,CR-392 GUM RD,,5,38.50775,-75.21795,0,32,0,0,1,1,0,4,1,1,0,1,0,0000000,16,2,16,7,88,88,0,0,0,1,1
10,100051,1,1,0,0,0,3,3,1,0,2,6,2014,2,0,54,0,3,3,SR-12 MIDSTATE RD,,17,39.0053,-75.53663889,0,53,0,0,1,1,0,4,2,1,0,1,0,0000000,0,56,1,3,1,38,0,0,0,1,0
10,100052,2,2,0,0,0,4,4,1,0,7,6,2014,7,22,12,0,3,3,SR-8 HALLTOWN RD,,10,39.11478889,-75.72696944,0,12,2,0,1,1,0,1,2,1,0,1,0,0000000,99,99,22,17,99,99,0,0,0,2,1
10,100053,2,2,0,0,0,5,5,5,0,14,6,2014,7,11,2,1,2,3,SR-18 SEASHORE HWY,,99,38.70786111,-75.54926111,0,12,2,0,1,1,0,1,1,1,0,1,0,0000000,11,5,11,20,11,39,0,0,0,1,0
10,100054,2,2,0,0,0,4,4,5,0,18,4,2014,6,15,33,0,6,8,CONAWAY RD,,18,38.56518889,-75.37733056,0,12,6,0,1,1,0,1,1,1,0,1,0,0000000,15,36,15,44,16,30,0,0,0,1,1
10,100055,1,1,0,0,0,1,1,5,0,16,5,2014,6,21,19,0,4,3,SR-20 PYLE CENTER RD,,43,38.50408056,-75.17455,0,30,0,0,1,1,0,4,2,5,0,5,0,0000000,21,21,21,26,88,88,0,0,0,1,0
10,100056,1,1,0,0,0,2,2,5,0,26,6,2014,5,22,15,1,2,2,US-13 SUSSEX HWY,,19,38.48421111,-75.55753056,0,1,0,0,1,1,0,1,2,1,0,1,0,0000000,22,15,22,19,22,54,0,0,0,2,1
10,100057,2,2,0,0,0,2,2,3,0,9,7,2014,4,23,1,0,14,3,SR-3 WASHINGTON ST,MARSH RD,37,39.77326944,-75.50738056,0,12,6,1,2,2,0,1,2,1,0,1,0,0000000,23,0,23,5,23,18,0,0,0,1,1
10,100058,2,2,0,0,0,5,5,5,0,6,7,2014,1,21,21,1,2,2,US-13 SUSSEX HWY,,27,38.79536944,-75.58921111,0,12,1,0,1,1,0,1,2,1,0,1,0,0000000,21,23,21,28,21,39,0,0,0,1,1
10,100059,2,2,0,0,0,2,2,5,0,24,7,2014,5,11,42,0,5,9,EAST PINEY GROVE RD,SHORTLY RD,28,38.63126944,-75.38678889,0,12,6,1,2,2,0,1,1,10,0,10,0,0000000,11,44,11,54,12,17,0,0,0,1,0
10,100060,1,1,0,1,1,2,2,3,0,5,8,2014,3,18,22,0,14,3,SR-9 NEW CASTLE AVE,,16,39.70916111,-75.54921111,0,8,0,0,1,1,0,1,1,1,0,1,0,0000000,18,22,18,24,18,42,0,0,0,1,0
10,100061,1,1,0,0,0,2,2,3,0,10,8,2014,1,7,5,0,13,3,SR-896 SOUTH COLLEGE AVE,GLASGOW AVE,49,39.61178056,-75.74571944,0,42,0,0,5,1,0,8,9,1,0,1,0,0000000,7,4,7,8,7,32,0,0,0,1,1
10,100062,1,1,0,0,0,2,2,5,0,20,8,2014,4,11,42,0,4,3,SR-20 ZION CHURCH RD,,23,38.48216111,-75.15488056,0,59,0,0,1,1,0,4,1,1,0,1,0,0000000,11,43,11,50,12,7,0,0,0,1,0
10,100063,1,1,0,1,1,1,1,3,0,27,8,2014,4,8,9,0,13,2,US-202 CONCORD PIKE,WIDNER UNIVERSITY ENTRANCE,45,39.81775,-75.5485,0,8,0,0,3,2,0,1,1,1,0,1,0,0000000,8,11,8,13,8,27,0,0,0,1,0
10,100064,2,2,0,0,0,2,2,3,0,31,8,2014,1,19,19,0,14,2,US-13 PHILADELPHIA PIKE,,48,39.78001944,-75.4855,0,12,2,0,1,1,0,1,5,2,0,2,0,0000000,19,19,19,23,19,46,0,0,0,1,1
10,100065,1,1,0,1,1,4,4,3,0,12,9,2014,6,20,46,0,6,8,BRACKENVILLE RD,,15,39.78701111,-75.6671,0,9,0,0,1,1,0,1,2,1,0,1,0,0000000,99,99,99,99,99,99,0,0,0,1,0
10,100066,2,2,0,0,0,4,4,5,0,6,7,2014,1,1,44,0,6,3,SR-1 COASTAL HIGHWAY,OLD LANDING RD,28,38.72795,-75.12918889,0,12,1,1,2,3,0,1,3,1,0,1,0,0000000,1,46,1,49,88,88,0,0,0,1,1
10,100067,4,4,0,0,0,4,4,5,0,1,6,2014,1,2,57,1,2,2,US-13 SUSSEX HIGHWAY,,6,38.70871944,-75.58836944,0,12,2,0,1,1,0,1,2,1,0,1,0,0000000,3,4,3,15,3,41,0,0,0,1,1
10,100068,1,1,0,0,0,1,1,1,0,25,5,2014,1,15,37,0,6,8,FOX HOLE RD,,9,39.08386111,-75.65621111,0,1,0,0,1,1,0,1,1,1,0,1,0,0000000,15,38,15,49,16,13,0,0,0,1,0
10,100069,2,2,0,0,0,4,4,5,0,12,9,2014,6,16,22,0,6,8,POWER PLANT RD,BUNTING RD,4,39.59435,-75.77483889,0,12,6,1,2,2,0,1,1,1,0,1,0,0000000,16,24,16,29,88,88,0,0,0,1,0
10,100070,2,1,1,0,2,1,3,3,0,30,9,2014,3,15,28,1,12,3,SR-1 KOREAN WAR VET MEM HWY,,50,39.67183889,-75.6542,0,14,0,1,5,1,0,10,1,1,0,1,0,0000000,15,28,15,31,99,99,0,0,0,1,1
10,100071,1,1,0,0,0,51,51,3,0,21,9,2014,1,16,20,1,11,2,US-13,SR-1,6,39.61441944,-75.64308056,0,1,0,1,5,1,0,4,1,1,0,1,0,0000000,99,99,99,99,99,99,0,0,0,3,0
10,100072,1,1,0,1,1,1,1,3,490,23,9,2014,3,11,20,0,16,5,ORANGE ST,,2,39.74016111,-75.55308056,0,8,0,0,1,1,0,1,1,99,0,99,0,0000000,99,99,99,99,99,99,0,0,0,1,0
10,100073,2,2,0,0,0,4,4,3,0,2,10,2014,5,21,12,0,15,8,LEA BLVD,PHILADELPHIA PIKE,6,39.76145,-75.52051944,0,12,6,1,2,2,0,1,3,1,0,1,0,0000000,21,15,21,21,22,16,20,0,0,1,1
10,100074,1,1,0,0,0,1,1,3,0,4,10,2014,7,1,56,1,11,1,I-95,,47,39.77758889,-75.51376111,0,42,0,0,1,1,0,4,2,2,0,2,0,0000000,1,56,2,2,88,88,0,0,0,1,1
10,100075,1,1,0,1,1,1,1,3,0,5,10,2014,1,21,15,1,11,1,I-95,,0,39.63876111,-75.78741944,0,8,0,0,1,1,0,1,2,1,0,1,0,0000000,21,13,21,20,21,56,19,0,0,1,0
10,100076,2,2,0,1,1,4,4,3,0,15,10,2014,4,0,59,0,14,3,SR-58,CHURCHMANS PLACE,32,39.68916944,-75.65838889,0,8,0,1,3,2,0,1,2,1,0,1,0,0000000,0,59,1,4,88,88,0,0,0,1,0
10,100077,2,2,0,0,0,3,3,3,0,17,10,2014,6,0,3,0,14,8,POLLY DRUMMOND HILL RD,,11,39.71441111,-75.71088889,0,12,2,0,1,1,0,1,2,10,0,10,0,0000000,0,2,0,10,0,37,0,0,0,2,2
10,100078,1,1,0,0,0,1,1,5,0,19,10,2014,1,2,17,0,15,8,ROBINSONVILLE RD,,22,38.68881944,-75.18058889,0,32,0,0,1,1,0,4,2,1,0,1,0,0000000,2,19,2,32,88,88,0,0,0,1,1
10,100079,2,2,0,0,0,3,3,3,370,18,9,2014,5,8,53,0,15,6,MOORES LANE,CONSTITUTION BLVD,4,39.67968889,-75.5662,0,12,2,1,2,3,0,1,1,10,1,10,0,0000000,99,99,99,99,99,99,0,0,0,1,0
10,100080,1,1,0,2,2,1,1,3,370,12,10,2014,1,1,7,0,14,6,MILLTOWN RD,,1,39.71746111,-75.67471944,0,8,0,0,1,1,0,2,3,1,0,1,0,0000000,99,99,99,99,99,99,0,0,0,1,1
10,100081,1,1,0,0,0,2,2,3,0,2,11,2014,1,3,33,1,13,2,US-301,,53,39.60713889,-75.74261944,0,52,0,0,1,1,0,3,2,1,0,1,0,0000000,3,34,3,39,4,30,0,0,0,1,1
10,100082,1,1,0,0,0,1,1,1,0,13,11,2014,5,8,55,0,6,8,NINE FOOT RD,,12,38.84198889,-75.61583889,0,1,0,0,1,1,0,4,1,10,0,10,0,0000000,8,59,9,15,99,99,0,0,0,1,0
10,100083,1,1,0,1,1,2,2,5,84,19,11,2014,4,5,50,0,4,3,SR-24 JOHN J WILLIAMS HWY,,375,38.70048889,-75.1677,0,8,0,0,1,1,0,1,2,1,0,1,0,0000000,5,51,5,58,99,96,0,0,0,1,0
10,100084,1,1,0,0,0,2,2,5,0,19,11,2014,4,15,19,0,6,8,OMAR RD,,30,38.53115,-75.19213056,0,42,0,0,1,1,0,4,1,1,0,1,0,0000000,15,21,15,34,16,34,0,0,0,1,1
10,100085,1,1,0,0,0,2,2,5,0,25,11,2014,3,7,59,0,4,3,SR-54 CYPRESS RD,,57,38.47411944,-75.29675,0,1,0,0,1,1,0,4,1,1,0,1,0,0000000,8,1,8,13,9,31,0,0,0,1,0
10,100086,2,2,0,0,0,2,2,5,0,14,7,2014,2,10,21,1,2,2,US-113 NORTH DUPONT HWY,,39,38.50846944,-75.23781111,0,12,2,0,7,1,0,1,1,10,0,10,0,0000000,10,20,10,26,11,4,20,0,0,1,0
10,100087,1,1,0,1,1,1,1,1,130,26,9,2014,6,20,16,0,14,6,WEST DIVISION ST,,60,39.15953056,-75.53528056,0,8,0,0,1,1,0,1,3,1,0,1,0,0000000,99,99,99,99,99,99,0,0,0,1,0
10,100088,2,2,0,0,0,3,3,3,0,1,8,2014,6,16,15,1,12,3,SR-1 KOREAN WAR VETS MEM HWY,,21,39.6366,-75.65316944,0,12,6,0,1,1,0,1,1,2,0,2,0,0000000,16,18,16,24,16,45,0,0,0,1,1
10,100089,2,2,0,0,0,2,2,5,0,16,8,2014,7,14,15,0,5,4,CR-74 SHILOH CHURCH RD,CR-465 CHIPMANSPOND RD,4,38.55816111,-75.52513056,0,12,6,1,2,4,0,1,1,1,0,1,0,0000000,14,16,14,21,14,54,0,0,0,1,0
10,100090,2,2,0,1,1,3,3,3,0,6,12,2014,7,19,12,1,11,1,I-95,,86,39.68506111,-75.65313889,0,8,0,0,1,1,0,1,2,2,0,2,0,0000000,19,14,19,22,88,88,0,0,0,1,0
10,100091,1,1,0,1,1,1,1,3,0,10,12,2014,4,17,47,0,13,3,SR-4 OGLETOWN STANTON RD,,9,39.69341944,-75.66875,0,8,0,0,1,1,0,1,2,2,0,2,0,0000000,17,45,17,55,88,88,0,0,0,1,0
10,100092,1,1,0,0,0,2,2,3,0,16,12,2014,3,9,44,0,16,8,OGLETOWN-STANTON RD,,1,39.69718889,-75.66303889,0,30,0,0,1,1,0,4,1,1,0,1,0,0000000,9,44,9,47,10,0,0,0,0,1,0
10,100093,1,1,0,0,0,4,4,3,0,9,12,2014,3,11,41,0,3,3,SR-71 SUMMIT BRIDGE RD,,0,39.55768889,-75.73818056,0,52,0,0,1,1,0,3,1,2,0,2,0,0000000,11,42,11,48,12,29,0,0,0,1,0
10,100094,1,1,0,1,1,1,1,3,0,20,12,2014,7,18,13,0,5,8,COX NECK RD,,0,39.5646,-75.6533,0,8,0,0,1,1,0,1,2,1,0,1,0,0000000,18,13,18,17,88,88,0,0,0,1,0
10,100095,1,1,0,0,0,1,1,3,0,21,12,2014,1,4,56,1,13,2,US-13,,41,39.67048889,-75.59983889,0,38,0,0,1,1,0,4,2,10,0,10,0,0000000,4,58,5,2,88,88,0,0,0,1,0
10,100096,1,1,0,1,1,2,2,5,0,15,8,2014,6,20,28,1,1,3,SR-18 SEASHORE HWY,,97,38.70778056,-75.55241111,0,8,0,0,1,1,0,1,2,1,0,1,0,0000000,20,30,20,42,21,6,0,0,0,1,0
10,100097,2,2,0,1,1,3,3,1,0,8,11,2014,7,19,49,0,13,2,US-13 S. DUPONT HWY,,58,39.12743889,-75.53055,0,8,0,0,1,1,0,1,3,1,0,1,0,0000000,19,52,19,56,88,88,0,0,0,1,0
10,100098,2,2,0,0,0,3,3,5,0,2,9,2014,3,11,4,0,6,8,GOVERNOR SHOCKLEY RD,EAST PINEY GROVE RD,43,38.61903889,-75.35738889,0,12,6,1,2,2,0,1,1,1,0,1,0,0000000,11,5,11,12,11,45,0,0,0,1,0
10,100099,1,1,0,0,0,2,2,1,0,21,7,2014,2,19,8,0,4,3,SR-9 BAYSIDE DR,,4,39.17781944,-75.4529,0,30,0,0,1,1,0,4,1,1,0,1,0,0000000,19,10,19,18,19,45,0,0,0,2,1
10,100100,1,1,0,0,0,4,4,5,0,1,10,2014,4,15,53,0,5,8,NORTH OLD STATE RD,,51,38.82465,-75.42915,0,32,0,0,1,1,0,4,1,1,0,1,0,0000000,15,45,15,56,16,17,0,0,0,1,0
10,100101,2,2,0,0,0,3,3,3,0,23,11,2014,1,1,17,0,13,2,US-40 PULASKI HWY,BROOKMONT DRIVE,43,39.62166944,-75.68686111,0,12,6,1,2,3,0,1,3,1,0,1,0,0000000,1,19,1,25,1,45,0,0,0,1,1
10,100102,1,1,0,1,1,3,3,1,0,3,12,2014,4,17,6,0,4,8,BOWERS BEACH RD,,29,39.05498056,-75.40671111,0,8,0,0,1,1,0,1,2,1,0,1,0,0000000,17,8,17,11,17,36,0,0,0,1,0
10,100103,2,2,0,1,1,2,2,3,0,11,12,2014,5,20,46,0,13,3,SR-2 KIRKWOOD HWY,,101,39.73183889,-75.64241944,0,8,0,0,1,1,0,1,2,10,0,10,0,0000000,20,47,20,50,21,55,0,0,0,1,0
10,100104,2,2,0,0,0,2,2,1,0,14,12,2014,1,3,7,0,14,3,SR-8 FOREST AVE,,24,39.15571111,-75.60148889,0,12,2,0,1,1,0,1,2,1,0,1,0,0000000,3,10,3,20,3,33,0,0,0,1,1
10,100105,1,1,0,1,1,2,2,1,70,22,12,2014,2,18,55,0,16,6,OLD NORTH RD,WEST STREET,7,39.11878889,-75.54416944,0,8,0,0,2,2,0,1,3,2,0,2,0,0000000,18,56,19,1,19,11,0,0,0,1,0
10,100106,1,1,0,1,1,1,1,5,0,19,12,2014,6,19,18,0,6,8,HUMMINGBIRD RD,,0,38.80743056,-75.41618889,0,9,0,0,1,1,0,1,2,1,0,1,0,0000000,19,12,19,15,20,34,0,0,0,1,0
10,100107,2,2,0,0,0,2,2,5,0,20,11,2014,5,20,10,0,4,3,SR-20 HARDSCRABBLE RD,,167,38.59965,-75.32326111,0,12,2,0,1,1,0,1,2,1,0,1,0,0000000,20,12,20,19,21,8,0,0,0,1,1
10,100108,2,2,0,0,0,2,2,5,0,16,12,2014,3,0,57,0,4,3,SR-24 JOHN J WILLIAMS HWY,,315,38.61731111,-75.19953056,0,12,2,0,1,1,0,1,2,1,0,1,0,0000000,0,59,1,5,2,9,0,0,0,1,1
10,100109,1,1,0,2,2,1,1,1,130,10,12,2014,4,2,22,0,14,6,LEIPSIC RD,,6,39.18911944,-75.52518889,0,8,0,0,1,1,0,1,3,10,0,10,0,0000000,99,99,99,99,99,99,0,0,0,1,0
11,110001,1,1,0,0,0,1,1,1,10,5,1,2014,1,1,45,0,12,6,S/B POTOMAC RIVER PARKWAY,,0,38.89654167,-77.05374444,0,24,0,1,5,1,0,4,3,1,0,1,0,0000000,99,99,99,99,99,99,0,0,0,1,1
11,110002,2,1,1,1,1,1,1,1,10,15,1,2014,4,23,25,0,16,6,SUITLAND PARKWAY,,0,38.85925,-76.99376389,0,8,0,0,1,1,3,4,2,1,0,1,0,0000000,99,99,99,99,99,99,3,0,0,1,1
11,110003,1,1,0,1,1,1,1,1,10,17,1,2014,6,4,28,0,16,6,13TH STREET NW,I STREET NW,0,38.90129444,-77.02962222,0,8,0,0,2,2,0,1,3,1,0,1,0,0000000,99,99,99,99,99,99,0,0,0,1,0
11,110004,1,1,0,1,1,1,1,1,10,14,2,2014,6,5,45,0,16,6,PENNSYLVANIA AVE SE,SOUSA BRIDGE,0,38.87705833,-76.97831944,0,8,0,0,1,1,0,1,4,4,0,4,0,0000000,99,99,99,99,99,99,0,0,0,1,0
11,110005,1,1,0,0,0,1,1,1,10,2,3,2014,1,7,42,0,16,6,EASTERN AVE NE,SERGEANT RD NE,0,38.954175,-76.98783333,0,30,0,0,3,3,0,4,1,1,0,1,0,0000000,99,99,99,99,99,99,20,0,0,1,1
11,110006,1,1,0,0,0,1,1,1,10,7,3,2014,6,2,54,0,16,6,SOUTH CAPITOL ST SW,D ST SW,0,38.88518056,-77.00907222,0,26,0,0,3,2,0,1,3,1,0,1,0,0000000,99,99,99,99,99,99,0,0,0,1,1
11,110007,1,1,0,1,1,1,1,1,10,12,3,2014,4,23,53,1,11,1,I-695 WEST,,0,38.87928611,-76.99742778,0,8,0,0,1,1,0,1,3,6,0,6,0,0000000,99,99,99,99,99,99,0,0,0,1,0
11,110009,1,1,0,0,0,1,1,1,10,28,3,2014,6,19,0,0,16,6,SUITLAND PKWY SE,,0,38.86066667,-76.99439167,0,33,0,0,1,1,0,3,1,1,0,1,0,0000000,99,99,99,99,99,99,0,0,0,1,1
11,110010,4,2,2,0,0,3,3,1,10,22,3,2014,7,16,55,0,16,6,KENILWORTH AVE NE,,0,38.90366111,-76.94174722,0,12,2,0,1,1,0,1,1,1,0,1,0,0000000,99,99,99,99,99,99,0,0,0,2,0
11,110011,1,1,0,1,1,1,1,1,10,4,7,2014,6,16,54,0,16,6,4016 ALABAMA AVE SE,,0,38.86970278,-76.94705,0,8,0,0,1,1,0,1,1,1,0,1,0,0000000,99,99,99,99,99,99,0,0,0,1,0
11,110012,1,1,0,1,1,1,1,1,10,24,6,2014,3,17,36,0,16,6,K ST NW,18TH ST NW,0,38.90256944,-77.04149444,0,8,0,0,3,2,0,1,1,1,0,1,0,0000000,99,99,99,99,99,99,0,0,0,1,0
11,110013,2,2,0,0,0,3,3,1,10,31,7,2014,5,11,8,0,16,6,GOOD HOPE RD SE,16TH ST SE,0,38.86617222,-76.98189722,0,12,6,0,2,3,0,1,1,1,0,1,0,0000000,99,99,99,99,99,99,0,0,0,1,0
11,110014,1,1,0,0,0,2,2,1,10,4,8,2014,2,14,41,0,16,6,3500 ALABAMA AVE SE,,0,38.86221944,-76.95771944,0,33,0,0,1,1,0,4,1,1,0,1,0,0000000,0,0,0,0,0,0,0,0,0,1,0
11,110015,2,2,0,0,0,2,2,1,10,6,8,2014,4,3,51,0,16,6,14TH ST NE,H ST NE,0,38.90018611,-76.98548056,0,12,1,0,2,2,0,1,3,1,0,1,0,0000000,99,99,99,99,99,99,0,0,0,1,0
11,110016,2,2,0,0,0,2,2,1,10,15,8,2014,6,8,24,0,16,6,CONNECTICUT AVE NW,36TH ST NW,0,38.95433056,-77.06943611,0,12,6,0,2,2,0,1,1,1,0,1,0,0000000,99,99,99,99,99,99,0,0,0,1,0
11,110017,2,2,0,0,0,6,6,1,10,6,9,2014,7,8,44,1,11,1,I-295 NORTHBOUND SE,,0,38.87404167,-76.97739444,0,12,1,0,1,1,0,1,1,1,0,1,0,0000000,99,99,99,99,99,99,0,0,0,2,0
11,110018,1,1,0,1,1,1,1,1,10,20,9,2014,7,2,33,0,16,6,8TH ST NW,S ST NW,0,38.908575,-77.02298333,0,9,0,0,2,2,0,1,3,1,0,1,0,0000000,99,99,99,99,99,99,0,0,0,1,0
11,110019,1,1,0,1,1,3,3,1,10,27,11,2014,5,19,54,0,16,6,1857 ALABAMA AVE SE,,0,38.84871111,-76.97786389,0,8,0,0,1,1,0,1,3,1,0,1,0,0000000,99,99,99,99,99,99,0,0,0,1,0
11,110020,1,1,0,1,1,1,1,1,10,14,9,2014,1,3,17,0,16,6,2700 GEORGIA AVE NW,,0,38.92554722,-77.02268056,0,8,0,0,1,1,0,1,3,1,0,1,0,0000000,99,99,99,99,99,99,0,0,0,1,0
11,110021,1,1,0,0,0,1,1,1,10,30,11,2014,1,13,20,0,16,6,DIVISION AVE NE,BLAINE ST NE,0,38.89193611,-76.92793333,0,30,0,0,3,2,0,4,1,1,0,1,0,0000000,99,99,99,99,99,99,0,0,0,1,0
11,110022,1,1,0,1,1,1,1,1,10,19,11,2014,4,8,43,0,16,6,400 EAST CAPITOL STREET NE,4TH ST NE,0,38.89118611,-77.00273889,0,8,0,0,3,2,0,1,1,1,0,1,0,0000000,99,99,99,99,99,99,0,0,0,1,0
12,120001,1,1,0,1,1,1,1,33,0,1,1,2014,4,2,25,0,16,3,SR-298,,0,30.41861667,-87.26980556,0,9,0,0,1,1,0,1,3,2,0,2,0,0000000,99,99,99,99,88,88,0,0,0,1,1
12,120002,1,1,0,0,0,1,1,49,0,1,1,2014,4,2,30,0,16,4,CR-35A,,0,27.50365,-81.817225,0,59,0,0,1,1,0,4,2,10,0,10,0,0000000,99,99,99,99,88,88,0,0,0,1,1
12,120003,1,1,0,0,0,1,1,49,0,1,1,2014,4,13,15,0,16,6,CRACKER LN,,0,27.56173333,-81.71028611,0,1,0,0,1,1,0,1,1,10,0,10,0,0000000,99,99,99,99,99,99,0,0,0,1,1
12,120004,2,2,0,0,0,3,3,115,0,1,1,2014,4,17,35,1,13,2,US-41,,99998,27.15471389,-82.46896111,0,12,6,0,8,1,0,1,5,1,0,1,0,0000000,99,99,99,99,99,99,0,0,0,1,1
12,120005,1,1,0,0,0,1,1,117,30,1,1,2014,4,0,3,0,16,8,OAK HAVEN DR,,0,28.65368333,-81.36840278,0,33,0,0,1,1,0,4,3,2,0,2,0,0000000,99,99,99,99,88,88,0,0,0,1,1
12,120006,1,1,0,0,0,1,1,99,1560,1,1,2014,4,2,52,0,16,6,MILITARY TRL,TONEY PENNA DR,0,26.92633889,-80.10201389,0,30,0,0,3,2,0,4,3,1,0,1,0,0000000,99,99,99,99,99,99,0,0,0,1,1
12,120007,3,3,0,0,0,8,8,63,0,2,1,2014,5,13,30,1,1,1,I-10,,99999,30.70395556,-85.14118333,0,12,6,0,1,1,0,1,1,2,0,2,0,0000000,99,99,99,99,99,99,0,0,0,1,0
12,120008,2,2,0,0,0,2,2,57,0,2,1,2014,5,15,16,1,13,2,US-41,PENNSYLVANNIA AVE,99998,27.85655,-82.38305,0,12,6,0,2,3,0,1,1,2,0,2,0,0000000,99,99,99,99,88,88,0,0,0,1,1
12,120009,2,2,0,0,0,3,3,103,2530,2,1,2014,5,15,10,0,13,3,SR-693,114TH AVE,99998,27.87553611,-82.72920556,0,12,6,0,2,2,0,1,1,2,0,2,0,0000000,99,99,99,99,99,99,0,0,0,1,0
12,120010,3,3,0,0,0,8,8,21,0,2,1,2014,5,0,26,1,11,1,I-75,,99998,26.26741111,-81.74251111,0,12,1,0,1,1,0,1,2,10,0,10,0,0000000,99,99,99,99,99,99,19,0,0,1,0
12,120011,1,1,0,1,1,6,6,86,2010,2,1,2014,5,20,35,1,12,3,SR-821,,99998,25.6672,-80.38733056,0,8,0,0,1,1,0,1,3,1,0,1,0,0000000,99,99,99,99,88,88,0,0,0,1,0
12,120012,2,2,0,0,0,2,2,86,0,2,1,2014,5,13,0,0,16,6,SW 104TH AVE,SW 150TH TERRACE,0,25.62965556,-80.36209722,0,12,6,0,2,2,0,1,1,1,0,1,0,0000000,99,99,99,99,99,99,0,0,0,1,0
12,120013,2,2,0,0,0,2,2,101,0,2,1,2014,5,20,30,1,11,1,I-75,,99998,28.3196,-82.32486111,0,12,1,0,1,1,0,1,2,10,0,10,0,0000000,99,99,99,99,88,88,27,0,0,1,1
12,120014,1,1,0,0,0,1,1,71,0,3,1,2014,6,0,23,1,13,3,SR-78,,99998,26.682,-81.90148889,0,59,0,0,1,1,0,3,2,2,0,2,0,0000000,99,99,99,99,99,99,0,0,0,1,0
12,120015,1,1,0,1,1,1,1,1,0,3,1,2014,6,18,20,1,13,2,US-441,,99998,29.50234722,-82.26486111,0,8,0,0,1,1,0,1,2,1,0,1,0,0000000,99,99,99,99,99,99,0,0,0,1,0
12,120016,1,1,0,1,1,1,1,81,0,3,1,2014,6,19,20,1,1,1,I-275,,99998,27.58351389,-82.58978333,0,8,0,0,1,1,0,1,3,1,0,1,0,0000000,99,99,99,99,88,88,0,0,0,1,0
12,120017,1,1,0,0,0,1,1,95,0,3,1,2014,6,20,58,0,6,6,BRIDGEWAY BLVD,,0,28.56528056,-81.18235,0,30,0,0,1,1,0,4,3,1,0,1,0,0000000,99,99,99,99,88,88,0,0,0,1,1
12,120018,1,1,0,1,1,5,5,19,0,3,1,2014,6,19,26,0,6,4,CR-315C,,0,29.81838333,-81.92235278,0,8,0,0,1,1,0,1,2,1,0,1,0,0000000,99,99,99,99,88,88,0,0,0,1,0
12,120019,1,1,0,4,4,1,1,55,0,4,1,2014,7,8,2,0,16,6,SEATTLE AVE,,0,27.51758333,-81.49724444,0,8,0,0,1,1,0,2,1,10,0,10,0,0000000,99,99,99,99,99,99,0,0,0,2,0
12,120020,1,1,0,0,0,1,1,5,0,4,1,2014,7,8,50,1,13,2,US-98,,99998,30.10145,-85.6109,0,33,0,0,1,1,0,4,1,10,0,10,0,0000000,99,99,99,99,88,88,0,0,0,1,0
12,120021,3,3,0,0,0,4,4,85,0,4,1,2014,7,17,44,1,12,3,SR-91,,99998,27.10593056,-80.26608889,0,12,1,0,1,1,0,1,2,2,0,2,0,0000000,99,99,99,99,88,88,0,0,0,1,0
12,120022,1,1,0,1,1,1,1,99,0,4,1,2014,7,8,42,1,13,3,SR-704,WEST DR,99998,26.70752222,-80.13358333,0,15,0,0,2,2,0,1,1,1,0,1,0,0000000,99,99,99,99,99,99,0,0,0,1,0
12,120023,1,1,0,1,1,1,1,57,0,4,1,2014,7,19,30,0,6,6,BLOOMINGDALE AVE,,0,27.89356944,-82.30723611,0,8,0,0,1,1,0,1,2,1,0,1,0,0000000,99,99,99,99,88,88,0,0,0,1,0
12,120024,1,1,0,0,0,1,1,55,0,4,1,2014,7,8,3,0,16,6,SEATTLE AVE,,0,27.51558889,-81.49646944,0,30,0,0,1,1,0,4,1,10,0,10,0,0000000,99,99,99,99,99,99,0,0,0,1,0
12,120025,1,1,0,0,0,3,3,121,0,5,1,2014,1,1,40,0,6,4,CR-137,,0,30.10162778,-82.82729722,0,1,0,0,1,1,0,2,2,1,0,1,0,0000000,99,99,99,99,99,99,0,0,0,1,0
12,120026,1,1,0,0,0,1,1,127,920,5,1,2014,1,12,50,1,13,2,US-1,,99998,28.91180278,-80.86743889,0,43,0,0,1,1,0,4,1,10,0,10,0,0000000,99,99,99,99,99,99,0,0,0,1,0
12,120027,1,1,0,0,0,1,1,5,2450,5,1,2014,1,15,20,0,3,3,SR-388,,99998,30.33124444,-85.74981667,0,42,0,0,1,1,0,5,1,10,0,10,0,0000000,99,99,99,99,88,88,0,0,0,1,1