STATE,ST_CASE,VE_TOTAL,VE_FORMS,PVH_INVL,PEDS,PERNOTMVIT,PERMVIT,PERSONS,COUNTY,CITY,DAY,MONTH,YEAR,DAY_WEEK,HOUR,MINUTE,NHS,ROAD_FNC,ROUTE,TWAY_ID,TWAY_ID2,MILEPT,LATITUDE,LONGITUD,SP_JUR,HARM_EV,MAN_COLL,RELJCT1,RELJCT2,TYP_INT,WRK_ZONE,REL_ROAD,LGT_COND,WEATHER1,WEATHER2,WEATHER,SCH_BUS,RAIL,NOT_HOUR,NOT_MIN,ARR_HOUR,ARR_MIN,HOSP_HR,HOSP_MN,CF1,CF2,CF3,FATALS,DRUNK_DR
12,120028,3,3,0,0,0,4,4,27,0,5,1,2014,1,13,17,0,16,4,CR-769,,0,27.06225,-82.02516389,0,12,7,0,1,1,0,1,1,1,0,1,0,0000000,99,99,99,99,99,99,0,0,0,1,1
12,120029,1,1,0,0,0,2,2,95,0,5,1,2014,1,20,16,1,12,1,I-4 RAMP,,99998,28.36122778,-81.51588333,0,1,0,1,5,1,0,4,3,1,0,1,0,0000000,20,16,20,30,88,88,0,0,0,2,1
12,120030,2,2,0,0,0,4,4,86,0,5,1,2014,1,0,19,0,6,6,NW 6TH ST,NW 127TH AVE,0,25.77302778,-80.40104722,0,12,6,0,2,2,0,1,3,1,0,1,0,0000000,99,99,99,99,88,88,0,0,0,1,1
12,120031,1,1,0,1,1,2,2,99,0,5,1,2014,1,16,7,1,13,3,SR-809,CRESTHAVEN BLVD,99998,26.6374,-80.11283611,0,9,0,0,3,3,0,1,1,10,0,10,0,0000000,99,99,99,99,99,99,0,0,0,1,0
12,120032,1,1,0,1,1,1,1,9,630,5,1,2014,1,0,55,1,13,3,SR-A1A,PALM LN,99998,28.35427222,-80.60846389,0,8,0,0,2,3,0,1,3,1,0,1,0,0000000,99,99,99,99,88,88,16,0,0,1,0
12,120033,1,1,0,0,0,1,1,107,0,6,1,2014,2,21,40,0,6,4,CR-21,,0,29.60085278,-81.97808056,0,30,0,0,1,1,0,4,2,1,0,1,0,0000000,21,41,21,46,88,88,0,0,0,1,1
12,120034,1,1,0,0,0,1,1,99,3190,6,1,2014,2,23,27,1,12,1,I-95,,99998,26.69076111,-80.067,0,59,0,1,5,1,0,4,3,1,0,1,0,0000000,99,99,99,99,99,99,0,0,0,1,1
12,120035,1,1,0,0,0,3,3,57,0,6,1,2014,2,7,38,0,6,6,27TH ST,,0,27.71011944,-82.39810833,0,34,0,0,1,1,0,4,1,10,0,10,0,0000000,99,99,99,99,99,99,0,0,0,1,0
12,120036,1,1,0,1,1,1,1,57,0,6,1,2014,2,20,30,0,6,4,CR-587,,0,28.14316111,-82.57708889,0,9,0,0,1,1,0,1,2,1,0,1,0,0000000,99,99,99,99,88,88,0,0,0,1,0
12,120037,1,1,0,0,0,1,1,51,0,7,1,2014,3,3,20,0,16,6,BLUMBERG RD,,0,26.55150278,-80.91680556,0,30,0,0,1,1,0,4,2,1,0,1,0,0000000,99,99,99,99,88,88,0,0,0,1,1
12,120038,1,1,0,0,0,2,2,131,0,7,1,2014,3,15,35,0,6,4,CR-1087,,0,30.85355,-86.28018056,0,35,0,0,1,1,0,4,1,1,0,1,0,0000000,99,99,99,99,99,99,0,0,0,1,1
12,120039,2,2,0,0,0,3,3,86,0,8,1,2014,4,3,12,1,13,2,US-27,,99998,25.93119722,-80.42598056,0,1,0,0,1,1,0,3,3,2,0,2,0,0000000,99,99,99,99,99,99,0,0,0,1,1
12,120041,2,2,0,0,0,2,2,69,1820,8,1,2014,4,10,14,0,13,3,SR-44,RAMBO ST,99998,28.8066,-81.86961111,0,12,6,0,2,2,0,1,1,10,0,10,0,0000000,99,99,99,99,99,99,0,0,0,1,0
12,120042,2,1,1,0,1,1,2,91,0,8,1,2014,4,11,15,1,11,1,I-10,,99998,30.72234722,-86.59332778,0,14,0,0,1,1,0,4,1,1,0,1,0,0000000,99,99,99,99,88,88,0,0,0,1,0
12,120043,2,2,0,0,0,4,4,89,0,8,1,2014,4,12,5,1,1,2,US-A1A,I-95 RAMP,99998,30.61901389,-81.65079167,0,12,6,1,2,2,0,1,1,10,0,10,0,0000000,99,99,99,99,99,99,0,0,0,1,0
12,120044,2,2,0,0,0,3,3,71,0,9,1,2014,5,13,55,0,6,4,CR-876,LAKE BREEZE DR,0,26.54614167,-81.88156111,0,12,6,0,2,2,0,1,1,10,0,10,0,0000000,99,99,99,99,99,99,0,0,0,1,0
12,120045,1,1,0,0,0,2,2,71,0,9,1,2014,5,0,44,0,6,4,CR-884,,0,26.61675556,-81.7283,0,42,0,0,1,1,0,4,3,2,0,2,0,0000000,99,99,99,99,99,99,0,0,0,1,1
12,120046,1,1,0,0,0,2,2,31,1510,9,1,2014,5,11,5,0,16,6,MONUMENT RD,,0,30.35532222,-81.50481667,0,33,0,0,1,1,0,4,1,10,0,10,0,0000000,99,99,99,99,99,99,0,0,0,1,0
12,120047,1,1,0,0,0,1,1,49,0,9,1,2014,5,14,20,0,3,3,SR-62,,99998,27.59489722,-81.91603056,0,24,0,0,1,1,0,4,1,2,0,2,0,0000000,99,99,99,99,88,88,0,0,0,1,0
12,120048,1,1,0,0,0,1,1,95,0,9,1,2014,5,18,40,0,16,8,PONKAN RD,,0,28.72815556,-81.50021389,0,42,0,0,8,1,0,4,2,10,0,10,0,0000000,18,44,18,50,99,99,0,0,0,1,1
12,120049,1,1,0,1,1,1,1,11,2219,9,1,2014,5,19,53,0,16,6,ROCK ISLAND RD,SW 12TH ST,0,26.21324722,-80.22034167,0,8,0,0,3,2,0,1,3,1,0,1,0,0000000,99,99,99,99,99,99,0,0,0,1,0
12,120051,1,1,0,1,1,1,1,105,1740,9,1,2014,5,7,16,0,16,6,BURNS AVE,,0,27.91561111,-81.54849444,0,9,0,0,1,1,0,1,4,10,0,10,0,0000000,99,99,99,99,88,88,0,0,0,1,0
12,120052,2,2,0,0,0,3,3,86,2023,10,1,2014,6,0,46,1,13,3,SR-817,NW 167 ST,99998,25.92606944,-80.24468056,0,12,6,1,2,2,0,1,3,1,0,1,0,0000000,99,99,99,99,99,99,0,0,0,1,1
12,120053,1,1,0,1,1,1,1,95,0,10,1,2014,6,9,41,1,13,2,US-441,,99998,28.49555278,-81.39688056,0,8,0,0,1,1,0,1,1,1,0,1,0,0000000,99,99,99,99,99,99,0,0,0,1,0
12,120054,2,2,0,1,1,3,3,27,0,10,1,2014,6,19,26,1,13,3,SR-70,SIESTA BLVD,99998,27.20888889,-81.83308889,0,9,0,1,3,2,0,1,2,10,0,10,0,0000000,99,99,99,99,99,99,0,0,0,1,1
12,120055,1,1,0,0,0,1,1,127,0,10,1,2014,6,22,30,0,16,4,CR-4053,,0,29.08826111,-81.35463889,0,42,0,0,1,1,0,4,2,1,0,1,0,0000000,99,99,99,99,88,88,0,0,0,1,1
12,120056,2,2,0,0,0,4,4,86,1340,10,1,2014,6,16,15,1,12,3,SR-826,122 ST,99998,25.88378889,-80.323525,0,12,6,1,2,2,0,1,1,1,0,1,0,0000000,99,99,99,99,99,99,0,0,0,1,0
12,120057,3,3,0,0,0,7,7,101,0,10,1,2014,6,18,10,1,13,2,US-301,PALM GROVE DR,99998,28.21781944,-82.18000278,0,12,6,0,2,3,0,1,1,1,0,1,0,0000000,99,99,99,99,99,99,0,0,0,1,0
12,120058,1,1,0,0,0,1,1,83,0,10,1,2014,6,18,35,0,6,8,SE 183RD AVE RD,,0,29.12085,-81.8461,0,42,0,0,1,1,0,4,2,1,0,1,0,0000000,99,99,99,99,99,99,0,0,0,1,0
12,120059,1,1,0,1,1,1,1,31,1510,11,1,2014,7,2,30,0,16,6,ST JOHNS BLUFF RD,,0,30.30886944,-81.52560833,0,8,0,0,1,1,0,1,3,10,0,10,0,0000000,99,99,99,99,88,88,0,0,0,1,0
12,120060,3,3,0,0,0,6,6,117,0,11,1,2014,7,12,0,0,14,3,SR-426,RED BUGLAKE RD,99998,28.65568889,-81.22601667,0,12,6,1,2,2,0,1,1,1,0,1,0,0000000,99,99,99,99,99,99,0,0,0,1,0
12,120061,1,1,0,0,0,1,1,73,2940,11,1,2014,7,20,4,1,11,1,I-10,,99998,30.49676667,-84.26878889,0,52,0,0,1,1,0,4,3,2,0,2,0,0000000,99,99,99,99,88,88,0,0,0,1,0
12,120062,1,1,0,0,0,1,1,71,0,12,1,2014,1,0,27,0,6,6,EVERGREEN RD,,0,26.67448889,-81.88908056,0,53,0,0,1,1,0,4,2,10,0,10,0,0000000,99,99,99,99,88,88,0,0,0,1,1
12,120063,2,2,0,0,0,2,2,15,0,12,1,2014,1,17,44,0,6,8,BRYAN WAY,,0,27.004275,-81.96284167,0,12,1,0,1,1,0,4,5,1,0,1,0,0000000,99,99,99,99,99,99,0,0,0,1,0
12,120064,2,2,0,0,0,6,6,11,633,12,1,2014,1,16,20,0,16,6,COCONUT CREEK PKWY,NW 39TH AVE,0,26.24488333,-80.17629722,0,12,6,0,2,2,0,1,1,1,0,1,0,0000000,99,99,99,99,99,99,0,0,0,1,0
12,120065,1,1,0,0,0,2,2,91,710,1,1,2014,4,7,27,0,16,6,PEARL ST,,0,30.77898611,-86.57485833,0,33,0,0,1,1,0,4,1,10,0,10,0,0000000,99,99,99,99,99,99,0,0,0,1,1
12,120066,2,2,0,1,1,3,3,99,2660,5,1,2014,1,20,52,0,16,6,OLD DIXIE HWY,W 30TH ST,0,26.78678611,-80.06878333,0,8,0,0,2,3,0,1,2,10,0,10,0,0000000,99,99,99,99,88,88,0,0,0,1,0
12,120067,1,1,0,1,1,3,3,105,0,5,1,2014,1,18,5,1,13,2,US-27,,99998,28.17361389,-81.63991111,0,8,0,0,1,1,0,1,3,1,0,1,0,0000000,99,99,99,99,99,99,0,0,0,1,0
12,120068,1,1,0,0,0,1,1,99,0,10,1,2014,6,7,52,0,6,8,VIA FLORA,CONNIE BLVD,0,26.45906944,-80.13675556,0,35,0,0,3,3,0,4,4,2,0,2,0,0000000,99,99,99,99,99,99,5,0,0,1,0
12,120069,1,1,0,1,1,2,2,57,0,12,1,2014,1,18,57,0,6,8,SYMMES RD,,0,27.8351,-82.35315278,0,9,0,0,1,1,0,1,2,1,0,1,0,0000000,99,99,99,99,99,99,0,0,0,1,0
12,120070,1,1,0,0,0,1,1,71,312,12,1,2014,1,16,0,0,13,4,CR-881,,99998,26.38581111,-81.77315,0,33,0,0,1,1,0,3,1,1,0,1,0,0000000,99,99,99,99,88,88,0,0,0,1,0
12,120071,1,1,0,0,0,1,1,59,0,13,1,2014,2,23,35,0,4,3,SR-2,,99998,30.96544167,-85.59908056,0,1,0,0,1,1,0,4,2,10,0,10,0,0000000,99,99,99,99,88,88,0,0,0,1,0
12,120072,2,2,0,0,0,3,3,57,2540,13,1,2014,2,15,30,1,13,3,SR-39,JOHNSON RD W,99998,27.97790278,-82.12167222,0,12,6,0,2,3,0,1,1,1,0,1,0,0000000,99,99,99,99,99,99,0,0,0,2,0
12,120073,1,1,0,0,0,1,1,73,2940,4,1,2014,7,12,14,0,6,6,CHAIRES CROSS RD,,0,30.42955833,-84.11773056,0,30,0,0,1,1,0,4,1,10,0,10,0,0000000,99,99,99,99,99,99,0,0,0,1,0
12,120074,3,3,0,0,0,5,5,69,1460,11,1,2014,7,14,31,0,14,3,SR-19,,99998,28.73163889,-81.76985278,0,12,2,0,1,1,0,1,1,10,0,10,0,0000000,99,99,99,99,99,99,0,0,0,2,0
12,120075,1,1,0,1,1,1,1,105,0,13,1,2014,2,17,2,0,14,3,SR-37,SCHOOLHOUSE RD,99998,27.96759444,-81.96442778,0,8,0,0,3,2,0,1,1,1,0,1,0,0000000,99,99,99,99,88,88,0,0,0,1,0
12,120076,1,1,0,0,0,1,1,31,1510,14,1,2014,3,1,45,0,16,6,5TH AVE,BELVEDERE ST,0,30.40673889,-81.69140556,0,34,0,0,3,2,0,4,3,2,0,2,0,0000000,99,99,99,99,88,88,0,0,0,1,0
12,120077,2,2,0,0,0,3,3,11,2260,14,1,2014,3,10,26,1,13,3,SR-816,NW 9TH AVE,99998,26.16617778,-80.15456944,0,12,6,0,3,2,0,1,1,1,0,1,0,0000000,99,99,99,99,99,99,0,0,0,1,0
12,120078,1,1,0,0,0,1,1,57,0,14,1,2014,3,16,30,0,13,3,SR-676,,99998,27.92266111,-82.37073056,0,1,0,0,1,1,0,3,1,10,0,10,0,0000000,99,99,99,99,88,88,0,0,0,1,0
12,120079,1,1,0,1,1,1,1,95,0,14,1,2014,3,22,22,1,13,2,US-441,,99998,28.7747,-81.62486944,0,8,0,0,1,1,0,1,2,1,0,1,0,0000000,99,99,99,99,99,99,0,0,0,1,0
12,120080,2,2,0,0,0,3,3,21,2150,14,1,2014,3,11,35,0,16,6,8TH ST,6TH AVE,0,26.15374167,-81.79785833,0,12,6,0,2,2,0,1,1,10,0,10,0,0000000,99,99,99,99,99,99,0,0,0,1,0
12,120081,2,2,0,0,0,3,3,99,290,15,1,2014,4,21,23,1,11,1,I-95,,99998,26.34585,-80.11835,0,12,6,1,18,1,0,1,3,2,0,2,0,0000000,99,99,99,99,88,88,0,0,0,1,0
12,120082,1,1,0,0,0,1,1,71,0,16,1,2014,5,0,24,0,16,6,WILDCAT DR,LINDA LEE WAY,0,26.50476944,-81.57981667,0,30,0,0,3,3,0,4,2,10,0,10,0,0000000,99,99,99,99,88,88,0,0,0,1,1
12,120083,1,1,0,0,0,1,1,11,2876,16,1,2014,5,23,16,0,16,3,SR-818,,0,26.06124444,-80.41843333,0,5,0,0,1,1,0,1,2,1,0,1,0,0000000,99,99,99,99,88,88,0,0,0,1,0
12,120084,1,1,0,0,0,3,3,117,2770,16,1,2014,5,23,5,0,16,5,CELERY AVE,,0,28.80133611,-81.24346389,0,42,0,0,1,1,0,4,3,1,0,1,0,0000000,99,99,99,99,99,99,0,0,0,1,1
12,120085,2,2,0,0,0,3,3,89,3326,16,1,2014,5,11,5,0,14,3,SR-A1A,US-17,99998,30.63197222,-81.60111667,0,12,6,0,2,2,0,1,1,1,0,1,0,0000000,99,99,99,99,99,99,0,0,0,1,0
12,120086,2,2,0,0,0,4,4,35,0,17,1,2014,6,23,55,0,16,6,BELLE TERRE PKWY,PINE GROVE DR,0,29.51521111,-81.22316111,0,12,6,0,2,3,0,1,2,1,0,1,0,0000000,99,99,99,99,99,99,0,0,0,1,1
12,120087,1,1,0,0,0,1,1,109,0,17,1,2014,6,6,45,0,6,8,JOE ASHTON RD,,0,29.94208889,-81.53989167,0,42,0,0,1,1,0,4,2,1,0,1,0,0000000,99,99,99,99,88,88,0,0,0,1,1
12,120088,1,1,0,0,0,3,3,63,0,18,1,2014,7,4,35,0,3,3,SR-71,,99998,30.6517,-85.16021111,0,30,0,0,1,1,0,4,2,1,0,1,0,0000000,99,99,99,99,99,99,0,0,0,1,0
12,120089,1,1,0,0,0,1,1,11,2468,18,1,2014,7,5,42,0,16,6,DOUGLAS RD,,0,26.02399722,-80.26393056,0,33,0,0,1,1,0,3,3,1,0,1,0,0000000,99,99,99,99,99,99,0,0,0,1,0
12,120090,1,1,0,1,1,1,1,99,0,18,1,2014,7,20,55,0,6,6,HAGEN RANCH RD,,0,26.52666389,-80.16387222,0,9,0,0,8,1,0,1,3,10,0,10,0,0000000,99,99,99,99,88,88,0,0,0,1,0
12,120091,1,1,0,1,1,1,1,81,0,20,1,2014,2,0,20,1,13,2,US-301,,99998,27.52123611,-82.54308611,0,9,0,0,1,1,0,1,2,1,0,1,0,0000000,99,99,99,99,99,99,0,0,0,1,0
12,120092,2,2,0,0,0,6,6,75,0,21,1,2014,3,9,18,1,13,2,US-19,NW 140TH ST,99998,29.53187778,-82.88780833,0,12,6,1,2,2,0,1,1,10,0,10,0,0000000,99,99,99,99,99,99,0,0,0,1,0
12,120093,2,2,0,0,0,2,2,111,0,21,1,2014,3,17,27,0,3,3,SR-614,CR-603,99998,27.52134722,-80.43167778,0,1,0,0,2,2,0,1,1,10,0,10,0,0000000,99,99,99,99,99,99,0,0,0,1,0
12,120094,2,2,0,0,0,5,5,31,1510,21,1,2014,3,20,35,0,16,6,W RAMONA BLVD,GREELAND RD,0,30.3136,-81.7792,0,12,6,1,2,2,0,1,3,1,0,1,0,0000000,99,99,99,99,99,99,0,0,0,1,2
12,120095,2,2,0,0,0,3,3,23,0,21,1,2014,3,10,22,0,3,3,SR-47,SW SUNVIEW ST,99998,30.00693056,-82.71016944,0,12,6,0,2,2,0,1,1,10,0,10,0,0000000,99,99,99,99,99,99,0,0,0,1,0
12,120096,1,1,0,1,1,1,1,69,960,21,1,2014,3,23,35,0,14,3,SR-19,TAYLOR AVE,99998,28.83824167,-81.68554167,0,8,0,0,3,2,0,1,3,1,0,1,0,0000000,99,99,99,99,88,88,0,0,0,1,0
12,120097,1,1,0,1,1,1,1,117,480,21,1,2014,3,18,50,1,13,3,SR-436,,99998,28.62122778,-81.31398611,0,8,0,0,1,1,0,1,3,1,0,1,0,0000000,99,99,99,99,99,99,0,0,0,1,0
12,120098,1,1,0,1,1,1,1,115,0,22,1,2014,4,9,18,0,16,6,MIDNIGHT PASS RD,,0,27.22329167,-82.51761111,0,8,0,0,1,1,0,4,1,1,0,1,0,0000000,99,99,99,99,99,99,0,0,0,1,0
12,120100,2,2,0,0,0,7,7,86,0,19,1,2014,1,1,45,0,3,3,SR-997,,99998,25.63093611,-80.47978333,0,12,2,0,1,1,0,1,3,1,0,1,0,0000000,99,99,99,99,99,99,0,0,0,3,0
12,120101,2,2,0,0,0,2,2,107,0,19,1,2014,1,5,25,0,3,3,SR-207,,99998,29.67405278,-81.58451111,0,12,1,0,1,1,0,1,2,1,0,1,0,0000000,99,99,99,99,88,88,0,0,0,1,1
12,120102,1,1,0,1,1,2,2,83,0,19,1,2014,1,19,45,1,13,2,US-27,,99998,29.1974,-82.17098889,0,8,0,0,1,1,0,1,2,1,0,1,0,0000000,99,99,99,99,88,88,0,0,0,1,0
12,120103,3,3,0,0,0,3,3,95,2360,20,1,2014,2,2,24,1,1,1,I-4,,99998,28.46963611,-81.46065,0,12,98,0,1,1,0,1,6,1,0,1,0,0000000,99,99,99,99,99,99,0,0,0,1,1
12,120104,2,2,0,0,0,2,2,61,0,20,1,2014,2,5,55,1,13,3,SR-60,82ND AVE,99998,27.6391,-80.47956111,0,12,6,0,2,2,0,1,3,1,0,1,0,0000000,99,99,99,99,88,88,0,0,0,1,0
12,120105,1,1,0,0,0,1,1,63,0,26,1,2014,1,17,40,0,6,4,CR-280,,0,30.71439444,-85.19512778,0,30,0,0,1,1,0,4,5,1,0,1,0,0000000,99,99,99,99,88,88,0,0,0,1,1
12,120106,1,1,0,0,0,3,3,95,0,26,1,2014,1,18,18,0,6,4,CR-439,,0,28.48804722,-81.47533611,0,18,0,0,1,1,0,4,3,10,0,10,0,0000000,99,99,99,99,99,99,0,0,0,1,1
12,120107,2,2,0,0,0,7,7,95,0,26,1,2014,1,18,43,0,16,4,CR-423,,0,28.49766944,-81.41736944,0,12,6,0,1,1,0,1,2,1,0,1,0,0000000,99,99,99,99,99,99,20,0,0,1,1
12,120108,1,1,0,1,1,5,5,127,780,26,1,2014,1,14,43,1,13,2,US-92,,99998,29.19475556,-81.06166111,0,8,0,0,1,1,0,1,1,1,0,1,0,0000000,99,99,99,99,99,99,0,0,0,1,0
12,120109,3,3,0,0,0,7,7,81,0,27,1,2014,2,18,20,1,11,1,I-75,,99998,27.44002222,-82.45954167,0,12,1,0,1,1,0,1,5,10,0,10,0,0000000,99,99,99,99,99,99,0,0,0,1,0
12,120110,2,2,0,0,0,4,4,55,0,27,1,2014,2,19,4,1,13,2,US-27,LAKE MIRROE DR,99998,27.27503889,-81.35200278,0,12,6,1,2,2,0,1,5,10,0,10,0,0000000,99,99,99,99,99,99,0,0,0,1,1
12,120111,2,2,0,0,0,2,2,21,0,27,1,2014,2,21,5,0,6,3,SR-84,LE BUFF RD,0,26.15486111,-81.68643056,0,12,2,0,3,2,0,1,3,1,0,1,0,0000000,99,99,99,99,99,99,0,0,0,1,1
12,120112,1,1,0,1,1,2,2,86,0,27,1,2014,2,19,0,0,6,8,CR-854,,0,25.96473056,-80.17118056,0,8,0,0,1,1,0,1,3,1,0,1,0,0000000,99,99,99,99,99,99,0,0,0,1,0
12,120113,2,2,0,1,1,2,2,11,1420,27,1,2014,2,20,12,0,13,3,SR-7,HOLLYWOOD BLVD,99998,26.00996667,-80.20752222,0,8,0,0,2,2,0,1,3,1,0,1,0,0000000,99,99,99,99,99,99,0,0,0,1,0
12,120114,2,2,0,0,0,2,2,31,1510,22,1,2014,4,15,7,1,13,3,SR-212,BARKLEY RD,99998,30.28665278,-81.55494722,0,12,6,0,2,2,0,1,1,1,0,1,0,0000000,99,99,99,99,99,99,0,0,0,2,0
12,120115,2,2,0,0,0,2,2,101,0,22,1,2014,4,6,0,0,16,6,COUNTY LINE RD,NASHVILLE DR,0,28.17125833,-82.38601667,0,12,2,0,2,3,0,1,2,1,0,1,0,0000000,6,6,6,13,88,88,0,0,0,1,0
12,120116,1,1,0,1,1,1,1,99,1760,22,1,2014,4,18,20,0,14,2,US-1,CROTON AVE,99998,26.58762222,-80.05202778,0,8,0,0,3,3,0,1,3,1,0,1,0,0000000,99,99,99,99,99,99,0,0,0,1,0
12,120117,1,1,0,1,1,1,1,109,0,23,1,2014,5,5,25,1,1,1,I-95,,99998,29.91564444,-81.36021944,0,8,0,0,1,1,0,1,2,1,0,1,0,0000000,99,99,99,99,88,88,23,0,0,1,0
12,120118,3,3,0,0,0,4,4,99,0,23,1,2014,5,14,59,0,6,6,LINTON BLVD,LAS VERDES WAY,0,26.43938056,-80.12626111,0,12,2,0,2,2,0,1,1,1,0,1,0,0000000,99,99,99,99,99,99,0,0,0,1,0
12,120119,2,2,0,0,0,2,2,49,0,23,1,2014,5,16,17,1,13,2,US-17,,99998,27.35175,-81.80193889,0,12,6,0,1,1,0,1,1,1,0,1,0,0000000,99,99,99,99,88,88,0,0,0,1,1
12,120120,1,1,0,1,1,1,1,11,2916,23,1,2014,5,19,41,0,16,3,SR-838,,0,26.14540833,-80.31808889,0,8,0,0,1,1,0,1,3,1,0,1,0,0000000,99,99,99,99,88,88,0,0,0,1,0
12,120121,1,1,0,0,0,2,2,31,1510,23,1,2014,5,0,56,1,13,2,US-90,,99998,30.31909167,-81.48540278,0,52,0,0,1,1,0,10,3,1,0,1,0,0000000,99,99,99,99,88,88,0,0,0,1,0
12,120122,2,2,0,0,0,2,2,127,0,23,2,2014,1,20,30,1,13,3,SR-A1A,RIVER DR,99998,29.31880278,-81.05317222,0,12,2,0,2,3,0,1,3,10,0,10,0,0000000,99,99,99,99,88,88,0,0,0,1,0
12,120123,3,3,0,0,0,3,3,95,0,24,1,2014,6,18,30,0,6,8,FICQUETTE RD,,0,28.46645,-81.58715278,0,12,2,0,1,1,0,1,2,1,0,1,0,0000000,99,99,99,99,99,99,0,0,0,1,1
12,120124,1,1,0,0,0,1,1,111,1080,24,1,2014,6,3,19,0,14,3,SR-A1A,HARBOUR ISLE DR,99998,27.46339167,-80.30278056,0,33,0,0,3,6,0,3,3,1,0,1,0,0000000,99,99,99,99,88,88,20,0,0,1,1
12,120125,2,2,0,0,0,2,2,86,1340,24,1,2014,6,4,57,1,13,3,SR-932,8TH AVE,99998,25.866575,-80.29877778,0,12,6,0,2,2,0,1,3,1,0,1,0,0000000,99,99,99,99,99,99,0,0,0,1,0
12,120126,2,2,0,0,0,2,2,21,0,24,1,2014,6,9,50,0,6,6,COLLIER BLVD,23RD AVE,0,26.18643611,-81.68716389,0,12,6,0,2,2,0,1,1,1,0,1,0,0000000,99,99,99,99,99,99,0,0,0,1,0
12,120127,1,1,0,0,0,1,1,11,1420,24,1,2014,6,20,29,0,14,3,SR-822,,99998,26.03342778,-80.14895278,0,33,0,0,1,1,0,3,3,1,0,1,0,0000000,99,99,99,99,99,99,0,0,0,1,0
12,120128,2,2,0,0,0,2,2,99,0,24,1,2014,6,18,13,1,11,1,I-95,,99998,26.46163889,-80.0875,0,12,6,0,1,1,0,1,3,1,0,1,0,0000000,99,99,99,99,99,99,0,0,0,1,0
12,120129,2,2,0,0,0,2,2,31,1510,25,1,2014,7,0,20,1,11,1,I-295,,99998,30.16809722,-81.58108611,0,12,1,0,1,1,0,1,3,10,0,10,0,0000000,99,99,99,99,99,99,0,0,0,1,2
12,120130,1,1,0,0,0,1,1,95,0,25,1,2014,7,1,10,0,6,8,CENTRAL FLORIDA PKWY,,0,28.41024444,-81.43404444,0,42,0,0,1,1,0,4,3,10,0,10,0,0000000,99,99,99,99,99,99,0,0,0,1,1
12,120131,1,1,0,1,1,1,1,86,2010,9,3,2014,1,20,18,0,16,6,SW 2ND AVE,,0,25.76325,-80.19726944,0,9,0,0,1,1,0,1,2,1,0,1,0,0000000,99,99,99,99,99,99,0,0,0,1,0
12,120132,1,1,0,1,1,2,2,86,2010,6,2,2014,5,21,32,1,13,3,SR-9,NW 15TH ST,99998,25.78799444,-80.23966389,0,8,0,0,3,3,0,1,3,1,0,1,0,0000000,99,99,99,99,99,99,0,0,0,1,0
12,120133,2,2,0,0,0,7,7,31,1510,25,1,2014,7,3,30,1,13,2,US-17,I-295,99998,30.45751111,-81.6356,0,12,6,1,2,3,0,1,2,10,0,10,0,0000000,99,99,99,99,99,99,0,0,0,1,1
12,120134,2,2,0,1,1,3,3,127,0,25,1,2014,7,6,30,1,11,1,I-4,,99998,28.93352222,-81.26442222,0,8,0,0,1,1,0,1,2,10,0,10,0,0000000,99,99,99,99,88,88,0,0,0,1,0
12,120137,3,3,0,0,0,4,4,86,0,26,1,2014,1,8,34,1,13,2,US-41,SW 8TH ST,99998,25.76082778,-80.58101944,0,1,0,0,8,1,0,1,1,1,0,1,0,0000000,99,99,99,99,99,99,0,0,0,1,0
12,120138,1,1,0,1,1,1,1,115,0,28,1,2014,3,10,5,0,6,6,GROUSE WAY,,0,27.08068056,-82.41206667,0,8,0,0,4,1,0,1,1,1,0,1,0,0000000,99,99,99,99,99,99,0,0,0,1,0
12,120139,2,2,0,0,0,2,2,57,0,28,1,2014,3,9,13,0,6,4,CR-587,,0,28.05771111,-82.53305278,0,12,2,0,1,1,0,1,1,1,0,1,0,0000000,99,99,99,99,99,99,0,0,0,2,0
12,120140,5,5,0,0,0,6,6,113,0,28,1,2014,3,18,47,1,11,1,I-10,,99998,30.58264444,-87.01538333,0,12,1,0,1,1,0,1,2,3,12,3,0,0000000,99,99,99,99,99,99,0,0,0,2,0
12,120141,2,2,0,0,0,3,3,103,1770,28,1,2014,3,12,51,1,13,3,SR-693,142ND AVE,99998,27.90091667,-82.72915556,0,12,6,0,2,2,0,1,1,1,0,1,0,0000000,99,99,99,99,99,99,0,0,0,1,0
12,120142,1,1,0,1,1,1,1,81,340,28,1,2014,3,17,39,1,13,3,SR-64,,99998,27.49631389,-82.68471111,0,9,0,0,1,1,0,1,5,1,0,1,0,0000000,99,99,99,99,99,99,16,0,0,1,0
12,120143,4,4,0,0,0,5,5,99,3190,29,1,2014,4,17,20,1,11,1,I-95,,99998,26.72570556,-80.09149722,0,12,6,0,1,1,0,1,1,2,0,2,0,0000000,99,99,99,99,88,88,0,0,0,1,0
12,120144,1,1,0,1,1,1,1,9,0,29,1,2014,4,21,36,1,13,2,US-1,,99998,28.46274444,-80.76403333,0,8,0,0,1,1,0,1,2,1,0,1,0,0000000,99,99,99,99,88,88,0,0,0,1,0
12,120145,1,1,0,0,0,2,2,86,2023,29,1,2014,4,5,33,0,16,6,NW 151ST ST,,0,25.91194167,-80.23955556,0,42,0,0,1,1,0,4,3,2,0,2,0,0000000,99,99,99,99,99,99,0,0,0,1,0