STATE,ST_CASE,VE_TOTAL,VE_FORMS,PVH_INVL,PEDS,PERNOTMVIT,PERMVIT,PERSONS,COUNTY,CITY,DAY,MONTH,YEAR,DAY_WEEK,HOUR,MINUTE,NHS,ROAD_FNC,ROUTE,TWAY_ID,TWAY_ID2,MILEPT,LATITUDE,LONGITUD,SP_JUR,HARM_EV,MAN_COLL,RELJCT1,RELJCT2,TYP_INT,WRK_ZONE,REL_ROAD,LGT_COND,WEATHER1,WEATHER2,WEATHER,SCH_BUS,RAIL,NOT_HOUR,NOT_MIN,ARR_HOUR,ARR_MIN,HOSP_HR,HOSP_MN,CF1,CF2,CF3,FATALS,DRUNK_DR
12,120146,1,1,0,0,0,1,1,17,0,29,1,2014,4,23,10,1,13,2,US-19,9406 US-19,99998,28.72521111,-82.55280833,0,1,0,0,2,3,0,1,2,2,0,2,0,0000000,99,99,99,99,99,99,0,0,0,1,1
12,120147,2,2,0,0,0,2,2,101,0,29,1,2014,4,7,5,0,6,6,WESLEY CHAPEL BLVD,OAKLEY BLVD,0,28.23743056,-82.35768611,0,12,6,0,2,3,0,1,4,2,0,2,0,0000000,7,5,7,11,88,88,0,0,0,1,0
12,120148,1,1,0,0,0,1,1,127,0,30,1,2014,5,3,45,0,3,3,SR-44,,99998,29.01706111,-81.37254722,0,42,0,0,1,1,0,5,2,2,0,2,0,0000000,99,99,99,99,88,88,0,0,0,1,1
12,120149,4,4,0,1,1,4,4,69,0,30,1,2014,5,6,46,0,6,4,CR-44,,0,28.88251111,-81.72891944,0,8,0,0,1,1,0,1,2,2,0,2,0,0000000,99,99,99,99,88,88,0,0,0,1,0
12,120150,1,1,0,0,0,1,1,11,771,30,1,2014,5,2,1,0,16,6,S PINE ISLAND RD,,0,26.07121111,-80.26438611,0,33,0,0,1,1,0,4,3,1,0,1,0,0000000,99,99,99,99,88,88,0,0,0,1,1
12,120151,1,1,0,1,1,1,1,31,1510,30,1,2014,5,5,55,1,13,3,SR-21,SR-134,99998,30.24841111,-81.74305,0,8,0,1,2,2,0,1,3,2,0,2,0,0000000,99,99,99,99,88,88,0,0,0,1,0
12,120152,2,2,0,0,0,4,4,97,0,30,1,2014,5,19,22,1,13,2,US-192,,99998,28.10903056,-80.91382778,0,12,1,0,1,1,0,1,2,10,0,10,0,0000000,19,23,19,39,99,99,0,0,0,1,1
12,120153,2,2,0,0,0,2,2,73,0,30,1,2014,5,21,45,1,13,3,SR-263,,99998,30.39778056,-84.32767778,0,12,6,0,1,1,0,1,2,1,0,1,0,0000000,99,99,99,99,99,99,0,0,0,1,1
12,120154,2,2,0,0,0,2,2,95,0,30,1,2014,5,7,4,1,13,2,US-441,,99998,28.49522778,-81.39715556,0,12,1,0,1,1,0,1,1,10,0,10,0,0000000,99,99,99,99,99,99,0,0,0,1,0
12,120155,1,1,0,0,0,3,3,1,0,31,1,2014,6,23,40,0,16,4,CR-241,,0,29.60547222,-82.52364167,0,42,0,0,1,1,0,4,2,10,0,10,0,0000000,99,99,99,99,99,99,0,0,0,1,1
12,120156,2,2,0,1,1,3,3,21,0,31,1,2014,6,12,13,0,6,4,CR-846,I-75,0,26.27278056,-81.73773056,0,12,6,0,2,2,0,1,1,10,0,10,0,0000000,99,99,99,99,99,99,0,0,0,1,0
12,120157,1,1,0,0,0,1,1,11,3193,31,1,2014,6,23,58,0,16,6,WESTON RD,,0,26.10628889,-80.36389722,0,42,0,0,1,1,0,3,3,1,0,1,0,0000000,99,99,99,99,88,88,0,0,0,1,0
12,120158,1,1,0,0,0,1,1,73,2940,1,2,2014,7,0,47,0,16,6,PAUL RUSSELL RD,,0,30.40539722,-84.26082778,0,33,0,0,1,1,0,4,3,1,0,1,0,0000000,99,99,99,99,88,88,0,0,0,1,1
12,120159,1,1,0,0,0,1,1,11,2948,1,2,2014,7,5,52,1,13,3,SR-817,,99998,26.21262222,-80.25237778,0,33,0,0,1,1,0,4,3,1,0,1,0,0000000,99,99,99,99,88,88,0,0,0,1,0
12,120160,1,1,0,0,0,1,1,73,0,1,2,2014,7,4,10,0,3,2,US-90,,99998,30.51396944,-84.08056944,0,42,0,0,1,1,0,4,2,5,0,5,0,0000000,99,99,99,99,88,88,0,0,0,1,1
12,120161,1,1,0,1,1,1,1,31,1510,1,2,2014,7,7,0,1,13,3,SR-21,DU-CLAY RD,99998,30.21311111,-81.73708889,0,8,0,0,2,2,0,1,4,10,0,10,0,0000000,99,99,99,99,99,99,0,0,0,1,0
12,120162,2,2,0,0,0,2,2,131,0,1,2,2014,7,19,50,1,13,2,US-331,,99998,30.40664722,-86.16585833,0,12,2,0,1,1,0,1,2,5,0,5,0,0000000,99,99,99,99,99,99,0,0,0,1,1
12,120163,1,1,0,0,0,1,1,86,0,2,2,2014,1,13,57,0,6,6,NW 132ND AVE,,0,25.7814,-80.40918611,0,33,0,0,1,1,0,4,1,1,0,1,0,0000000,99,99,99,99,99,99,0,0,0,1,1
12,120166,2,2,0,0,0,4,4,9,0,2,2,2014,1,18,38,0,6,4,CR-507,,0,27.86820833,-80.62288611,0,12,2,0,1,1,0,1,2,1,0,1,0,0000000,99,99,99,99,99,99,0,0,0,2,1
12,120167,1,1,0,0,0,1,1,95,2360,2,2,2014,1,19,9,1,13,2,US-17,,99998,28.54982778,-81.39726111,0,42,0,0,1,1,0,4,3,1,0,1,0,0000000,99,99,99,99,99,99,0,0,0,1,0
12,120168,1,1,0,1,1,1,1,9,0,2,2,2014,1,22,14,1,13,2,US-1,SPRING ST,99998,28.46206111,-80.76386944,0,8,0,0,3,3,0,1,2,1,0,1,0,0000000,99,99,99,99,88,88,0,0,0,1,0
12,120169,1,1,0,1,1,1,1,101,0,2,2,2014,1,20,10,0,3,3,SR-54,CELTIC DR,99998,28.21698889,-82.69896111,0,8,0,0,3,3,0,1,2,1,0,1,0,0000000,20,21,20,26,88,88,0,0,0,1,0
12,120170,1,1,0,0,0,1,1,95,2360,2,2,2014,1,15,55,0,16,6,BAHAMA DR,,0,28.52989167,-81.35870556,0,30,0,0,1,1,0,4,1,1,0,1,0,0000000,99,99,99,99,99,99,0,0,0,1,0
12,120171,2,2,0,0,0,2,2,59,0,2,2,2014,1,20,51,1,1,1,I-10,,99998,30.76079444,-85.73066389,0,12,6,0,1,1,0,1,2,1,0,1,0,0000000,99,99,99,99,88,88,23,19,0,1,0
12,120172,1,1,0,1,1,1,1,99,3190,3,2,2014,2,3,5,1,13,3,SR-809,,99998,26.75636944,-80.10868056,0,8,0,0,1,1,0,1,2,1,0,1,0,0000000,99,99,99,99,88,88,0,0,0,1,0
12,120173,1,1,0,0,0,1,1,123,0,3,2,2014,2,0,0,0,6,6,OLD DIXIE HWY,FOLEY RD,0,30.06965,-83.55581667,0,42,0,0,3,3,0,4,2,10,0,10,0,0000000,99,99,99,99,88,88,0,0,0,1,0
12,120174,1,1,0,0,0,1,1,103,0,3,2,2014,2,2,15,0,6,8,FEATHER SOUND DR,,0,27.89811944,-82.66319167,0,33,0,0,1,1,0,3,3,10,0,10,0,0000000,99,99,99,99,88,88,0,0,0,1,1
12,120175,1,1,0,1,1,1,1,127,2850,3,2,2014,2,15,26,1,13,2,US-1,,99998,29.19326389,-81.01341111,0,15,0,0,1,1,0,4,1,1,0,1,0,0000000,99,99,99,99,88,88,0,0,0,1,0
12,120176,2,2,0,0,0,2,2,91,835,3,2,2014,2,2,59,1,13,2,US-98,,99998,30.39123889,-86.4912,0,12,1,0,1,1,0,1,3,5,0,5,0,0000000,99,99,99,99,88,88,0,0,0,1,1
12,120177,2,2,0,0,0,2,2,11,2916,3,2,2014,2,6,31,0,16,6,N PINE ISLAND RD,NW 20TH CT,0,26.15048333,-80.26786389,0,12,6,0,2,3,0,1,3,10,0,10,0,0000000,99,99,99,99,88,88,0,0,0,1,0
12,120178,2,2,0,0,0,3,3,11,2468,4,2,2014,3,20,40,0,16,6,PEMBROKE RD,SW 129TH AVE,0,25.99319167,-80.31846111,0,12,2,0,2,3,0,1,3,1,0,1,0,0000000,99,99,99,99,99,99,0,0,0,1,0
12,120179,1,1,0,1,1,1,1,97,0,4,2,2014,3,17,4,0,6,6,CARROL ST,LUCILLE ST,0,28.32623333,-81.40352778,0,9,0,0,3,2,0,1,1,10,0,10,0,0000000,17,9,17,21,99,99,0,0,0,1,0
12,120180,2,2,0,0,0,2,2,71,1070,4,2,2014,3,23,50,0,16,6,MIDPOIT BRIDGE,,0,26.59524167,-81.89126944,0,12,1,0,1,1,0,1,3,1,0,1,0,0000000,99,99,99,99,99,99,0,0,0,1,1
12,120181,2,2,0,0,0,2,2,57,2540,5,2,2014,4,6,30,0,16,6,ALEXANDER ST,I-4 RAMP,0,28.03198056,-82.13408333,0,12,6,1,2,2,0,1,4,10,0,10,0,0000000,99,99,99,99,99,99,0,0,0,1,0
12,120182,2,2,0,1,1,5,5,91,1091,5,2,2014,4,19,36,0,16,6,HOLLYWOOD BLVD,CARSON DR,0,30.41237222,-86.60761667,0,8,0,0,3,2,0,1,3,1,0,1,0,0000000,99,99,99,99,88,88,0,0,0,1,1
12,120183,2,2,0,0,0,2,2,86,844,4,2,2014,3,8,30,0,16,6,NW 41ST ST,NW 114TH AVE,0,25.81163611,-80.38278333,0,12,6,0,2,3,0,1,1,1,0,1,0,0000000,99,99,99,99,99,99,0,0,0,1,0
12,120184,2,2,0,0,0,2,2,71,0,4,2,2014,3,12,57,0,16,6,CR-850,US-41,0,26.43111111,-81.81056111,0,12,6,0,2,3,0,1,1,1,0,1,0,0000000,99,99,99,99,99,99,0,0,0,1,0
12,120185,1,1,0,0,0,1,1,33,0,5,2,2014,4,1,36,0,6,3,SR-290,,0,30.5111,-87.24495,0,18,0,0,1,1,0,5,3,2,0,2,0,0000000,99,99,99,99,88,88,0,0,0,1,1
12,120186,1,1,0,1,1,1,1,95,0,5,2,2014,4,8,10,1,13,3,SR-417 RAMP,LANDSTAR BLVD,99998,28.36818611,-81.36693056,0,8,0,1,3,2,0,1,1,1,0,1,0,0000000,99,99,99,99,99,99,0,0,0,1,0
12,120187,1,1,0,0,0,2,2,85,0,5,2,2014,4,15,15,0,6,4,CR-76A,2095 CR-76A,0,27.08802222,-80.28175833,0,52,0,0,3,3,0,4,1,2,0,2,0,0000000,99,99,99,99,99,99,0,0,0,1,0
12,120188,1,1,0,1,1,1,1,11,2570,5,2,2014,4,20,47,0,15,3,SR-849,,99998,26.26721111,-80.15195833,0,8,0,0,1,1,0,1,2,1,0,1,0,0000000,99,99,99,99,99,99,0,0,0,1,0
12,120189,1,1,0,1,1,2,2,86,2020,6,2,2014,5,16,58,1,13,3,SR-934,,99998,25.85490278,-80.12952222,0,8,0,0,1,1,0,1,1,1,0,1,0,0000000,99,99,99,99,99,99,0,0,0,1,0
12,120190,2,2,0,0,0,3,3,105,1690,6,2,2014,5,16,58,0,14,3,SR-539,10TH STREET W,99998,28.06236389,-81.97506944,0,12,6,0,2,2,0,1,1,1,0,1,0,0000000,99,99,99,99,99,99,0,0,0,1,0
12,120191,1,1,0,0,0,1,1,31,1520,7,2,2014,6,22,58,1,12,3,SR-202,,99998,30.25633889,-81.39866111,0,42,0,0,1,1,0,4,3,1,0,1,0,0000000,99,99,99,99,99,99,0,0,0,1,0
12,120192,1,1,0,0,0,2,2,95,0,7,2,2014,6,2,18,0,6,6,INTERNATIONAL DR,,0,28.39921111,-81.46078056,0,59,0,0,1,1,0,3,3,1,0,1,0,0000000,99,99,99,99,99,99,0,0,0,1,1
12,120193,2,2,0,0,0,2,2,103,2530,7,2,2014,6,16,20,0,16,4,CR-694,,0,27.83925278,-82.73833611,0,59,0,0,1,1,0,3,1,2,0,2,0,0000000,99,99,99,99,99,99,0,0,0,1,0
12,120194,1,1,0,1,1,2,2,57,2950,7,2,2014,6,22,46,1,11,1,I-4,,99998,27.99294722,-82.36968889,0,8,0,0,1,1,0,1,3,10,0,10,0,0000000,99,99,99,99,88,88,0,0,0,1,0
12,120195,2,2,0,0,0,4,4,53,0,7,2,2014,6,10,36,1,13,2,US-19,HIAWATHA PKWY,99998,28.48673889,-82.60336389,0,12,6,0,2,2,0,1,1,2,0,2,0,0000000,99,99,99,99,99,99,0,0,0,1,0
12,120196,1,1,0,0,0,2,2,57,0,8,2,2014,7,0,11,1,11,1,I-4,,99998,28.01708056,-82.26491944,0,24,0,0,1,1,0,3,3,2,0,2,0,0000000,99,99,99,99,99,99,0,0,0,1,1
12,120197,2,2,0,0,0,3,3,11,2260,8,2,2014,7,2,13,1,11,1,I-95,,99998,26.17011944,-80.1579,0,12,1,0,1,1,0,1,3,10,0,10,0,0000000,99,99,99,99,88,88,0,0,0,2,1
12,120198,2,2,0,0,0,2,2,99,330,8,2,2014,7,3,7,0,16,4,CR-807,MINER RD,0,26.55712222,-80.09041389,0,12,1,0,3,2,0,1,3,5,0,5,0,0000000,99,99,99,99,88,88,0,0,0,1,1
12,120199,2,2,0,0,0,3,3,121,0,8,2,2014,7,20,30,0,6,4,CR-136,,0,30.29030556,-83.07905,0,12,2,0,1,1,0,1,2,1,0,1,0,0000000,99,99,99,99,99,99,0,0,0,1,0
12,120200,1,1,0,0,0,1,1,71,0,8,2,2014,7,20,50,0,6,6,MILWAUKEE BLVD,,0,26.56230278,-81.59165,0,1,0,0,1,1,0,2,2,1,0,1,0,0000000,99,99,99,99,88,88,0,0,0,1,1
12,120201,1,1,0,0,0,1,1,3,0,8,2,2014,7,23,5,0,6,4,CR-127,,0,30.28272778,-82.12407778,0,32,0,0,1,1,0,4,2,5,0,5,0,0000000,99,99,99,99,88,88,0,0,0,1,1
12,120202,1,1,0,0,0,1,1,86,0,8,2,2014,7,7,7,1,12,3,SR-826 RAMP,,99998,25.4846,-80.4609,0,24,0,0,1,1,0,4,4,5,0,5,0,0000000,99,99,99,99,88,88,0,0,0,1,0
12,120203,2,2,0,0,0,3,3,91,0,8,2,2014,7,15,35,1,13,3,SR-85,HOUSTON LN,99998,30.806,-86.55313889,0,12,6,0,2,2,0,1,1,1,0,1,0,0000000,99,99,99,99,99,99,0,0,0,2,0
12,120204,1,1,0,0,0,3,3,75,0,9,2,2014,1,0,40,0,6,4,CR-343,,0,29.38511111,-82.63118333,0,1,0,0,1,1,0,4,2,1,0,1,0,0000000,99,99,99,99,88,88,0,0,0,1,1
12,120205,1,1,0,0,0,1,1,81,0,9,2,2014,1,1,30,1,13,2,US-301,,99998,27.57621944,-82.42545,0,33,0,0,1,1,0,4,2,1,0,1,0,0000000,99,99,99,99,88,88,0,0,0,1,1
12,120206,1,1,0,0,0,2,2,83,0,9,2,2014,1,3,45,0,6,4,CR-464C,,0,29.07526389,-81.90086667,0,53,0,0,1,1,0,4,2,1,0,1,0,0000000,99,99,99,99,88,88,0,0,0,2,0
12,120207,3,3,0,0,0,3,3,57,0,9,2,2014,1,3,13,1,13,3,SR-597,FLETCHER AVE,99998,28.06531944,-82.50483056,0,12,6,0,2,2,0,1,3,1,0,1,0,0000000,99,99,99,99,99,99,0,0,0,1,1
12,120208,1,1,0,0,0,2,2,57,0,9,2,2014,1,4,48,0,6,6,BLOOMINGDALE AVE W,,0,27.89360556,-82.29254167,0,33,0,0,1,1,0,4,3,1,0,1,0,0000000,99,99,99,99,88,88,0,0,0,2,1
12,120209,2,2,0,0,0,3,3,57,0,9,2,2014,1,8,47,0,6,4,CR-582,,0,28.15566944,-82.49645278,0,53,0,0,1,1,0,4,1,1,0,1,0,0000000,99,99,99,99,99,99,0,0,0,1,0
12,120210,2,2,0,0,0,3,3,86,0,9,2,2014,1,19,0,1,13,2,US-1,SW 280TH ST,99998,25.50648889,-80.43927778,0,12,6,1,2,2,0,1,5,1,0,1,0,0000000,99,99,99,99,99,99,0,0,0,1,1
12,120212,1,1,0,1,1,1,1,11,1050,9,2,2014,1,1,6,1,13,3,SR-842,,99998,26.12158056,-80.17908333,0,8,0,0,1,1,0,1,3,1,0,1,0,0000000,99,99,99,99,99,99,0,0,0,1,0
12,120213,2,2,0,0,0,2,2,83,0,10,2,2014,2,6,17,0,6,4,CR-314,,0,29.30107778,-81.82411944,0,12,6,0,1,1,0,4,2,1,0,1,0,0000000,99,99,99,99,99,99,0,0,0,1,0
12,120214,3,3,0,0,0,3,3,57,0,10,2,2014,2,9,47,1,13,2,US-301,,99998,28.00668056,-82.29863889,0,12,2,0,1,1,0,1,1,1,0,1,0,0000000,99,99,99,99,99,99,14,0,0,1,0
12,120215,1,1,0,1,1,1,1,95,0,10,2,2014,2,7,55,1,13,3,SR-50,,99998,28.55031667,-81.63630278,0,9,0,0,1,1,0,1,1,1,0,1,0,0000000,99,99,99,99,99,99,0,0,0,1,0
12,120216,1,1,0,0,0,1,1,57,0,11,2,2014,3,10,30,0,6,6,RHODINE RD,,0,27.82293889,-82.24820278,0,42,0,0,1,1,0,4,1,1,0,1,0,0000000,99,99,99,99,88,88,0,0,0,1,0
12,120217,2,2,0,0,0,2,2,81,0,11,2,2014,3,11,35,1,13,2,US-301,,99998,27.56882222,-82.42668889,0,12,2,0,1,1,0,1,1,1,0,1,0,0000000,99,99,99,99,99,99,0,0,0,1,0
12,120218,1,1,0,0,0,1,1,121,0,11,2,2014,3,15,0,0,6,4,CR-249,,0,30.38064444,-83.05006667,0,42,0,0,1,1,0,4,1,1,0,1,0,0000000,99,99,99,99,88,88,0,0,0,1,0
12,120219,2,2,0,0,0,2,2,101,0,11,2,2014,3,6,0,1,13,3,SR-39,FREDDA AVE,99998,28.18503889,-82.15868333,0,12,2,0,1,1,0,1,2,1,0,1,0,0000000,6,10,6,16,99,99,0,0,0,1,0
12,120220,1,1,0,0,0,1,1,47,0,11,2,2014,3,21,30,0,3,2,US-129,,99998,30.60875556,-83.02013333,0,1,0,0,1,1,0,1,2,1,0,1,0,0000000,99,99,99,99,99,99,0,0,0,1,1
12,120221,2,2,0,0,0,2,2,57,0,12,2,2014,4,2,36,1,11,1,I-75,,99998,27.84861944,-82.3466,0,12,1,0,1,1,0,1,2,10,0,10,0,0000000,99,99,99,99,99,99,0,0,0,1,1
12,120222,1,1,0,0,0,1,1,35,2439,12,2,2014,4,9,38,0,16,6,BELLE TERRE PKWY,,0,29.4903,-81.22111111,0,34,0,0,1,1,0,4,1,10,0,10,0,0000000,99,99,99,99,99,99,0,0,0,1,0
12,120223,1,1,0,1,1,1,1,31,110,12,2,2014,4,18,11,0,13,3,SR-A1A,,99998,30.32521111,-81.41951667,0,8,0,0,20,1,0,1,5,2,0,2,0,0000000,99,99,99,99,88,88,0,0,0,1,0
12,120224,2,2,0,0,0,2,2,86,1340,12,2,2014,4,20,6,0,16,6,W 14 AVE,W 29TH ST,0,25.84795833,-80.31035278,0,12,6,0,2,2,0,1,3,10,0,10,0,0000000,99,99,99,99,88,88,0,0,0,1,0
12,120225,2,2,0,0,0,4,4,99,3190,12,2,2014,4,21,36,1,13,3,SR-809,45TH ST,99998,26.75975,-80.10845556,0,12,6,0,2,2,0,1,3,2,0,2,0,0000000,99,99,99,99,99,99,0,0,0,1,0
12,120226,1,1,0,0,0,1,1,21,0,13,2,2014,5,23,15,0,16,6,VINEYARDS BLVD,,0,26.21601944,-81.73223611,0,42,0,0,1,1,0,3,3,1,0,1,0,0000000,99,99,99,99,88,88,0,0,0,1,1
12,120227,1,1,0,0,0,1,1,97,1590,13,2,2014,5,16,30,1,13,2,US-17,W VINE ST,99998,28.30444722,-81.41589722,0,1,0,0,2,2,0,1,1,1,0,1,0,0000000,99,99,99,99,99,99,0,0,0,1,0
12,120228,1,1,0,0,0,1,1,81,0,14,2,2014,6,9,40,1,11,1,I-75,,99998,27.57430556,-82.51443611,0,21,0,0,1,1,0,3,1,1,0,1,0,0000000,99,99,99,99,88,88,0,0,0,1,0
12,120230,1,1,0,0,0,1,1,35,2439,8,2,2014,7,3,25,0,16,6,WHITEVIEW PKWY,,0,29.52288056,-81.25468056,0,42,0,0,1,1,0,3,2,2,0,2,0,0000000,99,99,99,99,88,88,0,0,0,1,0
12,120231,1,1,0,1,1,1,1,97,0,14,2,2014,6,4,5,0,14,3,SR-535,,99998,28.33636389,-81.47965556,0,8,0,0,1,1,0,1,2,1,0,1,0,0000000,99,99,99,99,99,99,0,0,0,1,0
12,120232,1,1,0,1,1,3,3,127,810,14,2,2014,6,19,58,1,13,2,US-75,WASHINGTON AVE,99998,29.04642222,-81.30395556,0,15,0,0,2,2,0,1,2,1,0,1,0,0000000,99,99,99,99,99,99,0,0,0,1,0
12,120233,3,3,0,0,0,4,4,11,9997,14,2,2014,6,17,48,0,16,6,SW 3RD ST,SW 23RD AVE,0,26.22653889,-80.15282222,0,12,6,0,2,2,0,1,1,1,0,1,0,0000000,99,99,99,99,99,99,0,0,0,1,0
12,120234,1,1,0,2,2,1,1,73,2940,15,2,2014,7,1,47,0,16,6,OSCEOLA ST,,0,30.42166667,-84.29271111,0,8,0,0,1,1,0,1,3,1,0,1,0,0000000,99,99,99,99,99,99,0,0,0,1,0
12,120235,1,1,0,0,0,2,2,21,0,15,2,2014,7,2,27,0,16,6,SHADY HOLLOW BLVD,,0,26.31172778,-81.62465278,0,35,0,0,1,1,0,4,2,1,0,1,0,0000000,99,99,99,99,88,88,0,0,0,1,1
12,120236,2,1,1,1,2,1,2,11,2570,15,2,2014,7,6,1,1,11,1,I-95,,99998,26.15799167,-80.19226389,0,8,0,0,1,1,0,2,3,1,0,1,0,0000000,99,99,99,99,99,99,23,0,0,1,0
12,120237,1,1,0,0,0,2,2,57,0,15,2,2014,7,13,11,1,11,1,I-75,,99998,27.96121944,-82.32643056,0,24,0,0,1,1,0,3,1,1,0,1,0,0000000,99,99,99,99,88,88,0,0,0,1,0
12,120238,2,2,0,0,0,5,5,115,0,15,2,2014,7,20,40,0,14,3,SR-72,HONORE AVE,99998,27.26917778,-82.46427778,0,12,6,0,2,2,0,1,3,1,0,1,0,0000000,99,99,99,99,99,99,0,0,0,1,1
12,120239,1,1,0,1,1,1,1,105,0,15,2,2014,7,21,32,0,6,8,ALTURAS RD N,,0,27.91054444,-81.71804444,0,8,0,0,1,1,0,1,2,1,0,1,0,0000000,99,99,99,99,88,88,0,0,0,1,0
12,120240,1,1,0,0,0,1,1,11,3193,15,2,2014,7,7,41,1,13,2,US-27,,99998,26.07664722,-80.42996667,0,1,0,0,1,1,0,4,1,1,0,1,0,0000000,99,99,99,99,88,88,0,0,0,1,0
12,120241,2,2,0,0,0,3,3,83,0,15,2,2014,7,2,25,1,11,1,I-75,,99998,29.031925,-82.15969722,0,12,1,0,1,1,0,1,2,1,0,1,0,0000000,99,99,99,99,99,99,0,0,0,1,1
12,120242,2,2,0,0,0,2,2,31,1510,15,2,2014,7,15,55,1,11,1,I-10,,99998,30.32086944,-81.70319722,0,12,2,0,1,1,0,1,1,10,0,10,0,0000000,99,99,99,99,99,99,0,0,0,1,1
12,120243,1,1,0,1,1,3,3,53,0,15,2,2014,7,21,45,0,6,4,CR-493,,0,28.56636667,-82.50034167,0,8,0,0,1,1,0,1,2,1,0,1,0,0000000,99,99,99,99,88,88,0,0,0,1,0
12,120244,1,1,0,1,1,1,1,31,1510,16,2,2014,1,8,41,1,13,3,SR-15,4400 WABASH AVE,99998,30.27748611,-81.71988056,0,15,0,0,2,2,0,1,1,1,0,1,0,0000000,99,99,99,99,99,99,0,0,0,1,0
12,120245,1,1,0,0,0,1,1,111,0,16,2,2014,1,0,30,0,6,6,KELLY RD,,0,27.44748056,-80.49703056,0,1,0,0,1,1,0,4,2,1,0,1,0,0000000,99,99,99,99,88,88,0,0,0,1,1
12,120246,3,3,0,0,0,4,4,69,0,16,2,2014,1,13,30,0,6,4,CR-44,,0,28.84653056,-81.81075833,0,12,2,0,1,1,0,1,1,1,0,1,0,0000000,99,99,99,99,99,99,0,0,0,2,0
12,120247,1,1,0,0,0,1,1,11,1050,16,2,2014,1,3,37,1,13,1,I-95 RAMP,SR-84,99998,26.172575,-80.85626944,0,25,0,1,3,4,0,3,3,1,0,1,0,0000000,99,99,99,99,88,88,0,0,0,1,1
12,120248,1,1,0,0,0,2,2,57,0,16,2,2014,1,13,40,1,2,1,I-75,,99998,28.00088889,-82.33336944,0,1,0,1,5,1,0,8,1,1,0,1,0,0000000,99,99,99,99,99,99,0,0,0,1,0
12,120249,2,2,0,0,0,4,4,101,0,17,2,2014,2,7,48,0,13,2,US-41,,99998,28.42021667,-82.46935,0,12,6,0,8,1,0,1,1,1,0,1,0,0000000,99,99,99,99,99,99,0,0,0,1,0
12,120250,2,2,0,0,0,3,3,9,0,17,2,2014,2,21,57,1,13,3,SR-520,SR-524,99998,28.36015556,-80.82623889,0,12,2,0,2,3,0,1,2,1,0,1,0,0000000,99,99,99,99,99,99,0,0,0,3,0
12,120251,1,1,0,1,1,2,2,86,0,17,2,2014,2,12,15,0,3,3,SR-90,,99998,25.76105,-80.48133056,0,8,0,0,1,1,0,1,1,1,0,1,0,0000000,99,99,99,99,99,99,0,0,0,1,0
12,120253,2,1,1,0,0,1,1,9,0,17,2,2014,2,9,50,1,11,1,I-95,,99998,27.86020833,-80.589525,0,18,0,0,1,1,0,4,1,1,0,1,0,0000000,99,99,99,99,88,88,0,0,0,1,0
12,120254,1,1,0,1,1,1,1,127,810,18,2,2014,3,5,52,0,13,3,SR-15A,,99998,29.04128333,-81.32478611,0,8,0,0,1,1,0,1,2,1,0,1,0,0000000,99,99,99,99,88,88,0,0,0,1,0
12,120255,1,1,0,0,0,1,1,23,0,18,2,2014,3,8,58,0,3,2,US-90,,99998,30.19461944,-82.75505833,0,42,0,0,1,1,0,4,1,1,0,1,0,0000000,99,99,99,99,88,88,0,0,0,1,0
12,120256,2,2,0,0,0,4,4,1,0,18,2,2014,3,1,45,1,11,1,I-75,,99998,29.63048333,-82.39561111,0,12,1,0,1,1,0,1,2,1,0,1,0,0000000,99,99,99,99,99,99,0,0,0,1,1
12,120257,1,1,0,1,1,1,1,57,0,19,2,2014,4,14,33,0,14,2,US-41,PRINCE ST,99998,28.06931111,-82.4594,0,8,0,0,3,3,0,1,1,1,0,1,0,0000000,99,99,99,99,88,88,0,0,0,1,0
12,120258,2,2,0,0,0,2,2,11,0,19,2,2014,4,20,31,1,13,2,US-27,,99998,26.30161944,-80.51229722,0,12,1,0,1,1,0,1,2,1,0,1,0,0000000,99,99,99,99,99,99,23,0,0,1,0
12,120259,2,2,0,0,0,2,2,111,2601,19,2,2014,4,8,54,0,16,6,SW HUNNICUT AVE,SW SAVONA BLVD,0,27.22700556,-80.38607222,0,12,6,1,2,2,0,1,1,1,0,1,0,0000000,99,99,99,99,99,99,0,0,0,1,0
12,120260,1,1,0,2,2,1,1,99,0,20,2,2014,5,17,49,1,13,2,US-1,DONALD ROSS RD,99998,26.88154444,-80.05641667,0,8,0,0,3,2,0,1,5,1,0,1,0,0000000,99,99,99,99,99,99,0,0,0,1,0
12,120261,2,2,0,0,0,2,2,103,2530,20,2,2014,5,13,10,0,16,4,CR-501,118TH AVE N,0,27.87959167,-82.74559722,0,12,6,0,2,2,0,1,1,1,0,1,0,0000000,99,99,99,99,99,99,0,0,0,1,0
12,120262,1,1,0,0,0,2,2,103,1770,20,2,2014,5,14,57,1,12,2,US-19 N,,99998,27.90779444,-82.72930278,0,33,0,0,1,1,0,3,1,1,0,1,0,0000000,99,99,99,99,99,99,0,0,0,2,0
12,120263,1,1,0,0,0,2,2,35,0,20,2,2014,5,14,10,1,11,1,I-95,,99998,29.54037778,-81.21005278,0,42,0,0,1,1,0,4,1,1,0,1,0,0000000,99,99,99,99,99,99,0,0,0,1,0