STATE,ST_CASE,VE_TOTAL,VE_FORMS,PVH_INVL,PEDS,PERNOTMVIT,PERMVIT,PERSONS,COUNTY,CITY,DAY,MONTH,YEAR,DAY_WEEK,HOUR,MINUTE,NHS,ROAD_FNC,ROUTE,TWAY_ID,TWAY_ID2,MILEPT,LATITUDE,LONGITUD,SP_JUR,HARM_EV,MAN_COLL,RELJCT1,RELJCT2,TYP_INT,WRK_ZONE,REL_ROAD,LGT_COND,WEATHER1,WEATHER2,WEATHER,SCH_BUS,RAIL,NOT_HOUR,NOT_MIN,ARR_HOUR,ARR_MIN,HOSP_HR,HOSP_MN,CF1,CF2,CF3,FATALS,DRUNK_DR
12,120379,1,1,0,1,1,1,1,53,0,1,4,2014,3,7,0,0,3,3,SR-50,,99998,28.5077,-82.14283889,0,9,0,0,1,1,0,2,2,1,0,1,0,0000000,99,99,99,99,88,88,0,0,0,1,0
12,120380,1,1,0,1,1,2,2,95,0,1,4,2014,3,12,43,1,13,3,SR-434,,99998,28.56695,-81.2078,0,15,0,0,4,1,0,1,1,1,0,1,0,0000000,99,99,99,99,99,99,0,0,0,1,0
12,120381,1,1,0,1,1,1,1,11,1280,2,4,2014,4,14,36,1,12,1,I-95 RAMP,,99998,25.99032778,-80.14734167,0,9,0,1,20,1,0,1,1,1,0,1,0,0000000,99,99,99,99,99,99,0,0,0,1,0
12,120382,2,2,0,0,0,2,2,83,0,2,4,2014,4,18,26,0,6,8,SW 155TH ST,,0,28.99703333,-82.2626,0,12,1,0,1,1,0,1,1,1,0,1,0,0000000,99,99,99,99,99,99,0,0,0,1,0
12,120383,1,1,0,1,1,1,1,9,0,3,4,2014,5,22,5,0,14,3,SR-501,,99998,28.38186944,-80.75503889,0,8,0,0,1,1,0,1,2,1,0,1,0,0000000,99,99,99,99,99,99,0,0,0,1,0
12,120384,2,2,0,0,0,5,5,83,0,4,4,2014,6,20,12,0,6,4,CR-42,,0,28.9897,-81.84046111,0,12,2,0,1,1,0,1,2,10,0,10,0,0000000,99,99,99,99,99,99,0,0,0,1,1
12,120385,1,1,0,0,0,4,4,101,0,4,4,2014,6,14,55,0,16,6,LAKE FOREST CIRCLE,,0,28.28491667,-82.68867778,0,42,0,0,1,1,0,4,1,1,0,1,0,0000000,99,99,99,99,99,99,0,0,0,1,0
12,120386,1,1,0,1,1,1,1,69,0,4,4,2014,6,19,22,0,16,6,OIL WELL RD,,0,28.38323056,-81.84963056,0,9,0,0,1,1,0,1,5,1,0,1,0,0000000,99,99,99,99,99,99,0,0,0,1,0
12,120387,1,1,0,0,0,1,1,86,0,4,4,2014,6,23,29,1,11,1,I-95,,99998,25.78153056,-80.37383889,0,20,0,1,5,1,0,3,3,1,0,1,0,0000000,99,99,99,99,99,99,0,0,0,1,1
12,120388,1,1,0,1,1,1,1,95,2360,4,4,2014,6,21,54,1,13,2,US-17,HIGHLAND AVE,99998,28.55313889,-81.37374722,0,9,0,0,3,2,0,1,3,1,0,1,0,0000000,99,99,99,99,88,88,0,0,0,1,1
12,120389,2,2,0,2,2,5,5,81,0,4,4,2014,6,10,20,0,16,6,LAKEWOOD RANCH BLVD,PARKSIDE PL,0,27.42693333,-82.42612778,0,9,0,0,2,2,0,1,1,1,0,1,0,0000000,99,99,99,99,99,99,0,0,0,1,0
12,120390,4,4,0,0,0,16,16,31,1510,4,4,2014,6,17,25,0,16,6,TOWNSEND BLVD,,0,30.2995,-81.599,0,12,1,0,1,1,0,1,1,1,0,1,0,0000000,99,99,99,99,99,99,0,0,0,1,1
12,120391,1,1,0,0,0,1,1,101,0,5,4,2014,7,2,5,0,16,4,CR-575,,0,28.42901111,-82.24493056,0,34,0,0,1,1,0,4,2,1,0,1,0,0000000,99,99,99,99,99,99,0,0,0,1,1
12,120392,1,1,0,0,0,1,1,31,1510,5,4,2014,7,6,58,0,14,5,UNIVERSITY BLVD,COMMERCE ST,99998,30.3256,-81.4768,0,30,0,0,3,3,0,4,4,1,0,1,0,0000000,99,99,99,99,88,88,0,0,0,1,0
12,120393,2,2,0,0,0,2,2,97,0,5,4,2014,7,9,8,1,13,2,US-17,WESTGATE DR,99998,28.25811111,-81.44883611,0,12,6,1,2,3,0,1,1,10,0,10,0,0000000,99,99,99,99,99,99,0,0,0,1,0
12,120394,2,2,0,0,0,2,2,9,0,5,4,2014,7,14,50,0,3,3,SR-407,,99998,28.48664444,-80.84886667,0,12,2,0,1,1,0,1,1,1,0,1,0,0000000,99,99,99,99,99,99,0,0,0,1,0
12,120395,2,2,0,0,0,2,2,57,0,5,4,2014,7,13,39,1,13,2,US-41,PENNSLYVANIA AVE,99998,27.85552778,-82.38285278,0,12,6,1,3,3,0,1,1,1,0,1,0,0000000,99,99,99,99,99,99,0,0,0,1,0
12,120396,1,1,0,0,0,1,1,95,0,6,4,2014,1,3,0,0,16,3,SR-527,,0,28.35911944,-81.38751111,0,24,0,0,1,1,0,4,2,1,0,1,0,0000000,2,59,3,7,88,88,0,0,0,1,1
12,120397,1,1,0,1,1,2,2,99,290,6,4,2014,1,10,4,1,13,3,SR-794,,99998,26.39451944,-80.09393889,0,9,0,1,19,1,0,4,1,1,0,1,0,0000000,99,99,99,99,88,88,0,0,0,1,0
12,120398,1,1,0,1,1,1,1,9,0,6,4,2014,1,23,30,1,13,2,US-1,,99998,28.45069167,-80.76314167,0,9,0,0,1,1,0,2,2,1,0,1,0,0000000,99,99,99,99,88,88,0,0,0,1,0
12,120399,1,1,0,0,0,2,2,103,0,6,4,2014,1,17,33,1,11,1,I-275,,99998,27.86556111,-82.66389444,0,1,0,0,1,1,0,4,1,1,0,1,0,0000000,99,99,99,99,99,99,0,0,0,1,1
12,120400,1,1,0,0,0,1,1,57,0,7,4,2014,2,7,0,1,2,1,I-75,,99998,27.90551111,-82.34233056,0,21,0,1,19,1,0,3,1,1,0,1,0,0000000,99,99,99,99,88,88,0,0,0,1,0
12,120401,1,1,0,1,1,2,2,17,0,7,4,2014,2,22,3,1,13,2,US-19,,99998,28.88963889,-82.59426111,0,8,0,0,1,1,0,1,3,1,0,1,0,0000000,99,99,99,99,99,99,0,0,0,1,0
12,120402,1,1,0,1,1,2,2,95,0,7,4,2014,2,22,39,0,14,3,SR-482,GOLDEN SKY LANE,99998,28.45063889,-81.39350556,0,8,0,0,3,2,0,1,3,2,0,2,0,0000000,99,99,99,99,99,99,19,0,0,1,0
12,120403,1,1,0,1,1,1,1,111,2601,7,4,2014,2,6,45,0,16,6,SW LUCERO DR,,0,27.31415556,-80.36491111,0,8,0,0,1,1,0,1,4,1,0,1,0,0000000,99,99,99,99,99,99,0,0,0,1,0
12,120404,2,2,0,1,1,2,2,71,1070,8,4,2014,3,6,16,1,13,3,SR-80,,99998,26.66793611,-81.82740556,0,8,0,0,1,1,0,1,3,1,0,1,0,0000000,99,99,99,99,88,88,0,0,0,1,0
12,120405,1,1,0,0,0,2,2,1,0,9,4,2014,4,19,38,1,11,1,I-75,,99998,29.63425833,-82.39775556,0,42,0,0,1,1,0,4,1,1,0,1,0,0000000,99,99,99,99,99,99,0,0,0,2,0
12,120406,2,2,0,0,0,2,2,103,2530,9,4,2014,4,20,18,0,16,4,CR-501,118TH AVE N,0,27.8796,-82.74559722,0,12,6,0,2,2,0,1,5,1,0,1,0,0000000,99,99,99,99,88,88,0,0,0,1,0
12,120407,1,1,0,0,0,3,3,97,0,9,4,2014,4,18,28,0,16,6,POINCIANA BLVD,,0,28.17139167,-81.44863611,0,38,0,0,1,1,0,4,1,1,0,1,0,0000000,99,99,99,99,88,88,0,0,0,1,1
12,120408,1,1,0,0,0,2,2,95,0,9,4,2014,4,20,1,0,6,6,LANDSTAR BLVD,,0,28.37687222,-81.3646,0,33,0,0,1,1,0,3,5,1,0,1,0,0000000,99,99,99,99,99,99,0,0,0,1,1
12,120409,3,3,0,0,0,5,5,101,750,9,4,2014,4,15,5,1,13,2,US-98,MORNINGSIDE DR,99998,28.34306944,-82.18736667,0,12,6,0,2,2,0,1,1,1,0,1,1,0000000,99,99,99,99,99,99,0,0,0,1,0
12,120410,2,2,0,13,13,3,3,95,0,9,4,2014,4,15,5,0,14,3,SR-551,,99998,28.59837222,-81.28646389,0,12,1,0,8,1,0,1,1,1,0,1,0,0000000,15,6,15,9,99,99,0,0,0,1,0
12,120411,2,2,0,0,0,2,2,61,0,9,4,2014,4,16,47,0,6,4,CR-606,CR-615,0,27.58763056,-80.46345,0,12,6,0,2,2,0,1,1,1,0,1,0,0000000,99,99,99,99,99,99,0,0,0,1,0
12,120412,1,1,0,0,0,1,1,97,0,9,4,2014,4,23,25,0,6,6,REAVES RD,,0,28.19861944,-81.44590833,0,59,0,0,1,1,0,4,2,1,0,1,0,0000000,99,99,99,99,99,99,0,0,0,1,0
12,120413,1,1,0,1,1,1,1,11,0,9,4,2014,4,22,50,1,13,3,SR-7,,99998,26.15198889,-80.20274722,0,8,0,0,1,1,0,1,3,1,0,1,0,0000000,99,99,99,99,88,88,0,0,0,1,0
12,120414,2,2,0,0,0,3,3,99,2431,10,4,2014,5,8,50,1,11,1,I-95,,99998,26.8011,-80.09839722,0,12,6,0,1,1,0,1,1,1,0,1,0,0000000,99,99,99,99,99,99,0,0,0,1,0
12,120415,2,2,0,1,1,3,3,127,0,11,4,2014,6,20,39,1,11,1,I-95,,99998,29.29610833,-81.12973889,0,8,0,0,1,1,0,1,2,1,0,1,0,0000000,99,99,99,99,88,88,0,0,0,1,0
12,120416,2,2,0,1,1,1,1,31,1510,11,4,2014,6,23,2,0,13,3,SR-10,,99998,30.32728611,-81.622025,0,12,1,0,1,1,0,1,3,1,0,1,0,0000000,99,99,99,99,88,88,23,0,0,1,0
12,120417,1,1,0,2,2,1,1,19,0,11,4,2014,6,6,18,0,6,4,CR-214,RANCHETT RD,0,29.776725,-81.96552778,0,8,0,0,3,2,0,4,2,1,0,1,0,0000000,99,99,99,99,99,99,0,0,0,1,0
12,120418,1,1,0,0,0,1,1,86,2441,12,4,2014,7,2,8,1,13,2,US-1,,99998,25.61536111,-80.34636667,0,59,0,0,1,1,0,3,3,1,0,1,0,0000000,99,99,99,99,88,88,0,0,0,1,1
12,120419,1,1,0,0,0,2,2,87,0,12,4,2014,7,3,20,1,13,2,US-1,,99998,24.66576111,-81.50246389,0,42,0,0,1,1,0,4,3,1,0,1,0,0000000,99,99,99,99,99,99,0,0,0,1,0
12,120420,1,1,0,1,1,2,2,105,0,12,4,2014,7,8,0,0,14,3,SR-659,,99998,28.06058889,-81.90805833,0,8,0,0,1,1,0,5,1,1,0,1,0,0000000,99,99,99,99,99,99,0,0,0,1,0
12,120421,2,2,0,0,0,3,3,69,0,12,4,2014,7,18,8,0,6,4,CR-42,,0,29.00543889,-81.41447778,0,12,6,0,1,1,0,1,1,1,0,1,0,0000000,99,99,99,99,99,99,0,0,0,2,0
12,120422,1,1,0,0,0,1,1,95,0,12,4,2014,7,22,25,0,16,6,DAY CARE CENTER RD,,0,28.73615,-81.6188,0,43,0,0,1,1,0,5,2,1,0,1,0,0000000,99,99,99,99,99,99,24,0,0,1,1
12,120423,1,1,0,1,1,1,1,57,0,12,4,2014,7,3,0,1,13,3,SR-582,,99998,28.05411944,-82.34363056,0,8,0,0,1,1,0,1,2,1,0,1,0,0000000,99,99,99,99,88,88,0,0,0,1,0
12,120424,1,1,0,0,0,1,1,71,0,13,4,2014,1,13,58,0,16,6,BONITA BCH RD,,0,26.33041111,-81.84431944,0,33,0,0,1,1,0,3,1,1,0,1,0,0000000,99,99,99,99,99,99,0,0,0,1,1
12,120425,2,2,0,3,3,2,2,86,0,13,4,2014,1,3,10,0,6,6,SW 157TH AVE,SW 56TH ST,0,25.71359167,-80.44754444,0,8,0,0,2,2,0,1,6,1,0,1,0,0000000,99,99,99,99,99,99,23,0,0,3,1
12,120427,1,1,0,0,0,1,1,86,0,13,4,2014,1,14,50,1,11,1,I-95,,99998,25.87166111,-80.20881667,0,41,0,0,1,1,0,4,1,10,0,10,0,0000000,99,99,99,99,88,88,0,0,0,1,1
12,120428,1,1,0,1,1,1,1,57,0,15,4,2014,3,1,40,1,13,2,US-301,,99998,27.74853889,-82.33518056,0,8,0,0,1,1,0,1,2,1,0,1,0,0000000,99,99,99,99,88,88,0,0,0,1,0
12,120429,2,2,0,0,0,2,2,33,0,16,4,2014,4,8,58,1,13,2,US-98,S61ST AVE,99998,30.39693333,-87.300875,0,12,6,0,2,3,0,1,1,1,0,1,0,0000000,99,99,99,99,99,99,0,0,0,1,0
12,120430,1,1,0,0,0,1,1,1,0,16,4,2014,4,18,45,1,11,1,I-75,,99998,29.900925,-82.54701111,0,35,0,0,1,1,0,4,1,1,0,1,0,0000000,99,99,99,99,88,88,0,0,0,1,0
12,120431,2,2,0,0,0,3,3,5,1850,16,4,2014,4,20,11,0,14,3,SR-390,,99998,30.23735,-85.65406111,0,12,2,0,8,1,0,1,3,1,0,1,0,0000000,99,99,99,99,99,99,0,0,0,1,0
12,120432,1,1,0,0,0,2,2,103,2730,16,4,2014,4,9,25,1,12,3,SR-686,I-275,99998,27.87743056,-82.66178889,0,1,0,1,5,1,0,4,1,1,0,1,0,0000000,99,99,99,99,99,99,0,0,0,1,0
12,120433,1,1,0,0,0,1,1,113,0,17,4,2014,5,11,45,0,6,6,SOUTH AIRPORT RD,,0,30.61681111,-87.05196111,0,34,0,0,1,1,0,4,1,10,0,10,0,0000000,99,99,99,99,88,88,0,0,0,1,1
12,120434,2,2,0,0,0,2,2,105,0,17,4,2014,5,14,29,0,3,3,SR-60,,99998,27.82535,-81.33781389,0,12,2,0,1,1,0,1,1,10,0,10,0,0000000,99,99,99,99,88,88,0,0,0,1,2
12,120435,1,1,0,0,0,1,1,9,0,18,4,2014,6,0,0,0,16,6,SATELLITE BLVD,,0,28.37086111,-80.84566111,0,34,0,0,1,1,0,4,2,10,0,10,0,0000000,99,99,99,99,88,88,0,0,0,1,1
12,120436,2,2,0,0,0,6,6,33,0,18,4,2014,6,20,38,1,13,2,US-29,SR-97,99998,30.73148889,-87.3493,0,12,2,0,2,2,0,1,3,2,0,2,0,0000000,99,99,99,99,99,99,0,0,0,1,0
12,120437,1,1,0,1,1,3,3,71,0,12,1,2014,1,18,24,1,13,3,SR-80,ROYAL PALM PARK RD,99998,26.67413889,-81.81645,0,8,0,0,3,2,0,1,3,1,0,1,0,0000000,99,99,99,99,99,99,0,0,0,1,0
12,120438,1,1,0,1,1,1,1,9,2424,13,1,2014,2,19,36,0,16,4,CR-516,,0,28.03501944,-80.61721389,0,8,0,0,1,1,0,1,2,1,0,1,0,0000000,99,99,99,99,99,99,0,0,0,1,0
12,120439,1,1,0,0,0,2,2,86,1340,26,1,2014,1,23,45,1,11,1,I-75,,99998,25.94238056,-80.35141111,0,52,0,0,1,1,0,3,3,1,0,1,0,0000000,99,99,99,99,99,99,0,0,0,1,0
12,120440,1,1,0,1,1,1,1,101,0,29,1,2014,4,0,13,0,16,5,POTTERTON CIR,,0,28.37442778,-82.660275,0,8,0,0,1,1,0,1,3,2,0,2,0,0000000,99,99,99,99,99,99,0,0,0,1,0
12,120441,2,2,0,0,0,2,2,99,0,30,1,2014,5,15,15,0,6,6,MILITARY TRAIL,PIPERS GLEN BLVD,0,26.49843056,-80.12321944,0,12,6,0,2,3,0,1,1,2,0,2,0,0000000,99,99,99,99,99,99,0,0,0,1,0
12,120442,1,1,0,1,1,1,1,95,0,5,4,2014,7,4,15,1,13,3,SR-50,,99998,28.56963056,-81.23228056,0,8,0,0,1,1,4,1,2,1,0,1,0,0000000,99,99,99,99,88,88,0,0,0,1,0
12,120443,5,5,0,0,0,26,26,47,0,4,4,2014,6,23,44,1,11,1,I-75,,99998,30.44661111,-82.92933889,0,12,2,0,1,1,0,1,2,1,0,1,0,0000000,99,99,99,99,99,99,14,0,0,2,0
12,120444,1,1,0,1,1,1,1,86,1340,5,4,2014,7,15,14,1,13,3,SR-932,W 16TH AVE,99998,25.86653333,-80.31485,0,8,0,0,3,2,0,1,1,1,0,1,0,0000000,99,99,99,99,99,99,0,0,0,1,0
12,120445,2,2,0,0,0,3,3,83,0,17,4,2014,5,16,27,0,16,3,SR-932,SW 95TH CIR,0,29.05266111,-82.27406111,0,12,6,1,2,3,0,1,1,10,0,10,0,0000000,99,99,99,99,99,99,0,0,0,1,0
12,120446,2,2,0,1,1,2,2,31,1510,19,4,2014,7,2,37,1,11,1,I-95,,99998,30.34593611,-81.66811389,0,8,0,0,1,1,0,1,3,10,0,10,0,0000000,99,99,99,99,88,88,19,0,0,1,0
12,120447,2,2,0,0,0,2,2,81,0,19,4,2014,7,19,7,0,16,6,M & J RD,,0,27.30275,-82.18721667,0,12,6,0,1,1,0,1,5,10,0,10,0,0000000,99,99,99,99,99,99,0,0,0,1,1
12,120448,1,1,0,0,0,1,1,73,0,19,4,2014,7,22,0,0,6,4,CR-59,,0,30.65056389,-84.04588056,0,42,0,0,1,1,0,4,2,10,0,10,0,0000000,99,99,99,99,88,88,0,0,0,1,1
12,120449,1,1,0,1,1,1,1,115,2235,19,4,2014,7,22,41,1,11,1,I-75,,99998,27.05362222,-82.07825556,0,8,0,0,1,1,0,1,2,1,0,1,0,0000000,99,99,99,99,88,88,0,0,0,1,0
12,120450,2,2,0,0,0,5,5,105,0,19,4,2014,7,9,50,0,3,3,SR-471,,99998,28.30851944,-82.05573056,0,12,1,0,1,1,0,1,1,10,0,10,0,0000000,99,99,99,99,99,99,0,0,0,1,0
12,120451,1,1,0,1,1,2,2,95,0,20,4,2014,1,2,12,0,16,6,UNIVERSITY BLVD,,0,28.59774167,-81.21904167,0,8,0,0,1,1,0,1,3,10,0,10,0,0000000,99,99,99,99,88,88,0,0,0,1,0
12,120452,1,1,0,0,0,2,2,23,0,20,4,2014,1,18,25,0,6,4,CR-252,,0,30.16163056,-82.7695,0,42,0,0,1,1,0,4,1,1,0,1,0,0000000,99,99,99,99,99,99,0,0,0,1,0
12,120453,1,1,0,1,1,2,2,15,0,20,4,2014,1,20,9,1,13,2,US-41,CONWAY BLVD,99998,26.97528889,-82.08928056,0,8,0,0,3,2,0,1,3,1,0,1,0,0000000,99,99,99,99,99,99,0,0,0,1,0
12,120454,2,2,0,0,0,2,2,73,2940,21,4,2014,2,2,33,1,13,2,US-319,APALACHEE PKWY,99998,30.42738889,-84.22705,0,12,1,0,2,2,0,1,3,1,0,1,0,0000000,99,99,99,99,88,88,0,0,0,1,0
12,120455,2,2,0,1,1,1,1,11,771,22,4,2014,3,5,1,1,12,1,I-595,,99998,26.08428611,-80.19441111,0,12,1,1,20,1,0,1,3,1,0,1,0,0000000,99,99,99,99,99,99,23,19,0,1,0
12,120456,1,1,0,0,0,1,1,11,672,22,4,2014,3,22,3,0,16,6,CORAL SPRINGS DR,,0,26.26822222,-80.26616944,0,42,0,0,1,1,0,3,3,1,0,1,0,0000000,99,99,99,99,88,88,0,0,0,1,0
12,120457,4,4,0,0,0,9,9,103,0,22,4,2014,3,13,5,1,11,1,I-275,,99998,28.12320556,-82.73908889,0,12,1,0,1,1,0,1,1,1,0,1,0,0000000,99,99,99,99,99,99,0,0,0,1,0
12,120458,2,2,0,0,0,2,2,11,790,22,4,2014,3,6,41,0,13,3,SR-810,SW 12TH AVE,99998,26.31796389,-80.12005556,0,12,2,0,2,2,0,1,4,10,0,10,0,0000000,99,99,99,99,99,99,0,0,0,1,0
12,120459,1,1,0,1,1,1,1,9,2000,23,4,2014,4,20,25,0,14,3,SR-A1A,,99998,28.06136389,-80.55416389,0,8,0,0,1,1,0,1,3,1,0,1,0,0000000,99,99,99,99,88,88,0,0,0,1,1
12,120460,1,1,0,0,0,2,2,11,771,23,4,2014,4,21,25,1,12,3,SR-91,,99998,26.06550278,-80.21555278,0,1,0,1,18,1,0,1,3,1,0,1,0,0000000,99,99,99,99,99,99,0,0,0,1,0
12,120462,2,2,0,0,0,2,2,101,0,25,4,2014,6,16,25,1,13,3,SR-52,LAREDO DR,99998,28.3314,-82.69303889,0,12,6,1,2,2,0,1,1,1,0,1,0,0000000,99,99,99,99,88,88,0,0,0,1,1
12,120463,1,1,0,1,1,1,1,97,0,25,4,2014,6,23,30,1,13,2,US-192,,99998,28.31043889,-81.46581111,0,8,0,0,1,1,0,1,3,1,0,1,0,0000000,99,99,99,99,88,88,0,0,0,1,0
12,120464,1,1,0,1,1,1,1,33,0,25,4,2014,6,20,24,1,13,2,US-98,COAST RD,99998,30.40108889,-87.27726944,0,8,0,0,2,2,0,1,2,1,0,1,0,0000000,99,99,99,99,88,88,0,0,0,1,0
12,120465,1,1,0,0,0,1,1,81,0,26,4,2014,7,15,18,0,16,6,22ND CT E,,0,27.45339444,-82.53591389,0,53,0,0,1,1,0,4,1,1,0,1,0,0000000,99,99,99,99,88,88,0,0,0,1,1
12,120466,1,1,0,0,0,6,6,9,0,26,4,2014,7,18,55,1,13,3,SR-46,,99998,28.66635,-80.86888056,0,5,0,1,18,1,4,1,1,1,0,1,0,0000000,99,99,99,99,88,88,0,0,0,1,0
12,120467,1,1,0,0,0,1,1,31,1510,27,4,2014,1,15,28,0,16,6,AVIATION AVE,LOOP RD,0,30.23830833,-81.88302222,0,33,0,0,1,1,0,4,1,1,0,1,0,0000000,99,99,99,99,88,88,0,0,0,1,1
12,120468,2,2,0,0,0,2,2,115,2780,28,4,2014,2,14,36,0,16,6,JOHN RINGLING CSW,,0,27.32775556,-82.56016389,0,12,7,0,1,1,0,1,1,1,0,1,0,0000000,99,99,99,99,99,99,0,0,0,1,0
12,120469,1,1,0,0,0,2,2,95,0,29,4,2014,3,19,0,0,3,3,SR-520,,99998,28.43400278,-80.96461111,0,1,0,0,1,1,0,4,5,2,0,2,0,0000000,19,3,19,16,99,99,0,0,0,1,0
12,120470,1,1,0,0,0,1,1,115,0,30,4,2014,4,20,54,1,12,1,I-75 RAMP,,99998,27.11308056,-82.38266111,0,42,0,1,5,1,0,4,2,1,0,1,0,0000000,99,99,99,99,99,99,0,0,0,1,1
12,120471,1,1,0,1,1,1,1,97,0,1,5,2014,5,1,46,1,13,2,US-441,,99998,28.33973333,-81.40385556,0,9,0,0,1,1,0,1,2,1,0,1,0,0000000,99,99,99,99,88,88,0,0,0,1,0
12,120472,4,4,0,0,0,6,6,31,1510,1,5,2014,5,10,50,1,13,2,US-90,SAINT JOHNS BLUFF RD,99998,30.28710556,-81.527675,0,12,6,1,2,2,0,1,1,1,0,1,0,0000000,99,99,99,99,99,99,0,0,0,1,0
12,120473,2,2,0,0,0,6,6,103,0,1,5,2014,5,22,3,1,13,2,US-19,,99998,28.0957,-82.73954444,0,12,1,0,1,1,0,1,3,1,0,1,0,0000000,99,99,99,99,99,99,0,0,0,1,0
12,120474,1,1,0,0,0,1,1,57,0,2,5,2014,6,3,33,0,6,6,LINEBAUGH AVE W,,0,28.05432222,-82.62070556,0,42,0,0,1,1,0,3,2,1,0,1,0,0000000,99,99,99,99,88,88,0,0,0,1,1
12,120475,2,2,0,0,0,2,2,31,1510,3,5,2014,7,2,41,0,16,6,UNIVERISTY BLVD,,0,30.36933889,-81.60846111,0,12,2,0,1,1,0,1,2,2,0,2,0,0000000,99,99,99,99,99,99,0,0,0,1,2
12,120476,1,1,0,0,0,2,2,95,0,15,4,2014,3,21,9,0,6,8,HOFFNER AVE,,0,28.47551111,-81.36088056,0,39,0,0,1,1,0,4,3,10,0,10,0,0000000,99,99,99,99,99,99,0,0,0,2,0
12,120477,1,1,0,1,1,1,1,99,0,5,2,2014,4,18,55,0,3,3,SR-710,,99998,26.81095833,-80.17725833,0,8,0,0,1,1,0,1,2,1,0,1,0,0000000,99,99,99,99,88,88,0,0,0,1,0
12,120478,1,1,0,2,2,1,1,9,3175,5,2,2014,4,19,35,0,16,6,DOHERTY DR,,0,28.076625,-80.65791944,0,8,0,0,1,1,0,1,2,98,0,98,0,0000000,99,99,99,99,99,99,0,0,0,1,0
12,120479,1,1,0,0,0,1,1,17,0,16,2,2014,1,16,26,0,6,4,CR-494,,0,28.83208889,-82.6653,0,1,0,0,1,1,0,1,1,1,0,1,0,0000000,99,99,99,99,88,88,0,0,0,1,0
12,120480,2,2,0,0,0,3,3,117,0,18,2,2014,3,11,25,0,14,3,SR-415,,99998,28.79555833,-81.21281389,0,73,0,0,1,1,4,1,1,1,0,1,0,0000000,99,99,99,99,88,88,14,0,0,2,0
12,120481,2,2,0,0,0,3,3,127,780,19,2,2014,4,9,55,1,13,3,SR-400,,99998,29.17436667,-81.03063611,0,12,6,0,8,1,0,1,1,1,0,1,0,0000000,99,99,99,99,99,99,0,0,0,1,0
12,120483,1,1,0,1,1,2,2,103,2730,23,2,2014,1,20,34,0,14,2,US-92,,99998,27.834925,-82.63875,0,8,0,0,1,1,0,1,3,1,0,1,0,0000000,99,99,99,99,99,99,0,0,0,1,0
12,120484,2,2,0,0,0,4,4,97,0,23,2,2014,1,17,15,0,6,8,BUENAVENTURA BLVD,,0,28.33858889,-81.36026944,0,12,6,0,1,1,0,1,1,10,0,10,0,0000000,99,99,99,99,99,99,0,0,0,2,0
12,120485,1,1,0,0,0,1,1,119,0,26,2,2014,4,10,25,0,3,3,SR-50,,99998,28.54799722,-82.09093056,0,53,0,0,1,1,0,4,1,10,0,10,0,0000000,99,99,99,99,88,88,0,0,0,1,0
12,120486,2,2,0,0,0,3,3,83,0,28,2,2014,6,12,10,0,3,3,SR-40,SE 183RD TER,99998,29.17253056,-81.84586944,0,12,1,0,8,1,0,1,1,1,0,1,0,0000000,99,99,99,99,99,99,0,0,0,1,0
12,120487,1,1,0,1,1,1,1,89,3326,28,2,2014,6,22,20,0,14,3,SR-A1A,,99998,30.63146111,-81.5932,0,8,0,0,1,1,0,1,2,1,0,1,0,0000000,99,99,99,99,88,88,0,0,0,1,0
12,120488,2,2,0,2,2,2,2,95,70,28,2,2014,6,22,34,0,16,4,CR-435,,0,28.70284722,-81.50921667,0,8,0,0,1,1,0,1,2,1,0,1,0,0000000,99,99,99,99,99,99,23,0,0,2,0
12,120489,3,3,0,0,0,3,3,57,0,1,3,2014,7,13,34,1,13,3,SR-574,LAKEWOOD DR,99998,27.98163056,-82.31051944,0,12,6,1,2,2,0,1,1,1,0,1,0,0000000,99,99,99,99,99,99,0,0,0,1,0
12,120490,1,1,0,0,0,1,1,53,0,1,3,2014,7,20,0,0,6,6,CALIFORNIA ST,,0,28.51971944,-82.45856944,0,1,0,0,1,1,0,4,2,1,0,1,0,0000000,99,99,99,99,88,88,0,0,0,1,1
12,120491,2,2,0,0,0,4,4,9,0,1,3,2014,7,23,58,1,13,2,US-1,,99998,28.47746389,-80.76876944,0,12,6,0,1,1,0,1,2,1,0,1,0,0000000,99,99,99,99,99,99,0,0,0,1,1
12,120492,2,2,0,1,1,2,2,9,0,1,3,2014,7,12,30,1,13,3,SR-A1A,,99998,28.11837778,-80.57540278,0,12,1,0,1,1,0,1,1,1,0,1,0,0000000,99,99,99,99,88,88,0,0,0,2,1
12,120493,1,1,0,1,1,1,1,109,2690,1,3,2014,7,22,55,0,14,3,SR-A1A,,99998,29.89188056,-81.301025,0,8,0,0,1,1,0,1,3,1,0,1,0,0000000,99,99,99,99,99,99,0,0,0,1,0
12,120494,1,1,0,0,0,5,5,99,3190,2,3,2014,1,22,46,1,11,1,I-95,,99998,26.73412222,-80.090725,0,42,0,0,1,1,0,4,3,1,0,1,0,0000000,99,99,99,99,99,99,0,0,0,2,0
12,120496,2,2,0,0,0,3,3,5,0,3,3,2014,2,17,5,0,6,6,MOYLAN RD,CLARENCE ST,0,30.18203889,-85.79264444,0,12,6,0,2,2,0,1,3,1,0,1,0,0000000,99,99,99,99,99,99,0,0,0,2,0