STATE,ST_CASE,VE_TOTAL,VE_FORMS,PVH_INVL,PEDS,PERNOTMVIT,PERMVIT,PERSONS,COUNTY,CITY,DAY,MONTH,YEAR,DAY_WEEK,HOUR,MINUTE,NHS,ROAD_FNC,ROUTE,TWAY_ID,TWAY_ID2,MILEPT,LATITUDE,LONGITUD,SP_JUR,HARM_EV,MAN_COLL,RELJCT1,RELJCT2,TYP_INT,WRK_ZONE,REL_ROAD,LGT_COND,WEATHER1,WEATHER2,WEATHER,SCH_BUS,RAIL,NOT_HOUR,NOT_MIN,ARR_HOUR,ARR_MIN,HOSP_HR,HOSP_MN,CF1,CF2,CF3,FATALS,DRUNK_DR
12,120497,2,2,0,0,0,2,2,86,2010,3,3,2014,2,13,4,0,13,3,SR-25,,99998,25.90895833,-80.39620278,0,12,6,0,1,1,0,1,1,1,0,1,0,0000000,99,99,99,99,99,99,0,0,0,1,0
12,120498,1,1,0,1,1,1,1,105,160,3,3,2014,2,17,58,0,16,9,E GEORGIA ST,,0,27.88231667,-81.82734444,0,9,0,0,8,1,0,1,1,1,0,1,0,0000000,99,99,99,99,88,88,0,0,0,1,0
12,120499,2,2,0,0,0,2,2,86,0,3,3,2014,2,19,8,0,6,6,SW 127TH AVE,,0,25.53765833,-80.39594444,0,12,1,0,1,1,0,1,2,1,0,1,0,0000000,99,99,99,99,99,99,0,0,0,1,0
12,120500,2,2,0,0,0,4,4,1,0,4,3,2014,3,14,42,0,3,3,SR-26,NE 179TH ST,99998,29.71644167,-82.13164722,0,12,6,1,2,4,0,1,1,10,0,10,0,0000000,99,99,99,99,99,99,0,0,0,1,0
12,120501,1,1,0,1,1,1,1,99,2430,4,3,2014,3,9,17,0,15,3,SR-A1A,ROYAL PALM WAY,99998,26.70570833,-80.03634722,0,8,0,0,2,2,0,1,1,1,0,1,0,0000000,99,99,99,99,88,88,0,0,0,1,0
12,120502,1,1,0,0,0,1,1,11,2541,4,3,2014,3,22,56,1,13,3,SR-817,NW 5TH STREET,99998,26.12825,-80.25643333,0,33,0,0,3,3,0,4,3,1,0,1,0,0000000,99,99,99,99,88,88,0,0,0,1,0
12,120503,3,3,0,0,0,3,3,105,0,5,3,2014,4,15,44,1,13,3,SR-540,LAKE BESS RD,99998,27.97839444,-81.6525,0,12,6,0,2,2,0,1,1,1,0,1,0,0000000,99,99,99,99,99,99,0,0,0,1,1
12,120504,1,1,0,1,1,2,2,9,1990,5,3,2014,4,18,47,0,16,6,WICKHAM RD N,,0,28.11490556,-80.67258611,0,8,0,0,1,1,0,1,2,1,0,1,0,0000000,99,99,99,99,88,88,0,0,0,1,0
12,120505,1,1,0,1,1,1,1,86,2023,5,3,2014,4,22,24,1,13,3,SR-817,,99998,25.93020833,-80.24475,0,8,0,0,1,1,0,1,3,1,0,1,0,0000000,99,99,99,99,88,88,0,0,0,1,0
12,120506,1,1,0,1,1,2,2,103,2650,5,3,2014,4,18,30,0,14,3,SR-699,,99998,27.81333889,-82.81813611,0,8,0,0,1,1,0,1,3,1,0,1,0,0000000,99,99,99,99,99,99,0,0,0,1,0
12,120507,2,2,0,0,0,3,3,86,2010,5,3,2014,4,11,11,0,16,6,100TH AVE,NW 20TH STREET,0,25.79448056,-80.23139444,0,12,2,1,2,2,0,1,1,1,0,1,0,0000000,99,99,99,99,99,99,0,0,0,1,0
12,120508,1,1,0,1,1,1,1,127,780,5,3,2014,4,10,57,0,16,6,LPGA BLVD,,0,29.234425,-81.06869722,0,15,0,0,1,1,0,1,1,1,0,1,0,0000000,99,99,99,99,99,99,0,0,0,1,0
12,120509,3,3,0,0,0,3,3,105,0,6,3,2014,5,12,35,1,13,2,US-98,,99998,28.20670278,-82.00958333,0,12,6,0,1,1,0,1,1,2,0,2,0,0000000,99,99,99,99,88,88,14,0,0,1,0
12,120510,2,2,0,1,1,2,2,1,0,6,3,2014,5,20,21,0,3,3,SR-121,,99998,29.50605556,-82.40645556,0,12,7,0,1,1,0,1,2,2,0,2,0,0000000,99,99,99,99,88,88,23,0,0,1,0
12,120511,1,1,0,0,0,1,1,55,1730,6,3,2014,5,23,56,1,13,2,US-27,,99998,27.29535,-81.35841944,0,33,0,0,1,1,0,3,3,10,0,10,0,0000000,99,99,99,99,88,88,0,0,0,1,1
12,120512,1,1,0,0,0,2,2,57,0,6,3,2014,5,18,44,0,6,9,RIVER INTERNATIONAL DR,,0,27.97681389,-82.32336667,0,33,0,0,1,1,0,4,3,10,0,10,0,0000000,99,99,99,99,99,99,0,0,0,1,1
12,120513,1,1,0,1,1,1,1,103,2730,7,3,2014,6,22,3,0,14,2,US-A19,,99998,27.77750833,-82.65118056,0,8,0,0,1,1,0,1,3,1,0,1,0,0000000,99,99,99,99,99,99,0,0,0,1,0
12,120514,3,3,0,0,0,3,3,11,2541,7,3,2014,6,6,52,1,13,3,SR-842,,99998,26.12089722,-80.24921944,0,12,2,0,1,1,0,1,1,1,0,1,0,0000000,99,99,99,99,99,99,0,0,0,1,0
12,120515,1,1,0,0,0,1,1,55,0,7,3,2014,6,10,46,0,16,6,ARCHER RD,,0,27.6268,-81.55124722,0,1,0,0,1,1,0,1,1,10,0,10,0,0000000,99,99,99,99,99,99,0,0,0,1,0
12,120516,1,1,0,1,1,1,1,5,2450,7,3,2014,6,20,0,1,13,2,US-98,FOUNTAIN AVE,99998,30.17542222,-85.68974722,0,8,0,0,3,2,0,1,3,1,0,1,0,0000000,99,99,99,99,99,99,0,0,0,1,0
12,120517,1,1,0,1,1,2,2,11,2219,7,3,2014,6,22,25,1,13,2,US-441,,99998,26.18996667,-80.20364167,0,8,0,0,1,1,0,1,3,1,0,1,0,0000000,99,99,99,99,99,99,0,0,0,1,0
12,120518,1,1,0,1,1,1,1,86,2230,7,3,2014,6,20,38,1,13,2,US-1,SR-826,99998,25.92672222,-80.15350278,0,8,0,0,1,1,0,1,3,1,0,1,0,0000000,99,99,99,99,99,99,0,0,0,1,0
12,120519,1,1,0,1,1,1,1,93,0,8,3,2014,7,7,15,1,13,2,US-441,NW 50TH DR,99998,27.28976944,-80.82811667,0,8,0,0,8,1,0,1,2,1,0,1,0,0000000,99,99,99,99,88,88,0,0,0,1,0
12,120520,1,1,0,0,0,2,2,61,0,8,3,2014,7,19,20,0,6,6,45TH ST,,0,27.67653056,-80.38890278,0,42,0,0,1,1,0,4,2,1,0,1,0,0000000,99,99,99,99,99,99,0,0,0,1,0
12,120521,2,2,0,0,0,2,2,127,2580,8,3,2014,7,20,20,0,16,6,CR-483,,0,29.14041667,-81.03513333,0,12,6,0,8,1,0,1,3,1,0,1,0,0000000,99,99,99,99,99,99,0,0,0,1,0
12,120522,2,2,0,0,0,3,3,95,0,8,3,2014,7,8,20,1,13,2,US-441,,99998,28.72762222,-81.60246111,0,12,1,0,1,1,0,1,1,1,0,1,0,0000000,99,99,99,99,99,99,0,0,0,1,0
12,120523,1,1,0,0,0,2,2,19,0,9,3,2014,1,18,54,0,6,8,LOUIE CARTER ROAD,,0,30.08793611,-81.98969167,0,42,0,0,1,1,0,4,1,10,0,10,0,0000000,99,99,99,99,99,99,0,0,0,1,0
12,120524,1,1,0,0,0,2,2,15,0,9,3,2014,1,13,2,1,11,1,I-75,,99998,26.95002222,-82.02101944,0,25,0,0,1,1,0,4,1,10,0,10,0,0000000,99,99,99,99,99,99,0,0,0,1,0
12,120525,1,1,0,0,0,2,2,99,0,9,3,2014,1,0,30,0,6,6,E STALLION DR,,0,26.71291111,-80.30456111,0,3,0,0,1,1,0,5,2,1,0,1,0,0000000,99,99,99,99,99,99,0,0,0,1,1
12,120526,2,2,0,0,0,5,5,105,1640,9,3,2014,1,14,45,1,13,2,US-17,W HAINES BLVD,99998,28.09173611,-81.72952222,0,12,6,0,2,2,0,1,1,1,0,1,0,0000000,99,99,99,99,99,99,0,0,0,1,0
12,120527,2,2,0,0,0,5,5,5,2451,9,3,2014,1,21,11,0,16,4,CR-392,,0,30.26148611,-85.97417778,0,12,2,0,1,1,0,1,3,1,0,1,0,0000000,99,99,99,99,99,99,0,0,0,1,2
12,120528,1,1,0,0,0,1,1,103,2730,10,3,2014,2,0,35,0,16,6,28TH ST N,,0,27.88151944,-82.67148889,0,59,0,0,1,1,0,3,3,1,0,1,0,0000000,99,99,99,99,99,99,0,0,0,1,0
12,120529,1,1,0,1,1,1,1,57,2950,10,3,2014,2,1,30,1,13,2,US-92,,99998,27.96218333,-82.50548611,0,8,0,0,1,1,0,1,3,1,0,1,0,0000000,99,99,99,99,88,88,0,0,0,1,0
12,120530,3,2,1,0,1,3,4,83,0,10,3,2014,2,18,5,0,16,4,CR-464,PINE RD,0,29.10886389,-82.01756944,0,12,6,1,2,2,0,1,1,1,0,1,0,0000000,99,99,99,99,99,99,0,0,0,1,0
12,120531,2,2,0,0,0,2,2,33,0,10,3,2014,2,16,30,0,14,3,SR-30,46TH AVE,99998,30.42646944,-87.2771,0,1,0,1,2,2,0,1,1,1,0,1,1,0000000,99,99,99,99,99,99,0,0,0,1,0
12,120532,2,2,0,0,0,7,7,105,0,11,3,2014,3,0,10,0,3,3,SR-33,DEEN STILL RD,99998,28.25839722,-81.82463056,0,12,6,0,2,2,0,1,3,1,0,1,0,0000000,99,99,99,99,99,99,0,0,0,3,0
12,120533,1,1,0,1,1,1,1,71,0,11,3,2014,3,4,29,1,13,2,US-41,,99998,26.49955556,-81.85384444,0,8,0,0,1,1,0,1,2,1,0,1,0,0000000,99,99,99,99,88,88,19,0,0,1,0
12,120534,4,4,0,0,0,4,4,95,0,11,3,2014,3,6,56,1,12,3,SR-528,,99998,28.420875,-81.45766111,0,12,2,0,1,1,0,1,3,10,0,10,0,0000000,99,99,99,99,99,99,0,0,0,1,0
12,120536,2,2,0,0,0,5,5,11,2570,12,3,2014,4,19,36,1,11,1,I-95,,99998,26.2036,-80.14061944,0,12,1,0,1,1,0,1,5,1,0,1,0,0000000,99,99,99,99,99,99,0,0,0,1,0
12,120537,2,2,0,0,0,3,3,107,0,12,3,2014,4,18,5,0,3,3,SR-100,SR-26,99998,29.73827778,-81.96285,0,12,2,0,2,2,0,1,1,1,0,1,0,0000000,99,99,99,99,99,99,0,0,0,2,1
12,120538,1,1,0,1,1,1,1,99,330,12,3,2014,4,16,59,0,16,6,HYPLUXO RD,,0,26.57208056,-80.08925,0,8,0,0,1,1,0,1,1,1,0,1,0,0000000,99,99,99,99,99,99,0,0,0,1,0
12,120539,1,1,0,0,0,2,2,53,0,12,3,2014,4,22,8,0,6,4,CR-597,CR-550,0,28.54505556,-82.61591667,0,42,0,0,3,3,0,5,2,1,0,1,0,0000000,99,99,99,99,99,99,0,0,0,1,1
12,120540,2,2,0,0,0,2,2,33,0,13,3,2014,5,7,50,0,6,4,CR-97,,0,30.60778056,-87.3655,0,12,2,0,1,1,4,1,1,1,0,1,0,0000000,99,99,99,99,99,99,0,0,0,1,0
12,120541,6,6,0,0,0,11,11,57,0,28,1,2014,3,21,46,1,11,1,I-75,,99998,27.99026111,-82.32615,0,12,1,0,1,1,0,1,3,10,0,10,0,0000000,99,99,99,99,99,99,0,0,0,1,1
12,120542,2,2,0,0,0,2,2,86,2330,12,1,2014,1,20,28,1,13,3,SR-9,NW 127TH ST,99998,25.89007222,-80.24340556,0,12,6,0,2,3,0,1,3,1,0,1,0,0000000,99,99,99,99,88,88,0,0,0,1,0
12,120543,1,1,0,1,1,1,1,86,2330,16,4,2014,4,20,58,1,13,3,SR-817,NW 151ST ST,99998,25.91181944,-80.24408611,0,8,0,1,2,2,0,1,3,1,0,1,0,0000000,99,99,99,99,88,88,0,0,0,1,0
12,120544,1,1,0,1,1,1,1,105,0,28,2,2014,6,1,10,0,6,8,FAIRWAY RD,BALL CT,0,28.133125,-81.46536111,0,8,0,0,2,3,0,1,2,1,0,1,0,0000000,99,99,99,99,88,88,0,0,0,1,0
12,120545,1,1,0,1,1,1,1,105,0,9,3,2014,1,5,0,0,6,6,PIPKIN RD,,0,27.98339722,-81.99381111,0,8,0,0,1,1,0,1,2,5,0,5,0,0000000,99,99,99,99,88,88,0,0,0,1,0
12,120546,1,1,0,0,0,1,1,95,2360,2,3,2014,1,2,28,0,16,6,W. KALEY ST,,0,28.52017778,-81.38244722,0,30,0,0,1,1,0,4,3,1,0,1,0,622304J,99,99,99,99,88,88,0,0,0,1,1
12,120547,1,1,0,0,0,1,1,33,520,22,2,2014,7,3,55,0,16,6,FANNIE RD,,0,30.98224722,-87.24213333,0,42,0,0,1,1,0,4,2,1,0,1,0,0000000,99,99,99,99,88,88,0,0,0,1,1
12,120549,1,1,0,0,0,1,1,57,0,18,3,2014,3,5,36,0,6,6,FALKENBURG RD,WINDHORST RD,0,27.96288889,-82.33513333,0,33,0,0,3,2,0,3,3,2,0,2,0,0000000,99,99,99,99,88,88,0,0,0,1,1
12,120550,1,1,0,2,2,2,2,57,2950,18,3,2014,3,7,18,1,13,2,US-41,,99998,27.99606389,-82.44880556,0,8,0,0,1,1,0,1,3,10,0,10,0,0000000,99,99,99,99,99,99,0,0,0,1,0
12,120551,2,2,0,0,0,2,2,57,2950,21,3,2014,6,18,39,1,12,3,SR-618,CROSSTOWN EXPY,99998,27.95229444,-82.43485833,0,12,6,0,2,3,0,1,1,1,0,1,0,0000000,99,99,99,99,99,99,0,0,0,1,0
12,120552,1,1,0,1,1,1,1,95,0,21,3,2014,6,11,40,1,13,2,US-17,,99998,28.39709167,-81.40502222,0,8,0,0,1,1,0,1,1,1,0,1,0,0000000,99,99,99,99,99,99,0,0,0,1,0
12,120553,1,1,0,0,0,1,1,105,0,3,3,2014,2,1,10,0,16,6,DAVENPORT BLVD,,0,28.15771944,-81.63151667,0,34,0,0,1,1,0,4,3,1,0,1,0,0000000,99,99,99,99,88,88,0,0,0,1,1
12,120554,1,1,0,1,1,1,1,127,780,5,3,2014,4,13,33,0,13,3,SR-A1A,PLAZA BLVD,99998,29.26376667,-81.02675833,0,8,0,0,2,3,0,1,1,10,0,10,0,0000000,99,99,99,99,99,99,0,0,0,1,0
12,120555,1,1,0,0,0,1,1,35,2439,6,3,2014,5,6,47,1,13,2,US-1,,99998,29.47359167,-81.24691944,0,43,0,0,1,1,0,4,4,10,0,10,0,0000000,99,99,99,99,88,88,0,0,0,1,1
12,120556,2,2,0,0,0,2,2,115,0,13,3,2014,5,23,8,0,3,3,SR-72,,99998,27.24608611,-82.35721111,0,12,1,0,1,1,0,1,2,1,0,1,0,0000000,99,99,99,99,99,99,0,0,0,1,1
12,120557,1,1,0,1,1,3,3,57,0,13,3,2014,5,15,57,1,13,3,SR-574,,99998,27.98145833,-82.30995556,0,8,0,0,1,1,0,1,1,1,0,1,0,0000000,99,99,99,99,88,88,0,0,0,1,0
12,120558,3,3,0,0,0,4,4,127,0,14,3,2014,6,18,35,0,3,3,SR-40,,99998,29.24138056,-81.22978611,0,12,2,0,1,1,0,1,1,1,0,1,0,0000000,99,99,99,99,88,88,0,0,0,1,0
12,120559,1,1,0,1,1,1,1,86,1340,14,3,2014,6,20,57,0,16,6,NW 122ND AVE,,0,25.88431111,-80.29777778,0,8,0,0,1,1,0,1,3,1,0,1,0,0000000,99,99,99,99,88,88,0,0,0,1,0
12,120560,2,2,0,1,1,2,2,71,457,14,3,2014,6,21,26,0,16,6,CAPE CORAL PKWY,,0,26.56278333,-81.95858333,0,8,0,0,1,1,0,1,3,1,0,1,0,0000000,99,99,99,99,99,99,0,0,0,1,0
12,120561,1,1,0,1,1,1,1,71,0,14,3,2014,6,20,36,1,13,2,US-41,BROOKS RD,99998,26.67091111,-81.88261944,0,9,0,0,2,2,0,1,3,1,0,1,0,0000000,99,99,99,99,99,99,0,0,0,1,0
12,120562,2,2,0,0,0,3,3,109,0,15,3,2014,7,10,35,0,3,3,SR-16,FACTORY OUTLETS DR,99998,29.92544722,-81.42039444,0,12,6,0,2,3,0,1,1,1,0,1,0,0000000,99,99,99,99,88,88,0,0,0,1,0
12,120564,1,1,0,0,0,2,2,127,0,15,3,2014,7,21,15,0,6,6,GLENCOE RD,,0,29.00599722,-80.96754722,0,53,0,0,1,1,0,4,3,1,0,1,0,0000000,99,99,99,99,88,88,0,0,0,2,1
12,120565,2,2,0,0,0,3,3,83,0,15,3,2014,7,23,44,1,13,2,US-27,,99998,28.97156944,-81.97678333,0,12,1,0,1,1,0,1,2,1,0,1,0,0000000,99,99,99,99,88,88,0,0,0,1,1
12,120566,2,2,0,0,0,2,2,105,1690,15,3,2014,7,2,9,0,14,3,SR-37,LIME ST,99998,28.04046944,-81.957175,0,12,6,0,2,2,0,1,3,1,0,1,0,0000000,99,99,99,99,99,99,0,0,0,1,1
12,120567,3,3,0,0,0,3,3,35,0,15,3,2014,7,11,4,0,14,3,SR-A1A,,99998,29.58841944,-81.19076111,0,12,1,0,1,1,0,1,1,1,0,1,0,0000000,99,99,99,99,99,99,0,0,0,1,0
12,120568,1,1,0,0,0,2,2,17,0,15,3,2014,7,14,15,0,6,8,W ROOSEVELT BLVD,,0,28.91058611,-82.444175,0,42,0,0,1,1,0,3,1,1,0,1,0,0000000,14,16,14,36,99,99,0,0,0,1,0
12,120569,2,2,0,0,0,5,5,119,0,15,3,2014,7,18,9,0,6,4,CR-466,CR-229,0,28.92733611,-82.0869,0,12,6,1,2,2,0,1,1,1,0,1,0,0000000,99,99,99,99,99,99,0,0,0,1,0
12,120570,1,1,0,0,0,1,1,97,0,16,3,2014,1,0,0,0,16,6,CYPRESS PKWY,,0,28.14744444,-81.44625278,0,42,0,0,1,1,0,4,3,1,0,1,0,0000000,99,99,99,99,99,99,0,0,0,1,1
12,120571,2,2,0,0,0,2,2,95,0,16,3,2014,1,0,38,1,11,1,I-4,,99998,28.43977778,-81.47458333,0,12,1,0,1,1,0,1,3,1,0,1,0,0000000,99,99,99,99,99,99,0,0,0,1,1
12,120572,1,1,0,0,0,1,1,9,0,16,3,2014,1,2,50,0,16,4,CR-509,,0,28.04583333,-80.67138889,0,35,0,0,1,1,0,4,3,1,0,1,0,0000000,99,99,99,99,88,88,0,0,0,1,1
12,120573,2,2,0,0,0,4,4,86,0,16,3,2014,1,3,15,1,13,2,US-41,SW 129 PLACE,99998,25.76086944,-80.40606944,0,12,2,1,2,3,0,1,3,1,0,1,0,0000000,99,99,99,99,99,99,0,0,0,1,0
12,120574,2,2,0,0,0,3,3,35,0,16,3,2014,1,3,32,1,11,1,I-95,,99998,29.57322778,-81.23115,0,12,7,0,1,1,0,1,2,1,0,1,0,0000000,99,99,99,99,99,99,0,0,0,1,1
12,120575,2,2,0,0,0,2,2,123,0,16,3,2014,1,7,47,0,6,4,CR-30,,0,30.06981944,-83.54303056,0,12,6,0,1,1,0,1,1,10,0,10,0,0000000,99,99,99,99,99,99,0,0,0,1,0
12,120576,2,2,0,0,0,6,6,55,0,16,3,2014,1,11,21,1,13,2,US-27,LAKE MIRROR DR,99998,27.2754,-81.35211944,0,12,6,1,2,2,0,1,1,1,0,1,0,0000000,99,99,99,99,99,99,0,0,0,1,0
12,120577,1,1,0,0,0,1,1,5,2450,16,3,2014,1,2,14,0,16,6,CHESNUT AVE,,0,30.17721944,-85.70045,0,41,0,0,1,1,0,4,3,10,0,10,0,0000000,99,99,99,99,88,88,19,20,0,1,1
12,120578,1,1,0,0,0,1,1,86,0,16,3,2014,1,18,38,1,11,1,I-95,,99998,25.96089444,-80.16717222,0,20,0,0,1,1,0,4,1,1,0,1,0,0000000,99,99,99,99,99,99,0,0,0,1,0
12,120579,1,1,0,0,0,1,1,117,0,17,3,2014,2,22,6,0,16,6,DODD RD,,0,28.6531,-81.28280833,0,42,0,0,1,1,0,4,3,2,0,2,0,0000000,99,99,99,99,88,88,0,0,0,1,1
12,120580,2,2,0,0,0,2,2,11,3193,17,3,2014,2,13,50,1,13,2,US-27,4690 US-27,99998,26.06318056,-80.43316944,0,12,6,0,2,3,0,1,1,1,0,1,0,0000000,99,99,99,99,99,99,0,0,0,1,0
12,120581,2,2,0,0,0,2,2,11,3250,17,3,2014,2,16,9,0,16,6,NE 26TH ST,NE 15TH AVE,0,26.15960556,-80.12673889,0,12,6,0,2,4,0,1,1,1,0,1,0,0000000,99,99,99,99,99,99,0,0,0,1,0
12,120582,2,2,0,0,0,3,3,17,0,16,3,2014,1,20,32,1,13,3,SR-44,,99998,28.84133889,-82.28955,0,12,1,0,1,1,0,1,2,1,0,1,0,0000000,99,99,99,99,99,99,0,0,0,1,0
12,120583,1,1,0,0,0,1,1,97,0,18,3,2014,3,16,17,0,6,8,HICKORY TREE RD,,0,28.19638611,-81.18647222,0,30,0,0,1,1,0,4,1,1,0,1,0,0000000,99,99,99,99,99,99,0,0,0,1,0
12,120584,1,1,0,0,0,1,1,87,0,18,3,2014,3,23,51,1,13,2,US-1,,99998,24.72769722,-81.04209722,0,33,0,0,1,1,0,3,3,1,0,1,0,0000000,0,23,0,44,88,88,0,0,0,1,1
12,120585,4,4,0,0,0,6,6,86,1340,18,3,2014,3,14,22,0,16,6,W 16TH AVE,W 44TH PL,0,25.86250278,-80.31474444,0,12,6,0,2,2,0,1,1,10,0,10,0,0000000,99,99,99,99,99,99,0,0,0,1,0
12,120586,1,1,0,1,1,1,1,57,0,18,3,2014,3,20,19,0,6,6,BOYETTE RD,,0,27.85702778,-82.32423611,0,8,0,0,1,1,0,1,3,1,0,1,0,0000000,99,99,99,99,99,99,0,0,0,1,1
12,120587,1,1,0,0,0,1,1,31,1510,19,3,2014,4,6,7,1,11,1,I-95,,99998,30.31931944,-81.68118611,0,25,0,0,1,1,0,3,4,10,0,10,0,0000000,99,99,99,99,88,88,0,0,0,1,0
12,120590,1,1,0,0,0,1,1,86,0,19,3,2014,4,9,30,0,16,5,12TH ST NW,,0,25.80864444,-80.30874722,0,33,0,0,1,1,0,4,1,10,0,10,0,0000000,99,99,99,99,88,88,0,0,0,1,0
12,120591,2,2,0,0,0,4,4,105,0,19,3,2014,4,16,0,1,13,2,US-92,,99998,28.03199722,-82.03603611,0,12,6,0,1,1,0,1,1,1,0,1,0,0000000,99,99,99,99,99,99,0,0,0,1,0
12,120592,2,2,0,0,0,2,2,101,0,21,3,2014,6,17,52,1,13,3,SR-54,OSPREY LN,99998,28.1886,-82.45684167,0,1,0,1,2,3,0,1,1,1,0,1,0,0000000,17,52,17,59,88,88,0,0,0,1,0
12,120594,2,2,0,1,1,3,3,103,2740,22,3,2014,7,0,44,0,14,3,SR-699,,99998,27.7242,-82.74095556,0,8,0,0,1,1,0,1,3,1,0,1,0,0000000,99,99,99,99,88,88,0,0,0,1,2
12,120595,2,2,0,0,0,2,2,9,0,22,3,2014,7,8,56,0,6,4,CR-509,FOREST LAKE AVE,0,28.23033056,-80.69185556,0,12,6,1,2,2,0,1,1,1,0,1,0,0000000,99,99,99,99,99,99,0,0,0,1,0
12,120596,1,1,0,1,1,1,1,11,2083,26,3,2014,4,21,59,1,13,3,SR-817,SW 27TH STREET,99998,25.80071111,-80.23994722,0,15,0,0,2,3,0,1,3,1,0,1,0,0000000,99,99,99,99,88,88,0,0,0,1,0
12,120597,1,1,0,1,1,1,1,86,2230,23,3,2014,1,16,27,0,16,6,NE 137TH ST,NE 23RD AVE,0,25.902275,-80.15484444,0,8,0,0,2,3,0,1,1,1,0,1,0,0000000,99,99,99,99,88,88,0,0,0,1,1
12,120599,1,1,0,0,0,1,1,31,1510,23,3,2014,1,2,34,0,16,6,N ARLINGTON RD,,0,30.2995,-81.599,0,33,0,0,1,1,0,4,3,1,0,1,0,0000000,99,99,99,99,88,88,0,0,0,1,1
12,120600,1,1,0,0,0,2,2,11,790,23,3,2014,1,5,5,1,11,1,I-95,,99998,26.28329722,-80.12497778,0,25,0,0,1,1,0,4,3,1,0,1,0,0000000,99,99,99,99,99,99,0,0,0,1,1
12,120601,1,1,0,0,0,1,1,127,0,22,3,2014,7,18,0,0,16,4,CR-4164,,0,28.82226944,-81.00155,0,34,0,0,1,1,0,4,1,1,0,1,0,0000000,99,99,99,99,88,88,0,0,0,1,1
12,120602,1,1,0,1,1,1,1,89,0,23,3,2014,1,20,34,1,13,2,US-1,,99998,30.645125,-81.87027222,0,8,0,0,1,1,0,1,2,10,0,10,0,0000000,99,99,99,99,88,88,19,23,0,1,0
12,120603,1,1,0,0,0,3,3,35,0,23,3,2014,1,22,0,0,16,4,CR-2007,,0,29.40940556,-81.38776667,0,34,0,0,1,1,0,4,1,1,0,1,0,0000000,99,99,99,99,88,88,0,0,0,1,1
12,120604,2,2,0,0,0,4,4,86,1340,24,3,2014,2,5,0,0,16,6,W 60TH ST,W 24TH AVE,0,25.87702222,-80.33135,0,12,6,0,2,2,0,1,3,10,0,10,0,0000000,99,99,99,99,99,99,0,0,0,1,0
12,120607,2,2,0,0,0,2,2,99,3190,28,3,2014,6,20,37,0,14,2,US-1,KERN ST,99998,26.65218611,-80.05609444,0,12,6,0,2,2,0,1,3,1,0,1,0,0000000,99,99,99,99,99,99,0,0,0,1,0
12,120608,1,1,0,0,0,1,1,3,0,28,3,2014,6,16,28,0,6,4,CR-229,,0,30.18518889,-82.26511111,0,42,0,0,1,1,0,4,1,10,0,10,0,0000000,99,99,99,99,88,88,0,0,0,1,1
12,120609,2,2,0,0,0,2,2,109,0,29,3,2014,7,7,35,1,13,2,US-1,FAVER DYKES RD,99998,29.66236111,-81.28811111,0,1,0,0,8,1,0,1,1,10,0,10,0,0000000,99,99,99,99,88,88,0,0,0,1,0
12,120610,1,1,0,0,0,1,1,121,0,11,3,2014,3,22,45,0,6,5,155TH RD,76TH ST,0,30.31227222,-83.06840556,0,59,0,0,3,3,0,4,2,10,0,10,0,0000000,99,99,99,99,88,88,0,0,0,1,1
12,120611,1,1,0,0,0,1,1,11,672,18,3,2014,3,19,23,1,13,3,SR-834,TURTLE RUN BLVD,99998,26.27383889,-80.21314167,0,33,0,0,3,2,0,4,3,1,0,1,0,0000000,99,99,99,99,99,99,0,0,0,1,1
12,120612,1,1,0,1,1,2,2,86,2010,21,3,2014,6,14,47,0,16,6,NW 35TH ST,,0,25.80951389,-80.20069444,0,8,0,0,1,1,0,1,1,1,0,1,0,0000000,99,99,99,99,99,99,0,0,0,1,0
12,120613,1,1,0,1,1,1,1,9,630,9,3,2014,1,15,56,1,13,3,SR-A1A,,99998,28.35581944,-80.60830833,0,8,0,0,1,1,0,1,1,1,0,1,0,0000000,99,99,99,99,99,99,0,0,0,1,0
12,120614,2,2,0,0,0,9,9,91,0,14,3,2014,6,11,45,1,1,1,I-10,,99998,30.71650278,-86.65933056,0,12,6,0,1,1,0,1,1,1,0,1,0,0000000,99,99,99,99,99,99,0,0,0,1,0
12,120615,2,2,0,0,0,2,2,121,0,18,6,2014,4,4,40,1,1,1,I-10,,99998,30.35291944,-83.16808889,0,12,1,0,1,1,0,1,2,1,0,1,0,0000000,99,99,99,99,99,99,0,0,0,1,0
12,120616,2,2,0,0,0,2,2,103,570,13,4,2014,1,21,37,1,13,2,US-19,BELLEAIR RD,99998,27.93890278,-82.78729722,0,12,6,1,2,2,0,1,3,1,0,1,0,0000000,99,99,99,99,99,99,0,0,0,1,1
12,120617,1,1,0,1,1,1,1,95,2360,20,3,2014,5,0,20,1,13,3,SR-50,SR-423,99998,28.55248611,-81.41351111,0,8,0,0,2,2,0,1,3,1,0,1,0,0000000,99,99,99,99,99,99,0,0,0,1,0
12,120618,1,1,0,2,2,1,1,11,672,21,3,2014,6,19,15,1,13,3,SR-817,,99998,26.26156389,-80.25003611,0,8,0,0,1,1,0,1,3,1,0,1,0,0000000,99,99,99,99,99,99,0,0,0,1,1