STATE,ST_CASE,VE_TOTAL,VE_FORMS,PVH_INVL,PEDS,PERNOTMVIT,PERMVIT,PERSONS,COUNTY,CITY,DAY,MONTH,YEAR,DAY_WEEK,HOUR,MINUTE,NHS,ROAD_FNC,ROUTE,TWAY_ID,TWAY_ID2,MILEPT,LATITUDE,LONGITUD,SP_JUR,HARM_EV,MAN_COLL,RELJCT1,RELJCT2,TYP_INT,WRK_ZONE,REL_ROAD,LGT_COND,WEATHER1,WEATHER2,WEATHER,SCH_BUS,RAIL,NOT_HOUR,NOT_MIN,ARR_HOUR,ARR_MIN,HOSP_HR,HOSP_MN,CF1,CF2,CF3,FATALS,DRUNK_DR
12,120853,1,1,0,1,1,3,3,43,0,15,6,2014,1,1,28,0,3,3,SR-78,,99998,27.13425278,-80.89622222,0,8,0,0,1,1,0,1,3,1,0,1,0,0000000,99,99,99,99,88,88,0,0,0,1,0
12,120854,1,1,0,0,0,5,5,47,0,15,6,2014,1,16,40,1,1,1,I-75,,99998,30.51352778,-83.05238056,0,1,0,0,1,1,0,4,1,10,0,10,0,0000000,99,99,99,99,99,99,0,0,0,1,0
12,120855,2,2,0,0,0,2,2,86,1345,15,6,2014,1,22,0,1,13,2,US-27,NW 116TH WAY,99998,25.87945,-80.3568,0,12,1,0,2,98,0,1,3,1,0,1,0,0000000,99,99,99,99,88,88,0,0,0,1,0
12,120856,1,1,0,1,1,1,1,86,2330,11,2,2014,3,6,24,1,13,3,SR-817,SHARAR AVE,99998,25.90810556,-80.24418611,0,8,0,0,2,2,0,1,3,1,0,1,0,0000000,99,99,99,99,88,88,0,0,0,1,0
12,120857,2,2,0,0,0,2,2,103,1770,28,2,2014,6,23,4,0,14,3,SR-688,2ND ST NE,99998,27.91657778,-82.78550833,0,12,1,0,3,3,0,1,3,1,0,1,0,0000000,99,99,99,99,99,99,0,0,0,1,0
12,120858,2,2,0,0,0,2,2,71,2218,18,3,2014,3,7,52,0,16,6,HANCOOK BDGE PKWY,BEAU DR,0,26.66271111,-81.88843056,0,12,6,0,2,2,0,1,1,10,0,10,0,0000000,99,99,99,99,99,99,0,0,0,1,0
12,120859,1,1,0,0,0,1,1,11,2468,23,4,2014,4,15,2,1,13,3,SR-824,,99998,25.99490556,-80.23433056,0,33,0,0,1,1,0,4,1,1,0,1,0,0000000,99,99,99,99,88,88,0,0,0,1,0
12,120860,1,1,0,0,0,1,1,11,663,31,5,2014,7,3,50,0,16,6,STIRLING RD,,0,26.04413056,-80.29527778,0,42,0,0,1,1,0,3,3,1,0,1,0,0000000,99,99,99,99,88,88,0,0,0,1,0
12,120861,1,1,0,0,0,2,2,91,710,12,4,2014,7,2,19,1,13,3,SR-85,,99998,30.76449722,-86.56926667,0,30,0,0,1,1,0,4,2,1,0,1,0,0000000,99,99,99,99,99,99,0,0,0,1,1
12,120862,11,11,0,0,0,17,17,109,0,31,5,2014,7,19,25,1,11,1,I-95,,99998,29.69091667,-81.32386667,0,12,1,0,1,1,0,1,5,1,0,1,0,0000000,99,99,99,99,99,99,0,0,0,4,0
12,120863,1,1,0,0,0,1,1,103,0,17,5,2014,7,23,18,0,16,4,CR-611,,0,27.92132778,-82.69846111,0,42,0,0,1,1,0,3,3,10,0,10,0,0000000,99,99,99,99,99,99,0,0,0,1,0
12,120865,1,1,0,1,1,1,1,73,0,7,6,2014,7,4,53,1,13,2,US-27,,99998,30.54985278,-84.37905,0,8,0,0,1,1,0,1,2,10,0,10,0,0000000,99,99,99,99,99,99,0,0,0,1,0
12,120866,1,1,0,1,1,1,1,103,570,4,6,2014,4,5,25,1,13,3,SR-60,,99998,27.96078889,-82.77383056,0,8,0,0,1,1,0,1,3,1,0,1,0,0000000,99,99,99,99,88,88,0,0,0,1,0
12,120868,2,2,0,0,0,4,4,105,0,11,5,2014,1,17,12,0,6,6,OLD DADE CITY RD,CLAYTON RD,0,28.21544722,-82.05154444,0,12,2,0,2,3,0,1,1,10,0,10,0,0000000,99,99,99,99,88,88,0,0,0,1,0
12,120869,3,3,0,0,0,5,5,35,2439,13,5,2014,3,17,25,1,11,1,I-95,,99998,29.53773056,-81.20796944,0,33,0,0,1,1,0,3,1,1,0,1,0,0000000,99,99,99,99,99,99,0,0,0,2,0
12,120870,2,2,0,0,0,2,2,95,0,25,5,2014,1,3,0,1,13,3,SR-50,FORSYTH RD,99998,28.567,-81.29432778,0,12,2,0,2,2,0,1,3,1,0,1,0,0000000,99,99,99,99,99,99,0,0,0,1,1
12,120871,1,1,0,0,0,1,1,81,0,29,5,2014,5,13,7,0,16,6,LAKEWOOD RANCH BLVD,,0,27.46663056,-82.43151667,0,30,0,0,1,1,0,4,1,1,0,1,0,0000000,99,99,99,99,99,99,0,0,0,1,0
12,120872,1,1,0,0,0,1,1,86,1340,29,5,2014,5,20,4,0,13,3,SR-953,E 13TH ST,99998,25.83413333,-80.26566389,0,5,0,0,2,2,0,1,5,1,0,1,0,0000000,99,99,99,99,99,99,0,0,0,1,0
12,120873,2,2,0,1,1,4,4,103,0,1,6,2014,1,22,30,1,13,3,SR-693,42ND AVE N,99998,27.80999167,-82.72852778,0,8,0,1,3,3,0,1,3,10,0,10,0,0000000,99,99,99,99,88,88,0,0,0,1,0
12,120874,1,1,0,0,0,1,1,105,0,1,6,2014,1,12,10,0,14,3,SR-572,,99998,28.03506944,-82.01931111,0,34,0,0,1,1,0,3,1,1,0,1,0,624300N,99,99,99,99,99,99,0,0,0,1,0
12,120875,2,2,0,0,0,2,2,17,0,3,6,2014,3,22,15,0,6,4,CR-495,W HAWTHORNE ST,0,28.91743889,-82.59326111,0,12,7,0,2,3,0,1,2,1,0,1,0,0000000,99,99,99,99,88,88,0,0,0,1,1
12,120876,2,2,0,0,0,8,8,53,0,4,6,2014,4,13,18,1,13,2,US-19,HAPPY DAYS DR,99998,28.57219167,-82.55795833,0,12,6,0,2,3,0,1,1,1,0,1,0,0000000,99,99,99,99,99,99,0,0,0,1,0
12,120877,1,1,0,1,1,1,1,31,1510,4,6,2014,4,22,10,1,13,2,US-90,,99998,30.32336111,-81.53383889,0,8,0,0,1,1,0,1,3,1,0,1,0,0000000,99,99,99,99,99,99,0,0,0,1,0
12,120878,1,1,0,0,0,1,1,31,1510,6,6,2014,6,1,5,1,11,1,I-295,,99998,30.19653056,-81.73945,0,1,0,0,1,1,1,5,3,1,0,1,0,0000000,99,99,99,99,99,99,0,0,0,1,1
12,120879,1,1,0,0,0,1,1,89,0,7,6,2014,7,10,41,1,13,2,US-17,,99998,30.721075,-81.67891111,0,42,0,0,1,1,0,5,1,1,0,1,0,0000000,99,99,99,99,88,88,0,0,0,1,0
12,120880,1,1,0,1,1,2,2,11,2541,7,6,2014,7,16,45,1,13,3,SR-842,,99998,26.12092222,-80.23295278,0,8,0,0,1,1,0,1,1,10,0,10,0,0000000,99,99,99,99,99,99,0,0,0,1,0
12,120881,1,1,0,1,1,2,2,113,0,7,6,2014,7,17,15,1,13,2,US-98,,99998,30.39571944,-87.02671111,0,9,0,0,1,1,0,1,1,1,0,1,0,0000000,99,99,99,99,99,99,0,0,0,1,0
12,120882,1,1,0,0,0,1,1,83,0,9,6,2014,2,23,45,1,13,2,US-441,,99998,29.42653889,-82.21925,0,1,0,0,1,1,0,5,2,1,0,1,0,0000000,99,99,99,99,88,88,0,0,0,1,1
12,120883,1,1,0,0,0,3,3,105,0,10,6,2014,3,18,0,1,1,1,I-4,,99998,28.17071667,-81.76871944,0,38,0,0,1,1,0,5,1,2,0,2,0,0000000,99,99,99,99,99,99,0,0,0,1,1
12,120884,1,1,0,0,0,1,1,33,2490,13,6,2014,6,19,49,0,14,3,SR-291,,99998,30.46078056,-87.2237,0,33,0,0,1,1,0,4,5,1,0,1,0,0000000,99,99,99,99,99,99,0,0,0,1,1
12,120885,3,3,0,0,0,6,6,103,0,13,6,2014,6,19,12,1,13,3,SR-580,SUMMERDALE DR,99998,28.01943056,-82.73386944,0,12,6,1,2,2,0,1,5,10,0,10,0,0000000,99,99,99,99,99,99,0,0,0,1,0
12,120886,1,1,0,0,0,2,2,105,1690,18,6,2014,4,0,45,1,11,1,I-4,,99998,28.13453056,-81.91337778,0,1,0,0,1,1,0,4,2,1,0,1,0,0000000,99,99,99,99,88,88,0,0,0,1,0
12,120888,1,1,0,0,0,3,3,33,0,19,6,2014,5,8,55,0,14,3,SR-727,,99998,30.39306111,-87.3124,0,34,0,0,1,1,0,4,1,1,0,1,0,0000000,99,99,99,99,99,99,0,0,0,1,0
12,120889,3,2,1,0,0,3,3,31,1510,21,6,2014,7,2,33,0,16,6,HILLMAN DR,FALCON ST,0,30.2692,-81.7382,0,12,2,0,2,2,0,1,3,1,0,1,0,0000000,99,99,99,99,88,88,0,0,0,1,1
12,120890,1,1,0,0,0,1,1,31,1510,22,6,2014,1,12,50,1,11,1,I-95,,99998,30.51743056,-81.63423056,0,30,0,0,1,1,0,4,1,10,0,10,0,0000000,99,99,99,99,88,88,0,0,0,1,0
12,120891,2,2,0,0,0,5,5,99,0,24,2,2014,2,7,15,0,6,6,BELVEDERE RD,LAKE VICTORIA DR,0,26.69221111,-80.171125,0,12,6,0,2,3,0,1,1,10,0,10,0,0000000,99,99,99,99,99,99,0,0,0,1,0
12,120892,2,2,0,0,0,2,2,99,0,24,4,2014,5,8,3,1,13,3,SR-710,,99998,26.93438333,-80.33856111,0,12,2,0,1,1,0,1,1,1,0,1,0,0000000,99,99,99,99,99,99,0,0,0,1,0
12,120893,1,1,0,1,1,1,1,103,2310,16,5,2014,6,21,47,0,14,3,SR-584,,99998,28.04471389,-82.6817,0,9,0,0,4,1,0,1,3,1,0,1,0,0000000,99,99,99,99,88,88,0,0,0,1,1
12,120894,2,2,0,0,0,2,2,86,2023,17,5,2014,7,19,32,0,13,3,SR-854,N MIAMI AVE,99998,25.95739722,-80.20156944,0,12,2,0,2,2,0,1,5,1,0,1,0,0000000,99,99,99,99,88,88,0,0,0,1,0
12,120895,1,1,0,0,0,1,1,105,0,17,5,2014,7,17,24,1,12,2,US-27,HWY 27 S,99998,28.347225,-81.67218333,0,1,0,1,5,1,0,4,1,1,0,1,0,0000000,99,99,99,99,99,99,0,0,0,1,0
12,120896,2,2,0,0,0,3,3,86,2023,18,5,2014,1,20,38,0,16,6,NW 32ND AVE,NW 185TH TER,0,25.94286389,-80.25345,0,1,0,0,2,3,0,1,3,1,0,1,0,0000000,99,99,99,99,99,99,0,0,0,1,0
12,120897,1,1,0,0,0,1,1,119,0,23,5,2014,6,18,16,0,16,4,CR-48,,0,28.66903889,-82.18258889,0,38,0,0,1,1,0,5,1,1,0,1,0,0000000,99,99,99,99,99,99,0,0,0,1,0
12,120898,2,2,0,1,1,1,1,127,0,24,5,2014,7,9,57,1,13,2,US-92,,99998,29.09331111,-81.22612222,0,12,1,0,1,1,0,1,1,1,0,1,0,0000000,99,99,99,99,99,99,23,0,0,1,0
12,120899,1,1,0,0,0,3,3,99,0,26,5,2014,2,16,7,0,3,3,SR-80,,99998,26.72222222,-80.43560833,0,1,0,0,1,1,0,1,1,1,0,1,0,0000000,99,99,99,99,99,99,0,0,0,1,1
12,120901,1,1,0,0,0,2,2,1,0,19,4,2014,7,0,9,1,13,2,US-41,,99998,29.66366389,-82.60695278,0,1,0,0,1,1,0,4,2,10,0,10,0,0000000,99,99,99,99,99,99,0,0,0,1,1
12,120902,1,1,0,0,0,1,1,86,0,15,3,2014,7,1,30,0,6,6,SW 137TH AVE,,0,25.60433333,-80.413775,0,33,0,0,1,1,0,4,3,1,0,1,0,0000000,99,99,99,99,88,88,0,0,0,1,0
12,120903,1,1,0,0,0,2,2,86,0,11,5,2014,1,1,21,1,13,2,US-27,,99998,25.93341944,-80.42956944,0,30,0,0,1,1,0,4,2,1,0,1,0,0000000,99,99,99,99,88,88,0,0,0,1,1
12,120904,1,1,0,0,0,3,3,49,0,13,5,2014,3,1,22,0,3,3,SR-64,,99998,27.48223889,-81.87143889,0,42,0,0,1,1,0,4,2,1,0,1,0,0000000,99,99,99,99,99,99,0,0,0,2,0
12,120905,2,2,0,0,0,3,3,95,0,1,6,2014,1,19,10,0,16,6,PINE HILLS RD,BALBOA DR,0,28.55848889,-81.44904167,0,12,6,0,2,2,0,1,1,2,0,2,0,0000000,99,99,99,99,88,88,0,0,0,2,0
12,120906,1,1,0,0,0,1,1,31,1510,7,6,2014,7,2,50,1,13,2,US-17,,99998,30.23027222,-81.69935,0,33,0,0,1,1,0,4,2,2,1,2,0,0000000,99,99,99,99,88,88,0,0,0,1,1
12,120907,1,1,0,1,1,1,1,99,0,7,6,2014,7,23,19,1,13,3,SR-704,,99998,26.70675833,-80.11086944,0,8,0,0,1,1,0,1,3,10,0,10,0,0000000,99,99,99,99,99,99,0,0,0,1,0
12,120908,1,1,0,0,0,1,1,127,0,11,6,2014,4,20,23,1,11,1,I-95,,99998,28.96933056,-80.95923056,0,42,0,0,1,1,0,3,5,2,0,2,0,0000000,99,99,99,99,88,88,0,0,0,1,0
12,120909,2,2,0,0,0,3,3,101,0,11,6,2014,4,12,13,1,13,3,SR-54,OLD CYPRESS CREEK RD,99998,28.18656944,-82.40362778,0,12,6,1,2,3,0,1,1,2,0,2,0,0000000,99,99,99,99,99,99,0,0,0,1,0
12,120910,2,2,0,0,0,2,2,81,0,12,6,2014,5,13,0,1,1,1,I-75,,99998,27.638,-82.46533333,0,12,1,0,1,1,0,1,1,10,0,10,0,0000000,99,99,99,99,88,88,0,0,0,1,0
12,120911,1,1,0,1,1,1,1,131,0,12,6,2014,5,18,35,0,16,4,CR-393,,0,30.36108056,-86.2295,0,8,0,0,1,1,0,2,1,1,0,1,0,0000000,99,99,99,99,88,88,0,0,0,1,1
12,120912,2,2,0,0,0,5,5,109,0,12,6,2014,5,12,50,1,1,1,I-95,,99998,29.68976667,-81.32309167,0,12,6,0,1,1,0,1,1,2,0,2,0,0000000,99,99,99,99,99,99,0,0,0,1,0
12,120913,1,1,0,1,1,2,2,97,0,13,6,2014,6,21,30,1,13,2,US-17,,99998,28.31168889,-81.4037,0,8,0,0,1,1,0,1,3,1,0,1,0,0000000,99,99,99,99,99,99,0,0,0,1,0
12,120914,2,2,0,0,0,3,3,101,0,13,6,2014,6,6,6,0,16,4,CR-524,CR-77,0,28.28043056,-82.69711944,0,12,2,0,2,2,0,1,3,1,0,1,0,0000000,99,99,99,99,99,99,0,0,0,1,1
12,120915,1,1,0,0,0,3,3,71,1070,14,6,2014,7,22,29,0,16,6,TREELINE AVE,,0,26.56365278,-81.78670833,0,30,0,0,1,1,0,4,2,10,0,10,0,0000000,99,99,99,99,88,88,0,0,0,3,0
12,120916,2,2,0,0,0,2,2,69,0,15,6,2014,1,13,31,1,13,2,US-27,OBRIEN RD,99998,28.64408056,-81.8138,0,12,6,0,2,2,0,1,1,1,0,1,0,0000000,99,99,99,99,99,99,0,0,0,1,0
12,120917,3,3,0,1,1,3,3,87,2975,17,6,2014,3,22,41,1,13,2,US-1,JULEP RD,99998,25.01399167,-80.51230833,0,8,0,0,3,2,4,1,2,10,0,10,0,0000000,99,99,99,99,88,88,0,0,0,1,0
12,120918,1,1,0,1,1,1,1,11,2447,17,6,2014,3,22,51,0,14,3,SR-811,,99998,26.21649167,-80.13166111,0,8,0,0,1,1,0,1,3,2,0,2,0,0000000,99,99,99,99,88,88,0,0,0,1,0
12,120919,1,1,0,0,0,1,1,63,1900,18,6,2014,4,12,35,0,4,3,SR-2,,99998,30.79711111,-85.18156667,0,59,0,0,1,1,0,4,1,1,0,1,0,0000000,99,99,99,99,88,88,0,0,0,1,0
12,120920,1,1,0,1,1,1,1,11,1826,18,6,2014,4,21,36,1,13,2,US-1,,99998,26.28612778,-80.09584722,0,8,0,0,1,1,0,1,2,1,0,1,0,0000000,99,99,99,99,99,99,0,0,0,1,0
12,120921,1,1,0,0,0,2,2,71,0,20,6,2014,6,7,28,0,16,6,BUCKINGHAM RD,,0,26.62767778,-81.75786389,0,1,0,0,1,1,0,4,1,1,0,1,0,0000000,99,99,99,99,88,88,0,0,0,2,0
12,120922,2,2,0,0,0,3,3,105,1690,20,6,2014,6,11,57,0,16,6,W PIPKIN RD,MORGAN CREEK PKWY,0,27.974425,-82.03174167,0,12,6,0,2,3,0,1,1,1,0,1,0,0000000,99,99,99,99,88,88,0,0,0,1,0
12,120923,3,3,0,0,0,3,3,86,0,21,6,2014,7,8,8,0,3,3,SR-90,,99998,25.76091667,-80.63368056,0,12,2,0,1,1,0,1,1,1,0,1,0,0000000,99,99,99,99,88,88,14,0,0,2,1
12,120924,2,2,0,0,0,3,3,9,0,21,6,2014,7,15,18,1,13,3,SR-520,FRIDAY RD,99998,28.35999722,-80.80436111,0,12,6,1,2,2,0,1,1,10,0,10,0,0000000,99,99,99,99,99,99,0,0,0,1,0
12,120925,2,2,0,0,0,6,6,99,820,22,6,2014,1,17,7,1,11,1,I-95,,99998,26.47221944,-80.08848611,0,12,7,0,1,1,0,1,1,10,0,10,0,0000000,99,99,99,99,99,99,0,0,0,1,0
12,120926,2,2,0,0,0,4,4,85,0,22,6,2014,1,13,58,1,13,3,SR-710,SW INDIANTOWN AVE,99998,27.00836944,-80.449575,0,12,6,1,2,3,4,1,1,10,0,10,0,0000000,99,99,99,99,99,99,0,0,0,1,0
12,120927,1,1,0,0,0,1,1,86,0,23,6,2014,2,19,3,0,6,6,NW S RIVER DR,,0,25.80840556,-80.26326111,0,30,0,0,1,1,0,4,1,10,0,10,0,0000000,99,99,99,99,88,88,0,0,0,1,0
12,120928,1,1,0,1,1,1,1,127,0,24,6,2014,3,21,27,1,13,3,SR-A1A,,99998,29.15151389,-80.96821667,0,38,0,0,1,1,0,5,2,10,0,10,0,0000000,99,99,99,99,88,88,0,0,0,1,1
12,120929,2,2,0,0,0,2,2,57,0,26,6,2014,5,0,50,0,6,6,BOYETTE RD,,0,27.85371389,-82.30328056,0,12,1,0,1,1,0,1,2,1,0,1,0,0000000,99,99,99,99,88,88,0,0,0,1,1
12,120930,1,1,0,0,0,2,2,31,1510,26,6,2014,5,2,37,1,13,2,US-17,,99998,30.53088611,-81.62163333,0,35,0,0,1,1,0,4,2,10,0,10,0,0000000,99,99,99,99,99,99,0,0,0,1,1
12,120931,1,1,0,0,0,1,1,99,3190,26,6,2014,5,17,46,1,12,1,I-95,,99998,26.69055,-80.06855,0,23,0,1,5,1,0,4,1,1,0,1,0,0000000,99,99,99,99,99,99,20,0,0,1,0
12,120932,1,1,0,1,1,1,1,9,1990,28,6,2014,7,5,59,0,16,6,SHERWOOD BLVD,,0,28.17381111,-80.66076667,0,15,0,0,1,1,0,1,3,1,0,1,0,0000000,99,99,99,99,99,99,0,0,0,1,1
12,120933,1,1,0,0,0,2,2,33,0,29,6,2014,1,16,50,0,6,8,GREENLAND RD,,0,30.98069167,-87.46073056,0,34,0,0,1,1,0,4,1,1,0,1,0,0000000,99,99,99,99,99,99,0,0,0,1,0
12,120934,1,1,0,0,0,3,3,117,0,7,2,2014,6,3,20,0,6,6,E OSCEOLA RD,,0,28.770525,-81.11314167,0,34,0,0,1,1,0,4,2,1,0,1,0,0000000,99,99,99,99,99,99,0,0,0,1,1
12,120935,3,3,0,0,0,6,6,86,0,2,1,2014,5,14,52,0,14,3,SR-986,SW 107TH AVE,99998,25.70112222,-80.36621389,0,12,6,0,2,2,0,1,1,1,0,1,0,0000000,99,99,99,99,99,99,0,0,0,1,0
12,120936,2,2,0,1,1,2,2,105,0,8,4,2014,3,21,13,1,13,2,US-92,,99998,28.04793333,-81.90318333,0,8,0,0,1,1,0,1,2,1,0,1,0,0000000,99,99,99,99,88,88,0,0,0,1,0
12,120937,1,1,0,1,1,1,1,86,1340,3,6,2014,3,13,46,0,16,6,W 29TH ST,,0,25.84798889,-80.30306111,0,8,0,0,1,1,0,1,1,10,0,10,0,0000000,99,99,99,99,99,99,0,0,0,1,0
12,120938,1,1,0,0,0,1,1,83,0,4,6,2014,4,22,0,0,16,6,110TH ST,,0,29.29705,-82.31568056,0,1,0,0,1,1,0,1,2,1,0,1,0,0000000,99,99,99,99,88,88,0,0,0,1,0
12,120939,1,1,0,1,1,1,1,115,2780,4,6,2014,4,13,54,0,16,6,BAY SHORE RD,SOUTH GATE SERVICE ENT RD,0,27.33543611,-82.54691944,0,9,0,0,3,3,0,1,1,1,0,1,0,0000000,99,99,99,99,99,99,0,0,0,1,0
12,120940,1,1,0,1,1,1,1,95,0,6,6,2014,6,0,4,0,16,6,TAFT VINELAND RD,,0,28.42153333,-81.37504167,0,9,0,0,1,1,0,2,2,1,0,1,0,0000000,99,99,99,99,88,88,0,0,0,1,0
12,120941,1,1,0,0,0,1,1,31,1510,7,6,2014,7,0,0,0,16,6,S OLD KINGS RD,,0,30.23377778,-81.60521667,0,33,0,0,1,1,0,4,3,10,0,10,0,0000000,99,99,99,99,88,88,0,0,0,1,1
12,120942,1,1,0,1,1,1,1,57,0,11,6,2014,4,16,3,1,1,1,I-4,,99998,27.99646944,-82.3462,0,9,0,1,5,1,0,2,1,10,0,10,0,0000000,99,99,99,99,88,88,0,0,0,1,0
12,120943,1,1,0,0,0,1,1,1,0,17,6,2014,3,0,25,1,13,2,US-441,,99998,29.59586667,-82.33914722,0,42,0,0,1,1,0,3,3,1,0,1,0,0000000,99,99,99,99,88,88,0,0,0,1,0
12,120944,2,2,0,0,0,3,3,95,0,17,6,2014,3,4,40,1,12,3,SR-91,,99998,28.54521944,-81.60168889,0,12,1,0,1,1,0,1,4,1,0,1,0,0000000,99,99,99,99,88,88,0,0,0,2,0
12,120945,1,1,0,1,1,1,1,105,120,20,6,2014,6,5,59,1,13,3,SR-544,42ND ST,99998,28.05386944,-81.77628056,0,8,0,1,2,2,0,1,4,1,0,1,0,0000000,99,99,99,99,88,88,0,0,0,1,0
12,120946,1,1,0,0,0,1,1,83,0,20,6,2014,6,17,30,0,6,4,CR-316,,0,29.36028889,-82.11378889,0,38,0,0,1,1,0,5,1,10,0,10,0,0000000,99,99,99,99,88,88,0,0,0,1,1
12,120947,2,2,0,0,0,2,2,83,0,22,6,2014,1,9,38,1,13,3,SR-40,,99998,29.18648333,-82.22981111,0,12,1,0,1,1,0,1,1,1,0,1,0,0000000,99,99,99,99,88,88,0,0,0,1,0
12,120949,2,2,0,0,0,2,2,105,0,19,6,2014,5,10,24,1,13,2,US-27,,99998,27.67836944,-81.55393611,0,12,1,0,1,1,0,1,1,1,0,1,0,0000000,99,99,99,99,99,99,0,0,0,1,0
12,120950,1,1,0,1,1,3,3,15,0,20,6,2014,6,21,28,0,6,8,ELKCAM BLVD,,0,26.99453056,-82.10375,0,1,0,0,1,1,0,4,2,1,0,1,0,0000000,99,99,99,99,99,99,0,0,0,1,0
12,120951,2,2,0,0,0,3,3,111,0,22,6,2014,1,16,23,0,3,3,SR-614,,99998,27.52123889,-80.42313889,0,12,2,0,1,1,0,1,1,1,0,1,0,0000000,99,99,99,99,99,99,0,0,0,2,0
12,120952,1,1,0,0,0,1,1,115,945,25,6,2014,4,8,5,0,16,6,YALE ST,,0,26.96720278,-82.3612,0,53,0,0,1,1,0,4,1,1,0,1,0,0000000,99,99,99,99,88,88,0,0,0,1,0
12,120953,1,1,0,1,1,1,1,95,0,26,6,2014,5,20,10,0,14,3,SR-551,,99998,28.57214444,-81.28611667,0,8,0,0,1,1,0,1,3,2,0,2,0,0000000,99,99,99,99,99,99,0,0,0,1,0
12,120954,3,2,1,0,0,3,3,9,0,27,6,2014,6,10,38,1,11,1,I-95,,99998,28.48764722,-80.82727778,0,12,6,0,1,1,0,1,1,1,0,1,0,0000000,99,99,99,99,99,99,0,0,0,1,0
12,120955,2,2,0,0,0,2,2,115,0,27,6,2014,6,12,30,0,14,3,SR-776,S MCCALL RD,99998,26.94671389,-82.35308056,0,12,6,0,2,3,0,1,1,1,0,1,0,0000000,99,99,99,99,99,99,0,0,0,1,0
12,120956,1,1,0,0,0,1,1,45,0,27,6,2014,6,23,10,0,3,3,SR-71,,99998,30.00258889,-85.17309167,0,42,0,0,1,1,0,4,2,1,0,1,0,0000000,99,99,99,99,88,88,0,0,0,1,0
12,120957,2,2,0,0,0,2,2,83,0,28,6,2014,7,16,25,0,6,4,CR-200A,CR-316,0,29.36046944,-82.11373889,0,12,2,1,2,3,0,1,1,1,0,1,0,0000000,99,99,99,99,99,99,0,0,0,1,1
12,120958,1,1,0,0,0,1,1,9,0,28,6,2014,7,16,51,0,16,6,GRISSOM PARKWAY,,0,28.44183056,-80.78866667,0,1,0,0,1,1,0,4,1,1,0,1,0,0000000,99,99,99,99,88,88,0,0,0,1,1
12,120959,1,1,0,1,1,1,1,57,2980,28,6,2014,7,23,30,1,13,3,SR-580,GROVE TER,99998,28.03255556,-82.39548056,0,8,0,0,1,1,0,1,2,1,0,1,0,0000000,99,99,99,99,99,99,0,0,0,1,0
12,120960,2,2,0,1,1,1,1,105,1690,29,6,2014,1,7,14,1,13,2,US-98,MEMORIAL BLVD,99998,28.05510556,-81.95734722,0,12,6,0,3,2,0,1,1,1,0,1,0,0000000,99,99,99,99,99,99,19,0,0,1,0
12,120961,2,2,0,0,0,2,2,103,0,29,6,2014,1,2,10,1,11,1,I-275,,99998,27.64031111,-82.67004167,0,12,1,0,1,1,0,1,2,1,0,1,0,0000000,99,99,99,99,99,99,0,0,0,1,0
12,120962,2,2,0,0,0,2,2,63,0,2,7,2014,4,9,30,0,3,3,SR-77,,99998,30.88630278,-85.52451667,0,12,2,0,1,1,0,1,1,1,0,1,0,0000000,99,99,99,99,99,99,0,0,0,1,0
12,120964,1,1,0,1,1,3,3,71,1070,5,7,2014,7,0,3,1,13,3,SR-739,,99998,26.63558333,-81.862275,0,8,0,0,1,1,0,1,3,1,0,1,0,0000000,99,99,99,99,99,99,0,0,0,1,0
12,120965,2,2,0,0,0,2,2,11,771,5,7,2014,7,2,10,1,11,1,I-595,,99998,26.09898056,-80.25061944,0,12,1,0,1,1,0,1,3,10,0,10,0,0000000,99,99,99,99,88,88,0,0,0,1,1
12,120966,1,1,0,0,0,2,2,113,0,5,7,2014,7,18,35,1,1,1,I-10,,99998,30.67498611,-86.830175,0,1,0,0,1,1,0,3,1,1,0,1,0,0000000,99,99,99,99,99,99,0,0,0,1,1
12,120967,2,2,0,0,0,2,2,63,0,6,7,2014,1,20,35,0,4,3,SR-69,BRADLEY RD,99998,30.62288889,-85.02963056,0,12,6,0,2,3,0,1,2,1,0,1,0,0000000,99,99,99,99,88,88,0,0,0,1,0
12,120968,1,1,0,1,1,1,1,11,1050,27,4,2014,1,20,38,1,13,2,US-1,,99998,26.297825,-80.09401944,0,9,0,0,1,1,0,4,1,1,0,1,0,0000000,99,99,99,99,88,88,0,0,0,1,1
12,120969,1,1,0,0,0,1,1,19,0,29,4,2014,3,15,30,0,16,6,PAWNEE ST,,0,30.12061111,-81.77800278,0,5,0,0,1,1,0,1,1,10,0,10,0,0000000,99,99,99,99,99,99,0,0,0,1,0
12,120970,2,2,0,0,0,2,2,11,771,14,5,2014,4,0,18,0,14,3,SR-848,,99998,26.04648611,-80.20806389,0,12,1,0,1,1,0,1,3,1,0,1,0,0000000,99,99,99,99,88,88,0,0,0,1,0
12,120971,2,2,0,0,0,2,2,55,0,18,5,2014,1,11,43,1,13,2,US-27,,99998,27.60281944,-81.5143,0,12,6,0,1,1,0,1,1,1,0,1,0,0000000,99,99,99,99,99,99,0,0,0,1,0