STATE,ST_CASE,VE_TOTAL,VE_FORMS,PVH_INVL,PEDS,PERNOTMVIT,PERMVIT,PERSONS,COUNTY,CITY,DAY,MONTH,YEAR,DAY_WEEK,HOUR,MINUTE,NHS,ROAD_FNC,ROUTE,TWAY_ID,TWAY_ID2,MILEPT,LATITUDE,LONGITUD,SP_JUR,HARM_EV,MAN_COLL,RELJCT1,RELJCT2,TYP_INT,WRK_ZONE,REL_ROAD,LGT_COND,WEATHER1,WEATHER2,WEATHER,SCH_BUS,RAIL,NOT_HOUR,NOT_MIN,ARR_HOUR,ARR_MIN,HOSP_HR,HOSP_MN,CF1,CF2,CF3,FATALS,DRUNK_DR
12,121207,1,1,0,1,1,0,0,11,2948,24,4,2014,5,17,25,0,6,6,73RD ST,,0,26.21234167,-80.27428889,0,8,0,0,8,1,0,1,1,1,0,1,0,0000000,99,99,99,99,99,99,0,0,0,1,0
12,121208,1,1,0,1,1,1,1,103,0,26,4,2014,7,22,30,1,13,2,US-92,,99998,27.86991111,-82.6165,0,8,0,0,8,1,0,1,3,1,0,1,0,0000000,99,99,99,99,99,99,0,0,0,1,0
12,121209,2,2,0,0,0,2,2,57,0,27,4,2014,1,20,49,0,6,4,CR-579,JOE EBERT RD,0,28.03615833,-82.30264444,0,12,6,0,2,3,0,1,3,1,0,1,0,0000000,99,99,99,99,88,88,0,0,0,1,0
12,121210,1,1,0,0,0,1,1,71,457,27,4,2014,1,18,55,0,16,6,50TH LN,,0,26.55754444,-82.02301667,0,53,0,0,1,1,0,4,1,1,0,1,0,0000000,99,99,99,99,99,99,0,0,0,1,1
12,121211,1,1,0,1,1,1,1,86,0,28,4,2014,2,1,45,0,6,6,197TH AVE,,0,25.60455278,-80.51104722,0,49,0,0,1,1,0,4,2,1,0,1,0,0000000,99,99,99,99,99,99,0,0,0,1,0
12,121212,1,1,0,1,1,3,3,86,0,2,5,2014,6,23,31,0,14,3,SR-916,,99998,25.89886389,-80.19907778,0,8,0,0,1,1,0,1,2,1,0,1,0,0000000,99,99,99,99,88,88,0,0,0,1,0
12,121213,1,1,0,0,0,1,1,9,620,2,5,2014,6,19,27,0,14,3,SR-524,US-524,99998,28.39025556,-80.78036389,0,34,0,0,3,3,0,4,5,2,0,2,0,0000000,99,99,99,99,99,99,0,0,0,1,0
12,121214,3,3,0,0,0,4,4,9,0,3,5,2014,7,21,20,0,3,3,SR-50,,99998,28.5458,-80.89643056,0,12,2,0,1,1,0,1,2,2,0,2,0,0000000,99,99,99,99,99,99,0,0,0,1,1
12,121215,1,1,0,0,0,1,1,109,2690,5,5,2014,2,1,26,0,16,6,A1A BEACH BLVD,,0,29.86177222,-81.26869722,0,1,0,0,1,1,0,5,2,1,0,1,0,0000000,99,99,99,99,99,99,0,0,0,1,0
12,121216,1,1,0,1,1,1,1,86,0,6,5,2014,3,9,45,0,14,2,US-441,,99998,25.88252222,-80.21052222,0,8,0,0,1,1,0,4,1,1,0,1,0,0000000,99,99,99,99,99,99,0,0,0,1,0
12,121217,1,1,0,1,1,2,2,86,2010,6,5,2014,3,7,45,0,14,3,SR-968,,99998,25.77425833,-80.18886667,0,9,0,0,1,1,0,1,3,1,0,1,0,0000000,99,99,99,99,99,99,0,0,0,1,0
12,121221,2,2,0,0,0,3,3,105,1740,20,5,2014,3,8,20,0,15,3,SR-17,,99998,27.96503611,-81.59476944,0,12,2,0,1,1,0,1,1,1,0,1,0,0000000,99,99,99,99,99,99,0,0,0,1,0
12,121222,1,1,0,1,1,1,1,11,2260,23,5,2014,6,17,49,1,13,3,SR-816,,99998,26.1654,-80.174375,0,8,0,0,1,1,0,1,1,1,0,1,0,0000000,99,99,99,99,99,99,0,0,0,1,0
12,121223,1,1,0,1,1,1,1,127,810,30,5,2014,6,20,36,1,13,2,US-17,,99998,29.04511111,-81.30389444,0,8,0,0,1,1,0,1,2,2,0,2,0,0000000,99,99,99,99,88,88,0,0,0,1,0
12,121224,1,1,0,0,0,1,1,121,0,15,8,2014,6,16,5,1,1,1,I-10,,99998,30.30704167,-82.92280556,0,33,0,0,1,1,0,4,1,2,0,2,0,0000000,99,99,99,99,99,99,0,0,0,1,0
12,121225,5,5,0,0,0,6,6,71,457,8,7,2014,3,7,44,0,16,4,CR-884,,0,26.59644167,-81.89075833,0,12,1,0,1,1,0,1,1,10,0,10,0,0000000,99,99,99,99,99,99,0,0,0,1,0
12,121226,2,2,0,0,0,3,3,86,0,1,6,2014,1,1,54,0,6,6,SW 192ND ST,,0,25.58694444,-80.48684167,0,12,2,0,1,1,0,1,2,1,0,1,0,0000000,99,99,99,99,99,99,0,0,0,1,0
12,121227,1,1,0,0,0,1,1,95,0,2,6,2014,2,12,34,0,16,6,LAKE PICKETT RD,,0,28.5816,-81.17196111,0,30,0,0,1,1,0,4,1,1,0,1,0,0000000,99,99,99,99,88,88,0,0,0,1,0
12,121228,3,3,0,0,0,3,3,83,2270,2,6,2014,2,13,21,1,13,3,SR-40,NE 7TH ST,99998,29.19464444,-82.09147222,0,12,6,0,8,1,0,1,1,10,0,10,0,0000000,99,99,99,99,99,99,0,0,0,1,0
12,121230,2,2,0,0,0,3,3,127,0,14,8,2014,5,11,39,0,3,3,SR-40,,99998,29.1856,-81.42278889,0,12,2,0,1,1,0,1,1,10,0,10,0,0000000,99,99,99,99,99,99,0,0,0,2,1
12,121231,1,1,0,0,0,2,2,105,0,7,6,2014,7,22,30,0,16,6,OLD GRADE RD,,0,28.21204444,-81.75657222,0,34,0,0,1,1,0,4,2,1,0,1,0,0000000,99,99,99,99,99,99,0,0,0,1,1
12,121232,2,2,0,0,0,2,2,117,2770,7,6,2014,7,23,37,1,13,3,SR-46,RINEHART RD,99998,28.81140556,-81.33114444,0,12,1,0,3,2,0,1,2,1,0,1,0,0000000,99,99,99,99,99,99,0,0,0,1,0
12,121233,1,1,0,1,1,2,2,86,0,14,6,2014,7,13,50,0,6,6,NW 32ND AVE,NW 87TH ST,0,25.85306944,-80.25009167,0,8,0,0,3,2,0,1,1,1,0,1,0,0000000,99,99,99,99,99,99,0,0,0,1,0
12,121234,1,1,0,0,0,2,2,59,0,16,6,2014,2,19,5,0,6,6,SELMA CHURCH RD,,0,30.97715,-85.56381944,0,34,0,0,1,1,0,4,1,1,0,1,0,0000000,99,99,99,99,99,99,0,0,0,1,1
12,121236,1,1,0,1,1,1,1,86,1573,21,6,2014,7,21,0,0,16,6,CRANDON BLVD,E ENID DR,0,25.68948333,-80.1637,0,8,0,0,1,1,0,1,2,1,0,1,0,0000000,99,99,99,99,99,99,0,0,0,1,0
12,121237,1,1,0,1,1,1,1,86,0,21,6,2014,7,5,5,0,6,6,NW N RIVER DR,NW 33RD ST,0,25.80578333,-80.25641389,0,8,0,0,2,99,0,1,2,1,0,1,0,0000000,99,99,99,99,88,88,0,0,0,1,0
12,121238,2,2,0,0,0,2,2,1,1320,22,6,2014,1,7,35,1,13,2,US-301,,99998,29.602175,-82.08771944,0,33,0,0,1,1,0,3,1,10,0,10,0,0000000,99,99,99,99,99,99,0,0,0,1,0
12,121240,2,2,0,0,0,2,2,5,0,25,8,2014,2,6,0,1,13,2,US-98,SAND OAK BLVD,99998,30.25209167,-85.93618333,0,12,6,0,2,3,0,1,4,1,0,1,0,0000000,99,99,99,99,99,99,0,0,0,1,1
12,121243,1,1,0,1,1,1,1,95,0,28,6,2014,7,9,26,0,16,6,MOSSHART LN,,0,28.53199167,-81.27275,0,8,0,0,4,1,0,1,1,1,0,1,0,0000000,99,99,99,99,99,99,0,0,0,1,0
12,121244,1,1,0,1,1,1,1,127,2375,29,6,2014,1,8,38,1,13,3,SR-5A,,99998,29.26394722,-81.07718889,0,9,0,0,1,1,0,1,1,1,0,1,0,0000000,99,99,99,99,88,88,0,0,0,1,0
12,121245,1,1,0,0,0,1,1,86,0,2,7,2014,4,10,0,0,6,6,SW 152ND ST,,0,25.62715,-80.38755278,0,42,0,0,1,1,0,3,1,1,0,1,0,0000000,99,99,99,99,99,99,0,0,0,1,0
12,121247,3,3,0,0,0,3,3,86,2220,2,7,2014,4,17,40,1,13,2,US-1,NE 126TH ST,99998,25.89258333,-80.16276111,0,12,6,0,2,2,0,1,1,10,0,10,0,0000000,99,99,99,99,99,99,0,0,0,1,0
12,121248,2,1,1,1,1,1,1,11,1050,4,7,2014,6,22,9,0,16,6,IOWA AVE,,0,26.11756111,-80.19797778,0,8,0,0,1,1,0,1,2,1,0,1,0,0000000,99,99,99,99,99,99,14,0,0,1,0
12,121249,1,1,0,1,1,2,2,99,3190,4,7,2014,6,20,30,0,16,6,PALM BEACH LAKES BLVD,,0,26.72459444,-80.05907778,0,8,0,0,1,1,0,1,3,10,0,10,0,0000000,99,99,99,99,99,99,0,0,0,1,0
12,121250,1,1,0,1,1,1,1,31,1520,5,7,2014,7,1,44,1,13,2,US-90,,99998,30.30117222,-81.39433611,0,8,0,0,1,1,0,1,3,1,0,1,0,0000000,99,99,99,99,99,99,0,0,0,1,0
12,121251,2,2,0,0,0,3,3,86,0,28,2,2014,6,4,10,0,14,3,SR-969,NW 25TH ST,99998,25.79700556,-80.31297778,0,12,2,1,2,2,0,1,3,2,0,2,0,0000000,99,99,99,99,99,99,0,0,0,1,1
12,121252,2,2,0,0,0,2,2,99,0,5,7,2014,7,20,16,0,6,6,ROYAL PALM BEACH BLVD,TANGERINE BLVD,0,26.77312222,-80.22630833,0,12,2,1,2,2,0,1,3,1,0,1,0,0000000,99,99,99,99,99,99,0,0,0,1,0
12,121253,1,1,0,0,0,2,2,86,0,5,7,2014,7,0,46,0,16,6,SW 276TH ST,16540 SW 276TH ST,0,25.51015833,-80.46037222,0,19,0,0,3,3,0,5,2,1,0,1,0,0000000,99,99,99,99,99,99,0,0,0,1,1
12,121255,2,2,0,0,0,4,4,57,0,7,9,2014,1,6,9,1,11,1,I-275,,99998,28.08114722,-82.45463056,0,12,2,0,1,1,0,1,3,1,0,1,0,0000000,99,99,99,99,88,88,0,0,0,3,1
12,121257,1,1,0,1,1,1,1,109,0,8,7,2014,3,23,55,0,14,3,SR-A1A,,99998,29.84986944,-81.27799444,0,8,0,0,1,1,0,1,2,1,0,1,0,0000000,99,99,99,99,99,99,0,0,0,1,1
12,121258,1,1,0,1,1,1,1,69,1820,9,7,2014,4,5,20,1,13,2,US-27,,99998,28.77547778,-81.88701944,0,8,0,0,1,1,0,1,2,1,0,1,0,0000000,99,99,99,99,88,88,0,0,0,1,0
12,121259,1,1,0,0,0,1,1,11,1050,11,7,2014,6,21,1,0,16,6,NW 6TH ST,,0,26.12977222,-80.17211667,0,33,0,0,1,1,0,3,3,1,0,1,0,0000000,99,99,99,99,88,88,0,0,0,1,0
12,121260,2,1,1,0,0,1,1,105,0,26,6,2014,5,2,21,0,6,8,8335 SOCRUM LOOP RD,BUCKHORN RUN,0,28.15110278,-81.95643611,0,30,0,0,1,1,0,4,3,1,0,1,0,0000000,99,99,99,99,88,88,14,0,0,1,1
12,121261,1,1,0,2,2,3,3,101,0,13,7,2014,1,21,6,0,16,5,HUDSON AVE,,0,28.36089167,-82.63096111,0,8,0,0,1,1,0,1,2,1,0,1,0,0000000,21,2,21,14,99,99,19,0,0,2,0
12,121262,2,2,0,0,0,2,2,31,1510,16,7,2014,4,7,50,1,11,1,I-295,,99998,30.19105556,-81.68366111,0,12,6,0,1,1,0,1,1,10,0,10,0,0000000,99,99,99,99,88,88,0,0,0,1,0
12,121263,2,2,0,0,0,2,2,86,0,17,7,2014,5,22,41,0,6,6,SW 137TH AVE,36TH ST,0,25.73441389,-80.41596667,0,12,6,0,2,2,0,1,3,1,0,1,0,0000000,99,99,99,99,88,88,0,0,0,1,1
12,121264,1,1,0,0,0,1,1,117,0,19,7,2014,7,23,53,0,14,3,SR-426,,99998,28.63508611,-81.23648611,0,33,0,0,1,1,0,4,2,1,0,1,0,0000000,99,99,99,99,88,88,0,0,0,1,1
12,121265,1,1,0,1,1,3,3,109,0,21,7,2014,2,0,5,0,3,3,SR-16,INMAN RD,99998,29.91563889,-81.403,0,8,0,0,2,3,0,1,2,10,0,10,0,0000000,99,99,99,99,88,88,0,0,0,1,0
12,121266,2,2,0,0,0,2,2,89,0,23,7,2014,4,5,47,0,6,4,CR-108,,0,30.56124167,-81.8412,0,12,6,0,1,1,0,1,2,10,0,10,0,0000000,99,99,99,99,88,88,0,0,0,1,0
12,121267,1,1,0,1,1,1,1,105,1690,23,7,2014,4,2,6,0,14,3,SR-37,,99998,28.01397778,-81.95704167,0,18,0,0,1,1,1,3,3,1,0,1,0,0000000,99,99,99,99,88,88,0,0,0,1,1
12,121268,4,4,0,0,0,6,6,101,0,24,7,2014,5,11,40,1,13,2,US-19,TOWER DR,99998,28.34595556,-82.69934444,0,12,6,1,2,3,0,1,1,10,0,10,0,0000000,11,44,11,48,99,99,0,0,0,2,0
12,121269,2,2,0,0,0,3,3,95,0,25,7,2014,6,10,9,0,6,6,BOGGY CREEK RD,NEW HOPE RD,0,28.35943333,-81.30976111,0,12,6,1,2,2,0,1,1,1,0,1,0,0000000,99,99,99,99,88,88,0,0,0,2,1
12,121270,1,1,0,1,1,1,1,99,0,25,7,2014,6,22,2,1,13,3,SR-809,,99998,26.62080556,-80.11350556,0,8,0,0,1,1,0,1,3,1,0,1,0,0000000,99,99,99,99,99,99,0,0,0,1,0
12,121272,2,2,0,0,0,2,2,105,0,26,7,2014,7,14,51,0,6,8,COUNTYLINE RD,RICE RD,0,27.99639722,-82.05597778,0,12,6,0,2,2,0,1,1,1,0,1,0,0000000,99,99,99,99,99,99,0,0,0,1,0
12,121273,1,1,0,0,0,2,2,95,0,27,7,2014,1,23,3,1,12,3,SR-91,,99998,28.47675556,-81.44841111,0,42,0,1,5,1,0,4,3,1,0,1,0,0000000,99,99,99,99,99,99,0,0,0,1,0
12,121274,1,1,0,0,0,1,1,86,2010,27,7,2014,1,2,12,0,16,6,S BAYSHORE DR,,0,25.72933056,-80.23661389,0,33,0,0,1,1,0,4,3,1,0,1,0,0000000,99,99,99,99,88,88,0,0,0,1,0
12,121276,1,1,0,0,0,1,1,117,2770,27,7,2014,1,7,0,1,13,2,US-17,N FRENCH AVE,99998,28.81574167,-81.27323056,0,42,0,0,1,1,0,3,4,1,0,1,0,0000000,99,99,99,99,88,88,0,0,0,1,0
12,121277,1,1,0,1,1,1,1,103,0,28,7,2014,2,16,47,0,14,3,SR-586,CR-611,99998,28.04903889,-82.70935,0,9,0,0,2,2,0,1,1,10,0,10,0,0000000,99,99,99,99,99,99,0,0,0,1,0
12,121278,1,1,0,1,1,4,4,127,780,28,7,2014,2,22,37,1,13,2,US-92,,99998,29.15369167,-81.10507222,0,8,0,0,1,1,0,1,2,1,0,1,0,0000000,99,99,99,99,88,88,0,0,0,1,0
12,121279,1,1,0,0,0,1,1,31,1510,29,7,2014,3,22,33,1,12,3,SR-113,,99998,30.32323889,-81.55911111,0,23,0,1,19,1,0,4,3,1,0,1,0,0000000,99,99,99,99,88,88,0,0,0,1,1
12,121280,1,1,0,1,1,1,1,91,1091,29,7,2014,3,21,45,1,13,3,SR-85,,99998,30.41922222,-86.60931944,0,8,0,0,1,1,0,1,3,1,0,1,0,0000000,99,99,99,99,99,99,0,0,0,1,0
12,121282,2,1,1,2,3,2,3,15,0,30,7,2014,4,21,46,1,13,2,US-41,,99998,26.95296111,-82.06231111,0,8,0,0,1,1,2,1,3,1,0,1,0,0000000,99,99,99,99,99,99,3,0,0,1,1
12,121283,1,1,0,0,0,1,1,101,0,30,7,2014,4,19,30,0,6,8,STRAUBER MEMORIAL HWY,,0,28.21317778,-82.76056389,0,1,0,0,1,1,0,1,5,1,0,1,0,0000000,19,39,19,47,99,99,0,0,0,1,0
12,121284,2,2,0,0,0,4,4,57,0,30,7,2014,4,21,46,1,13,3,SR-60,78TH ST,99998,27.95195833,-82.36893611,0,12,2,0,2,2,0,1,3,1,0,1,0,0000000,99,99,99,99,99,99,0,0,0,1,0
12,121285,2,2,0,0,0,2,2,105,0,31,7,2014,5,19,0,1,13,2,US-92,CLARK RD,99998,28.03138889,-82.03946111,0,12,6,0,2,2,0,1,1,1,0,1,0,0000000,99,99,99,99,99,99,0,0,0,1,0
12,121286,2,2,0,0,0,2,2,99,0,31,7,2014,5,16,40,1,13,2,US-98,,99998,26.67813056,-80.12511667,0,33,0,1,19,1,0,3,1,2,0,2,0,0000000,99,99,99,99,88,88,0,0,0,1,0
12,121287,1,1,0,0,0,1,1,97,0,1,8,2014,6,7,10,0,16,6,CR-15,,0,28.26440278,-81.52569722,0,42,0,0,1,1,0,4,2,1,0,1,0,0000000,99,99,99,99,88,88,0,0,0,1,1
12,121288,2,1,1,0,1,1,2,127,0,1,8,2014,6,14,11,1,11,1,I-95,,99998,29.19813611,-81.09576944,0,14,0,0,1,1,0,4,1,1,0,1,0,0000000,99,99,99,99,88,88,0,0,0,1,0
12,121289,1,1,0,1,1,1,1,57,2950,1,8,2014,6,21,48,0,16,6,OSBORNE AVE E,15TH ST N,0,27.98875556,-82.44296944,0,9,0,0,2,2,0,1,3,10,0,10,0,0000000,99,99,99,99,99,99,0,0,0,1,0
12,121290,3,3,0,0,0,5,5,97,0,2,8,2014,7,7,50,0,16,6,N POINCIANA BLVD,,0,28.28576111,-81.47181111,0,12,2,0,1,1,0,1,1,1,0,1,0,0000000,99,99,99,99,99,99,0,0,0,1,0
12,121291,1,1,0,0,0,1,1,97,0,2,8,2014,7,17,40,1,13,3,SR-429 RAMP,SINCLAIR RD,99998,28.29372222,-81.60072778,0,31,0,1,5,1,0,4,1,10,0,10,0,0000000,99,99,99,99,99,99,0,0,0,1,0
12,121292,1,1,0,0,0,2,2,73,0,2,8,2014,7,6,30,0,6,8,TOWER RD,,0,30.52866667,-84.38901111,0,3,0,0,1,1,0,5,4,1,0,1,0,0000000,99,99,99,99,88,88,0,0,0,1,1
12,121293,1,1,0,1,1,1,1,111,1080,21,5,2014,4,6,42,1,13,2,US-1,HIGH POINT BLVD,99998,27.40347222,-80.32584722,0,9,0,0,1,1,0,4,1,1,0,1,0,0000000,99,99,99,99,99,99,0,0,0,1,0
12,121295,3,3,0,0,0,4,4,86,0,5,6,2014,5,18,53,0,6,6,SW 152ND AVE,7515 SW 152ND AVE,0,25.69577222,-80.43836944,0,12,6,0,2,3,0,1,1,1,0,1,0,0000000,99,99,99,99,88,88,0,0,0,1,0
12,121296,1,1,0,0,0,4,4,31,1510,21,6,2014,7,5,30,0,16,6,MONCRIEF RD,,0,30.38199167,-81.69699167,0,33,0,0,1,1,0,4,3,10,0,10,0,0000000,99,99,99,99,99,99,0,0,0,1,0
12,121297,1,1,0,0,0,4,4,31,1510,20,7,2014,1,4,13,0,16,6,MANDARIN RD,,0,30.15795,-81.66849722,0,42,0,0,1,1,0,4,3,2,0,2,0,0000000,99,99,99,99,99,99,0,0,0,1,1
12,121298,2,2,0,0,0,2,2,73,2940,22,8,2014,6,23,39,1,13,3,SR-61,WOODGATE WAY E,99998,30.48625278,-84.25651389,0,12,6,0,2,3,0,1,3,1,0,1,0,0000000,99,99,99,99,99,99,0,0,0,1,0
12,121299,2,2,0,0,0,2,2,11,760,22,8,2014,6,14,49,1,13,2,US-1,OLD GRIFFIN RD,99998,26.05929167,-80.14386944,0,12,6,1,2,3,0,1,1,1,0,1,0,0000000,99,99,99,99,99,99,0,0,0,1,0
12,121300,1,1,0,0,0,1,1,11,2948,12,8,2014,3,17,7,0,16,6,BAILEY RD,,0,26.20103056,-80.22293889,0,33,0,0,1,1,0,4,1,1,0,1,0,0000000,99,99,99,99,88,88,0,0,0,1,0
12,121301,1,1,0,1,1,3,3,11,3193,13,8,2014,4,19,52,0,16,6,SADDLE CLUB RD,,0,26.10591389,-80.41326111,0,9,0,0,1,1,0,1,1,1,0,1,0,0000000,99,99,99,99,88,88,16,0,0,1,0
12,121302,2,2,0,0,0,2,2,31,1510,19,8,2014,3,16,26,1,13,2,US-17,27TH ST,99998,30.36084722,-81.65351111,0,12,6,0,2,2,0,1,1,1,0,1,0,0000000,99,99,99,99,99,99,0,0,0,1,0
12,121303,2,2,0,0,0,2,2,71,0,8,8,2014,6,8,58,0,6,6,ALICO RD,,0,26.49275833,-81.82940278,0,12,1,0,1,1,0,1,1,1,0,1,0,0000000,99,99,99,99,99,99,0,0,0,1,0
12,121304,1,1,0,0,0,1,1,57,0,20,8,2014,4,0,29,0,6,6,GUNN HWY,DALE MABRY HWY,0,28.03643333,-82.50497222,0,30,0,0,3,98,0,4,2,1,0,1,0,0000000,99,99,99,99,99,99,0,0,0,1,0
12,121305,1,1,0,1,1,1,1,57,0,23,8,2014,7,4,45,0,6,6,MAGGIE ST,,0,27.71354722,-82.30772778,0,8,0,0,1,1,0,1,2,1,0,1,0,0000000,99,99,99,99,99,99,0,0,0,1,0
12,121306,3,3,0,0,0,4,4,93,0,7,8,2014,5,8,44,0,3,3,SR-15,NW 240TH ST,99998,27.46471111,-80.808775,0,12,6,0,2,3,0,1,1,1,0,1,0,0000000,99,99,99,99,99,99,0,0,0,1,0
12,121307,1,1,0,1,1,1,1,53,390,8,8,2014,6,12,40,1,13,3,SR-50,,99998,28.538325,-82.39419167,0,9,0,0,1,1,0,1,1,10,0,10,0,0000000,99,99,99,99,99,99,0,0,0,1,0
12,121308,2,2,0,0,0,5,5,95,2360,9,8,2014,7,3,4,0,14,3,SR-552,CONWAY RD,99998,28.52431944,-81.33111667,0,12,6,0,2,2,0,1,3,10,0,10,0,0000000,99,99,99,99,99,99,0,0,0,2,2
12,121309,2,2,0,0,0,3,3,99,290,21,7,2014,2,20,48,0,16,6,ST ANDREWS BLVD,TOWN CLUB BLVD,0,26.35585833,-80.13589167,0,12,6,0,2,2,0,1,5,1,0,1,0,0000000,99,99,99,99,99,99,0,0,0,1,0
12,121310,2,2,0,0,0,4,4,11,2468,13,8,2014,4,21,5,1,13,3,SR-817,,99998,26.00595278,-80.24810278,0,12,6,0,1,1,0,1,3,1,0,1,0,0000000,99,99,99,99,99,99,0,0,0,1,0
12,121311,1,1,0,1,1,2,2,71,1070,8,8,2014,6,22,0,0,16,6,FOWLER ST,SIMPSON ST,0,26.61355833,-81.8619,0,8,0,0,3,2,0,1,3,1,0,1,0,0000000,99,99,99,99,88,88,0,0,0,1,0
12,121312,1,1,0,0,0,1,1,71,1070,9,8,2014,7,1,57,0,16,6,FOWLER AVE,,0,26.59364444,-81.86505278,0,1,0,0,1,1,0,3,2,1,0,1,0,0000000,99,99,99,99,88,88,0,0,0,1,1
12,121313,1,1,0,0,0,2,2,49,3120,3,8,2014,1,2,12,0,16,6,ML KING BLVD,,0,27.54559167,-81.80111389,0,42,0,0,1,1,0,4,3,1,0,1,0,0000000,99,99,99,99,99,99,0,0,0,1,0
12,121314,1,1,0,0,0,1,1,31,1510,3,8,2014,1,0,5,0,16,6,GIRVIN RD,,0,30.2995,-81.599,0,30,0,0,1,1,0,4,3,1,0,1,0,0000000,99,99,99,99,88,88,20,0,0,1,0
12,121315,2,2,0,0,0,2,2,31,1510,8,8,2014,6,16,5,0,16,6,MAIN ST,,0,30.32263056,-81.65854167,0,21,0,0,1,1,0,4,1,2,0,2,0,0000000,99,99,99,99,99,99,0,0,0,1,1
12,121316,2,2,0,0,0,6,6,31,1510,15,8,2014,6,17,40,0,16,6,DUVAL RD,ARMSDALE RD,0,30.4534,-81.68427222,0,12,6,0,2,2,0,1,1,1,0,1,0,0000000,99,99,99,99,99,99,0,0,0,1,0
12,121319,2,2,0,0,0,2,2,117,0,23,8,2014,7,1,50,1,12,3,SR-417,,99998,28.65160556,-81.23499444,0,12,2,1,18,1,0,1,2,1,0,1,0,0000000,99,99,99,99,99,99,0,0,0,2,1
12,121320,1,1,0,0,0,2,2,107,0,13,8,2014,4,22,32,0,6,6,BROWNS LANDING RD,,0,29.59725556,-81.63809722,0,3,0,0,1,1,0,5,3,10,0,10,0,0000000,99,99,99,99,88,88,0,0,0,1,1
12,121321,1,1,0,0,0,1,1,97,0,15,8,2014,6,8,37,0,16,6,HICKORY TREE RD,,0,28.18190278,-81.24334722,0,18,0,0,1,1,0,4,1,1,0,1,0,0000000,99,99,99,99,88,88,0,0,0,1,1
12,121322,2,2,0,0,0,6,6,117,2770,12,8,2014,3,22,22,0,16,6,E 20TH ST,,0,28.79405278,-81.25245556,0,12,2,0,1,1,0,1,2,1,0,1,0,0000000,99,99,99,99,99,99,0,0,0,1,0
12,121323,1,1,0,1,1,1,1,101,0,31,7,2014,5,9,29,0,14,2,US-19,,99998,28.17525278,-82.74746944,0,8,0,0,1,1,0,1,1,1,0,1,0,0000000,9,20,9,28,99,99,0,0,0,1,0
12,121324,1,1,0,0,0,6,6,127,0,2,8,2014,7,23,37,0,3,3,SR-44,,99998,29.02006944,-81.36775,0,34,0,0,1,1,0,4,2,1,0,1,0,0000000,99,99,99,99,99,99,0,0,0,1,1
12,121325,1,1,0,0,0,2,2,86,1340,3,8,2014,1,4,13,1,13,2,US-27,,99998,25.81739722,-80.27315278,0,30,0,0,1,1,0,4,3,1,0,1,0,0000000,99,99,99,99,99,99,0,0,0,1,0
12,121326,1,1,0,1,1,1,1,86,0,3,8,2014,1,0,50,1,11,1,I-75,,99998,25.94726111,-80.35166111,0,8,0,0,1,1,0,1,2,10,0,10,0,0000000,99,99,99,99,88,88,0,0,0,1,0
12,121327,2,2,0,0,0,4,4,115,0,5,8,2014,3,14,20,0,14,3,SR-72,I-75,99998,27.26923889,-82.45040556,0,12,6,1,2,2,0,1,1,10,0,10,0,0000000,99,99,99,99,99,99,0,0,0,1,0
12,121328,1,1,0,0,0,1,1,21,0,5,8,2014,3,21,46,0,16,6,ADKINS AVE,SUNSET BLVD,0,26.11817778,-81.71586944,0,34,0,0,3,3,0,4,2,1,0,1,0,0000000,99,99,99,99,99,99,0,0,0,1,0
12,121329,4,3,1,0,0,4,4,107,0,5,8,2014,3,16,30,1,13,3,SR-207,E MCCORMICK RD,99998,29.6511,-81.59479167,0,12,6,0,2,2,0,1,1,1,0,1,0,0000000,99,99,99,99,99,99,14,0,0,1,0
12,121330,1,1,0,1,1,2,2,21,0,7,8,2014,5,6,44,0,16,6,EAST EUSTIS AVE,,0,26.41130556,-81.41521389,0,8,0,0,1,1,0,1,4,1,0,1,0,0000000,99,99,99,99,99,99,0,0,0,1,0
12,121331,2,2,0,1,1,2,2,11,771,7,8,2014,5,4,53,1,12,3,SR-91,,99998,26.05554167,-80.21493611,0,8,0,0,1,1,0,1,3,1,0,1,0,0000000,99,99,99,99,88,88,0,0,0,1,0
12,121332,1,1,0,0,0,1,1,121,0,7,8,2014,5,22,25,0,3,3,SR-51,,99998,30.10497778,-83.17125556,0,24,0,0,1,1,0,4,2,1,0,1,0,0000000,99,99,99,99,88,88,0,0,0,1,1
12,121333,1,1,0,0,0,1,1,5,0,8,8,2014,6,10,37,0,16,6,MAGNOLIA BEACH RD,,0,30.15880833,-85.7464,0,42,0,0,1,1,0,3,1,1,0,1,0,0000000,99,99,99,99,99,99,0,0,0,1,0
12,121334,2,2,0,1,1,2,2,33,0,8,8,2014,6,21,50,1,13,3,SR-295,NORTH ST,99998,30.44525833,-87.24429167,0,8,0,0,3,2,0,1,2,10,0,10,0,0000000,99,99,99,99,88,88,0,0,0,1,0
12,121335,2,2,0,2,2,5,5,101,0,8,8,2014,6,22,2,1,13,3,SR-54,,99998,28.21696944,-82.71033889,0,8,0,0,1,1,0,1,2,1,0,1,0,0000000,22,3,22,11,99,99,0,0,0,1,0