STATE,ST_CASE,VE_TOTAL,VE_FORMS,PVH_INVL,PEDS,PERNOTMVIT,PERMVIT,PERSONS,COUNTY,CITY,DAY,MONTH,YEAR,DAY_WEEK,HOUR,MINUTE,NHS,ROAD_FNC,ROUTE,TWAY_ID,TWAY_ID2,MILEPT,LATITUDE,LONGITUD,SP_JUR,HARM_EV,MAN_COLL,RELJCT1,RELJCT2,TYP_INT,WRK_ZONE,REL_ROAD,LGT_COND,WEATHER1,WEATHER2,WEATHER,SCH_BUS,RAIL,NOT_HOUR,NOT_MIN,ARR_HOUR,ARR_MIN,HOSP_HR,HOSP_MN,CF1,CF2,CF3,FATALS,DRUNK_DR
12,121580,2,2,0,0,0,3,3,97,1590,23,9,2014,3,18,25,0,16,6,DYER BLVD,BALL PARK RD,0,28.337,-81.43087222,0,59,0,0,3,2,0,3,1,2,0,2,0,0000000,99,99,99,99,99,99,0,0,0,2,0
12,121581,2,2,0,0,0,2,2,5,1850,23,9,2014,3,10,33,1,13,3,SR-77,BALDWIN RD,99998,30.20245,-85.64958889,0,12,1,0,1,1,0,1,1,1,0,1,0,0000000,99,99,99,99,99,99,0,0,0,1,0
12,121582,3,3,0,0,0,3,3,11,771,24,9,2014,4,10,40,1,12,3,SR-91,I-595 RAMP,99998,26.08377222,-80.18733611,0,23,0,1,5,1,0,4,1,10,0,10,0,0000000,99,99,99,99,88,88,0,0,0,1,1
12,121583,1,1,0,0,0,1,1,127,0,24,9,2014,4,23,55,0,3,3,SR-40,,99998,29.18942222,-81.41936667,0,34,0,0,1,1,0,4,3,1,0,1,0,0000000,99,99,99,99,88,88,0,0,0,1,1
12,121584,2,2,0,0,0,2,2,83,0,24,9,2014,4,21,49,0,6,4,CR-25,CR-464,0,29.04106944,-81.93897778,0,12,6,0,2,3,0,1,2,1,0,1,0,0000000,99,99,99,99,99,99,0,0,0,1,0
12,121585,2,2,0,1,1,4,4,57,0,25,9,2014,5,19,48,0,6,4,CR-579,4220 CR-579,0,28.018275,-82.30247222,0,8,0,0,8,1,0,1,2,2,0,2,0,0000000,99,99,99,99,88,88,0,0,0,1,0
12,121586,1,1,0,1,1,1,1,97,0,25,9,2014,5,2,22,0,14,3,SR-535,,99998,28.34295556,-81.48438889,0,8,0,0,1,1,0,1,3,10,0,10,0,0000000,2,24,2,34,88,88,0,0,0,1,0
12,121587,1,1,0,1,1,1,1,33,0,25,9,2014,5,20,30,0,14,3,SR-292,,99998,30.38888889,-87.27258056,0,8,0,0,1,1,0,1,2,10,0,10,0,0000000,99,99,99,99,88,88,0,0,0,1,0
12,121588,1,1,0,0,0,1,1,113,0,26,9,2014,6,4,27,0,3,3,SR-87,,99998,30.9502,-87.03701944,0,43,0,0,1,1,0,4,2,1,0,1,0,0000000,99,99,99,99,88,88,0,0,0,1,1
12,121589,1,1,0,0,0,1,1,86,0,26,9,2014,6,2,30,1,12,3,SR-821 RAMP,,99998,25.75752778,-80.38466111,0,42,0,1,5,1,0,4,3,10,0,10,0,0000000,99,99,99,99,88,88,0,0,0,1,0
12,121590,2,2,0,0,0,2,2,103,0,26,9,2014,6,16,5,0,6,8,54TH AVE,37TH ST,0,27.82108889,-82.6836,0,12,6,1,2,2,0,1,1,10,0,10,0,0000000,99,99,99,99,88,88,0,0,0,1,0
12,121591,2,2,0,0,0,5,5,111,0,27,9,2014,7,21,0,1,13,2,US-1,,99998,27.47905556,-80.33869167,0,12,1,0,1,1,0,1,2,1,0,1,0,0000000,99,99,99,99,99,99,0,0,0,2,1
12,121592,1,1,0,1,1,1,1,71,0,27,9,2014,7,6,55,0,16,6,16TH ST,,0,26.62753056,-81.70481389,0,8,0,0,1,1,0,1,2,1,0,1,0,0000000,99,99,99,99,99,99,0,0,0,1,0
12,121593,1,1,0,0,0,4,4,69,0,27,9,2014,7,2,0,1,13,3,SR-50,,99998,28.57659167,-81.925725,0,42,0,0,8,1,0,5,2,10,0,10,0,0000000,99,99,99,99,99,99,0,0,0,1,1
12,121594,1,1,0,2,2,1,1,73,0,27,9,2014,7,21,55,0,6,4,CR-1543,,0,30.42838333,-84.11766944,0,8,0,0,1,1,0,1,2,10,0,10,0,0000000,99,99,99,99,99,99,0,0,0,1,0
12,121595,1,1,0,0,0,2,2,111,0,28,9,2014,1,21,30,0,6,6,FORT PIERCE BLVD,,0,27.552175,-80.4022,0,43,0,0,1,1,0,5,3,10,0,10,0,0000000,99,99,99,99,99,99,0,0,0,1,1
12,121596,1,1,0,1,1,1,1,115,0,29,9,2014,2,6,42,1,13,3,SR-780,,99998,27.33821111,-82.45575556,0,8,0,0,1,1,0,1,3,2,0,2,0,0000000,99,99,99,99,88,88,0,0,0,1,0
12,121598,1,1,0,1,1,3,3,55,0,29,9,2014,2,19,55,0,16,6,GULFVIEW RD,,0,27.46346944,-81.48491944,0,8,0,0,1,1,0,1,2,1,0,1,0,0000000,99,99,99,99,99,99,0,0,0,1,0
12,121599,1,1,0,1,1,1,1,127,0,30,9,2014,3,16,20,1,13,2,US-92,4TH ST,99998,29.13915,-81.13166111,0,9,0,0,3,3,0,1,1,10,0,10,0,0000000,99,99,99,99,88,88,0,0,0,1,0
12,121600,2,2,0,0,0,3,3,61,0,30,9,2014,3,18,20,1,13,2,US-1,GROVE ISLE CIR,99998,27.57733611,-80.37483889,0,12,6,0,2,3,4,1,5,1,0,1,0,0000000,99,99,99,99,99,99,0,0,0,1,0
12,121601,2,2,0,1,1,2,2,99,290,30,9,2014,3,6,55,1,11,1,I-95,,99998,26.39972778,-80.09015278,0,12,1,0,1,1,0,1,4,10,0,10,0,0000000,99,99,99,99,99,99,23,0,0,1,0
12,121602,1,1,0,1,1,1,1,71,0,30,9,2014,3,13,13,0,16,9,S TAMIAMI TRAIL,,0,26.54269167,-81.87076944,0,8,0,0,16,1,0,1,1,1,0,1,0,0000000,99,99,99,99,99,99,0,0,0,1,0
12,121603,2,2,0,0,0,2,2,9,0,30,9,2014,3,18,8,0,6,6,MURRELL RD,IRONGATE DR,0,28.26993056,-80.71901944,0,12,6,0,2,2,0,1,1,10,0,10,0,0000000,99,99,99,99,99,99,0,0,0,1,0
12,121604,1,1,0,1,1,1,1,9,1990,4,10,2014,7,23,0,0,16,6,SARNO RD,TUPELO DR,0,28.12163611,-80.64622778,0,8,0,0,2,2,0,1,2,1,0,1,0,0000000,99,99,99,99,99,99,0,0,0,1,0
12,121605,1,1,0,0,0,1,1,99,2840,5,10,2014,1,5,50,1,13,2,US-27,SW 1ST AVE,99998,26.65809167,-80.71281111,0,59,0,0,3,2,0,4,2,1,0,1,0,0000000,99,99,99,99,88,88,0,0,0,1,1
12,121606,2,2,0,0,0,2,2,31,1510,5,10,2014,1,0,59,0,14,3,SR-111,INA ST,99998,30.36340278,-81.73040556,0,1,0,0,3,2,0,1,3,1,0,1,0,0000000,99,99,99,99,99,99,0,0,0,1,1
12,121607,2,2,0,0,0,2,2,57,2950,27,8,2014,4,16,46,1,13,2,US-92,GANDY BLVD W,99998,27.89077222,-82.54164167,0,12,6,0,8,1,0,1,1,1,0,1,0,0000000,99,99,99,99,99,99,0,0,0,1,0
12,121608,1,1,0,0,0,1,1,105,0,6,9,2014,7,1,0,1,13,2,US-17,,99998,27.85671111,-81.57284722,0,42,0,0,1,1,0,4,2,1,0,1,0,0000000,99,99,99,99,88,88,0,0,0,1,0
12,121609,1,1,0,1,1,1,1,105,0,11,9,2014,5,21,0,0,14,3,SR-37,,99998,27.96311389,-81.96612778,0,8,0,0,1,1,0,1,2,1,0,1,0,0000000,99,99,99,99,88,88,0,0,0,1,0
12,121610,2,2,0,0,0,2,2,101,0,11,9,2014,5,8,8,1,13,3,SR-54,BROOK MANOR DR,99998,28.21867778,-82.25528611,0,12,6,0,2,3,0,1,1,1,0,1,0,0000000,99,99,99,99,99,99,0,0,0,1,0
12,121611,1,1,0,1,1,1,1,127,2375,23,9,2014,3,20,19,1,13,3,SR-5A,NORTH OLD KINGS RD,99998,29.2826,-81.08258889,0,8,0,0,3,3,0,1,3,2,0,2,0,0000000,99,99,99,99,88,88,0,0,0,1,0
12,121612,1,1,0,1,1,1,1,86,2870,25,1,2014,7,23,11,1,13,2,US-1,SW 57TH AVE,99998,25.70744167,-80.28556944,0,8,0,0,3,2,0,1,3,1,0,1,0,0000000,99,99,99,99,88,88,0,0,0,1,0
12,121613,5,3,2,0,0,4,4,86,0,29,6,2014,1,5,24,0,16,4,CR-847,,0,25.93530556,-80.27718889,0,12,1,0,1,1,0,1,3,1,0,1,0,0000000,99,99,99,99,99,99,0,0,0,3,1
12,121614,2,2,0,0,0,2,2,86,2526,16,8,2014,7,22,10,1,13,2,US-1,,99998,25.68999167,-80.30706667,0,12,6,0,8,1,0,1,3,10,0,10,0,0000000,99,99,99,99,99,99,0,0,0,1,0
12,121615,4,4,0,1,1,6,6,31,1510,6,9,2014,7,1,48,1,11,1,I-95,,99998,30.31530556,-81.67171944,0,8,0,0,1,1,4,1,2,10,0,10,0,0000000,99,99,99,99,88,88,0,0,0,1,1
12,121616,1,1,0,0,0,1,1,107,0,12,9,2014,6,21,0,0,16,4,CR-315,,0,29.59817222,-81.88555,0,1,0,0,1,1,0,4,2,1,0,1,0,0000000,99,99,99,99,88,88,0,0,0,1,1
12,121617,1,1,0,0,0,2,2,17,0,14,9,2014,1,1,8,0,6,4,CR-495,,0,28.92998889,-82.59103889,0,1,0,0,1,1,0,4,2,1,0,1,0,0000000,99,99,99,99,99,99,0,0,0,1,0
12,121618,1,1,0,1,1,3,3,53,0,18,9,2014,5,7,45,0,16,6,PITCAIRN ST,,0,28.54865556,-82.521525,0,8,0,0,1,1,0,1,4,1,0,1,0,0000000,99,99,99,99,99,99,0,0,0,1,0
12,121619,2,2,0,1,1,2,2,19,2350,20,9,2014,7,18,11,1,13,2,US-17,RAGGEDY POINT RD,99998,30.121,-81.70450556,0,12,1,0,1,1,0,1,1,10,0,10,0,0000000,99,99,99,99,99,99,23,0,0,1,0
12,121620,1,1,0,1,1,1,1,7,0,23,9,2014,3,0,40,1,13,2,US-301 S,,99998,29.97196111,-82.10151111,0,8,0,0,1,1,0,1,2,1,0,1,0,0000000,99,99,99,99,88,88,0,0,0,1,0
12,121621,2,2,0,0,0,2,2,31,1510,24,9,2014,4,23,46,1,11,1,I-10,,99998,30.30399444,-81.90458889,0,12,1,0,1,1,0,1,2,10,0,10,0,0000000,99,99,99,99,99,99,0,0,0,1,0
12,121622,1,1,0,0,0,1,1,71,0,26,9,2014,6,8,6,1,11,1,I-75,,99998,26.589075,-81.79598611,0,59,0,0,1,1,0,4,1,10,0,10,0,0000000,99,99,99,99,88,88,0,0,0,1,0
12,121623,1,1,0,1,1,1,1,15,0,26,9,2014,6,5,58,1,13,2,US-41,,99998,26.87307778,-82.00479444,0,8,0,0,1,1,0,1,2,10,0,10,0,0000000,99,99,99,99,88,88,19,0,0,1,0
12,121624,1,1,0,1,1,2,2,21,0,26,9,2014,6,12,40,0,16,4,CR-31,HOME DEPOT DRIVEWAY,0,26.13632222,-81.76611667,0,9,0,0,8,1,0,1,1,10,0,10,0,0000000,99,99,99,99,99,99,0,0,0,1,0
12,121625,1,1,0,1,1,2,2,75,3240,27,9,2014,7,23,40,1,13,2,US-41,,99998,29.36566389,-82.45586389,0,9,0,0,1,1,0,1,2,10,0,10,0,0000000,99,99,99,99,88,88,0,0,0,1,0
12,121626,1,1,0,1,1,1,1,61,3070,27,9,2014,7,1,50,0,14,3,SR-656,,99998,27.63240278,-80.36835,0,9,0,0,1,1,0,4,3,1,0,1,0,0000000,99,99,99,99,88,88,0,0,0,1,1
12,121627,1,1,0,0,0,1,1,86,2010,27,9,2014,7,3,10,0,16,6,NW 17TH AVE,,0,25.77658333,-80.22288611,0,33,0,0,1,1,0,3,3,1,0,1,0,0000000,99,99,99,99,88,88,0,0,0,1,0
12,121628,1,1,0,1,1,1,1,11,2468,27,9,2014,7,21,30,1,13,3,SR-858,,99998,25.98435,-80.19085278,0,8,0,0,1,1,0,1,3,2,0,2,0,0000000,99,99,99,99,99,99,0,0,0,1,0
12,121629,2,2,0,0,0,2,2,57,2950,28,9,2014,1,19,15,0,14,3,SR-45,OSBORNE AVE E,99998,27.98878889,-82.45113889,0,12,2,0,2,2,0,1,5,2,0,2,0,0000000,99,99,99,99,99,99,0,0,0,1,0
12,121630,3,3,0,0,0,5,5,99,0,28,9,2014,1,13,48,0,13,3,SR-809,,99998,26.50145,-80.12307778,0,12,2,0,1,1,0,1,1,1,0,1,0,0000000,99,99,99,99,99,99,0,0,0,3,0
12,121631,2,2,0,0,0,2,2,31,1510,28,9,2014,1,0,52,0,16,6,SHINDLER DR,TAYLOR FIELD RD,0,30.21666389,-81.79999722,0,12,1,1,2,2,0,1,3,1,0,1,0,0000000,99,99,99,99,99,99,0,0,0,1,0
12,121632,1,1,0,1,1,1,1,109,0,29,9,2014,2,21,10,1,13,2,US-1,,99998,29.82603889,-81.32191667,0,9,0,0,1,1,0,1,2,2,0,2,0,0000000,99,99,99,99,99,99,0,0,0,1,0
12,121633,2,2,0,0,0,2,2,105,0,30,9,2014,3,5,39,0,6,4,CR-580,SAN CLEMENTE AVE,0,28.13848056,-81.51126111,0,12,6,0,2,3,0,1,3,10,0,10,0,0000000,99,99,99,99,99,99,0,0,0,1,0
12,121634,2,2,0,0,0,3,3,127,1410,1,10,2014,4,14,33,1,13,2,US-1,FLOMICH ST,99998,29.25554444,-81.04669722,0,33,0,0,3,2,0,3,1,10,0,10,0,0000000,99,99,99,99,99,99,0,0,0,1,1
12,121635,1,1,0,0,0,1,1,63,0,2,10,2014,5,22,30,0,16,6,INDIAN SPRINGS RD,,0,30.75685833,-85.17550833,0,59,0,0,1,1,0,4,2,1,0,1,0,0000000,22,33,99,99,88,88,0,0,0,1,1
12,121636,1,1,0,0,0,2,2,79,0,2,10,2014,5,13,45,0,3,2,US-221,,99998,30.43213889,-83.62663056,0,42,0,0,1,1,0,4,1,1,0,1,0,0000000,99,99,99,99,99,99,0,0,0,1,0
12,121637,1,1,0,1,1,1,1,11,2948,2,10,2014,5,6,28,0,16,6,COMMERCIAL BLVD,,0,26.19364722,-80.28279167,0,8,0,0,1,1,0,1,2,1,0,1,0,0000000,99,99,99,99,88,88,0,0,0,1,0
12,121638,1,1,0,2,2,1,1,95,0,3,10,2014,6,23,40,0,6,8,BUMBY AVE,,0,28.52346944,-81.35150833,0,8,0,0,4,1,0,1,2,10,0,10,0,0000000,99,99,99,99,99,99,0,0,0,1,0
12,121639,1,1,0,2,2,1,1,103,1770,4,10,2014,7,19,38,1,13,3,SR-693,126TH AVE N,99998,27.88641944,-82.72923056,0,8,0,1,2,2,0,1,2,1,0,1,0,0000000,99,99,99,99,88,88,0,0,0,2,0
12,121640,1,1,0,1,1,1,1,33,0,5,10,2014,1,0,45,0,3,3,SR-4,,99998,30.97298889,-87.24176111,0,9,0,0,1,1,0,1,2,1,0,1,0,0000000,99,99,99,99,99,99,0,0,0,1,0
12,121641,1,1,0,1,1,4,4,81,0,5,10,2014,1,20,30,0,16,6,RYE RD,,0,27.4906,-82.39378889,0,9,0,0,1,1,0,1,2,1,0,1,0,0000000,20,33,20,37,99,99,0,0,0,1,0
12,121642,1,1,0,0,0,1,1,73,2940,7,10,2014,3,2,43,0,16,6,MACLAY RD,,0,30.51415278,-84.25058889,0,42,0,0,1,1,0,4,3,1,0,1,0,0000000,99,99,99,99,88,88,0,0,0,1,1
12,121643,2,2,0,0,0,2,2,31,1510,8,10,2014,4,11,26,0,16,6,OLD ST AUGUSTINE RD,PRINCESS LABETH CT,0,30.15656944,-81.59348056,0,12,6,0,2,2,0,1,1,1,0,1,0,0000000,99,99,99,99,99,99,0,0,0,1,0
12,121644,2,2,0,0,0,3,3,85,1405,20,1,2014,2,13,43,1,13,2,US-1,SEABRANCH BLVD,99998,27.116775,-80.17818056,0,12,6,0,2,3,0,1,1,1,0,1,0,0000000,99,99,99,99,99,99,0,0,0,1,0
12,121645,1,1,0,1,1,5,5,86,1440,13,7,2014,1,22,30,1,13,2,US-1,,99998,25.53878056,-80.40883889,0,8,0,0,1,1,0,1,3,1,0,1,0,0000000,99,99,99,99,99,99,0,0,0,1,0
12,121646,1,1,0,1,1,1,1,105,0,9,8,2014,7,6,40,0,6,8,CLUBHOUSE RD,,0,27.96748611,-81.903525,0,8,0,0,1,1,0,1,2,1,0,1,0,0000000,99,99,99,99,88,88,0,0,0,1,0
12,121648,1,1,0,0,0,1,1,86,0,25,8,2014,2,2,45,0,6,9,SW 142ND AVE,,0,25.69775833,-80.42273056,0,1,0,0,1,1,0,4,2,1,0,1,0,0000000,99,99,99,99,88,88,0,0,0,1,1
12,121649,2,2,0,0,0,2,2,121,1830,2,9,2014,3,20,32,0,3,2,US-129,,99998,30.31683611,-82.97141111,0,12,1,0,1,1,0,1,2,2,0,2,0,0000000,99,99,99,99,99,99,0,0,0,1,0
12,121651,1,1,0,0,0,1,1,105,1740,12,9,2014,6,15,31,0,16,6,CENTRAL AVE W,,0,27.90231111,-81.60628333,0,42,0,0,1,1,0,4,1,10,0,10,0,0000000,99,99,99,99,88,88,0,0,0,1,1
12,121652,2,2,0,0,0,2,2,11,1782,15,9,2014,2,23,6,1,13,3,SR-817,,99998,26.19322222,-80.25211944,0,12,1,0,1,1,0,1,3,1,0,1,0,0000000,99,99,99,99,99,99,0,0,0,1,0
12,121653,1,1,0,1,1,1,1,86,1340,16,9,2014,3,13,28,1,13,3,SR-932,,99998,25.86668889,-80.30415833,0,8,0,0,1,1,0,1,1,10,0,10,0,0000000,99,99,99,99,88,88,0,0,0,1,0
12,121654,1,1,0,0,0,4,4,105,1690,16,9,2014,3,23,30,0,13,3,SR-563,CENTRAL AVE,99998,28.02743889,-81.97213889,0,42,0,0,3,3,0,4,2,10,0,10,0,0000000,99,99,99,99,88,88,0,0,0,1,0
12,121655,1,1,0,1,1,5,5,113,2070,20,9,2014,7,20,15,0,14,3,SR-89,STARHILL DR,99998,30.635075,-87.055725,0,8,0,0,2,3,0,1,3,1,0,1,0,0000000,99,99,99,99,99,99,0,0,0,1,0
12,121656,1,1,0,0,0,1,1,61,0,21,9,2014,1,17,38,1,13,2,US-1,,99998,27.85021944,-80.48973889,0,24,0,1,19,1,0,4,1,10,0,10,0,0000000,99,99,99,99,99,99,0,0,0,1,1
12,121657,2,2,0,0,0,3,3,119,0,22,9,2014,2,16,5,0,3,3,SR-50,,99998,28.57836111,-81.9802,0,12,2,0,1,1,0,1,1,2,0,2,0,0000000,99,99,99,99,99,99,0,0,0,1,0
12,121658,3,2,1,0,0,2,2,86,2010,25,9,2014,5,17,44,0,14,2,US-441,NW 50TH ST,99998,25.82121667,-80.20800278,0,12,6,0,2,2,0,1,1,2,0,2,0,0000000,99,99,99,99,99,99,0,0,0,1,0
12,121659,1,1,0,0,0,1,1,109,0,27,9,2014,7,15,0,0,6,8,ROBERTS RD,GREENFIELD DR,0,30.07414722,-81.61341111,0,33,0,0,3,3,0,4,9,99,0,99,0,0000000,99,99,99,99,88,88,0,0,0,1,1
12,121660,2,2,0,0,0,3,3,15,0,28,9,2014,1,3,13,1,11,1,I-75,,99998,26.980475,-82.02388611,0,12,1,0,1,1,0,1,3,1,0,1,0,0000000,99,99,99,99,99,99,0,0,0,1,0
12,121662,2,2,0,0,0,2,2,95,0,29,9,2014,2,19,55,0,16,6,VALENCIA COLLEGE LN,CHICKSAW TRL,0,28.55369444,-81.27773889,0,12,6,0,2,2,0,1,2,2,0,2,0,0000000,99,99,99,99,99,99,0,0,0,1,0
12,121663,1,1,0,1,1,1,1,15,0,2,10,2014,5,6,39,0,16,6,EASY ST,,0,26.99127222,-82.09393611,0,8,0,0,1,1,0,1,3,1,0,1,0,0000000,99,99,99,99,99,99,0,0,0,1,0
12,121664,2,2,0,0,0,3,3,91,0,2,10,2014,5,10,40,1,13,3,SR-85,,99998,30.53605556,-86.49220833,0,31,0,0,1,1,4,3,1,1,0,1,0,0000000,99,99,99,99,99,99,0,0,0,1,0
12,121665,1,1,0,0,0,2,2,127,0,3,10,2014,6,17,21,1,13,3,SR-472,,99998,28.972025,-81.28453056,0,34,0,0,1,1,0,3,1,10,0,10,0,0000000,99,99,99,99,99,99,0,0,0,1,0
12,121666,1,1,0,0,0,1,1,131,0,9,10,2014,5,14,8,0,6,6,OLD JOLLY BAY ROAD,,0,30.45798889,-86.12164444,0,42,0,0,1,1,0,4,1,1,0,1,0,0000000,99,99,99,99,88,88,0,0,0,1,1
12,121667,1,1,0,0,0,1,1,81,0,10,10,2014,6,1,30,1,13,2,US-41,,99998,27.39995556,-82.56489167,0,30,0,0,1,1,0,4,3,1,0,1,0,0000000,99,99,99,99,88,88,0,0,0,1,1
12,121669,1,1,0,1,1,5,5,97,0,11,10,2014,7,20,16,1,13,2,US-192,,99998,28.30403889,-81.4604,0,15,0,0,1,1,0,1,3,1,0,1,0,0000000,99,99,99,99,99,99,0,0,0,1,0
12,121670,2,2,0,1,1,3,3,115,0,12,10,2014,1,12,8,0,16,6,17TH ST,PRUDENCE DR,0,27.35231111,-82.49128056,0,12,6,1,2,2,0,1,1,1,0,1,0,0000000,99,99,99,99,99,99,0,0,0,1,0
12,121671,1,1,0,0,0,1,1,123,2510,19,3,2014,4,12,50,1,13,2,US-221,105 MAIN ST,99998,30.11789722,-83.58259722,0,42,0,0,1,1,0,5,1,1,0,1,0,0000000,99,99,99,99,88,88,0,0,0,1,0
12,121673,2,2,0,0,0,3,3,11,771,24,6,2014,3,16,52,1,13,3,SR-817,,99998,26.08861667,-80.25102222,0,12,1,0,1,1,0,1,1,1,0,1,0,0000000,99,99,99,99,88,88,0,0,0,1,0
12,121674,1,1,0,1,1,1,1,57,2950,19,7,2014,7,21,45,0,14,2,US-41,,99998,28.048325,-82.45933889,0,8,0,0,1,1,0,1,3,1,0,1,0,0000000,99,99,99,99,99,99,0,0,0,1,0
12,121675,1,1,0,1,1,3,3,57,2950,19,7,2014,7,5,55,1,13,2,US-41,,99998,27.95661667,-82.40174444,0,8,0,0,1,1,0,1,4,1,0,1,0,0000000,99,99,99,99,99,99,0,0,0,1,0
12,121676,1,1,0,0,0,2,2,57,2950,26,7,2014,7,3,38,0,16,6,LAKE AVE E,43RD ST N,0,27.97798333,-82.40887222,0,43,0,0,1,1,0,4,2,1,0,1,0,0000000,99,99,99,99,88,88,0,0,0,2,1
12,121677,1,1,0,0,0,1,1,11,1050,31,7,2014,5,11,59,0,16,6,PORT ROYALE BLVD,,0,26.20900556,-80.10632778,0,33,0,0,1,1,0,4,1,1,0,1,0,0000000,99,99,99,99,99,99,0,0,0,1,0
12,121678,1,1,0,0,0,1,1,53,0,16,6,2014,2,18,0,0,6,4,CR-481,,0,28.60903889,-82.35936944,0,16,0,0,1,1,0,1,1,2,6,2,0,0000000,99,99,99,99,88,88,0,0,0,1,0
12,121679,1,1,0,1,1,1,1,86,0,14,8,2014,5,8,35,0,6,8,NE 179TH ST,DIXIE HWY,0,25.94164722,-80.14958611,0,8,0,0,3,2,0,1,1,1,0,1,0,0000000,99,99,99,99,99,99,0,0,0,1,0
12,121680,1,1,0,1,1,1,1,57,2950,28,8,2014,5,20,35,0,16,9,LILY WHITE CT,,0,27.95941389,-82.44834167,0,8,0,0,1,1,0,1,2,1,0,1,0,0000000,99,99,99,99,99,99,0,0,0,1,0
12,121681,1,1,0,0,0,1,1,105,0,29,8,2014,6,23,15,1,13,2,US-98,,99998,28.18012222,-81.99238611,0,1,0,0,1,1,4,1,2,1,0,1,0,0000000,99,99,99,99,99,99,0,0,0,1,1
12,121682,1,1,0,0,0,2,2,109,0,1,9,2014,2,10,29,1,1,1,I-95,,99998,30.10053056,-81.50106111,0,1,0,0,1,1,0,1,1,1,0,1,0,0000000,99,99,99,99,99,99,0,0,0,1,0
12,121683,2,2,0,0,0,3,3,103,2730,4,9,2014,5,11,56,0,16,6,73RD AVE N,DR MARTIN LUTHER KING JR ST N,0,27.83865833,-82.64694444,0,33,0,0,3,2,0,4,1,1,0,1,0,0000000,99,99,99,99,99,99,0,0,0,1,0
12,121684,2,2,0,0,0,2,2,35,0,11,9,2014,5,16,46,0,3,3,SR-11,CR-304,99998,29.34338056,-81.31118611,0,12,6,0,2,2,0,1,1,1,0,1,0,0000000,99,99,99,99,99,99,0,0,0,1,0
12,121685,1,1,0,0,0,1,1,99,290,11,9,2014,5,18,33,0,16,9,1900 W CAMINO REAL,,0,26.34406111,-80.12151944,0,43,0,0,1,1,0,1,5,2,0,2,0,0000000,99,99,99,99,99,99,0,0,0,1,0
12,121686,1,1,0,0,0,2,2,35,2439,14,9,2014,1,2,25,1,12,1,I-95 RAMP,PALM COAST PKWY,99998,29.55099167,-81.21566944,0,42,0,1,5,1,0,4,2,1,0,1,0,0000000,99,99,99,99,99,99,0,0,0,1,1
12,121687,1,1,0,0,0,1,1,57,0,18,9,2014,5,3,32,0,3,3,SR-589,,99998,28.02579722,-82.54431389,0,39,0,0,1,1,4,3,3,1,0,1,0,0000000,99,99,99,99,99,99,0,0,0,1,1
12,121688,1,1,0,0,0,1,1,109,0,19,9,2014,6,3,13,0,3,3,SR-A1A,,99998,30.11135833,-81.34435,0,1,0,0,1,1,0,1,2,1,0,1,0,0000000,99,99,99,99,88,88,0,0,0,1,1
12,121689,1,1,0,1,1,1,1,86,0,19,9,2014,6,12,45,0,6,6,SW 280TH ST,,0,25.50685,-80.42905833,0,8,0,0,1,1,0,1,1,2,0,2,0,0000000,99,99,99,99,99,99,0,0,0,1,0
12,121690,1,1,0,0,0,1,1,17,0,21,9,2014,1,14,51,0,16,6,HEATHERWOOD ST,,0,28.73165278,-82.36432222,0,42,0,0,1,1,0,5,1,10,0,10,0,0000000,99,99,99,99,88,88,0,0,0,1,0
12,121691,2,2,0,0,0,3,3,105,0,22,9,2014,2,11,0,0,16,6,ERNEST M SMITH BLVD,OLD BARTOW EAGLE LAKE ROAD,0,27.92474167,-81.82405556,0,12,6,1,2,2,0,1,1,1,0,1,0,0000000,99,99,99,99,99,99,0,0,0,2,0
12,121692,1,1,0,1,1,1,1,103,2730,25,9,2014,5,18,52,0,16,6,13TH AVE S,651 13TH AVE,0,27.75799167,-82.64175,0,8,0,0,4,1,0,1,5,10,0,10,0,0000000,99,99,99,99,88,88,0,0,0,1,0
12,121693,2,2,0,0,0,4,4,86,0,27,9,2014,7,21,50,1,12,3,SR-826,SR-91,99998,25.93065278,-80.20962778,0,12,6,1,2,3,0,1,3,2,0,2,0,0000000,99,99,99,99,99,99,0,0,0,1,0
12,121694,1,1,0,1,1,1,1,53,0,28,9,2014,1,19,50,0,6,6,SPRING HILL DR,,0,28.45930833,-82.54919444,0,8,0,0,1,1,0,1,3,2,0,2,0,0000000,99,99,99,99,99,99,23,19,0,1,0
12,121695,1,1,0,0,0,1,1,17,0,28,9,2014,1,20,50,1,13,2,US-19,US-98,99998,28.72516667,-82.55280278,0,33,0,1,3,3,0,3,2,2,0,2,0,0000000,99,99,99,99,99,99,0,0,0,1,0
12,121696,2,2,0,0,0,2,2,11,633,1,10,2014,4,2,8,0,13,3,SR-810,LYONS RD,99998,26.31760833,-80.18639444,0,12,2,0,2,2,0,1,3,1,0,1,0,0000000,99,99,99,99,99,99,0,0,0,1,2