STATE,ST_CASE,VE_TOTAL,VE_FORMS,PVH_INVL,PEDS,PERNOTMVIT,PERMVIT,PERSONS,COUNTY,CITY,DAY,MONTH,YEAR,DAY_WEEK,HOUR,MINUTE,NHS,ROAD_FNC,ROUTE,TWAY_ID,TWAY_ID2,MILEPT,LATITUDE,LONGITUD,SP_JUR,HARM_EV,MAN_COLL,RELJCT1,RELJCT2,TYP_INT,WRK_ZONE,REL_ROAD,LGT_COND,WEATHER1,WEATHER2,WEATHER,SCH_BUS,RAIL,NOT_HOUR,NOT_MIN,ARR_HOUR,ARR_MIN,HOSP_HR,HOSP_MN,CF1,CF2,CF3,FATALS,DRUNK_DR
12,121697,1,1,0,0,0,3,3,97,0,3,10,2014,6,20,43,0,13,2,US-441,,99998,28.11019444,-81.07625278,0,32,0,0,1,1,0,4,2,1,0,1,0,0000000,99,99,99,99,99,99,0,0,0,1,1
12,121698,2,2,0,0,0,2,2,101,0,3,10,2014,6,15,5,1,13,3,SR-54,BLACK LAKE RD,99998,28.19144167,-82.57091667,0,12,6,0,2,2,0,1,1,1,0,1,0,0000000,99,99,99,99,88,88,0,0,0,1,1
12,121699,2,2,0,0,0,5,5,11,771,3,10,2014,6,23,59,0,14,3,SR-848,DAVIE RD,99998,26.04595556,-80.23148333,0,12,6,0,2,2,0,1,3,1,0,1,0,0000000,99,99,99,99,99,99,0,0,0,1,0
12,121700,1,1,0,1,1,1,1,51,0,4,10,2014,7,0,15,0,3,3,SR-29,,99998,26.67658889,-81.43651944,0,8,0,0,1,1,0,1,2,1,0,1,0,0000000,99,99,99,99,88,88,0,0,0,1,0
12,121701,2,2,0,0,0,2,2,86,0,6,10,2014,2,1,10,1,13,3,SR-976,SW 117TH AVE,99998,25.73211111,-80.38318611,0,12,1,1,3,2,0,1,3,10,0,10,0,0000000,99,99,99,99,88,88,20,0,0,1,0
12,121702,1,1,0,1,1,1,1,57,2950,8,10,2014,4,19,35,1,13,2,US-41,,99998,27.99106667,-82.41400833,0,8,0,0,1,1,0,1,5,1,0,1,0,0000000,99,99,99,99,99,99,0,0,0,1,0
12,121703,2,1,1,0,1,1,2,81,0,10,10,2014,6,5,14,1,11,1,I-75,,99998,27.54958889,-82.51108333,0,14,0,1,19,1,0,4,2,1,0,1,0,0000000,99,99,99,99,88,88,0,0,0,1,1
12,121704,2,2,0,0,0,2,2,127,0,10,10,2014,6,19,0,0,6,4,CR-4101,MIMOSA LN,0,29.04243611,-81.26006111,0,12,1,1,3,3,0,1,5,1,0,1,0,0000000,99,99,99,99,99,99,0,0,0,1,0
12,121705,1,1,0,1,1,1,1,99,3190,11,10,2014,7,21,1,0,16,6,PALM BEACH LAKES BLVD,ROBBINS DR,0,26.71619444,-80.09223333,0,8,0,0,3,2,0,1,3,1,0,1,0,0000000,99,99,99,99,99,99,0,0,0,1,0
12,121706,2,2,0,0,0,2,2,113,0,11,10,2014,7,11,0,0,3,3,SR-87,,99998,30.56417778,-86.92159722,0,1,0,0,1,1,0,4,1,1,0,1,0,0000000,99,99,99,99,99,99,0,0,0,1,0
12,121707,1,1,0,1,1,3,3,83,0,11,10,2014,7,22,20,0,16,6,SW 103RD ST RD,,0,29.06896111,-82.235375,0,8,0,0,1,1,0,1,2,1,0,1,0,0000000,99,99,99,99,99,99,0,0,0,1,0
12,121708,1,1,0,1,1,1,1,33,0,11,10,2014,7,4,40,0,14,3,SR-296,SOUTH GULF MANOR,99998,30.46063889,-87.27936944,0,8,0,0,2,3,0,1,2,10,0,10,0,0000000,99,99,99,99,88,88,0,0,0,1,0
12,121709,1,1,0,1,1,1,1,33,0,11,10,2014,7,20,10,1,13,2,US-98,,99998,30.40352222,-87.3498,0,9,0,0,1,1,0,1,2,1,0,1,0,0000000,99,99,99,99,88,88,0,0,0,1,0
12,121710,2,2,0,0,0,5,5,86,0,12,10,2014,1,23,1,1,13,2,US-27,NW 103 ST,99998,25.86724444,-80.34005278,0,12,1,0,3,3,0,1,3,1,0,1,0,0000000,99,99,99,99,88,88,0,0,0,1,0
12,121711,2,2,0,0,0,2,2,95,0,13,10,2014,2,19,20,0,6,8,BRADSHAW RD,,0,28.67176111,-81.52175,0,12,1,0,1,1,0,1,5,1,0,1,0,0000000,99,99,99,99,99,99,0,0,0,1,1
12,121712,2,2,0,1,1,5,5,95,0,13,10,2014,2,3,14,0,16,6,WEST OAK RIDGE RD,,0,28.47261111,-81.39263889,0,8,0,0,1,1,0,1,3,1,0,1,0,0000000,99,99,99,99,99,99,14,0,0,1,0
12,121713,1,1,0,1,1,1,1,31,1510,16,10,2014,5,23,30,0,14,3,SR-111,,99998,30.311325,-81.730675,0,8,0,0,1,1,0,1,3,1,0,1,0,0000000,99,99,99,99,99,99,0,0,0,1,0
12,121714,1,1,0,0,0,1,1,93,0,1,9,2014,2,19,0,0,6,4,CR-68,US-441,0,27.3906,-80.81601111,0,38,0,0,3,3,0,5,5,1,0,1,0,0000000,99,99,99,99,88,88,18,0,0,1,1
12,121715,1,1,0,1,1,1,1,11,1050,8,9,2014,2,21,48,1,13,2,US-1,,99998,26.2011,-80.10953056,0,8,0,0,1,1,0,1,3,1,0,1,0,0000000,99,99,99,99,99,99,0,0,0,1,1
12,121716,2,2,0,0,0,6,6,99,0,14,6,2014,7,21,20,0,6,6,JOG RD,LAKE IDA RD,0,26.46911111,-80.14711667,0,12,6,0,2,2,0,1,3,10,0,10,0,0000000,99,99,99,99,99,99,0,0,0,2,0
12,121717,2,2,0,1,1,2,2,1,1130,24,7,2014,5,16,49,0,16,6,SW 20TH AVE,SW 40TH TERR,0,29.63431667,-82.38466389,0,9,0,0,3,3,0,1,1,1,0,1,0,0000000,99,99,99,99,99,99,0,0,0,1,0
12,121718,2,2,0,0,0,6,6,93,2300,30,7,2014,4,14,57,1,13,2,US-98,SR-70,99998,27.24370833,-80.82986667,0,12,6,0,2,2,0,1,1,10,0,10,0,0000000,99,99,99,99,99,99,0,0,0,1,0
12,121719,2,2,0,0,0,2,2,11,9997,31,7,2014,5,12,13,0,16,6,SW 40TH AVE,SW 26TH ST,0,25.98719444,-80.18311389,0,12,2,0,2,2,0,1,1,1,0,1,0,0000000,99,99,99,99,99,99,0,0,0,1,0
12,121720,1,1,0,0,0,3,3,86,1340,14,9,2014,1,16,0,0,14,3,SR-934,,99998,25.84090833,-80.27966667,0,43,0,0,1,1,0,4,1,1,0,1,0,0000000,99,99,99,99,99,99,0,0,0,1,0
12,121721,1,1,0,1,1,1,1,91,710,16,9,2014,3,99,99,0,16,6,ANTIOCH RD,,0,30.71466111,-86.60764722,0,8,0,0,1,1,0,1,9,1,0,1,0,0000000,99,99,99,99,99,99,0,0,0,1,0
12,121722,3,3,0,0,0,4,4,86,1340,18,9,2014,5,11,35,0,16,6,E 4TH AVE,E 59TH ST,0,25.87618611,-80.27491667,0,12,6,0,2,2,0,1,1,1,0,1,0,0000000,99,99,99,99,88,88,0,0,0,1,0
12,121723,1,1,0,1,1,1,1,101,0,20,9,2014,7,4,10,1,13,2,US-19,,99998,28.33778611,-82.69913889,0,8,0,0,1,1,0,1,3,2,0,2,0,0000000,99,99,99,99,88,88,0,0,0,1,0
12,121724,1,1,0,1,1,3,3,105,0,26,9,2014,6,6,45,0,6,6,KATHLEEN RD,,0,28.16260833,-82.02333056,0,9,0,0,1,1,0,1,2,1,0,1,0,0000000,99,99,99,99,88,88,0,0,0,1,0
12,121725,1,1,0,0,0,3,3,99,0,2,10,2014,5,1,48,1,13,2,US-441,,99998,26.45418056,-80.20467778,0,1,0,0,1,1,0,3,2,10,0,10,0,0000000,99,99,99,99,99,99,0,0,0,1,0
12,121727,1,1,0,0,0,2,2,75,0,4,10,2014,7,1,0,0,16,4,CR-341,,0,29.55631111,-82.87306944,0,42,0,0,1,1,0,4,2,2,0,2,0,0000000,99,99,99,99,99,99,0,0,0,1,1
12,121728,1,1,0,1,1,1,1,13,0,4,10,2014,7,0,23,0,3,3,SR-71,,99998,30.23523056,-85.20823056,0,8,0,0,1,1,0,1,2,1,0,1,0,0000000,99,99,99,99,99,99,0,0,0,1,0
12,121729,2,2,0,0,0,2,2,53,0,9,10,2014,5,6,42,0,6,6,SPRING HILL DR,,0,28.45293056,-82.58541944,0,12,2,0,1,1,0,1,3,1,0,1,0,0000000,99,99,99,99,99,99,0,0,0,1,0
12,121730,1,1,0,0,0,1,1,71,0,15,10,2014,4,22,29,0,6,4,CR-885,GOLDENWOOD DR,0,26.55081389,-81.7867,0,33,0,0,3,3,0,4,2,1,0,1,0,0000000,99,99,99,99,88,88,0,0,0,1,0
12,121731,2,2,0,0,0,3,3,21,0,15,10,2014,4,19,51,0,3,3,SR-82,,99998,26.49766944,-81.48208056,0,12,8,0,1,1,0,1,2,1,0,1,0,0000000,99,99,99,99,99,99,0,0,0,1,0
12,121732,2,2,0,0,0,2,2,35,0,15,10,2014,4,11,30,1,13,2,US-1,,99998,29.42713056,-81.22316111,0,12,1,0,1,1,0,1,1,1,0,1,0,0000000,99,99,99,99,99,99,0,0,0,1,0
12,121733,1,1,0,0,0,1,1,127,0,18,10,2014,7,18,50,1,11,1,I-95,,99998,29.35863889,-81.13546111,0,24,0,0,1,1,0,3,2,1,0,1,0,0000000,99,99,99,99,88,88,0,0,0,1,0
12,121735,1,1,0,0,0,1,1,7,0,27,9,2014,7,1,42,0,6,4,CR-225A,,0,29.85308333,-82.21783889,0,42,0,0,1,1,0,4,2,1,0,1,0,0000000,99,99,99,99,99,99,0,0,0,1,1
12,121736,3,3,0,0,0,4,4,89,0,2,10,2014,5,15,0,0,3,3,SR-200,,99998,30.59491667,-81.77478611,0,12,1,0,1,1,0,1,1,1,0,1,0,0000000,99,99,99,99,99,99,0,0,0,1,0
12,121737,1,1,0,1,1,3,3,99,290,3,10,2014,6,20,6,1,13,3,SR-808,,99998,26.36839722,-80.13046111,0,8,0,0,1,1,0,1,3,2,0,2,0,0000000,99,99,99,99,88,88,0,0,0,1,0
12,121738,1,1,0,1,1,1,1,127,810,8,10,2014,4,20,45,0,16,6,S AMELIA AVE,,0,29.02256667,-81.29980556,0,15,0,0,8,1,0,1,3,1,0,1,0,0000000,99,99,99,99,88,88,0,0,0,1,0
12,121739,1,1,0,1,1,2,2,103,570,9,10,2014,5,21,17,1,13,3,SR-60,,99998,27.96051944,-82.75738056,0,8,0,0,1,1,0,1,3,1,0,1,0,0000000,99,99,99,99,88,88,0,0,0,1,0
12,121740,2,2,0,0,0,4,4,99,0,9,10,2014,5,13,4,0,6,4,CR-807,105 AUSTRALIAN AVE,0,26.67996389,-80.07420278,0,12,6,0,2,3,0,1,1,1,0,1,0,0000000,99,99,99,99,99,99,0,0,0,1,0
12,121741,1,1,0,0,0,1,1,86,0,12,10,2014,1,5,6,0,6,6,SW 72ND ST,,0,25.699875,-80.41867222,0,42,0,0,1,1,0,3,3,1,0,1,0,0000000,99,99,99,99,99,99,0,0,0,1,1
12,121742,1,1,0,0,0,1,1,57,0,12,10,2014,1,1,3,1,11,1,I-275,,99998,27.95845556,-82.45489444,0,1,0,0,1,1,0,1,3,1,0,1,0,0000000,99,99,99,99,88,88,0,0,0,1,1
12,121743,2,1,1,0,0,1,1,31,1510,12,10,2014,1,3,0,1,11,1,I-295,,99998,30.45869722,-81.6947,0,14,0,0,1,1,0,2,2,1,0,1,0,0000000,99,99,99,99,88,88,0,0,0,1,1
12,121744,1,1,0,1,1,1,1,86,2023,14,10,2014,3,22,0,1,13,2,US-441,NW 199TH ST,99998,25.95714722,-80.20570278,0,8,0,0,3,2,0,1,3,1,0,1,0,0000000,99,99,99,99,88,88,0,0,0,1,0
12,121745,2,2,0,0,0,2,2,109,0,14,10,2014,3,13,53,1,13,2,US-1,,99998,30.05799444,-81.433125,0,1,0,0,1,1,0,1,1,1,0,1,0,0000000,99,99,99,99,99,99,0,0,0,1,0
12,121746,2,2,0,0,0,3,3,11,790,15,10,2014,4,17,30,1,13,2,US-1,SE 10TH ST,99998,26.30502778,-80.09281667,0,12,6,0,2,2,0,1,1,1,0,1,0,0000000,99,99,99,99,88,88,0,0,0,1,0
12,121747,1,1,0,1,1,1,1,81,0,17,10,2014,6,20,10,1,13,2,US-41,,99998,27.39696389,-82.56338889,0,8,0,0,1,1,0,1,3,1,0,1,0,0000000,99,99,99,99,88,88,0,0,0,1,0
12,121748,1,1,0,0,0,4,4,9,0,18,10,2014,7,21,17,0,6,4,CR-3,,0,28.2083,-80.63818056,0,43,0,0,1,1,0,1,3,1,0,1,0,0000000,99,99,99,99,99,99,0,0,0,1,0
12,121749,1,1,0,1,1,1,1,86,0,19,10,2014,1,19,15,1,13,2,US-1,SW 134TH AVE,99998,25.53854444,-80.40870278,0,9,0,1,2,3,0,1,5,1,0,1,0,0000000,99,99,99,99,88,88,0,0,0,1,0
12,121750,2,2,0,0,0,4,4,31,1510,21,10,2014,3,18,45,1,13,2,US-90,,99998,30.28664722,-81.55110556,0,12,9,0,1,1,0,1,1,1,0,1,0,0000000,99,99,99,99,99,99,0,0,0,1,0
12,121751,1,1,0,1,1,1,1,71,1070,7,4,2014,2,14,14,1,13,2,US-41,HALGRIM AVE,99998,26.61394167,-81.87204444,0,9,0,0,3,3,0,1,1,1,0,1,0,0000000,99,99,99,99,99,99,0,0,0,1,0
12,121752,1,1,0,0,0,3,3,86,2010,13,9,2014,7,7,41,0,14,2,US-441,,99998,25.81018611,-80.20751389,0,23,0,0,1,1,0,4,1,1,0,1,0,0000000,99,99,99,99,88,88,0,0,0,1,1
12,121753,1,1,0,0,0,1,1,105,0,28,9,2014,1,0,40,0,6,8,GALLOWAY RD,,0,28.05858889,-82.01118611,0,24,0,0,1,1,0,4,2,1,0,1,0,0000000,99,99,99,99,99,99,0,0,0,1,0
12,121754,2,2,0,0,0,2,2,86,1340,3,10,2014,6,9,40,0,16,6,W 8TH AVE,,0,25.88247222,-80.29944167,0,12,1,0,8,1,0,1,1,1,0,1,0,0000000,99,99,99,99,99,99,0,0,0,1,0
12,121755,1,1,0,0,0,1,1,33,0,3,10,2014,6,6,40,1,11,1,I-10,,99998,30.50256111,-87.26798889,0,24,0,1,19,1,0,4,1,10,0,10,0,0000000,99,99,99,99,99,99,0,0,0,1,0
12,121756,2,2,0,0,0,4,4,107,0,4,10,2014,7,19,20,0,16,4,CR-309,,0,29.41229167,-81.64329167,0,12,8,0,1,1,0,1,5,1,0,1,0,0000000,99,99,99,99,99,99,0,0,0,1,0
12,121757,1,1,0,0,0,3,3,127,810,9,10,2014,5,23,41,0,16,6,BISCAYNE BLVD,,0,29.06053611,-81.28056111,0,43,0,0,1,1,0,4,3,1,0,1,0,0000000,99,99,99,99,99,99,0,0,0,1,0
12,121758,1,1,0,1,1,1,1,11,771,11,10,2014,7,6,54,0,16,6,5100 SW 160TH AVE,,0,26.05629167,-80.36203056,0,8,0,0,1,1,0,1,4,1,0,1,0,0000000,99,99,99,99,99,99,0,0,0,1,0
12,121759,1,1,0,0,0,1,1,21,0,12,10,2014,1,4,19,0,6,4,CR-31,,0,26.22926111,-81.76831944,0,42,0,0,1,1,0,4,3,1,0,1,0,0000000,99,99,99,99,99,99,0,0,0,1,0
12,121760,1,1,0,0,0,1,1,99,0,14,10,2014,3,23,35,0,3,3,SR-798,,99998,26.35058611,-80.14729444,0,33,0,0,1,1,0,3,3,10,0,10,0,0000000,99,99,99,99,99,99,0,0,0,1,0
12,121761,1,1,0,1,1,1,1,86,2010,14,10,2014,3,19,42,0,16,6,MIAMI AVE,,0,25.84650833,-80.19684722,0,8,0,0,1,1,0,1,3,1,0,1,0,0000000,99,99,99,99,99,99,0,0,0,1,0
12,121762,1,1,0,1,1,1,1,21,0,15,10,2014,4,6,46,1,13,2,US-41,CR-864,99998,26.10741667,-81.74788056,0,9,0,0,8,1,0,1,2,2,0,2,0,0000000,99,99,99,99,88,88,16,0,0,1,0
12,121763,1,1,0,1,1,1,1,103,2530,15,10,2014,4,22,0,0,16,4,CR-216,65TH ST,0,27.82826111,-82.72641944,0,8,0,0,3,3,0,1,2,1,0,1,0,0000000,99,99,99,99,88,88,0,0,0,1,1
12,121765,1,1,0,0,0,1,1,127,2190,16,10,2014,5,14,46,1,12,1,I-95 RAMP,SR-44,99998,29.01343056,-80.98936111,0,1,0,1,20,1,0,1,1,1,0,1,0,0000000,99,99,99,99,88,88,0,0,0,1,0
12,121766,1,1,0,0,0,1,1,69,960,16,10,2014,5,14,7,1,13,2,US-441,EUDORA RD,99998,28.82092222,-81.675,0,1,0,0,2,2,0,1,1,1,0,1,0,0000000,99,99,99,99,99,99,0,0,0,1,0
12,121767,2,2,0,0,0,2,2,19,0,17,10,2014,6,23,22,0,6,4,CR-220,TURKEY HILL RD,0,30.10026111,-81.74507778,0,12,6,0,8,1,0,1,2,1,0,1,0,0000000,99,99,99,99,99,99,0,0,0,1,0
12,121768,1,1,0,0,0,1,1,1,0,18,10,2014,7,14,5,0,6,4,CR-1469,,0,29.71374167,-82.10791667,0,1,0,0,1,1,0,4,1,1,0,1,0,0000000,99,99,99,99,99,99,0,0,0,1,1
12,121769,2,2,0,0,0,4,4,69,0,18,10,2014,7,15,35,1,13,2,US-27,,99998,28.71298056,-81.860575,0,12,1,0,1,1,0,1,1,1,0,1,0,0000000,99,99,99,99,99,99,0,0,0,1,0
12,121770,1,1,0,2,2,1,1,103,2530,18,10,2014,7,21,30,1,13,3,SR-693,126TH AVE N,99998,27.88630833,-82.7292,0,8,0,0,3,2,0,1,3,1,0,1,0,0000000,99,99,99,99,99,99,0,0,0,1,0
12,121771,2,2,0,1,1,2,2,31,1510,18,10,2014,7,14,10,1,12,3,SR-202,,99998,30.25250278,-81.498825,0,12,7,0,1,1,0,1,1,1,0,1,0,0000000,99,99,99,99,99,99,23,0,0,1,0
12,121772,1,1,0,0,0,1,1,47,0,19,10,2014,1,10,0,0,3,2,US-41,,99998,30.35319444,-82.77633889,0,53,0,0,1,1,0,4,1,1,0,1,0,0000000,99,99,99,99,88,88,0,0,0,1,1
12,121773,1,1,0,0,0,2,2,39,0,19,10,2014,1,12,28,0,6,4,CR-65B,,0,30.49973889,-84.66273889,0,38,0,0,1,1,0,4,1,1,0,1,0,0000000,99,99,99,99,99,99,0,0,0,1,1
12,121774,2,2,0,0,0,2,2,73,2940,19,10,2014,1,19,45,0,16,6,MISSION RD,,0,30.49045556,-84.34449167,0,33,0,0,1,1,0,3,3,1,0,1,0,0000000,99,99,99,99,99,99,0,0,0,1,0
12,121775,1,1,0,0,0,1,1,21,2150,19,10,2014,1,5,41,1,13,2,US-41,MORNINGSIDE DR,99998,26.19915556,-81.80008333,0,33,0,0,3,2,0,4,3,1,0,1,0,0000000,99,99,99,99,88,88,0,0,0,1,0
12,121776,1,1,0,0,0,1,1,15,0,19,10,2014,1,3,20,1,13,2,US-41,BAYSHORE RD,99998,26.95546944,-82.06465,0,33,0,0,3,3,0,3,3,1,0,1,0,0000000,99,99,99,99,99,99,0,0,0,1,1
12,121777,1,1,0,0,0,1,1,127,2580,20,10,2014,2,16,52,1,13,3,SR-A1A,,99998,29.14911944,-80.97354722,0,25,0,0,1,1,0,3,1,1,0,1,0,0000000,99,99,99,99,88,88,0,0,0,1,0
12,121778,2,2,0,0,0,2,2,9,620,21,10,2014,3,5,53,1,13,2,US-1,,99998,28.39409722,-80.748725,0,12,2,0,1,1,4,1,2,1,0,1,0,0000000,99,99,99,99,88,88,0,0,0,1,0
12,121779,1,1,0,1,1,2,2,127,780,21,10,2014,3,21,5,1,13,2,US-1,DR MARY MCLEOD BETHUNE BLVD,99998,29.21558056,-81.02524722,0,8,0,0,3,2,0,1,3,1,0,1,0,0000000,99,99,99,99,88,88,0,0,0,1,0
12,121780,1,1,0,0,0,1,1,73,0,22,10,2014,4,8,10,0,6,4,CR-40,,0,30.44012222,-84.47815833,0,30,0,0,1,1,0,4,1,1,0,1,0,0000000,99,99,99,99,99,99,0,0,0,1,0
12,121781,5,5,0,0,0,7,7,86,0,22,10,2014,4,10,10,0,14,3,SR-968,,99998,25.7702,-80.31341667,0,12,1,0,1,1,0,1,1,10,0,10,0,0000000,99,99,99,99,99,99,0,0,0,1,0
12,121782,2,2,0,0,0,4,4,5,0,22,10,2014,4,19,45,0,6,4,CR-3031,CRAG RD,0,30.17370833,-85.75992778,0,12,6,0,8,1,0,1,2,1,0,1,0,0000000,99,99,99,99,99,99,0,0,0,1,0
12,121783,3,3,0,0,0,3,3,111,0,23,10,2014,5,6,57,1,13,2,US-1,,99998,27.48443056,-80.34093889,0,12,1,0,1,1,0,1,2,1,0,1,0,0000000,99,99,99,99,88,88,0,0,0,1,0
12,121784,2,2,0,0,0,3,3,105,3300,23,10,2014,5,14,37,1,13,2,US-17,AVENUE K SW,99998,28.01124167,-81.73089722,0,12,2,1,2,2,0,1,1,1,0,1,0,0000000,99,99,99,99,99,99,0,0,0,1,0
12,121785,1,1,0,1,1,2,2,95,2360,23,10,2014,5,18,45,0,16,6,INTERNATIONAL DR,6362,0,28.45982778,-81.46883889,0,8,0,0,2,2,0,1,5,1,0,1,0,0000000,99,99,99,99,99,99,0,0,0,1,0
12,121786,1,1,0,1,1,3,3,33,2490,23,10,2014,5,15,50,0,14,3,SR-289,WYNNHURST ST,99998,30.46601944,-87.21406111,0,9,0,0,2,3,0,1,1,1,0,1,0,0000000,99,99,99,99,99,99,0,0,0,1,0
12,121787,1,1,0,0,0,1,1,87,1580,23,10,2014,5,22,0,1,13,3,SR-A1A,FLAGLER AVE,99998,24.56673889,-81.75138889,0,33,0,0,1,1,0,3,3,1,0,1,0,0000000,99,99,99,99,99,99,0,0,0,1,0
12,121788,1,1,0,1,1,1,1,57,0,24,10,2014,6,4,0,1,11,1,I-75,,99998,27.84998889,-82.35017222,0,8,0,0,1,1,0,1,3,1,0,1,0,0000000,99,99,99,99,99,99,0,0,0,1,0
12,121789,2,2,0,0,0,8,8,73,2940,25,10,2014,7,0,31,0,14,2,US-90,AMELIA CIR,99998,30.44627778,-84.32063056,0,12,7,0,1,1,0,1,3,1,0,1,0,0000000,99,99,99,99,99,99,0,0,0,1,1
12,121790,1,1,0,1,1,2,2,5,0,25,10,2014,7,19,11,0,14,3,SR-22,,99998,30.15287222,-85.57271944,0,8,0,0,1,1,0,1,2,1,0,1,0,0000000,99,99,99,99,99,99,0,0,0,1,0
12,121791,1,1,0,0,0,1,1,83,0,25,10,2014,7,2,38,0,6,4,CR-301,,0,29.44680278,-81.91292222,0,1,0,0,1,1,0,1,2,1,0,1,0,0000000,99,99,99,99,88,88,0,0,0,1,1
12,121792,2,2,0,0,0,3,3,87,0,25,10,2014,7,17,55,1,13,2,US-1,SR-4A,99998,24.66523889,-81.39242222,0,12,6,0,2,3,0,1,1,1,0,1,0,0000000,99,99,99,99,99,99,0,0,0,1,0
12,121793,1,1,0,1,1,1,1,127,2340,25,10,2014,7,19,9,1,13,2,US-17,,99998,28.92893889,-81.29895556,0,8,0,0,1,1,0,1,3,1,0,1,0,0000000,99,99,99,99,99,99,0,0,0,1,0
12,121794,1,1,0,0,0,1,1,57,0,25,10,2014,7,3,1,1,13,2,US-92,,99998,28.01991111,-82.22783889,0,32,0,0,1,1,0,4,2,1,0,1,0,0000000,99,99,99,99,99,99,0,0,0,1,0
12,121795,2,1,1,1,3,1,3,99,290,26,10,2014,1,0,58,1,11,1,I-95,,99998,26.34499722,-80.11788611,0,8,0,0,1,1,0,2,3,1,0,1,0,0000000,99,99,99,99,99,99,23,0,0,1,0
12,121796,1,1,0,1,1,2,2,86,0,26,10,2014,1,18,25,1,13,3,SR-9,NW 22ND AVE,99998,25.90801111,-80.23588889,0,9,0,0,2,2,0,1,6,1,0,1,0,628320N,99,99,99,99,99,99,0,0,0,1,0
12,121797,1,1,0,1,1,1,1,95,70,26,10,2014,1,22,0,0,13,3,SR-436,,99998,28.67273333,-81.46126111,0,8,0,0,1,1,0,1,2,1,0,1,0,0000000,99,99,99,99,99,99,0,0,0,1,0
12,121798,1,1,0,0,0,2,2,11,672,26,10,2014,1,20,20,1,13,3,SR-817,,99998,26.26359722,-80.25008611,0,42,0,0,1,1,0,3,3,1,0,1,0,0000000,99,99,99,99,99,99,0,0,0,1,1
12,121799,1,1,0,1,1,1,1,83,0,27,10,2014,2,5,10,0,16,6,SW 60TH AVE,,0,29.13681389,-82.21881111,0,8,0,0,1,1,0,1,2,10,0,10,0,0000000,99,99,99,99,88,88,0,0,0,1,0
12,121800,1,1,0,0,0,2,2,105,1690,28,10,2014,3,2,0,1,13,2,US-98,,99998,28.02592778,-81.92554722,0,30,0,0,1,1,0,4,3,1,0,1,0,0000000,99,99,99,99,99,99,0,0,0,1,1
12,121801,1,1,0,0,0,1,1,127,2190,27,10,2014,2,11,3,0,16,6,AIRPORT RD,,0,29.03304444,-81.03393611,0,3,0,0,1,1,0,4,1,1,0,1,0,0000000,99,99,99,99,88,88,0,0,0,1,0
12,121802,2,2,0,0,0,3,3,63,0,10,2,2014,2,16,7,0,3,3,SR-75,CR-276,99998,30.69696944,-85.39186111,0,12,6,1,2,2,4,1,1,10,0,10,0,0000000,99,99,99,99,99,99,0,0,0,1,0
12,121803,1,1,0,0,0,1,1,5,0,2,3,2014,1,99,99,0,6,9,SHORELINE CIR,,0,30.19873333,-85.70596667,0,3,0,0,1,1,0,5,9,99,0,99,0,0000000,99,99,99,99,88,88,0,0,0,1,0
12,121805,2,2,0,0,0,4,4,86,1340,6,10,2014,2,10,43,1,13,3,SR-823,W 29TH ST,99998,25.84803333,-80.29018056,0,12,6,0,2,2,0,1,1,1,0,1,0,0000000,99,99,99,99,99,99,0,0,0,1,0
12,121806,2,2,0,0,0,2,2,53,0,12,10,2014,1,18,35,0,6,4,CR-574,ST IVES BLVD,0,28.47656111,-82.48947222,0,12,6,0,2,2,0,1,1,1,0,1,0,0000000,99,99,99,99,99,99,0,0,0,1,0
12,121807,2,2,0,0,0,2,2,86,1340,12,10,2014,1,4,43,1,13,2,US-27,SR-953,99998,25.81083611,-80.26444444,0,12,6,0,2,2,0,1,3,1,0,1,0,0000000,99,99,99,99,88,88,0,0,0,1,0
12,121808,1,1,0,1,1,1,1,101,0,15,10,2014,4,1,20,1,13,2,US-19,,99998,28.18728889,-82.74025,0,8,0,0,1,1,0,1,3,10,0,10,0,0000000,1,21,1,24,88,88,0,0,0,1,0
12,121809,1,1,0,0,0,1,1,86,0,18,10,2014,7,23,55,1,12,1,I-75,,99998,25.89850556,-80.33157222,0,24,0,1,5,1,0,4,3,1,0,1,0,0000000,99,99,99,99,88,88,0,0,0,1,0
12,121810,1,1,0,0,0,5,5,85,0,25,10,2014,7,17,5,0,6,9,SW BOATRAMP RD,,0,27.18852778,-80.33473611,0,42,0,0,1,1,0,4,1,1,0,1,0,0000000,99,99,99,99,99,99,0,0,0,1,1
12,121811,2,2,0,0,0,4,4,31,1510,25,10,2014,7,13,55,0,16,6,OLD ST AUGUSTINE RD,LIVINGSTON RD,0,30.3451,-81.5322,0,12,2,0,8,1,0,1,1,1,0,1,0,0000000,99,99,99,99,99,99,0,0,0,1,0
12,121812,1,1,0,1,1,1,1,105,120,26,10,2014,1,20,24,0,16,6,BERKLEY RD,,0,28.065675,-81.81751111,0,8,0,0,1,1,0,1,2,1,0,1,0,0000000,99,99,99,99,99,99,0,0,0,1,0
12,121813,1,1,0,1,1,1,1,127,2340,28,10,2014,3,23,21,1,13,2,US-17,ENTERPRISE RD,99998,28.923325,-81.29947222,0,9,0,0,3,2,0,1,3,1,0,1,0,0000000,99,99,99,99,99,99,0,0,0,1,0