STATE,ST_CASE,VE_TOTAL,VE_FORMS,PVH_INVL,PEDS,PERNOTMVIT,PERMVIT,PERSONS,COUNTY,CITY,DAY,MONTH,YEAR,DAY_WEEK,HOUR,MINUTE,NHS,ROAD_FNC,ROUTE,TWAY_ID,TWAY_ID2,MILEPT,LATITUDE,LONGITUD,SP_JUR,HARM_EV,MAN_COLL,RELJCT1,RELJCT2,TYP_INT,WRK_ZONE,REL_ROAD,LGT_COND,WEATHER1,WEATHER2,WEATHER,SCH_BUS,RAIL,NOT_HOUR,NOT_MIN,ARR_HOUR,ARR_MIN,HOSP_HR,HOSP_MN,CF1,CF2,CF3,FATALS,DRUNK_DR
12,121814,1,1,0,1,1,1,1,113,0,29,10,2014,4,10,0,1,13,2,US-98,,99998,30.40168889,-86.8751,0,9,0,1,19,1,0,2,1,10,0,10,0,0000000,99,99,99,99,99,99,0,0,0,1,0
12,121815,2,2,0,0,0,2,2,9,0,30,10,2014,5,15,30,1,13,2,US-1,VIERA BLVD,99998,28.26650833,-80.72911111,0,12,6,1,2,2,0,1,1,1,0,1,0,0000000,99,99,99,99,99,99,0,0,0,1,0
12,121816,1,1,0,0,0,1,1,57,0,31,10,2014,6,0,50,0,6,6,NORTHDALE BLVD,,0,28.11186389,-82.52848056,0,42,0,0,1,1,0,4,2,1,0,1,0,0000000,99,99,99,99,88,88,0,0,0,1,0
12,121817,1,1,0,0,0,3,3,31,1510,2,11,2014,1,1,54,1,13,2,US-23,,99998,30.2637,-81.779,0,42,0,0,1,1,0,5,3,1,0,1,0,0000000,99,99,99,99,99,99,0,0,0,1,1
12,121818,2,2,0,0,0,4,4,31,1510,2,11,2014,1,3,30,0,16,6,FORSYTH ST,N MAIN ST,0,30.3281,-81.7308,0,12,2,0,2,3,0,1,3,1,0,1,0,0000000,99,99,99,99,99,99,0,0,0,1,1
12,121819,1,1,0,0,0,1,1,81,0,3,11,2014,2,18,20,1,11,1,I-75,,99998,27.43116111,-82.45949444,0,1,0,0,1,1,0,1,2,1,0,1,0,0000000,99,99,99,99,99,99,0,0,0,1,0
12,121820,1,1,0,0,0,1,1,97,0,12,9,2014,6,0,0,1,2,2,US-192,,99998,28.33329722,-81.545325,0,21,0,0,5,1,0,4,3,1,0,1,0,0000000,99,99,99,99,88,88,0,0,0,1,1
12,121821,1,1,0,1,1,2,2,17,0,14,10,2014,3,20,50,1,13,2,US-19,,99998,28.99365556,-82.65084722,0,8,0,0,1,1,0,1,2,2,0,2,0,0000000,99,99,99,99,88,88,0,0,0,1,0
12,121822,1,1,0,1,1,1,1,115,0,31,10,2014,6,7,10,0,16,6,HONORE AVE,,0,27.24271111,-82.46428333,0,8,0,0,1,1,0,4,3,10,0,10,0,0000000,99,99,99,99,88,88,0,0,0,1,0
12,121823,3,3,0,0,0,6,6,87,1580,31,10,2014,6,22,15,1,13,2,US-1,,99998,24.56931111,-81.76705833,0,12,1,0,1,1,0,1,3,1,0,1,0,0000000,99,99,99,99,99,99,0,0,0,1,1
12,121824,2,2,0,0,0,3,3,69,0,31,10,2014,6,8,49,0,3,3,SR-19,CR-455,99998,28.67266389,-81.77932222,0,12,2,1,2,3,0,1,1,1,0,1,0,0000000,99,99,99,99,99,99,0,0,0,1,0
12,121825,1,1,0,1,1,1,1,33,0,1,11,2014,7,2,11,1,13,3,SR-292,,99998,30.38719167,-87.28785,0,8,0,0,1,1,0,1,2,1,0,1,0,0000000,99,99,99,99,88,88,0,0,0,1,0
12,121826,1,1,0,0,0,2,2,95,0,1,11,2014,7,5,30,0,16,6,LAKE UNDERHILL RD,,0,28.54345833,-81.30996111,0,33,0,0,1,1,0,4,3,1,0,1,0,0000000,99,99,99,99,99,99,0,0,0,1,1
12,121827,1,1,0,2,2,1,1,95,0,1,11,2014,7,0,16,0,6,4,CR-423,NATIONAL PARKS DR,0,28.37021944,-81.42578889,0,8,0,0,2,2,0,1,2,1,0,1,0,0000000,99,99,99,99,99,99,0,0,0,1,0
12,121828,1,1,0,0,0,2,2,63,0,2,11,2014,1,21,48,0,3,3,SR-71,CR-264,99998,30.65101389,-85.15998056,0,32,0,0,3,2,0,4,2,1,0,1,0,0000000,99,99,99,99,99,99,0,0,0,1,0
12,121829,2,2,0,0,0,2,2,31,1510,4,11,2014,3,15,5,1,13,2,US-90,CORTEZ RD,99998,30.28706667,-81.52975556,0,12,7,0,2,2,0,1,1,1,0,1,0,0000000,99,99,99,99,99,99,0,0,0,1,0
12,121830,1,1,0,0,0,1,1,69,0,26,9,2014,6,0,12,1,13,2,US-27,,99998,28.43655,-81.71553056,0,30,0,0,1,1,0,3,2,10,0,10,0,0000000,0,15,0,22,88,88,0,0,0,1,1
12,121831,1,1,0,1,1,1,1,105,0,27,9,2014,7,23,30,1,13,2,US-92,,99998,28.0497,-81.847475,0,8,0,0,1,1,0,4,2,1,0,1,0,0000000,99,99,99,99,88,88,0,0,0,1,0
12,121832,2,2,0,0,0,2,2,105,0,12,10,2014,1,17,41,0,6,4,CR-580,,0,28.11416944,-81.55754444,0,12,2,0,1,1,0,1,1,1,0,1,0,0000000,99,99,99,99,99,99,0,0,0,1,1
12,121833,2,2,0,0,0,3,3,107,0,14,10,2014,3,18,2,0,6,4,CR-315,PEPPER PL,0,29.55458611,-81.87780833,0,12,6,0,2,3,0,1,1,2,0,2,0,0000000,99,99,99,99,99,99,0,0,0,1,1
12,121834,2,2,0,0,0,2,2,57,0,24,10,2014,6,6,38,1,12,1,I-75,FOWLER DR,99998,28.05416389,-82.35673611,0,12,6,1,2,3,4,1,2,1,0,1,0,0000000,99,99,99,99,88,88,0,0,0,1,0
12,121835,1,1,0,1,1,1,1,9,0,26,10,2014,1,21,40,0,6,8,WEBER RD,,0,27.98874167,-80.60595,0,8,0,0,1,1,0,1,2,1,0,1,0,0000000,99,99,99,99,88,88,0,0,0,1,0
12,121836,1,1,0,0,0,2,2,21,0,27,10,2014,2,23,29,0,16,6,RANDALL BLVD,,0,26.27825,-81.52641111,0,53,0,0,1,1,0,4,2,1,0,1,0,0000000,99,99,99,99,99,99,0,0,0,1,1
12,121837,2,2,0,0,0,2,2,15,0,28,10,2014,3,11,19,0,6,6,HARBOR BLVD,,0,27.02335,-82.09385,0,1,0,0,8,1,0,1,1,1,0,1,0,0000000,99,99,99,99,99,99,0,0,0,1,0
12,121838,2,2,0,0,0,3,3,57,2950,28,10,2014,3,20,35,1,13,2,US-41,14TH ST E,99998,27.96839167,-82.40185,0,1,0,0,3,2,0,1,3,1,0,1,0,0000000,99,99,99,99,99,99,0,0,0,1,0
12,121839,1,1,0,0,0,1,1,95,0,29,10,2014,4,9,40,1,12,3,SR-408,,99998,28.54844444,-81.43886667,0,25,0,0,1,1,0,3,1,1,0,1,0,0000000,99,99,99,99,88,88,0,0,0,1,0
12,121840,4,4,0,0,0,7,7,127,0,29,10,2014,4,2,9,1,11,1,I-4,,99998,28.8525,-81.30206944,0,12,1,0,1,1,0,1,2,1,0,1,0,0000000,99,99,99,99,99,99,14,0,0,1,1
12,121841,1,1,0,1,1,1,1,71,0,29,10,2014,4,20,39,1,13,3,SR-78,,99998,26.68471111,-81.87096111,0,8,0,0,1,1,0,1,2,1,0,1,0,0000000,99,99,99,99,88,88,0,0,0,1,0
12,121842,2,2,0,0,0,4,4,9,0,29,10,2014,4,18,50,1,13,3,SR-3,SMITH RD,99998,28.4127,-80.70638889,0,12,6,1,2,2,0,1,5,10,0,10,0,0000000,99,99,99,99,99,99,0,0,0,1,0
12,121843,1,1,0,0,0,1,1,81,0,30,10,2014,5,18,5,1,13,2,US-41,39TH ST E,99998,27.54894167,-82.56278611,0,59,0,0,3,3,0,4,1,10,0,10,0,0000000,99,99,99,99,99,99,0,0,0,1,1
12,121844,2,2,0,0,0,3,3,41,0,31,10,2014,6,8,50,0,3,3,SR-47,CR-232,99998,29.72468889,-82.74729167,0,12,6,0,2,2,0,1,1,1,0,1,0,0000000,99,99,99,99,99,99,0,0,0,1,0
12,121845,2,2,0,0,0,2,2,103,2530,31,10,2014,6,4,10,0,16,4,CR-694,CR-501,0,27.83921944,-82.73673611,0,12,2,0,2,2,0,1,3,1,0,1,0,0000000,99,99,99,99,88,88,0,0,0,1,1
12,121846,1,1,0,1,1,1,1,86,2020,31,10,2014,6,10,29,0,16,6,WASHINGTON AVE,,0,25.76737222,-80.13576667,0,9,0,0,1,1,0,1,1,1,0,1,0,0000000,99,99,99,99,88,88,0,0,0,1,0
12,121847,1,1,0,0,0,1,1,71,0,2,11,2014,1,16,30,0,6,4,CR-78,PERSIMMON RIDGE RD,0,26.72456389,-81.60736667,0,1,0,0,1,1,0,1,1,1,0,1,0,0000000,99,99,99,99,88,88,0,0,0,1,0
12,121848,1,1,0,0,0,1,1,117,2770,2,11,2014,1,2,0,0,16,6,CELERY AVE,,0,28.80133333,-81.24184722,0,1,0,0,1,1,0,4,3,1,0,1,0,0000000,99,99,99,99,88,88,0,0,0,1,0
12,121849,2,2,0,0,0,3,3,65,0,4,11,2014,3,12,23,1,12,2,US-19,SR-8 RAMP,99998,30.47686111,-83.8889,0,12,2,1,2,3,0,1,1,1,0,1,0,0000000,99,99,99,99,99,99,0,0,0,1,0
12,121850,1,1,0,1,1,1,1,9,0,4,11,2014,3,18,50,0,6,6,SCHOOL ST,DORA AVE,0,28.36028889,-80.75065,0,8,0,1,2,3,0,1,2,1,0,1,0,0000000,99,99,99,99,99,99,0,0,0,1,1
12,121851,2,2,0,0,0,2,2,57,0,4,11,2014,3,13,4,0,6,6,KEYSVILLE RD,,0,27.88656667,-82.14570833,0,12,2,0,1,1,0,1,1,1,0,1,0,0000000,99,99,99,99,99,99,0,0,0,1,0
12,121853,1,1,0,0,0,1,1,33,0,6,11,2014,5,8,50,0,6,4,CR-97,,0,30.62949444,-87.37678056,0,30,0,0,1,1,0,4,1,10,0,10,0,0000000,99,99,99,99,99,99,0,0,0,1,0
12,121854,2,2,0,0,0,2,2,71,1070,7,11,2014,6,13,42,1,13,2,US-41,WILLIS RD,99998,26.6691,-81.88156944,0,12,2,1,2,3,0,1,1,1,0,1,0,0000000,99,99,99,99,99,99,0,0,0,1,0
12,121855,2,2,0,0,0,2,2,73,2940,7,11,2014,6,12,18,0,16,6,OLD BAINBRIDGE RD,,0,30.47908889,-84.31553056,0,12,1,0,1,1,0,1,1,1,0,1,0,0000000,99,99,99,99,99,99,0,0,0,1,0
12,121856,1,1,0,0,0,1,1,127,0,7,11,2014,6,13,3,1,13,2,US-17,,99998,29.30552778,-81.48789167,0,10,0,0,6,1,0,1,1,1,0,1,0,621029M,99,99,99,99,88,88,0,0,0,1,0
12,121857,1,1,0,1,1,1,1,11,1050,30,5,2014,6,18,5,0,16,6,NW 9TH ST,,0,26.134725,-80.15573889,0,8,0,0,1,1,0,1,1,1,0,1,0,0000000,99,99,99,99,99,99,0,0,0,1,0
12,121858,1,1,0,0,0,1,1,119,0,21,9,2014,1,18,40,0,13,3,SR-44,,99998,28.86151111,-82.16206667,0,1,0,0,1,1,0,3,1,1,0,1,0,0000000,99,99,99,99,88,88,0,0,0,1,1
12,121859,1,1,0,0,0,1,1,71,0,28,9,2014,1,11,25,0,6,6,PARKER DR N,,0,26.5254,-81.90756111,0,3,0,0,1,1,0,5,9,99,0,99,0,0000000,99,99,99,99,88,88,0,0,0,1,0
12,121860,3,3,0,0,0,3,3,86,1340,14,10,2014,3,16,19,1,13,3,SR-953,E 32ND ST,99998,25.85170278,-80.26643889,0,12,6,0,2,2,0,1,1,1,0,1,0,0000000,99,99,99,99,99,99,0,0,0,1,0
12,121861,1,1,0,1,1,1,1,69,1240,14,10,2014,3,22,28,1,13,2,US-27,,99998,28.64078889,-81.79692222,0,8,0,0,1,1,0,1,2,2,0,2,0,0000000,99,99,99,99,88,88,0,0,0,1,0
12,121862,1,1,0,0,0,1,1,81,0,18,10,2014,7,3,58,1,13,2,US-41,,99998,27.46276111,-82.56346389,0,30,0,0,1,1,0,4,2,1,0,1,0,0000000,99,99,99,99,88,88,0,0,0,1,1
12,121863,2,2,0,0,0,3,3,86,2020,20,10,2014,2,13,56,0,16,6,MERIDIAN AVE,17TH ST,0,25.79215556,-80.13659444,0,12,1,0,2,2,0,1,1,1,0,1,0,0000000,99,99,99,99,99,99,0,0,0,1,0
12,121864,1,1,0,0,0,1,1,11,771,23,10,2014,5,3,50,0,13,3,SR-84,,99998,26.08616111,-80.20601111,0,24,0,1,19,1,0,4,3,10,0,10,0,0000000,99,99,99,99,88,88,0,0,0,1,0
12,121865,1,1,0,0,0,1,1,63,0,24,10,2014,6,19,48,0,16,4,CR-162,,0,30.89838889,-85.41595,0,30,0,0,1,1,0,4,2,1,0,1,0,0000000,99,99,99,99,99,99,0,0,0,1,0
12,121866,2,2,0,0,0,2,2,31,1520,25,10,2014,7,23,57,1,13,2,US-90,11TH AVE,99998,30.27791111,-81.38962778,0,12,2,0,2,2,0,1,3,1,0,1,0,0000000,99,99,99,99,99,99,0,0,0,2,2
12,121867,1,1,0,1,1,1,1,86,1440,25,10,2014,7,6,45,1,13,3,SR-997,MOWRY DR,99998,25.46983333,-80.47736944,0,9,0,0,2,2,0,1,4,1,0,1,0,0000000,99,99,99,99,88,88,0,0,0,1,0
12,121868,2,2,0,0,0,2,2,99,0,25,10,2014,7,12,31,0,6,6,LAKE IDA RD,EL CLAIR RANCH RD,0,26.46921667,-80.13888611,0,12,6,0,2,2,0,1,1,1,0,1,0,0000000,99,99,99,99,99,99,0,0,0,1,0
12,121869,2,2,0,0,0,3,3,86,2010,25,10,2014,7,5,50,1,11,1,I-195,,99998,25.81136111,-80.1894,0,25,0,0,1,1,0,3,3,10,0,10,0,0000000,99,99,99,99,99,99,0,0,0,1,0
12,121870,2,2,0,0,0,3,3,17,0,27,10,2014,2,21,45,1,13,2,US-19,,99998,28.81551944,-82.57675,0,12,2,0,1,1,0,1,2,1,0,1,0,0000000,99,99,99,99,99,99,0,0,0,2,1
12,121871,2,2,0,0,0,5,5,17,0,29,10,2014,4,10,55,1,13,2,US-41,NORTH CITRUS SPRINGS BLVD,99998,29.01307778,-82.45399167,0,12,6,0,2,2,0,1,1,1,0,1,0,0000000,99,99,99,99,99,99,0,0,0,1,0
12,121872,2,2,0,0,0,2,2,13,0,3,11,2014,2,5,45,0,3,3,SR-71,SR-73,99998,30.23495278,-85.20804444,0,12,2,1,2,3,0,1,4,1,0,1,0,0000000,99,99,99,99,88,88,0,0,0,1,0
12,121873,1,1,0,1,1,1,1,127,2580,3,11,2014,2,20,39,0,16,6,MADELINE AVE,,0,29.14310833,-81.02616389,0,8,0,0,1,1,0,1,2,1,0,1,0,0000000,99,99,99,99,99,99,0,0,0,1,0
12,121874,1,1,0,0,0,1,1,11,2468,5,11,2014,4,9,37,0,16,6,NW 97TH AVE,,0,26.02340833,-80.27465278,0,30,0,0,1,1,0,4,1,10,0,10,0,0000000,99,99,99,99,99,99,0,0,0,1,0
12,121875,2,2,0,0,0,2,2,83,0,5,11,2014,4,16,0,0,16,4,CR-464,SE 64TH AVE,0,29.13536111,-82.04531111,0,12,6,0,3,3,0,1,1,1,0,1,0,0000000,99,99,99,99,99,99,0,0,0,1,0
12,121876,2,2,0,0,0,2,2,121,0,6,11,2014,5,17,15,0,3,2,US-90,,99998,30.33386111,-83.06916111,0,12,2,0,1,1,0,1,1,1,0,1,0,0000000,99,99,99,99,88,88,0,0,0,2,0
12,121877,1,1,0,1,1,1,1,86,0,6,11,2014,5,18,38,0,16,6,SW 92ND AVE,SW 206TH ST,0,25.57548056,-80.33991111,0,8,0,0,3,3,0,1,3,1,0,1,0,0000000,99,99,99,99,99,99,0,0,0,1,0
12,121878,1,1,0,0,0,2,2,86,0,6,11,2014,5,2,26,0,6,6,SW 280TH ST,,0,25.5062,-80.50267778,0,42,0,0,1,1,0,4,2,1,0,1,0,0000000,99,99,99,99,88,88,0,0,0,1,0
12,121879,2,2,0,0,0,2,2,97,0,7,11,2014,6,10,47,1,13,2,US-192,SIMPSON RD,99998,28.28686667,-81.35525278,0,12,1,0,3,2,0,1,1,1,0,1,0,0000000,99,99,99,99,99,99,0,0,0,1,0
12,121880,2,2,0,0,0,4,4,33,0,7,11,2014,6,16,5,1,13,2,US-29,SR-97,99998,30.73112778,-87.34902778,0,12,6,0,2,2,0,1,1,1,0,1,0,0000000,99,99,99,99,99,99,0,0,0,1,0
12,121881,2,2,0,0,0,4,4,105,1690,9,11,2014,1,20,3,0,14,3,SR-33,,99998,28.110375,-81.92115833,0,12,2,0,1,1,0,1,2,1,0,1,0,0000000,99,99,99,99,99,99,0,0,0,1,0
12,121882,1,1,0,1,1,1,1,95,2360,9,11,2014,1,20,16,1,13,2,US-441,,99998,28.56203056,-81.39863611,0,9,0,0,1,1,0,1,3,1,0,1,0,0000000,99,99,99,99,88,88,0,0,0,1,1
12,121883,1,1,0,0,0,2,2,57,0,9,11,2014,1,19,8,1,13,2,US-41,4TH ST,99998,27.70501111,-82.43936944,0,42,0,0,3,2,0,4,2,1,0,1,0,0000000,99,99,99,99,99,99,0,0,0,1,1
12,121884,2,2,0,0,0,2,2,9,0,10,11,2014,2,18,20,0,6,6,DAIRY RD,EBER RD,0,28.04975556,-80.63824167,0,12,6,0,2,2,0,1,3,10,0,10,0,0000000,99,99,99,99,99,99,0,0,0,1,0
12,121885,1,1,0,0,0,1,1,99,3190,10,11,2014,2,19,40,0,16,6,BRANDYWINE RD,,0,26.72795556,-80.09195278,0,3,0,0,1,1,0,5,3,1,0,1,0,0000000,99,99,99,99,99,99,0,0,0,1,0
12,121886,1,1,0,1,1,1,1,86,0,10,11,2014,2,20,40,1,13,3,SR-823,176TH ST,99998,25.93298056,-80.29346667,0,8,0,0,3,2,0,1,2,1,0,1,0,0000000,99,99,99,99,99,99,0,0,0,1,0
12,121887,2,2,0,0,0,3,3,69,0,11,11,2014,3,11,50,1,13,2,US-27,S PELICAN ISLE DR,99998,28.75139722,-81.87758889,0,12,6,1,2,3,0,1,1,1,0,1,0,0000000,99,99,99,99,88,88,0,0,0,1,0
12,121888,1,1,0,0,0,2,2,31,1510,13,11,2014,5,2,5,0,14,3,SR-116,,99998,30.35352778,-81.53022778,0,33,0,0,1,1,0,4,3,1,0,1,0,0000000,99,99,99,99,88,88,0,0,0,2,0
12,121889,1,1,0,1,1,2,2,71,457,28,9,2014,1,15,37,0,16,6,DIPLOMAT PKWY E,,0,26.68225556,-81.96008333,0,9,0,0,1,1,0,1,1,10,0,10,0,0000000,99,99,99,99,99,99,0,0,0,1,0
12,121890,2,2,0,0,0,2,2,101,0,10,10,2014,6,3,29,0,6,4,CR-595,ELKHORN BLVD,0,28.20810833,-82.72358889,0,12,6,0,8,1,0,1,2,1,0,1,0,0000000,3,29,3,39,88,88,0,0,0,1,1
12,121891,1,1,0,0,0,1,1,105,0,11,10,2014,7,22,8,0,6,8,CAMP MACK RD,,0,27.96906389,-81.39953611,0,34,0,0,1,1,0,4,2,1,0,1,0,0000000,99,99,99,99,88,88,0,0,0,1,1
12,121892,1,1,0,1,1,1,1,86,735,28,3,2014,6,12,44,0,16,9,SW 87TH AVE,,0,25.59803611,-80.33204167,0,8,0,0,1,1,0,1,1,1,0,1,0,0000000,99,99,99,99,88,88,0,0,0,1,0
12,121893,2,2,0,0,0,2,2,71,1070,24,9,2014,4,14,9,0,16,6,STELLA ST,ROYAL PALM DR,0,26.62813056,-81.86330278,0,12,6,0,2,3,0,1,1,1,0,1,1,0000000,99,99,99,99,99,99,0,0,0,1,0
12,121894,2,2,0,0,0,2,2,86,0,24,9,2014,4,13,49,0,6,4,CR-992,SW 151ST ST,0,25.62664167,-80.41459444,0,12,6,0,2,3,0,1,1,1,0,1,0,0000000,99,99,99,99,99,99,0,0,0,1,0
12,121895,2,2,0,0,0,3,3,11,1781,30,9,2014,3,13,11,0,16,6,NW 31ST AVE,NW 41ST ST,0,26.177775,-80.18727778,0,12,2,0,2,2,0,1,1,1,0,1,0,0000000,99,99,99,99,99,99,0,0,0,1,0
12,121896,1,1,0,1,1,3,3,11,1050,1,10,2014,4,21,1,0,13,3,SR-845,,99998,26.14221389,-80.15402222,0,8,0,0,1,1,0,1,2,1,0,1,0,0000000,99,99,99,99,99,99,0,0,0,1,0
12,121897,1,1,0,0,0,1,1,61,2790,3,10,2014,6,16,30,0,16,6,INDIAN RIVER DR,,0,27.80709722,-80.46335833,0,42,0,0,1,1,0,4,1,1,0,1,0,0000000,99,99,99,99,99,99,0,0,0,1,1
12,121898,1,1,0,1,1,1,1,86,0,8,10,2014,4,19,38,1,13,3,SR-932,,99998,25.86816389,-80.2448,0,9,0,0,1,1,0,2,3,1,0,1,0,0000000,99,99,99,99,99,99,0,0,0,1,1
12,121899,1,1,0,1,1,1,1,86,0,8,10,2014,4,6,44,0,6,9,BUSWAY,,0,25.65439722,-80.32958889,0,9,0,0,1,1,0,1,4,1,0,1,0,0000000,99,99,99,99,99,99,0,0,0,1,0
12,121900,1,1,0,1,1,1,1,117,30,8,10,2014,4,20,36,0,16,6,W TOWN PKWY,BUNNELL RD,0,28.65835,-81.42327222,0,8,0,0,3,3,0,1,3,1,0,1,0,0000000,99,99,99,99,99,99,0,0,0,1,0
12,121901,1,1,0,1,1,1,1,86,0,11,10,2014,7,18,20,0,6,4,CR-25,NW 22ND AVE,0,25.82121389,-80.23250833,0,9,0,0,2,2,0,1,1,1,0,1,0,0000000,99,99,99,99,99,99,0,0,0,1,0
12,121902,1,1,0,1,1,1,1,86,0,12,10,2014,1,16,3,0,6,6,SW 24TH ST,,0,25.74726389,-80.23410556,0,8,0,0,1,1,0,1,1,1,0,1,0,0000000,99,99,99,99,99,99,0,0,0,1,0
12,121903,1,1,0,0,0,2,2,86,1440,12,10,2014,1,11,0,0,16,6,NW 12TH ST,,0,25.48161667,-80.49331111,0,5,0,0,1,1,0,1,1,1,0,1,0,0000000,99,99,99,99,99,99,0,0,0,1,0
12,121904,4,4,0,0,0,4,4,99,0,13,10,2014,2,20,35,1,12,3,SR-91,,99998,26.41596111,-80.17168056,0,12,1,0,1,1,0,1,2,1,0,1,0,0000000,99,99,99,99,88,88,0,0,0,1,1
12,121905,1,1,0,1,1,1,1,86,2010,15,10,2014,4,23,40,0,13,3,SR-934,,99998,25.84726667,-80.20225833,0,8,0,0,1,1,0,1,3,1,0,1,0,0000000,99,99,99,99,99,99,0,0,0,1,0
12,121906,1,1,0,1,1,2,2,57,0,15,10,2014,4,21,6,0,6,4,CR-584,WOODLAND CORPORATE BL,0,28.02539444,-82.52197778,0,9,0,0,2,2,0,1,2,10,0,10,0,0000000,99,99,99,99,99,99,0,0,0,1,0
12,121907,2,2,0,0,0,2,2,31,1510,24,9,2014,4,7,20,1,13,3,SR-228,,99998,30.20875833,-81.96208611,0,12,2,0,1,1,0,1,4,10,0,10,0,0000000,99,99,99,99,99,99,0,0,0,1,0
12,121908,1,1,0,1,1,1,1,86,0,22,10,2014,4,5,55,0,6,8,SW 102ND AVE,,0,25.73858056,-80.35973889,0,9,0,0,1,1,0,1,3,1,0,1,0,0000000,99,99,99,99,88,88,0,0,0,1,0
12,121909,1,1,0,0,0,1,1,9,1990,24,10,2014,6,22,50,1,13,2,US-192,MC CLAIN DR,99998,28.07894167,-80.64915278,0,33,0,0,3,2,0,4,3,1,0,1,0,0000000,99,99,99,99,99,99,0,0,0,1,0
12,121910,2,2,0,0,0,2,2,86,2010,25,10,2014,7,19,11,0,16,6,NW 5TH AVE,NW 58TH ST,0,25.82873611,-80.20418611,0,12,6,0,3,2,0,1,3,1,0,1,0,0000000,99,99,99,99,99,99,0,0,0,1,0
12,121911,1,1,0,0,0,1,1,86,1573,25,10,2014,7,9,0,0,16,6,GLENRIDGE RD,,0,25.69209167,-80.16600278,0,41,0,0,8,1,0,5,1,1,0,1,0,0000000,99,99,99,99,99,99,0,0,0,1,0
12,121912,2,2,0,0,0,2,2,105,1690,28,10,2014,3,5,25,1,13,2,US-92,CRUTCHFIELD RD,99998,28.05291944,-82.00667222,0,12,6,0,2,3,0,1,3,1,0,1,0,0000000,99,99,99,99,99,99,0,0,0,1,0
12,121913,1,1,0,0,0,3,3,86,0,28,10,2014,3,19,42,0,6,6,SW 56TH ST,,0,25.71652778,-80.33844167,0,42,0,0,1,1,0,4,3,1,0,1,0,0000000,99,99,99,99,99,99,0,0,0,1,0
12,121915,1,1,0,0,0,2,2,57,0,29,10,2014,4,11,38,0,6,6,DEL WEBB BLVD E,,0,27.72770278,-82.33660833,0,42,0,0,1,1,0,5,1,1,0,1,0,0000000,99,99,99,99,99,99,0,0,0,1,0
12,121916,2,2,0,0,0,2,2,91,2200,29,10,2014,4,19,7,0,13,3,SR-20,,99998,30.52057778,-86.48643056,0,12,2,0,1,1,0,1,3,2,0,2,0,0000000,99,99,99,99,99,99,0,0,0,1,0
12,121917,2,2,0,0,0,2,2,11,2570,30,10,2014,5,14,47,0,16,6,COPANS RD,NW 30TH AVE,0,26.25986389,-80.16406944,0,12,2,0,2,2,0,1,1,1,0,1,0,0000000,99,99,99,99,99,99,0,0,0,1,0
12,121918,1,1,0,1,1,5,5,95,70,31,10,2014,6,22,26,1,13,2,US-441,ROGER WILLIAMS RD,99998,28.6653,-81.48471111,0,8,0,0,3,2,0,1,2,1,0,1,0,0000000,99,99,99,99,99,99,0,0,0,1,0
12,121919,1,1,0,0,0,1,1,99,0,1,11,2014,7,5,36,0,6,6,WESTGATE AVE,,0,26.70290833,-80.09066944,0,31,0,0,1,1,0,4,3,1,0,1,0,0000000,99,99,99,99,88,88,0,0,0,1,0
12,121920,1,1,0,0,0,2,2,17,0,1,11,2014,7,18,44,0,16,9,TRAIL 10,TRAIL 9A,0,28.79946667,-82.36421944,0,5,0,0,1,1,0,1,5,1,0,1,0,0000000,18,44,18,59,88,88,0,0,0,1,0
12,121921,1,1,0,1,1,1,1,55,0,1,11,2014,7,21,53,0,16,6,BURKETT AVE,,0,27.41243056,-81.46636111,0,8,0,0,1,1,0,2,2,1,0,1,0,0000000,99,99,99,99,99,99,0,0,0,1,0
12,121922,1,1,0,1,1,1,1,95,2360,3,11,2014,2,20,16,0,16,6,METROWEST BLVD,,0,28.51393889,-81.46361111,0,8,0,0,1,1,0,1,3,1,0,1,0,0000000,99,99,99,99,99,99,0,0,0,1,0
12,121923,2,2,0,0,0,2,2,21,0,5,11,2014,4,8,1,0,6,4,CR-846,TARPON BAY BLVD,0,26.27283333,-81.73738333,0,12,6,0,2,2,0,1,1,1,0,1,0,0000000,99,99,99,99,99,99,0,0,0,1,0
12,121924,1,1,0,1,1,1,1,95,0,5,11,2014,4,21,10,1,13,3,SR-50,,99998,28.56823056,-81.25776111,0,9,0,0,1,1,0,1,3,1,0,1,0,0000000,99,99,99,99,99,99,0,0,0,1,0
12,121925,1,1,0,1,1,1,1,86,0,5,11,2014,4,10,20,0,13,3,SR-94,DADELAND BLVD,99998,25.68871389,-80.31355833,0,8,0,0,2,2,0,1,1,10,0,10,0,0000000,99,99,99,99,99,99,0,0,0,1,0
12,121926,2,2,0,0,0,3,3,11,2570,6,11,2014,5,18,51,0,14,3,SR-811,S DIXIE HWY,99998,26.22255833,-80.1302,0,12,2,0,2,2,0,1,1,1,0,1,0,0000000,99,99,99,99,99,99,0,0,0,1,0
12,121928,1,1,0,0,0,1,1,119,0,7,11,2014,6,20,10,1,12,3,SR-91,,99998,28.80168333,-82.00145556,0,24,0,0,1,1,0,3,2,1,0,1,0,0000000,99,99,99,99,88,88,0,0,0,1,0