STATE,ST_CASE,VE_TOTAL,VE_FORMS,PVH_INVL,PEDS,PERNOTMVIT,PERMVIT,PERSONS,COUNTY,CITY,DAY,MONTH,YEAR,DAY_WEEK,HOUR,MINUTE,NHS,ROAD_FNC,ROUTE,TWAY_ID,TWAY_ID2,MILEPT,LATITUDE,LONGITUD,SP_JUR,HARM_EV,MAN_COLL,RELJCT1,RELJCT2,TYP_INT,WRK_ZONE,REL_ROAD,LGT_COND,WEATHER1,WEATHER2,WEATHER,SCH_BUS,RAIL,NOT_HOUR,NOT_MIN,ARR_HOUR,ARR_MIN,HOSP_HR,HOSP_MN,CF1,CF2,CF3,FATALS,DRUNK_DR
12,121929,1,1,0,1,1,1,1,85,2900,3,5,2014,7,23,20,0,13,2,US-1,WRIGHT BLVD,99998,27.21590278,-80.26102222,0,9,0,1,2,2,0,1,3,10,0,10,0,0000000,99,99,99,99,99,99,0,0,0,1,0
12,121930,1,1,0,1,1,1,1,5,2451,22,5,2014,5,0,2,0,16,6,S THOMAS DR,,0,30.17101111,-85.79422222,0,30,0,0,1,1,0,4,3,1,0,1,0,0000000,99,99,99,99,99,99,0,0,0,1,1
12,121931,1,1,0,1,1,1,1,1,1130,27,7,2014,1,21,0,1,13,3,SR-24,,99998,29.66601389,-82.30203056,0,8,0,0,1,1,0,1,3,1,0,1,0,0000000,99,99,99,99,99,99,0,0,0,1,0
12,121932,2,2,0,0,0,6,6,86,2330,27,7,2014,1,0,9,0,16,6,NW 22ND AVE,NW 151ST ST,0,25.91199722,-80.23618056,0,12,6,0,2,2,0,1,3,1,0,1,0,0000000,99,99,99,99,99,99,0,0,0,1,0
12,121933,1,1,0,1,1,1,1,103,2806,21,9,2014,1,23,15,0,16,6,53RD AVE,SEMINOLT BLVD,0,27.82020556,-82.78715556,0,9,0,0,3,2,0,1,3,1,0,1,0,0000000,99,99,99,99,99,99,0,0,0,1,0
12,121934,1,1,0,0,0,1,1,5,2450,5,11,2014,4,22,4,0,16,6,11TH ST W,FAIRY AVE,0,30.16799722,-85.68477778,0,33,0,0,1,1,0,4,3,1,0,1,0,0000000,99,99,99,99,99,99,0,0,0,1,1
12,121935,3,3,0,0,0,5,5,71,1070,10,10,2014,6,12,10,0,13,3,SR-82,FORUM BLVD,99998,26.63163056,-81.79204444,0,12,1,0,3,2,0,1,1,1,0,1,0,0000000,99,99,99,99,99,99,0,0,0,1,0
12,121936,1,1,0,0,0,2,2,73,2940,15,10,2014,4,23,59,0,16,6,GAINES ST,WOODWARD AVE,0,30.43553056,-84.29809167,0,43,0,0,3,6,0,4,3,1,0,1,0,0000000,99,99,99,99,99,99,0,0,0,1,1
12,121937,1,1,0,1,1,1,1,19,0,17,10,2014,6,19,40,0,6,4,CR-224,COLLEGE PARK DR,0,30.11173889,-81.77648889,0,9,0,1,3,3,0,1,2,1,0,1,0,0000000,99,99,99,99,99,99,0,0,0,1,0
12,121938,2,2,0,0,0,5,5,31,1510,18,10,2014,7,20,0,1,13,3,SR-228,IRENE ST,99998,30.32106389,-81.69114722,0,12,2,1,2,3,0,1,3,1,0,1,0,0000000,99,99,99,99,99,99,0,0,0,1,1
12,121939,1,1,0,0,0,1,1,103,2730,18,10,2014,7,0,58,0,16,6,83RD AVE NE,,0,27.84763611,-82.63024444,0,1,0,0,1,1,0,4,3,1,0,1,0,0000000,99,99,99,99,88,88,0,0,0,1,1
12,121940,2,2,0,0,0,4,4,35,2439,18,10,2014,7,21,35,1,13,3,SR-100,LANDING BLVD,99998,29.4756,-81.22175,0,12,6,1,2,3,0,1,3,1,0,1,0,0000000,99,99,99,99,99,99,0,0,0,1,1
12,121941,2,2,0,0,0,2,2,107,0,21,10,2014,3,6,50,0,3,3,SR-19,,99998,29.45518889,-81.73816667,0,12,2,0,1,1,0,1,2,1,0,1,0,0000000,99,99,99,99,99,99,0,0,0,1,1
12,121942,2,2,0,0,0,2,2,103,0,26,10,2014,1,3,6,1,13,3,SR-55,,99998,28.06105278,-82.73875278,0,12,1,0,1,1,4,1,3,1,0,1,0,0000000,99,99,99,99,88,88,0,0,0,1,1
12,121943,1,1,0,1,1,1,1,83,2270,1,11,2014,7,2,35,0,16,6,NE 2ND ST,,0,29.18830278,-82.11024167,0,8,0,0,1,1,0,1,2,1,0,1,0,0000000,99,99,99,99,99,99,0,0,0,1,0
12,121944,1,1,0,1,1,1,1,86,2010,2,11,2014,1,5,20,1,11,1,I-95,,99998,25.89159444,-80.20968611,0,8,0,0,1,1,0,1,3,1,0,1,0,0000000,99,99,99,99,88,88,0,0,0,1,0
12,121945,3,3,0,0,0,3,3,127,825,3,11,2014,2,18,42,0,16,6,HOWLAND BLVD,,0,28.91663611,-81.1824,0,12,7,0,1,1,0,1,3,1,0,1,0,0000000,99,99,99,99,88,88,0,0,0,1,0
12,121946,1,1,0,1,1,1,1,97,0,4,11,2014,3,20,49,1,13,2,US-441,,99998,28.313975,-81.40370833,0,8,0,0,1,1,0,1,2,1,0,1,0,0000000,99,99,99,99,88,88,0,0,0,1,0
12,121947,2,2,0,0,0,2,2,81,0,7,11,2014,6,6,26,1,13,2,US-301,51ST AVE,99998,27.52637222,-82.512725,0,12,6,0,2,2,0,1,1,1,0,1,0,0000000,99,99,99,99,99,99,0,0,0,1,0
12,121948,1,1,0,1,1,1,1,103,0,7,11,2014,6,14,36,1,13,2,US-19 N,,99998,28.03628889,-82.73846389,0,8,0,0,1,1,0,1,1,1,0,1,0,0000000,99,99,99,99,88,88,0,0,0,1,0
12,121949,1,1,0,1,1,1,1,83,0,8,11,2014,7,1,40,1,13,2,US-441,,99998,29.14975,-82.11891111,0,8,0,0,1,1,0,1,2,1,0,1,0,0000000,99,99,99,99,88,88,0,0,0,1,0
12,121950,2,2,0,0,0,3,3,86,0,2,10,2014,5,13,17,0,6,8,NW 22ND AVE,NW 95TH ST,0,25.86096111,-80.23400556,0,12,6,0,2,2,0,1,1,1,0,1,0,0000000,99,99,99,99,99,99,0,0,0,1,0
12,121951,2,2,0,0,0,3,3,27,0,9,11,2014,1,22,40,1,13,2,US-17,,99998,27.12206944,-81.91406111,0,12,2,0,1,1,4,1,2,10,0,10,0,0000000,99,99,99,99,99,99,0,0,0,1,0
12,121952,2,2,0,0,0,2,2,31,1510,10,11,2014,2,0,32,1,13,3,SR-228,,99998,30.27101944,-81.84061944,0,12,1,0,1,1,0,1,3,1,0,1,0,0000000,99,99,99,99,88,88,0,0,0,1,0
12,121953,1,1,0,0,0,1,1,105,0,10,11,2014,2,7,5,0,6,6,HWY 640,,0,27.83085556,-81.862725,0,1,0,0,1,1,0,4,4,1,0,1,0,0000000,99,99,99,99,88,88,0,0,0,1,0
12,121954,3,3,0,0,0,4,4,99,0,10,11,2014,2,11,56,1,11,1,I-95,,99998,26.6089,-80.06788889,0,25,0,0,1,1,0,4,1,10,0,10,0,0000000,99,99,99,99,99,99,0,0,0,1,0
12,121955,3,3,0,0,0,3,3,95,0,11,11,2014,3,17,32,0,6,4,CR-431,,0,28.59161944,-81.45146944,0,12,2,0,1,1,0,1,5,1,0,1,0,0000000,99,99,99,99,99,99,0,0,0,2,0
12,121956,2,2,0,0,0,2,2,99,0,11,11,2014,3,16,7,0,6,6,SOUTHSHORE BLVD,50TH ST S,0,26.61511944,-80.26206944,0,12,2,0,3,5,0,1,1,1,0,1,0,0000000,99,99,99,99,88,88,0,0,0,1,0
12,121957,1,1,0,1,1,2,2,5,0,12,11,2014,4,20,47,1,13,2,US-231,,99998,30.20077778,-85.62499722,0,8,0,0,1,1,0,1,2,1,0,1,0,0000000,99,99,99,99,99,99,0,0,0,1,0
12,121958,1,1,0,1,1,1,1,11,2570,12,11,2014,4,20,53,0,16,6,NE 2ND ST,,0,26.23363611,-80.09983889,0,15,0,0,1,1,0,1,2,1,0,1,0,0000000,99,99,99,99,99,99,0,0,0,1,0
12,121959,2,2,0,0,0,3,3,17,0,12,11,2014,4,10,50,0,6,4,CR-490,W ROSEDALE DR,0,28.81849722,-82.54125833,0,12,6,1,2,3,0,1,1,1,0,1,0,0000000,99,99,99,99,99,99,0,0,0,1,0
12,121960,1,1,0,0,0,2,2,101,3330,14,11,2014,6,14,9,1,13,2,US-301,,99998,28.25585278,-82.18823889,0,31,0,0,1,1,0,4,1,1,0,1,0,0000000,99,99,99,99,99,99,0,0,0,2,0
12,121961,1,1,0,1,1,2,2,59,0,14,11,2014,6,4,15,0,4,3,SR-2,,99998,30.96026667,-85.66113056,0,8,0,0,1,1,0,1,2,1,0,1,0,0000000,99,99,99,99,88,88,0,0,0,1,0
12,121962,1,1,0,0,0,1,1,89,0,14,11,2014,6,17,20,0,6,6,BLACKROCK RD,,0,30.65686111,-81.52706944,0,43,0,0,1,1,0,1,5,1,0,1,0,0000000,99,99,99,99,99,99,0,0,0,1,1
12,121963,2,2,0,1,1,5,5,87,1925,14,11,2014,6,19,5,1,13,2,US-1,,99998,24.77331667,-80.9344,0,8,0,0,1,1,0,1,2,1,0,1,0,0000000,99,99,99,99,88,88,0,0,0,1,0
12,121964,2,2,0,0,0,4,4,95,2360,14,11,2014,6,11,43,0,16,6,DEAN RD,UNIVERSITY BLVD,0,28.59916944,-81.24475278,0,12,6,0,2,3,0,1,1,1,0,1,0,0000000,99,99,99,99,99,99,0,0,0,1,0
12,121965,1,1,0,0,0,1,1,105,0,14,11,2014,6,5,24,1,11,1,I-4,,99998,28.04211944,-82.02813056,0,21,0,0,1,1,0,4,2,1,0,1,0,0000000,99,99,99,99,88,88,0,0,0,1,1
12,121966,1,1,0,0,0,2,2,11,1050,15,11,2014,7,1,58,0,16,6,NW 108TH TER,,0,26.20830278,-80.29382778,0,42,0,0,1,1,0,3,3,1,0,1,0,0000000,99,99,99,99,99,99,0,0,0,1,1
12,121967,1,1,0,1,1,1,1,103,0,15,11,2014,7,3,22,1,13,3,SR-688,,99998,27.89376944,-82.72681944,0,8,0,0,1,1,0,1,3,1,0,1,0,0000000,99,99,99,99,88,88,0,0,0,1,0
12,121968,1,1,0,1,1,1,1,11,0,16,11,2014,1,8,25,1,13,2,US-27,,99998,25.98955556,-80.4327,0,9,0,0,1,1,0,1,4,1,0,1,0,0000000,99,99,99,99,99,99,0,0,0,1,0
12,121969,2,2,0,0,0,2,2,86,0,17,11,2014,2,9,33,1,13,3,SR-976,SW 104 CT,99998,25.73247222,-80.36453056,0,12,6,1,2,2,0,1,1,1,0,1,0,0000000,99,99,99,99,99,99,0,0,0,1,0
12,121970,2,2,0,0,0,3,3,131,0,19,11,2014,4,15,30,0,3,2,US-90,,99998,30.73782222,-86.34371111,0,12,2,0,1,1,0,1,1,1,0,1,0,0000000,99,99,99,99,99,99,0,0,0,1,1
12,121971,2,2,0,0,0,2,2,83,0,19,11,2014,4,22,15,0,6,4,CR-200A,,0,29.33863056,-82.11273889,0,12,1,0,1,1,0,1,2,1,0,1,0,0000000,99,99,99,99,88,88,0,0,0,1,0
12,121972,1,1,0,1,1,2,2,31,1510,20,11,2014,5,23,29,0,14,3,SR-128,,99998,30.28212222,-81.74506111,0,8,0,0,1,1,0,99,3,1,0,1,0,0000000,99,99,99,99,88,88,0,0,0,1,0
12,121973,1,1,0,1,1,2,2,99,3190,20,11,2014,5,19,3,0,14,2,US-1,BARNETT ST,99998,26.65286944,-80.05609444,0,8,0,0,3,3,0,1,3,10,0,10,0,0000000,99,99,99,99,99,99,0,0,0,1,0
12,121974,2,2,0,0,0,4,4,95,2360,19,1,2014,1,11,24,0,14,3,SR-552,CASTON FOSTER RD,99998,28.52434167,-81.32423611,0,12,6,0,2,2,0,1,1,1,0,1,0,0000000,99,99,99,99,99,99,0,0,0,1,0
12,121975,1,1,0,0,0,1,1,41,0,6,10,2014,2,13,55,0,3,2,US-129,,99998,29.66982222,-82.85276389,0,42,0,0,1,1,0,5,1,1,0,1,0,0000000,99,99,99,99,88,88,0,0,0,1,0
12,121976,1,1,0,0,0,3,3,86,0,9,10,2014,5,15,31,0,4,3,SR-994,,99998,25.58026944,-80.45325556,0,30,0,0,1,1,0,4,1,1,0,1,0,0000000,99,99,99,99,99,99,0,0,0,1,0
12,121977,1,1,0,1,1,1,1,5,2450,1,11,2014,7,21,51,1,13,2,US-231,,99998,30.20593056,-85.62501111,0,9,0,0,1,1,0,1,2,1,0,1,0,0000000,99,99,99,99,88,88,0,0,0,1,0
12,121978,2,2,0,0,0,2,2,35,0,4,11,2014,3,6,12,0,3,3,SR-11,,99998,29.43881111,-81.28173056,0,12,2,0,1,1,0,1,2,1,0,1,0,0000000,99,99,99,99,88,88,0,0,0,1,1
12,121979,1,1,0,1,1,1,1,103,2730,5,11,2014,4,8,5,0,16,6,20TH AVE,4TH ST,0,27.775625,-82.66030556,0,8,0,0,2,3,0,1,1,1,0,1,0,0000000,99,99,99,99,99,99,0,0,0,1,0
12,121980,2,2,0,0,0,3,3,95,0,6,11,2014,5,12,38,0,14,3,SR-551,GOLDENROD RD,99998,28.492775,-81.28549444,0,12,1,0,2,2,0,1,1,1,0,1,0,0000000,12,39,12,40,88,88,0,0,0,1,0
12,121981,1,1,0,0,0,1,1,107,0,6,11,2014,5,4,55,1,13,2,US-17,,99998,29.58430278,-81.61316667,0,42,0,0,1,1,0,4,2,1,0,1,0,0000000,99,99,99,99,88,88,0,0,0,1,1
12,121982,2,2,0,0,0,3,3,119,0,6,11,2014,5,18,25,0,6,4,CR-48,CR-616,0,28.66871944,-82.15346944,0,12,6,1,2,3,0,1,2,1,0,1,0,0000000,99,99,99,99,99,99,0,0,0,1,0
12,121983,1,1,0,1,1,1,1,97,2700,7,11,2014,6,0,29,0,6,4,CR-15,,0,28.24911944,-81.28121111,0,9,0,0,1,1,0,1,2,1,0,1,0,0000000,99,99,99,99,88,88,0,0,0,1,0
12,121984,1,1,0,1,1,1,1,71,0,7,11,2014,6,23,10,0,6,6,SUNSHINE BLVD,,0,26.62437222,-81.68602222,0,9,0,0,1,1,0,1,2,10,0,10,0,0000000,99,99,99,99,99,99,0,0,0,1,0
12,121985,1,1,0,1,1,1,1,19,0,7,11,2014,6,19,20,0,6,4,CR-15A,,0,30.09981111,-81.69881111,0,9,0,0,1,1,0,1,2,1,0,1,0,0000000,99,99,99,99,99,99,0,0,0,1,0
12,121986,3,3,0,0,0,4,4,99,820,8,11,2014,7,10,2,0,16,6,S MILITARY TRAIL,FOUNTAINS WAY,0,26.46307778,-80.12269722,0,12,6,0,2,2,0,1,1,1,0,1,0,0000000,99,99,99,99,99,99,0,0,0,1,0
12,121987,1,1,0,1,1,1,1,21,0,9,11,2014,1,16,58,0,6,6,1602 LAKE TRAFFORD RD,,0,26.43301944,-81.43551944,0,8,0,0,8,1,0,1,3,2,0,2,0,0000000,99,99,99,99,88,88,0,0,0,1,0
12,121988,1,1,0,0,0,1,1,55,0,14,11,2014,6,22,30,0,16,4,CR-29,,0,27.25371389,-81.3014,0,30,0,0,1,1,0,4,2,1,0,1,0,0000000,99,99,99,99,88,88,0,0,0,1,0
12,121989,1,1,0,0,0,1,1,11,0,15,11,2014,7,12,24,0,6,3,SR-84,,0,26.091425,-80.21593889,0,25,0,1,5,1,0,3,1,1,0,1,0,0000000,99,99,99,99,88,88,0,0,0,1,0
12,121990,1,1,0,0,0,1,1,103,0,15,11,2014,7,3,1,0,16,6,FORELOCK DR,,0,28.13158056,-82.68551111,0,35,0,0,1,1,0,4,3,1,0,1,0,0000000,99,99,99,99,88,88,0,0,0,1,1
12,121991,2,2,0,0,0,4,4,81,2440,16,11,2014,1,19,30,1,13,2,US-41,,99998,27.54885,-82.56306944,0,12,2,0,8,1,0,1,3,10,0,10,0,0000000,99,99,99,99,99,99,0,0,0,1,1
12,121992,2,2,0,0,0,3,3,1,0,17,11,2014,2,14,50,1,12,1,I-75 RAMP,,99998,29.65683889,-82.41643056,0,24,0,1,5,1,0,4,1,2,0,2,0,0000000,99,99,99,99,99,99,0,0,0,1,0
12,121993,1,1,0,0,0,1,1,127,0,18,11,2014,3,20,29,1,11,1,I-4,,99998,28.95888889,-81.25641944,0,30,0,0,1,1,0,4,2,1,0,1,0,0000000,99,99,99,99,99,99,0,0,0,1,0
12,121994,4,2,2,0,0,3,3,35,0,18,11,2014,3,12,40,1,13,2,US-1,SR-100,99998,29.46577778,-81.25765833,0,12,6,0,2,2,0,1,1,1,0,1,0,0000000,99,99,99,99,88,88,20,14,0,1,0
12,121995,2,1,1,0,1,1,2,127,780,18,11,2014,3,3,22,1,13,2,US-92,,99998,29.20048611,-81.04724444,0,45,0,0,1,1,4,1,2,1,0,1,0,0000000,99,99,99,99,88,88,0,0,0,1,1
12,121996,1,1,0,1,1,1,1,105,1690,18,11,2014,3,18,8,1,13,2,US-98,,99998,28.05131389,-81.95731111,0,8,0,0,1,1,0,1,2,10,0,10,0,0000000,99,99,99,99,99,99,0,0,0,1,0
12,121997,2,2,0,0,0,2,2,127,0,19,11,2014,4,16,58,1,13,3,SR-472,,99998,28.97440278,-81.29948056,0,24,0,1,19,1,0,4,1,1,0,1,0,0000000,99,99,99,99,99,99,0,0,0,1,0
12,121998,1,1,0,0,0,1,1,86,2010,28,10,2014,3,22,35,1,11,1,I-95,,99998,25.78072778,-80.19985556,0,25,0,0,1,1,0,4,3,1,0,1,0,0000000,99,99,99,99,88,88,0,0,0,1,0
12,121999,1,1,0,1,1,2,2,51,0,28,10,2014,3,20,55,0,3,3,SR-80,,99998,26.76219444,-81.16259444,0,8,0,0,1,1,0,1,2,1,0,1,0,0000000,99,99,99,99,99,99,0,0,0,1,0
12,122001,2,2,0,1,1,3,3,86,2023,9,11,2014,1,6,31,1,13,3,SR-817,,99998,25.94042778,-80.24537778,0,12,6,0,8,1,0,1,4,1,0,1,0,0000000,99,99,99,99,99,99,0,0,0,1,0
12,122002,3,3,0,0,0,4,4,11,771,9,11,2014,1,18,27,0,16,6,2400 S PINE ISLAND RD,NOVA DR,0,26.09036111,-80.26536389,0,12,2,0,2,2,0,1,3,2,0,2,0,0000000,99,99,99,99,99,99,0,0,0,1,0
12,122003,1,1,0,1,1,1,1,57,0,10,11,2014,2,21,54,1,13,3,SR-580,,99998,28.05151944,-82.41601389,0,8,0,0,1,1,0,1,2,1,0,1,0,0000000,99,99,99,99,99,99,0,0,0,1,0
12,122004,2,2,0,0,0,2,2,99,1560,11,11,2014,3,11,54,0,13,3,SR-811,2141 S ALT A1A,99998,26.915625,-80.094275,0,12,6,0,2,3,0,1,1,1,0,1,0,0000000,99,99,99,99,99,99,0,0,0,1,0
12,122005,2,2,0,0,0,2,2,57,355,12,11,2014,4,22,36,1,13,3,SR-60,EDWARDS AVE,99998,27.93776944,-82.28576111,0,12,6,0,3,3,0,1,3,1,0,1,0,0000000,99,99,99,99,88,88,0,0,0,1,0
12,122006,3,1,2,0,0,1,1,19,1200,12,11,2014,4,1,26,0,16,6,S OAKRIDGE AVE,,0,29.97815833,-81.69314722,0,30,0,0,1,1,0,4,2,1,0,1,0,0000000,99,99,99,99,99,99,14,0,0,1,1
12,122007,1,1,0,1,1,1,1,31,1510,13,11,2014,5,20,53,0,16,6,TOWNSEND BLVD,MERRILL RD,0,30.35225,-81.57756389,0,8,0,0,3,2,0,1,3,1,0,1,0,0000000,99,99,99,99,99,99,0,0,0,1,0
12,122008,2,2,0,0,0,2,2,105,0,14,11,2014,6,5,48,1,11,1,I-4,,99998,28.0514,-82.01553056,0,12,1,0,1,1,0,1,3,1,0,1,0,0000000,99,99,99,99,99,99,0,0,0,1,0
12,122009,1,1,0,1,1,1,1,11,1050,14,11,2014,6,19,43,0,14,3,SR-838,BAYVIEW DR,99998,26.13782222,-80.11481667,0,8,0,0,3,2,0,1,3,1,0,1,0,0000000,99,99,99,99,99,99,0,0,0,1,0
12,122011,1,1,0,1,1,4,4,21,0,15,11,2014,7,18,28,0,6,6,TAMIAMI TRAIL,,0,26.02006944,-81.63158611,0,8,0,0,1,1,0,1,2,1,0,1,0,0000000,99,99,99,99,88,88,0,0,0,1,0
12,122012,2,2,0,0,0,2,2,95,0,15,11,2014,7,23,10,0,16,6,CLARCONA RD,,0,28.65276944,-81.50816944,0,12,2,0,1,1,0,1,3,1,0,1,0,0000000,99,99,99,99,99,99,0,0,0,2,1
12,122014,1,1,0,1,1,2,2,95,0,16,11,2014,1,5,55,0,16,6,TURKEY LAKE RD,CRESTLAKE DR,0,28.48745556,-81.47527222,0,8,0,0,2,3,0,1,2,1,0,1,0,0000000,99,99,99,99,99,99,0,0,0,1,0
12,122015,1,1,0,0,0,1,1,97,0,17,11,2014,2,14,0,1,13,2,US-441,,99998,27.97016667,-81.00766389,0,42,0,0,1,1,0,4,1,1,0,1,0,0000000,99,99,99,99,88,88,0,0,0,1,0
12,122016,4,4,0,0,0,9,9,57,0,17,11,2014,2,18,0,1,13,2,US-41,HARTFORD ST,99998,27.91186111,-82.40185278,0,12,1,1,2,2,0,1,2,2,0,2,0,0000000,99,99,99,99,88,88,0,0,0,1,1
12,122017,2,2,0,0,0,3,3,133,0,17,11,2014,2,18,46,0,3,3,SR-77,6TH AVE,99998,30.62707778,-85.59179167,0,12,6,0,8,1,0,1,2,1,0,1,0,0000000,99,99,99,99,99,99,20,0,0,1,0
12,122018,1,1,0,0,0,1,1,23,0,17,11,2014,2,4,20,0,3,3,SR-247,,99998,30.11791111,-82.72876111,0,42,0,0,1,1,0,4,2,1,0,1,0,0000000,5,27,5,46,88,88,0,0,0,1,1
12,122019,1,1,0,1,1,1,1,57,0,18,11,2014,3,11,39,0,6,8,MEADOWVIEW CR,CR-589,0,28.05458611,-82.58254167,0,9,0,0,2,2,0,1,1,10,0,10,0,0000000,99,99,99,99,88,88,0,0,0,1,0
12,122020,3,3,0,0,0,6,6,81,0,19,11,2014,4,20,18,0,16,4,CR-675,SPENCER PARRISH RD,0,27.57573889,-82.40903056,0,12,2,0,2,2,0,1,2,1,0,1,0,0000000,99,99,99,99,99,99,0,0,0,3,1
12,122021,2,2,0,0,0,3,3,83,0,20,11,2014,5,9,23,1,11,1,I-75,,99998,29.026375,-82.15789444,0,24,0,1,19,1,0,3,1,1,0,1,0,0000000,99,99,99,99,99,99,0,0,0,2,0
12,122022,2,2,0,0,0,3,3,81,0,20,11,2014,5,2,3,0,16,6,53RD AVE,26TH ST,0,27.44778056,-82.58761667,0,12,6,0,2,2,0,1,2,1,0,1,0,0000000,99,99,99,99,88,88,0,0,0,2,0
12,122023,2,2,0,0,0,2,2,21,0,20,11,2014,5,12,35,9,16,4,CR-862,ISLANDWALK BLVD,0,26.24389444,-81.71220278,0,12,6,0,2,3,0,1,1,1,0,1,0,0000000,99,99,99,99,88,88,0,0,0,1,0
12,122024,2,2,0,0,0,3,3,86,0,20,11,2014,5,20,47,1,13,2,US-41,147TH AVE,99998,25.76085278,-80.43273611,0,12,6,1,2,3,0,1,3,10,0,10,0,0000000,99,99,99,99,88,88,0,0,0,1,0
12,122025,1,1,0,0,0,1,1,57,0,20,11,2014,5,13,7,1,12,3,SR-589,,99998,28.06508611,-82.56735,0,20,0,0,1,1,4,4,1,1,0,1,0,0000000,99,99,99,99,88,88,0,0,0,1,0
12,122026,2,2,0,0,0,6,6,83,0,20,11,2014,5,22,9,1,13,2,US-301,,99998,28.98211944,-82.04118056,0,12,2,0,1,1,0,1,2,1,0,1,0,0000000,99,99,99,99,99,99,0,0,0,1,0
12,122027,2,2,0,0,0,2,2,103,570,20,11,2014,5,19,40,1,13,3,SR-60,HAMPTON RD,99998,27.96063611,-82.72153611,0,5,0,1,2,4,0,1,3,1,0,1,0,0000000,99,99,99,99,99,99,0,0,0,1,0
12,122028,2,2,0,0,0,3,3,81,0,21,11,2014,6,21,0,0,14,3,SR-70,,99998,27.3481,-82.16256111,0,12,6,0,1,1,0,1,2,10,0,10,0,0000000,99,99,99,99,88,88,0,0,0,1,1
12,122029,2,2,0,0,0,3,3,127,0,21,11,2014,6,18,36,0,3,3,SR-415,,99998,28.82091111,-81.18488889,0,12,2,0,1,1,4,1,2,10,0,10,0,0000000,99,99,99,99,88,88,0,0,0,1,1
12,122030,1,1,0,0,0,5,5,131,0,22,11,2014,7,8,20,1,11,1,I-10,,99998,30.73248611,-86.37705278,0,1,0,0,1,1,0,3,1,1,0,1,0,0000000,99,99,99,99,99,99,0,0,0,1,0
12,122031,2,1,1,1,1,1,1,109,0,22,11,2014,7,6,20,1,11,1,I-95,,99998,29.79454722,-81.36501667,0,14,0,0,1,1,0,5,2,10,0,10,0,0000000,99,99,99,99,88,88,23,0,0,1,0
12,122032,3,3,0,0,0,4,4,71,0,22,11,2014,7,19,42,0,13,3,SR-82,GENOA AVE,99998,26.522225,-81.578825,0,12,6,0,2,3,0,1,2,2,0,2,0,0000000,99,99,99,99,99,99,0,0,0,1,1
12,122033,1,1,0,1,1,1,1,11,2570,22,11,2014,7,18,35,1,12,1,I-95 RAMP,,99998,26.26048889,-80.13125,0,8,0,1,20,1,0,1,3,2,0,2,0,0000000,99,99,99,99,88,88,0,0,0,1,0
12,122034,1,1,0,1,1,1,1,127,0,22,11,2014,7,17,44,1,13,2,US-17,,99998,29.07643889,-81.31136389,0,9,0,0,1,1,0,1,2,2,0,2,0,0000000,99,99,99,99,88,88,0,0,0,1,0
12,122035,2,2,0,0,0,2,2,95,0,22,11,2014,7,22,32,0,16,6,WORLD DR,,0,28.3633,-81.56398056,0,12,1,0,1,1,0,1,3,1,0,1,0,0000000,99,99,99,99,99,99,0,0,0,1,0
12,122036,2,2,0,0,0,3,3,69,1820,22,11,2014,7,12,40,1,13,2,US-27,CORLEY ISLAND RD,99998,28.77435,-81.886375,0,12,6,0,2,3,0,1,1,2,0,2,0,0000000,99,99,99,99,99,99,0,0,0,1,0
12,122037,1,1,0,1,1,2,2,127,780,23,11,2014,1,19,57,0,16,6,WILLIAMSON BLVD,,0,29.23166944,-81.09647222,0,8,0,0,1,1,0,1,2,10,0,10,0,0000000,99,99,99,99,88,88,0,0,0,1,0
12,122038,1,1,0,0,0,1,1,11,771,23,11,2014,1,6,56,1,12,3,SR-91,,99998,26.08979722,-80.21191111,0,25,0,1,5,1,0,4,1,10,0,10,0,0000000,99,99,99,99,99,99,0,0,0,1,0
12,122039,1,1,0,2,2,1,1,55,2800,23,11,2014,1,19,27,1,13,2,US-27,,99998,27.51358889,-81.4946,0,8,0,0,1,1,0,1,3,1,0,1,0,0000000,99,99,99,99,99,99,0,0,0,1,0
12,122040,1,1,0,1,1,1,1,113,0,23,11,2014,1,6,25,0,6,8,PANHANDLE TRAIL,,0,30.41573889,-86.83774167,0,8,0,0,1,1,0,4,4,10,0,10,0,0000000,99,99,99,99,88,88,0,0,0,1,0
12,122041,1,1,0,0,0,2,2,99,0,23,11,2014,1,3,35,0,6,6,JOG RD,,0,26.45851389,-80.14699444,0,33,0,0,1,1,0,4,3,10,0,10,0,0000000,99,99,99,99,99,99,0,0,0,2,1
12,122042,1,1,0,1,1,1,1,109,0,23,11,2014,1,6,52,0,16,6,HILLTOP RD,,0,29.84588056,-81.3553,0,9,0,0,1,1,0,1,2,98,0,98,0,0000000,99,99,99,99,88,88,0,0,0,1,0
12,122043,2,2,0,0,0,3,3,21,0,23,11,2014,1,9,30,1,13,2,US-41,CR-888,99998,26.2944,-81.80213056,0,12,6,0,3,2,0,1,1,10,0,10,0,0000000,99,99,99,99,99,99,0,0,0,1,0