STATE,ST_CASE,VE_TOTAL,VE_FORMS,PVH_INVL,PEDS,PERNOTMVIT,PERMVIT,PERSONS,COUNTY,CITY,DAY,MONTH,YEAR,DAY_WEEK,HOUR,MINUTE,NHS,ROAD_FNC,ROUTE,TWAY_ID,TWAY_ID2,MILEPT,LATITUDE,LONGITUD,SP_JUR,HARM_EV,MAN_COLL,RELJCT1,RELJCT2,TYP_INT,WRK_ZONE,REL_ROAD,LGT_COND,WEATHER1,WEATHER2,WEATHER,SCH_BUS,RAIL,NOT_HOUR,NOT_MIN,ARR_HOUR,ARR_MIN,HOSP_HR,HOSP_MN,CF1,CF2,CF3,FATALS,DRUNK_DR
12,122165,1,1,0,1,1,2,2,117,1840,23,11,2014,1,19,49,1,13,3,SR-434,,99998,28.69295833,-81.38495278,0,8,0,0,1,1,3,1,2,1,0,1,0,0000000,99,99,99,99,99,99,0,0,0,1,0
12,122166,1,1,0,0,0,1,1,109,0,25,11,2014,3,8,49,0,16,6,SOLANO RD,,0,30.21791111,-81.402,0,42,0,0,1,1,0,4,1,10,0,10,0,0000000,99,99,99,99,99,99,0,0,0,1,0
12,122167,1,1,0,0,0,1,1,73,2940,26,11,2014,4,0,5,0,16,6,BOONE BLVD,ALLEN RD,0,30.47186944,-84.29393889,0,34,0,0,3,3,0,4,2,2,0,2,0,0000000,99,99,99,99,88,88,0,0,0,1,0
12,122168,1,1,0,0,0,1,1,75,0,26,11,2014,4,23,15,0,3,3,SR-24,,99998,29.36633056,-82.72418056,0,42,0,0,1,1,0,4,2,1,0,1,0,0000000,99,99,99,99,88,88,0,0,0,1,0
12,122169,1,1,0,1,1,1,1,9,0,27,11,2014,5,18,35,1,13,2,US-1,,99998,28.46683056,-80.76528889,0,8,0,0,1,1,0,1,2,1,0,1,0,0000000,99,99,99,99,88,88,0,0,0,1,0
12,122170,2,2,0,0,0,4,4,19,0,28,11,2014,6,14,55,1,13,2,US-17,,99998,30.0869,-81.70631944,0,12,6,0,1,1,0,1,1,1,0,1,0,0000000,99,99,99,99,99,99,0,0,0,2,1
12,122171,2,2,0,0,0,2,2,33,2490,28,11,2014,6,20,19,1,13,2,US-98,17TH AVE,99998,30.41801111,-87.19468889,0,12,6,0,2,3,0,1,3,1,0,1,0,0000000,99,99,99,99,99,99,0,0,0,1,1
12,122172,2,2,0,0,0,3,3,86,2010,28,11,2014,6,3,19,1,13,2,US-1,BIRD RD,99998,25.73518611,-80.2506,0,12,1,0,2,2,0,1,3,1,0,1,0,0000000,99,99,99,99,88,88,0,0,0,1,0
12,122173,1,1,0,0,0,2,2,99,1560,29,11,2014,7,9,31,0,16,6,JUPITER VILLAGE RD,,0,26.92155556,-80.12880556,0,42,0,0,1,1,0,4,1,10,0,10,0,0000000,99,99,99,99,99,99,0,0,0,1,1
12,122174,2,1,1,0,1,1,2,11,1420,29,11,2014,7,12,55,1,12,3,SR-91,,99998,26.00432778,-80.21549444,0,14,0,1,5,1,0,8,1,1,0,1,0,0000000,99,99,99,99,99,99,0,0,0,1,0
12,122175,1,1,0,1,1,1,1,86,2010,29,11,2014,7,6,1,0,16,6,NW 7TH ST,,0,25.77963889,-80.23454167,0,8,0,0,1,1,0,1,3,1,0,1,0,0000000,99,99,99,99,99,99,0,0,0,1,0
12,122176,1,1,0,0,0,1,1,99,0,30,11,2014,1,2,50,0,3,3,SR-807,,99998,26.60694722,-80.08945556,0,33,0,0,1,1,0,4,3,1,0,1,0,0000000,99,99,99,99,88,88,0,0,0,1,1
12,122177,1,1,0,1,1,2,2,31,110,2,12,2014,3,19,15,1,14,3,SR-A1A,PLAZA RD,99998,30.33303611,-81.41583056,0,8,0,0,3,2,0,1,3,1,0,1,0,0000000,99,99,99,99,99,99,0,0,0,1,0
12,122178,1,1,0,2,2,1,1,99,0,3,12,2014,4,18,59,0,16,6,HYPOLUXO RD,,0,26.572225,-80.08954167,0,8,0,0,1,1,0,1,5,1,0,1,0,0000000,99,99,99,99,99,99,0,0,0,1,0
12,122179,1,1,0,1,1,1,1,103,1770,3,12,2014,4,20,51,1,13,2,US-19 N,,99998,27.90896111,-82.72902222,0,8,0,0,1,1,0,1,3,1,0,1,0,0000000,99,99,99,99,88,88,0,0,0,1,1
12,122180,2,2,0,0,0,3,3,86,0,3,12,2014,4,11,28,0,6,6,SW 184TH ST,,0,25.59479444,-80.46365,0,12,6,0,1,1,0,1,1,1,0,1,0,0000000,99,99,99,99,99,99,0,0,0,1,0
12,122181,2,2,0,0,0,3,3,75,0,3,12,2014,4,17,20,1,13,2,US-41,CR-326,99998,29.28285,-82.44514722,0,12,6,1,2,3,0,1,5,1,0,1,0,0000000,99,99,99,99,99,99,0,0,0,1,0
12,122182,2,2,0,0,0,3,3,111,2601,4,12,2014,5,14,7,0,13,3,SR-716,SW FISHERMAN AVE,99998,27.23777778,-80.37692222,0,12,6,0,1,1,0,1,1,2,0,2,0,0000000,99,99,99,99,99,99,0,0,0,1,0
12,122184,2,2,0,0,0,2,2,105,3300,5,12,2014,6,12,55,1,13,2,US-17,,99998,28.04501389,-81.73494444,0,12,6,0,4,1,0,1,1,10,0,10,0,0000000,99,99,99,99,99,99,0,0,0,1,0
12,122185,2,2,0,0,0,2,2,107,0,5,12,2014,6,6,55,1,13,2,US-17,,99998,29.81851667,-81.66047222,0,1,0,0,1,1,0,3,4,5,0,5,1,0000000,99,99,99,99,88,88,14,0,0,1,0
12,122186,1,1,0,1,1,1,1,103,2730,5,12,2014,6,21,38,0,16,6,30TH AVE,26TH ST,0,27.79920556,-82.66936667,0,8,0,0,2,3,0,1,3,1,0,1,0,0000000,99,99,99,99,99,99,0,0,0,1,0
12,122187,2,2,0,0,0,2,2,115,0,31,12,2014,4,17,10,1,13,2,US-41,HABITAT BLVD,99998,27.17693611,-82.48098056,0,12,6,0,3,2,0,1,1,10,0,10,0,0000000,99,99,99,99,99,99,0,0,0,1,1
12,122188,1,1,0,1,1,1,1,11,0,6,12,2014,7,3,47,1,11,1,I-75,,99998,26.14177222,-80.42591389,0,8,0,1,18,1,0,1,2,1,0,1,0,0000000,99,99,99,99,99,99,0,0,0,1,0
12,122190,2,2,0,0,0,2,2,15,0,6,12,2014,7,13,35,0,16,4,CR-765,ALCAZAR BLVD,0,26.79486111,-82.03803889,0,1,0,0,2,2,4,1,1,1,0,1,0,0000000,99,99,99,99,88,88,0,0,0,1,0
12,122192,1,1,0,1,1,1,1,33,0,6,12,2014,7,17,55,0,14,3,SR-727,,99998,30.4342,-87.27603056,0,9,0,0,1,1,0,1,3,2,0,2,0,0000000,99,99,99,99,99,99,0,0,0,1,0
12,122193,2,2,0,0,0,2,2,95,0,6,12,2014,7,12,49,0,14,3,SR-482,SR-423,99998,28.45213611,-81.4276,0,12,6,0,2,2,0,1,1,1,0,1,0,0000000,99,99,99,99,99,99,0,0,0,1,0
12,122194,1,1,0,1,1,1,1,81,340,7,12,2014,1,17,58,1,13,2,US-41,12TH AVE E,99998,27.48899167,-82.56278056,0,8,0,0,3,2,0,1,3,1,0,1,0,0000000,99,99,99,99,99,99,0,0,0,1,0
12,122195,1,1,0,1,1,2,2,101,0,7,12,2014,1,21,8,1,13,2,US-19,,99998,28.18188333,-82.740475,0,8,0,0,1,1,0,1,3,1,0,1,0,0000000,99,99,99,99,88,88,0,0,0,1,0
12,122196,2,2,0,0,0,7,7,33,0,8,12,2014,2,8,55,1,13,2,US-29,,99998,30.86923056,-87.32256944,0,12,2,0,8,1,0,1,1,1,0,1,0,0000000,99,99,99,99,99,99,0,0,0,1,0
12,122197,1,1,0,1,1,2,2,109,0,9,12,2014,3,0,3,1,13,3,SR-16,FOUR MILE RD,99998,29.91519444,-81.37495,0,8,0,0,1,1,0,4,2,1,0,1,0,0000000,99,99,99,99,99,99,0,0,0,1,0
12,122198,3,3,0,1,1,3,3,95,0,9,12,2014,3,19,46,1,13,3,SR-50,MISSION RD,99998,28.55254722,-81.44280278,0,8,0,1,3,3,0,1,2,1,0,1,0,0000000,99,99,99,99,99,99,0,0,0,1,0
12,122199,2,2,0,0,0,2,2,119,0,9,12,2014,3,10,38,0,3,3,SR-471,CR-476E,99998,28.66476111,-82.05481111,0,12,6,0,2,2,0,1,1,1,0,1,0,0000000,99,99,99,99,99,99,0,0,0,1,0
12,122200,3,3,0,0,0,8,8,11,790,9,12,2014,3,15,20,0,14,3,SR-811,NE 51ST ST,99998,26.29379167,-80.10852778,0,12,6,0,2,3,0,1,1,1,0,1,0,0000000,99,99,99,99,99,99,0,0,0,1,0
12,122201,3,3,0,0,0,4,4,97,0,10,12,2014,4,1,0,0,13,2,US-192,,99998,28.10116944,-80.89791111,0,12,2,0,1,1,0,1,2,1,0,1,0,0000000,99,99,99,99,99,99,0,0,0,1,1
12,122202,2,2,0,0,0,4,4,86,0,10,12,2014,4,18,45,1,13,2,US-41,,99998,25.76183611,-80.67533056,0,12,2,0,1,1,0,1,2,1,0,1,0,0000000,99,99,99,99,99,99,0,0,0,3,1
12,122203,1,1,0,0,0,2,2,57,0,10,12,2014,4,0,15,0,6,8,BALM RIVERVIEW RD,,0,27.83489722,-82.30751667,0,42,0,0,1,1,0,4,3,1,0,1,0,0000000,99,99,99,99,99,99,0,0,0,1,1
12,122204,2,2,0,0,0,3,3,101,0,11,12,2014,5,13,15,0,13,2,US-41,,99998,28.29404444,-82.49121944,0,12,2,0,1,1,0,1,1,1,0,1,0,0000000,99,99,99,99,99,99,0,0,0,1,0
12,122205,2,2,0,0,0,2,2,99,0,11,12,2014,5,7,36,0,3,3,SR-7,CENTRAL PARK BLVD N,99998,26.3573,-80.20329167,0,12,6,0,2,4,0,1,1,1,0,1,0,0000000,99,99,99,99,99,99,0,0,0,1,1
12,122206,3,3,0,0,0,4,4,86,0,11,12,2014,5,4,35,0,16,5,SW 126TH AVE,,0,25.96971111,-80.31586111,0,12,7,0,1,1,0,1,3,1,0,1,0,0000000,99,99,99,99,88,88,0,0,0,1,0
12,122207,2,2,0,0,0,4,4,91,0,11,12,2014,5,16,20,0,3,3,SR-123,,99998,30.51363333,-86.55149722,0,12,2,0,1,1,0,1,1,1,0,1,0,0000000,99,99,99,99,99,99,0,0,0,2,0
12,122208,1,1,0,0,0,2,2,21,0,12,12,2014,6,0,5,1,13,2,US-41,,99998,26.07425,-81.71656111,0,42,0,0,1,1,0,3,3,1,0,1,0,0000000,99,99,99,99,99,99,0,0,0,1,1
12,122209,1,1,0,0,0,1,1,69,0,12,12,2014,6,12,53,0,6,8,LAKESHORE DR,,0,28.51388056,-81.76467222,0,35,0,0,1,1,0,4,1,1,0,1,0,0000000,99,99,99,99,99,99,0,0,0,1,0
12,122210,1,1,0,1,1,1,1,11,2468,12,12,2014,6,4,10,1,13,3,SR-817,,99998,26.01174167,-80.24816944,0,9,0,0,1,1,0,1,3,1,0,1,0,0000000,99,99,99,99,88,88,0,0,0,1,0
12,122211,2,2,0,0,0,6,6,83,0,12,12,2014,6,17,48,0,16,4,CR-326,CR-225,0,29.28236111,-82.29276944,0,12,6,0,2,2,0,1,5,1,0,1,0,0000000,99,99,99,99,88,88,0,0,0,2,2
12,122212,1,1,0,0,0,1,1,31,1510,12,12,2014,6,19,42,1,11,1,I-295,,99998,30.44216944,-81.59146667,0,30,0,0,1,1,0,4,3,10,0,10,0,0000000,99,99,99,99,88,88,0,0,0,1,0
12,122214,1,1,0,1,1,1,1,99,1750,13,12,2014,7,15,15,0,16,6,HOLIDAY DR,LAKE WORTH ROAD,0,26.61672778,-80.06977778,0,8,0,0,8,1,0,1,1,1,0,1,0,0000000,99,99,99,99,99,99,0,0,0,1,0
12,122215,2,2,0,0,0,2,2,119,0,13,12,2014,7,18,59,0,3,3,SR-471,,99998,28.59189167,-82.05462778,0,12,2,0,1,1,0,1,2,1,0,1,0,0000000,99,99,99,99,99,99,0,0,0,1,0
12,122216,3,2,1,0,1,3,4,57,0,13,12,2014,7,22,42,1,13,3,SR-60,SR-39,99998,27.93776111,-82.12106944,0,12,2,1,2,2,0,1,3,1,0,1,0,0000000,99,99,99,99,99,99,0,0,0,1,0
12,122217,2,2,0,0,0,6,6,1,1130,13,12,2014,7,22,16,0,16,6,NW 53RD AVE,,0,29.70338889,-82.37280278,0,12,2,0,1,1,0,1,3,1,0,1,0,0000000,99,99,99,99,99,99,0,0,0,2,1
12,122218,2,2,0,0,0,3,3,115,0,13,12,2014,7,16,15,1,13,2,US-41,BISPHAM RD,99998,27.25459167,-82.51736667,0,12,6,0,2,2,0,1,1,1,0,1,0,0000000,99,99,99,99,99,99,0,0,0,1,0
12,122219,1,1,0,0,0,1,1,15,0,14,12,2014,1,1,29,0,16,6,GULFSTREAM BLVD,,0,26.9279,-82.30168889,0,1,0,0,1,1,0,4,2,1,0,1,0,0000000,99,99,99,99,88,88,0,0,0,1,1
12,122220,1,1,0,1,1,1,1,33,0,14,12,2014,1,17,15,0,6,4,CR-749,,0,30.53285,-87.26243056,0,8,0,0,1,1,0,1,5,1,0,1,0,0000000,99,99,99,99,99,99,0,0,0,1,0
12,122221,2,2,0,0,0,4,4,95,0,14,12,2014,1,21,3,1,13,3,SR-50,,99998,28.53653611,-81.01971111,0,12,2,0,1,1,0,1,2,1,0,1,0,0000000,99,99,99,99,99,99,0,0,0,4,1
12,122222,1,1,0,0,0,1,1,71,0,14,12,2014,1,21,43,1,11,1,I-75,,99998,26.33901111,-81.75161111,0,42,0,0,1,1,0,4,2,1,0,1,0,0000000,99,99,99,99,88,88,0,0,0,1,1
12,122223,1,1,0,1,1,1,1,95,0,14,12,2014,1,22,7,0,6,3,SR-423,,0,28.44689167,-81.42766667,0,8,0,0,1,1,0,1,2,1,0,1,0,0000000,99,99,99,99,99,99,0,0,0,1,0
12,122224,3,3,0,0,0,4,4,95,0,15,12,2014,2,0,57,0,6,6,BUENA VISTA DR,WESTERN WAY,0,28.35803056,-81.57243889,0,12,6,0,2,3,0,1,3,1,0,1,0,0000000,99,99,99,99,99,99,0,0,0,1,0
12,122225,1,1,0,0,0,1,1,97,0,15,12,2014,2,5,42,1,13,2,US-441,,99998,27.86084722,-80.98071667,0,1,0,0,1,1,0,1,2,1,0,1,0,0000000,5,42,5,55,88,88,0,0,0,1,0
12,122226,1,1,0,0,0,2,2,31,1510,15,12,2014,2,9,57,1,13,2,US-1,,99998,30.48784722,-81.78680278,0,1,0,0,1,1,0,3,1,10,0,10,0,0000000,99,99,99,99,99,99,0,0,0,1,0
12,122227,2,2,0,0,0,3,3,81,0,15,12,2014,2,14,50,1,13,2,US-41,BAYSHORE RD,99998,27.56161944,-82.55591389,0,12,6,0,2,3,0,1,1,1,0,1,0,0000000,14,52,14,55,99,99,0,0,0,1,0
12,122228,1,1,0,1,1,1,1,31,1510,15,12,2014,2,21,46,1,12,3,SR-115,DEERCREEK CLUB RD,99998,30.19063056,-81.55183056,0,8,0,0,3,2,0,1,2,1,0,1,0,0000000,99,99,99,99,88,88,19,0,0,1,0
12,122229,1,1,0,1,1,1,1,57,0,15,12,2014,2,6,13,0,6,6,39 HWY S,,0,27.88644167,-82.12731111,0,8,0,0,1,1,0,1,2,1,0,1,0,0000000,99,99,99,99,88,88,0,0,0,1,0
12,122230,2,2,0,0,0,3,3,109,2691,15,12,2014,2,18,20,0,14,3,SR-A1A,,99998,29.82196667,-81.27054444,0,12,6,0,8,1,0,1,3,1,0,1,0,0000000,99,99,99,99,99,99,0,0,0,1,0
12,122231,3,3,0,0,0,5,5,97,0,15,12,2014,2,13,46,0,16,6,PLEASANT HILL RD,SUN COVE DRIVE,0,28.15846944,-81.44014444,0,12,6,1,2,2,0,1,1,1,0,1,0,0000000,99,99,99,99,99,99,0,0,0,1,0
12,122232,1,1,0,1,1,1,1,101,2180,16,12,2014,3,18,57,1,13,2,US-19,,99998,28.24266944,-82.72761667,0,8,0,0,1,1,0,1,3,1,0,1,0,0000000,99,99,99,99,99,99,0,0,0,1,0
12,122233,1,1,0,1,1,1,1,95,0,16,12,2014,3,19,40,0,16,3,SR-423,,0,28.44221944,-81.42745833,0,8,0,0,1,1,0,1,2,1,0,1,0,0000000,99,99,99,99,88,88,0,0,0,1,0
12,122234,2,1,1,0,0,1,1,11,1420,14,12,2014,1,8,48,0,14,3,SR-848,,99998,26.04759444,-80.17484167,0,33,0,0,1,1,0,4,1,1,0,1,0,0000000,99,99,99,99,99,99,0,0,0,1,0
12,122235,1,1,0,0,0,1,1,21,0,16,12,2014,3,1,40,0,16,4,CR-862,,0,26.24383333,-81.78134722,0,33,0,0,1,1,0,4,3,1,0,1,0,0000000,99,99,99,99,99,99,0,0,0,1,1
12,122236,2,2,0,0,0,3,3,127,0,16,12,2014,3,11,15,1,13,2,US-1,,99998,29.09590556,-80.97058889,0,12,6,0,1,1,0,3,1,1,0,1,0,0000000,99,99,99,99,99,99,0,0,0,1,0
12,122237,1,1,0,1,1,1,1,91,2820,16,12,2014,3,19,9,0,16,6,7TH AVE,,0,30.44253056,-86.57602222,0,8,0,0,1,1,0,1,2,1,0,1,0,0000000,99,99,99,99,99,99,0,0,0,1,0
12,122239,1,1,0,1,1,1,1,11,1050,27,12,2014,7,20,0,0,16,6,NW 19TH ST,,0,26.15145556,-80.16072778,0,8,0,0,1,1,0,1,3,1,0,1,0,0000000,99,99,99,99,88,88,0,0,0,1,0
12,122240,2,2,0,1,1,2,2,99,0,17,12,2014,4,9,20,0,12,3,SR-809,,99998,26.59229722,-80.11448056,0,8,0,0,1,1,0,1,1,1,0,1,0,0000000,99,99,99,99,88,88,0,0,0,1,0
12,122241,1,1,0,1,1,1,1,31,1510,18,12,2014,5,22,20,0,16,6,N ARLINGTON RD,,0,30.321925,-81.58209167,0,8,0,0,1,1,0,1,3,1,0,1,0,0000000,99,99,99,99,99,99,0,0,0,1,0
12,122242,1,1,0,0,0,1,1,103,0,18,12,2014,5,0,40,0,16,6,ROOSEVELT BLVD N RAMP,,0,27.88016111,-82.66073889,0,1,0,0,5,1,0,3,2,1,0,1,0,0000000,99,99,99,99,88,88,0,0,0,1,1
12,122243,1,1,0,0,0,1,1,57,2950,18,12,2014,5,21,12,1,13,3,SR-60,,99998,27.95458056,-82.42081944,0,25,0,0,1,1,0,4,3,1,0,1,0,0000000,99,99,99,99,99,99,0,0,0,1,1
12,122244,1,1,0,1,1,1,1,5,0,19,12,2014,6,17,10,0,16,4,CR-396,,0,30.14530556,-85.71368333,0,8,0,0,1,1,0,1,2,2,0,2,0,0000000,99,99,99,99,99,99,0,0,0,1,0
12,122245,2,2,0,0,0,3,3,99,0,19,12,2014,6,17,19,0,3,3,SR-715,HATCHER RD,99998,26.74036667,-80.68409444,0,1,0,0,3,2,0,1,1,1,0,1,0,0000000,99,99,99,99,99,99,0,0,0,1,0
12,122246,2,2,0,0,0,4,4,57,0,29,12,2014,2,17,0,0,6,6,BLOOMINGDALE AVE,CHRISTY LN,0,27.89368611,-82.32718056,0,12,2,0,2,3,0,1,5,1,0,1,0,0000000,99,99,99,99,88,88,0,0,0,1,1
12,122247,1,1,0,1,1,1,1,31,1510,20,12,2014,7,2,55,0,16,6,CATOMA ST,,0,30.24570278,-81.72251944,0,8,0,0,1,1,0,1,2,1,0,1,0,0000000,99,99,99,99,88,88,0,0,0,1,0
12,122248,2,2,0,0,0,2,2,61,0,20,12,2014,7,20,25,0,3,3,SR-60,,99998,27.63949167,-80.53763611,0,12,2,0,1,1,0,1,2,1,0,1,0,0000000,99,99,99,99,99,99,0,0,0,1,1
12,122249,2,2,0,0,0,2,2,57,0,20,12,2014,7,4,21,1,13,3,SR-60,,99998,27.93766111,-82.15228889,0,12,2,0,1,1,0,1,2,1,0,1,0,0000000,99,99,99,99,99,99,0,0,0,1,0
12,122250,2,2,0,0,0,3,3,69,0,20,12,2014,7,8,10,0,3,3,SR-44,SEMINOLE SPRINGS RD,99998,28.85218889,-81.52773056,0,12,6,0,2,2,0,1,1,1,0,1,0,0000000,99,99,99,99,88,88,0,0,0,1,0
12,122251,1,1,0,1,1,1,1,83,2270,20,12,2014,7,19,25,1,13,3,SR-326,,99998,29.26698056,-82.1926,0,8,0,0,1,1,0,1,2,1,0,1,0,0000000,99,99,99,99,88,88,0,0,0,1,0
12,122252,2,2,0,0,0,3,3,101,0,20,12,2014,7,11,15,1,13,2,US-301,MALTBY RD,99998,28.30660833,-82.187775,0,12,1,0,2,2,0,1,1,1,0,1,0,0000000,99,99,99,99,99,99,0,0,0,1,0
12,122253,3,3,0,0,0,3,3,86,0,20,12,2014,7,0,47,1,1,1,I-95,,99998,25.82738611,-80.20648056,0,12,6,0,1,1,4,1,3,1,0,1,0,0000000,99,99,99,99,88,88,0,0,0,1,0
12,122254,1,1,0,1,1,1,1,69,580,21,12,2014,1,10,4,0,13,3,SR-50,,99998,28.54689444,-81.72294444,0,9,0,0,1,1,0,1,1,1,0,1,0,0000000,99,99,99,99,99,99,0,0,0,1,0
12,122255,1,1,0,1,1,1,1,87,1568,21,12,2014,1,21,10,1,13,2,US-1,LAGUNA AVE,99998,25.08858889,-80.44751111,0,8,0,0,3,3,0,1,2,1,0,1,0,0000000,99,99,99,99,99,99,0,0,0,1,0
12,122256,1,1,0,1,1,1,1,11,790,21,12,2014,1,19,0,1,13,3,SR-834,,99998,26.27483056,-80.14238056,0,33,0,0,1,1,0,4,3,1,0,1,0,0000000,99,99,99,99,88,88,0,0,0,1,0
12,122257,1,1,0,0,0,2,2,95,2360,21,12,2014,1,2,23,0,16,6,METROWEST BLVD,,0,28.51601667,-81.45217778,0,43,0,0,1,1,0,4,3,1,0,1,0,0000000,99,99,99,99,99,99,0,0,0,1,0
12,122258,3,3,0,0,0,5,5,55,2800,22,12,2014,2,12,50,1,13,2,US-27,RYANT BLVD,99998,27.48101389,-81.47751667,0,12,6,1,2,3,0,1,1,10,0,10,0,0000000,99,99,99,99,99,99,0,0,0,1,0
12,122259,2,2,0,0,0,4,4,55,130,22,12,2014,2,14,9,1,13,2,US-27,AVON BLVD,99998,27.62906944,-81.51566944,0,12,6,0,2,3,0,1,1,1,0,1,0,0000000,99,99,99,99,99,99,0,0,0,1,0
12,122260,1,1,0,1,1,1,1,103,1770,22,12,2014,2,20,16,1,13,3,SR-688,121ST ST,99998,27.89426944,-82.80616111,0,8,0,1,2,2,0,1,3,1,0,1,0,0000000,99,99,99,99,99,99,0,0,0,1,0
12,122261,2,2,0,0,0,4,4,5,0,22,12,2014,2,6,56,0,14,3,SR-30,,99998,30.17503889,-85.63411667,0,12,2,0,1,1,0,1,1,2,0,2,0,0000000,99,99,99,99,99,99,0,0,0,1,0
12,122262,2,2,0,0,0,4,4,95,0,22,12,2014,2,12,16,0,16,6,C-R-15,,0,28.37482778,-81.24451111,0,12,6,0,1,1,0,1,1,1,0,1,0,0000000,99,99,99,99,99,99,0,0,0,1,0
12,122263,1,1,0,0,0,1,1,93,0,23,12,2014,3,17,58,0,3,3,SR-78,,99998,27.19264444,-80.84798056,0,1,0,0,1,1,0,4,5,1,0,1,0,0000000,99,99,99,99,99,99,0,0,0,1,1
12,122264,2,2,0,0,0,4,4,99,3190,23,12,2014,3,18,11,0,16,6,N AUSTRALIAN AVE,25TH ST,0,26.73648333,-80.06770278,0,1,0,0,3,3,0,1,3,1,0,1,0,0000000,99,99,99,99,88,88,0,0,0,1,0
12,122265,2,2,0,1,1,3,3,101,0,23,12,2014,3,20,13,1,13,3,SR-52,CHICAGO AVE,99998,28.33120833,-82.65795833,0,8,0,1,2,2,0,1,3,1,0,1,0,0000000,99,99,99,99,88,88,0,0,0,1,0
12,122266,1,1,0,0,0,2,2,53,0,24,12,2014,4,17,50,1,1,1,I-75,,99998,28.47632778,-82.25612222,0,42,0,0,1,1,0,4,2,2,0,2,0,0000000,99,99,99,99,99,99,0,0,0,1,0
12,122267,1,1,0,0,0,1,1,81,340,25,12,2014,5,13,14,0,16,6,19TH ST CT E,11TH AVE E,0,27.48953889,-82.54049444,0,33,0,0,3,4,0,4,1,1,0,1,0,0000000,99,99,99,99,99,99,0,0,0,1,0
12,122268,1,1,0,0,0,2,2,95,0,25,12,2014,5,4,53,1,12,3,SR-429,,99998,28.54263889,-81.55693889,0,1,0,0,1,1,0,3,3,10,0,10,0,0000000,99,99,99,99,99,99,0,0,0,1,0
12,122269,1,1,0,0,0,1,1,85,0,25,12,2014,5,23,40,0,3,3,SR-76,,99998,27.06353056,-80.29877778,0,42,0,0,1,1,0,4,2,10,0,10,0,0000000,99,99,99,99,88,88,0,0,0,1,1
12,122270,1,1,0,0,0,1,1,127,2190,25,12,2014,5,13,50,0,16,6,N RIVERSIDE DR,,0,29.03211389,-80.92574444,0,42,0,0,1,1,0,3,1,10,0,10,0,0000000,99,99,99,99,88,88,0,0,0,1,1
12,122271,2,2,0,0,0,2,2,5,2450,26,12,2014,6,18,51,0,16,6,11TH ST,,0,30.16794167,-85.67142778,0,59,0,1,19,1,0,4,3,1,0,1,0,0000000,99,99,99,99,99,99,0,0,0,1,1
12,122272,2,2,0,0,0,2,2,17,0,26,12,2014,6,14,25,0,6,4,CR-48,,0,28.73160833,-82.24978889,0,12,2,0,1,1,0,1,1,10,0,10,0,0000000,99,99,99,99,88,88,0,0,0,2,0
12,122273,1,1,0,1,1,1,1,95,2360,27,12,2014,7,6,56,1,13,3,SR-435,INTERNATIONAL DR,99998,28.46241944,-81.45880556,0,9,0,1,2,2,0,1,3,1,0,1,0,0000000,99,99,99,99,88,88,0,0,0,1,0
12,122275,1,1,0,1,1,1,1,87,0,28,12,2014,1,13,14,1,13,2,US-1,,99998,24.63716111,-81.57983889,0,9,0,0,1,1,0,4,1,1,0,1,0,0000000,99,99,99,99,88,88,0,0,0,1,0
12,122276,1,1,0,1,1,1,1,99,2446,29,12,2014,2,19,34,1,13,3,SR-802,,99998,26.61764167,-80.09449444,0,8,0,0,1,1,0,1,3,1,0,1,0,0000000,99,99,99,99,88,88,0,0,0,1,0
12,122277,2,2,0,1,1,6,6,31,1510,30,12,2014,3,2,4,0,14,3,SR-109,,99998,30.28106389,-81.60268889,0,8,0,0,1,1,0,1,3,2,0,2,0,0000000,99,99,99,99,99,99,0,0,0,1,0
12,122278,2,1,1,0,0,2,2,97,0,31,12,2014,4,6,15,1,2,3,SR-91,,99998,27.78901944,-80.98048056,0,1,0,0,1,1,0,4,2,10,0,10,0,0000000,99,99,99,99,88,88,19,23,0,2,0
12,122279,1,1,0,1,1,3,3,71,1070,31,12,2014,4,23,14,0,16,6,FOWLER ST,WINKER AVE,0,26.60440833,-81.86176667,0,8,0,0,3,2,0,1,2,1,0,1,0,0000000,99,99,99,99,99,99,0,0,0,1,0
12,122280,1,1,0,1,1,1,1,103,0,2,10,2014,5,11,20,1,13,2,US-19,CR-464,99998,27.93834722,-82.72999167,0,9,0,1,3,2,0,1,1,1,0,1,0,0000000,99,99,99,99,99,99,0,0,0,1,0
12,122281,2,2,0,0,0,5,5,86,2023,29,11,2014,7,21,5,0,16,6,NW 199TH ST,NW 12TH AVE,0,25.95641389,-80.22189444,0,12,2,0,2,2,0,1,3,1,0,1,0,0000000,99,99,99,99,99,99,0,0,0,1,0
12,122282,1,1,0,1,1,1,1,81,0,1,12,2014,2,19,40,1,13,2,US-41,,99998,27.44771111,-82.57538889,0,8,0,0,1,1,0,1,3,1,0,1,0,0000000,99,99,99,99,99,99,0,0,0,1,0