STATE,ST_CASE,VE_TOTAL,VE_FORMS,PVH_INVL,PEDS,PERNOTMVIT,PERMVIT,PERSONS,COUNTY,CITY,DAY,MONTH,YEAR,DAY_WEEK,HOUR,MINUTE,NHS,ROAD_FNC,ROUTE,TWAY_ID,TWAY_ID2,MILEPT,LATITUDE,LONGITUD,SP_JUR,HARM_EV,MAN_COLL,RELJCT1,RELJCT2,TYP_INT,WRK_ZONE,REL_ROAD,LGT_COND,WEATHER1,WEATHER2,WEATHER,SCH_BUS,RAIL,NOT_HOUR,NOT_MIN,ARR_HOUR,ARR_MIN,HOSP_HR,HOSP_MN,CF1,CF2,CF3,FATALS,DRUNK_DR
12,122402,2,2,0,0,0,3,3,99,820,28,3,2014,6,13,46,0,16,6,W ATLANTIC AVE,,0,26.46158889,-80.07664167,0,12,1,0,1,1,0,1,1,1,0,1,0,0000000,99,99,99,99,99,99,28,0,0,1,0
12,122403,2,2,0,0,0,3,3,86,0,4,4,2014,6,16,0,0,16,6,NW 28TH ST,NW 32ND AVE,0,25.80142222,-80.24814444,0,12,6,0,2,4,0,1,1,1,0,1,0,0000000,99,99,99,99,99,99,0,0,0,1,0
12,122404,1,1,0,1,1,1,1,111,0,25,7,2014,6,6,37,1,12,3,SR-91,,99998,27.36878056,-80.38108056,0,8,0,0,1,1,0,1,2,1,0,1,0,0000000,99,99,99,99,88,88,0,0,0,1,0
12,122405,1,1,0,1,1,3,3,1,1130,13,8,2014,4,21,45,0,16,6,NE WALDO RD,,0,29.66053889,-82.30571111,0,8,0,0,1,1,0,1,3,1,0,1,0,0000000,99,99,99,99,99,99,0,0,0,1,0
12,122406,3,3,0,0,0,4,4,1,1130,8,10,2014,4,19,19,0,14,3,SR-121,,99998,29.64960833,-82.37229444,0,12,1,0,1,1,0,1,2,1,0,1,0,0000000,99,99,99,99,99,99,0,0,0,1,0
12,122407,2,2,0,0,0,5,5,105,1740,26,11,2014,4,19,17,0,15,3,SR-17A,OLD SCENIC HWY,99998,27.91359444,-81.58644722,0,12,6,0,2,3,0,1,2,1,0,1,0,0000000,99,99,99,99,99,99,0,0,0,1,0
12,122408,2,2,0,0,0,3,3,71,457,30,12,2014,3,22,39,0,16,6,DEL PRADO BLVD,,0,26.59445833,-81.94171111,0,12,7,0,1,1,0,1,3,1,0,1,0,0000000,99,99,99,99,88,88,0,0,0,1,0
12,122409,1,1,0,0,0,1,1,86,2870,22,3,2014,7,22,28,0,16,6,61ST CT,,0,25.70944167,-80.29246667,0,5,0,0,1,1,0,1,3,1,0,1,0,0000000,99,99,99,99,99,99,0,0,0,1,0
12,122410,2,2,0,0,0,5,5,105,0,5,9,2014,6,19,14,1,13,2,US-27,1ST AVE,99998,27.83338056,-81.58958333,0,12,6,0,2,3,0,1,5,2,0,2,0,0000000,99,99,99,99,99,99,0,0,0,1,0
12,122411,1,1,0,0,0,3,3,111,1080,28,11,2014,6,2,12,0,16,6,N 25TH ST,,0,27.45855278,-80.34986111,0,42,0,0,1,1,0,3,3,1,0,1,0,0000000,99,99,99,99,99,99,0,0,0,1,1
12,122412,1,1,0,0,0,1,1,17,0,30,11,2014,1,16,55,0,6,8,HIGHLAND AVE,HOLLY ST.,0,28.82840833,-82.35286111,0,42,0,0,3,2,0,5,1,1,0,1,0,0000000,99,99,99,99,99,99,0,0,0,1,0
12,122413,2,2,0,0,0,3,3,103,2730,27,11,2014,5,17,37,1,13,6,CENTRAL AVE,34TH ST,99998,27.77100556,-82.679375,0,12,6,0,2,2,0,1,1,1,0,1,0,0000000,99,99,99,99,99,99,19,0,0,2,1
12,122414,1,1,0,1,1,1,1,103,1880,30,11,2014,1,18,8,0,14,3,SR-699,,99998,27.79830833,-82.79791667,0,8,0,0,1,1,0,1,3,1,0,1,0,0000000,99,99,99,99,99,99,0,0,0,1,0
12,122415,1,1,0,0,0,2,2,57,0,26,12,2014,6,19,27,0,6,6,GIBSTON DR,,0,27.85705556,-82.33232778,0,42,0,0,1,1,0,5,2,1,0,1,0,0000000,99,99,99,99,99,99,0,0,0,1,0
12,122416,1,1,0,1,1,1,1,86,0,1,10,2014,4,4,56,1,13,2,US-1,SR-826,99998,25.92615556,-80.15383611,0,8,0,0,3,2,0,1,3,1,0,1,0,0000000,99,99,99,99,99,99,0,0,0,1,0
12,122417,3,3,0,0,0,5,5,103,2730,31,10,2014,6,13,21,1,13,2,US-19,,99998,27.80278889,-82.67960278,0,12,2,0,1,1,0,1,1,1,0,1,0,0000000,99,99,99,99,99,99,0,0,0,1,0
12,122419,2,2,0,0,0,2,2,86,0,8,5,2014,5,18,40,0,6,6,217TH AVE,,0,25.50860833,-80.54259167,0,12,1,0,1,1,0,1,1,1,0,1,0,0000000,99,99,99,99,99,99,0,0,0,1,0
12,122420,2,2,0,0,0,3,3,109,2690,17,5,2014,7,11,35,0,16,6,ANASTASIA BLVD,ARREDONDO AVE,0,29.89148889,-81.29943056,0,12,6,0,2,2,0,1,1,1,0,1,0,0000000,99,99,99,99,99,99,0,0,0,1,0
12,122421,2,2,0,0,0,2,2,11,2083,8,7,2014,3,14,25,0,16,6,MIRAMAR PKWY,TARGET PARKING LOT ENTRANCE,0,25.97866111,-80.3721,0,30,0,0,3,3,0,4,1,10,0,10,0,0000000,99,99,99,99,99,99,0,0,0,1,0
12,122422,3,3,0,0,0,7,7,95,2290,9,7,2014,4,8,50,1,13,3,SR-50,BLUFORD AVE,99998,28.55163889,-81.53959167,0,12,6,0,8,1,0,1,1,1,0,1,0,0000000,99,99,99,99,99,99,0,0,0,1,0
12,122423,1,1,0,1,1,1,1,21,2150,13,12,2014,7,17,18,0,6,6,GULF SHORE BLVD N,,0,26.14613056,-81.80672222,0,9,0,0,1,1,0,4,1,1,0,1,0,0000000,99,99,99,99,99,99,0,0,0,1,1
12,122424,2,2,0,0,0,2,2,86,0,25,12,2014,5,7,54,0,16,6,SW 104TH ST,SW 147TH AVE,0,25.67038056,-80.43255278,0,12,6,0,2,2,0,1,1,10,0,10,0,0000000,99,99,99,99,99,99,0,0,0,1,0
12,122427,1,1,0,1,1,1,1,103,2730,27,12,2014,7,23,0,0,14,3,SR-693,,99998,27.76729722,-82.73336667,0,8,0,0,1,1,0,1,3,1,0,1,0,0000000,99,99,99,99,99,99,0,0,0,1,0
12,122428,1,1,0,1,1,1,1,103,2730,23,12,2014,3,16,39,0,16,6,54TH AVE N,,0,27.82118611,-82.652575,0,8,0,0,1,1,0,1,1,1,0,1,0,0000000,99,99,99,99,88,88,0,0,0,1,0
12,122429,1,1,0,1,1,1,1,11,2260,10,8,2014,1,23,12,1,13,3,SR-816,NW 18TH AVE,99998,26.16578611,-80.16697222,0,8,0,0,3,2,0,1,3,1,0,1,0,0000000,99,99,99,99,99,99,0,0,0,1,0
12,122430,1,1,0,1,1,1,1,11,1050,14,9,2014,1,3,39,1,13,2,US-441,,99998,26.09947222,-80.20138056,0,8,0,0,1,1,0,1,3,10,0,10,0,0000000,99,99,99,99,88,88,0,0,0,1,0
12,122431,1,1,0,1,1,2,2,9,620,13,6,2014,6,3,55,0,16,6,BLAKE AVE,,0,28.35736389,-80.73847222,0,8,0,0,1,1,0,1,2,1,0,1,0,0000000,99,99,99,99,99,99,0,0,0,1,0
12,122432,1,1,0,1,1,1,1,105,0,31,10,2014,6,19,25,0,13,2,US-27,1ST AVE N,99998,27.83342778,-81.58961111,0,8,0,0,2,3,4,1,2,1,0,1,1,0000000,99,99,99,99,88,88,0,0,0,1,0
12,122433,3,3,0,0,0,7,7,99,0,10,12,2014,4,19,14,1,13,3,SR-845,,99998,26.33237778,-80.1535,0,12,1,0,1,1,0,1,3,1,0,1,0,0000000,99,99,99,99,99,99,0,0,0,1,0
12,122434,1,1,0,1,1,1,1,103,2730,19,12,2014,6,22,13,1,13,3,SR-694,,0,27.85152778,-82.66517778,0,9,0,0,1,1,0,1,3,1,0,1,0,0000000,99,99,99,99,99,99,0,0,0,1,0
12,122435,1,1,0,0,0,2,2,103,2730,22,11,2014,7,1,46,0,16,6,54 AVE N,,0,27.82119167,-82.65373611,0,33,0,0,1,1,0,4,3,2,0,2,0,0000000,99,99,99,99,99,99,0,0,0,1,1
12,122436,2,2,0,0,0,2,2,11,1050,1,10,2014,4,23,59,0,14,3,SR-736,SR-736,99998,26.10658611,-80.16851944,0,12,6,1,2,2,0,1,3,1,0,1,0,0000000,99,99,99,99,99,99,0,0,0,1,1
12,122437,1,1,0,0,0,1,1,86,1440,29,4,2014,3,13,40,0,16,6,E PALM DR,,0,25.44798056,-80.47206667,0,42,0,0,1,1,0,3,1,1,0,1,0,0000000,99,99,99,99,88,88,0,0,0,1,0
12,122438,2,2,0,1,1,4,4,86,1440,17,12,2014,4,18,25,0,6,6,SE 8TH ST,,0,25.46264167,-80.44926944,0,12,1,0,1,1,0,1,2,1,0,1,0,0000000,99,99,99,99,99,99,23,0,0,1,0
12,122439,2,2,0,0,0,2,2,127,2190,10,4,2014,5,10,39,1,13,2,US-1,1610 S DIXIE FREEWAY,99998,29.00646111,-80.91772778,0,1,0,0,2,3,0,1,1,1,0,1,0,0000000,99,99,99,99,99,99,0,0,0,1,0
12,122440,1,1,0,1,1,1,1,127,2190,22,5,2014,5,6,0,1,13,3,SR-44,,99998,29.01255833,-81.00039167,0,8,0,0,1,1,0,1,2,1,0,1,0,0000000,99,99,99,99,88,88,0,0,0,1,0
12,122441,2,2,0,0,0,2,2,5,2451,30,9,2014,3,16,48,0,13,2,US-98,,99998,30.205825,-85.83866111,0,12,6,0,8,1,0,1,1,10,0,10,0,0000000,99,99,99,99,99,99,0,0,0,1,1
12,122442,1,1,0,0,0,1,1,86,2025,18,11,2014,3,2,59,0,16,6,67TH AVE,,0,25.91288889,-80.30948056,0,42,0,0,1,1,0,4,3,1,0,1,0,0000000,99,99,99,99,88,88,0,0,0,1,1
12,122443,1,1,0,1,1,1,1,86,2230,12,9,2014,6,20,54,1,13,3,SR-826,,99998,25.92590556,-80.16158333,0,8,0,0,1,1,0,1,3,2,0,2,0,0000000,99,99,99,99,99,99,0,0,0,1,0
12,122444,1,1,0,0,0,1,1,91,3040,18,12,2014,5,2,49,0,13,3,SR-85,,99998,30.50728611,-86.52203056,0,1,0,0,1,1,0,3,2,1,0,1,0,0000000,99,99,99,99,99,99,0,0,0,1,1
12,122445,2,2,0,0,0,3,3,86,2010,5,8,2014,3,17,50,0,16,6,18TH AVE,53RD ST,0,25.82356389,-80.22657778,0,12,6,0,2,2,0,1,1,1,0,1,0,0000000,99,99,99,99,99,99,0,0,0,1,0
12,122446,1,1,0,1,1,2,2,103,2730,7,11,2014,6,6,30,0,16,6,22ND AVE,49TH ST,0,27.79180833,-82.70004722,0,8,0,0,3,2,0,1,4,1,0,1,0,0000000,99,99,99,99,99,99,0,0,0,1,0
12,122447,1,1,0,0,0,1,1,95,2360,25,11,2014,3,23,45,0,16,6,HAZELTINE NATIONAL DR,,0,28.46250278,-81.30694722,0,42,0,0,1,1,0,5,3,2,0,2,0,0000000,99,99,99,99,99,99,0,0,0,1,0
12,122448,1,1,0,1,1,1,1,91,2820,31,8,2014,1,23,0,1,13,3,SR-85,RICHBOURG AVE,99998,30.4483,-86.57832222,0,8,0,0,2,2,0,1,2,1,0,1,0,0000000,23,18,23,20,99,99,0,0,0,1,0
12,122449,2,2,0,0,0,3,3,1,1130,5,12,2014,6,19,5,0,14,3,SR-121,NW 8TH AVE,0,29.65950556,-82.37241111,0,12,6,0,2,2,0,1,3,1,0,1,0,0000000,99,99,99,99,99,99,0,0,0,2,0
12,122450,1,1,0,1,1,1,1,9,1990,26,12,2014,6,19,6,1,13,2,US-1,,99998,28.11758333,-80.62733056,0,9,0,0,1,1,0,1,3,10,0,10,0,0000000,99,99,99,99,99,99,0,0,0,1,0
12,122451,1,1,0,1,1,1,1,127,920,23,7,2014,4,20,58,1,13,2,US-1,,99998,28.97093611,-80.894875,0,8,0,0,1,1,0,1,2,1,0,1,0,0000000,99,99,99,99,99,99,0,0,0,1,0
12,122454,1,1,0,0,0,1,1,57,0,6,12,2014,7,12,10,1,13,3,SR-39,TRAPNELL RD,99998,27.96698889,-82.12155,0,1,0,0,3,2,0,1,1,10,0,10,0,0000000,99,99,99,99,99,99,0,0,0,1,0
12,122455,1,1,0,1,1,2,2,81,2440,9,4,2014,4,10,25,0,6,6,10TH ST W,2ND AVE W,0,27.521175,-82.56471111,0,9,0,0,3,3,0,1,1,1,0,1,0,0000000,99,99,99,99,99,99,0,0,0,1,0
12,122456,2,2,0,0,0,2,2,127,2340,23,7,2014,4,11,40,0,16,6,ENTERPRISE RD,SAXON BLVD,0,28.91123056,-81.29201389,0,12,1,0,3,2,4,1,1,1,0,1,0,0000000,99,99,99,99,88,88,0,0,0,1,0
12,122457,2,2,0,0,0,2,2,86,0,4,10,2014,7,15,30,0,16,6,SW 288TH ST,,0,25.49961944,-80.41907222,0,12,1,0,1,1,0,1,1,1,0,1,0,0000000,99,99,99,99,99,99,0,0,0,1,0
12,122458,1,1,0,0,0,2,2,71,457,12,10,2014,1,23,46,0,16,6,RETUNDA PKWY,COUNTRY CLUB BLVD,0,26.60639167,-81.95653056,0,33,0,0,3,3,0,4,3,1,0,1,0,0000000,99,99,99,99,99,99,0,0,0,1,0
12,122459,2,2,0,0,0,2,2,99,0,14,10,2014,3,12,9,0,13,2,US-1,TEQUESTA DR,99998,26.95928056,-80.08475,0,1,0,0,2,2,0,1,1,1,0,1,0,0000000,99,99,99,99,88,88,0,0,0,1,0
12,122460,1,1,0,1,1,4,4,11,1050,21,3,2014,6,18,40,0,16,6,NE 40TH ST,,0,26.17639444,-80.10155556,0,15,0,0,1,1,0,1,1,1,0,1,0,0000000,99,99,99,99,99,99,0,0,0,1,0
12,122462,1,1,0,0,0,1,1,86,0,24,10,2014,6,7,9,0,6,6,SW-77TH AVE,SW 74TH ST,0,25.70114722,-80.31786389,0,42,0,0,3,3,0,4,2,10,0,10,0,0000000,99,99,99,99,88,88,0,0,0,1,0
12,122463,2,2,0,0,0,3,3,63,1930,21,10,2014,3,17,10,0,14,2,US-90,HEALD ST,99998,30.78601944,-85.257575,0,12,6,0,2,3,0,1,1,1,0,1,0,0000000,99,99,99,99,99,99,0,0,0,1,0
12,122464,3,3,0,1,1,4,4,86,2010,21,11,2014,6,8,50,0,16,6,NW 2ND AVE,NW 1ST ST,0,25.77496944,-80.19775278,0,12,1,0,3,2,0,1,1,2,0,2,0,0000000,99,99,99,99,99,99,0,0,0,1,0
12,122465,1,1,0,0,0,1,1,63,2830,14,4,2014,2,18,5,0,16,6,OLD SPANISH TRAIL,,0,30.70806111,-84.92980833,0,5,0,0,1,1,0,4,1,1,0,1,0,0000000,99,99,99,99,88,88,0,0,0,1,0
12,122466,1,1,0,0,0,1,1,105,0,28,3,2014,6,15,25,0,6,8,EWELL RD,,0,27.95344444,-81.97155,0,39,0,0,1,1,0,4,1,1,0,1,0,926249D,99,99,99,99,99,99,0,0,0,1,0
12,122467,1,1,0,0,0,4,4,115,0,3,7,2014,5,10,10,0,16,6,CALLE FACIL,,0,27.24447222,-82.48094722,0,5,0,0,1,1,0,1,1,1,0,1,0,0000000,99,99,99,99,99,99,0,0,0,1,0
12,122468,1,1,0,1,1,1,1,11,1050,7,9,2014,1,19,27,0,16,6,SW 4TH AVE,SW 10TH ST,0,26.11022222,-80.14726389,0,9,0,0,3,2,0,1,1,1,0,1,0,0000000,99,99,99,99,99,99,0,0,0,1,0
13,130001,1,1,0,0,0,1,1,15,0,1,1,2014,4,1,22,1,11,1,I-75,,137,34.21686944,-84.75296944,0,1,0,0,1,1,0,3,2,1,0,1,0,0000000,1,12,1,21,88,88,0,0,0,1,1
13,130002,1,1,0,0,0,2,2,67,0,1,1,2014,4,5,17,0,16,4,CR-108100 / WESTSIDE DR,S COBB DR,0,33.92987222,-84.55064167,0,35,0,0,3,3,0,4,2,1,0,1,0,0000000,99,98,99,98,88,88,0,0,0,2,1
13,130003,1,1,0,1,1,2,2,45,970,2,1,2014,5,19,54,1,13,3,SR-166 / BANKHEAD HWY,SOMERSET PL,191,33.59499167,-85.03871111,0,8,0,0,3,2,0,1,2,10,0,10,0,0000000,19,53,19,58,20,22,0,0,0,1,0
13,130005,2,2,0,0,0,5,5,311,1190,2,1,2014,5,14,10,0,3,3,SR-75,,1,34.60305278,-83.76391667,0,12,2,0,8,1,0,1,1,10,0,10,0,0000000,13,55,14,2,14,57,0,0,0,1,0
13,130006,4,4,0,0,0,5,5,127,0,5,1,2014,1,9,15,0,14,2,US-17 / SR-25,CHAPEL CROSSING RD,174,31.22629444,-81.45957222,0,12,1,0,3,2,0,1,1,1,0,1,0,0000000,9,20,9,33,99,99,0,0,0,1,0
13,130007,1,1,0,0,0,1,1,211,0,5,1,2014,1,18,49,0,5,4,CR-22 / DOUBLE BRIDGES RD,,0,33.59751944,-83.52446111,0,10,0,0,6,1,0,1,2,10,0,10,0,279613C,18,52,18,57,88,88,4,0,0,1,0
13,130008,2,2,0,0,0,2,2,9,0,6,1,2014,2,7,8,0,4,3,SR-243,,13,32.97065278,-83.284975,0,12,2,0,1,1,0,1,2,10,0,10,0,0000000,7,52,7,55,8,43,0,0,0,1,0
13,130009,2,2,0,0,0,2,2,21,3390,6,1,2014,2,11,10,0,14,3,SR-74,DEXTER AVE,118,32.82437222,-83.68055,0,12,1,0,3,99,0,1,1,1,0,1,0,0000000,11,10,11,13,11,28,0,0,0,1,0
13,130010,2,2,0,0,0,2,2,21,0,6,1,2014,2,13,28,0,14,4,CR-741 / COLUMBUS RD,,41,32.80982222,-83.74554167,0,12,2,0,1,1,0,1,1,1,0,1,0,0000000,13,25,13,38,14,6,0,0,0,1,0
13,130011,5,5,0,0,0,7,7,63,0,8,1,2014,4,18,20,1,11,1,I-285,,45,33.622325,-84.42639167,0,12,7,0,1,1,0,1,1,1,0,1,0,0000000,18,28,18,35,19,10,0,0,0,1,0
13,130013,2,2,0,0,0,2,2,129,860,8,1,2014,4,14,37,1,13,2,US-41,MAULDIN RD,85,34.51612222,-84.94566667,0,12,6,0,2,3,0,1,1,1,0,1,0,0000000,14,38,14,45,15,2,0,0,0,1,0
13,130014,1,1,0,0,0,2,2,213,0,8,1,2014,4,14,26,0,4,4,CR-97 / BROWN BRIDGE RD,,10,34.70609167,-84.84511667,0,32,0,0,1,1,0,4,1,1,0,1,0,0000000,99,99,99,99,99,99,0,0,0,1,0
13,130015,2,2,0,0,0,3,3,223,0,9,1,2014,5,8,16,0,14,3,SR-61,MULBERRY ROCK RD,21,33.80871389,-84.88967778,0,12,2,0,2,2,0,1,1,1,0,1,0,0000000,99,98,99,98,88,88,0,0,0,1,0
13,130016,1,1,0,0,0,1,1,67,0,10,1,2014,6,3,53,1,13,2,US-278 / C H JAMES PKWY,HILL RD,29,33.85445556,-84.69793333,0,33,0,0,3,2,0,4,2,2,0,2,0,0000000,3,53,4,0,4,56,0,0,0,1,0
13,130017,1,1,0,0,0,1,1,75,5110,10,1,2014,6,15,20,0,16,6,RAILROAD ST,,0,31.16591667,-83.43509444,0,10,0,0,6,1,0,1,1,1,0,1,0,723354S,99,98,99,98,88,88,0,0,0,1,0
13,130018,2,1,1,0,0,4,4,127,0,10,1,2014,6,14,14,1,1,1,I-95,,163,31.33566944,-81.46742222,0,14,0,0,1,1,0,4,1,2,0,2,0,0000000,14,24,14,38,15,5,0,0,0,1,0
13,130019,2,2,0,0,0,3,3,57,0,11,1,2014,7,15,2,0,16,4,CR-768 / WOODSTOCK RD,VICTORY DR,30,99.99990000,999.99990000,0,12,6,0,2,3,0,1,1,1,0,1,0,0000000,12,47,12,52,13,47,0,0,0,1,0
13,130020,2,2,0,0,0,3,3,67,0,11,1,2014,7,15,2,0,14,4,CR-439500 / CHASTAIN RD,CHASTAIN MEADOWS PKWY,38,34.03520556,-84.55435278,0,12,2,0,2,2,0,1,1,1,0,1,0,0000000,15,7,15,15,16,5,0,0,0,1,0
13,130021,1,1,0,0,0,1,1,105,0,11,1,2014,7,22,8,0,6,4,CR-96 /BROWNS BRIDGE RD,,22,34.16734722,-83.06930556,0,44,0,0,1,1,0,1,2,10,0,10,0,0000000,22,11,22,21,88,88,7,0,0,1,1
13,130022,1,1,0,0,0,1,1,137,0,11,1,2014,7,10,20,1,2,2,US-23 / SR-419,,46,34.49756944,-83.57493056,0,42,0,1,5,1,0,4,1,2,0,2,0,0000000,99,98,99,98,88,88,0,0,0,1,0
13,130023,1,1,0,0,0,1,1,175,0,11,1,2014,7,13,27,1,1,1,I-16,,132,32.50225,-83.00091667,0,32,0,0,1,1,0,3,1,2,0,2,0,0000000,13,31,13,37,13,54,0,0,0,1,0
13,130024,2,2,0,0,0,6,6,247,0,11,1,2014,7,16,18,0,14,4,CR-439 / ROCKBRIDGE RD,,37,33.71565556,-84.05878056,0,12,6,0,1,1,0,1,1,1,0,1,0,0000000,16,11,16,27,17,20,0,0,0,1,0
13,130025,1,1,0,0,0,1,1,307,0,11,1,2014,7,23,42,1,2,2,US-280 / SR-27,,29,32.09598056,-84.59873056,0,35,0,0,1,1,0,4,2,1,0,1,0,0000000,99,98,99,98,88,88,0,0,0,1,1
13,130026,1,1,0,0,0,1,1,57,0,12,1,2014,1,16,10,0,4,3,SR-372,,120,34.32373056,-84.35039444,0,1,0,0,1,1,0,4,1,1,0,1,0,0000000,16,10,16,16,88,88,0,0,0,1,0
13,130027,5,5,0,0,0,8,8,77,0,12,1,2014,1,18,20,1,1,1,I-85,,201,33.47313056,-84.66426111,0,12,7,0,1,1,0,1,2,1,0,1,0,0000000,18,40,18,54,19,56,0,0,0,1,0
13,130028,1,1,0,0,0,3,3,89,0,12,1,2014,1,3,30,0,16,4,CR-718 / WALKER RD,,0,33.77771111,-84.16232778,0,42,0,0,1,1,0,4,3,1,0,1,0,0000000,3,42,3,54,88,88,0,0,0,1,0
13,130029,1,1,0,1,1,2,2,151,0,13,1,2014,2,19,42,0,14,2,US-23 / SR-42,,181,33.53396667,-84.19939167,0,8,0,0,1,1,0,1,2,2,0,2,0,0000000,19,42,19,46,88,88,0,0,0,1,0
13,130030,1,1,0,1,1,1,1,245,310,13,1,2014,2,21,25,1,13,4,CR-150300 / TOBACCO RD,,23,33.38011111,-82.088375,0,8,0,0,1,1,0,1,2,2,0,2,0,0000000,21,26,21,28,21,56,0,0,0,1,0
13,130031,1,1,0,1,1,1,1,15,0,14,1,2014,3,22,32,0,3,2,US-411 / SR-3,,99999,34.20305,-84.79956944,0,8,0,0,1,1,0,1,2,1,0,1,0,0000000,99,98,99,98,88,88,0,0,0,1,0
13,130032,1,1,0,0,0,1,1,63,1250,14,1,2014,3,15,21,1,11,1,I-85,,8,33.63682778,-84.45708889,0,25,0,0,1,1,0,3,1,1,0,1,0,0000000,15,23,15,33,15,54,0,0,0,1,0
13,130033,3,3,0,0,0,4,4,277,0,14,1,2014,3,10,24,1,11,1,I-75,,111,31.47279167,-83.52526389,0,12,1,0,1,1,0,1,1,10,0,10,0,0000000,10,23,10,36,10,52,0,0,0,2,0
13,130034,3,3,0,0,0,5,5,51,4910,15,1,2014,4,15,6,1,11,1,I-516,,35,32.06432222,-81.13781667,0,12,7,0,1,1,0,1,1,1,0,1,0,0000000,15,9,15,16,15,35,0,0,0,1,0
13,130035,2,2,0,0,0,2,2,59,270,15,1,2014,4,22,23,1,13,3,SR-15AL,HABERSHAM DR,5,33.92739444,-83.37917222,0,12,1,0,3,2,0,1,3,1,0,1,0,0000000,22,24,22,34,22,51,0,0,0,1,0
13,130036,2,2,0,0,0,2,2,127,0,15,1,2014,4,17,31,0,14,3,SR-303,HILLERY TRAIL,27,31.16844167,-81.54753889,0,12,6,0,3,3,0,1,5,1,0,1,0,0000000,17,34,17,37,18,24,0,0,0,1,0
13,130037,1,1,0,1,1,1,1,179,2730,15,1,2014,4,19,38,0,14,3,SR-196 / GEN SCREVEN WAY,S MAIN ST,109,31.84084444,-81.59781111,0,8,0,0,3,2,0,1,3,1,0,1,0,0000000,19,38,19,40,99,99,0,0,0,1,0
13,130038,2,2,0,0,0,3,3,207,2190,25,1,2014,7,18,21,0,3,3,SR-42 / N LEE ST,PATROL RD,144,33.03984167,-83.93841944,0,12,6,0,2,2,0,1,5,1,0,1,0,0000000,18,21,18,22,19,3,0,0,0,1,0
13,130039,2,2,0,0,0,3,3,247,0,16,1,2014,5,4,8,0,15,4,CR-OLD COVINGTON HIGHWAY,,15,33.68111389,-84.06018611,0,12,1,0,1,1,0,1,3,1,0,1,0,0000000,99,98,99,98,88,88,0,0,0,1,1
13,130040,1,1,0,0,0,1,1,297,5090,16,1,2014,5,22,1,0,3,3,SR-11,SOCIAL CIRCLE FAIRPLAY ROAD,31,33.68044167,-83.70443056,0,33,0,0,3,2,0,3,2,1,0,1,0,0000000,22,2,22,8,22,31,0,0,0,1,0
13,130041,3,3,0,0,0,3,3,321,0,17,1,2014,6,17,25,0,3,3,SR-112,SHINGLER SUMNER ROAD,191,31.58014444,-83.78611389,0,12,2,0,2,2,0,1,1,1,0,1,0,0000000,99,99,99,99,99,99,0,0,0,2,0
13,130042,2,2,0,0,0,4,4,121,280,18,1,2014,7,15,41,1,11,1,I-75/85,,97,33.77708333,-84.39061111,0,25,0,0,1,1,0,4,1,1,0,1,0,0000000,15,41,15,45,16,17,0,0,0,1,1
13,130043,1,1,0,0,0,3,3,187,1480,18,1,2014,7,19,0,0,6,6,RAIL HILL ROAD,,8,34.54810278,-83.95212222,0,42,0,0,1,1,0,5,2,1,0,1,0,0000000,19,1,19,11,20,4,0,0,0,1,0
13,130044,1,1,0,0,0,1,1,73,0,19,1,2014,1,23,23,1,13,4,CR-571,,9,33.46438333,-82.17546111,0,58,0,0,1,1,0,5,2,1,0,1,0,0000000,23,24,23,30,23,56,0,0,0,1,1
13,130045,1,1,0,1,1,1,1,89,0,19,1,2014,1,7,2,0,14,3,SR-154,COLUMBIA DRIVE,48,33.75473611,-84.26798889,0,8,0,0,3,2,0,1,3,1,0,1,0,0000000,7,6,7,10,7,45,0,0,0,1,0
13,130046,2,2,0,0,0,2,2,151,0,19,1,2014,1,3,22,1,13,3,SR-81,,35,33.44150556,-83.99739444,0,12,2,0,1,1,0,1,2,1,0,1,0,0000000,88,88,88,88,88,88,0,0,0,1,1
13,130047,3,3,0,0,0,6,6,151,0,19,1,2014,1,3,35,1,11,1,I-75/SR-401,,135,33.57873056,-84.34993333,0,12,2,0,1,1,0,1,2,1,0,1,0,0000000,3,41,3,53,4,11,0,0,0,1,1
13,130048,1,1,0,0,0,1,1,115,4760,20,1,2014,2,17,1,0,14,6,OLD DALTON ROAD,,12,34.32208056,-85.16387778,0,40,0,0,1,1,0,4,1,1,0,1,0,0000000,99,98,99,98,88,88,0,0,0,1,0
13,130049,1,1,0,0,0,1,1,121,1900,20,1,2014,2,2,43,0,15,6,N. INNER LOOP ROAD,,1,33.65782778,-84.43179722,0,33,0,0,1,1,0,3,2,1,0,1,0,0000000,88,88,88,88,88,88,0,0,0,1,1
13,130050,2,2,0,0,0,4,4,135,0,21,1,2014,3,6,55,0,15,4,CR-CRUSE ROAD,AVALON FOREST DRIVE,18,33.937625,-84.08668889,0,12,6,0,2,3,0,1,4,1,0,1,0,0000000,6,57,7,6,7,36,0,0,0,1,0
13,130051,2,2,0,0,0,2,2,135,3990,21,1,2014,3,10,15,0,14,3,SR-378,PINNACLE WAY,14,33.93471111,-84.18232778,0,12,6,0,2,2,0,1,1,1,0,1,0,0000000,10,10,10,14,10,39,0,0,0,1,0