STATE,ST_CASE,VE_TOTAL,VE_FORMS,PVH_INVL,PEDS,PERNOTMVIT,PERMVIT,PERSONS,COUNTY,CITY,DAY,MONTH,YEAR,DAY_WEEK,HOUR,MINUTE,NHS,ROAD_FNC,ROUTE,TWAY_ID,TWAY_ID2,MILEPT,LATITUDE,LONGITUD,SP_JUR,HARM_EV,MAN_COLL,RELJCT1,RELJCT2,TYP_INT,WRK_ZONE,REL_ROAD,LGT_COND,WEATHER1,WEATHER2,WEATHER,SCH_BUS,RAIL,NOT_HOUR,NOT_MIN,ARR_HOUR,ARR_MIN,HOSP_HR,HOSP_MN,CF1,CF2,CF3,FATALS,DRUNK_DR
13,130052,2,2,0,0,0,4,4,165,3630,21,1,2014,3,7,48,1,2,3,SR-121,,155,32.82054444,-81.94689444,0,12,6,0,8,1,0,1,1,1,0,1,0,0000000,7,45,7,49,8,12,0,0,0,1,0
13,130053,3,3,0,0,0,3,3,51,4475,22,1,2014,4,6,8,1,13,3,SR-21,,146,32.19315,-81.1929,0,12,6,0,1,1,0,1,3,1,0,1,0,0000000,6,11,6,18,7,6,0,0,0,1,0
13,130054,1,1,0,1,1,2,2,121,280,22,1,2014,4,12,30,1,11,1,I-75/85,,88,33.765275,-84.38560833,0,8,0,0,1,1,0,1,1,1,0,1,0,0000000,99,98,99,98,88,88,0,0,0,1,0
13,130055,2,2,0,0,0,2,2,157,2920,23,1,2014,5,17,22,0,3,3,SR-82,,42,34.09091389,-83.56861944,0,12,2,0,1,1,0,1,1,1,0,1,0,0000000,17,16,17,37,18,16,0,0,0,1,0
13,130056,2,2,0,1,1,2,2,21,0,24,1,2014,6,20,38,1,13,3,SR-11,,44,32.73566667,-83.65575,0,8,0,0,1,1,0,1,2,1,0,1,0,0000000,20,37,20,42,88,88,0,0,0,1,0
13,130057,1,1,0,1,1,1,1,31,9997,24,1,2014,6,18,55,0,4,6,ELDORA ROAD,,9,32.24974722,-81.45713889,0,8,0,0,1,1,0,2,2,1,0,1,0,0000000,88,88,88,88,88,88,0,0,0,1,1
13,130058,2,2,0,0,0,3,3,135,3990,24,1,2014,6,18,14,0,6,6,MCDONOUGH DRIVE,,1,33.90683333,-84.21623333,0,12,2,0,1,1,0,1,2,1,0,1,0,0000000,18,13,18,19,18,55,0,0,0,1,1
13,130059,2,2,0,0,0,3,3,321,696,24,1,2014,6,19,29,0,3,3,SR-133,SR-112,67,31.42346944,-83.95408333,0,12,6,0,2,2,0,1,2,1,0,1,0,0000000,99,98,99,98,88,88,0,0,0,2,0
13,130060,1,1,0,0,0,1,1,87,0,25,1,2014,7,14,52,0,6,4,CR-SWANWALL ROAD,,13,30.96660278,-84.70392778,0,42,0,0,1,1,0,5,1,10,0,10,0,0000000,88,88,88,88,88,88,0,0,0,1,0
13,130061,1,1,0,0,0,1,1,245,310,25,1,2014,7,0,22,1,13,6,PEACH ORCHARD ROAD,,106,33.38134167,-82.02751389,0,33,0,0,1,1,0,3,2,1,0,1,0,0000000,0,22,0,27,1,11,0,0,0,1,1
13,130062,3,3,0,0,0,4,4,79,0,27,1,2014,2,17,20,0,3,3,SR-7,,1,32.58798611,-83.93051667,0,12,6,0,1,1,0,1,1,10,0,10,0,0000000,17,21,17,37,18,33,0,0,0,1,0
13,130063,1,1,0,0,0,1,1,85,1590,27,1,2014,2,7,45,0,4,6,SHOAL CREEK ROAD,,176,34.43240833,-84.12883056,0,42,0,0,1,1,0,5,1,10,0,10,0,0000000,88,88,88,88,88,88,0,0,0,1,0
13,130064,2,2,0,1,1,2,2,121,0,27,1,2014,2,0,13,0,14,3,SR-279,,39,33.60586389,-84.47155833,0,8,0,0,1,1,1,1,3,1,0,1,0,0000000,99,99,0,20,88,88,0,0,0,1,0
13,130065,1,1,0,1,1,1,1,121,280,27,1,2014,2,18,30,0,14,3,SR-3,,26,33.67773889,-84.40834167,0,8,0,0,1,1,0,1,3,1,0,1,0,0000000,18,32,18,36,18,51,0,0,0,1,0
13,130066,2,2,0,0,0,2,2,71,3800,28,1,2014,3,21,15,1,13,3,SR-133,PERRY ROAD,58,31.09770556,-83.65004167,0,12,6,0,2,2,0,1,2,2,0,2,0,0000000,99,98,99,98,88,88,0,0,0,1,1
13,130067,1,1,0,0,0,1,1,77,4960,28,1,2014,3,13,4,0,14,3,SR-74,,13,33.30262778,-84.53660278,0,34,0,0,1,1,0,4,1,4,0,4,0,0000000,13,9,13,12,13,55,0,0,0,1,0
13,130068,1,1,0,0,0,5,5,151,0,28,1,2014,3,17,28,0,6,4,CR-COAN DRIVE,,12,33.39358611,-84.08843333,0,42,0,0,1,1,0,5,5,4,0,4,0,0000000,18,12,18,30,19,53,0,0,0,1,0
13,130069,1,1,0,0,0,1,1,15,2010,30,1,2014,5,14,0,1,11,1,I-75/SR-401,,84,34.14620278,-84.74166944,0,24,0,0,1,1,0,3,1,1,0,1,0,0000000,13,57,14,11,14,41,0,0,0,1,0
13,130070,2,2,0,0,0,3,3,21,0,30,1,2014,5,19,14,1,1,1,I-16,,64,32.78891667,-83.561625,0,12,2,0,1,1,0,1,2,1,0,1,0,0000000,19,14,19,23,19,50,0,0,0,1,1
13,130071,1,1,0,1,1,1,1,51,0,30,1,2014,5,20,32,1,13,4,CR-PRESIDENT STREET,,16,32.06744722,-81.04812222,0,8,0,0,1,1,0,1,3,1,0,1,0,0000000,20,30,20,45,20,55,0,0,0,1,0
13,130072,1,1,0,0,0,1,1,87,0,30,1,2014,5,7,58,0,6,4,CR-PONDTOWN ROAD,,35,31.04096944,-84.58819722,0,35,0,0,1,1,0,4,1,1,0,1,0,0000000,99,98,99,98,88,88,0,0,0,1,1
13,130073,2,2,0,0,0,2,2,193,0,30,1,2014,5,14,12,0,3,3,SR-49,,27,32.21390833,-84.11094722,0,12,2,0,1,1,0,1,1,1,0,1,0,0000000,99,99,99,99,99,99,0,0,0,1,0
13,130074,2,2,0,0,0,3,3,139,2285,31,1,2014,6,18,36,1,13,3,SR-11,WILSON DRIVE,68,34.28068056,-83.78488611,0,12,6,0,2,2,0,1,3,1,0,1,0,0000000,18,37,18,45,19,7,0,0,0,1,0
13,130075,1,1,0,0,0,2,2,251,0,31,1,2014,6,15,45,0,4,4,CR-ROCKY FORD ROAD,,3,32.65136111,-81.84026389,0,35,0,0,1,1,0,4,1,1,0,1,0,0000000,88,88,88,88,88,88,0,0,0,2,1
13,130076,1,1,0,0,0,1,1,15,0,1,2,2014,7,22,14,1,1,1,I-75,,180,34.26123333,-84.80044722,0,24,0,0,1,1,0,3,2,10,0,10,0,0000000,88,88,88,88,88,88,0,0,0,1,1
13,130077,1,1,0,0,0,1,1,29,0,1,2,2014,7,8,27,0,3,2,US-80 / SR-26,,2,32.21998333,-81.50453333,0,42,0,0,1,1,0,4,1,2,0,2,0,0000000,8,28,8,33,9,37,0,0,0,1,0
13,130078,1,1,0,1,1,1,1,89,0,1,2,2014,7,4,58,0,14,2,US-23 / MORELAND AVE,,15,33.66867778,-84.34028611,0,8,0,0,1,1,0,1,2,1,0,1,0,0000000,88,88,88,88,88,88,0,0,0,1,0
13,130079,3,3,0,0,0,3,3,121,4230,1,2,2014,7,18,16,0,14,2,US-29 / MAIN ST,,9,33.52321944,-84.66567222,0,12,6,0,1,1,0,1,5,1,0,1,0,0000000,18,16,18,32,19,35,0,0,0,1,0
13,130080,2,2,0,0,0,2,2,135,3100,1,2,2014,7,19,12,0,14,4,CR-1951 / LAWRENCVILLE SUWANNE,,54,33.99651389,-84.03546389,0,12,1,0,1,1,0,1,3,1,0,1,0,0000000,19,12,19,21,19,41,19,0,0,1,0
13,130081,1,1,0,0,0,1,1,189,0,1,2,2014,7,7,35,0,4,3,SR-150,,65,33.53596389,-82.43078056,0,34,0,0,1,1,0,4,1,10,0,10,0,0000000,99,99,99,99,99,99,0,0,0,1,0
13,130082,3,3,0,0,0,6,6,63,0,2,2,2014,1,0,20,1,13,2,US-19/41 / SR-3,CAMELOT PKWY,98,33.55991667,-84.37136667,0,12,6,0,2,2,0,1,3,1,0,1,0,0000000,99,98,99,98,88,88,0,0,0,1,1
13,130083,1,1,0,0,0,1,1,45,0,3,2,2014,2,10,42,0,15,4,CR-356 / N VAN WERT RD,,14,33.76295833,-84.96484722,0,53,0,0,1,1,0,4,1,10,0,10,0,0000000,10,42,10,53,11,45,0,0,0,1,0
13,130084,3,1,2,0,0,1,1,215,1280,3,2,2014,2,0,55,1,13,4,CR-2228 / BRENNAN RD,,30,32.44703056,-84.94365278,0,38,0,0,1,1,0,5,3,10,0,10,0,0000000,1,0,1,22,1,23,0,0,0,1,0
13,130085,1,1,0,0,0,3,3,19,0,5,2,2014,4,13,31,0,4,3,SR-64 / TEETERVILLE RD,CARL HAND RD,99999,31.16794722,-83.16616111,0,35,0,0,3,3,0,4,1,1,0,1,0,0000000,13,24,13,33,14,21,0,0,0,1,0
13,130086,1,1,0,0,0,1,1,103,0,5,2,2014,4,18,11,0,14,3,SR-21 / FRONTAGE RD,,20,32.25886389,-81.21851389,0,35,0,0,1,1,0,4,1,1,0,1,0,0000000,18,9,18,16,88,88,20,0,0,1,1
13,130087,1,1,0,1,1,1,1,135,0,5,2,2014,4,22,40,1,13,2,US-78 / SR-10,,10,33.82398611,-84.10816667,0,8,0,0,1,1,0,1,3,1,0,1,0,0000000,22,42,22,47,88,88,0,0,0,1,0
13,130088,1,1,0,0,0,1,1,213,0,5,2,2014,4,10,30,0,3,3,SR-2,,259,34.75097778,-84.70423056,0,42,0,0,1,1,0,5,1,10,0,10,0,0000000,99,98,99,98,88,88,0,0,0,1,0
13,130089,1,1,0,0,0,1,1,33,0,6,2,2014,5,9,2,0,4,3,SR-88,,26,33.25968056,-82.23591944,0,1,0,0,1,1,0,4,1,1,0,1,0,0000000,8,59,9,4,88,88,0,0,0,1,1
13,130090,3,3,0,1,1,2,2,121,0,6,2,2014,5,3,59,1,11,1,I-285,,607,33.61884167,-84.48370556,0,12,2,1,18,1,0,1,2,10,0,10,0,0000000,99,98,99,98,88,88,19,0,0,1,0
13,130091,1,1,0,0,0,2,2,151,0,6,2,2014,5,20,44,1,11,1,I-75,,43,33.35936111,-84.12866389,0,42,0,0,1,1,0,3,2,1,0,1,0,0000000,20,47,21,7,88,88,0,0,0,1,0
13,130092,1,1,0,0,0,1,1,251,0,6,2,2014,5,8,0,0,5,4,CR-252 / FARMDALE RD,,26,32.69524167,-81.632125,0,42,0,0,1,1,0,4,1,2,0,2,0,0000000,7,28,7,39,8,6,0,0,0,1,1
13,130093,1,1,0,1,1,1,1,67,3440,7,2,2014,6,21,15,0,15,4,CR-9897 / BELLS FERRY RD,,99999,33.98376667,-84.55683889,0,8,0,0,1,1,0,11,2,1,0,1,0,0000000,99,99,21,10,21,32,0,0,0,1,0
13,130094,1,1,0,0,0,2,2,89,0,8,2,2014,7,14,7,1,11,1,I-285 RAMP,,113,33.81444167,-84.25370833,0,1,0,1,5,1,0,4,1,1,0,1,0,0000000,14,2,14,15,14,50,0,0,0,1,0
13,130095,1,1,0,1,1,1,1,67,0,9,2,2014,1,5,25,0,14,3,SR-139 / MABLETON PWY,,21,33.79349722,-84.56029444,0,8,0,0,1,1,0,1,2,1,0,1,0,0000000,99,99,99,99,99,99,0,0,0,1,0
13,130096,1,1,0,0,0,1,1,135,0,9,2,2014,1,3,53,0,14,4,CR-494 / ROCKBRIDGE RD,,23,33.84902778,-84.13551389,0,34,0,0,1,1,0,4,2,1,0,1,0,0000000,99,98,99,98,88,88,0,0,0,1,1
13,130097,2,2,0,0,0,2,2,145,0,9,2,2014,1,19,17,0,3,2,US-27 AL / SR-85,,131,32.73493611,-84.70961944,0,12,6,0,1,1,0,1,2,1,0,1,0,0000000,19,10,19,19,19,57,0,0,0,1,1
13,130098,2,2,0,0,0,2,2,157,0,9,2,2014,1,16,29,0,15,3,SR-332,STONE CREEK DR,53,34.12286667,-83.68815,0,12,6,0,2,3,0,1,1,1,0,1,0,0000000,16,29,16,48,17,17,0,0,0,1,0
13,130099,5,4,1,1,2,8,9,185,0,9,2,2014,1,20,24,1,13,2,US-84 / SR-38,,74,30.81089444,-83.33213056,0,12,1,0,1,1,0,1,2,1,0,1,0,0000000,99,99,99,99,99,99,19,0,0,2,0
13,130100,2,2,0,0,0,3,3,279,0,9,2,2014,1,16,32,1,2,2,US-1 / SR-4,,83,32.05798611,-82.34831111,0,32,0,0,1,1,0,4,1,1,0,1,0,0000000,99,98,99,98,88,88,0,0,0,2,0
13,130101,1,1,0,0,0,1,1,285,3050,9,2,2014,1,23,42,0,14,6,W LUKKEN IND DR,,4,33.01359722,-85.04130556,0,42,0,0,1,1,0,5,2,10,0,10,0,0000000,23,42,23,51,99,99,0,0,0,1,1
13,130102,1,1,0,0,0,1,1,295,1110,10,2,2014,2,10,23,0,16,6,THOMAS AVE,,1,34.87331667,-85.29031111,0,42,0,0,1,1,0,5,1,10,0,10,0,0000000,10,24,10,39,10,55,0,0,0,1,0
13,130104,2,2,0,0,0,2,2,129,0,11,2,2014,3,6,17,1,2,3,SR-53,,195,34.45147222,-84.76248889,0,12,6,0,1,1,0,1,2,4,0,4,0,0000000,99,98,99,98,88,88,0,0,0,1,0
13,130105,1,1,0,1,1,1,1,67,3440,12,2,2014,4,22,36,1,11,1,I-75,,37,33.92218889,-84.48492778,0,8,0,0,1,1,0,1,2,4,0,4,0,0000000,99,98,99,98,88,88,0,0,0,1,0
13,130106,1,1,0,0,0,1,1,93,0,12,2,2014,4,5,25,1,1,1,I-75,,46,32.09606389,-83.76303611,0,42,0,0,1,1,4,4,2,2,0,2,0,0000000,99,98,99,98,88,88,0,0,0,1,0
13,130107,1,1,0,0,0,2,2,95,90,12,2,2014,4,1,35,0,15,6,ROSEBRIER AVE,E BUTLER DR,11,31.57074444,-84.09126111,0,33,0,0,3,3,0,4,3,2,0,2,0,0000000,1,36,1,44,3,2,0,0,0,1,0
13,130108,1,1,0,0,0,1,1,155,0,12,2,2014,4,18,42,0,4,4,CR-252 / FRANK RD,,7,31.66866389,-83.21155833,0,42,0,0,1,1,0,4,2,2,0,2,0,0000000,18,45,18,57,88,88,3,0,0,1,1
13,130109,1,1,0,0,0,1,1,25,0,13,2,2014,5,15,13,0,4,4,CR-AIRPORT RD,,99999,31.201975,-81.91416389,0,34,0,0,1,1,0,4,1,1,0,1,0,0000000,15,13,15,17,88,88,0,0,0,1,1
13,130110,2,2,0,0,0,3,3,135,3100,14,2,2014,6,18,57,0,14,4,CR-6512 / SUGARLOAF PKWY,,132,33.96741389,-84.06889167,0,12,6,0,8,1,0,1,5,10,0,10,0,0000000,18,58,19,2,19,36,0,0,0,1,0
13,130111,1,1,0,0,0,1,1,217,0,14,2,2014,6,0,37,0,3,2,US-278 / SR-12,,116,33.59631667,-83.76544722,0,38,0,0,1,1,0,4,2,10,0,10,0,0000000,99,98,99,98,88,88,0,0,0,1,1
13,130112,3,3,0,0,0,3,3,223,2740,14,2,2014,6,6,40,1,13,2,US-278 / SR-6,,129,33.90246667,-84.78222222,0,59,0,0,1,1,0,3,2,1,0,1,0,0000000,6,46,6,51,7,58,0,0,0,1,0
13,130113,2,2,0,0,0,3,3,5,0,15,2,2014,7,3,57,1,2,2,US-1 / SR-4,,28,31.45665833,-82.43552778,0,12,2,0,1,1,0,1,2,1,0,1,0,0000000,3,59,4,8,6,44,0,0,0,1,1
13,130114,2,2,0,0,0,6,6,67,5070,15,2,2014,7,22,53,0,14,6,WINDY HILL RD,,7,33.89442778,-84.53138889,0,12,2,0,1,1,0,1,2,1,0,1,0,0000000,22,55,22,58,23,15,0,0,0,1,0
13,130115,1,1,0,0,0,1,1,127,0,15,2,2014,7,23,57,0,15,4,CR-415 / HARRY DRIGGERS BLVD,,44,31.26083333,-81.49164722,0,42,0,0,1,1,0,5,2,1,0,1,0,0000000,23,59,0,4,88,88,0,0,0,1,1
13,130116,2,2,0,0,0,5,5,175,0,15,2,2014,7,21,41,0,14,4,CR-520 / BUCKEYE RD,,13,32.56550278,-82.86543056,0,12,2,0,1,1,0,1,2,1,0,1,0,0000000,21,42,21,50,22,53,0,0,0,1,1
13,130117,2,2,0,0,0,4,4,63,0,16,2,2014,1,17,14,1,13,3,SR-85,WARREN DR,12,33.53366389,-84.41900278,0,12,1,0,3,2,0,1,1,1,0,1,0,0000000,99,98,99,98,88,88,0,0,0,1,0
13,130118,1,1,0,0,0,5,5,1,440,17,2,2014,2,10,55,0,16,6,DORIS STREET,,1,31.78416667,-82.37026944,0,10,0,0,6,1,0,1,1,10,0,10,0,729038P,10,55,11,2,11,8,0,0,0,2,0
13,130119,2,2,0,0,0,2,2,277,0,17,2,2014,2,9,1,0,4,4,CR-UPPER TY TY ROAD,RAY TAYLOR ROAD,33,31.48536111,-83.59128056,0,12,2,0,2,3,0,1,1,1,0,1,0,0000000,99,99,99,99,88,88,0,0,0,1,0
13,130120,2,2,0,0,0,2,2,21,3390,18,2,2014,3,17,35,0,16,6,HARTLEY BRIDGE ROAD,,6,32.74505833,-83.68813333,0,12,6,0,1,1,0,1,5,1,0,1,0,0000000,17,40,17,50,18,20,0,0,0,1,0
13,130121,1,1,0,1,1,1,1,121,280,18,2,2014,3,22,7,1,11,1,I-75,,93,33.76558611,-84.38606944,0,8,0,0,1,1,0,1,2,1,0,1,0,0000000,22,7,22,15,88,88,0,0,0,1,0
13,130122,1,1,0,0,0,2,2,133,0,18,2,2014,3,19,25,0,3,3,SR-12,,189,33.60953333,-83.06299444,0,32,0,0,1,1,0,5,1,1,0,1,0,0000000,19,35,20,1,20,43,0,0,0,1,1
13,130123,1,1,0,0,0,1,1,299,5850,18,2,2014,3,19,9,0,16,6,CENTRAL AVENUE,SATILLA BLVD.,0,31.21406944,-82.34125,0,19,0,0,3,3,0,5,3,1,0,1,0,0000000,19,9,19,22,19,36,0,0,0,1,0
13,130124,1,1,0,0,0,2,2,11,0,19,2,2014,4,7,23,0,4,4,CR-YONAH HOMER ROAD,,22,34.40285833,-83.59827222,0,42,0,0,1,1,0,5,1,1,0,1,0,0000000,7,32,7,37,8,16,0,0,0,1,0
13,130125,2,1,1,2,3,1,2,89,3210,19,2,2014,4,4,30,1,11,1,I-20,,120,33.70352222,-84.17381111,0,8,0,0,1,1,0,2,2,1,0,1,0,0000000,4,31,4,40,5,18,23,0,0,1,0
13,130126,2,2,0,0,0,2,2,191,0,19,2,2014,4,19,45,1,1,1,I-95,,193,31.61382778,-81.41461389,0,12,1,0,1,1,0,1,2,1,0,1,0,0000000,99,99,99,99,88,88,0,0,0,1,0
13,130127,1,1,0,1,1,1,1,295,4780,19,2,2014,4,18,51,0,14,6,MISSION RIDGE ROAD,,11,34.90799167,-85.31573889,0,8,0,0,1,1,0,1,2,1,0,1,0,0000000,99,98,99,98,88,88,0,0,0,1,0
13,130128,1,1,0,0,0,1,1,127,0,20,2,2014,5,22,0,1,3,3,SR-32,,20,31.30522222,-81.71799444,0,59,0,0,1,1,0,4,2,1,0,1,0,0000000,22,20,22,30,88,88,0,0,0,1,1
13,130129,2,2,0,0,0,4,4,141,0,20,2,2014,5,20,40,0,3,3,SR-22,,110,33.26848889,-83.00539722,0,12,7,0,1,1,0,1,2,1,0,1,0,0000000,99,99,99,99,99,99,0,0,0,1,1
13,130130,1,1,0,0,0,1,1,205,0,20,2,2014,5,14,35,0,15,4,CR-MARTIN LUTHER KING ROAD,,44,31.25333889,-84.219775,0,42,0,0,1,1,0,5,1,1,0,1,0,0000000,14,39,14,43,16,25,0,0,0,1,0
13,130131,1,1,0,0,0,1,1,277,0,20,2,2014,5,17,50,1,13,3,SR-7,,75,31.43108333,-83.49680278,0,34,0,0,1,1,0,4,1,1,0,1,0,0000000,88,88,88,88,88,88,0,0,0,1,0
13,130132,1,1,0,0,0,1,1,241,1170,21,2,2014,6,20,0,0,3,2,US-78/SR2,,130,34.84509167,-83.34463889,0,1,0,0,1,1,0,5,2,1,0,1,0,0000000,99,98,99,98,88,88,0,0,0,1,1
13,130133,1,1,0,0,0,2,2,317,0,21,2,2014,6,17,30,0,6,4,CR-HOLLIDAY PARK ROAD,,47,33.66607778,-82.52564167,0,42,0,0,1,1,0,5,1,1,0,1,0,0000000,17,31,17,35,17,49,0,0,0,1,1
13,130134,2,1,1,1,1,1,1,67,0,22,2,2014,7,0,40,1,13,4,CR-MARS HILL ROAD,,115,34.03867778,-84.69228889,0,14,0,0,1,1,1,3,2,1,0,1,0,0000000,0,42,0,46,88,88,15,0,0,1,1
13,130135,1,1,0,1,1,2,2,59,270,22,2,2014,7,19,20,0,15,6,WINTERVILLE ROAD,,25,33.95691389,-83.33021389,0,9,0,0,1,1,0,1,2,1,0,1,0,0000000,19,19,19,27,19,51,0,0,0,1,0
13,130136,1,1,0,0,0,1,1,115,0,22,2,2014,7,20,55,1,2,3,SR-20,,246,34.20885833,-85.09242778,0,42,0,0,1,1,0,5,2,1,0,1,0,0000000,20,55,21,2,88,88,0,0,0,1,0
13,130137,2,2,0,0,0,4,4,215,1280,22,2,2014,7,15,1,1,11,1,I-185,,31,32.44618056,-84.92768333,0,52,0,0,1,1,0,4,1,1,0,1,0,0000000,99,98,99,98,88,88,0,0,0,1,1
13,130138,2,2,0,0,0,2,2,261,170,22,2,2014,7,19,36,1,13,3,SR-27,SR-3,110,32.06486111,-84.25274444,0,12,6,0,2,2,0,1,3,1,0,1,0,0000000,99,99,99,99,99,99,0,0,0,1,1
13,130139,2,2,0,0,0,2,2,151,0,23,2,2014,1,10,49,0,14,3,SR-20,HAMPTON-LOCUST GROVE ROAD,172,33.37937222,-84.26431389,0,12,6,0,2,2,0,1,1,1,0,1,0,0000000,10,50,10,55,11,17,0,0,0,1,0
13,130140,1,1,0,0,0,1,1,245,310,23,2,2014,1,19,9,0,16,6,BIRDWELL ROAD,,1,33.35856389,-82.13979722,0,42,0,0,1,1,0,5,1,1,0,1,0,0000000,88,88,88,88,88,88,0,0,0,1,0
13,130141,1,1,0,0,0,3,3,247,1320,23,2,2014,1,1,23,0,15,6,SIGMAN ROAD,,17,33.65311111,-83.97452222,0,59,0,0,1,1,0,4,2,1,0,1,0,0000000,1,27,1,34,2,18,0,0,0,1,0
13,130142,1,1,0,1,1,1,1,107,5310,24,2,2014,2,19,1,0,16,6,N. MAIN STREET,,2,32.61274444,-82.34495556,0,8,0,0,1,1,0,1,3,10,0,10,0,0000000,19,1,19,7,19,15,0,0,0,1,0
13,130143,1,1,0,0,0,1,1,115,4760,24,2,2014,2,11,19,1,13,3,SR-1,,24,34.13208056,-85.21597778,0,53,0,0,1,1,0,5,1,1,0,1,0,0000000,11,19,11,20,12,1,0,0,0,1,0
13,130144,1,1,0,0,0,1,1,123,2000,24,2,2014,2,9,53,0,4,6,BOARDTOWN ROAD,WHITEPATH ROAD,27,34.80704444,-84.41713889,0,35,0,0,3,3,0,4,1,1,0,1,0,0000000,99,98,99,98,88,88,0,0,0,1,1
13,130145,1,1,0,0,0,1,1,15,980,26,2,2014,4,8,19,1,1,1,I-75,,188,34.26465,-84.80354444,0,24,0,0,1,1,0,3,1,10,0,10,0,0000000,99,99,99,99,99,99,0,0,0,1,0
13,130146,1,1,0,0,0,1,1,63,0,26,2,2014,4,5,33,1,13,3,SR-85,POINTE SOUTH PARKWAY,4,33.522225,-84.42435556,0,46,0,0,3,2,0,4,3,2,0,2,0,0000000,99,99,99,99,88,88,0,0,0,1,0
13,130147,4,4,0,0,0,5,5,121,280,26,2,2014,4,12,29,1,13,6,DONALD LEE HOLLOWELL PARKWAY,,59,99.99990000,999.99990000,0,12,2,0,1,1,0,1,1,10,0,10,0,0000000,99,99,99,99,99,99,0,0,0,1,0
13,130148,1,1,0,0,0,1,1,151,0,26,2,2014,4,1,51,0,14,3,SR-155,EAST LAKE PARKWAY,29,33.50755556,-84.14065278,0,33,0,0,3,2,0,3,2,1,0,1,0,0000000,1,50,2,0,2,17,0,0,0,1,1
13,130149,1,1,0,0,0,1,1,229,530,26,2,2014,4,9,10,0,4,3,SR-203,,41,31.34629444,-82.28448333,0,38,0,0,1,1,0,5,1,2,0,2,0,0000000,99,99,99,99,88,88,0,0,0,1,0
13,130150,2,2,0,0,0,3,3,1,0,27,2,2014,5,17,7,0,3,3,SR-19,ZOAR ROAD,0,31.74894722,-82.545,0,12,6,0,2,2,0,1,1,1,0,1,0,0000000,17,21,17,59,18,52,0,0,0,1,0
13,130151,5,5,0,0,0,6,6,51,4910,27,2,2014,5,22,22,1,13,2,US-80/SR26,,246,32.04390556,-81.00489444,0,12,2,0,1,1,0,1,2,1,0,1,0,0000000,23,47,23,48,0,23,0,0,0,1,1
13,130152,1,1,0,1,1,1,1,229,530,27,2,2014,5,15,54,0,4,6,CASON ROAD,,55,31.31643333,-82.31473333,0,9,0,0,1,1,0,1,1,1,0,1,1,0000000,16,0,16,21,17,23,0,0,0,1,0
13,130153,2,2,0,0,0,3,3,285,0,27,2,2014,5,6,18,1,11,1,I-85,,164,33.03109444,-84.97802222,0,12,1,0,1,1,0,1,1,1,0,1,0,0000000,6,35,6,51,8,27,0,0,0,1,0
13,130154,2,2,0,0,0,7,7,33,0,28,2,2014,6,7,42,0,3,3,SR-56,ROSIER ROAD,116,32.95678333,-82.13153611,0,12,6,0,2,2,0,1,1,1,0,1,0,0000000,7,38,7,42,8,5,0,0,0,1,0
13,130155,1,1,0,2,2,2,2,135,1810,28,2,2014,6,21,49,1,13,6,PEACHTREE INDUSTRIAL BLVD.,ROGERS BRIDGE ROAD,26,34.022725,-84.13789167,0,8,0,0,2,2,0,1,1,1,0,1,0,0000000,21,48,21,51,22,12,15,0,0,1,0
13,130156,2,2,0,0,0,3,3,185,5680,28,2,2014,6,9,40,0,4,6,BELLVILLE ROAD,,12,30.63070833,-83.19678056,0,12,6,0,8,1,0,1,1,10,0,10,0,0000000,99,99,99,99,99,99,0,0,0,1,0
13,130157,2,2,0,0,0,2,2,153,0,14,2,2014,6,7,11,1,13,2,US-129 / SR-247,,150,32.57060833,-83.59304722,0,12,6,0,1,1,0,1,4,1,0,1,0,0000000,7,20,7,28,7,48,0,0,0,1,0
13,130158,2,2,0,0,0,2,2,31,0,1,3,2014,7,16,20,1,13,2,US-25 BYP / SR-67 BYP,CYPRESS LAKE RD,30,32.42221944,-81.80907778,0,12,6,0,2,2,0,1,1,1,0,1,0,0000000,16,26,16,31,17,18,0,0,0,1,0
13,130159,2,2,0,0,0,2,2,39,0,1,3,2014,7,21,30,0,3,2,US-17 / SR-25,BILLYVILLE CUTOFF,137,30.93874444,-81.71770833,0,12,1,0,2,4,0,1,2,1,0,1,0,0000000,99,99,99,99,99,99,0,0,0,1,2
13,130160,2,2,0,0,0,3,3,63,0,1,3,2014,7,17,40,0,14,2,US-23 / SR-42,,23,33.58858056,-84.29320833,0,12,6,0,8,1,0,1,1,1,0,1,0,0000000,17,41,17,58,18,26,0,0,0,1,0
13,130161,3,3,0,0,0,4,4,89,0,2,3,2014,1,4,50,1,12,2,US-78 / SR-410,,43,33.83464722,-84.20888611,0,12,1,0,1,1,0,1,2,1,0,1,0,0000000,4,52,5,0,5,30,0,0,0,2,1
13,130162,3,3,0,0,0,3,3,97,0,4,3,2014,3,9,37,1,13,3,SR-5,,102,33.699,-84.78686944,0,12,11,0,8,1,0,1,1,10,0,10,0,0000000,99,98,99,98,88,88,0,0,0,1,0
13,130163,2,2,0,0,0,2,2,31,5170,5,3,2014,4,6,18,1,13,2,US-301 BYP / SR-73 BYP,NORTHSIDE DR,24,32.43445556,-81.75653889,0,12,6,0,2,4,0,1,2,1,0,1,0,0000000,99,98,99,98,88,88,0,0,0,1,0