STATE,ST_CASE,VE_TOTAL,VE_FORMS,PVH_INVL,PEDS,PERNOTMVIT,PERMVIT,PERSONS,COUNTY,CITY,DAY,MONTH,YEAR,DAY_WEEK,HOUR,MINUTE,NHS,ROAD_FNC,ROUTE,TWAY_ID,TWAY_ID2,MILEPT,LATITUDE,LONGITUD,SP_JUR,HARM_EV,MAN_COLL,RELJCT1,RELJCT2,TYP_INT,WRK_ZONE,REL_ROAD,LGT_COND,WEATHER1,WEATHER2,WEATHER,SCH_BUS,RAIL,NOT_HOUR,NOT_MIN,ARR_HOUR,ARR_MIN,HOSP_HR,HOSP_MN,CF1,CF2,CF3,FATALS,DRUNK_DR
17,170149,2,2,0,0,0,2,2,101,0,2,4,2014,4,14,41,1,2,2,US-50,,0,38.73675833,-87.67572778,0,24,0,0,1,1,0,4,1,2,0,2,0,0000000,14,41,99,99,99,99,0,0,0,1,0
17,170150,1,1,0,0,0,1,1,111,0,3,4,2014,5,17,9,0,6,5,CHURCH,,0,42.17529444,-88.54587222,0,34,0,0,1,1,0,4,1,10,0,10,0,0000000,14,30,99,99,88,88,0,0,0,1,1
17,170151,1,1,0,1,1,1,1,183,0,3,4,2014,5,21,17,0,3,3,SR-49,,884,40.16422222,-87.90341389,0,8,0,0,1,1,0,1,2,2,5,2,0,0000000,22,55,99,99,88,88,0,0,0,1,0
17,170152,2,2,0,0,0,3,3,189,0,1,4,2014,3,12,17,0,4,3,SR-177,COVINGTON RD,317,38.44130278,-89.436275,0,12,6,0,2,2,0,1,1,1,0,1,0,0000000,12,18,99,99,99,99,0,0,0,2,0
17,170154,1,1,0,0,0,1,1,131,0,7,4,2014,2,13,21,0,3,3,SR-94,,1022,41.13268889,-90.74411389,0,1,0,0,1,1,0,1,1,1,0,1,0,0000000,13,21,99,99,88,88,0,0,0,1,0
17,170155,4,4,0,0,0,6,6,197,0,9,4,2014,4,14,43,1,11,1,I-55,,2630,41.65232222,-88.13238611,0,12,1,0,1,1,0,1,1,1,0,1,0,0000000,14,43,99,99,99,99,0,0,0,1,0
17,170156,1,1,0,0,0,1,1,129,6920,16,4,2014,4,4,53,0,14,3,SR-123,,155,40.01326111,-89.82688611,0,43,0,0,1,1,0,5,2,1,0,1,0,0000000,4,53,99,99,88,88,0,0,0,1,1
17,170157,1,1,0,0,0,3,3,163,0,18,4,2014,6,2,7,0,3,3,SR-4,,473,38.27240833,-89.72246667,0,35,0,0,1,1,0,4,2,10,0,10,0,0000000,2,7,99,99,99,99,0,0,0,1,1
17,170158,1,1,0,1,1,3,3,31,2330,9,4,2014,4,20,22,1,13,6,TOUHY,,0,42.00967778,-87.88426667,0,8,0,0,1,1,0,1,3,1,0,1,0,0000000,20,23,99,99,99,99,0,0,0,1,1
17,170159,2,2,0,0,0,4,4,91,0,19,4,2014,7,11,30,1,2,3,SR-17,SKYLINE RD,1867,41.11905278,-87.797325,0,12,6,0,2,2,0,1,1,1,0,1,0,0000000,11,30,99,99,99,99,0,0,0,1,0
17,170160,2,2,0,0,0,3,3,93,0,21,4,2014,2,14,46,0,3,2,US-52,,0,41.51156944,-88.35863056,0,12,2,0,1,1,0,1,1,1,0,1,0,0000000,14,51,99,99,99,99,0,0,0,1,1
17,170161,1,1,0,0,0,1,1,153,0,13,4,2014,1,1,40,0,4,4,CR-7,,0,37.26946944,-89.06294722,0,32,0,0,1,1,0,4,2,1,0,1,0,0000000,1,49,99,99,88,88,0,0,0,1,1
17,170162,1,1,0,0,0,2,2,163,0,24,4,2014,5,5,8,1,2,2,US-50,,303,38.59248611,-89.84276667,0,30,0,0,1,1,0,4,2,1,0,1,0,0000000,5,8,99,99,99,99,0,0,0,1,0
17,170163,2,2,0,0,0,2,2,31,6380,17,3,2014,2,14,14,1,13,3,SR-50,160TH ST,364,41.60142222,-87.73640556,0,12,6,0,2,3,0,1,1,1,0,1,0,0000000,14,15,99,99,99,99,20,0,0,1,0
17,170164,1,1,0,0,0,2,2,115,0,21,3,2014,6,2,59,0,6,5,OAKLEY,WILLIAM,0,39.85028611,-88.80310833,0,34,0,0,3,2,0,4,2,1,0,1,0,0000000,3,0,99,99,99,99,0,0,0,1,1
17,170165,1,1,0,0,0,1,1,73,1920,22,3,2014,7,16,11,0,15,3,SR-84,,0,41.47208611,-90.35786944,0,34,0,0,1,1,0,4,1,1,0,1,0,0000000,16,11,99,99,88,88,0,0,0,1,0
17,170166,2,2,0,0,0,3,3,75,0,8,4,2014,3,13,11,1,2,2,US-24,,0,40.77486111,-87.64684722,0,12,2,0,1,1,0,1,1,1,0,1,0,0000000,13,11,99,99,99,99,0,0,0,1,0
17,170167,2,2,0,1,1,2,2,31,6330,18,3,2014,3,6,10,1,13,2,US-45,ARMITAGE,0,41.91471111,-87.88402778,0,8,0,1,3,2,0,1,3,1,0,1,0,0000000,6,10,99,99,99,99,0,0,0,1,0
17,170168,3,3,0,0,0,3,3,85,0,4,4,2014,6,23,32,1,2,2,US-20,,357,42.34638333,-90.11538056,0,12,2,0,1,1,0,1,2,1,0,1,0,0000000,23,32,99,99,99,99,0,0,0,1,1
17,170169,2,2,0,0,0,3,3,163,1460,11,4,2014,6,15,0,0,16,3,SR-157,TUCKER RD,107,38.61084167,-90.04775,0,12,6,0,2,2,0,1,1,1,0,1,0,0000000,15,9,99,99,99,99,0,0,0,1,0
17,170170,1,1,0,0,0,2,2,23,0,10,4,2014,5,11,15,0,4,4,CR-26,,0,39.17955556,-87.92784167,0,1,0,0,1,1,0,4,1,1,0,1,0,0000000,11,16,99,99,99,99,2,0,0,1,0
17,170171,1,1,0,0,0,2,2,31,4146,30,3,2014,1,14,37,0,3,6,WOLF RD,70TH PL,0,41.76110278,-87.896625,0,24,0,1,3,3,0,4,1,1,0,1,0,0000000,14,37,99,99,99,99,0,0,0,1,0
17,170172,1,1,0,0,0,1,1,5,0,10,4,2014,5,1,7,0,2,5,HOOKDALE,,0,38.82218889,-89.27735556,0,34,0,0,1,1,0,4,2,1,0,1,0,0000000,1,7,99,99,88,88,0,0,0,1,1
17,170173,3,3,0,0,0,5,5,123,0,12,4,2014,7,20,38,1,1,1,I-39,,316,40.96721944,-89.056575,0,12,2,0,1,1,0,1,2,1,0,1,0,0000000,20,38,99,99,99,99,0,0,0,1,0
17,170174,3,3,0,0,0,4,4,141,0,18,4,2014,6,20,7,1,1,1,I-038 (US-51),,970,41.89630833,-89.01588333,0,12,1,0,1,1,0,1,5,1,0,1,0,0000000,20,7,99,99,88,88,0,0,0,1,0
17,170175,1,1,0,0,0,1,1,89,0,19,4,2014,7,15,8,1,2,2,US-20,,1377,42.05541389,-88.40505,0,24,0,0,1,1,0,4,1,1,0,1,0,0000000,15,9,99,99,99,99,0,0,0,1,0
17,170176,2,2,0,0,0,2,2,115,2250,19,4,2014,7,16,53,1,13,3,SR-48,RAVINA PARK RD,544,39.86564167,-88.97293333,0,12,6,0,2,3,0,1,1,1,0,1,0,0000000,16,53,99,99,99,99,0,0,0,1,1
17,170177,2,2,0,0,0,3,3,167,8220,18,4,2014,6,17,16,1,13,3,SR-029  (DIRKSEN PKWY),NICCOLLS,0,39.79845,-89.60576667,0,12,6,0,2,3,0,1,1,1,0,1,0,0000000,17,16,99,99,99,99,0,0,0,1,0
17,170178,2,2,0,0,0,5,5,19,0,20,4,2014,1,12,49,0,3,3,SR-49,HOMER LAKE RD,794,40.07622222,-87.95851667,0,12,2,0,2,2,0,1,1,1,0,1,0,0000000,12,49,99,99,99,99,0,0,0,3,0
17,170179,1,1,0,0,0,2,2,51,0,22,4,2014,3,3,36,1,1,1,I-70,,776,38.99808611,-88.90455556,0,1,0,0,1,1,0,3,2,1,0,1,0,0000000,3,36,99,99,99,99,0,0,0,1,0
17,170180,1,1,0,0,0,2,2,91,0,25,4,2014,6,17,52,0,6,5,E 2000 RD,,0,41.23424167,-87.83825833,0,42,0,0,1,1,0,5,1,1,0,1,0,0000000,17,52,99,99,99,99,0,0,0,2,0
17,170181,1,1,0,0,0,1,1,31,6400,25,4,2014,6,1,0,1,13,3,SR-50,,440,41.71159167,-87.74077222,0,30,0,0,1,1,0,4,3,2,0,2,0,0000000,1,12,99,99,99,99,0,0,0,1,0
17,170182,2,2,0,0,0,3,3,31,1670,26,4,2014,7,3,10,1,11,1,I-90  (DAN RYAN),,0,41.84664167,-87.64023889,0,12,1,0,1,1,0,1,3,1,0,1,0,0000000,3,13,99,99,99,99,0,0,0,1,2
17,170183,2,2,0,0,0,3,3,143,6850,27,4,2014,1,0,45,1,13,3,SR-40,,28,40.70816389,-89.59398333,0,12,6,0,8,1,0,1,3,1,0,1,0,0000000,0,45,99,99,99,99,0,0,0,1,1
17,170184,2,2,0,0,0,2,2,29,0,27,4,2014,1,14,20,0,6,5,1200N CR,800E CR,0,39.55006111,-88.32240556,0,12,6,0,2,2,0,1,1,2,10,2,0,0000000,14,30,99,99,88,88,0,0,0,2,0
17,170185,1,1,0,0,0,2,2,31,0,27,4,2014,1,17,46,1,1,1,I-294,,304,41.757425,-87.88169444,0,1,0,0,1,1,0,3,1,1,0,1,0,0000000,17,46,99,99,99,99,0,0,0,1,0
17,170186,2,2,0,0,0,2,2,67,0,28,4,2014,2,11,10,0,3,3,SR-96,CR-9,10,40.61848333,-91.28181389,0,12,2,0,2,2,0,1,1,1,0,1,0,0000000,11,19,99,99,99,99,0,0,0,1,0
17,170187,1,1,0,0,0,1,1,79,0,19,4,2014,7,16,59,0,6,5,CR-1300N,,0,39.04190278,-88.32005556,0,43,0,0,1,1,0,5,1,1,0,1,0,0000000,16,59,99,99,99,99,0,0,0,1,1
17,170188,3,3,0,0,0,4,4,111,2100,28,4,2014,2,17,45,0,14,6,PYOTT RD,,0,42.20459722,-88.31414167,0,12,2,0,1,1,0,1,1,2,0,2,0,0000000,17,45,99,99,99,99,0,0,0,1,0
17,170189,1,1,0,0,0,1,1,197,4300,29,4,2014,3,14,3,0,16,6,WESMERE PKWY,,0,41.56223056,-88.21561389,0,33,0,0,1,1,0,4,1,1,0,1,0,0000000,14,3,99,99,99,99,0,0,0,1,0
17,170190,2,2,0,0,0,2,2,107,4840,29,4,2014,3,16,58,1,13,3,SR-010 (SR-121)  (WOODLAWN RD),MACON,294,40.15785833,-89.40096389,0,12,6,0,2,2,0,1,1,1,0,1,0,0000000,16,58,99,99,88,88,0,0,0,1,0
17,170191,1,1,0,0,0,1,1,119,7580,24,4,2014,5,20,32,1,2,3,SR-143,WANDA,0,38.84267222,-90.03682778,0,46,0,0,3,2,0,4,2,2,0,2,0,0000000,20,32,99,99,88,88,0,0,0,1,1
17,170192,2,2,0,0,0,2,2,91,0,29,4,2014,3,9,48,0,14,2,US-52,,3186,41.02420556,-87.86793611,0,12,2,0,1,1,0,1,1,1,0,1,0,0000000,9,48,99,99,99,99,0,0,0,1,0
17,170193,1,1,0,0,0,2,2,27,0,30,4,2014,4,5,51,1,11,1,I-64,,320,38.5116,-89.64795556,0,21,0,1,19,1,0,4,4,1,0,1,0,0000000,5,51,99,99,88,88,0,0,0,2,0
17,170194,1,1,0,0,0,4,4,31,1670,19,4,2014,7,4,8,1,11,1,I-90 (CHICAGO SKYWAY RAMP),,588,41.77818889,-87.63094444,0,20,0,1,5,1,0,8,3,1,0,1,0,0000000,4,10,99,99,99,99,0,0,0,1,1
17,170196,1,1,0,0,0,5,5,31,1670,27,4,2014,1,3,17,1,13,6,WESTERN AVE,PERSHING RD,0,41.82305833,-87.684825,0,21,0,0,1,1,0,4,3,1,0,1,0,0000000,3,16,99,99,99,99,0,0,0,2,1
17,170197,1,1,0,1,1,4,4,31,8030,27,4,2014,1,21,1,1,13,6,DEMPSTER ST,,0,42.04089167,-87.71505556,0,8,0,0,1,1,0,1,3,2,10,2,0,0000000,21,1,99,99,99,99,0,0,0,1,0
17,170198,1,1,0,1,1,1,1,31,1670,24,4,2014,5,6,25,0,15,6,DIVISION ST,I-94 N/B OFF RAMP,0,41.90346111,-87.66066389,0,8,0,1,2,2,0,1,1,1,0,1,0,0000000,6,30,99,99,88,88,19,23,0,1,0
17,170199,2,2,0,0,0,2,2,31,9997,24,4,2014,5,18,6,0,14,6,JOLIET RD,JOLIET AVE,0,41.80427222,-87.82114444,0,12,2,0,2,3,0,1,1,10,0,10,0,0000000,18,6,99,99,99,99,0,0,0,1,1
17,170200,1,1,0,0,0,1,1,89,80,26,4,2014,7,21,41,0,16,6,COMPTON DR,,0,42.15381944,-88.26354444,0,33,0,0,1,1,0,4,3,1,0,1,0,0000000,21,41,99,99,99,99,2,0,0,1,1
17,170201,2,2,0,0,0,3,3,91,4380,1,5,2014,5,17,15,1,11,1,I-57,,3050,41.04611389,-87.89143889,0,34,0,0,1,1,0,4,1,1,0,1,0,0000000,17,19,99,99,99,99,0,0,0,1,0
17,170202,1,1,0,0,0,2,2,111,0,2,5,2014,6,2,32,0,6,5,W RAWSON BRIDGE RD,,0,42.23888611,-88.24214722,0,42,0,0,1,1,0,4,2,1,0,1,0,0000000,2,32,99,99,99,99,0,0,0,2,1
17,170203,1,1,0,0,0,1,1,167,0,3,5,2014,7,17,26,0,4,4,CR-6 (THAYER RD),,0,39.53751389,-89.78182778,0,35,0,0,1,1,0,4,1,1,0,1,0,0000000,17,27,99,99,88,88,0,0,0,1,1
17,170204,1,1,0,0,0,4,4,197,887,4,5,2014,1,2,3,1,11,1,I-55,,2689,41.70056944,-88.03824444,0,25,0,1,19,1,0,3,3,10,0,10,0,0000000,2,3,99,99,99,99,0,0,0,1,1
17,170205,1,1,0,0,0,1,1,119,2510,4,5,2014,1,13,6,1,13,3,SR-140,,243,38.90866389,-90.08997778,0,33,0,0,1,1,0,3,1,1,0,1,0,0000000,13,6,99,99,99,99,2,0,0,1,0
17,170206,3,3,0,0,0,3,3,163,0,4,5,2014,1,14,34,1,2,2,US-50,EMERALD MOUND GRANGE RD,0,38.60374722,-89.77984722,0,12,1,0,2,3,0,1,1,1,0,1,0,0000000,12,34,99,99,99,99,0,0,0,1,0
17,170207,1,1,0,0,0,4,4,111,0,4,5,2014,1,0,6,0,6,5,JOHNSON RD,,0,42.46633889,-88.459325,0,5,0,0,1,1,0,1,2,1,0,1,0,0000000,0,6,99,99,99,99,0,0,0,1,1
17,170208,1,1,0,0,0,1,1,167,8220,6,5,2014,3,13,23,1,11,1,I-55,,948,39.76443611,-89.60443889,0,35,0,0,1,1,0,4,1,1,0,1,0,0000000,13,23,99,99,99,99,0,0,0,1,0
17,170209,2,2,0,0,0,2,2,119,3550,7,5,2014,4,6,3,0,14,6,MISSOURI AVE,KONZEN CT,0,38.72694167,-90.14022222,0,12,6,0,2,3,0,1,1,1,0,1,0,0000000,6,3,99,99,99,99,0,0,0,1,1
17,170210,2,2,0,0,0,2,2,145,0,4,5,2014,1,11,19,1,2,3,SR-13,SR-152,0,38.00291111,-89.36348333,0,12,6,0,2,2,0,1,1,1,0,1,0,0000000,11,19,99,99,99,99,0,0,0,1,0
17,170211,1,1,0,1,1,1,1,31,6240,7,5,2014,4,12,47,1,13,3,SR-43 (HARLEM AVE),,318,41.96448056,-87.80718611,0,9,0,0,4,1,0,1,1,1,0,1,0,0000000,12,49,99,99,99,99,0,0,0,1,0
17,170212,1,1,0,0,0,2,2,31,1670,6,5,2014,3,4,28,0,14,6,YATES BLVD,,0,41.74600556,-87.56613056,0,33,0,0,1,1,0,4,3,1,0,1,0,0000000,4,28,99,99,99,99,0,0,0,1,1
17,170213,2,2,0,0,0,2,2,197,0,9,5,2014,6,9,12,1,12,6,WILMINGTON PEOTONE,I-57,0,41.32444444,-87.82168333,0,12,6,1,3,2,0,1,1,2,0,2,0,0000000,9,12,99,99,99,99,0,0,0,1,0
17,170214,1,1,0,0,0,1,1,197,6870,10,5,2014,7,2,21,0,6,5,KENNEDY RD,,0,41.30969167,-87.83801389,0,17,0,0,1,1,0,5,2,99,0,99,0,0000000,2,21,99,99,88,88,0,0,0,1,0
17,170215,1,1,0,0,0,9,9,77,0,20,4,2014,1,19,10,0,6,5,ASH RD,,0,37.82047778,-89.45058333,0,34,0,0,1,1,0,4,1,1,0,1,0,0000000,7,10,99,99,99,99,0,0,0,1,1
17,170216,3,3,0,0,0,3,3,119,2640,5,5,2014,2,6,57,1,13,3,SR-159,,0,38.79443333,-89.95715556,0,12,2,0,1,1,0,1,1,1,0,1,0,0000000,6,57,99,99,99,99,0,0,0,1,1
17,170217,1,1,0,0,0,1,1,33,0,10,5,2014,7,3,53,0,3,3,SR-33,,794,38.88991389,-87.5651,0,42,0,0,1,1,0,4,2,1,0,1,0,0000000,3,53,99,99,99,99,0,0,0,1,0
17,170218,2,2,0,0,0,2,2,101,0,13,5,2014,3,23,40,1,2,2,US-50,,1586,38.71346111,-87.56723056,0,12,1,0,1,1,0,1,2,1,0,1,0,0000000,23,46,99,99,99,99,0,0,0,1,1
17,170219,2,2,0,0,0,2,2,31,1670,3,5,2014,7,16,3,0,15,6,ADDISON ST,NORMANDY AVE,0,41.94554444,-87.79351667,0,12,6,0,2,3,0,1,1,1,0,1,0,0000000,16,4,99,99,99,99,0,0,0,1,0
17,170220,1,1,0,0,0,2,2,83,0,26,4,2014,7,14,44,1,2,3,SR-100 (GREAT RIVER RD),,81,38.93489444,-90.316625,0,34,0,0,1,1,0,4,1,1,0,1,0,0000000,14,44,99,99,99,99,13,0,0,1,1
17,170221,1,1,0,0,0,1,1,31,1690,3,4,2014,5,13,15,0,14,6,RIDGELAND AVE,PAMELA LN,0,41.70008056,-87.77920556,0,42,0,0,1,1,0,4,1,1,0,1,0,0000000,13,15,99,99,99,99,0,0,0,1,0
17,170222,1,1,0,0,0,1,1,19,0,6,5,2014,3,18,3,0,6,5,1675N,,0,40.12387222,-88.44570556,0,34,0,0,1,1,0,4,1,1,0,1,0,0000000,18,13,99,99,99,99,0,0,0,1,0
17,170223,1,1,0,0,0,1,1,163,670,11,5,2014,1,3,49,1,13,3,SR-161,,26,38.56548333,-90.03463333,0,24,0,0,1,1,0,4,2,1,0,1,0,0000000,3,49,99,99,99,99,0,0,0,1,1
17,170224,1,1,0,0,0,2,2,27,0,11,5,2014,1,17,38,1,2,2,US-50,,433,38.61574167,-89.61820556,0,1,0,0,1,1,0,1,1,1,0,1,0,0000000,17,38,99,99,99,99,0,0,0,1,0
17,170225,2,1,1,0,0,1,1,37,2280,13,4,2014,1,3,28,0,16,6,DRESSER RD,,0,41.95207778,-88.743225,0,33,0,0,1,1,0,4,2,2,10,2,0,0000000,3,28,99,99,99,99,14,0,0,1,1
17,170226,1,1,0,0,0,1,1,107,0,19,5,2014,2,17,27,0,6,5,200TH AVE,,0,39.9914,-89.55954722,0,1,0,0,1,1,0,4,1,6,0,6,0,0000000,17,27,99,99,99,99,0,0,0,1,0
17,170227,4,4,0,0,0,5,5,119,0,15,5,2014,5,10,25,1,2,3,SR-140,,0,38.89831111,-89.95575278,0,73,0,0,1,1,0,1,1,1,0,1,0,0000000,10,26,99,99,99,99,0,0,0,1,0
17,170228,2,2,0,0,0,2,2,19,8770,16,5,2014,6,20,44,1,13,2,US-150 (UNIVERSITY AVE),LINCOLN AVE,2473,40.11643333,-88.219375,0,12,2,0,2,2,0,1,3,1,0,1,0,0000000,20,45,99,99,99,99,0,0,0,1,0
17,170229,1,1,0,0,0,1,1,85,0,17,5,2014,7,1,58,0,4,5,STAGECOACH TRAIL,,0,42.49574167,-90.05611944,0,34,0,0,1,1,0,4,2,10,0,10,0,0000000,1,58,99,99,88,88,0,0,0,1,1
17,170230,1,1,0,1,1,2,2,203,5640,2,5,2014,6,22,2,0,15,3,SR-251,,185,40.89679167,-89.04729444,0,8,0,0,1,1,0,1,2,8,0,8,0,0000000,22,2,99,99,99,99,0,0,0,1,0
17,170231,1,1,0,0,0,3,3,39,0,20,5,2014,3,18,3,0,5,5,DEWITT RD,,0,40.17706111,-88.79019444,0,35,0,0,1,1,0,4,1,1,0,1,0,0000000,18,3,99,99,99,99,2,0,0,1,0
17,170232,2,2,0,0,0,5,5,163,670,18,5,2014,1,12,55,0,14,6,A ST,2ND ST,0,38.51457222,-89.98685556,0,12,6,0,2,2,0,1,1,1,0,1,0,0000000,12,55,99,99,99,99,0,0,0,1,1
17,170233,1,1,0,0,0,1,1,31,1670,23,5,2014,6,21,18,1,11,1,I-90 (KENNEDY EXPY),,823,41.98238333,-87.78624167,0,25,0,0,1,1,0,3,3,1,0,1,0,0000000,21,18,99,99,99,99,0,0,0,1,1
17,170234,2,2,0,0,0,8,8,49,0,18,5,2014,1,15,10,0,14,2,US-45,,1755,39.15963889,-88.52708611,0,12,6,0,1,1,0,1,1,1,0,1,0,0000000,15,15,99,99,99,99,17,0,0,1,0
17,170236,2,2,0,0,0,2,2,79,0,26,5,2014,2,22,18,0,3,3,SR-130,,593,39.07424167,-88.14115833,0,12,11,0,4,1,0,1,2,1,0,1,0,0000000,22,18,99,99,99,99,23,0,0,1,0
17,170237,1,1,0,0,0,1,1,197,0,26,5,2014,2,23,0,0,4,5,CANAL RD,,0,41.45088611,-88.22458333,0,34,0,0,1,1,0,4,2,98,0,98,0,0000000,2,27,99,99,88,88,18,0,0,1,0
17,170238,1,1,0,0,0,1,1,111,5060,19,5,2014,2,16,42,0,15,6,CURRAN RD,,0,42.34405556,-88.31623333,0,42,0,0,1,1,0,4,1,1,0,1,0,0000000,16,42,99,99,88,88,0,0,0,1,0
17,170239,2,2,0,0,0,3,3,19,0,20,5,2014,3,21,26,1,1,1,I-74,,1910,40.12028056,-88.043875,0,12,1,0,1,1,0,1,2,1,0,1,0,0000000,21,26,99,99,99,99,0,0,0,1,1
17,170240,1,1,0,0,0,1,1,31,1670,24,5,2014,7,9,23,0,16,6,WABASH AVE,25TH ST,0,41.84721111,-87.62534444,0,33,0,0,3,3,0,4,1,1,0,1,0,0000000,9,24,9,30,9,57,0,0,0,1,0
17,170242,1,1,0,0,0,1,1,119,3550,8,5,2014,5,2,43,0,15,6,BENTON ST,,0,38.71823056,-90.13294167,0,33,0,0,1,1,0,4,2,1,0,1,0,0000000,2,43,99,99,99,99,0,0,0,1,1
17,170243,1,1,0,0,0,1,1,177,0,27,5,2014,3,7,58,1,2,2,US-20 (ULYSSES S GRANT HWY),,461,42.35671944,-89.91797778,0,53,0,0,1,1,0,4,1,1,0,1,0,0000000,8,13,99,99,88,88,0,0,0,1,0
17,170244,1,1,0,0,0,1,1,113,0,27,5,2014,3,22,0,0,4,3,SR-165,,189,40.57265556,-88.57178889,0,34,0,0,1,1,0,4,2,1,0,1,0,0000000,22,55,99,99,88,88,0,0,0,1,1
17,170245,2,2,0,0,0,2,2,27,4460,31,5,2014,7,10,9,0,4,6,KEYSPORT RD (CR-02),4TH ST,0,38.74192222,-89.28220556,0,12,6,0,2,2,0,1,1,1,0,1,0,0000000,10,9,99,99,88,88,0,0,0,1,0
17,170246,1,1,0,1,1,1,1,31,1670,4,5,2014,1,2,55,1,11,1,I-294 (BISHOP FORD EXPY),,673,41.67631389,-87.60146944,0,8,0,0,1,1,0,1,3,1,0,1,0,0000000,2,59,99,99,88,88,0,0,0,1,0
17,170247,2,2,0,0,0,2,2,201,7460,20,5,2014,3,4,47,1,13,3,SR-251 (2ND ST),,1186,42.27759167,-89.078825,0,33,0,0,1,1,0,3,3,1,0,1,0,0000000,4,47,99,99,99,99,0,0,0,1,1
17,170248,2,2,0,0,0,4,4,157,0,25,5,2014,1,14,37,1,2,3,SR-154,RIDGE RD,158,38.12996944,-89.73619444,0,12,2,0,3,2,0,1,1,1,0,1,0,0000000,14,37,99,99,99,99,0,0,0,3,0
17,170249,1,1,0,0,0,1,1,43,460,29,5,2014,5,0,48,1,13,6,75TH ST,,0,41.74709167,-88.22434722,0,33,0,0,1,1,0,3,2,1,0,1,0,0000000,0,48,99,99,99,99,20,0,0,1,0
17,170250,2,2,0,0,0,3,3,31,980,1,6,2014,1,1,31,1,13,3,SR-43 (HARLEM AVE),,160,41.73726111,-87.79925278,0,12,2,0,1,1,0,1,3,1,0,1,0,0000000,1,31,99,99,99,99,0,0,0,2,2
17,170251,1,1,0,0,0,1,1,197,4001,31,5,2014,7,18,46,1,2,6,BELL RD,,0,41.62398889,-87.93088889,0,1,0,0,1,1,0,4,1,1,0,1,0,0000000,18,46,99,99,88,88,0,0,0,1,0
17,170252,2,2,0,0,0,4,4,197,7491,19,5,2014,2,5,13,1,13,6,WEBER RD,TAYLOR RD,0,41.62424722,-88.12380556,0,12,6,0,2,2,0,1,4,1,0,1,0,0000000,5,13,99,99,99,99,0,0,0,1,1
17,170253,4,3,1,0,0,4,4,89,2690,27,5,2014,3,17,15,1,13,3,SR-25 (LIBERTY ST),JEFFERSON AVE,279,42.04843889,-88.26771389,0,12,6,0,2,2,0,1,1,1,0,1,0,0000000,17,15,99,99,99,99,20,14,0,1,0
17,170254,2,2,0,0,0,10,10,103,0,24,5,2014,7,14,15,0,3,2,US-52,INLET RD,0,41.64955,-89.23854444,0,12,6,0,2,2,0,1,1,1,0,1,0,0000000,14,15,99,99,99,99,0,0,0,1,1
17,170255,1,1,0,0,0,2,2,135,0,30,5,2014,6,1,20,0,5,5,OLD LITCHFIELD TRAIL,,0,39.15298889,-89.62208889,0,34,0,0,1,1,0,4,2,1,0,1,0,0000000,5,33,99,99,88,88,0,0,0,2,1
17,170256,1,1,0,0,0,2,2,143,6850,31,5,2014,7,2,46,1,13,2,US-24 N/B TO US-29 E/B RAMP,,0,40.72235,-89.55495556,0,23,0,1,5,1,0,4,3,1,0,1,0,0000000,2,49,99,99,99,99,0,0,0,1,1
17,170257,1,1,0,0,0,1,1,101,970,1,6,2014,1,11,46,0,4,3,SR-250,,306,38.71834167,-87.74405,0,34,0,0,1,1,0,4,1,1,0,1,0,0000000,11,47,99,99,99,99,0,0,0,1,0
17,170258,1,1,0,1,1,4,4,119,2640,19,4,2014,7,3,33,0,14,6,NORTH UNIVERSITY DR,,0,38.79971389,-89.99090833,4,8,0,0,1,1,0,1,2,1,0,1,0,0000000,3,33,99,99,99,99,0,0,0,1,1
17,170259,1,1,0,0,0,3,3,43,9290,17,5,2014,7,2,4,0,16,6,SHEFFIELD LN,,0,41.83203611,-88.08239722,0,33,0,0,1,1,1,4,2,1,0,1,0,0000000,2,5,99,99,99,99,3,0,0,1,1
17,170260,1,1,0,0,0,3,3,115,2250,16,5,2014,6,20,40,0,14,6,MOUND RD,,0,39.89142222,-88.95,0,6,0,0,1,1,0,1,5,1,0,1,0,0000000,20,56,99,99,20,56,0,0,0,1,0
17,170261,2,2,0,0,0,3,3,115,2250,21,5,2014,4,10,26,1,13,3,SR-105 (LAKESHORE DR),E RIVERSIDE AVE,28,39.82774167,-88.92836389,0,12,6,0,2,3,0,1,1,1,0,1,0,0000000,10,26,99,99,99,99,0,0,0,1,0
17,170262,2,2,0,0,0,3,3,195,0,23,5,2014,6,10,20,0,9,5,FARGO RD,LUTHER RD,0,41.64223333,-89.76690556,0,12,6,0,2,2,0,1,1,1,0,1,0,0000000,10,26,99,99,99,99,0,0,0,1,0
17,170263,1,1,0,0,0,1,1,163,120,25,5,2014,1,3,28,0,14,5,BOND AVE,,0,38.59096944,-90.13029722,0,33,0,0,1,1,0,4,2,1,0,1,0,0000000,3,28,99,99,99,99,0,0,0,1,1
17,170264,1,1,0,0,0,2,2,31,1670,18,5,2014,1,5,16,0,14,6,CERMAK RD,,0,41.85143611,-87.73926667,0,33,0,0,1,1,0,4,3,1,0,1,0,0000000,5,16,99,99,99,99,0,0,0,1,1