STATE,ST_CASE,VE_TOTAL,VE_FORMS,PVH_INVL,PEDS,PERNOTMVIT,PERMVIT,PERSONS,COUNTY,CITY,DAY,MONTH,YEAR,DAY_WEEK,HOUR,MINUTE,NHS,ROAD_FNC,ROUTE,TWAY_ID,TWAY_ID2,MILEPT,LATITUDE,LONGITUD,SP_JUR,HARM_EV,MAN_COLL,RELJCT1,RELJCT2,TYP_INT,WRK_ZONE,REL_ROAD,LGT_COND,WEATHER1,WEATHER2,WEATHER,SCH_BUS,RAIL,NOT_HOUR,NOT_MIN,ARR_HOUR,ARR_MIN,HOSP_HR,HOSP_MN,CF1,CF2,CF3,FATALS,DRUNK_DR
17,170611,1,1,0,0,0,1,1,197,0,9,10,2014,5,17,27,0,16,6,MILLSDALE RD,,0,41.45128611,-88.09496111,0,1,0,0,1,1,0,5,5,1,0,1,0,290486C,17,27,0,0,88,88,0,0,0,1,0
17,170612,1,1,0,1,1,1,1,21,0,10,10,2014,6,2,46,0,3,3,SR-48,,0,39.62883611,-89.201975,0,8,0,0,1,1,0,1,2,10,0,10,0,0000000,2,46,99,99,88,88,0,0,0,1,0
17,170613,2,2,0,0,0,2,2,51,0,10,10,2014,6,9,49,0,3,3,SR-128,,0,39.20531111,-88.806425,0,12,2,0,1,1,0,1,1,2,0,2,0,0000000,10,3,99,99,99,99,0,0,0,1,0
17,170614,2,2,0,0,0,3,3,7,0,10,10,2014,6,23,25,0,15,2,US-20 (GRANT HWY),,0,42.24105556,-88.80836944,0,12,2,0,1,1,0,1,2,1,0,1,0,0000000,23,29,0,0,0,0,0,0,0,1,1
17,170615,2,2,0,0,0,4,4,113,0,21,8,2014,5,22,7,0,4,4,CR-21 (2600N),1600N,0,40.51578333,-88.76450556,0,12,6,0,2,2,0,1,2,1,0,1,0,0000000,22,9,99,99,99,99,0,0,0,1,1
17,170616,4,2,2,0,2,3,5,31,1670,29,9,2014,2,13,27,1,11,1,I-90  (I-94)(DAN RYAN EXPRESS),,560,41.81584444,-87.63068056,0,12,1,0,1,1,0,1,1,1,0,1,0,0000000,13,28,99,99,99,99,0,0,0,1,0
17,170617,1,1,0,4,4,1,1,115,2250,30,9,2014,3,19,24,0,16,6,ORCHARD RD,,0,39.81799722,-88.901725,0,15,0,0,1,1,0,1,3,1,0,1,0,0000000,19,24,99,99,99,99,2,0,0,1,0
17,170618,2,2,0,0,0,2,2,143,0,4,10,2014,7,11,0,1,2,2,US-24,POWELL RD,0,40.57566111,-89.70864167,0,12,6,0,2,2,0,1,1,1,0,1,0,0000000,11,4,99,99,99,99,0,0,0,1,0
17,170619,1,1,0,2,2,1,1,119,3550,6,10,2014,2,21,50,1,13,3,SR-203 (EDWARDSVILLE RD),,35,38.69071389,-90.14039444,0,8,0,0,1,1,0,1,2,1,0,1,0,0000000,21,50,99,99,99,99,0,0,0,1,0
17,170620,1,1,0,0,0,1,1,103,0,10,10,2014,6,11,42,0,6,5,ROCKYFORD RD  (CR-33),,0,41.62183056,-89.30507222,0,34,0,0,1,1,0,4,1,1,0,1,0,0000000,11,42,99,99,99,99,0,0,0,1,1
17,170621,1,1,0,1,1,1,1,167,8220,3,10,2014,6,5,58,0,15,7,6TH ST FRONTAGE RD,,0,39.72027222,-89.64345556,0,15,0,0,1,1,0,1,2,2,0,2,0,0000000,6,1,99,99,99,99,0,0,0,1,0
17,170622,2,2,0,1,1,2,2,89,460,8,10,2014,4,10,12,0,16,6,BUELL AVE,,0,41.76218056,-88.35333611,0,12,6,0,8,1,0,1,1,1,0,1,0,0000000,10,13,99,99,99,99,0,0,0,1,0
17,170623,1,1,0,0,0,4,4,31,3790,27,7,2014,1,1,50,1,13,3,SR-83 (SIBLEY BLVD),,125,41.62261111,-87.63439444,0,33,0,0,1,1,0,4,3,1,0,1,0,0000000,1,56,99,99,99,99,0,0,0,2,0
17,170624,2,2,0,0,0,2,2,183,2220,17,9,2014,4,17,43,1,13,2,US-136 (MAIN ST),VERMILION ST,2207,40.12442222,-87.62998333,0,12,6,0,2,2,0,1,1,1,0,1,0,0000000,17,43,99,99,99,99,0,0,0,1,0
17,170625,3,3,0,0,0,4,4,29,1590,26,9,2014,6,11,49,1,13,3,SR-16 (CHARLESTON RD),LOXA RD,1421,39.48445278,-88.26648889,0,12,6,0,2,2,0,1,1,1,0,1,0,0000000,11,49,99,99,99,99,14,0,0,1,0
17,170626,1,1,0,0,0,2,2,85,0,7,10,2014,3,4,30,0,6,5,GOLF RD,,0,42.33544444,-90.02051389,0,35,0,0,1,1,0,4,2,1,0,1,0,0000000,4,53,99,99,99,99,0,0,0,1,0
17,170627,1,1,0,0,0,1,1,45,0,3,10,2014,6,1,10,0,3,3,SR-16,,0,39.56723889,-87.798,0,34,0,0,1,1,0,4,2,2,0,2,0,0000000,1,14,99,99,99,99,0,0,0,1,0
17,170628,1,1,0,1,1,1,1,31,6180,8,10,2014,4,19,20,1,13,3,SR-21  (MILWAUKEE),,0,42.02322222,-87.81142778,0,8,0,0,1,1,0,1,3,1,0,1,0,0000000,19,19,0,0,99,99,0,0,0,1,0
17,170629,2,2,0,1,1,2,2,143,1700,10,10,2014,6,19,24,1,13,3,SR-29,WASHINGTON ST,0,40.88254444,-89.50291389,0,8,0,0,3,2,0,1,2,1,0,1,0,0000000,19,24,99,99,88,88,0,0,0,1,0
17,170630,1,1,0,1,1,1,1,31,1670,14,10,2014,3,23,50,0,14,6,ASHLAND AVE,,0,41.77886944,-87.66420833,0,8,0,0,1,1,0,1,3,2,0,2,0,0000000,23,50,99,99,99,99,0,0,0,1,0
17,170631,1,1,0,1,1,1,1,197,2035,11,10,2014,7,21,48,1,13,3,SR-07 (SR-53)  (BROADWAY),LUDWIG,0,41.55638611,-88.08836944,0,8,0,0,1,1,0,1,3,1,0,1,0,0000000,21,48,99,99,88,88,0,0,0,1,0
17,170632,1,1,0,0,0,1,1,145,0,13,9,2014,7,22,58,0,6,5,WHITETAIL RD,,0,38.01892778,-89.45083611,0,42,0,0,1,1,0,5,2,1,0,1,0,0000000,22,58,99,99,88,88,0,0,0,1,1
17,170633,1,1,0,0,0,1,1,89,0,7,10,2014,3,8,35,0,4,5,GRANART RD  (CR-35),,0,41.73055278,-88.56038611,0,32,0,0,1,1,0,4,1,1,0,1,0,0000000,8,38,99,99,88,88,0,0,0,1,0
17,170634,2,1,1,0,0,1,1,31,1670,15,10,2014,4,18,55,0,16,6,WINCHESTER AVE,,0,41.78900833,-87.67293889,0,14,0,0,1,1,0,7,5,1,0,1,0,0000000,18,55,99,99,99,99,0,0,0,1,0
17,170635,1,1,0,0,0,1,1,97,1163,9,10,2014,5,6,45,0,14,6,DEERFIELD PKWY,BRANDYWYN LN,0,42.17170833,-87.97337222,0,33,0,0,3,3,0,4,2,1,0,1,0,0000000,6,51,99,99,99,99,0,0,0,1,0
17,170636,1,1,0,0,0,1,1,107,0,11,10,2014,7,10,30,0,5,4,CR-1600,,0,40.23694167,-89.29961111,0,35,0,0,1,1,0,4,1,1,0,1,0,0000000,10,30,99,99,88,88,4,0,0,1,1
17,170637,1,1,0,1,1,2,2,143,6850,17,10,2014,6,17,13,0,14,6,W FORREST HILL,,0,40.72533056,-89.6289,0,8,0,0,1,1,0,1,1,1,0,1,0,0000000,17,14,99,99,99,99,0,0,0,1,0
17,170638,2,2,0,0,0,2,2,41,0,16,10,2014,5,17,5,0,5,3,SR-133,FILSON RD,221,39.68131389,-88.23228611,0,12,6,0,2,2,0,1,1,1,0,1,0,0000000,17,5,99,99,99,99,0,0,0,1,0
17,170639,1,1,0,0,0,2,2,129,0,12,10,2014,1,13,5,0,5,3,SR-97,,0,39.940375,-89.84454167,0,34,0,0,1,1,0,4,1,2,0,2,0,0000000,13,9,99,99,99,99,0,0,0,2,0
17,170640,1,1,0,0,0,1,1,143,6850,3,8,2014,1,4,0,1,12,3,SR-6,,23,40.77548889,-89.66941944,0,35,0,1,19,1,0,3,2,1,0,1,0,0000000,4,13,99,99,99,99,0,0,0,1,1
17,170641,1,1,0,2,2,1,1,161,7470,30,7,2014,4,12,34,0,14,6,31ST AVE,,0,41.479575,-90.58381389,0,8,0,0,1,1,0,1,1,1,0,1,0,0000000,12,34,99,99,99,99,0,0,0,1,0
17,170642,1,1,0,0,0,1,1,31,1670,17,8,2014,1,4,39,1,11,1,I-90 (ONTARIO FEEDER RAMP),,0,41.89166944,-87.65333889,0,25,0,1,5,1,1,8,3,1,0,1,0,0000000,4,40,99,99,99,99,0,0,0,1,1
17,170643,1,1,0,1,1,1,1,43,0,29,8,2014,6,9,12,0,6,5,HAMPTON CR,,0,41.75222222,-88.07917222,0,9,0,0,4,1,0,1,1,1,0,1,0,0000000,9,12,99,99,99,99,0,0,0,1,0
17,170644,1,1,0,0,0,3,3,165,0,2,10,2014,5,15,10,0,3,3,SR-34,,0,37.61059167,-88.46409167,0,42,0,0,1,1,0,5,1,2,0,2,0,0000000,15,10,99,99,99,99,0,0,0,2,0
17,170645,2,2,0,0,0,3,3,119,2640,3,10,2014,6,16,43,1,13,3,SR-157  (ST LOUIS RD),,0,38.791175,-89.97916667,0,12,6,0,1,1,0,1,1,1,0,1,0,0000000,16,43,99,99,99,99,0,0,0,1,0
17,170646,2,2,0,0,0,3,3,187,0,16,10,2014,5,9,10,0,4,4,CR-23 (BERWICK RD),,0,40.79958889,-90.45103611,0,12,6,0,4,1,0,1,1,5,0,5,0,0000000,9,11,99,99,99,99,0,0,0,1,0
17,170647,2,2,0,0,0,2,2,163,1495,22,10,2014,4,22,39,0,14,6,BOND AVE,TOUCHETTE HOSPITAL ENTRANCE RD,0,38.57131944,-90.107675,0,12,6,0,2,3,0,1,3,1,0,1,0,0000000,22,39,99,99,99,99,20,0,0,1,0
17,170649,1,1,0,0,0,2,2,57,0,11,10,2014,7,16,8,1,2,2,US-24,,801,40.27868611,-90.228125,0,34,0,0,1,1,0,4,1,1,0,1,0,0000000,16,8,99,99,99,99,0,0,0,1,0
17,170650,1,1,0,0,0,2,2,31,1670,8,10,2014,4,1,43,0,16,6,CENTRAL PARK AVE,32ND ST,0,41.83526389,-87.71456389,0,39,0,0,1,1,0,5,3,1,0,1,0,0000000,1,44,99,99,99,99,20,0,0,1,0
17,170652,2,2,0,0,0,3,3,49,0,17,10,2014,6,15,32,1,1,1,I-57,,1681,39.21324167,-88.48795556,0,12,1,0,7,1,0,1,1,1,0,1,0,0000000,15,35,99,99,99,99,0,0,0,1,0
17,170653,1,1,0,1,1,2,2,89,2690,7,10,2014,3,20,58,0,14,6,SUMMIT ST,HILL AVE,0,42.04618333,-88.27055278,0,9,0,0,2,2,0,1,3,1,0,1,0,0000000,20,58,99,99,99,99,0,0,0,1,0
17,170654,1,1,0,0,0,1,1,137,0,23,10,2014,5,7,1,0,4,5,GARVIN RD  (MURRAYVILLE BLK),,0,39.58606111,-90.28611111,0,34,0,0,1,1,0,4,4,1,0,1,0,0000000,7,1,99,99,99,99,0,0,0,1,0
17,170655,3,3,0,0,0,4,4,19,1550,10,10,2014,6,13,26,1,13,2,US-150 (BLOOMINGTON RD),PROSPECT AVE,1836,40.13217222,-88.257975,0,12,6,0,2,2,0,1,1,1,0,1,0,0000000,13,26,99,99,99,99,0,0,0,1,0
17,170656,3,3,0,0,0,9,9,167,0,25,10,2014,7,22,30,0,3,3,SR-125,,359,39.84322778,-89.80973333,0,12,6,0,1,1,0,1,2,1,0,1,0,0000000,22,39,99,99,99,99,14,2,0,2,1
17,170657,2,1,1,0,0,1,1,1,7180,25,10,2014,7,18,14,1,13,2,US-24 (4TH ST),,12,39.95129444,-91.41005,0,14,0,0,1,1,0,5,1,1,0,1,0,0000000,18,15,99,99,99,99,0,0,0,1,1
17,170658,1,1,0,0,0,1,1,163,2610,2,9,2014,3,15,32,0,14,6,STATE ST,,0,38.60810833,-90.10741389,0,33,0,0,1,1,0,4,1,1,0,1,0,0000000,15,32,99,99,99,99,0,0,0,1,0
17,170659,4,4,0,0,0,6,6,179,0,26,10,2014,1,14,14,1,2,2,US-24,N MAIN ST,1426,40.72768333,-89.4075,0,12,6,0,2,2,0,1,1,1,0,1,0,0000000,14,14,99,99,99,99,0,0,0,1,0
17,170660,2,2,0,0,0,3,3,179,0,26,10,2014,1,16,14,0,5,3,SR-9,,0,40.53868333,-89.55048333,0,12,2,0,1,1,0,1,1,1,0,1,0,0000000,16,16,99,99,99,99,0,0,0,2,0
17,170661,2,2,0,0,0,4,4,201,1650,20,8,2014,4,19,35,1,13,6,PERRYVILLE RD,NORTH MALL DRIVE,0,42.24505278,-88.97994722,0,12,6,0,2,2,0,1,5,1,0,1,0,0000000,19,40,99,99,99,99,20,0,0,1,0
17,170662,1,1,0,0,0,2,2,195,0,25,10,2014,7,22,30,0,5,5,SAND RD (CR-21),,0,41.67069444,-90.13215556,0,24,0,0,1,1,0,4,2,1,0,1,0,0000000,22,35,99,99,88,88,0,0,0,2,0
17,170663,1,1,0,1,1,1,1,31,0,20,9,2014,7,5,52,0,14,6,JOE ORR RD,,0,41.52080556,-87.58155556,0,8,0,0,1,1,0,1,2,1,0,1,0,0000000,5,52,99,99,99,99,0,0,0,1,0
17,170664,2,2,0,0,0,3,3,111,4640,18,10,2014,7,16,4,1,13,3,SR-47,SR-176,1516,42.24539167,-88.42293333,0,33,0,0,3,3,0,3,1,1,0,1,0,0000000,16,4,99,99,99,99,0,0,0,1,0
17,170665,1,1,0,1,1,2,2,183,9280,13,10,2014,2,19,45,1,13,2,US-150 (SR-1) (STATE ST),,0,40.03571667,-87.63837222,0,8,0,0,1,1,0,1,3,2,0,2,0,0000000,19,45,99,99,99,99,0,0,0,1,0
17,170666,2,2,0,0,0,2,2,49,2650,27,10,2014,2,17,49,0,15,6,ALTHOFF DR  (CR-19),,0,39.14696944,-88.51955,0,12,6,0,4,1,0,1,1,1,0,1,0,0000000,17,49,99,99,99,99,0,0,0,1,0
17,170667,1,1,0,0,0,1,1,69,0,25,10,2014,7,4,30,0,3,3,SR-34 SR-146,,22,37.45413889,-88.34630833,0,34,0,0,1,1,0,4,2,1,0,1,0,0000000,5,8,99,99,88,88,0,0,0,1,1
17,170668,1,1,0,1,1,1,1,49,2650,20,10,2014,2,20,13,0,14,6,EVERGREEN AVE,MERCHANT ST,0,39.13459167,-88.54449722,0,8,0,0,2,3,0,1,3,1,0,1,0,0000000,20,13,99,99,99,99,0,0,0,1,0
17,170669,1,1,0,1,1,1,1,31,1670,16,10,2014,5,6,28,1,13,6,ROOSEVELT RD,RACINE AVE,0,41.86700833,-87.65666667,0,8,0,0,2,2,0,1,3,2,0,2,0,0000000,6,29,99,99,99,99,0,0,0,1,0
17,170670,1,1,0,0,0,3,3,31,1670,14,8,2014,5,21,22,0,16,6,W 80TH ST,LOWE AVE,0,41.74887778,-87.64033889,0,33,0,0,1,1,4,4,3,1,0,1,0,0000000,21,22,99,99,99,99,20,0,0,1,0
17,170671,2,2,0,0,0,4,4,31,1670,27,8,2014,4,5,10,0,14,6,79TH ST,STATE ST,0,41.75097222,-87.62455556,0,12,6,0,2,2,0,1,3,1,0,1,0,0000000,99,99,99,99,99,99,0,0,0,1,0
17,170672,1,1,0,1,1,4,4,31,1670,30,8,2014,7,2,5,1,13,6,LASALLE ST,SCHILLER ST,0,41.90786389,-87.63303889,0,8,0,0,3,2,0,1,3,2,0,2,0,0000000,2,5,99,99,99,99,0,0,0,1,0
17,170673,1,1,0,1,1,1,1,31,1670,3,9,2014,4,18,25,0,16,8,VAN BUREN ST (ALLEY OFF OF),,0,41.87548056,-87.72571389,0,8,0,0,1,1,0,1,1,1,0,1,0,0000000,18,28,99,99,99,99,0,0,0,1,0
17,170674,1,1,0,1,1,1,1,31,1670,7,9,2014,1,19,46,1,14,6,47TH ST,LAFLIN ST,0,41.80863333,-87.66251389,0,8,0,0,2,2,0,1,3,1,0,1,0,0000000,19,51,99,99,99,99,0,0,0,1,0
17,170675,1,1,0,1,1,1,1,31,1670,13,9,2014,7,6,18,0,15,6,47TH ST,WESTERN,0,41.80841389,-87.68362778,0,8,0,0,3,2,1,1,1,1,0,1,0,0000000,6,21,99,99,88,88,0,0,0,1,0
17,170676,2,2,0,0,0,2,2,31,1670,12,9,2014,6,0,34,0,15,6,DAMEN AVE,69TH ST,0,41.76844167,-87.67361389,0,12,6,0,2,2,0,1,3,1,0,1,0,0000000,0,34,99,99,99,99,20,0,0,1,0
17,170677,1,1,0,0,0,1,1,31,1670,14,9,2014,1,13,10,1,13,6,WESTERN,71ST ST,0,41.76469167,-87.68323889,0,30,0,0,3,2,0,4,1,1,0,1,0,0000000,13,10,99,99,99,99,0,0,0,1,0
17,170678,2,2,0,0,0,3,3,197,0,25,10,2014,7,16,59,1,2,4,CR-24 (INDIANA AVE),,0,41.34055833,-87.64539444,0,12,7,0,1,1,0,1,1,1,0,1,0,0000000,16,59,99,99,99,99,0,0,0,1,1
17,170679,1,1,0,0,0,2,2,31,6940,27,10,2014,2,2,10,0,16,6,152ND ST,,0,41.61355556,-87.63638056,0,42,0,0,1,1,0,4,3,1,0,1,0,0000000,2,16,99,99,99,99,0,0,0,1,1
17,170680,2,2,0,0,0,2,2,197,8763,22,10,2014,4,23,41,1,13,3,SR-50 (CICERO AVE),STEGER RD,273,41.46973333,-87.73221389,0,12,6,0,2,2,0,1,3,1,0,1,0,0000000,23,43,99,99,99,99,0,0,0,1,0
17,170681,1,1,0,0,0,4,4,109,0,16,10,2014,5,2,7,0,6,5,900TH RD,,0,40.41177778,-90.72494722,0,34,0,0,1,1,0,4,2,1,0,1,0,0000000,2,20,99,99,99,99,0,0,0,3,1
17,170682,2,2,0,0,0,3,3,97,4858,6,7,2014,1,13,32,1,13,2,US-45 (SR-21)(MILWAUKEE AVE),MARRIOTT,0,42.194775,-87.930725,0,12,6,0,2,2,0,1,1,1,0,1,0,0000000,13,35,99,99,99,99,0,0,0,1,0
17,170683,1,1,0,1,1,1,1,31,9380,26,9,2014,6,19,45,0,14,6,SHERIDAN RD,,0,42.08765556,-87.70107222,0,8,0,0,1,1,0,1,2,1,0,1,0,0000000,19,46,99,99,88,88,0,0,0,1,0
17,170684,1,1,0,1,1,1,1,43,9510,20,10,2014,2,19,27,1,13,3,SR-83 (KINGERY HWY),,498,41.95315833,-87.95948611,0,8,0,0,1,1,0,1,2,1,0,1,0,0000000,19,27,99,99,88,88,0,0,0,1,0
17,170685,2,2,0,1,1,3,3,179,9030,11,10,2014,7,19,50,1,13,2,US-24,NOFSINGER RD,1413,40.72382222,-89.43138333,0,8,0,0,3,2,0,1,3,1,0,1,0,0000000,19,50,99,99,99,99,19,23,0,1,0
17,170686,1,1,0,0,0,2,2,23,0,23,10,2014,5,2,58,1,1,1,I-70,,1336,39.32088056,-87.98426944,0,24,0,1,19,1,0,4,2,1,0,1,0,0000000,2,59,99,99,99,99,0,0,0,1,0
17,170687,2,2,0,0,0,2,2,71,0,27,10,2014,2,19,20,0,5,3,SR-94  (SR-116),CR-1350N,0,40.82899444,-90.90380833,0,12,6,0,2,3,0,1,2,1,0,1,0,0000000,19,23,99,99,88,88,0,0,0,1,0
17,170688,1,1,0,0,0,1,1,91,4380,25,10,2014,7,19,24,0,15,4,CR-40 (S 2000E RD),,0,41.06292222,-87.830025,0,59,0,0,1,1,0,4,2,1,0,1,0,0000000,19,26,99,99,99,99,0,0,0,1,1
17,170689,2,2,0,0,0,3,3,23,0,29,10,2014,4,15,25,1,2,3,SR-1 (KOREAN MEMORIAL HWY),1050 RD,1468,39.30287222,-87.67061111,0,12,6,0,2,2,0,1,1,1,0,1,0,0000000,15,25,99,99,99,99,0,0,0,1,0
17,170690,2,1,1,0,0,5,5,51,0,30,10,2014,5,18,49,0,16,6,N SIXTH ST,MAIN ST,0,38.96171667,-89.09746389,0,10,0,0,6,1,0,1,2,2,0,2,0,546495N,18,50,99,99,99,99,14,28,0,4,0
17,170691,2,2,0,0,0,2,2,31,8120,20,8,2014,4,12,15,1,13,2,US-6 (162ND ST),SOUTH PARK AVE,1725,41.60083333,-87.60731389,0,12,2,0,2,2,0,1,1,1,0,1,0,0000000,12,15,99,99,99,99,0,0,0,1,0
17,170692,2,2,0,0,0,2,2,31,3440,31,8,2014,1,13,57,1,13,3,SR-1 (HALSTED ST),,3126,41.55827222,-87.63605833,0,12,6,0,8,1,0,1,1,1,0,1,0,0000000,13,57,99,99,99,99,0,0,0,1,0
17,170693,1,1,0,0,0,1,1,97,585,20,9,2014,7,2,44,0,14,3,SR-131 (GREEN BAY RD),GRAVES AVE,88,42.40376667,-87.88011111,0,34,0,0,3,3,0,4,2,1,0,1,0,0000000,2,45,99,99,88,88,0,0,0,1,1
17,170694,1,1,0,1,1,1,1,161,5670,10,10,2014,6,21,13,0,14,6,23RD AVE (AVE OF THE CITIES),,0,41.48976389,-90.46494444,0,8,0,0,1,1,0,1,2,1,0,1,0,0000000,21,13,99,99,99,99,0,0,0,1,1
17,170695,1,1,0,0,0,1,1,111,9997,16,10,2014,5,20,0,0,15,6,RIDGE RD,,0,42.32178333,-88.34551389,0,42,0,0,1,1,0,5,2,1,0,1,0,0000000,12,5,99,99,88,88,18,0,0,1,0
17,170696,1,1,0,0,0,1,1,143,6850,2,11,2014,1,3,50,0,16,6,AIKEN AVE,,0,40.68863611,-89.61816111,0,30,0,0,1,1,0,4,3,1,0,1,0,0000000,99,99,99,99,88,88,0,0,0,1,1
17,170697,1,1,0,0,0,2,2,179,2600,24,10,2014,6,6,31,1,13,2,US-150 US-24 SR-116 (MAIN ST),,1336,40.68511944,-89.55124444,0,42,0,0,1,1,0,4,2,1,0,1,0,0000000,6,31,99,99,99,99,0,0,0,1,1
17,170698,1,1,0,0,0,1,1,77,0,29,10,2014,4,12,42,1,2,2,US-51,,0,37.62250278,-89.23494444,0,42,0,0,1,1,0,4,1,1,0,1,0,0000000,12,42,99,99,99,99,0,0,0,1,0
17,170699,2,2,0,0,0,2,2,197,0,30,10,2014,5,11,28,0,6,5,YOUNGS RD,,0,41.45875278,-88.1764,0,12,2,0,1,1,0,2,1,1,0,1,0,0000000,11,28,99,99,99,99,0,0,0,1,0
17,170700,2,2,0,0,0,4,4,175,0,24,8,2014,1,9,42,0,3,3,SR-78,,0,41.02921111,-89.92716667,0,12,2,0,1,1,0,4,1,1,0,1,0,0000000,9,42,99,99,99,99,0,0,0,1,0
17,170701,1,1,0,1,1,1,1,41,0,31,10,2014,6,7,49,0,4,4,CR-1800,,0,39.68790833,-88.47231389,0,9,0,0,1,1,0,1,4,1,0,1,0,0000000,7,49,99,99,88,88,0,0,0,1,0
17,170702,2,2,0,0,0,2,2,89,6270,8,10,2014,4,18,7,0,14,3,SR-31 (LINCOLN WAY),OAK ST,96,41.80791111,-88.32754444,0,12,2,0,2,2,0,1,5,1,0,1,0,0000000,18,7,99,99,99,99,0,0,0,1,0
17,170703,2,2,0,0,0,3,3,163,5340,5,11,2014,4,15,25,1,13,3,SR-4,,0,38.54099167,-89.80210556,0,12,2,0,1,1,0,1,1,1,0,1,0,0000000,15,25,99,99,99,99,0,0,0,1,0
17,170704,1,1,0,0,0,3,3,43,5980,19,7,2014,7,1,58,0,14,6,AURORA AVE,EAGLE ST,0,41.76996111,-88.15304444,0,38,0,0,3,2,0,5,3,1,0,1,0,0000000,1,58,99,99,99,99,0,0,0,2,1
17,170705,1,1,0,0,0,1,1,123,0,1,9,2014,2,17,0,0,4,5,TAX SCHOOL RD (CR-12),,0,40.96341389,-89.31506111,0,34,0,0,1,1,0,4,1,1,0,1,0,0000000,17,0,99,99,88,88,0,0,0,1,1
17,170706,1,1,0,0,0,2,2,31,1992,28,6,2014,7,21,55,0,16,6,RUSSET WAY,,0,41.57630556,-87.71586944,0,5,0,0,1,1,0,1,3,1,0,1,0,0000000,21,55,99,99,99,99,0,0,0,1,0
17,170707,2,2,0,0,0,2,2,135,0,28,9,2014,1,12,33,0,4,4,CR-7 CR-2300,,0,39.27772778,-89.26958056,0,12,1,0,1,1,0,1,1,1,0,1,0,0000000,12,33,99,99,99,99,0,0,0,1,0
17,170708,2,2,0,0,0,2,2,163,5600,16,10,2014,5,15,33,0,4,5,DOUGLAS RD,,0,38.44024722,-90.10936944,0,12,8,0,1,1,0,1,1,1,0,1,0,0000000,15,33,15,37,88,88,0,0,0,1,1
17,170709,2,1,1,0,0,1,1,31,4860,5,11,2014,4,15,1,0,14,2,US-41 (LINCOLN AVE),HARDING AVE,263,42.00208056,-87.72637778,0,42,0,0,3,3,0,4,1,1,0,1,0,0000000,15,3,99,99,99,99,19,14,0,1,1
17,170711,3,3,0,0,0,3,3,161,0,7,11,2014,6,11,21,0,4,4,CR-JJ (78 AVE),,0,41.43841389,-90.53614167,0,12,1,0,8,1,0,1,1,1,0,1,0,0000000,11,22,99,99,99,99,0,0,0,1,0
17,170712,2,2,0,0,0,3,3,163,0,20,10,2014,2,22,43,0,15,6,FOLEY DR,,0,38.56448056,-90.05160556,0,12,2,0,1,1,0,1,2,1,0,1,0,0000000,22,43,99,99,99,99,0,0,0,1,1
17,170713,2,2,0,0,0,2,2,197,4300,13,11,2014,5,3,21,1,13,3,SR-7 (LARKIN AVE),DELLMAR AVE,28,41.538725,-88.12528056,0,12,2,0,2,3,0,1,3,10,0,10,0,0000000,3,21,99,99,99,99,0,0,0,1,1
17,170714,1,1,0,0,0,1,1,99,0,17,9,2014,4,14,51,0,4,4,CR-3 (2603RD RD),,0,41.504625,-88.67930833,0,34,0,0,1,1,0,4,1,1,0,1,0,0000000,14,51,99,99,99,99,0,0,0,1,1
17,170715,1,1,0,0,0,1,1,97,6725,15,10,2014,4,23,47,0,14,3,SR-120 (BELVIDERE),,0,42.34856111,-87.88376389,0,35,0,0,1,1,0,4,2,2,0,2,0,0000000,23,48,99,99,88,88,0,0,0,1,0
17,170717,1,1,0,0,0,2,2,119,0,20,9,2014,7,16,27,0,3,3,SR-159,,0,38.91231667,-89.97036944,0,32,0,0,1,1,0,4,1,1,0,1,0,0000000,16,27,99,99,99,99,0,0,0,2,0
17,170718,1,1,0,0,0,4,4,99,0,5,11,2014,4,19,0,0,6,5,E 18TH RD,RICHARDS RD,0,41.18274722,-88.81646944,0,35,0,0,3,2,0,4,2,1,0,1,0,0000000,19,6,99,99,99,99,0,0,0,1,0
17,170719,1,1,0,0,0,1,1,11,0,13,10,2014,2,7,18,1,1,1,I-80,,380,41.38615833,-89.81072222,0,1,0,0,1,1,1,2,1,5,0,5,0,0000000,7,18,99,99,99,99,0,0,0,1,0
17,170720,3,3,0,0,0,3,3,65,0,4,11,2014,3,17,10,0,3,3,SR-142,,411,38.205975,-88.69755833,0,12,2,0,1,1,0,1,2,2,0,2,0,0000000,17,12,99,99,99,99,0,0,0,1,0
17,170721,4,2,2,0,0,5,5,99,0,8,11,2014,7,15,12,0,4,3,SR-251 (2ND RD),32ND RD,0,41.39653333,-89.12593056,0,12,6,0,2,2,0,1,1,1,0,1,0,0000000,15,15,99,99,99,99,0,0,0,1,0
17,170722,1,1,0,1,1,1,1,77,1350,14,11,2014,6,15,20,0,14,6,E WALNUT ST,,0,37.73009444,-89.17403056,0,9,0,0,1,1,0,2,1,1,0,1,0,0000000,15,20,99,99,99,99,0,0,0,1,1
17,170723,1,1,0,0,0,1,1,197,2035,22,8,2014,6,19,37,0,16,6,BORIO DR,,0,41.58684444,-88.11472222,0,33,0,0,1,1,0,4,1,1,0,1,0,0000000,19,37,99,99,99,99,0,0,0,1,1
17,170724,1,1,0,1,1,2,2,31,4010,28,10,2014,3,20,28,0,14,6,183RD ST,GOTTSCHALK AVE,0,41.55729167,-87.66346667,0,8,0,0,2,3,0,1,3,1,0,1,0,0000000,20,28,99,99,99,99,0,0,0,1,0