STATE,ST_CASE,VE_TOTAL,VE_FORMS,PVH_INVL,PEDS,PERNOTMVIT,PERMVIT,PERSONS,COUNTY,CITY,DAY,MONTH,YEAR,DAY_WEEK,HOUR,MINUTE,NHS,ROAD_FNC,ROUTE,TWAY_ID,TWAY_ID2,MILEPT,LATITUDE,LONGITUD,SP_JUR,HARM_EV,MAN_COLL,RELJCT1,RELJCT2,TYP_INT,WRK_ZONE,REL_ROAD,LGT_COND,WEATHER1,WEATHER2,WEATHER,SCH_BUS,RAIL,NOT_HOUR,NOT_MIN,ARR_HOUR,ARR_MIN,HOSP_HR,HOSP_MN,CF1,CF2,CF3,FATALS,DRUNK_DR
17,170725,1,1,0,1,1,1,1,31,6400,14,11,2014,6,12,5,0,16,6,KILBOURNE AVE,,0,41.72080556,-87.73353333,0,8,0,0,8,1,0,1,1,1,0,1,0,0000000,12,6,99,99,99,99,0,0,0,1,0
17,170726,1,1,0,0,0,2,2,135,0,30,8,2014,7,3,16,0,4,5,FILLMORE TRAIL  (CR-8),,0,39.15183333,-89.44119444,0,5,0,0,1,1,0,1,2,1,0,1,0,0000000,3,16,99,99,99,99,0,0,0,1,0
17,170727,2,2,0,0,0,2,2,43,2719,17,10,2014,6,8,25,1,13,6,75TH ST,BOOK RD,0,41.74731389,-88.18648889,0,12,6,0,2,2,0,1,1,1,0,1,0,0000000,8,25,99,99,99,99,0,0,0,1,0
17,170728,1,1,0,0,0,2,2,31,1207,1,10,2014,4,22,45,0,15,6,BRIDEWELL DR,,0,41.75768333,-87.91218889,0,33,0,0,1,1,0,4,3,1,0,1,0,0000000,22,46,99,99,99,99,0,0,0,1,1
17,170729,1,1,0,0,0,1,1,27,0,4,11,2014,3,11,9,1,1,1,I-64,,326,38.51040278,-89.64107778,0,42,0,0,1,1,0,4,1,2,0,2,0,0000000,11,9,99,99,88,88,0,0,0,1,0
17,170730,2,2,0,0,0,4,4,135,0,5,11,2014,4,15,8,0,3,3,SR-148,,48,39.33239722,-89.55931667,0,12,6,0,1,1,0,1,1,1,0,1,0,0000000,15,15,99,99,99,99,0,0,0,3,0
17,170731,2,2,0,0,0,2,2,31,9170,4,11,2014,3,4,49,1,11,1,I-294,,239,41.83851111,-87.91930278,0,12,1,1,18,1,0,1,3,1,0,1,0,0000000,4,49,99,99,99,99,0,0,0,1,0
17,170732,1,1,0,0,0,1,1,43,740,25,5,2014,1,20,50,1,2,3,SR-19  (IRVING PARK RD),,0,41.96074444,-87.93777222,0,24,0,0,1,1,0,4,3,1,0,1,0,0000000,99,99,99,99,99,99,0,0,0,1,0
17,170733,1,1,0,0,0,1,1,121,0,11,11,2014,3,12,50,0,4,4,CR-9 CR-500 (ODIN RD),,0,38.55993611,-89.05065,0,42,0,0,1,1,0,5,1,1,0,1,0,0000000,12,54,99,99,88,88,0,0,0,1,0
17,170734,2,2,0,0,0,2,2,83,0,9,11,2014,1,16,10,1,2,3,SR-16,,81,39.11178333,-90.51979722,0,12,2,0,1,1,0,1,1,1,0,1,0,0000000,16,12,99,99,99,99,0,0,0,1,0
17,170735,1,1,0,1,1,1,1,31,4680,12,11,2014,4,5,10,1,11,1,I-80 E/B RAMP,SR-83,752,41.57755833,-87.55846111,0,9,0,1,5,1,0,1,3,1,0,1,0,0000000,5,20,99,99,88,88,0,0,0,1,0
17,170736,1,1,0,1,1,1,1,97,5940,16,11,2014,1,17,19,1,13,2,US-45 (LAKE ST),EDGAR ALLEN POE LN,0,42.25181111,-87.99726667,0,8,0,0,1,1,0,1,3,1,0,1,0,0000000,17,19,99,99,99,99,0,0,0,1,0
17,170737,1,1,0,0,0,1,1,53,0,26,10,2014,1,14,40,0,4,2,US-45,,2749,40.48381944,-88.08605556,0,34,0,0,1,1,1,4,1,1,0,1,0,0000000,14,44,99,99,99,99,3,0,0,1,1
17,170739,2,2,0,0,0,3,3,163,0,10,9,2014,4,16,10,0,16,6,BACK DR (CAMPUS RD),,0,38.51479167,-89.92284444,4,12,6,0,4,1,0,1,1,1,0,1,0,0000000,16,13,99,99,99,99,0,0,0,1,0
17,170740,1,1,0,0,0,2,2,29,0,15,11,2014,7,20,30,1,1,1,I-57,,1842,39.42678889,-88.3774,0,1,0,1,19,1,0,8,2,4,0,4,0,0000000,20,35,99,99,99,99,19,0,0,1,0
17,170742,2,2,0,0,0,2,2,71,0,17,11,2014,2,20,56,1,2,2,US-34 (THE GREAT RIVER RD),,77,40.84728889,-90.97494167,0,12,2,0,1,1,0,1,2,1,0,1,0,0000000,21,17,99,99,99,99,0,0,0,2,2
17,170743,1,1,0,0,0,1,1,31,3940,18,11,2014,3,23,14,1,11,1,I-88,,0,41.87251389,-87.91034444,0,24,0,0,1,1,0,3,3,1,0,1,0,0000000,23,16,99,99,88,88,0,0,0,1,1
17,170745,1,1,0,1,1,1,1,179,0,22,11,2014,7,23,8,0,2,5,FAST AVE  (CR-23),PARK TRAIL RD,0,40.53705278,-89.33983056,0,8,0,0,1,1,0,1,3,1,0,1,0,0000000,23,8,99,99,88,88,0,0,0,1,1
17,170746,2,2,0,0,0,2,2,113,0,24,11,2014,2,12,38,0,3,3,SR-9,,1261,40.48679167,-89.17526667,0,12,2,0,1,1,0,1,1,10,0,10,0,0000000,12,38,99,99,99,99,0,0,0,1,0
17,170747,1,1,0,0,0,1,1,43,2750,15,11,2014,7,21,36,0,14,4,CR-20 (GRAND AVE),,0,41.92815833,-87.95889444,0,33,0,0,1,1,0,4,3,4,0,4,0,0000000,21,36,99,99,99,99,0,0,0,1,0
17,170748,2,2,0,0,0,2,2,99,0,24,11,2014,2,13,28,0,3,3,SR-71,,0,41.36802778,-88.78782778,0,12,2,0,1,1,0,1,1,2,0,2,0,0000000,13,28,99,99,88,88,0,0,0,1,0
17,170749,2,2,0,0,0,3,3,167,0,26,11,2014,4,15,18,0,3,5,OLD US-36,,0,39.83745833,-89.54569444,0,12,6,0,1,1,0,1,1,4,0,4,0,0000000,15,18,99,99,99,99,0,0,0,1,0
17,170750,1,1,0,0,0,2,2,75,2420,27,11,2014,5,0,24,0,4,2,US-52 (RAUB AVE),,0,40.88223333,-87.61542778,0,42,0,0,1,1,0,5,3,1,0,1,0,0000000,0,24,99,99,88,88,0,0,0,2,1
17,170751,2,2,0,0,0,4,4,19,1550,27,11,2014,5,14,9,0,15,6,NEIL ST,INTERSTATE DR,0,40.14910833,-88.24855278,0,12,6,0,2,3,0,1,1,4,0,4,0,0000000,14,10,99,99,99,99,0,0,0,1,0
17,170752,1,1,0,0,0,1,1,31,1670,23,11,2014,1,22,38,0,15,6,COLUMBUS AVE,KEDZIE AVE,0,41.75028056,-87.70260556,0,30,0,0,3,2,0,4,3,2,0,2,0,0000000,22,38,99,99,99,99,0,0,0,1,0
17,170753,1,1,0,0,0,2,2,31,4680,27,11,2014,5,15,0,1,11,1,I-94,,760,41.57765278,-87.55920833,0,25,0,0,1,1,0,4,1,1,0,1,0,0000000,15,4,99,99,99,99,0,0,0,1,1
17,170754,2,2,0,0,0,6,6,179,0,29,11,2014,7,17,10,0,4,5,WASHINGTON RD (CR-3),HARDING RD,0,40.62851667,-89.40364167,0,12,6,0,2,2,0,1,5,1,0,1,0,0000000,17,10,99,99,99,99,0,0,0,1,0
17,170755,2,2,0,0,0,2,2,115,2250,26,11,2014,4,4,38,0,14,6,LOST BRIDGE RD  (CR-50),,0,39.81541944,-88.9111,0,12,2,0,1,1,0,1,2,1,0,1,0,0000000,4,38,99,99,99,99,0,0,0,1,1
17,170756,1,1,0,2,2,1,1,113,0,23,10,2014,5,18,41,0,4,5,OLD COLONIAL RD  (CR-30),,0,40.42970556,-88.98707222,0,15,0,0,1,1,0,1,2,1,0,1,0,0000000,18,41,99,99,99,99,0,0,0,2,0
17,170757,2,2,0,0,0,4,4,197,4001,27,11,2014,5,12,54,1,13,3,SR-7  (159TH ST),CEDAR,0,41.59891944,-87.97786667,0,12,6,0,4,1,0,1,1,4,0,4,0,0000000,12,54,99,99,99,99,0,0,0,1,0
17,170758,2,2,0,0,0,2,2,197,0,28,11,2014,6,16,34,1,2,5,PEOTONE RD  (CR-25),OLD CHICAGO RD  (CR-7),0,41.32118056,-88.07457222,0,12,6,0,2,2,0,1,1,1,0,1,0,0000000,16,34,99,99,99,99,0,0,0,1,1
17,170759,1,1,0,1,1,2,2,143,6860,13,11,2014,5,17,43,1,13,2,US-150 (WAR MEMORIAL DR),ILLINOIS AVE,873,40.73198611,-89.58149722,0,9,0,0,2,2,0,1,3,1,0,1,0,0000000,17,43,99,99,99,99,0,0,0,1,0
17,170760,1,1,0,0,0,1,1,93,9630,22,11,2014,7,2,50,0,14,6,GALENA RD  (CR-9),,0,41.709975,-88.46821944,0,1,0,0,1,1,0,4,2,2,0,2,0,0000000,99,99,99,99,88,88,0,0,0,1,0
17,170761,2,2,0,0,0,3,3,159,0,26,11,2014,4,19,15,0,4,5,WOOD RIVER RD  (CR-1800E),MT PLEASANT LN  (CR-800N),0,38.68778889,-87.96573056,0,12,6,0,2,2,0,1,2,4,0,4,0,0000000,19,15,99,99,99,99,0,0,0,2,0
17,170762,2,2,0,0,0,2,2,31,0,17,11,2014,2,8,10,0,15,6,ELA RD,,0,42.14853889,-88.10194444,0,12,2,0,1,1,0,1,1,1,0,1,0,0000000,8,14,99,99,99,99,0,0,0,1,0
17,170763,1,1,0,1,1,1,1,31,1670,5,7,2014,7,23,45,0,14,6,59TH ST,ASHLAND AVE,0,41.78673333,-87.66439722,0,8,0,0,3,2,0,1,3,1,0,1,0,0000000,23,45,99,99,88,88,0,0,0,1,0
17,170764,3,3,0,0,0,4,4,119,0,2,11,2014,1,19,1,0,3,2,US-40,TRIAD RD,0,38.71611111,-89.81416389,0,12,6,0,2,2,0,1,2,1,0,1,0,0000000,19,1,99,99,99,99,0,0,0,1,0
17,170765,1,1,0,0,0,1,1,193,0,2,12,2014,3,7,45,0,4,4,CR-1 (1125E),,0,38.15417222,-88.16333056,0,42,0,0,1,1,0,4,1,2,0,2,0,0000000,7,57,99,99,88,88,0,0,0,1,0
17,170766,1,1,0,0,0,1,1,15,0,28,9,2014,1,15,46,0,5,3,SR-78,OLD GALENA TR,1845,42.13630278,-89.99438889,0,32,0,0,3,4,0,4,1,1,0,1,0,0000000,15,46,99,99,99,99,0,0,0,1,0
17,170767,1,1,0,0,0,1,1,201,9450,3,12,2014,4,9,14,0,6,5,ALWORTH RD (CR-16),,0,42.24356667,-89.24597222,0,10,0,0,6,1,0,1,1,1,0,1,0,290100C,9,14,99,99,88,88,0,0,0,1,0
17,170768,1,1,0,1,1,1,1,31,1670,19,4,2014,7,6,35,1,13,3,SR-64 (NORTH AVE),I-94 E/B RAMP,1363,41.91066944,-87.66589167,0,8,0,0,3,2,0,1,1,1,0,1,0,0000000,99,99,99,99,88,88,19,0,0,1,0
17,170769,3,3,0,0,0,5,5,179,0,19,9,2014,6,18,45,0,6,5,HARDING RD,,0,40.628225,-89.41686111,0,12,1,0,6,1,0,1,1,1,0,1,0,475117V,18,45,99,99,99,99,0,0,0,1,0
17,170770,1,1,0,0,0,3,3,81,0,19,11,2014,4,23,34,0,4,3,SR-37  (MAIN ST),,0,38.45362778,-88.94088611,0,1,0,0,1,1,0,5,2,1,0,1,0,0000000,23,34,99,99,99,99,0,0,0,1,1
17,170771,1,1,0,1,1,1,1,81,0,20,11,2014,5,4,2,1,1,1,I-64,,701,38.36006389,-89.01099444,0,8,0,0,1,1,0,1,2,1,0,1,0,0000000,4,2,99,98,88,88,23,0,0,1,0
17,170772,2,2,0,0,0,2,2,89,7640,28,11,2014,6,14,5,0,14,3,SR-31  (2ND ST),,0,41.92115556,-88.32087222,0,12,2,0,1,1,0,1,1,1,0,1,0,0000000,14,5,99,99,99,99,0,0,0,1,1
17,170773,1,1,0,0,0,1,1,169,0,5,12,2014,6,0,0,0,4,4,CR-5 CR-1150 (LAPRAIRIE RD),,0,40.14269444,-90.80046111,0,35,0,0,1,1,0,4,2,5,0,5,0,0000000,0,15,99,99,88,88,0,0,0,1,1
17,170775,1,1,0,1,1,1,1,31,2870,7,10,2014,3,18,58,0,15,6,LAKE ST,OAK AVE,0,42.04416667,-87.68659722,0,8,0,0,3,2,0,1,1,5,0,5,0,0000000,18,58,99,99,99,99,0,0,0,1,0
17,170776,2,2,0,0,0,3,3,197,887,25,11,2014,3,18,54,0,14,6,JOLIET RD,107TH ST,0,41.69228611,-88.0451,0,12,6,0,2,3,0,1,2,1,0,1,0,0000000,18,56,99,99,99,99,0,0,0,1,0
17,170777,2,2,0,0,0,4,4,115,0,29,11,2014,7,17,58,1,13,3,SR-121 (MT ZION RD),,656,39.7957,-88.87247778,0,12,6,0,8,1,0,1,2,1,0,1,0,0000000,17,58,99,99,99,99,0,0,0,1,0
17,170778,2,2,0,0,0,3,3,43,2440,7,11,2014,6,17,14,1,13,6,75THE ST,FAIRMOUNT AVE,0,41.75127222,-87.99971111,0,12,6,0,2,2,0,1,3,1,0,1,0,0000000,17,14,99,99,99,99,0,0,0,1,0
17,170779,1,1,0,1,1,1,1,197,0,7,12,2014,1,2,19,0,16,7,WEST FRONTAGE RD,,0,41.33926111,-88.19190833,0,9,0,0,1,1,0,1,2,1,0,1,0,0000000,2,19,99,99,99,99,0,0,0,1,0
17,170780,3,3,0,0,0,4,4,197,0,28,11,2014,6,23,11,1,11,1,I-55,,2570,41.58678333,-88.16513333,0,12,7,0,1,1,0,1,2,1,0,1,0,0000000,23,11,99,99,99,99,0,0,0,1,0
17,170781,2,2,0,0,0,2,2,123,0,8,12,2014,2,15,35,0,3,3,SR-18,,0,41.099175,-89.34246667,0,12,2,0,1,1,0,1,1,2,0,2,0,0000000,15,35,99,99,99,99,0,0,0,1,0
17,170782,1,1,0,1,1,1,1,197,4300,7,12,2014,1,1,26,0,15,6,GARDNER ST,,0,41.51495556,-88.07878056,0,8,0,0,1,1,0,1,2,1,0,1,0,0000000,1,26,99,99,99,99,0,0,0,1,0
17,170783,2,2,0,1,1,4,4,43,0,22,11,2014,7,17,9,1,13,3,SR-38 (ROOSEVELT RD),,758,41.85786944,-88.13911111,0,8,0,0,1,1,0,1,2,1,0,1,0,0000000,17,10,99,99,88,88,0,0,0,1,0
17,170784,2,2,0,0,0,2,2,49,0,8,12,2014,2,15,37,0,3,3,SR-33,,227,39.08638056,-88.43738889,0,12,2,0,1,1,0,1,1,2,0,2,0,0000000,15,39,99,99,88,88,0,0,0,1,0
17,170785,2,2,0,0,0,3,3,19,0,6,12,2014,7,16,10,1,2,3,SR-47,,0,40.20354444,-88.39509167,0,12,6,0,4,1,0,1,5,1,0,1,0,0000000,16,10,99,99,99,99,0,0,0,1,0
17,170786,2,2,0,0,0,3,3,43,9180,5,12,2014,6,23,5,1,13,3,SR-59 (NELTNOR BLVD),GARYS MILL RD,245,41.85853333,-88.19485,0,12,6,0,2,3,0,1,2,1,0,1,0,0000000,23,7,99,99,99,99,0,0,0,1,1
17,170788,1,1,0,0,0,1,1,197,1565,10,12,2014,4,19,30,1,11,1,I-55,,2470,41.43897222,-88.19503889,0,1,0,1,19,1,0,3,2,1,0,1,0,0000000,19,32,99,99,99,99,0,0,0,1,0
17,170790,2,2,0,0,0,2,2,143,6850,10,12,2014,4,16,5,1,13,3,SR-40 (KNOXVILLE AVE),DEERBROOK DR,110,40.82345,-89.61340556,0,12,6,0,2,3,0,1,5,1,0,1,0,0000000,16,9,99,99,99,99,0,0,0,1,0
17,170791,1,1,0,0,0,1,1,49,0,1,12,2014,2,5,34,1,13,3,SR-32,,22,39.14772778,-88.57732778,0,52,0,0,1,1,0,4,2,3,0,3,0,0000000,5,34,99,99,99,99,0,0,0,1,0
17,170792,2,1,1,0,0,1,1,43,4940,9,12,2014,3,11,30,0,16,6,BERKSHIRE AVE,,0,41.89848611,-88.01881111,0,38,0,0,1,1,0,5,1,10,0,10,0,0000000,11,30,99,99,99,99,0,0,0,1,0
17,170793,1,1,0,1,1,1,1,31,8030,11,12,2014,5,17,53,1,13,6,TOUHY AVE,CENTRAL RD,0,42.01195556,-87.76730556,0,8,0,0,3,2,0,1,3,1,0,1,0,0000000,17,53,99,99,99,99,0,0,0,1,0
17,170794,2,2,0,0,0,3,3,177,0,24,12,2014,4,10,14,0,15,3,SR-26,WINNESHIEK RD,1274,42.34476111,-89.63271111,0,12,2,0,2,3,0,1,1,1,0,1,0,0000000,10,14,99,99,99,99,0,0,0,1,0
17,170795,2,2,0,0,0,3,3,199,0,10,11,2014,2,15,11,0,15,5,STOTLAR RD (CR-4),,0,37.79388889,-88.97371944,0,12,1,0,1,1,0,1,1,1,0,1,0,0000000,15,11,99,99,99,99,0,0,0,1,0
17,170796,1,1,0,0,0,7,7,143,6850,20,12,2014,7,19,58,0,16,6,DETWEILLER DR,,0,40.79378611,-89.58156667,0,33,0,0,1,1,0,4,2,1,0,1,0,0000000,20,8,99,99,99,99,0,0,0,1,0
17,170798,1,1,0,0,0,1,1,199,0,10,11,2014,2,19,23,0,4,4,CR-15 (PAULTON RD),,0,37.76169167,-88.79894167,0,1,0,0,1,1,0,5,2,1,0,1,0,0000000,19,23,99,99,99,99,0,0,0,1,0
17,170799,2,2,0,0,0,2,2,19,0,2,12,2014,3,17,30,0,6,4,CR-1100E,CR-2750N,0,40.26756389,-88.25132222,0,12,6,0,2,2,0,1,2,1,0,1,0,0000000,17,33,99,99,99,99,0,0,0,1,1
17,170800,1,1,0,1,1,1,1,49,0,26,12,2014,6,21,30,1,2,2,US-45,1375TH ST,0,39.05511111,-88.54329722,0,8,0,0,3,3,0,1,2,1,0,1,0,0000000,21,36,99,99,99,99,0,0,0,1,1
17,170801,1,1,0,0,0,1,1,163,0,19,12,2014,6,16,25,1,2,3,SR-177,,0,38.48887222,-89.77460556,0,34,0,0,1,1,0,4,2,1,0,1,0,0000000,16,30,99,99,99,99,0,0,0,1,0
17,170802,2,2,0,0,0,2,2,127,0,5,12,2014,6,17,5,1,1,2,US-45,I-24,0,37.16150278,-88.68515,0,12,6,1,2,2,0,1,3,2,0,2,0,0000000,17,16,99,99,99,99,0,0,0,1,0
17,170803,1,1,0,1,1,2,2,31,6610,25,12,2014,5,19,27,0,15,6,104TH AVE,SAN LUIS LN,0,41.57220833,-87.87121389,0,8,0,0,3,3,0,1,2,1,0,1,0,0000000,19,27,99,99,99,99,0,0,0,1,0
17,170804,1,1,0,0,0,4,4,115,0,13,12,2014,7,3,54,0,6,5,OCEAN TRAIL RD,70TH ST,0,39.82050556,-88.84046111,0,1,0,0,3,2,0,4,2,1,0,1,0,0000000,3,54,99,99,99,99,0,0,0,1,0
17,170805,1,1,0,0,0,1,1,163,670,12,12,2014,6,18,22,1,13,3,SR-15,,0,38.51521389,-90.02164167,0,42,0,0,1,1,0,4,2,1,0,1,0,0000000,18,28,99,99,88,88,0,0,0,1,0
17,170806,3,3,0,0,0,3,3,31,0,11,12,2014,5,19,0,1,11,1,I-57,,3537,41.67033889,-87.66245833,0,12,7,0,1,1,0,1,2,1,0,1,0,0000000,19,2,99,99,99,99,0,0,0,1,0
17,170807,2,2,0,0,0,3,3,181,0,11,12,2014,5,12,57,1,2,3,SR-146,,0,37.44330556,-89.10369167,0,12,2,0,1,1,0,1,1,1,0,1,0,0000000,12,57,99,99,99,99,0,0,0,2,0
17,170809,2,2,0,0,0,2,2,163,0,21,12,2014,1,12,13,1,11,1,I-255,SR-3 TO I-255 RAMP,61,38.52541389,-90.19890278,0,12,6,1,5,1,0,1,1,1,0,1,0,0000000,12,13,99,99,99,99,0,0,0,1,0
17,170810,1,1,0,1,1,1,1,97,9100,14,12,2014,1,23,41,0,16,6,BUTRICK ST,TAMARA CT,0,42.366075,-87.84829167,0,8,0,0,2,3,0,1,3,2,0,2,0,0000000,23,42,99,99,99,99,0,0,0,1,0
17,170811,2,2,0,0,0,3,3,37,0,20,12,2014,7,11,53,0,6,5,PRATT RD,SANDWICH RD,0,41.66603333,-88.62989722,0,12,6,0,2,2,0,1,1,1,0,1,0,0000000,11,53,99,99,99,99,0,0,0,1,0
17,170812,1,1,0,0,0,1,1,73,0,29,12,2014,2,21,34,0,6,5,ST MARYS RD,2400E,0,41.53436389,-89.97388056,0,34,0,0,3,4,0,4,2,1,0,1,0,0000000,21,34,99,99,88,88,0,0,0,1,1
17,170813,1,1,0,0,0,1,1,157,0,9,12,2014,3,2,19,0,4,3,SR-153,SR-154,1,38.12261667,-89.66691389,0,31,0,0,3,4,0,4,2,1,0,1,0,0000000,2,19,99,99,88,88,0,0,0,1,0
17,170814,1,1,0,0,0,1,1,99,0,24,12,2014,4,6,42,0,4,4,CR-33 (N 33RD RD),,0,41.41169444,-89.04804722,0,32,0,0,1,1,0,4,2,1,0,1,0,0000000,6,42,99,99,88,88,0,0,0,1,1
17,170815,1,1,0,0,0,2,2,163,2610,22,11,2014,7,1,16,0,14,6,RIVER PARK DR,,0,38.62781944,-90.16514444,0,21,0,0,1,1,0,4,3,1,0,1,0,0000000,1,16,99,99,88,88,0,0,0,2,1
17,170816,1,1,0,0,0,2,2,167,8220,13,10,2014,2,2,20,0,14,6,COOK ST,,0,39.79474167,-89.60904167,0,5,0,0,1,1,0,1,3,10,0,10,0,0000000,2,23,99,99,2,27,0,0,0,1,0
17,170817,1,1,0,0,0,1,1,99,0,19,11,2014,4,2,42,1,1,1,I-39,,662,41.46086111,-89.05021944,0,1,0,0,1,1,0,4,2,1,0,1,0,0000000,2,42,99,99,88,88,0,0,0,1,1
17,170818,1,1,0,0,0,2,2,73,4450,20,11,2014,5,17,1,0,13,3,SR-81 (6TH ST),,247,41.24930556,-89.944825,0,33,0,0,1,1,0,4,2,10,0,10,0,0000000,17,1,99,99,99,99,20,0,0,1,0
17,170819,1,1,0,0,0,3,3,91,0,6,12,2014,7,20,20,1,13,3,SR-17,SKYLINE RD,1867,41.11905556,-87.79733333,0,1,0,0,3,2,0,10,3,1,0,1,0,0000000,20,20,99,99,99,99,0,0,0,1,0
17,170820,1,1,0,0,0,1,1,31,1670,26,12,2014,6,14,48,1,12,1,I-90 (KENNEDY EXPWY),,508,41.88658333,-87.64620833,0,25,0,0,1,1,0,3,1,1,0,1,0,0000000,14,51,99,99,99,99,0,0,0,1,1
17,170821,1,1,0,0,0,1,1,31,8120,21,12,2014,1,4,0,0,14,6,STATE ST,,0,41.60643611,-87.61706111,0,33,0,0,1,1,0,4,3,1,0,1,0,0000000,4,3,99,98,88,88,0,0,0,1,0
17,170822,1,1,0,1,1,1,1,31,6280,11,12,2014,5,17,47,0,14,6,SANDERS RD,DANA CT,0,42.13636944,-87.88087222,0,8,0,0,3,3,0,1,2,1,0,1,0,0000000,17,47,99,99,99,99,0,0,0,1,0
17,170823,2,2,0,0,0,2,2,199,0,29,10,2014,4,19,19,0,4,3,SR-37,,0,37.67419167,-88.94175278,0,12,6,0,1,1,0,1,2,1,0,1,0,0000000,19,19,99,99,99,99,0,0,0,1,0
17,170824,2,2,0,0,0,2,2,31,1260,26,6,2014,5,12,49,0,14,6,BURNHAM,,0,41.60818333,-87.53951944,0,12,6,0,1,1,0,1,1,1,0,1,0,0000000,12,49,99,99,99,99,0,0,0,1,0
17,170825,1,1,0,0,0,1,1,31,540,7,11,2014,6,20,1,0,16,6,NAPERVILLE RD,,0,41.98841111,-88.21096389,0,42,0,0,1,1,0,4,2,10,0,10,0,0000000,20,1,99,99,88,88,0,0,0,1,1
17,170826,2,2,0,0,0,9,9,31,3790,31,10,2014,6,20,56,0,14,6,WOOD ST,151ST ST,0,41.61543611,-87.66081111,0,12,1,0,3,2,0,1,3,2,0,2,0,0000000,20,59,99,99,99,99,0,0,0,1,1
17,170827,1,1,0,0,0,1,1,113,0,23,11,2014,1,18,0,0,4,5,1200E,,0,40.64686389,-89.04493056,0,3,0,0,1,1,0,5,2,5,0,5,0,0000000,9,40,99,98,88,88,18,0,0,1,0
17,170829,1,1,0,0,0,1,1,105,0,12,12,2014,6,15,13,0,4,4,CR-6 (2150E),,0,40.79666389,-88.517,0,34,0,0,1,1,0,4,1,1,0,1,0,0000000,15,13,99,99,99,99,0,0,0,1,0
17,170830,2,2,0,1,1,4,4,31,1680,25,12,2014,5,18,54,0,14,6,WESTERN,,0,41.50555,-87.67434167,0,8,0,0,1,1,0,1,3,1,0,1,0,0000000,18,54,99,99,88,88,0,0,0,1,0
17,170831,1,1,0,1,1,1,1,43,5980,9,11,2014,1,20,15,0,14,6,RICKERT DR,BOOK RD,0,41.75072222,-88.18556111,0,8,0,0,2,2,0,1,3,1,0,1,0,0000000,20,13,99,99,99,99,0,0,0,1,0
17,170832,2,1,1,0,1,1,2,95,3260,24,11,2014,2,14,0,1,11,1,I-74,,480,40.94793333,-90.33335556,0,14,0,0,1,1,0,2,1,4,0,4,0,0000000,14,0,99,99,99,99,0,0,0,1,0
17,170833,1,1,0,3,3,1,1,97,3920,16,11,2014,1,19,22,0,16,6,GREEN BAY RD,,0,42.20075556,-87.80900833,0,8,0,0,1,1,0,1,3,1,0,1,0,0000000,19,22,99,99,99,99,0,0,0,1,0
17,170834,4,3,1,0,0,4,4,97,0,25,11,2014,3,9,31,1,2,3,SR-120 (BELVIDERE RD),,184,42.32517222,-88.18055556,0,12,8,0,1,1,0,1,1,1,0,1,0,0000000,9,32,99,99,99,99,14,0,0,1,0
17,170835,1,1,0,1,1,1,1,93,0,26,11,2014,4,20,42,1,13,2,US-34  (CHURCH ST),,0,41.64768056,-88.59824444,0,8,0,0,1,1,0,1,2,1,0,1,0,0000000,20,42,99,99,99,99,0,0,0,1,0
17,170836,2,2,0,0,0,3,3,93,9997,11,12,2014,5,8,15,0,14,4,CR-22 (PLAINFIELD RD),,0,41.62425278,-88.26826944,0,12,2,0,1,1,0,1,1,1,0,1,0,0000000,8,15,99,99,99,99,0,0,0,1,0
17,170837,2,2,0,0,0,6,6,81,0,14,12,2014,1,14,10,0,3,3,SR-15,,736,38.31081389,-88.99748889,0,12,2,0,1,1,0,1,1,1,0,1,0,0000000,14,10,99,99,99,99,0,0,0,1,0
17,170838,3,3,0,0,0,3,3,55,0,12,12,2014,6,20,0,0,4,3,SR-37,,0,37.95337778,-88.92891944,0,12,2,0,1,1,0,1,2,1,0,1,0,0000000,20,0,99,99,99,99,0,0,0,2,1
17,170839,2,2,0,0,0,2,2,199,0,29,11,2014,7,14,15,1,13,3,SR-13  (REFUGE RD),SR-148  (DEYOUNG ST),0,37.74499167,-89.02160833,0,12,6,0,2,2,0,1,1,1,0,1,0,0000000,14,15,99,99,99,99,0,0,0,1,0
17,170840,2,2,0,0,0,3,3,173,7920,15,12,2014,2,14,0,1,13,3,SR-16  (MAIN ST),LODGE ST,0,39.40662222,-88.79955833,0,12,6,0,2,3,0,1,1,2,0,2,0,0000000,14,4,99,99,99,99,0,0,0,1,0
17,170841,1,1,0,0,0,1,1,31,700,21,12,2014,1,7,55,0,14,6,25TH AVE,,0,41.88978889,-87.86388333,0,30,0,0,1,1,1,4,1,1,0,1,0,0000000,7,20,99,99,99,99,0,0,0,1,1
17,170842,3,3,0,0,0,7,7,31,1670,22,12,2014,2,2,40,1,13,2,US-41 (LAKE SHORE DRIVE),,0,41.82514167,-87.60018333,0,12,8,0,1,1,0,1,3,1,0,1,0,0000000,2,43,99,99,99,99,0,0,0,1,1
17,170843,2,2,0,0,0,2,2,31,0,24,12,2014,4,9,20,0,3,5,167TH ST,LOCKWOOD AVE,0,41.58850833,-87.7476,0,12,6,0,2,3,0,1,1,2,0,2,0,0000000,9,24,99,99,99,99,0,0,0,1,1