STATE,ST_CASE,VE_TOTAL,VE_FORMS,PVH_INVL,PEDS,PERNOTMVIT,PERMVIT,PERSONS,COUNTY,CITY,DAY,MONTH,YEAR,DAY_WEEK,HOUR,MINUTE,NHS,ROAD_FNC,ROUTE,TWAY_ID,TWAY_ID2,MILEPT,LATITUDE,LONGITUD,SP_JUR,HARM_EV,MAN_COLL,RELJCT1,RELJCT2,TYP_INT,WRK_ZONE,REL_ROAD,LGT_COND,WEATHER1,WEATHER2,WEATHER,SCH_BUS,RAIL,NOT_HOUR,NOT_MIN,ARR_HOUR,ARR_MIN,HOSP_HR,HOSP_MN,CF1,CF2,CF3,FATALS,DRUNK_DR
17,170844,2,2,0,0,0,5,5,31,0,25,12,2014,5,18,13,0,3,5,SANDERS RD,MISSION HILLS RD,0,42.12315556,-87.87881111,0,12,6,0,2,3,0,1,3,1,0,1,0,0000000,18,14,99,99,99,99,0,0,0,2,0
17,170845,1,1,0,0,0,1,1,113,0,28,12,2014,1,22,52,0,4,4,CR-32 (1000N),,0,40.42856944,-89.15776944,0,53,0,0,1,1,0,4,2,1,0,1,0,0000000,22,52,99,99,88,88,0,0,0,1,1
17,170846,1,1,0,1,1,2,2,31,1670,8,12,2014,2,19,37,0,15,6,DIVISION ST,,0,41.90335,-87.66769444,0,8,0,0,8,1,0,1,3,5,0,5,0,0000000,19,46,99,99,99,99,0,0,0,1,0
17,170847,1,1,0,0,0,1,1,157,0,11,12,2014,5,13,32,0,4,3,SR-153,CITY LAKE RD,0,38.20151389,-89.61058889,0,34,0,0,3,3,0,4,1,1,0,1,0,0000000,13,32,99,99,99,99,0,0,0,1,0
17,170848,3,2,1,0,0,7,7,31,1670,7,12,2014,1,3,27,0,16,6,WEBSTER AVE,,0,41.92153889,-87.66888889,0,12,2,0,1,1,0,1,3,1,0,1,0,0000000,3,27,99,99,99,99,0,0,0,2,1
17,170849,1,1,0,0,0,1,1,61,0,5,12,2014,6,21,36,0,6,5,CEMETARY RD (CR-1525N),,0,39.33914444,-90.43627778,0,30,0,0,1,1,0,4,2,2,0,2,0,0000000,21,36,99,99,99,99,0,0,0,1,1
17,170850,2,2,0,0,0,3,3,85,2540,17,11,2014,2,2,29,1,13,2,US-20  (SR-35) ULYSSES S GRANT,,0,42.49161111,-90.642275,0,12,2,0,1,1,0,1,3,1,0,1,0,0000000,2,29,99,99,99,99,0,0,0,1,1
17,170851,2,2,0,0,0,4,4,19,8770,9,12,2014,3,15,47,1,13,2,US-45 (US-150)(UNIVERSITY AVE),MCCULLOUGH ST,0,40.11649444,-88.21281944,0,12,6,0,2,2,0,1,1,1,0,1,0,0000000,15,47,99,99,99,99,0,0,0,1,0
17,170852,1,1,0,0,0,1,1,133,0,17,12,2014,4,15,31,0,3,4,CR-6 (BLUFF RD),,0,38.44446111,-90.23205,0,24,0,0,1,1,0,4,1,1,0,1,0,0000000,15,31,99,99,88,88,0,0,0,1,1
17,170853,2,1,1,1,1,1,1,97,6290,29,12,2014,2,22,4,1,13,2,US-41 (SKOKIE HWY),,485,42.29356667,-87.87571389,0,8,0,0,1,1,0,1,2,1,0,1,0,0000000,22,4,99,99,99,99,19,0,0,1,0
17,170854,2,2,0,0,0,2,2,189,5990,19,12,2014,6,6,48,1,2,3,SR-127,,0,38.37224722,-89.37102778,0,12,8,0,1,1,0,1,1,1,0,1,0,0000000,6,48,99,99,88,88,0,0,0,1,0
17,170855,1,1,0,0,0,2,2,163,670,25,10,2014,7,20,23,0,16,6,FREEDOM DR,,0,38.53808611,-90.02903056,0,5,0,0,1,1,0,1,3,1,0,1,0,0000000,20,24,99,99,99,99,0,0,0,1,0
17,170856,1,1,0,1,1,1,1,141,0,1,11,2014,7,18,25,0,6,5,LIGHTSVILLE RD,,0,42.15721667,-89.53535,0,8,0,0,1,1,0,1,2,1,0,1,0,0000000,18,25,99,99,99,99,0,0,0,1,0
17,170857,2,2,0,0,0,3,3,51,8800,25,9,2014,5,12,35,0,13,2,US-40 (RANDOLPH ST,US-40 (MATTES AVE),649,38.96709722,-89.13042778,0,12,6,0,2,2,0,1,1,1,0,1,0,0000000,12,35,99,99,99,99,0,0,0,1,0
17,170858,1,1,0,1,1,1,1,31,6740,12,8,2014,3,10,16,0,14,6,DEVON AVE,FAIRVIEW AVE,0,41.99653611,-87.83391111,0,8,0,0,2,2,0,1,1,10,0,10,0,0000000,10,16,99,99,88,88,0,0,0,1,0
17,170859,1,1,0,1,1,1,1,31,9300,14,9,2014,1,5,42,1,13,3,SR-83 (MCHENRY RD),,650,42.15050278,-87.95288889,0,8,0,0,1,1,0,1,2,1,0,1,0,0000000,6,26,99,99,99,99,20,0,0,1,0
17,170860,1,1,0,1,1,4,4,113,840,11,11,2014,3,15,38,0,16,6,MONROE ST,OAK ST,0,40.48118889,-88.99867778,0,9,0,0,3,2,0,1,1,10,0,10,0,0000000,15,38,99,99,99,99,0,0,0,1,0
17,170861,1,1,0,0,0,2,2,89,2690,17,6,2014,3,18,52,0,15,6,LAWRENCE AVE,,0,42.04033056,-88.29407778,0,42,0,0,1,1,0,4,1,1,0,1,0,0000000,18,52,99,99,99,99,0,0,0,1,0
17,170862,2,2,0,0,0,4,4,97,0,15,8,2014,6,5,46,1,2,2,US-41 (SKOKIE HWY),STEARNS SCHOOL RD,0,42.39290278,-87.92665833,0,12,2,0,2,3,0,1,1,1,0,1,0,0000000,5,46,99,99,99,99,0,0,0,1,0
17,170863,2,1,1,1,1,1,1,31,1670,30,10,2014,5,5,37,1,13,2,US-12 (US-45) (MANNHEIM RD),,483,41.97133056,-87.87734167,0,8,0,0,1,1,1,1,3,1,0,1,0,0000000,5,37,99,99,99,99,0,0,0,1,0
17,170864,2,1,1,0,0,2,2,31,1670,11,10,2014,7,13,0,0,15,6,SOUTH CHICAGO AVE,,0,41.74672778,-87.57894167,0,33,0,0,1,1,0,4,1,1,0,1,0,0000000,13,15,99,99,99,99,0,0,0,1,1
17,170865,3,2,1,0,0,3,3,31,1670,21,10,2014,3,21,20,0,14,6,MLK JR DR,71ST,0,41.765725,-87.61526111,0,12,6,0,2,2,0,1,2,1,0,1,0,0000000,21,20,99,99,99,99,20,0,0,1,0
17,170866,3,3,0,1,1,3,3,31,1670,4,11,2014,3,18,45,0,14,6,BELMONT,AUSTIN,0,41.93844167,-87.77618889,0,12,6,0,2,2,0,1,3,1,0,1,0,0000000,18,39,99,99,99,99,0,0,0,1,1
17,170867,1,1,0,0,0,1,1,31,1670,17,11,2014,2,14,0,0,14,6,LAKE ST,,0,41.88700556,-87.7531,0,50,0,0,1,1,0,7,1,1,0,1,0,0000000,14,7,99,99,99,99,0,0,0,1,0
17,170868,2,2,0,0,0,3,3,31,1670,7,12,2014,1,7,51,0,15,6,DIVISION ST,WASHTENAW AVE,0,41.90293611,-87.69450833,0,12,2,0,3,2,0,1,1,1,0,1,0,0000000,9,50,99,99,99,99,0,0,0,1,0
17,170869,3,1,2,1,1,4,4,31,1670,21,12,2014,1,3,10,1,13,6,WESTERN AVE,,0,41.79726944,-87.684125,0,8,0,0,1,1,0,7,3,1,0,1,0,0000000,3,19,99,99,99,99,17,0,0,1,1
17,170870,1,1,0,0,0,1,1,31,1670,17,8,2014,1,13,25,1,13,6,WESTERN,,0,41.74302778,-87.682675,0,30,0,0,1,1,0,4,1,1,0,1,0,0000000,14,43,99,99,99,99,0,0,0,1,0
17,170871,2,2,0,0,0,3,3,31,1670,19,10,2014,1,23,3,0,15,6,OGDEN,PULASKI,0,41.851175,-87.72450556,0,12,2,0,3,2,0,1,3,1,0,1,0,0000000,23,3,99,99,99,99,20,0,0,2,1
17,170872,1,1,0,0,0,1,1,183,0,8,11,2014,7,4,30,1,1,1,I-74,,1985,40.12353056,-87.91745278,0,11,0,0,1,1,0,1,2,1,0,1,0,0000000,9,29,99,99,88,88,0,0,0,1,0
17,170873,1,1,0,0,0,1,1,31,1670,4,12,2014,5,2,6,0,14,6,AVENUE O,,0,41.67766944,-87.54003056,0,30,0,0,1,1,0,4,3,1,0,1,0,0000000,2,6,2,21,88,88,0,0,0,1,1
17,170874,1,1,0,0,0,3,3,31,1670,21,12,2014,1,2,44,0,15,6,CLINTON,ROOSEVELT,0,41.86668056,-87.64699444,0,30,0,0,3,2,0,4,3,1,0,1,0,0000000,2,44,99,99,99,99,0,0,0,2,1
17,170875,2,2,0,0,0,2,2,31,1670,21,12,2014,1,17,55,0,15,6,MILWAUKEE,,0,41.89064167,-87.64674167,0,12,2,0,1,1,0,1,9,1,0,1,0,0000000,17,58,99,99,99,99,0,0,0,1,0
17,170876,2,2,0,0,0,3,3,93,0,2,12,2014,3,14,2,1,13,2,US-34 (CHURCH ST),SANDY BLUFF RD,0,41.64970278,-88.58427778,0,12,6,0,2,2,0,1,1,1,0,1,0,0000000,99,99,99,99,99,99,0,0,0,1,0
17,170878,1,1,0,0,0,5,5,97,3670,31,12,2014,4,17,40,0,16,6,RAVINIA DR,,0,42.37404167,-87.99501667,0,42,0,0,1,1,0,4,3,1,0,1,0,0000000,17,43,99,99,99,99,0,0,0,1,0
17,170879,2,2,0,0,0,3,3,97,0,13,11,2014,5,15,50,1,13,3,SR-173,,514,42.47908333,-88.13322778,0,12,6,0,1,1,0,1,1,1,0,1,0,0000000,15,50,99,99,99,99,0,0,0,1,0
17,170880,2,2,0,0,0,5,5,31,1670,28,11,2014,6,15,0,1,13,2,US-41 (LAKESHORE DR),BALBO,138,41.87313056,-87.61705833,0,12,6,0,3,3,0,1,1,1,0,1,0,0000000,15,15,99,99,99,99,0,0,0,1,0
17,170881,2,2,0,0,0,3,3,31,1670,21,12,2014,1,21,44,0,15,6,JEFFREY BLVD,92ND ST,0,41.72795,-87.57551111,0,12,1,0,2,2,0,1,3,1,0,1,0,0000000,23,44,99,99,99,99,20,0,0,1,1
18,180001,1,1,0,0,0,1,1,133,260,1,1,2014,4,4,19,0,3,2,US-36,,0,39.760925,-86.78705833,0,35,0,0,1,1,0,4,2,1,0,1,0,0000000,99,99,99,99,88,88,0,0,0,1,1
18,180002,1,1,0,0,0,2,2,159,4860,1,1,2014,4,23,21,0,4,3,SR-19,,0,40.24045,-86.04121389,0,34,0,0,1,1,0,4,2,4,0,4,0,0000000,99,99,99,99,99,99,0,0,0,1,0
18,180003,2,2,0,0,0,3,3,43,1939,2,1,2014,5,11,17,0,3,2,US-150,,0,38.38506389,-86.03249167,0,12,6,0,1,1,0,1,1,4,0,4,0,0000000,99,99,99,99,99,99,0,0,0,1,0
18,180004,2,2,0,0,0,4,4,73,1206,3,1,2014,6,20,45,0,3,2,US-231,15TH AVE,0,41.21722778,-87.19896667,0,12,6,0,2,2,0,1,3,1,0,1,0,0000000,99,99,99,99,99,99,0,0,0,1,1
18,180005,1,1,0,0,0,1,1,95,140,4,1,2014,7,12,55,0,16,5,BROWN ST,23RD ST,0,40.09345,-85.68241389,0,33,0,0,3,3,0,4,1,10,0,10,0,0000000,13,1,13,4,99,99,0,0,0,1,0
18,180006,2,2,0,0,0,2,2,65,1280,5,1,2014,1,17,40,0,4,2,US-40,SR-3,0,39.80245556,-85.43431389,0,12,6,0,2,2,0,1,5,11,0,11,0,0000000,99,99,99,99,99,99,0,0,0,1,0
18,180007,1,1,0,0,0,2,2,19,2270,6,1,2014,2,23,26,0,14,5,MIDDLE RD,,0,38.31933056,-85.69440278,0,53,0,0,1,1,0,4,2,1,0,1,0,0000000,99,99,99,99,99,99,0,0,0,1,0
18,180008,1,1,0,0,0,3,3,137,3030,5,1,2014,1,3,15,0,2,3,SR-129,,0,39.06334444,-85.19440556,0,34,0,0,1,1,0,4,2,1,0,1,0,0000000,99,99,99,99,99,99,0,0,0,1,1
18,180009,2,1,1,0,0,1,1,53,4790,7,1,2014,3,19,45,0,6,5,ADAMS ST,,0,40.50190833,-85.82623056,0,14,0,0,1,1,0,4,2,4,0,4,0,0000000,99,99,99,99,88,88,0,0,0,1,0
18,180010,2,2,0,0,0,19,19,91,2570,1,1,2014,4,15,16,0,3,2,US-20,,0,41.66968889,-86.61005556,0,12,6,0,1,1,0,1,1,4,0,4,0,0000000,99,99,99,99,99,99,0,0,0,1,0
18,180011,2,2,0,0,0,2,2,99,4010,3,1,2014,6,11,5,1,2,2,US-31,,0,41.369375,-86.27893611,0,12,6,0,7,1,0,1,1,1,0,1,0,0000000,11,10,11,40,99,99,0,0,0,1,0
18,180013,1,1,0,0,0,4,4,123,680,2,1,2014,5,0,12,0,4,3,SR-66,,0,37.90251944,-86.70336944,0,31,0,0,1,1,0,4,2,2,0,2,0,0000000,99,99,99,99,99,99,0,0,0,2,0
18,180014,1,1,0,0,0,1,1,39,3010,13,1,2014,2,22,13,0,6,4,CR-37,,0,41.55642222,-85.71275833,0,42,0,0,1,1,0,5,2,1,0,1,0,0000000,22,26,22,59,99,99,0,0,0,1,1
18,180015,1,1,0,1,1,2,2,89,2010,9,1,2014,5,23,50,1,11,1,I-90,,19,41.67568611,-87.52238611,0,8,0,0,1,1,0,1,2,10,0,10,0,0000000,99,99,99,99,88,88,23,0,0,1,0
18,180016,2,2,0,0,0,3,3,89,2760,16,1,2014,5,10,27,0,3,3,SR-2,,0,41.28952222,-87.29340833,0,12,6,0,1,1,0,1,1,12,0,12,0,0000000,10,27,10,38,99,99,0,0,0,2,0
18,180017,1,1,0,1,1,1,1,39,1410,17,1,2014,6,18,33,0,13,2,US-33,,0,41.64040556,-85.926375,0,8,0,0,1,1,0,1,2,4,0,4,0,0000000,99,99,99,99,99,99,0,0,0,1,0
18,180018,2,2,0,0,0,2,2,141,4580,18,1,2014,7,22,2,0,3,2,US-20,,0,41.713175,-86.35763333,0,12,2,0,1,1,0,1,2,10,0,10,0,0000000,99,99,99,99,99,99,0,0,0,1,1
18,180019,2,2,0,0,0,2,2,15,1200,18,1,2014,7,19,55,0,3,3,SR-39,,0,40.48509444,-86.63858611,0,12,2,0,1,1,0,1,2,4,0,4,0,0000000,23,7,23,16,99,99,0,0,0,1,0
18,180020,1,1,0,0,0,2,2,183,840,16,1,2014,5,11,0,0,4,3,SR-205,,0,41.2178,-85.34318056,0,1,0,0,1,1,0,4,1,4,0,4,0,0000000,99,99,99,99,99,99,0,0,0,1,0
18,180021,3,3,0,0,0,3,3,33,220,21,1,2014,3,10,14,0,3,4,CR-50,CR-427,0,41.34343889,-85.06418056,0,12,6,0,3,3,0,1,1,10,0,10,0,0000000,99,99,99,99,99,99,0,0,0,1,0
18,180022,2,2,0,0,0,4,4,113,250,22,1,2014,4,20,50,0,4,3,SR-205,,0,41.26508056,-85.24875,0,12,6,0,1,1,0,1,2,11,0,11,0,0000000,99,99,99,99,99,99,0,0,0,1,0
18,180023,3,3,0,0,0,3,3,55,4800,22,1,2014,4,6,15,0,3,3,SR-54,,0,39.03812778,-87.08965833,0,12,1,0,1,1,0,1,2,1,0,1,0,0000000,99,99,99,99,99,99,0,0,0,1,1
18,180024,2,2,0,0,0,4,4,163,1480,26,1,2014,1,9,15,1,2,2,US-41,RUSHER CREEK RD,0,38.15758889,-87.55035833,0,12,1,0,2,2,0,1,1,1,0,1,0,0000000,9,17,9,27,99,99,0,0,0,1,0
18,180025,6,6,0,1,1,5,5,133,950,16,1,2014,5,9,20,1,1,1,I-70,,300,39.48656111,-86.99907222,0,12,1,0,1,1,0,1,1,4,0,4,0,0000000,8,40,8,48,99,99,19,0,0,1,0
18,180026,1,1,0,0,0,1,1,13,3390,23,1,2014,5,11,36,0,4,4,CR-PEOGA RD,,0,39.335375,-86.185275,0,42,0,0,1,1,0,4,1,10,0,10,0,0000000,99,99,99,99,88,88,0,0,0,1,0
18,180027,1,1,0,0,0,2,2,59,1890,16,1,2014,5,11,22,1,11,1,I-70,,1028,39.82070278,-85.78520833,0,1,0,0,1,1,0,3,1,4,0,4,0,0000000,99,99,99,99,99,99,19,0,0,1,0
18,180028,2,2,0,0,0,4,4,105,1420,25,1,2014,7,12,18,0,2,3,SR-46,,0,39.252175,-86.65362778,0,12,2,0,1,1,0,1,1,10,0,10,0,0000000,99,99,99,99,99,99,0,0,0,1,0
18,180029,1,1,0,0,0,5,5,37,2180,17,1,2014,6,23,47,0,6,4,CR-400,,0,38.32064444,-86.969125,0,1,0,0,1,1,0,4,2,1,0,1,0,0000000,99,99,99,99,99,99,0,0,0,1,1
18,180030,2,2,0,0,0,2,2,177,640,25,1,2014,7,18,5,1,1,1,I-70,,1410,39.85311944,-85.07478333,0,12,2,0,1,1,0,1,1,10,0,10,0,0000000,99,99,99,99,99,99,0,0,0,1,0
18,180031,1,1,0,0,0,1,1,153,4750,28,1,2014,3,20,16,0,4,4,CR-200 W,,0,39.1251,-87.44638333,0,1,0,0,1,1,0,4,2,1,0,1,0,0000000,99,99,99,99,88,88,0,0,0,1,1
18,180032,2,2,0,0,0,3,3,31,1910,1,2,2014,7,23,16,1,1,1,I-74,,1390,39.33335,-85.39474722,0,12,7,0,1,1,0,1,2,2,0,2,0,0000000,99,99,99,99,99,99,0,0,0,1,0
18,180033,1,1,0,0,0,1,1,81,5270,1,2,2014,7,1,30,0,4,4,CR-600,CR-200,0,39.56536667,-86.06208056,0,42,0,0,3,3,0,4,2,3,0,3,0,0000000,99,99,99,99,99,99,0,0,0,1,1
18,180034,2,2,0,0,0,2,2,91,2990,3,2,2014,2,14,35,0,15,4,CR-JOHNSON RD,CR-350,0,41.65798333,-86.82038889,0,12,2,0,3,4,0,1,1,1,0,1,0,0000000,99,99,99,99,99,99,0,0,0,1,0
18,180035,2,2,0,0,0,2,2,65,3450,6,2,2014,5,15,30,0,3,3,SR-103,CR-300,0,39.88761389,-85.35505556,0,12,6,0,2,2,0,1,1,1,0,1,0,0000000,99,99,99,99,99,99,0,0,0,1,0
18,180036,2,2,0,0,0,3,3,97,2210,1,1,2014,4,2,0,0,13,5,KENTUCKY AVE,RAYMOND ST,0,39.73528889,-86.19848889,0,12,6,0,2,2,0,1,2,1,0,1,0,0000000,2,1,2,8,99,99,0,0,0,1,1
18,180037,2,2,0,0,0,3,3,97,2210,5,2,2014,4,11,40,0,15,5,E 65TH ST,ALLISONVILLE RD,0,39.87585556,-86.09322778,0,12,6,0,2,2,0,1,1,1,0,1,0,0000000,99,99,99,99,99,99,0,0,0,1,0
18,180038,2,2,0,0,0,2,2,93,300,10,2,2014,2,6,54,0,4,3,SR-37,29TH ST,0,38.84624167,-86.51586667,0,12,1,0,2,2,0,1,2,1,0,1,0,0000000,6,58,7,3,99,99,0,0,0,1,0
18,180039,1,1,0,1,1,1,1,63,251,5,2,2014,4,22,7,0,14,2,US-36 E,,0,39.76364722,-86.34784167,0,8,0,0,1,1,0,4,2,4,0,4,0,0000000,99,99,99,99,99,99,0,0,0,1,0
18,180040,1,1,0,0,0,1,1,137,280,5,2,2014,4,12,15,1,1,1,I-74 E,,1533,39.28024167,-85.12076944,0,57,0,0,1,1,0,3,1,4,0,4,0,0000000,99,99,99,99,99,99,0,0,0,1,0
18,180041,2,2,0,0,0,2,2,67,2430,15,2,2014,7,19,27,0,14,5,BOULEVARD ST,PARK RD,0,40.46191111,-86.14597222,0,12,6,0,2,2,0,1,3,10,0,10,0,0000000,99,99,99,99,99,99,0,0,0,1,1
18,180042,1,1,0,0,0,1,1,93,3750,14,2,2014,6,5,45,0,4,3,SR-58,,0,38.91041389,-86.65523056,0,42,0,0,1,1,0,4,2,1,0,1,0,0000000,99,99,99,99,88,88,0,0,0,1,0
18,180043,2,2,0,0,0,2,2,19,800,17,2,2014,2,14,25,0,2,4,CR-403,BALMER DR,0,38.44299444,-85.68918056,0,12,2,0,3,3,0,1,1,2,0,2,0,0000000,99,99,99,99,88,88,0,0,0,1,0
18,180044,40,40,0,0,0,53,53,91,2990,23,1,2014,5,14,21,1,1,1,I-94,,363,41.66485556,-86.86428611,0,12,6,0,1,1,0,1,1,4,0,4,0,0000000,99,99,99,99,99,99,19,23,0,3,0
18,180045,1,1,0,0,0,2,2,81,1650,19,2,2014,4,14,6,0,5,4,CR-300,,0,39.43225,-86.12975,0,30,0,0,1,1,0,4,1,1,0,1,0,0000000,99,99,99,99,99,99,0,0,0,1,1
18,180046,2,2,0,0,0,2,2,47,550,2,2,2014,1,8,40,0,5,4,CR-BATH RD,,0,39.50873056,-84.84190833,0,12,6,0,1,1,0,1,1,10,0,10,0,0000000,99,99,99,99,99,99,0,0,0,1,0
18,180047,2,2,0,0,0,2,2,105,380,19,2,2014,4,7,32,0,2,3,SR-46,,0,39.15140278,-86.40373611,0,12,6,0,1,1,0,1,4,1,0,1,0,0000000,99,99,99,99,99,99,0,0,0,1,0
18,180048,2,2,0,0,0,3,3,169,5040,13,2,2014,5,17,20,0,3,3,SR-13,,0,40.75655833,-85.80942778,0,12,2,0,1,1,0,1,1,1,0,1,0,0000000,99,99,99,99,99,99,0,0,0,1,0
18,180049,2,2,0,0,0,3,3,127,2080,16,2,2014,1,20,33,0,3,3,SR-2,CR-700,0,41.38087778,-87.20025833,0,12,2,0,3,4,0,1,2,1,0,1,0,0000000,99,99,99,99,99,99,0,0,0,2,1
18,180050,2,2,0,0,0,2,2,89,1730,3,2,2014,2,1,8,1,11,1,I-80 W,,120,41.56809722,-87.30678056,0,12,1,0,1,1,0,1,3,1,0,1,0,0000000,1,22,1,48,99,99,0,0,0,1,1
18,180051,1,1,0,1,1,1,1,3,1580,22,2,2014,7,6,13,0,13,2,US-27,,0,41.122575,-85.15289167,0,8,0,0,1,1,0,1,2,1,0,1,0,0000000,99,99,99,99,99,99,0,0,0,1,0
18,180052,1,1,0,0,0,1,1,97,2210,19,2,2014,4,21,38,0,14,5,MORRIS ST,,0,39.75028056,-86.21198056,0,40,0,0,1,1,0,4,2,1,0,1,0,0000000,21,41,21,46,99,99,0,0,0,1,0
18,180053,1,1,0,0,0,2,2,127,4960,22,2,2014,7,2,30,0,3,5,JOLIET RD,,0,41.46984722,-87.12344722,0,42,0,0,1,1,0,4,2,1,0,1,0,0000000,99,99,99,99,99,99,0,0,0,1,1
18,180054,2,2,0,0,0,2,2,97,2210,24,2,2014,2,2,59,0,13,5,30TH ST,EMERSON AVE,0,39.80959722,-86.0834,0,12,1,0,3,2,0,1,3,1,0,1,0,0000000,99,99,99,99,99,99,0,0,0,1,0
18,180055,2,2,0,0,0,5,5,105,380,22,2,2014,7,0,46,0,2,3,SR-46,,0,39.25481389,-86.65581389,0,12,2,0,1,1,0,1,2,1,0,1,0,0000000,99,99,99,99,99,99,0,0,0,1,0
18,180056,1,1,0,1,1,1,1,157,2480,18,2,2014,3,20,42,0,13,5,UNION ST,,0,40.42470833,-86.87136389,0,8,0,0,1,1,0,1,2,10,0,10,0,0000000,99,99,99,99,99,99,0,0,0,1,0
18,180057,1,1,0,0,0,1,1,91,2990,12,2,2014,4,11,3,0,3,4,CR- COUNTY LINE RD,CR - 400,0,41.66613611,-86.93229444,0,42,0,0,1,1,0,4,1,1,0,1,0,0000000,99,99,99,99,99,99,0,0,0,1,0
18,180058,1,1,0,0,0,1,1,5,990,2,3,2014,1,2,4,0,13,5,PLAZA DR,,0,39.23184444,-85.92118333,0,42,0,0,1,1,0,4,3,2,0,2,0,0000000,99,99,99,99,88,88,0,0,0,1,0
18,180059,2,2,0,0,0,2,2,27,5120,27,2,2014,5,15,36,0,5,4,CR-350 E,CR-100 N,0,38.669675,-87.10109444,0,12,6,0,2,2,0,1,1,1,0,1,0,0000000,99,99,99,99,99,99,0,0,0,1,0
18,180060,1,1,0,0,0,1,1,173,410,28,2,2014,6,11,26,0,4,4,CR- MAXVILLE RD,,0,38.03979167,-87.18666667,0,35,0,0,1,1,0,4,1,1,0,1,0,0000000,99,99,99,99,99,99,0,0,0,1,0
18,180061,1,1,0,0,0,2,2,89,1100,2,3,2014,1,17,20,0,16,5,CHASE ST,,0,41.45201389,-87.37447222,0,42,0,0,1,1,0,4,5,1,0,1,0,0000000,99,99,99,99,99,99,0,0,0,1,1
18,180062,2,2,0,0,0,2,2,99,440,25,1,2014,7,10,29,0,5,2,US-30,FIR RD,0,41.31363333,-86.15452222,0,12,6,0,2,2,0,1,1,11,0,11,0,0000000,99,99,99,99,88,88,0,0,0,1,0
18,180064,2,2,0,0,0,3,3,155,3900,2,2,2014,1,19,21,0,3,3,SR-156 W,,0,38.82780556,-84.83186111,1,12,2,0,1,1,0,1,2,1,0,1,0,0000000,99,99,99,99,99,99,0,0,0,1,0
18,180065,1,1,0,0,0,1,1,93,300,5,3,2014,4,20,7,1,2,2,US-50 W,BLUE SPRINGS CAVERN RD,0,38.796625,-86.53484444,0,35,0,0,1,1,0,4,2,10,0,10,0,0000000,99,99,99,99,88,88,0,0,0,1,1
18,180066,1,1,0,0,0,1,1,57,5180,27,2,2014,5,22,22,0,4,5,TOWNE RD,,0,40.01523333,-86.20298056,0,38,0,0,1,1,0,4,2,1,0,1,0,0000000,22,38,23,10,99,99,0,0,0,1,0
18,180067,2,2,0,0,0,7,7,97,2210,4,3,2014,3,22,53,1,12,5,38TH ST,,0,39.82389722,-86.22856389,0,12,1,0,1,1,0,1,2,1,0,1,0,0000000,22,58,23,7,99,99,0,0,0,1,0
18,180068,2,2,0,0,0,3,3,17,2730,6,3,2014,5,11,35,0,4,2,US-24,CR-600,0,40.76123333,-86.26148611,0,12,6,0,2,2,0,1,1,1,0,1,0,0000000,99,99,99,99,99,99,0,0,0,1,0
18,180069,1,1,0,1,1,1,1,97,2210,7,3,2014,6,11,59,0,13,5,WASHINGTON ST,SHORTRIDGE RD,0,39.77216111,-86.04034167,0,8,0,0,2,2,0,1,1,1,0,1,0,0000000,12,0,12,5,99,99,0,0,0,1,0
18,180070,1,1,0,1,1,1,1,3,1580,7,3,2014,6,20,37,0,14,5,MEYER RD,,0,41.07009444,-85.07778333,0,8,0,0,1,1,0,1,2,1,0,1,0,0000000,20,38,20,44,99,99,0,0,0,1,0
18,180071,3,3,0,0,0,4,4,97,2210,19,2,2014,4,8,49,0,16,5,THOMPSON RD,,0,39.69240833,-86.18753889,0,12,6,0,4,1,0,1,1,1,0,1,0,0000000,8,52,9,5,99,99,0,0,0,1,0
18,180072,1,1,0,0,0,2,2,71,2930,10,3,2014,2,12,3,1,2,2,US-50,,0,38.88376389,-86.24920556,0,31,0,0,1,1,0,4,1,1,0,1,0,0000000,12,41,12,59,99,99,0,0,0,1,0
18,180073,1,1,0,0,0,1,1,27,1430,25,2,2014,3,10,54,0,6,5,NORTH ST,SPRIGER ST,0,38.88234444,-87.08139722,0,30,0,0,3,3,0,4,1,1,0,1,0,0000000,10,25,10,54,99,99,0,0,0,1,0
18,180074,2,2,0,0,0,3,3,55,2810,7,3,2014,6,6,20,0,3,3,SR-67,,0,39.00196944,-87.07108611,0,12,8,0,1,1,0,1,2,1,0,1,0,0000000,99,99,99,99,99,99,0,0,0,1,0
18,180075,1,1,0,0,0,2,2,57,1540,11,3,2014,3,17,13,0,13,5,ALLISONVILLE RD,,0,39.95367778,-86.04106111,0,1,0,0,1,1,0,1,1,1,0,1,0,0000000,17,14,17,21,99,99,0,0,0,1,0
18,180076,2,2,0,0,0,4,4,39,1410,12,3,2014,4,15,25,0,13,3,SR-19,MISHAWAKA ST,0,41.69530556,-86.00338333,0,12,6,0,2,2,0,1,1,1,0,1,0,0000000,99,99,99,99,99,99,0,0,0,1,0
18,180077,1,1,0,0,0,1,1,61,1030,10,3,2014,2,13,36,0,4,3,SR-64,,0,38.31736667,-86.12704167,0,42,0,0,1,1,0,4,1,1,0,1,0,0000000,99,99,99,99,99,99,0,0,0,1,0
18,180078,2,2,0,0,0,2,2,109,2890,13,3,2014,5,7,11,0,2,3,SR-37,ENNIS RD,0,39.49508889,-86.34265278,0,12,1,1,3,3,0,1,2,1,0,1,0,0000000,99,99,99,99,99,99,0,0,0,1,0