STATE,ST_CASE,VE_TOTAL,VE_FORMS,PVH_INVL,PEDS,PERNOTMVIT,PERMVIT,PERSONS,COUNTY,CITY,DAY,MONTH,YEAR,DAY_WEEK,HOUR,MINUTE,NHS,ROAD_FNC,ROUTE,TWAY_ID,TWAY_ID2,MILEPT,LATITUDE,LONGITUD,SP_JUR,HARM_EV,MAN_COLL,RELJCT1,RELJCT2,TYP_INT,WRK_ZONE,REL_ROAD,LGT_COND,WEATHER1,WEATHER2,WEATHER,SCH_BUS,RAIL,NOT_HOUR,NOT_MIN,ARR_HOUR,ARR_MIN,HOSP_HR,HOSP_MN,CF1,CF2,CF3,FATALS,DRUNK_DR
18,180079,1,1,0,1,1,1,1,183,840,12,3,2014,4,10,44,0,4,3,SR-205,,0,41.22507222,-85.32900833,0,8,0,0,1,1,0,1,1,4,0,4,0,0000000,10,44,10,54,99,99,0,0,0,1,0
18,180080,2,2,0,0,0,2,2,5,990,11,3,2014,3,20,8,1,11,1,I-65 N,,744,39.28966944,-85.96362778,0,12,1,0,1,1,0,1,2,1,0,1,0,0000000,99,99,99,99,88,88,27,0,0,1,0
18,180081,1,1,0,0,0,1,1,97,2210,14,3,2014,6,8,7,0,16,5,BINFORD BLVD,FALL CREEK PKWY,0,39.83536111,-86.11828333,0,42,0,0,3,2,0,6,1,1,0,1,0,0000000,99,99,99,99,99,99,0,0,0,1,0
18,180082,1,1,0,0,0,2,2,11,2630,16,3,2014,1,1,0,0,6,4,CR-800,,0,40.15543889,-86.50084444,0,42,0,0,1,1,0,4,2,1,0,1,0,0000000,99,99,99,99,88,88,0,0,0,2,0
18,180083,2,2,0,0,0,2,2,91,2990,24,2,2014,2,9,37,1,2,2,US-20 E MICHIGAN BLVD,US-35,0,41.69524722,-86.816,0,12,6,0,3,3,0,1,1,10,0,10,0,0000000,99,99,99,99,99,99,0,0,0,1,1
18,180084,1,1,0,0,0,1,1,53,4950,12,3,2014,4,7,37,0,3,3,SR-26,,0,40.45184444,-85.48641667,0,30,0,0,1,1,0,4,2,4,0,4,0,0000000,8,38,9,59,99,99,0,0,0,1,0
18,180085,2,2,0,0,0,2,2,97,2210,13,2,2014,5,3,20,1,11,1,I-70,,873,39.80488056,-86.06860556,0,12,6,0,1,1,0,1,2,1,0,1,0,0000000,3,25,3,31,99,99,0,0,0,1,0
18,180086,2,1,1,0,0,1,1,17,2730,17,3,2014,2,18,39,0,3,5,17TH ST,,0,40.74814167,-86.34505,0,14,0,0,1,1,0,5,2,1,0,1,0,0000000,99,99,99,99,99,99,0,0,0,1,1
18,180087,1,1,0,0,0,1,1,95,140,18,3,2014,3,13,18,0,15,5,STATE ST,,0,40.14984722,-85.67086389,0,30,0,0,1,1,0,4,1,1,0,1,0,0000000,13,21,13,23,99,99,0,0,0,1,0
18,180089,2,2,0,0,0,5,5,181,540,20,3,2014,5,3,35,1,1,1,I-65 S,,1875,40.59052778,-86.96740833,0,12,1,0,1,1,1,1,2,1,0,1,0,0000000,99,99,99,99,99,99,0,0,0,1,0
18,180090,2,2,0,0,0,2,2,59,1890,27,2,2014,5,22,29,1,1,1,I-70,,1042,39.82122778,-85.76203056,0,12,6,0,1,1,0,1,3,1,0,1,0,0000000,99,99,99,99,99,99,0,0,0,1,1
18,180091,2,2,0,0,0,3,3,169,5040,19,3,2014,4,16,2,0,6,4,CR-400 N,CR-400 W,0,40.88267778,-85.86899444,0,12,6,0,2,2,0,1,1,10,0,10,0,0000000,99,99,99,99,99,99,0,0,0,1,0
18,180092,1,1,0,1,1,1,1,39,1410,21,3,2014,6,12,30,0,13,3,SR-19 N,,0,41.71471389,-85.9724,0,8,0,0,1,1,0,1,1,10,0,10,0,0000000,99,99,99,99,88,88,0,0,0,1,0
18,180093,2,2,0,0,0,3,3,73,4090,20,3,2014,5,20,38,0,3,2,US-24 E,,0,40.76564167,-87.25426389,0,12,2,0,1,1,0,1,2,1,0,1,0,0000000,99,99,99,99,99,99,0,0,0,1,1
18,180094,1,1,0,0,0,2,2,97,2210,24,3,2014,2,1,0,0,14,5,MICHIGAN ST,,0,39.77441389,-86.11002222,0,30,0,0,1,1,0,4,2,1,0,1,0,0000000,99,99,99,99,99,99,0,0,0,1,0
18,180095,1,1,0,1,1,2,2,141,4580,24,3,2014,2,23,25,0,13,3,SR-933,,0,41.73945556,-86.25061667,0,8,0,0,1,1,0,1,2,10,0,10,0,0000000,99,99,99,99,99,99,0,0,0,1,0
18,180096,1,1,0,1,1,1,1,141,4580,24,3,2014,2,23,26,0,13,3,SR-933,,0,41.74306944,-86.25070833,0,8,0,0,1,1,0,1,2,10,0,10,0,0000000,99,99,99,99,88,88,19,0,0,1,0
18,180097,1,1,0,0,0,4,4,133,1870,21,3,2014,6,5,10,0,4,2,US-40,,0,39.55678889,-86.91824167,0,35,0,0,1,1,0,4,2,1,0,1,0,0000000,99,99,99,99,99,99,0,0,0,1,0
18,180098,2,2,0,0,0,5,5,95,140,23,3,2014,1,13,10,0,3,4,CR-100,CR-600,0,40.19358056,-85.69062778,0,12,6,0,2,2,0,1,1,1,0,1,0,0000000,99,99,99,99,99,99,0,0,0,1,0
18,180099,2,2,0,0,0,3,3,3,1580,29,3,2014,7,0,3,0,14,5,STELLHORN RD,ST JOE RD,0,41.11915278,-85.09974167,0,12,6,0,2,2,0,1,2,10,0,10,0,0000000,99,99,99,99,99,99,0,0,0,1,1
18,180100,2,2,0,1,1,3,3,3,1580,29,3,2014,7,22,46,1,13,3,SR-930,LAKE AVE,0,41.09034722,-85.08786111,0,8,0,0,2,2,0,1,2,10,0,10,0,0000000,99,99,99,99,99,99,0,0,0,1,1
18,180101,2,2,0,0,0,4,4,181,540,29,3,2014,7,19,39,0,4,3,SR-18,CR-300,0,40.60241389,-86.81185556,0,12,6,0,2,2,0,1,1,10,0,10,0,0000000,99,99,99,99,99,99,0,0,0,2,0
18,180102,1,1,0,0,0,1,1,149,2000,31,3,2014,2,17,50,0,6,4,CR-300 N ROAD,,0,41.34579722,-86.49129444,0,34,0,0,1,1,0,4,1,10,0,10,0,0000000,99,99,99,99,99,99,0,0,0,1,0
18,180103,1,1,0,0,0,1,1,37,2260,19,3,2014,4,21,59,0,3,3,SR-56,,0,38.48156111,-86.87528333,0,1,0,0,1,1,0,4,2,1,0,1,0,0000000,99,99,99,99,88,88,0,0,0,1,0
18,180104,1,1,0,1,1,1,1,43,1788,18,3,2014,3,21,53,1,13,1,I-64 E,,1160,38.27630278,-85.95659167,0,8,0,0,1,1,0,1,2,1,0,1,0,0000000,99,99,99,99,88,88,19,23,0,1,0
18,180105,2,2,0,0,0,2,2,155,5020,20,3,2014,5,17,10,0,4,4,CR-EAST ENTERPRISE PIKE,,0,38.80554444,-84.98398611,0,12,2,0,1,1,0,1,1,1,0,1,0,0000000,99,99,99,99,88,88,0,0,0,1,0
18,180106,3,3,0,0,0,3,3,89,1100,31,3,2014,2,5,44,0,14,5,109TH AVE,,0,41.4201,-87.30866944,0,12,2,0,1,1,0,1,2,1,0,1,0,0000000,99,99,99,99,99,99,0,0,0,1,0
18,180107,1,1,0,1,1,1,1,5,990,31,3,2014,2,2,29,1,11,1,I-65 N,,690,39.17840278,-85.95837778,0,8,0,0,1,1,0,1,2,1,0,1,0,0000000,99,99,99,99,88,88,0,0,0,1,0
18,180108,1,1,0,0,0,1,1,89,1730,26,3,2014,4,10,21,0,14,5,GEORGIA ST,,0,41.551575,-87.32680556,0,33,0,0,1,1,0,4,1,1,0,1,0,0000000,10,23,10,36,99,99,20,0,0,1,0
18,180109,1,1,0,0,0,1,1,113,250,4,4,2014,6,20,20,0,6,4,CR-600 E,,0,41.30933889,-85.30867222,0,35,0,0,1,1,0,4,2,1,0,1,0,0000000,99,99,99,99,88,88,0,0,0,1,1
18,180110,2,2,0,0,0,2,2,123,4820,30,3,2014,1,14,26,0,4,4,CR-STONE RD,,0,37.97528889,-86.73568333,0,12,2,0,1,1,0,1,1,1,0,1,0,0000000,99,99,99,99,99,99,0,0,0,1,0
18,180111,1,1,0,0,0,1,1,95,140,3,4,2014,5,23,28,0,14,5,MAIN ST,,0,40.10111389,-85.67816389,0,31,0,0,1,1,0,4,3,10,0,10,0,538949P,99,99,99,99,88,88,0,0,0,1,0
18,180112,2,2,0,0,0,2,2,97,2210,5,4,2014,7,0,46,0,14,5,71ST ST,CREEKSIDE LANE,0,39.88321944,-86.05663889,0,12,2,0,2,2,0,1,2,1,0,1,0,0000000,99,99,99,99,99,99,0,0,0,1,0
18,180113,2,2,0,0,0,2,2,89,1730,27,3,2014,5,4,50,0,13,5,5TH AVE,CALHOUN ST,0,41.60185,-87.40832778,0,12,2,0,2,3,0,1,3,1,0,1,0,0000000,99,99,99,99,88,88,0,0,0,2,1
18,180114,4,2,2,0,0,2,2,97,2210,2,4,2014,4,8,1,0,15,5,MAIN ST,,0,39.72136111,-86.10741111,0,14,0,0,1,1,0,4,1,10,0,10,0,0000000,99,99,99,99,99,99,0,0,0,1,0
18,180115,3,3,0,0,0,3,3,73,4090,25,3,2014,3,6,15,1,1,1,I-65,,2085,40.86378611,-87.18731944,0,12,1,0,1,1,0,1,2,4,0,4,0,0000000,99,99,99,99,99,99,19,14,0,1,0
18,180116,4,4,0,0,0,4,4,97,2210,27,3,2014,5,17,43,0,14,5,GEOGETOWN RD,34TH ST,0,39.81649722,-86.23979167,0,12,6,0,2,2,0,1,1,2,0,2,0,0000000,99,99,99,99,99,99,0,0,0,1,0
18,180117,2,2,0,0,0,3,3,163,1480,9,4,2014,4,14,27,0,14,2,US-41,WASHINGTON AVE,0,37.96264167,-87.54282222,0,12,6,0,2,2,0,1,1,1,0,1,0,0000000,14,29,14,34,99,99,0,0,0,2,0
18,180118,1,1,0,0,0,3,3,165,940,2,2,2014,1,3,33,0,4,4,CR-1300 S,,0,39.69500556,-87.447825,0,32,0,0,1,1,0,4,2,12,0,12,0,0000000,99,99,99,99,99,99,0,0,0,1,0
18,180119,1,1,0,0,0,1,1,109,2890,11,4,2014,6,14,52,0,4,4,CR-HENDERSON FORD,,0,39.50895,-86.35475833,0,42,0,0,1,1,0,4,1,1,0,1,0,0000000,99,99,99,99,99,99,0,0,0,1,0
18,180120,1,1,0,0,0,2,2,63,251,12,4,2014,7,23,20,0,16,5,NICOLE BLVD,,0,39.76460278,-86.37585833,0,5,0,0,1,1,0,1,3,1,0,1,0,0000000,23,21,23,22,99,99,0,0,0,1,1
18,180121,2,2,0,0,0,4,4,95,2560,6,4,2014,1,12,21,0,3,3,SR-32,,0,40.09355278,-85.81422222,0,12,1,0,1,1,0,1,1,1,0,1,0,0000000,99,99,99,99,99,99,0,0,0,1,0
18,180122,1,1,0,0,0,2,2,57,3590,2,4,2014,4,15,19,0,15,5,FIELD DR,,0,40.05825278,-86.00217222,0,42,0,0,1,1,0,4,1,10,0,10,0,0000000,99,99,99,99,99,99,0,0,0,1,0
18,180123,1,1,0,0,0,2,2,89,2972,12,4,2014,7,1,45,0,4,5,COLORADO ST,,0,41.44471389,-87.2969,0,44,0,0,1,1,0,1,2,1,0,1,0,0000000,99,99,99,99,99,99,0,0,0,1,1
18,180124,2,2,0,0,0,3,3,97,2210,31,3,2014,2,20,20,0,13,5,PENDLETON PIKE,I-465 S RAMP,0,39.83168056,-86.03661667,0,12,6,0,2,2,0,1,2,10,0,10,0,0000000,99,99,99,99,99,99,0,0,0,1,0
18,180125,2,2,0,0,0,2,2,77,530,12,4,2014,7,22,0,0,3,3,SR-56,,0,38.73608056,-85.24721389,0,12,2,0,1,1,0,1,2,1,0,1,0,0000000,22,5,22,22,99,99,0,0,0,1,0
18,180126,2,2,0,0,0,4,4,97,2210,13,4,2014,1,21,0,0,14,5,30T ST,RALSTON AVE,0,39.81062778,-86.13103889,0,12,6,0,2,2,0,1,2,10,0,10,0,0000000,99,99,99,99,99,99,0,0,0,1,0
18,180127,2,2,0,0,0,5,5,73,1206,14,4,2014,2,23,39,1,1,1,I-65,,2305,41.15767222,-87.26796389,0,12,1,0,1,1,0,1,2,4,0,4,0,0000000,99,99,99,99,99,99,19,0,0,3,0
18,180128,1,1,0,1,1,1,1,95,140,11,4,2014,6,20,40,0,13,5,SCATTERFIELD RD,,0,40.15020556,-85.67371667,0,9,0,0,1,1,0,1,5,1,0,1,0,0000000,99,99,99,99,99,99,0,0,0,1,0
18,180129,1,1,0,0,0,1,1,83,3150,18,4,2014,6,14,42,0,4,3,SR-61,RAMSEY ORCHARD RD,0,38.586975,-87.33305833,0,1,0,0,3,3,0,4,1,1,0,1,0,0000000,99,99,99,99,88,88,0,0,0,1,1
18,180130,2,2,0,0,0,3,3,141,4580,20,4,2014,1,17,30,0,16,5,EDISON ST,BUTTERNUT RD,0,41.69332778,-86.32896389,0,12,6,0,3,3,0,1,1,1,0,1,0,0000000,17,31,17,39,99,99,0,0,0,1,0
18,180131,3,2,1,0,0,2,2,39,3010,20,4,2014,1,12,34,0,6,4,CR-2,,0,41.75482778,-85.68170556,0,12,6,0,8,1,0,1,1,1,0,1,0,0000000,13,1,13,29,99,99,0,0,0,1,0
18,180132,1,1,0,0,0,2,2,111,3270,18,4,2014,6,21,15,1,2,2,US-41,,0,40.94953056,-87.43841944,0,1,0,0,1,1,0,1,2,1,0,1,0,0000000,99,99,99,99,99,99,0,0,0,1,1
18,180133,1,1,0,0,0,1,1,97,4600,20,4,2014,1,19,39,0,3,5,CR-ACTON RD,,0,39.63933611,-85.97120556,0,44,0,0,1,1,0,1,1,1,0,1,0,0000000,99,99,99,99,99,99,0,0,0,1,0
18,180134,2,2,0,0,0,3,3,11,5490,22,4,2014,3,12,40,0,14,5,WEST 96TH ST,,0,39.92505278,-86.26481111,0,12,2,0,1,1,0,1,1,1,0,1,0,0000000,99,99,99,99,99,99,0,0,0,2,0
18,180135,1,1,0,0,0,1,1,93,3110,22,4,2014,3,19,39,1,2,2,US-50,,0,38.72435556,-86.66607778,0,42,0,0,1,1,0,4,1,1,0,1,0,0000000,99,99,99,99,99,99,0,0,0,1,0
18,180136,1,1,0,0,0,1,1,175,660,9,4,2014,4,23,13,0,4,3,SR-60 W,,0,38.63919444,-86.23305833,0,35,0,0,1,1,0,4,2,1,0,1,0,0000000,99,99,99,99,88,88,0,0,0,1,0
18,180137,1,1,0,1,1,2,2,97,2210,24,4,2014,5,7,26,0,14,5,WESTLAKE RD,DITCH RD,0,39.88615833,-86.18393611,0,9,0,0,2,3,0,1,1,10,0,10,1,0000000,99,99,99,99,88,88,0,0,0,1,0
18,180138,2,2,0,0,0,6,6,15,604,24,4,2014,5,17,20,0,3,3,SR-29,,0,40.46167222,-86.39278889,0,12,2,0,1,1,0,1,1,1,0,1,0,0000000,18,3,18,23,99,99,0,0,0,1,0
18,180139,1,1,0,0,0,1,1,151,3770,25,4,2014,6,18,21,0,6,4,CR-550 W,,0,41.70071667,-85.09362778,0,42,0,0,1,1,0,4,1,1,0,1,0,0000000,99,99,99,99,99,99,0,0,0,1,1
18,180140,1,1,0,0,0,1,1,141,4580,26,4,2014,7,1,5,0,13,5,ROOSEVELT RD,US-31 SOUTH HWY,0,41.59371944,-86.25905,0,42,0,0,3,3,0,6,2,1,0,1,0,0000000,99,99,99,99,88,88,20,0,0,1,1
18,180141,1,1,0,0,0,1,1,151,3770,26,4,2014,7,17,10,0,5,4,CR-300 N,,0,41.68553333,-85.19238333,0,59,0,0,1,1,0,4,1,1,0,1,0,0000000,99,99,99,99,88,88,0,0,0,1,1
18,180143,1,1,0,0,0,1,1,143,240,27,4,2014,1,18,1,0,5,4,CR-NEW LONDON RD,,0,38.64961389,-85.59610833,0,42,0,0,1,1,0,4,1,10,0,10,0,0000000,99,99,99,99,88,88,0,0,0,1,0
18,180144,1,1,0,0,0,1,1,71,570,26,4,2014,7,6,26,0,3,3,SR-135,,0,38.87543889,-86.05696389,0,1,0,0,1,1,0,4,4,1,0,1,0,0000000,99,99,99,99,99,99,0,0,0,1,0
18,180145,1,1,0,0,0,1,1,35,3360,16,4,2014,4,4,0,1,2,3,SR-67,,0,40.14872222,-85.36293889,0,31,0,0,1,1,0,4,2,1,0,1,0,0000000,4,36,4,47,99,99,0,0,0,1,1
18,180146,1,1,0,0,0,2,2,55,360,15,4,2014,3,21,29,0,3,2,US-231,,0,39.02864444,-86.98103611,0,32,0,0,1,1,0,4,2,1,0,1,0,0000000,99,99,99,99,99,99,0,0,0,1,1
18,180148,2,2,0,0,0,2,2,157,2480,25,4,2014,6,15,58,0,13,5,SOUTH ST,,0,40.417575,-86.83898056,0,12,6,0,8,1,0,1,1,1,0,1,0,0000000,15,58,16,5,99,99,0,0,0,1,0
18,180149,3,3,0,0,0,3,3,139,4270,28,4,2014,2,12,0,0,2,3,SR-3 N,,0,39.58149167,-85.45834444,0,12,8,0,1,1,0,1,1,10,0,10,0,0000000,99,99,99,99,99,99,0,0,0,1,0
18,180150,3,3,0,0,0,7,7,179,3810,29,4,2014,3,18,21,0,3,3,SR-1,,0,40.86033333,-85.16616667,0,12,2,0,1,1,0,1,1,10,0,10,0,0000000,99,99,99,99,99,99,0,0,0,1,0
18,180151,1,1,0,2,2,1,1,89,1730,12,4,2014,7,20,10,0,16,5,49TH AVE,VERMONT ST,0,41.52923056,-87.32390278,0,33,0,0,3,3,0,4,2,1,0,1,0,0000000,20,7,20,13,99,99,0,0,0,1,0
18,180152,1,1,0,1,1,1,1,89,5300,16,4,2014,4,15,15,0,13,2,US-20,,0,41.63185556,-87.48071111,0,8,0,0,1,1,0,1,1,1,0,1,0,0000000,99,99,99,99,99,99,0,0,0,1,0
18,180153,1,1,0,0,0,1,1,63,3990,27,4,2014,1,3,0,0,15,4,CR-300,CR-625,0,39.71844722,-86.407575,0,42,0,0,3,3,0,4,2,1,0,1,0,0000000,99,99,99,99,88,88,0,0,0,1,1
18,180154,1,1,0,0,0,1,1,73,4100,1,5,2014,5,20,50,0,5,4,CR-250,,0,41.04903889,-87.2376,0,10,0,0,6,1,0,1,2,2,0,2,0,341205J,99,99,99,99,99,99,0,0,0,1,0
18,180155,2,2,0,0,0,3,3,55,360,30,4,2014,4,11,41,0,6,3,SR-45,,0,38.90471667,-86.75746667,0,12,2,0,1,1,0,1,1,1,0,1,0,0000000,99,99,99,99,99,99,0,0,0,1,0
18,180157,3,3,0,0,0,3,3,49,4190,1,5,2014,5,17,15,0,3,3,SR-25,,0,40.97078611,-86.249875,0,12,2,0,1,1,0,1,1,10,0,10,0,0000000,17,22,17,42,99,99,14,0,0,1,0
18,180158,1,1,0,0,0,3,3,67,2430,2,5,2014,6,1,45,0,6,4,CR-500,,0,40.40333611,-86.19248889,0,30,0,0,1,1,0,4,2,1,0,1,0,0000000,99,99,99,99,99,99,0,0,0,1,0
18,180159,3,3,0,0,0,5,5,97,2210,30,4,2014,4,13,55,0,14,3,SR-37,SOUTHPORT RD,0,39.66355278,-86.19635278,0,12,1,0,2,2,0,1,1,10,0,10,0,0000000,99,99,99,99,99,99,0,0,0,1,0
18,180160,1,1,0,0,0,1,1,81,270,6,5,2014,3,14,45,0,6,3,SR-144,,0,39.51354722,-86.17481944,0,18,0,0,1,1,0,4,1,1,0,1,0,0000000,99,99,99,99,99,99,0,0,0,1,0
18,180161,1,1,0,0,0,1,1,97,2210,27,4,2014,1,20,39,0,15,5,SHELBYVILLE RD,,0,39.68706944,-86.081075,0,32,0,0,1,1,0,4,2,1,0,1,0,0000000,99,99,99,99,88,88,0,0,0,1,0
18,180162,2,2,0,0,0,2,2,89,2090,30,4,2014,4,12,9,0,14,5,MAIN ST,,0,41.52294444,-87.46987778,0,12,6,0,4,1,0,1,1,1,0,1,0,0000000,99,99,99,99,99,99,0,0,0,1,0
18,180163,2,2,0,0,0,2,2,97,2210,6,5,2014,3,16,23,0,13,5,BOULEVARD PLACE,38TH ST,0,39.82477778,-86.16380833,0,12,6,0,2,2,0,1,1,1,0,1,1,0000000,99,99,99,99,99,99,0,0,0,1,0
18,180164,1,1,0,0,0,1,1,11,10,7,5,2014,4,9,7,0,3,3,SR-32,,0,40.05463611,-86.66639444,0,38,0,0,1,1,0,4,1,1,0,1,0,0000000,9,9,9,18,99,99,0,0,0,1,0
18,180165,1,1,0,0,0,1,1,167,4840,4,5,2014,1,19,0,0,3,5,ROSEDALE RD,,0,39.54778889,-87.33775556,0,30,0,0,1,1,0,4,1,1,0,1,0,0000000,99,99,99,99,99,99,0,0,0,1,0
18,180166,1,1,0,1,1,1,1,63,3990,3,5,2014,7,22,15,0,16,5,HEARTLAND BLVD,,0,39.63774722,-86.32813889,0,15,0,0,1,1,0,1,2,1,0,1,0,0000000,99,99,99,99,88,88,0,0,0,1,0
18,180167,1,1,0,0,0,2,2,43,3400,19,4,2014,7,16,14,1,11,1,I-64,,1208,38.30102222,-85.86607222,0,35,0,0,1,1,0,4,1,1,0,1,0,0000000,99,99,99,99,99,99,0,0,0,1,0
18,180168,1,1,0,0,0,1,1,83,3700,6,5,2014,3,19,5,0,6,4,CR-SAVORER RD,,0,38.777325,-87.475575,0,10,0,0,6,1,0,1,1,1,0,1,0,342386U,99,99,99,99,88,88,0,0,0,1,0
18,180169,1,1,0,1,1,1,1,91,2990,6,5,2014,3,18,39,1,13,5,EAST MICHIGAN BLVD,TENTH ST,0,41.71414167,-86.88911667,0,33,0,0,3,3,0,3,1,1,0,1,0,0000000,20,21,20,49,99,99,0,0,0,1,1
18,180170,1,1,0,0,0,1,1,97,2210,8,5,2014,5,7,36,0,14,5,34TH ST,,0,39.81830278,-86.070025,0,34,0,0,1,1,0,4,9,1,0,1,0,539251M,99,99,99,99,99,99,0,0,0,1,0
18,180171,2,2,0,0,0,3,3,151,3770,10,5,2014,7,21,50,0,4,3,SR-120,CR-650,0,41.74233611,-85.11311944,0,12,6,0,3,3,0,1,2,1,0,1,0,0000000,99,99,99,99,99,99,0,0,0,1,2
18,180172,2,2,0,0,0,2,2,27,5120,7,5,2014,4,10,35,1,2,2,US-50,CR-150,0,38.65513889,-87.09211667,0,12,6,0,2,2,0,1,1,1,0,1,0,0000000,99,99,99,99,99,99,0,0,0,1,0
18,180173,2,2,0,0,0,2,2,183,4610,10,5,2014,7,8,40,0,4,3,SR-105,CR-1000,0,41.016975,-85.62444722,0,12,6,0,2,2,0,1,1,1,0,1,0,0000000,99,99,99,99,99,99,0,0,0,1,0
18,180174,1,1,0,0,0,2,2,75,4080,10,5,2014,7,13,25,0,6,4,CR-800 S,,0,40.32191667,-85.12979722,0,34,0,0,1,1,0,4,1,1,0,1,0,0000000,99,99,99,99,88,88,0,0,0,2,1
18,180175,2,2,0,0,0,2,2,141,4580,12,5,2014,2,10,19,0,13,5,LINCOLN WAY E,SAMPLE ST,0,41.665325,-86.2373,0,12,6,0,2,2,0,1,1,10,0,10,0,0000000,10,20,10,22,99,99,0,0,0,1,0
18,180176,2,2,0,0,0,2,2,5,990,8,5,2014,5,18,41,0,14,4,CR-200,,0,39.17141111,-85.92981944,0,12,6,0,1,1,0,1,1,1,0,1,0,0000000,99,99,99,99,99,99,0,0,0,1,0
18,180177,1,1,0,1,1,1,1,169,5040,10,5,2014,7,18,35,0,3,5,WABASH ST,EUCLID ST,0,40.81582222,-85.81982778,0,1,0,0,3,3,0,1,1,1,0,1,0,0000000,18,37,18,51,99,99,0,0,0,1,1
18,180178,4,4,0,0,0,4,4,73,4100,13,5,2014,3,19,20,0,4,2,US-231,,0,41.10240278,-87.15132778,0,12,1,0,8,1,0,1,5,1,0,1,0,0000000,99,99,99,99,99,99,0,0,0,1,0
18,180179,2,2,0,0,0,2,2,31,1910,6,5,2014,3,13,38,1,2,3,SR-46,SR-3,0,39.33355833,-85.52101111,0,12,6,0,2,2,0,1,1,1,0,1,0,0000000,13,44,14,5,99,99,0,0,0,1,0
18,180181,1,1,0,0,0,2,2,179,4930,13,5,2014,3,17,2,0,6,4,CR-450 E,,0,40.91703889,-85.13831667,0,34,0,0,1,1,0,4,1,10,0,10,0,0000000,17,12,17,25,99,99,0,0,0,1,0
18,180182,1,1,0,0,0,1,1,87,4490,4,5,2014,1,16,50,0,6,4,CR- 900 W RD,,0,41.64863056,-85.59958056,0,35,0,0,1,1,0,4,1,1,0,1,0,0000000,99,99,99,99,99,99,0,0,0,1,0
18,180183,2,2,0,0,0,2,2,89,2010,12,5,2014,2,23,27,1,11,1,I-80,,10,41.57664722,-87.52395833,0,12,1,0,5,1,0,1,2,1,0,1,0,0000000,99,99,99,99,99,99,0,0,0,1,0
18,180184,2,2,0,0,0,6,6,127,4960,13,5,2014,3,17,0,1,13,3,SR-149,,0,41.5748,-87.12432778,0,12,2,0,1,1,0,1,1,10,0,10,0,0000000,99,99,99,99,99,99,0,0,0,1,0
18,180185,2,2,0,0,0,2,2,181,3130,8,5,2014,5,19,23,0,6,5,MONON RD,,0,40.83881667,-86.79513611,0,12,8,0,1,1,0,1,1,1,0,1,0,0000000,20,10,20,33,99,99,0,0,0,1,0
18,180186,1,1,0,0,0,1,1,91,2570,18,5,2014,1,16,12,0,6,5,CR-100,,0,41.66667222,-86.71798056,0,5,0,0,1,1,0,4,1,1,0,1,0,0000000,99,99,99,99,99,99,0,0,0,1,0
18,180187,2,2,0,0,0,2,2,57,3590,20,5,2014,3,8,20,0,14,5,LITTLE CHICAGO RD,BUTTONWOOD DR,0,40.07954722,-86.07121389,0,12,6,0,3,3,0,1,1,10,0,10,0,0000000,99,99,99,99,99,99,0,0,0,1,0
18,180188,3,1,2,2,2,1,1,97,2210,8,5,2014,5,5,40,1,11,1,I-69,,2014,39.90141944,-86.04913889,0,45,0,0,1,1,1,1,4,1,0,1,0,0000000,99,99,99,99,99,99,0,0,0,2,0
18,180189,1,1,0,0,0,1,1,45,2110,16,5,2014,6,17,29,1,1,1,I-74 E,,206,40.12413333,-87.24324722,0,26,0,0,1,1,0,3,1,3,0,3,0,0000000,99,99,99,99,88,88,0,0,0,1,0
18,180190,2,2,0,0,0,2,2,35,3360,20,5,2014,3,15,47,1,2,3,SR-3 N,,0,40.26768889,-85.36811389,0,12,2,0,1,1,0,1,1,1,0,1,0,0000000,99,99,99,99,99,99,0,0,0,1,0
18,180191,1,1,0,1,1,1,1,57,1540,17,5,2014,7,6,13,0,13,5,OLIO RD,,0,39.95878333,-85.91866944,0,8,0,0,8,1,0,1,4,1,0,1,1,0000000,99,99,99,99,99,99,0,0,0,1,0
18,180192,1,1,0,0,0,1,1,99,470,18,5,2014,1,4,28,0,4,3,SR-331,,0,41.44655833,-86.13374167,0,53,0,0,1,1,0,4,2,1,0,1,0,0000000,99,99,99,99,88,88,0,0,0,1,1
18,180193,2,2,0,0,0,2,2,13,3390,23,5,2014,6,12,16,0,4,5,SALT CREEK RD,,0,39.20954722,-86.17447778,0,12,6,0,1,1,0,1,1,1,0,1,0,0000000,99,99,99,99,88,88,0,0,0,1,0
18,180194,1,1,0,0,0,2,2,153,700,24,5,2014,7,7,40,0,4,3,SR-58 E,,0,38.93050556,-87.36595833,0,1,0,0,1,1,0,1,1,10,0,10,0,0000000,99,99,99,99,99,99,0,0,0,1,0
18,180195,2,2,0,0,0,3,3,39,3380,24,5,2014,7,15,27,0,3,2,US-6,CR-11,0,41.44289444,-85.94366944,0,12,6,0,2,2,0,1,1,1,0,1,0,0000000,15,35,15,54,99,99,0,0,0,1,0
18,180196,1,1,0,0,0,1,1,163,1480,25,5,2014,1,13,5,1,11,1,I-164,,0,37.93993611,-87.54417222,0,24,0,1,5,1,0,4,1,1,0,1,0,0000000,13,7,13,15,99,99,0,0,0,1,1