STATE,ST_CASE,VE_TOTAL,VE_FORMS,PVH_INVL,PEDS,PERNOTMVIT,PERMVIT,PERSONS,COUNTY,CITY,DAY,MONTH,YEAR,DAY_WEEK,HOUR,MINUTE,NHS,ROAD_FNC,ROUTE,TWAY_ID,TWAY_ID2,MILEPT,LATITUDE,LONGITUD,SP_JUR,HARM_EV,MAN_COLL,RELJCT1,RELJCT2,TYP_INT,WRK_ZONE,REL_ROAD,LGT_COND,WEATHER1,WEATHER2,WEATHER,SCH_BUS,RAIL,NOT_HOUR,NOT_MIN,ARR_HOUR,ARR_MIN,HOSP_HR,HOSP_MN,CF1,CF2,CF3,FATALS,DRUNK_DR
18,180313,1,1,0,0,0,2,2,17,2730,21,7,2014,2,15,43,0,4,4,CR- DIVISION RD,,0,40.76423611,-86.28454722,0,35,0,0,1,1,0,4,1,1,0,1,0,0000000,99,99,99,99,99,99,0,0,0,1,1
18,180314,2,2,0,0,0,7,7,85,3680,20,7,2014,1,15,21,0,4,5,MAIN ST,COVERED BRIDGE LN,0,41.31728056,-85.69310833,0,12,2,0,3,4,0,1,1,1,0,1,0,0000000,99,99,99,99,99,99,0,0,0,1,0
18,180315,2,2,0,0,0,3,3,97,2210,18,7,2014,6,9,40,1,13,5,86TH ST,MOLLER RD,0,39.91075833,-86.25661944,0,12,6,0,2,2,0,1,1,1,0,1,0,0000000,99,99,99,99,99,99,0,0,0,1,0
18,180316,1,1,0,0,0,1,1,3,2178,5,6,2014,5,0,2,1,14,3,SR-3,,0,41.20981389,-85.17079722,0,43,0,0,1,1,0,6,2,1,0,1,0,0000000,99,99,99,99,88,88,0,0,0,1,0
18,180317,1,1,0,1,1,2,2,89,1730,18,7,2014,6,23,28,1,11,1,I-80 E,,70,41.56965278,-87.38638611,0,8,0,0,1,1,0,1,2,1,0,1,0,0000000,99,99,99,99,88,88,0,0,0,1,0
18,180318,1,1,0,0,0,1,1,3,3480,20,7,2014,1,22,28,0,15,5,MINICH RD,,0,41.04308889,-85.00101111,0,24,0,0,1,1,0,4,2,1,0,1,0,0000000,99,99,99,99,88,88,0,0,0,1,1
18,180319,1,1,0,0,0,1,1,5,990,22,7,2014,3,11,57,0,4,5,DEAVER RD,,0,39.14928056,-85.93238889,0,30,0,0,1,1,0,4,1,1,0,1,0,0000000,99,99,99,99,88,88,0,0,0,1,0
18,180320,1,1,0,1,1,1,1,85,5380,21,7,2014,2,21,28,0,4,5,CR-250 E,LEXINGTON DRIVE,0,41.21736667,-85.79441111,0,9,0,0,2,2,0,1,2,1,0,1,0,0000000,99,99,99,99,99,99,0,0,0,1,0
18,180321,2,2,0,0,0,3,3,89,2120,21,7,2014,2,14,43,1,13,2,US-6,,0,41.55109167,-87.30733889,0,12,6,0,7,1,0,1,1,1,0,1,0,0000000,99,99,99,99,99,99,0,0,0,1,0
18,180322,1,1,0,0,0,1,1,117,1690,21,7,2014,2,7,12,0,3,3,SR-56,,0,38.53884167,-86.62755,0,34,0,0,1,1,0,4,1,1,0,1,0,0000000,99,99,99,99,99,99,0,0,0,1,0
18,180323,1,1,0,1,1,1,1,19,2270,18,7,2014,6,1,15,1,11,1,I-265,,67,38.34600833,-85.72109722,0,8,0,0,1,1,0,1,2,1,0,1,0,0000000,99,99,99,99,88,88,0,0,0,1,0
18,180324,2,2,0,0,0,3,3,97,2210,22,7,2014,3,0,49,0,15,5,HIGH SCHOOL RD,WEST HAVEN DR,0,39.82692778,-86.27025278,0,12,6,0,2,2,0,1,2,1,0,1,0,0000000,0,53,0,58,99,99,0,0,0,1,0
18,180325,2,2,0,0,0,3,3,33,190,16,7,2014,4,6,58,0,4,3,SR-4,,0,41.52678333,-85.148675,0,12,2,0,1,1,0,1,1,1,0,1,0,0000000,99,99,99,99,99,99,0,0,0,1,0
18,180326,1,1,0,1,1,1,1,141,4240,10,1,2014,6,23,52,1,13,3,SR-933,,0,41.70887778,-86.25027222,0,8,0,0,1,1,0,1,2,2,0,2,0,0000000,99,99,99,99,99,99,0,0,0,1,1
18,180327,2,2,0,0,0,2,2,89,2010,24,7,2014,5,18,16,0,16,2,US-41,FAYETTE ST,0,41.61246389,-87.50834722,0,12,6,0,3,3,0,1,1,1,0,1,0,0000000,99,99,99,99,99,99,0,0,0,1,0
18,180328,2,2,0,0,0,2,2,163,1480,23,7,2014,4,12,2,1,13,3,SR-62,,0,37.96706667,-87.675675,0,12,2,0,1,1,0,1,1,1,0,1,0,0000000,99,99,99,99,99,99,0,0,0,1,0
18,180329,1,1,0,0,0,3,3,95,140,23,7,2014,4,17,57,1,13,3,SR-9,,0,40.18413611,-85.67109722,0,34,0,0,1,1,0,4,1,1,0,1,0,0000000,19,0,19,5,99,99,0,0,0,2,0
18,180330,2,2,0,0,0,2,2,19,2270,26,7,2014,7,20,38,0,14,5,MIDDLE RD,ALLSION LANE,0,38.311775,-85.70276667,0,12,2,0,2,2,0,1,5,10,0,10,0,0000000,99,99,99,99,99,99,0,0,0,1,0
18,180331,1,1,0,0,0,2,2,55,5450,21,7,2014,2,18,40,0,4,3,SR-157,,0,39.12745278,-86.97911389,0,5,0,0,1,1,0,1,1,1,0,1,0,0000000,20,50,21,25,99,99,0,0,0,1,0
18,180332,1,1,0,1,1,1,1,97,2210,24,7,2014,5,21,47,0,14,5,MADISON AVE,,0,39.69035556,-86.13559722,0,8,0,0,1,1,0,1,2,1,0,1,0,0000000,99,99,99,99,99,99,0,0,0,1,0
18,180333,2,2,0,0,0,2,2,97,2210,26,7,2014,7,15,5,1,13,5,STOP RD 11,US HWY 31,0,39.64992222,-86.13706111,0,12,6,0,2,2,0,1,1,10,0,10,0,0000000,99,99,99,99,99,99,0,0,0,1,0
18,180334,2,2,0,0,0,2,2,145,4470,27,7,2014,1,16,19,0,6,4,CR-350,CR-150,0,39.47512222,-85.751225,0,12,6,0,2,2,0,1,1,10,0,10,0,0000000,99,99,99,99,99,99,0,0,0,1,0
18,180335,2,2,0,0,0,2,2,67,2430,28,7,2014,2,23,51,1,13,2,US-31,,1670,40.53148056,-86.12601389,0,12,6,0,1,1,0,1,2,1,0,1,0,0000000,99,99,99,99,99,99,0,0,0,1,1
18,180336,2,2,0,0,0,2,2,131,5340,28,7,2014,2,11,48,0,5,4,CR-600,CR-100,0,41.06967778,-86.718825,0,12,6,0,2,2,0,1,1,1,0,1,0,0000000,99,99,99,99,99,99,0,0,0,1,0
18,180337,1,1,0,1,1,0,0,93,300,24,6,2014,3,9,4,0,4,5,22ND ST,,0,38.85399444,-86.47838611,0,8,0,0,1,1,0,1,1,10,0,10,0,0000000,99,99,99,99,99,99,0,0,0,1,0
18,180338,2,2,0,0,0,4,4,151,1680,20,7,2014,1,22,43,1,1,1,I-80 E,,1468,41.73533889,-84.98221944,0,12,1,0,1,1,0,1,2,10,0,10,0,0000000,99,99,99,99,99,99,23,0,0,1,0
18,180339,2,2,0,0,0,3,3,121,4230,25,7,2014,6,14,30,0,3,2,US-41,,0,39.66755278,-87.36666944,0,12,2,0,1,1,0,1,1,1,0,1,0,0000000,99,99,14,53,99,99,0,0,0,1,0
18,180340,1,1,0,0,0,5,5,1,1180,27,7,2014,1,15,42,1,2,2,US-27,,0,40.86698056,-84.94628611,0,1,0,0,1,1,0,4,1,10,0,10,0,0000000,99,99,99,99,99,99,0,0,0,1,0
18,180341,2,2,0,0,0,4,4,157,5200,27,7,2014,1,15,44,1,13,2,US-231,CUMBERLAND AVE,0,40.46046389,-86.93318333,0,12,6,0,2,2,0,1,1,2,0,2,0,0000000,99,99,99,99,99,99,0,0,0,1,0
18,180342,2,2,0,0,0,3,3,3,1580,29,7,2014,3,12,39,0,14,5,STATE BLVD,,0,41.09760556,-85.09179167,0,12,6,0,8,1,0,1,1,1,0,1,0,0000000,99,99,99,99,99,99,0,0,0,1,0
18,180343,2,2,0,0,0,2,2,3,1580,30,7,2014,4,18,53,1,13,5,AIRPORT EXPY,,0,41.00189722,-85.1886,0,12,8,0,1,1,0,1,1,1,0,1,0,0000000,18,53,19,0,99,99,20,0,0,1,1
18,180344,1,1,0,0,0,1,1,177,640,28,7,2014,2,19,0,1,1,1,I-70,,1396,39.85398611,-85.10221389,0,35,0,0,1,1,0,3,1,1,0,1,0,0000000,99,99,99,99,99,99,0,0,0,1,0
18,180345,1,1,0,0,0,2,2,151,160,1,8,2014,6,21,0,0,6,4,CR-100,,0,41.62594722,-85.10985,0,35,0,0,1,1,0,4,5,10,0,10,0,0000000,21,5,21,13,99,99,0,0,0,1,1
18,180346,3,3,0,0,0,3,3,133,950,14,7,2014,2,12,36,1,1,1,I-70,,300,39.48659444,-86.99902778,0,12,1,0,1,1,1,1,1,1,0,1,0,0000000,99,99,99,99,99,99,0,0,0,1,0
18,180348,3,3,0,0,0,5,5,3,1580,4,8,2014,2,9,6,1,13,5,JEFFERSON BLVD,OLDE CANAL PLACE DR,0,41.03799444,-85.24502222,0,12,1,0,2,2,0,1,1,1,0,1,0,0000000,99,99,99,99,99,99,0,0,0,1,0
18,180349,1,1,0,0,0,1,1,129,3340,3,8,2014,1,3,50,0,6,4,CR-MAIER RD,,0,37.86667778,-88.01569444,0,42,0,0,1,1,0,4,2,1,0,1,0,0000000,99,99,99,99,99,99,0,0,0,1,1
18,180350,1,1,0,0,0,1,1,27,3190,21,7,2014,2,14,5,0,6,4,CR-650 E,,0,38.63311111,-87.04518611,0,34,0,0,1,1,0,4,1,1,0,1,0,0000000,13,14,13,39,99,99,0,0,0,1,0
18,180351,1,1,0,1,1,1,1,177,4120,1,8,2014,6,20,40,0,4,5,SOUTH 12TH ST,,0,39.82216111,-84.88624722,0,8,0,0,1,1,0,1,1,1,0,1,0,0000000,99,99,99,99,99,99,0,0,0,1,0
18,180352,2,2,0,0,0,2,2,89,2515,30,7,2014,4,19,51,1,11,1,I-80 RAMP,,2590,41.59454444,-87.306225,0,12,1,1,20,1,0,1,1,1,0,1,0,0000000,99,99,99,99,88,88,0,0,0,1,0
18,180353,2,2,0,0,0,2,2,31,1910,30,7,2014,4,2,47,1,2,2,US-421 N,SR-3 N,0,39.34795,-85.49765278,0,12,6,0,2,2,0,1,2,1,0,1,0,0000000,99,99,99,99,88,88,0,0,0,1,0
18,180354,2,2,0,0,0,3,3,39,1410,3,8,2014,1,19,52,0,14,5,BRISTOL ST,ADAMS ST,0,41.70259167,-85.96206944,0,12,6,0,2,2,0,1,1,1,0,1,0,0000000,99,99,99,99,99,99,0,0,0,1,1
18,180355,2,1,1,0,0,1,1,89,4380,5,8,2014,3,17,34,1,13,2,US-41 N,,0,41.51165556,-87.47113611,0,33,0,0,1,1,0,4,1,10,0,10,0,0000000,99,99,99,99,99,99,0,0,0,1,0
18,180356,2,2,0,0,0,9,9,79,3670,23,7,2014,4,12,55,0,3,3,SR-7 N,,0,39.10270833,-85.74383889,0,12,1,0,8,1,0,1,1,10,0,10,0,0000000,99,99,99,99,99,99,0,0,0,1,0
18,180358,2,2,0,0,0,4,4,103,3940,3,8,2014,1,14,30,1,2,2,US-31,,0,40.71424167,-86.12769444,0,12,6,0,1,1,0,1,1,1,0,1,0,0000000,14,37,15,12,99,99,0,0,0,1,0
18,180359,1,1,0,0,0,2,2,57,710,6,8,2014,4,13,55,0,13,5,106TH ST,,0,39.94156667,-86.15581389,0,19,0,0,1,1,0,4,1,10,0,10,0,0000000,99,99,99,99,99,99,0,0,0,1,0
18,180360,2,2,0,0,0,3,3,91,2990,5,8,2014,3,13,20,1,2,2,US-421,,0,41.65196111,-86.89393611,0,12,6,0,8,1,0,1,1,1,0,1,0,0000000,16,3,16,30,99,99,0,0,0,1,0
18,180361,3,1,2,2,2,2,2,133,950,4,8,2014,2,22,30,1,1,1,I-70 W,,325,39.50254167,-86.95852222,0,8,0,0,1,1,0,1,2,1,0,1,0,0000000,22,43,23,0,99,99,23,14,0,1,0
18,180362,2,2,0,0,0,7,7,141,4580,9,8,2014,7,0,16,1,13,5,SAMPLE ST,MICHIGAN ST,0,41.665225,-86.250125,0,12,2,0,2,2,0,1,3,1,0,1,0,0000000,0,16,0,19,99,99,0,0,0,1,0
18,180363,1,1,0,0,0,2,2,73,1206,9,8,2014,7,11,9,0,3,4,CR-1200 W,,0,41.15597222,-87.27566667,0,34,0,0,1,1,0,4,1,1,0,1,0,0000000,99,99,99,99,88,88,0,0,0,1,0
18,180364,2,2,0,0,0,3,3,113,60,10,8,2014,1,8,15,0,3,2,US-6,SR-9,0,41.45303056,-85.42318333,0,12,6,0,2,2,0,1,1,1,0,1,0,0000000,99,99,99,99,99,99,0,0,0,1,0
18,180365,2,2,0,0,0,3,3,113,250,8,8,2014,6,9,56,0,6,5,BASELINE RD,CR-600,0,41.35156389,-85.30922222,0,12,6,0,2,2,0,1,1,1,0,1,0,0000000,99,99,99,99,99,99,0,0,0,1,0
18,180366,2,2,0,0,0,2,2,71,4440,7,8,2014,5,7,40,0,5,4,CR-550,CR-400,0,38.96208889,-85.96392778,0,12,6,0,2,2,0,1,1,10,0,10,0,0000000,7,54,8,23,99,99,0,0,0,1,0
18,180367,1,1,0,0,0,1,1,97,2210,8,8,2014,6,19,29,0,14,5,CAPITOL AVE,,0,39.76196111,-86.161775,0,33,0,0,1,1,0,4,1,10,0,10,0,0000000,19,31,19,36,99,99,0,0,0,1,0
18,180368,1,1,0,1,1,1,1,177,780,9,8,2014,7,1,30,0,4,2,US-40,,0,39.81569444,-85.04678611,0,9,0,0,1,1,0,1,2,1,0,1,0,0000000,99,99,99,99,99,99,0,0,0,1,1
18,180369,1,1,0,0,0,2,2,89,1730,8,8,2014,6,5,45,0,14,5,LAKE ST,,0,41.59936111,-87.26686389,0,10,0,0,6,1,0,1,1,1,0,1,0,155637W,99,99,99,99,99,99,0,0,0,2,0
18,180370,1,1,0,0,0,1,1,99,4010,10,8,2014,1,16,41,0,4,4,CR-PLYMOUTH-GOSHEN TRL,,0,41.44047778,-86.19138611,0,30,0,0,1,1,0,4,1,1,0,1,0,0000000,99,99,99,99,88,88,0,0,0,1,1
18,180371,2,2,0,0,0,2,2,163,1480,11,8,2014,2,21,15,0,4,3,SR-66,ST. JOSEPH RD,0,38.03854167,-87.67080278,0,12,6,0,2,2,0,1,3,1,0,1,0,0000000,99,99,99,99,99,99,0,0,0,1,0
18,180372,1,1,0,0,0,2,2,163,1480,11,8,2014,2,13,11,0,14,5,RED BANK RD,,0,38.00807778,-87.63644444,0,42,0,0,1,1,0,4,1,1,0,1,0,0000000,13,13,13,22,99,99,0,0,0,1,0
18,180373,2,2,0,0,0,2,2,35,3360,12,8,2014,3,15,25,1,2,3,SR-67 N,,0,40.13102778,-85.44430556,0,12,1,0,1,1,0,1,1,2,0,2,0,0000000,15,28,15,41,99,99,0,0,0,1,0
18,180375,2,2,0,0,0,2,2,143,4400,13,8,2014,4,16,31,1,2,3,SR-56 W,BOATMAN ROAD,0,38.68406111,-85.81321111,0,12,6,0,2,2,0,1,1,1,0,1,0,0000000,99,99,99,99,99,99,0,0,0,1,0
18,180376,1,1,0,0,0,3,3,3,1580,20,7,2014,1,20,45,0,15,5,RUNNION AVE,,0,41.08217222,-85.16591667,0,33,0,0,1,1,0,4,2,1,0,1,0,0000000,20,51,20,56,99,99,0,0,0,1,1
18,180377,2,2,0,0,0,3,3,95,1440,7,8,2014,5,11,31,1,2,3,SR-37,,0,40.25075,-85.83875833,0,12,2,0,1,1,0,1,1,1,0,1,0,0000000,14,5,14,26,99,99,0,0,0,2,0
18,180378,2,2,0,0,0,3,3,97,2210,9,8,2014,7,10,47,0,3,5,SOUTHEASTERN AVE,ACTON RD,0,39.68273889,-85.97073333,0,12,2,0,2,3,0,1,1,1,0,1,0,0000000,10,52,11,2,99,99,0,0,0,1,0
18,180379,2,2,0,0,0,2,2,95,1660,11,8,2014,2,17,26,0,6,4,CR-400 N,CR-700 W,0,40.16373333,-85.80501111,0,12,6,0,2,2,0,1,1,1,0,1,0,0000000,99,99,99,99,99,99,0,0,0,1,0
18,180380,2,2,0,0,0,2,2,97,2210,12,8,2014,3,23,32,1,11,1,I-65,,1059,39.70198333,-86.10755556,0,12,1,0,1,1,1,1,2,1,0,1,0,0000000,99,99,99,99,88,88,0,0,0,1,0
18,180381,2,2,0,0,0,2,2,3,1580,15,8,2014,6,3,16,1,2,2,US-33,HILDEBRAND RD,0,41.18129167,-85.28936111,0,12,6,0,3,3,0,1,2,1,0,1,0,0000000,99,99,99,99,99,99,0,0,0,1,0
18,180382,1,1,0,0,0,1,1,3,3480,17,8,2014,1,4,58,0,4,2,US-30,,0,41.06242222,-84.98726944,0,34,0,1,5,1,0,4,2,5,0,5,0,0000000,99,99,99,99,99,99,0,0,0,1,1
18,180383,1,1,0,0,0,3,3,141,3100,18,8,2014,2,0,40,1,13,3,SR-331,,0,41.66923611,-86.13871944,0,24,0,0,1,1,0,4,2,1,0,1,0,0000000,99,99,99,99,99,99,0,0,0,1,0
18,180384,1,1,0,0,0,1,1,53,2850,16,8,2014,7,4,20,0,4,5,NEBRASKA ST,,0,40.54015556,-85.66351389,0,33,0,0,1,1,0,4,2,1,0,1,0,0000000,99,99,99,99,99,99,0,0,0,1,0
18,180385,1,1,0,0,0,2,2,55,2690,14,8,2014,5,9,59,0,6,4,CR-450,,0,38.96006111,-87.20828611,0,32,0,0,1,1,0,4,1,1,0,1,0,0000000,9,59,10,23,99,99,0,0,0,1,0
18,180386,1,1,0,0,0,1,1,105,380,16,8,2014,7,4,10,0,5,4,CR- WEST HOWARD RD,,0,39.18775,-86.66375,0,1,0,0,1,1,0,1,2,1,0,1,0,0000000,99,99,99,99,99,99,0,0,0,1,0
18,180387,2,2,0,0,0,3,3,19,4420,15,8,2014,6,14,35,1,13,3,SR-60,SR-311,0,38.37915,-85.76696389,0,12,6,0,3,3,0,1,1,1,0,1,0,0000000,99,99,99,99,99,99,0,0,0,1,0
18,180388,2,2,0,0,0,2,2,17,2730,17,8,2014,1,5,20,0,2,5,BURLINGTON AVE,US-24,0,40.72773611,-86.37816667,0,12,6,0,2,2,0,1,2,1,0,1,0,0000000,99,99,99,99,99,99,0,0,0,1,1
18,180389,1,1,0,0,0,1,1,135,4920,15,8,2014,6,4,0,0,6,4,CR-600 E,,0,40.24903611,-84.86233889,0,11,0,0,1,1,0,1,2,1,0,1,0,0000000,99,99,99,99,99,99,0,0,0,1,0
18,180390,2,2,0,0,0,2,2,71,4440,18,8,2014,2,8,8,0,6,5,A AVENUE,4TH AVENUE,0,38.93027778,-85.89908611,0,12,6,0,2,2,0,1,1,1,0,1,0,0000000,99,98,99,98,88,88,0,0,0,1,0
18,180391,2,2,0,0,0,3,3,89,1730,10,8,2014,1,2,34,0,15,3,SR-912 N,,0,41.60890278,-87.43251389,0,31,0,0,1,1,1,1,2,10,0,10,0,0000000,99,99,99,99,99,99,0,0,0,1,1
18,180392,1,1,0,0,0,1,1,51,3830,16,8,2014,7,10,26,0,4,3,SR-165 N,,0,38.25239722,-87.78073611,0,42,0,0,1,1,0,4,1,10,0,10,0,0000000,99,99,99,99,99,99,0,0,0,1,0
18,180393,1,1,0,0,0,1,1,111,3270,12,8,2014,3,22,0,0,3,3,SR-10,,0,41.144625,-87.33267222,0,1,0,0,1,1,0,4,2,1,0,1,0,0000000,99,99,99,99,99,99,0,0,0,1,1
18,180394,2,1,1,0,3,1,4,89,1100,15,8,2014,6,22,15,1,1,1,I-65,,2484,41.40834722,-87.32128611,0,14,0,0,1,1,0,2,2,1,0,1,0,0000000,99,99,99,99,99,99,23,0,0,1,0
18,180395,1,1,0,0,0,1,1,97,2210,17,8,2014,1,1,45,1,13,5,LAFAYETTE RD,,0,39.82835556,-86.23915556,0,43,0,0,1,1,0,4,2,10,0,10,0,0000000,1,50,1,55,99,99,0,0,0,1,0
18,180396,3,3,0,0,0,10,10,109,2890,20,8,2014,4,8,48,1,2,3,SR-37,HOSPITAL DR,0,39.42549722,-86.40160556,0,12,6,0,2,2,0,1,1,5,0,5,0,0000000,8,50,8,51,99,99,0,0,0,1,0
18,180397,1,1,0,0,0,1,1,143,4400,18,8,2014,2,8,46,0,4,3,SR-356,,0,38.64934722,-85.70616667,0,32,0,0,1,1,0,4,1,10,0,10,0,0000000,99,99,99,99,99,99,0,0,0,1,0
18,180398,2,2,0,0,0,2,2,129,3340,13,8,2014,4,15,10,1,2,4,CR-WILLIAM KECK BYP,,0,37.96273889,-87.87958889,0,12,6,0,1,1,0,1,1,1,0,1,0,0000000,99,99,99,99,99,99,0,0,0,1,0
18,180399,2,2,0,0,0,3,3,141,3100,15,8,2014,6,2,34,0,14,5,BREMEN HWY,WALTER ST,0,41.63128056,-86.17667222,0,12,1,0,3,3,0,1,2,1,0,1,0,0000000,99,99,99,99,99,99,0,0,0,1,0
18,180400,1,1,0,0,0,1,1,33,5130,20,8,2014,4,2,51,1,1,1,I-69,,3370,41.45328056,-85.05411389,0,35,0,0,1,1,0,4,2,1,0,1,0,0000000,99,99,99,99,99,99,0,0,0,1,0
18,180401,2,2,0,0,0,2,2,29,230,10,8,2014,1,4,47,0,4,4,CR- COLE LANE,,0,39.00988056,-84.95656389,0,12,2,0,1,1,0,1,2,1,0,1,0,0000000,99,99,99,99,99,99,0,0,0,1,2
18,180402,1,1,0,0,0,1,1,171,5330,22,8,2014,6,10,34,0,3,4,CR- SOUTH RIVER ROAD RD,,0,40.30077222,-87.25996667,0,42,0,0,1,1,0,4,9,2,0,2,0,0000000,99,99,99,99,99,99,0,0,0,1,1
18,180403,2,2,0,0,0,3,3,141,4580,24,8,2014,1,0,20,0,16,5,FRANKLIN ST,,0,41.65709444,-86.25456944,0,12,1,0,1,1,0,1,2,10,0,10,0,0000000,99,99,99,99,99,99,0,0,0,1,0
18,180404,1,1,0,0,0,1,1,77,2830,21,8,2014,5,22,20,0,6,5,JPG ORDINANCE DR,JPG CIRCLE DR,0,38.82529722,-85.41229722,0,42,0,0,3,3,0,4,2,1,0,1,0,0000000,99,99,99,99,99,99,0,0,0,1,0
18,180405,1,1,0,2,2,1,1,39,1410,25,8,2014,2,21,25,1,13,5,WINDSOR AVE,CASSOPOLIS ST,0,41.72678889,-85.97317222,0,8,0,0,2,2,0,1,2,10,0,10,0,0000000,21,31,21,37,99,99,0,0,0,1,0
18,180406,1,1,0,0,0,1,1,65,3450,25,8,2014,2,18,30,0,6,4,CR-300,,0,39.97556944,-85.48298889,0,38,0,0,1,1,0,4,2,1,0,1,0,0000000,99,99,99,99,99,99,0,0,0,1,0
18,180407,3,3,0,0,0,3,3,167,4840,20,8,2014,4,19,30,1,11,1,I-70 E,,84,39.431275,-87.39592778,0,12,1,0,1,1,0,1,1,1,0,1,0,0000000,99,99,99,99,88,88,26,14,0,1,0
18,180408,1,1,0,0,0,1,1,17,2730,4,7,2014,6,18,40,0,6,4,CR-1000,,0,40.90936389,-86.24243611,0,1,0,0,1,1,0,4,1,1,0,1,0,0000000,99,99,99,99,99,99,0,0,0,1,0
18,180409,1,1,0,1,1,1,1,97,2210,12,7,2014,7,10,45,0,14,5,TOWNSHIP LINE RD,,0,39.89885,-86.202875,0,15,0,0,1,1,0,1,1,1,0,1,0,0000000,99,99,99,99,88,88,0,0,0,1,0
18,180410,2,2,0,0,0,3,3,97,2210,6,8,2014,4,16,45,0,16,5,ARLINGTON ST,17TH ST,0,39.79051111,-86.06421111,0,12,1,0,2,2,0,1,1,1,0,1,0,0000000,16,45,16,50,99,99,0,0,0,1,0
18,180411,2,2,0,0,0,2,2,15,1200,26,8,2014,3,6,18,1,2,3,SR-25,CR-600,0,40.61218889,-86.639525,0,12,1,0,3,3,0,1,2,10,0,10,0,0000000,6,19,6,26,99,99,0,0,0,1,0
18,180412,1,1,0,0,0,1,1,177,4120,28,7,2014,2,8,45,0,3,2,US-33,,0,39.95258889,-84.99990278,0,1,0,0,1,1,0,4,1,10,0,10,0,0000000,10,48,11,1,99,99,0,0,0,1,0
18,180413,2,2,0,0,0,2,2,91,2570,8,8,2014,6,22,17,0,15,4,CR- JOHNSON RD,CR-400,0,41.66564167,-86.83541389,0,12,1,0,3,3,0,1,2,1,0,1,0,0000000,23,25,23,50,99,99,0,0,0,1,1
18,180414,2,2,0,0,0,3,3,91,2990,31,7,2014,5,21,21,1,13,5,MICHIGAN BLVD,,0,41.70463056,-86.85304167,0,12,6,0,8,1,1,1,2,10,0,10,0,0000000,99,99,99,99,99,99,0,0,0,1,2
18,180415,1,1,0,0,0,1,1,139,4270,7,8,2014,5,11,5,0,4,3,SR-3,,0,39.65475,-85.4833,0,1,0,0,1,1,0,1,1,1,0,1,0,0000000,11,12,11,30,99,99,0,0,0,1,0
18,180416,1,1,0,0,0,1,1,3,1580,27,8,2014,4,14,34,0,6,5,PARENT RD,I-469,0,41.10693056,-84.99633611,0,24,0,0,3,3,0,4,1,1,0,1,0,0000000,99,99,99,99,99,99,0,0,0,1,0
18,180417,2,2,0,0,0,3,3,35,3360,28,8,2014,5,20,53,0,14,5,N NEBO RD,W MCGALLIARD RD,0,40.22079167,-85.46167778,0,12,6,0,2,3,0,1,3,1,0,1,0,0000000,99,99,99,99,88,88,0,0,0,1,0
18,180418,2,2,0,0,0,2,2,157,290,28,8,2014,5,16,20,1,1,1,I-65 N,,1825,40.52455278,-86.90113889,0,12,7,0,1,1,0,1,1,1,0,1,0,0000000,16,29,16,39,99,99,0,0,0,1,1
18,180419,1,1,0,1,1,1,1,105,1420,29,8,2014,6,6,50,1,13,3,SR-46 E,FIFTH ST,0,39.23345278,-86.62429722,0,8,0,0,2,2,0,1,4,1,0,1,0,0000000,6,51,6,56,99,99,0,0,0,1,0
18,180420,2,2,0,0,0,2,2,115,4150,5,7,2014,7,13,26,0,4,4,CR-NELSON ROAD,,0,38.97503889,-84.93701944,0,12,2,0,1,1,0,1,1,1,0,1,0,0000000,99,99,99,99,99,99,0,0,0,1,0
18,180421,1,1,0,0,0,3,3,97,2210,13,8,2014,4,20,39,1,11,1,I-65,,1150,39.80480556,-86.16595278,0,26,0,0,1,1,0,3,2,1,0,1,0,0000000,20,49,20,56,99,99,0,0,0,1,1
18,180422,3,3,0,0,0,3,3,3,1580,27,8,2014,4,17,6,0,16,5,ST JOE RD,,0,41.13531389,-85.09724444,0,12,6,0,1,1,0,1,1,1,0,1,0,0000000,17,7,17,9,99,99,0,0,0,1,0
18,180423,3,3,0,0,0,5,5,31,1910,27,8,2014,4,5,41,1,2,3,SR-3,,0,39.43946111,-85.47869722,0,12,8,0,1,1,0,1,2,1,0,1,0,0000000,99,99,99,99,99,99,0,0,0,1,0
18,180424,2,2,0,0,0,2,2,95,3910,29,8,2014,6,23,2,0,4,3,SR-38,,0,40.009925,-85.80101389,0,12,2,0,1,1,0,1,2,1,0,1,0,0000000,99,99,99,99,99,99,0,0,0,1,0
18,180425,2,2,0,0,0,3,3,39,1830,29,8,2014,6,5,35,0,6,4,CR-38,,0,41.552175,-85.73375833,0,12,1,0,1,1,0,1,2,10,0,10,0,0000000,99,99,99,99,99,99,0,0,0,1,0
18,180426,1,1,0,0,0,1,1,141,4580,29,8,2014,6,20,40,0,6,5,MAYFLOWER RD,,0,41.75217778,-86.32339722,0,30,0,0,1,1,0,4,2,10,0,10,0,0000000,20,45,20,51,99,99,0,0,0,1,0
18,180427,1,1,0,0,0,1,1,141,4580,2,9,2014,3,3,0,1,13,5,IRONWOOD DR,,0,41.64618056,-86.21558333,0,33,0,0,1,1,0,4,2,1,0,1,0,0000000,99,99,99,99,99,99,0,0,0,1,1
18,180428,1,1,0,0,0,1,1,145,4470,3,9,2014,4,5,57,1,2,3,SR-9 N,,1130,39.54979444,-85.77552778,0,24,0,1,19,1,0,4,3,5,0,5,0,0000000,99,99,99,99,99,99,0,0,0,1,0