STATE,ST_CASE,VE_TOTAL,VE_FORMS,PVH_INVL,PEDS,PERNOTMVIT,PERMVIT,PERSONS,COUNTY,CITY,DAY,MONTH,YEAR,DAY_WEEK,HOUR,MINUTE,NHS,ROAD_FNC,ROUTE,TWAY_ID,TWAY_ID2,MILEPT,LATITUDE,LONGITUD,SP_JUR,HARM_EV,MAN_COLL,RELJCT1,RELJCT2,TYP_INT,WRK_ZONE,REL_ROAD,LGT_COND,WEATHER1,WEATHER2,WEATHER,SCH_BUS,RAIL,NOT_HOUR,NOT_MIN,ARR_HOUR,ARR_MIN,HOSP_HR,HOSP_MN,CF1,CF2,CF3,FATALS,DRUNK_DR
19,190170,1,1,0,0,0,1,1,41,0,19,8,2014,3,16,38,0,4,4,CR-B17/300TH ST,,0,43.21295278,-95.10131944,0,1,0,0,1,1,4,1,1,99,0,99,0,0000000,16,39,16,46,16,59,3,0,0,1,0
19,190171,1,1,0,0,0,2,2,97,0,22,8,2014,6,18,32,0,6,4,CR-67 AVE,,0,42.09870278,-90.82143333,0,1,0,0,1,1,0,4,1,1,0,1,0,0000000,18,42,18,47,99,99,0,0,0,1,1
19,190172,2,2,0,0,0,6,6,161,0,23,8,2014,7,0,30,0,6,4,CR-BERCHE AVE,CR-100TH ST,0,42.2104,-95.07228889,0,12,6,0,2,2,0,1,2,10,0,10,0,0000000,2,19,2,35,99,99,0,0,0,2,2
19,190173,1,1,0,1,1,1,1,153,2260,25,8,2014,2,20,56,0,14,6,HICKMAN RD,40TH ST,0,41.61498333,-93.67061944,0,8,0,0,2,2,0,1,3,1,0,1,0,0000000,20,57,21,2,21,15,0,0,0,1,0
19,190174,1,1,0,0,0,1,1,0,0,26,8,2014,3,16,59,1,2,2,US-30,,79,41.963775,-92.14340833,0,72,0,0,1,1,0,1,1,1,0,1,0,0000000,16,55,17,28,18,7,0,0,0,1,0
19,190175,2,2,0,0,0,3,3,119,0,29,8,2014,6,23,30,0,4,3,SR-182,CR-A34,30,43.34618333,-96.42861389,0,12,6,0,2,4,0,1,2,5,0,5,0,0000000,23,24,23,31,99,99,0,0,0,1,0
19,190176,1,1,0,0,0,1,1,155,1900,30,8,2014,7,13,44,1,11,1,I-29,16TH ST,131,41.28535833,-95.86789722,0,35,0,0,1,1,0,8,1,1,0,1,0,0000000,13,44,13,50,14,12,0,0,0,1,0
19,190177,2,2,0,0,0,6,6,73,0,1,9,2014,2,9,27,1,2,2,US-30,,214,42.03293056,-94.217825,0,12,2,0,1,1,0,1,1,1,0,1,0,0000000,99,99,99,99,99,99,0,0,0,1,0
19,190178,1,1,0,0,0,1,1,157,0,20,8,2014,4,12,28,1,1,1,I-80,,121,41.69551389,-92.5196,0,35,0,0,1,1,0,4,1,1,0,1,0,0000000,12,33,12,37,13,9,0,0,0,1,0
19,190179,1,1,0,0,0,1,1,153,8550,1,9,2014,2,18,45,0,16,6,128TH ST,,0,41.61982222,-93.78947222,0,33,0,0,1,1,0,10,1,1,0,1,0,0000000,18,46,18,51,88,88,0,0,0,1,1
19,190180,2,2,0,0,0,4,4,129,0,2,9,2014,3,17,30,1,2,2,US-34,,201,41.03066944,-95.55953056,0,12,2,0,1,1,0,1,1,10,0,10,0,0000000,17,17,17,24,99,99,0,0,0,1,0
19,190181,2,2,0,0,0,2,2,31,0,2,9,2014,3,9,5,1,1,1,I-80,,177,41.63430556,-91.02773056,0,1,0,0,1,1,0,3,1,1,0,1,0,0000000,9,10,9,23,10,13,0,0,0,1,0
19,190182,2,2,0,0,0,2,2,79,0,4,9,2014,5,20,29,1,2,2,US-69,CR-D65,20,42.23827778,-93.62403056,0,12,2,0,3,3,0,1,2,10,0,10,0,0000000,99,99,99,99,99,99,0,0,0,1,2
19,190183,2,2,0,0,0,2,2,103,4050,5,9,2014,6,1,33,1,13,2,US-218,,136,41.68696944,-91.63418333,0,12,6,0,1,1,0,1,3,1,0,1,0,0000000,88,88,88,88,88,88,0,0,0,1,1
19,190184,2,2,0,0,0,5,5,197,0,5,9,2014,6,18,12,0,6,4,CR-IDA AVE,CR-140TH ST,0,42.84875278,-93.81317778,0,12,6,0,2,2,0,1,1,10,0,10,0,0000000,99,99,99,99,99,99,0,0,0,2,0
19,190185,1,1,0,0,0,1,1,5,0,7,9,2014,1,10,55,0,3,3,SR-76,,302,43.36884722,-91.52420278,0,31,0,0,1,1,0,4,1,1,0,1,0,0000000,88,88,88,88,88,88,0,0,0,1,0
19,190186,1,1,0,0,0,1,1,197,0,7,9,2014,1,16,56,0,4,4,CR-R33/HANCOCK AVE,,0,42.70196944,-93.83365278,0,10,0,0,6,1,0,1,1,1,0,1,0,196591X,88,88,88,88,88,88,0,0,0,1,0
19,190187,1,1,0,0,0,1,1,191,0,10,9,2014,4,18,2,0,4,4,CR-W38/LOCUST RD,,0,43.37285,-91.75195833,0,58,0,0,1,1,0,1,1,10,0,10,0,0000000,18,3,18,11,18,29,0,0,0,1,0
19,190188,2,2,0,0,0,2,2,3,0,11,9,2014,5,7,45,0,6,4,CR-VANILLA AVE,CR-200TH ST,0,41.01463611,-94.50921944,0,12,6,0,2,2,0,1,4,10,8,8,0,0000000,88,88,88,88,88,88,0,0,0,1,0
19,190189,1,1,0,0,0,1,1,11,0,13,9,2014,7,22,22,0,6,4,CR-13TH AVE,CR-77TH ST,0,41.906475,-92.26888333,0,35,0,0,3,2,0,4,2,1,0,1,0,0000000,88,88,88,88,88,88,0,0,0,1,1
19,190190,1,1,0,0,0,1,1,15,0,14,9,2014,1,7,35,0,4,4,CR-L AVE,,0,42.09898611,-93.95078056,0,34,0,0,1,1,0,4,2,10,0,10,0,0000000,88,88,88,88,88,88,0,0,0,1,1
19,190191,1,1,0,1,1,1,1,153,2260,15,9,2014,2,5,54,0,14,6,E ARMY POST RD,SE 5TH ST,0,41.52634722,-93.60644167,0,8,0,0,2,2,0,1,3,10,0,10,0,0000000,5,54,5,59,88,88,0,0,0,1,0
19,190192,2,2,0,0,0,2,2,113,1340,17,9,2014,4,16,41,0,16,6,MILLER AVE SW,,0,41.92452778,-91.65930278,0,12,2,0,4,1,0,1,1,1,0,1,0,0000000,16,43,16,49,17,10,0,0,0,1,0
19,190193,2,2,0,0,0,2,2,193,0,18,9,2014,5,21,32,0,4,4,CR-45,CR-100TH ST,0,42.21438611,-96.21523333,0,12,6,0,2,2,0,1,2,10,0,10,0,0000000,21,32,21,44,22,36,0,0,0,1,0
19,190194,1,1,0,0,0,2,2,67,0,19,9,2014,6,2,35,1,2,2,US-18,,40,43.11828611,-92.94406111,0,1,0,0,1,1,0,4,2,1,0,1,0,0000000,99,99,99,99,99,99,0,0,0,1,0
19,190195,2,2,0,0,0,2,2,163,2080,20,9,2014,7,18,1,0,14,6,W LOCUST ST,,0,41.53817778,-90.61915,0,12,6,0,4,1,0,1,1,1,0,1,0,0000000,18,2,18,3,18,13,0,0,0,1,1
19,190196,3,3,0,0,0,5,5,61,0,31,8,2014,1,16,3,1,3,2,US-52,,11,42.39440278,-90.58558611,0,12,2,0,4,1,0,1,1,1,0,1,0,0000000,16,49,17,22,18,36,0,0,0,1,0
19,190197,1,1,0,0,0,1,1,153,8550,22,9,2014,2,8,45,0,14,6,MEREDITH DR,,0,41.6439,-93.70337778,0,53,0,0,1,1,0,4,1,1,0,1,0,0000000,88,88,88,88,88,88,0,0,0,1,0
19,190198,2,2,0,0,0,3,3,35,0,22,9,2014,2,17,26,1,2,2,US-59,SR-31,51,42.63395556,-95.55529444,0,12,6,0,2,2,0,1,1,1,0,1,0,0000000,17,26,17,44,18,8,0,0,0,1,0
19,190199,2,2,0,0,0,2,2,181,0,22,9,2014,2,12,27,1,2,2,US-65,,230,41.44861389,-93.55830833,0,12,1,0,7,1,0,1,1,1,0,1,0,0000000,12,26,12,37,13,13,0,0,0,1,0
19,190200,1,1,0,0,0,1,1,155,1900,25,9,2014,5,12,22,1,11,1,I-29,,53,41.23208056,-95.84816667,0,57,0,0,1,1,0,3,1,1,0,1,0,0000000,88,88,88,88,88,88,0,0,0,1,0
19,190201,2,2,0,0,0,2,2,153,0,28,9,2014,1,7,49,0,4,4,CR-NE 78TH AVE,CR-NE 56TH ST,0,41.70288333,-93.503075,0,12,6,0,2,2,0,1,1,1,0,1,0,0000000,7,49,7,59,8,26,0,0,0,1,0
19,190202,1,1,0,0,0,1,1,181,9997,29,9,2014,2,9,5,0,5,6,E CO LINE RD,,0,41.51176944,-93.58814444,0,39,0,0,1,1,0,4,1,1,0,1,0,0000000,88,88,88,88,88,88,20,0,0,1,0
19,190203,2,2,0,0,0,6,6,21,8100,29,9,2014,2,10,40,0,5,4,CR-1638 570TH ST,,0,42.69080556,-95.08603611,0,12,2,0,1,1,0,1,1,1,0,1,0,0000000,99,99,99,99,99,99,0,0,0,2,0
19,190204,2,2,0,0,0,2,2,167,0,1,10,2014,4,7,57,1,2,2,US-75,CR-470TH ST,40,42.9678,-96.17537222,0,12,6,0,2,2,0,1,1,10,0,10,0,0000000,88,88,88,88,88,88,0,0,0,1,0
19,190205,1,1,0,0,0,1,1,113,0,1,10,2014,4,10,17,0,3,4,CR-COTTAGE GROVE AVE SE,,0,41.99589722,-91.60419722,0,42,0,0,1,1,0,4,1,10,0,10,0,0000000,10,19,10,22,10,46,0,0,0,1,0
19,190206,1,1,0,1,1,1,1,163,2080,8,10,2014,4,99,99,1,13,2,US-67,TREMONT AVE,17,41.52515833,-90.56136389,0,8,0,0,2,2,0,1,1,1,0,1,0,0000000,7,19,7,25,7,34,0,0,0,1,0
19,190207,1,1,0,0,0,1,1,41,0,8,10,2014,4,14,55,0,4,4,CR-B24/350TH ST,,0,43.14183333,-95.1015,0,35,0,0,1,1,4,4,1,1,0,1,0,385705E,15,0,15,5,15,22,0,0,0,1,0
19,190208,1,1,0,0,0,1,1,127,0,10,10,2014,6,22,42,0,2,3,SR-14,,47,41.93136389,-92.91695556,0,35,0,0,1,1,0,4,2,1,0,1,0,0000000,23,12,23,45,0,33,0,0,0,1,1
19,190209,1,1,0,0,0,1,1,75,0,11,10,2014,7,13,25,0,6,4,CR-300TH ST,,0,42.26750278,-92.94356111,0,1,0,0,1,1,0,4,1,1,0,1,0,0000000,13,34,13,46,14,44,0,0,0,1,0
19,190210,1,1,0,0,0,1,1,193,7850,12,10,2014,1,22,41,0,14,6,W 4TH ST,CENTER ST,0,42.50039444,-96.42097222,0,39,0,0,3,3,0,4,3,10,0,10,0,0000000,22,41,22,48,23,8,0,0,0,1,1
19,190212,2,2,0,0,0,2,2,17,0,16,10,2014,5,7,53,0,3,3,SR-188,CR-DAKOTA AVE,22,42.84753889,-92.49525,0,12,6,0,2,2,0,1,1,1,0,1,0,0000000,88,88,88,88,88,88,0,0,0,1,0
19,190213,1,1,0,0,0,1,1,103,0,16,10,2014,5,15,4,0,5,4,CR-SANDY BEACH RD,CR-MOHAWK RD,0,41.82736111,-91.62313611,0,19,0,0,3,4,0,4,1,1,0,1,0,0000000,15,4,15,22,88,88,0,0,0,1,0
19,190214,1,1,0,0,0,1,1,63,0,17,10,2014,6,17,49,0,6,4,CR-420TH AVE,,0,43.33640556,-94.75794167,0,1,0,0,1,1,0,1,1,10,0,10,0,0000000,88,88,88,88,88,88,0,0,0,1,0
19,190215,2,2,0,0,0,3,3,183,0,4,9,2014,5,1,3,1,2,2,US-218,,93,41.30063889,-91.536375,0,12,6,9,7,1,0,1,2,1,0,1,0,0000000,99,99,99,99,99,99,0,0,0,1,0
19,190216,1,1,0,0,0,1,1,149,0,17,10,2014,6,19,52,0,6,4,CR-200TH ST,,0,42.73503056,-96.31101667,0,34,0,0,1,1,0,4,2,1,0,1,0,0000000,19,54,20,5,20,50,0,0,0,1,0
19,190217,1,1,0,1,1,1,1,153,2260,18,10,2014,7,7,6,0,13,3,SR-163/E UNIVERSITY,,16,41.60048056,-93.56711389,0,8,0,0,1,1,0,1,4,1,0,1,0,0000000,88,88,88,88,88,88,0,0,0,1,0
19,190218,1,1,0,0,0,1,1,45,0,19,10,2014,1,16,28,0,4,4,CR-380TH AVE,,0,41.78459722,-90.35484167,0,35,0,0,1,1,0,4,1,1,0,1,0,0000000,16,33,17,1,17,47,0,0,0,1,0
19,190219,2,2,0,0,0,3,3,73,0,21,10,2014,3,11,17,1,2,2,US-30,,235,42.03426667,-94.17970278,0,12,8,0,1,1,0,2,1,1,0,1,0,0000000,99,99,99,99,99,99,0,0,0,1,0
19,190220,1,1,0,0,0,1,1,99,0,22,10,2014,4,12,27,0,6,4,CR-N 99TH AVE W,,0,41.83465556,-93.29929444,0,35,0,0,1,1,0,4,1,1,0,1,0,0000000,88,88,88,88,88,88,5,0,0,1,0
19,190221,1,1,0,0,0,1,1,17,0,22,10,2014,4,15,31,0,4,4,CR-C033/1905H ST,,0,42.77345833,-92.34733056,0,42,0,0,1,1,0,4,1,1,0,1,0,0000000,16,3,16,5,17,12,0,0,0,1,0
19,190222,2,2,0,0,0,3,3,29,460,22,10,2014,4,18,18,1,13,2,US-06,10TH ST,104,41.40143611,-95.02832222,0,12,6,0,2,2,0,1,1,1,0,1,0,0000000,99,99,99,99,99,99,0,0,0,1,0
19,190223,1,1,0,1,1,1,1,153,280,25,10,2014,7,14,5,0,13,6,SW ORALABOR RD,,0,41.70317222,-93.62445,0,8,0,0,1,1,0,1,1,1,0,1,0,0000000,88,88,88,88,88,88,0,0,0,1,0
19,190224,1,1,0,0,0,1,1,189,0,25,10,2014,7,23,39,0,4,4,CR-R74/225TH AVE,,0,43.37393333,-93.52765,0,53,0,0,1,1,0,4,2,1,0,1,0,0000000,88,88,88,88,88,88,0,0,0,1,1
19,190225,2,2,0,0,0,3,3,103,6180,26,10,2014,1,17,12,0,14,6,PENN ST,,0,41.75223056,-91.61147222,0,12,2,0,8,1,0,1,1,1,0,1,0,0000000,17,13,17,21,17,47,0,0,0,1,0
19,190227,1,1,0,0,0,1,1,45,0,29,10,2014,4,11,28,0,4,4,CR-190TH AVE,,235,42.03426667,-94.17970278,0,10,0,0,6,1,0,1,1,1,0,1,0,190399X,11,35,12,6,12,46,0,0,0,1,0
19,190228,2,2,0,0,0,3,3,57,0,30,10,2014,5,6,40,0,4,4,CR-H38/MEDIAPOLIS RD,CR-220TH AVE,0,41.00167778,-91.35230556,0,12,6,0,2,2,0,1,2,1,0,1,0,0000000,99,99,99,99,99,99,0,0,0,1,0
19,190230,2,2,0,0,0,3,3,33,0,30,10,2014,5,12,34,1,2,2,US-18,,252,43.11895278,-93.05235556,0,12,7,0,1,1,0,2,1,10,0,10,0,0000000,99,99,99,99,99,99,0,0,0,1,0
19,190231,1,1,0,0,0,2,2,83,0,25,9,2014,5,15,27,1,2,2,US-20,,213,42.44762778,-93.064575,0,1,0,0,1,1,0,1,1,1,0,1,0,0000000,15,43,16,9,16,44,0,0,0,1,0
19,190232,2,2,0,0,0,2,2,15,0,18,9,2014,5,5,50,0,4,4,CR-P70/H AVE,CR-E18/130TH ST,0,42.16656111,-94.028025,0,12,6,0,2,2,0,1,6,5,0,5,0,0000000,99,99,99,99,99,99,0,0,0,1,0
19,190233,2,2,0,0,0,2,2,41,0,31,10,2014,6,8,25,0,4,4,CR-B40/400TH ST,CR-M38/190TH ST,0,43.06858333,-95.21069167,0,12,6,0,2,2,0,1,1,1,0,1,0,0000000,8,29,8,37,9,5,0,0,0,1,0
19,190234,2,2,0,0,0,3,3,27,0,27,10,2014,2,12,0,1,2,2,US-30,CR-HAWTHORNE AVE,70,42.07870278,-94.95605833,0,12,6,0,2,2,0,1,1,1,0,1,0,0000000,12,2,12,11,12,28,0,0,0,1,0
19,190235,2,2,0,0,0,2,2,105,0,29,10,2014,4,16,53,1,2,2,US-151,CR-SHAW RD,53,42.085925,-91.26926944,0,12,6,0,2,2,0,1,1,1,0,1,0,0000000,99,99,99,99,99,99,0,0,0,1,0
19,190236,2,2,0,0,0,4,4,153,2260,1,11,2014,7,19,11,0,14,6,EAST 6TH ST,I-235 OFF RAMP,0,41.59589444,-93.60983333,0,12,6,0,2,2,0,1,3,1,0,1,0,0000000,19,12,19,17,19,30,0,0,0,1,0
19,190237,1,1,0,0,0,1,1,85,0,19,9,2014,6,18,53,0,4,4,CR-F20L/EASTON TRL,,0,41.75467778,-95.75842778,0,1,0,0,1,1,0,1,1,1,0,1,0,0000000,18,55,19,20,20,4,0,0,0,1,1
19,190238,2,2,0,0,0,4,4,163,2080,28,9,2014,1,2,4,1,13,2,US-61/BRADY ST,W 12TH ST,127,41.531975,-90.57403611,0,12,6,0,2,2,0,1,3,1,0,1,0,0000000,2,6,2,9,99,99,0,0,0,2,2
19,190239,2,2,0,0,0,2,2,85,0,14,8,2014,5,20,9,1,2,2,US-30,,202,41.64439167,-95.76590833,0,12,2,0,1,1,0,1,5,1,0,1,0,0000000,20,9,20,16,99,99,0,0,0,1,1
19,190240,2,2,0,0,0,3,3,111,0,18,9,2014,5,8,40,1,2,2,US-61,US-218,91,40.51259167,-91.44169167,0,12,6,0,2,3,0,1,1,1,0,1,0,0000000,8,50,9,4,9,50,0,0,0,1,0
19,190241,2,2,0,0,0,2,2,61,2430,7,10,2014,3,8,38,0,16,6,ROCKDALE RD,,0,42.45925556,-90.67685833,0,12,2,0,1,1,0,1,1,10,0,10,0,0000000,8,42,8,49,9,7,0,0,0,1,0
19,190242,2,2,0,0,0,3,3,31,0,25,10,2014,7,20,29,1,2,2,US-218,,99,42.42251389,-92.27778056,0,12,2,0,1,1,0,1,2,1,0,1,0,0000000,20,43,20,50,21,28,0,0,0,1,0
19,190243,1,1,0,0,0,3,3,65,0,1,11,2014,7,3,8,0,3,4,CR-C50/ROSE RD,,0,42.67839444,-91.94558056,0,35,0,0,1,1,0,4,2,10,0,10,0,0000000,99,99,99,99,99,99,0,0,0,1,1
19,190244,1,1,0,0,0,2,2,49,0,2,11,2014,1,17,50,0,4,4,CR-OLD HWY 6,,0,41.59696944,-94.10370556,0,11,0,0,1,1,0,1,2,1,0,1,0,0000000,17,55,18,0,18,40,0,0,0,1,0
19,190245,3,3,0,0,0,4,4,15,0,3,11,2014,2,8,52,0,3,3,SR-17/T AVE,CR-E26/190TH,160,42.07820556,-93.79585278,0,12,1,0,2,2,0,1,1,2,10,2,0,0000000,99,99,99,99,99,99,0,0,0,1,0
19,190246,1,1,0,1,1,1,1,99,0,1,11,2014,7,5,7,1,1,1,I-80,,104,41.68313611,-93.14125833,0,8,0,0,1,1,0,1,2,10,0,10,0,0000000,88,88,88,88,88,88,0,0,0,1,0
19,190247,2,2,0,0,0,3,3,103,6180,3,11,2014,2,10,45,1,11,1,I-380,,20,41.72707222,-91.64212778,0,12,6,0,1,1,0,1,1,1,0,1,0,0000000,10,49,10,53,11,21,0,0,0,1,0
19,190248,2,2,0,0,0,4,4,155,1900,4,11,2014,3,9,45,1,13,2,US-275,PIUTE ST,52,41.21966667,-95.85084722,0,12,6,0,2,2,0,1,1,10,0,10,0,0000000,9,44,9,48,10,12,0,0,0,2,1
19,190249,1,1,0,0,0,2,2,27,0,5,11,2014,4,19,30,0,4,4,CR-VELVET AVE,,0,41.8961,-94.68720833,0,1,0,0,1,1,0,1,2,10,0,10,0,0000000,19,35,19,52,20,32,0,0,0,1,1
19,190250,1,1,0,0,0,1,1,7,0,31,10,2014,6,16,4,0,5,4,CR-272 AVE,,0,40.73541944,-92.76676944,0,35,0,0,1,1,0,4,1,10,0,10,0,0000000,88,88,88,88,88,88,0,0,0,1,0
19,190251,1,1,0,0,0,1,1,135,0,5,11,2014,4,10,11,0,6,4,CR-690TH AVE,,0,40.93005,-92.73472778,0,10,0,0,6,1,0,1,1,10,0,10,0,375721L,88,88,88,88,88,88,0,0,0,1,0
19,190252,2,2,0,0,0,3,3,47,0,5,11,2014,4,18,29,0,3,3,SR-37,,15,41.87282222,-95.64215833,0,12,2,0,1,1,0,1,2,1,0,1,0,0000000,99,99,99,99,99,99,0,0,0,1,0
19,190253,1,1,0,0,0,1,1,17,0,6,11,2014,5,11,18,0,6,4,CR-120 ST,,0,42.876725,-92.51624167,0,34,0,0,1,1,0,4,1,10,0,10,0,0000000,88,88,88,88,88,88,0,0,0,1,0
19,190254,1,1,0,0,0,1,1,37,0,8,11,2014,7,21,34,0,5,4,CR-ASHERTON AVE,,0,42.92742222,-92.54008611,0,34,0,0,1,1,0,4,2,10,0,10,0,0000000,88,88,88,88,88,88,0,0,0,1,1
19,190255,1,1,0,1,1,1,1,163,2080,9,11,2014,1,0,8,0,16,6,WASHINGTON ST,,0,41.53883611,-90.59620833,0,8,0,0,1,1,0,1,3,1,0,1,0,0000000,0,11,0,13,0,26,0,0,0,1,1
19,190256,2,2,0,0,0,2,2,193,7850,10,11,2014,2,12,54,0,13,3,SR-12/SIOUX RIVER RD,,100,42.53088889,-96.47485833,0,12,1,0,1,1,1,1,1,10,0,10,0,0000000,12,44,12,50,13,10,3,0,0,1,0
19,190257,1,1,0,0,0,2,2,193,0,12,11,2014,4,11,9,1,1,1,I-29,,53,42.28480278,-96.280725,0,32,0,0,1,1,0,3,1,10,0,10,0,0000000,99,99,99,99,99,99,0,0,0,1,0
19,190258,3,3,0,0,0,4,4,109,0,13,11,2014,5,16,1,0,4,4,CR-360TH ST,CR-125TH AVE,0,43.28389167,-94.21658056,0,12,6,0,2,2,0,1,1,10,0,10,0,0000000,88,88,88,88,88,88,0,0,0,2,0
19,190259,1,1,0,1,1,2,2,113,0,13,11,2014,5,21,26,1,1,1,I-380,,168,42.08967778,-91.701475,0,8,0,1,5,1,0,1,2,10,4,4,0,0000000,88,88,88,88,88,88,0,0,0,1,0
19,190260,1,1,0,0,0,1,1,71,0,14,11,2014,6,0,30,0,4,4,CR-J18/PLUM CREEK RD,,0,40.84526944,-95.70472222,0,43,0,0,1,1,0,4,2,1,0,1,0,0000000,88,88,88,88,88,88,0,0,0,1,1
19,190261,2,2,0,0,0,2,2,41,7940,15,11,2014,7,9,57,0,14,6,B24/350TH ST,,0,43.14193611,-95.182575,0,12,6,0,1,1,0,1,1,4,0,4,0,0000000,9,47,9,53,99,99,0,0,0,1,0
19,190262,1,1,0,0,0,3,3,99,0,15,11,2014,7,13,46,1,2,2,US-65,,0,41.78406111,-93.34568056,0,1,0,0,1,1,0,4,1,4,0,4,0,0000000,99,99,99,99,99,99,0,0,0,2,0
19,190263,1,1,0,0,0,1,1,27,2140,15,11,2014,7,7,8,0,6,4,CR-CLAY HILL RD,,0,43.30404167,-91.74321389,0,34,0,0,1,1,0,4,2,1,0,1,0,0000000,7,14,7,16,88,88,0,0,0,1,0
19,190264,2,2,0,0,0,3,3,13,8790,15,11,2014,7,14,45,1,13,2,US-218,,106,42.42955556,-92.28469167,0,12,6,0,1,1,0,1,1,4,0,4,0,0000000,14,46,14,52,15,16,0,0,0,1,0
19,190265,1,1,0,1,1,1,1,155,1900,15,11,2014,7,12,55,0,14,6,BENNETT AVE,,0,41.25741111,-95.81754444,0,15,0,0,8,1,0,1,1,10,0,10,0,0000000,12,56,13,2,13,21,0,0,0,1,0
19,190266,1,1,0,0,0,2,2,111,0,16,11,2014,1,0,50,0,3,4,CR-X32/303 AVE,,0,40.64143889,-91.320225,0,1,0,0,1,1,0,4,2,10,0,10,0,0000000,0,52,0,57,88,88,0,0,0,1,1
19,190267,1,1,0,0,0,1,1,183,0,18,11,2014,3,8,48,1,2,2,US-218,,93,41.30333333,-91.53721667,0,3,0,0,1,1,0,4,1,10,0,10,0,0000000,88,88,88,88,88,88,0,0,0,1,1
19,190268,1,1,0,1,1,1,1,33,0,20,11,2014,5,10,34,0,4,4,CR-S14/BALSAM AVE,CR-340TH ST,0,43.25538889,-93.47786667,0,9,0,0,2,2,0,1,1,1,0,1,0,0000000,10,45,11,1,11,22,0,0,0,1,0
19,190269,2,2,0,0,0,3,3,113,0,21,11,2014,6,23,41,0,4,4,CR-E02/URBANA RD,,0,42.194225,-91.80721667,0,12,2,0,1,1,0,1,2,10,0,10,0,0000000,88,88,88,88,88,88,0,0,0,1,1
19,190270,2,2,0,0,0,3,3,33,5370,22,11,2014,7,16,53,0,13,3,SR-122/4TH ST SW,S PIERCE AVE,68,43.14836111,-93.22100556,0,12,6,0,2,2,0,1,5,10,0,10,0,0000000,16,53,16,57,17,6,0,0,0,1,1
19,190271,2,2,0,0,0,8,8,193,0,22,11,2014,7,15,23,0,3,4,CR-330TH ST,,26,42.22849722,-96.18197222,0,12,6,0,1,1,0,1,1,1,0,1,0,0000000,22,37,22,42,23,1,0,0,0,5,0
19,190272,2,2,0,0,0,2,2,163,0,22,11,2014,7,13,8,0,4,4,CR-Z030/240TH AVE,,0,41.73539444,-90.44192222,0,12,6,0,8,1,0,1,1,2,0,2,0,0000000,13,40,13,53,14,25,0,0,0,1,0
19,190273,1,1,0,0,0,1,1,163,2080,22,11,2014,7,18,15,1,11,1,I-280,,49,41.52917222,-90.67456389,0,35,0,0,1,1,0,3,2,10,0,10,0,0000000,88,88,88,88,88,88,0,0,0,1,1
19,190274,1,1,0,0,0,1,1,9,0,22,11,2014,7,1,26,0,4,4,CR-F32/190 ST,CR-LARK AVE,0,41.7317,-94.87461944,0,19,0,0,1,1,0,4,2,5,0,5,0,0000000,88,88,88,88,88,88,0,0,0,1,1
19,190275,2,2,0,0,0,3,3,163,2080,24,11,2014,2,13,0,1,13,2,US-61/BRADY ST,E 53RD ST,153,41.57450833,-90.56963333,0,12,6,0,2,2,0,1,1,8,0,8,0,0000000,13,2,13,4,13,28,0,0,0,1,0
19,190276,2,2,0,0,0,3,3,105,0,3,11,2014,2,22,28,0,3,3,SR-64,,26,42.08486111,-91.224375,0,12,2,0,1,1,0,1,2,2,0,2,0,0000000,22,28,22,35,99,99,0,0,0,1,2
19,190277,2,2,0,0,0,2,2,33,0,21,11,2014,6,11,15,0,4,4,CR-B43/210 ST,CR-S34/LARK AVE,0,43.06709444,-93.28063889,0,12,6,0,2,2,0,1,1,10,0,10,0,0000000,88,88,88,88,88,88,0,0,0,1,0
19,190278,1,1,0,0,0,2,2,155,0,30,11,2014,1,5,0,1,2,2,US-6,,363,41.31785833,-95.25994444,0,38,0,0,1,1,0,4,2,1,0,1,0,0000000,88,88,88,88,88,88,0,0,0,2,0
19,190279,1,1,0,0,0,1,1,43,0,30,11,2014,1,23,0,0,4,4,CR-C07X/GARBER RD,,0,42.78268056,-91.15505833,0,35,0,0,1,1,0,4,2,1,0,1,0,0000000,88,88,88,88,88,88,0,0,0,1,1
19,190280,1,1,0,0,0,1,1,43,0,1,12,2014,2,9,40,0,6,4,CR-390 ST,,0,42.65941667,-91.45299722,0,34,0,0,1,1,0,4,1,10,0,10,0,0000000,88,88,88,88,88,88,0,0,0,1,1
19,190281,2,2,0,0,0,3,3,103,0,4,12,2014,5,14,0,0,4,3,SR-382/F016,CR-ELY RD,0,41.82115833,-91.53951944,0,12,6,0,2,3,0,1,1,10,0,10,1,0000000,99,99,99,99,99,99,0,0,0,1,0
19,190282,1,1,0,0,0,1,1,11,0,5,12,2014,6,1,45,0,6,4,CR-70TH ST DR,,0,42.0002,-92.18611389,0,34,0,0,1,1,0,4,2,1,0,1,0,0000000,88,88,88,88,88,88,0,0,0,1,1
19,190283,1,1,0,0,0,1,1,27,0,6,12,2014,7,7,20,0,6,4,CR-KITTYHAWK AVE,,0,41.94264444,-94.89883611,0,34,0,0,1,1,0,4,4,5,0,5,0,0000000,7,17,7,25,8,12,0,0,0,1,1
19,190284,2,2,0,0,0,7,7,181,4020,15,12,2014,2,18,39,1,13,2,US-65,WILLIOWCREST AVE,186,41.38709167,-93.55866667,0,12,1,0,2,2,0,1,3,5,0,5,0,0000000,99,99,99,99,99,99,0,0,0,1,0