STATE,ST_CASE,VE_TOTAL,VE_FORMS,PVH_INVL,PEDS,PERNOTMVIT,PERMVIT,PERSONS,COUNTY,CITY,DAY,MONTH,YEAR,DAY_WEEK,HOUR,MINUTE,NHS,ROAD_FNC,ROUTE,TWAY_ID,TWAY_ID2,MILEPT,LATITUDE,LONGITUD,SP_JUR,HARM_EV,MAN_COLL,RELJCT1,RELJCT2,TYP_INT,WRK_ZONE,REL_ROAD,LGT_COND,WEATHER1,WEATHER2,WEATHER,SCH_BUS,RAIL,NOT_HOUR,NOT_MIN,ARR_HOUR,ARR_MIN,HOSP_HR,HOSP_MN,CF1,CF2,CF3,FATALS,DRUNK_DR
19,190285,1,1,0,0,0,1,1,91,0,17,12,2014,4,13,48,0,4,4,CR-C20/120TH ST,,0,42.87586944,-94.13930556,0,34,0,0,1,1,0,4,1,10,0,10,0,0000000,88,88,88,88,88,88,0,0,0,1,0
19,190286,1,1,0,0,0,1,1,97,0,18,12,2014,5,15,18,0,3,3,SR-62,,137,42.21143056,-90.50644167,0,34,0,0,1,1,0,4,1,10,0,10,0,0000000,15,18,15,30,16,33,0,0,0,1,0
19,190287,2,2,0,0,0,2,2,197,0,23,12,2014,3,9,18,0,5,4,CR-R65/BELMOND RD,,0,42.83053056,-93.59074167,0,12,6,0,1,1,0,1,1,10,4,4,0,0000000,9,11,9,19,9,41,0,0,0,1,0
19,190288,2,2,0,0,0,3,3,85,0,23,12,2014,3,18,4,1,2,2,US-30,,162,41.61097778,-95.82260833,0,12,2,0,1,1,0,1,2,2,0,2,0,0000000,99,99,99,99,99,99,0,0,0,1,0
19,190289,2,2,0,0,0,3,3,27,0,27,12,2014,7,0,30,0,4,4,CR-TIMBER AVE,,0,42.09741667,-94.72594167,0,12,6,0,1,1,0,1,2,10,4,4,0,0000000,0,34,0,53,1,57,0,0,0,1,0
19,190290,1,1,0,0,0,1,1,83,0,24,11,2014,2,16,54,0,5,4,CR-S27/240 ST,CR-D47/F AVE,0,42.35379444,-93.38569167,0,35,0,0,3,3,0,4,5,10,0,10,0,0000000,88,88,88,88,88,88,0,0,0,1,1
19,190291,1,1,0,0,0,1,1,77,0,30,12,2014,3,22,29,0,4,4,CR-F65/WHITE POLE RD,,0,41.50407778,-94.27348889,0,31,0,0,1,1,0,4,2,1,0,1,0,0000000,88,88,88,88,88,88,0,0,0,1,1
19,190293,2,2,0,0,0,4,4,155,0,22,8,2014,6,10,27,0,3,3,SR-92,CR-M47/500TH ST,366,41.23198889,-95.23211667,0,12,6,0,2,2,0,1,1,1,0,1,0,0000000,10,32,10,49,99,99,0,0,0,1,0
19,190294,2,2,0,0,0,4,4,155,0,19,12,2014,6,17,35,1,3,2,US-6,,83,41.280575,-95.77228056,0,12,2,0,1,1,0,1,2,2,0,2,0,0000000,17,45,17,53,18,24,0,0,0,1,0
19,190295,1,1,0,0,0,1,1,179,0,21,10,2014,3,8,46,0,4,4,CR-J12 RIVER RD,,0,40.91807778,-92.23193889,0,35,0,0,1,1,0,4,1,1,0,1,0,0000000,8,47,9,3,9,33,0,0,0,1,0
20,200001,1,1,0,0,0,1,1,169,4900,3,1,2014,6,15,0,0,3,6,N BROADWAY BLVD,,0,38.84620556,-97.62466389,0,24,0,0,1,1,0,4,1,1,0,1,0,0000000,15,1,15,6,15,24,0,0,0,1,0
20,200002,1,1,0,0,0,1,1,177,5348,5,1,2014,1,22,45,0,16,6,SE 21ST STREET,,0,39.02961667,-95.60558889,0,42,0,0,1,1,0,4,2,1,0,1,0,0000000,22,46,22,53,88,88,0,0,0,1,1
20,200003,2,2,0,0,0,2,2,45,0,8,1,2014,4,6,50,0,6,6,N 1800 RD,,0,39.00053611,-95.23178611,0,12,2,0,1,1,0,1,2,1,0,1,0,0000000,6,55,7,5,88,88,0,0,0,1,0
20,200004,1,1,0,0,0,4,4,145,2980,8,1,2014,4,10,50,0,3,3,SR-156,,986,38.18851944,-99.15565556,0,32,0,0,1,1,0,4,1,1,0,1,0,0000000,10,56,11,3,11,28,0,0,0,2,0
20,200005,1,1,0,1,1,2,2,173,5880,9,1,2014,5,21,48,0,13,6,S OLIVER AVE,,0,37.64579444,-97.28039444,0,9,0,0,1,1,0,1,3,2,0,2,0,0000000,21,48,21,53,88,88,0,0,0,1,1
20,200006,1,1,0,0,0,1,1,55,0,10,1,2014,6,17,33,0,6,6,SAGEBRUSH RD,,0,37.95639722,-100.8983306,0,1,0,0,1,1,0,4,5,1,0,1,0,0000000,17,34,17,42,88,88,0,0,0,1,1
20,200007,1,1,0,0,0,2,2,55,2498,11,1,2014,7,14,45,0,6,6,RODKEY RD,,0,38.01810278,-100.9579944,0,1,0,0,1,1,0,4,1,1,0,1,0,0000000,15,38,15,44,88,88,0,0,0,2,0
20,200008,1,1,0,0,0,2,2,173,5880,12,1,2014,1,14,53,0,14,6,W DOUGLAS AVE,,0,37.68602778,-97.33658611,0,33,0,0,1,1,0,4,1,1,0,1,0,0000000,14,58,15,1,15,16,0,0,0,1,1
20,200009,1,1,0,0,0,1,1,105,3189,13,1,2014,2,22,40,0,3,3,SR-14,,1806,39.02339722,-98.15088889,0,1,0,0,1,1,0,4,2,1,0,1,0,0000000,22,43,22,49,88,88,0,0,0,1,1
20,200010,1,1,0,0,0,1,1,3,0,15,1,2014,4,11,42,0,4,6,E 1600 RD,,0,38.25926389,-95.435875,0,1,0,0,1,1,0,4,1,1,0,1,0,0000000,11,45,11,56,88,88,0,0,0,1,0
20,200011,3,3,0,0,0,4,4,193,0,16,1,2014,5,13,59,1,2,2,US-83,,1790,39.46049167,-100.7729889,0,12,1,0,1,1,0,1,1,7,0,7,0,0000000,13,59,14,30,88,88,0,0,0,2,0
20,200012,4,4,0,0,0,5,5,193,0,16,1,2014,5,13,59,1,2,2,US-83,,1790,39.46077778,-100.7720944,0,12,1,0,1,1,0,1,1,7,0,7,0,0000000,14,4,14,30,88,88,0,0,0,1,0
20,200013,2,2,0,0,0,3,3,173,3470,20,1,2014,2,21,26,0,3,3,SR-42,S MAIZE RD,830,37.62584167,-97.46103889,0,12,1,0,3,2,0,1,3,6,0,6,0,0000000,21,31,21,38,22,12,0,0,0,1,0
20,200014,2,2,0,0,0,2,2,175,0,22,1,2014,4,5,10,1,2,2,US-83,,91,37.17737778,-100.9228833,0,12,8,0,1,1,0,1,2,1,0,1,0,0000000,5,10,5,16,5,29,0,0,0,1,0
20,200015,1,1,0,0,0,1,1,173,5880,26,1,2014,1,2,14,1,12,1,I-235,,68,37.670925,-97.40156111,0,59,0,1,5,1,0,4,3,1,0,1,0,0000000,2,14,2,18,88,88,0,0,0,1,1
20,200016,1,1,0,1,1,1,1,91,5090,30,1,2014,5,21,58,1,2,1,I-435,,67,39.02034444,-94.78563056,0,8,0,0,1,1,0,1,2,1,0,1,0,0000000,88,88,88,88,88,88,19,0,0,1,0
20,200017,3,3,0,1,1,1,1,91,4140,31,1,2014,6,20,20,1,1,1,I-35,,2130,38.83023056,-94.851625,0,12,9,1,5,1,0,2,3,6,0,6,0,0000000,20,22,20,26,88,88,0,0,0,1,0
20,200018,2,2,0,0,0,7,7,1,2700,31,1,2014,6,13,22,1,2,2,US-54,,0,37.92202222,-95.42683889,0,24,0,0,1,1,0,4,1,12,0,12,0,0000000,13,25,13,28,14,10,0,0,0,1,0
20,200019,1,1,0,0,0,1,1,15,0,12,1,2014,1,2,0,0,4,6,SW 70TH STREET,,0,37.724125,-97.01515,0,53,0,0,1,1,0,4,2,1,0,1,0,0000000,2,5,2,18,2,40,0,0,0,1,1
20,200020,2,1,1,0,0,1,1,173,5880,1,2,2014,7,4,50,1,11,1,I-135,,91,37.72303889,-97.31824167,0,14,0,1,19,1,0,2,3,1,0,1,0,0000000,4,54,5,1,5,21,0,0,0,1,0
20,200021,1,1,0,0,0,1,1,67,5490,2,2,2014,1,99,99,0,6,4,CR-11,,0,37.59080556,-101.1790556,0,1,0,0,1,1,0,4,2,1,0,1,0,0000000,7,33,7,43,88,88,0,0,0,1,1
20,200022,2,2,0,0,0,4,4,37,0,4,2,2014,3,13,55,1,2,2,US-69,,315,37.35212778,-94.70928611,0,12,6,0,1,1,0,1,1,4,0,4,0,0000000,14,1,14,10,14,37,0,0,0,2,0
20,200023,2,2,0,0,0,3,3,79,0,4,2,2014,3,7,49,1,1,1,I-135,,422,38.16317778,-97.4356,0,12,6,0,1,1,0,1,1,3,0,3,0,0000000,7,56,8,10,8,54,0,0,0,1,0
20,200024,2,2,0,0,0,2,2,107,0,7,2,2014,6,14,12,0,3,3,SR-52,SCOTT RD,90,38.14613333,-94.73219722,0,12,6,0,2,2,0,1,1,1,0,1,0,0000000,12,41,14,27,88,88,0,0,0,1,0
20,200025,2,2,0,0,0,3,3,117,0,12,2,2014,4,18,40,1,2,2,US-36,6TH RD,2892,39.84253889,-96.71151111,0,12,6,0,2,2,0,1,2,1,0,1,0,0000000,18,46,18,58,19,22,0,0,0,1,1
20,200026,1,1,0,0,0,1,1,159,0,13,2,2014,5,99,99,0,3,3,SR-14,,1311,38.37259722,-98.20185,0,30,0,0,1,1,0,4,1,1,0,1,0,0000000,12,41,12,48,13,20,0,0,0,1,1
20,200027,1,1,0,0,0,1,1,99,0,13,2,2014,5,7,47,0,6,6,PRATT RD,,0,37.22429167,-95.24935556,0,42,0,0,1,1,0,4,1,1,0,1,0,0000000,7,48,8,2,88,88,0,0,0,1,0
20,200028,2,2,0,0,0,2,2,209,2820,17,2,2014,2,18,44,0,14,6,E SHAWNEE DRIVE,N 34TH STREET,0,39.05421111,-94.66783611,0,12,6,1,2,2,0,1,3,1,0,1,0,0000000,19,2,19,10,19,30,20,0,0,1,0
20,200029,2,2,0,0,0,2,2,209,2820,17,2,2014,2,5,30,1,2,2,US-73,LEAVENWORTH RD,37,39.14313611,-94.90067222,0,12,6,0,2,2,0,1,3,1,0,1,0,0000000,5,33,6,2,6,39,0,0,0,1,0
20,200030,1,1,0,0,0,1,1,111,0,20,2,2014,5,13,40,0,6,4,CR-H5,,0,38.49137222,-96.21680556,0,1,0,0,1,1,0,4,1,1,0,1,0,0000000,13,50,14,50,88,88,0,0,0,1,1
20,200031,1,1,0,0,0,2,2,177,0,23,2,2014,1,20,5,0,15,6,NW ROCHESTR,,0,39.14219722,-95.67276944,0,42,0,0,1,1,0,4,2,1,0,1,0,0000000,20,7,20,16,20,42,0,0,0,1,0
20,200032,2,2,0,0,0,3,3,97,2190,21,2,2014,6,14,37,0,6,6,31ST AVE,Q RD,0,37.49835833,-99.28421944,0,12,6,0,2,2,0,1,1,1,0,1,0,0000000,14,37,14,54,15,15,0,0,0,1,0
20,200033,1,1,0,0,0,1,1,173,5880,22,1,2014,4,99,99,0,14,6,S BROADWAY AVE,,0,37.63296667,-97.33439167,0,31,0,0,1,1,1,4,1,1,0,1,0,0000000,8,8,8,16,88,88,0,0,0,1,0
20,200034,1,1,0,0,0,1,1,57,0,15,2,2014,7,16,44,0,3,2,US-56,,1080,37.66475,-100.2052306,0,31,0,0,1,1,0,4,1,1,0,1,0,0000000,16,46,16,56,17,24,0,0,0,1,0
20,200035,1,1,0,0,0,1,1,7,0,26,2,2014,4,15,23,0,3,3,SR-2,,148,37.12537222,-98.36720833,0,23,0,0,1,1,0,4,1,1,0,1,0,0000000,88,88,88,88,88,88,0,0,0,1,1
20,200036,2,2,0,0,0,4,4,119,3600,1,3,2014,7,1,40,1,2,2,US-54,,460,37.29917778,-100.3002944,0,12,2,0,1,1,0,1,2,1,0,1,0,0000000,1,45,1,53,2,21,0,0,0,1,2
20,200037,2,2,0,0,0,3,3,155,0,1,3,2014,7,11,10,1,2,3,SR-14,,1130,38.14488889,-98.16114444,0,12,6,0,1,1,0,1,1,12,0,12,0,0000000,11,15,11,33,12,27,0,0,0,1,0
20,200038,1,1,0,0,0,1,1,31,0,1,3,2014,7,14,35,0,3,3,SR-58,,276,38.08276111,-95.71734722,0,1,0,0,1,1,0,4,1,2,0,2,0,0000000,14,41,14,51,15,18,0,0,0,1,0
20,200039,2,2,0,0,0,5,5,45,0,1,3,2014,7,19,4,1,2,2,US-56,CR-1061,4371,38.767725,-95.093525,0,12,6,0,2,2,0,1,2,3,0,3,0,0000000,19,9,19,32,20,11,0,0,0,2,0
20,200040,1,1,0,2,2,2,2,175,3160,1,3,2014,7,23,11,0,6,6,E SECOND STREET,,0,37.03971944,-100.9085194,0,8,0,0,1,1,0,1,2,1,0,1,0,0000000,23,19,23,21,88,88,0,0,0,2,0
20,200041,3,3,0,0,0,4,4,173,0,1,3,2014,7,16,59,0,6,6,S ROCK RD,,0,37.61980556,-97.24442222,0,12,6,0,1,1,0,1,1,3,0,3,0,0000000,17,1,17,40,18,2,0,0,0,1,0
20,200043,3,3,0,0,0,3,3,209,2820,12,3,2014,4,12,30,0,14,6,PARALLEL PKWY,106TH STREET,0,39.12843889,-94.82517222,0,12,6,0,2,2,0,1,1,1,0,1,0,0000000,12,23,12,23,12,49,0,0,0,1,0
20,200044,2,2,0,0,0,3,3,125,0,10,3,2014,2,14,5,1,2,2,US-166,CR-1700,900,37.02388333,-95.91388333,0,12,1,0,3,2,0,1,1,1,0,1,0,0000000,14,24,14,36,15,6,0,0,0,1,0
20,200045,1,1,0,0,0,2,2,173,5880,5,3,2014,4,15,30,0,16,6,N JACKSON STREET,,0,37.72405556,-97.34252778,0,33,0,0,1,1,0,4,1,1,0,1,0,0000000,15,30,15,33,15,40,0,0,0,1,1
20,200046,2,2,0,0,0,2,2,173,5880,6,3,2014,5,21,18,0,14,6,W MAPLE STREET,,0,37.67871667,-97.49560833,0,12,1,0,1,1,0,1,3,1,0,1,0,0000000,21,18,21,25,21,47,0,0,0,1,1
20,200047,1,1,0,0,0,5,5,173,5880,15,3,2014,7,19,43,0,16,6,E KELLOGG DR,S OLIVER AVE,0,37.67952778,-97.28006111,0,31,0,0,3,2,0,4,1,2,5,2,0,0000000,19,44,19,48,19,58,0,0,0,4,0
20,200048,1,1,0,0,0,1,1,61,2790,15,3,2014,7,22,31,0,6,6,FRANKLIN STREET,,0,39.04168889,-96.82806389,0,1,0,0,1,1,0,1,3,6,0,6,0,0000000,22,33,22,34,23,5,0,0,0,1,1
20,200049,1,1,0,0,0,1,1,149,0,18,3,2014,3,99,99,0,6,4,CR-DULUTH RD,,0,39.52594722,-96.20821111,0,1,0,0,1,1,0,4,1,1,0,1,0,0000000,10,15,10,26,88,88,0,0,0,1,1
20,200050,2,2,0,0,0,2,2,91,1340,20,3,2014,5,1,10,1,2,3,SR-10,,206,38.96039167,-94.934675,0,12,2,0,1,1,0,1,2,1,0,1,0,0000000,1,11,1,16,88,88,0,0,0,2,1
20,200051,1,1,0,0,0,1,1,99,0,25,3,2014,3,21,50,0,4,6,SOUTHERN RD,,0,37.32550833,-95.21973889,0,1,0,0,1,1,0,4,3,1,0,1,0,0000000,88,88,88,88,88,88,0,0,0,1,0
20,200052,1,1,0,0,0,3,3,129,4780,26,3,2014,4,17,50,0,4,3,SR-51,,380,37.13825278,-101.6280194,0,1,0,0,1,1,0,4,1,1,0,1,0,0000000,17,50,18,3,18,23,0,0,0,1,0
20,200053,2,2,0,0,0,5,5,173,5880,28,3,2014,6,7,16,1,12,2,US-54,151ST,2058,37.66403889,-97.51673611,0,12,6,0,2,2,0,1,1,1,0,1,0,0000000,7,18,7,26,8,14,0,0,0,1,0
20,200054,1,1,0,0,0,2,2,103,0,29,3,2014,7,2,57,1,1,1,I-70 TOLL BOTH,,2168,39.070525,-95.00778056,0,26,0,0,1,1,0,4,3,1,0,1,0,0000000,3,4,3,19,4,11,0,0,0,1,0
20,200055,1,1,0,0,0,1,1,209,2820,30,3,2014,1,20,35,1,2,2,US-73,,161,39.12724722,-94.90155,0,35,0,0,1,1,0,3,2,1,0,1,0,0000000,20,39,20,52,21,10,0,0,0,1,1
20,200056,1,1,0,0,0,1,1,117,0,30,3,2014,1,7,0,1,2,2,US-77,,0,39.81756667,-96.64526389,0,32,0,0,1,1,0,4,4,1,0,1,0,0000000,7,56,8,5,88,88,0,0,0,1,1
20,200057,2,2,0,0,0,2,2,91,1970,13,3,2014,5,15,11,0,14,6,N CENTER STREET,W 167TH STREET,0,38.82554722,-94.92763056,0,12,6,0,2,2,0,1,1,1,0,1,0,0000000,15,11,15,17,15,55,0,0,0,1,0
20,200058,1,1,0,1,1,1,1,177,0,15,2,2014,7,4,37,0,15,6,SE HOWARD DRIVE,,0,39.01989167,-95.61283889,0,8,0,0,1,1,0,1,2,1,0,1,0,0000000,4,37,4,46,88,88,0,0,0,1,0
20,200059,1,1,0,1,1,1,1,163,4300,17,3,2014,2,21,20,0,6,6,ASH AVE,,0,39.24935833,-99.56473333,0,8,0,0,1,1,0,1,3,1,0,1,0,0000000,21,23,21,25,21,51,0,0,0,1,0
20,200060,2,2,0,0,0,3,3,169,4900,13,3,2014,5,7,0,0,3,6,E CRAWFORD STREET,,0,38.82709444,-97.60473611,0,12,2,0,1,1,0,1,3,1,0,1,0,0000000,7,0,7,5,7,25,0,0,0,1,0
20,200061,1,1,0,0,0,3,3,177,0,10,3,2014,2,18,52,0,15,6,NW ROCHESTER,,0,39.11165278,-95.67324722,0,32,0,0,1,1,0,4,1,1,0,1,0,0000000,18,55,19,1,19,14,0,0,0,2,1
20,200062,2,2,0,0,0,2,2,191,0,2,4,2014,4,16,25,0,6,6,W 70TH AVE,SPRINGDALE RD,0,37.35843056,-97.62061111,0,12,6,0,2,2,0,1,1,1,0,1,0,0000000,16,25,16,45,17,21,0,0,0,1,0
20,200063,1,1,0,0,0,1,1,41,0,4,4,2014,6,99,99,0,6,6,FIRST RD,,0,39.13269167,-97.02039722,0,34,0,0,1,1,0,4,2,1,0,1,0,0000000,7,49,8,18,88,88,0,0,0,1,0
20,200064,1,1,0,0,0,1,1,87,4430,6,4,2014,1,15,0,1,2,2,US-24,,3846,39.071925,-95.35858333,0,32,0,0,1,1,0,4,1,1,0,1,0,0000000,15,4,15,13,88,88,0,0,0,1,0
20,200065,2,2,0,0,0,3,3,149,0,6,4,2014,1,14,3,0,3,3,SR-16,,400,39.47853056,-96.09342222,0,12,2,0,1,1,0,1,1,5,0,5,0,0000000,14,4,14,16,14,44,0,0,0,1,0
20,200066,2,2,0,0,0,2,2,115,0,7,4,2014,2,6,12,1,2,2,US-56,SANTA FE,2928,38.36266111,-97.22481111,0,12,1,0,1,1,0,1,2,1,0,1,0,0000000,6,15,6,19,88,88,0,0,0,1,0
20,200067,1,1,0,0,0,1,1,179,0,20,3,2014,5,18,5,0,6,4,CR-110 RD,,0,39.21919444,-100.2385833,0,1,0,0,1,1,0,4,1,1,0,1,0,0000000,18,11,18,29,88,88,0,0,0,1,1
20,200068,2,2,0,0,0,5,5,209,2820,9,4,2014,4,20,35,0,14,6,63RD/SR-5,LEAVENWORTH RD,0,39.14311111,-94.72452222,0,12,6,0,2,2,0,1,3,1,0,1,0,0000000,20,36,20,39,20,57,20,0,0,1,1
20,200069,2,2,0,0,0,2,2,121,0,9,4,2014,4,11,59,0,4,6,359TH STREET,US-69,0,38.47623333,-94.68536111,0,12,6,1,2,2,0,1,1,1,0,1,0,0000000,11,59,12,9,88,88,0,0,0,1,0
20,200070,2,2,0,0,0,4,4,121,0,9,4,2014,4,15,20,0,6,6,335TH STREET,ROCKVILLE RD,0,38.51924722,-94.6583,0,12,6,0,2,2,0,1,1,1,0,1,0,0000000,15,21,15,30,17,1,0,0,0,1,0
20,200071,2,2,0,0,0,4,4,115,0,9,4,2014,4,6,25,1,2,2,US-50,,0,38.22896944,-96.94826944,0,12,6,0,4,1,0,1,4,1,0,1,0,0000000,6,44,6,59,7,18,0,0,0,1,0
20,200072,1,1,0,0,0,1,1,107,0,10,4,2014,5,99,99,0,6,6,S SCOTT RD,,0,38.12426111,-94.73217222,0,43,0,0,1,1,0,4,1,1,0,1,0,0000000,11,19,11,25,88,88,0,0,0,1,1
20,200073,2,2,0,0,0,4,4,21,0,10,4,2014,5,12,39,0,6,6,SE 90TH RD,SW GREENLAWN RD,0,37.04661944,-94.99506667,0,12,6,0,2,2,0,1,1,1,0,1,0,0000000,12,41,13,2,99,99,0,0,0,1,0
20,200074,2,2,0,0,0,4,4,201,0,10,4,2014,5,17,48,1,2,2,US-36,SR-148,2813,39.84198611,-96.86248611,0,12,6,0,2,2,0,1,1,1,0,1,0,0000000,17,51,17,57,18,8,0,0,0,1,0
20,200075,1,1,0,0,0,1,1,45,0,11,4,2014,6,99,99,0,3,2,US-36,,4211,38.7824,-95.38368333,0,32,0,0,1,1,0,4,2,1,0,1,0,0000000,1,54,2,26,88,88,0,0,0,1,0
20,200076,1,1,0,0,0,1,1,15,490,11,4,2014,6,14,49,1,2,3,SR-254,,158,37.79617222,-97.05483611,0,1,0,0,1,1,0,4,1,1,0,1,0,0000000,14,49,15,0,88,88,0,0,0,1,0
20,200077,2,2,0,1,1,5,5,91,3080,11,4,2014,6,20,20,1,2,3,SR-10,,327,38.94154444,-94.86224722,0,12,7,0,1,1,0,1,2,1,0,1,0,0000000,20,24,20,31,20,47,23,0,0,1,0
20,200078,1,1,0,0,0,5,5,195,0,13,4,2014,1,1,30,0,6,6,OLD 40 RD,,0,38.93739722,-99.59851389,0,1,0,0,1,1,0,4,2,1,0,1,0,0000000,1,56,2,18,2,57,0,0,0,1,1
20,200079,1,1,0,0,0,1,1,75,5330,13,4,2014,1,22,53,1,2,2,US-50,,199,37.96662222,-101.6946333,0,1,0,0,1,1,0,4,2,11,0,11,0,0000000,22,53,22,59,88,88,0,0,0,1,0
20,200080,2,2,0,0,0,3,3,173,5880,15,4,2014,3,21,15,1,11,1,I-35,,417,37.59794722,-97.32350556,0,31,0,1,5,1,0,4,2,1,0,1,0,0000000,21,48,21,53,22,3,0,0,0,2,1
20,200081,1,1,0,0,0,2,2,209,2820,16,4,2014,4,12,20,1,11,1,I-70,,4190,39.10298056,-94.67808056,0,5,0,1,5,1,0,1,1,1,0,1,0,0000000,99,99,99,99,99,99,0,0,0,1,0
20,200082,2,2,0,0,0,2,2,59,4270,16,4,2014,4,6,37,0,3,3,SR-68,,0,38.60842778,-95.39369722,0,12,2,0,1,1,0,1,4,1,0,1,0,0000000,6,36,6,45,7,57,0,0,0,1,0
20,200083,2,2,0,0,0,4,4,51,0,18,4,2014,6,19,30,1,2,2,US-183,FEEDLOT RD,1682,38.94351111,-99.31728333,0,12,6,0,2,2,0,1,1,1,0,1,0,0000000,19,32,19,39,99,99,0,0,0,2,1
20,200084,1,1,0,0,0,1,1,17,0,19,4,2014,7,11,51,0,3,3,SR-177,,510,38.44515833,-96.55631389,0,1,0,0,1,1,0,4,1,1,0,1,0,0000000,11,53,12,5,13,3,0,0,0,1,0
20,200085,2,2,0,0,0,8,8,87,4060,20,4,2014,1,16,31,1,2,3,SR-4,OSAGE RD,3648,39.40844444,-95.32916111,0,12,6,0,2,2,0,1,1,1,0,1,0,0000000,17,5,17,13,18,13,0,0,0,1,0
20,200086,1,1,0,0,0,2,2,209,2820,22,4,2014,3,2,25,1,11,1,I-635,,82,39.14728056,-94.65939722,0,1,0,0,1,1,0,4,2,1,0,1,0,0000000,2,33,2,37,2,57,0,0,0,1,1
20,200087,2,2,0,0,0,2,2,51,0,24,4,2014,5,21,30,0,6,6,SPRING HILL,,0,38.84206389,-99.368425,0,12,2,0,1,1,0,1,2,1,0,1,0,0000000,21,52,22,2,22,33,0,0,0,1,1
20,200088,2,2,0,0,0,2,2,177,0,25,4,2014,6,17,15,0,14,6,SW 29TH STREET,SW INDIAN HILLS RD,0,39.01406667,-95.7981,0,12,6,0,2,2,0,1,1,1,0,1,0,0000000,17,16,17,22,17,46,0,0,0,1,0
20,200089,1,1,0,0,0,1,1,173,5880,27,4,2014,1,2,20,0,15,6,N GROVE AVE,,0,37.71821667,-97.30815,0,33,0,0,1,1,0,4,3,1,0,1,0,0000000,2,20,2,25,2,30,0,0,0,1,1
20,200090,2,2,0,0,0,2,2,9,0,28,4,2014,2,16,19,1,2,2,US-56,,1959,38.30912778,-98.88900278,0,12,1,0,1,1,0,1,1,7,0,7,0,0000000,16,0,16,14,88,88,0,0,0,1,0
20,200091,2,2,0,0,0,3,3,97,0,30,4,2014,4,3,35,1,2,2,US-54,US-183,0,37.60609167,-99.32198889,0,12,6,0,2,2,0,1,3,1,0,1,0,0000000,3,40,3,53,88,88,0,0,0,2,1
20,200092,2,2,0,0,0,3,3,195,1080,30,4,2014,4,1,14,1,1,1,I-70,,1143,39.02377778,-100.1304667,0,12,7,0,1,1,0,1,2,6,0,6,0,0000000,1,40,1,50,99,99,0,0,0,1,0
20,200093,3,3,0,0,0,4,4,99,0,30,4,2014,4,9,10,1,2,2,US-169,,275,37.38689167,-95.26569167,0,12,8,0,1,1,0,1,1,1,0,1,0,0000000,9,15,9,22,88,88,0,0,0,1,0
20,200094,1,1,0,0,0,1,1,59,4270,8,4,2014,3,16,9,0,3,6,N DAVIS RD,,0,38.64321389,-95.249175,0,1,0,0,1,1,0,4,1,6,0,6,0,0000000,16,10,16,14,16,48,0,0,0,1,0
20,200095,2,2,0,0,0,2,2,173,5880,26,4,2014,7,11,9,0,13,6,W BELVIEW,S TYLER RD,0,37.67228056,-97.44405833,0,12,6,0,2,2,0,1,1,1,0,1,0,0000000,11,9,11,14,11,39,0,0,0,1,0
20,200096,2,2,0,0,0,3,3,143,0,11,4,2014,6,15,52,0,3,3,SR-18,,1316,39.03063056,-97.520925,0,12,2,0,1,1,0,1,1,1,0,1,0,0000000,15,53,16,9,17,5,0,0,0,2,1
20,200097,2,2,0,0,0,2,2,125,2670,25,4,2014,6,10,43,1,2,2,US-75,27TH STREET,0,37.22361667,-95.73265556,0,12,2,0,3,2,0,1,1,1,0,1,0,0000000,10,43,10,43,11,8,0,0,0,1,0
20,200098,2,2,0,0,0,3,3,151,0,2,5,2014,6,10,0,1,2,3,SR-61,,61,37.71929722,-98.65336389,0,12,2,0,1,1,0,1,1,1,0,1,0,0000000,10,10,10,17,88,88,0,0,0,2,0
20,200099,1,1,0,0,0,1,1,149,0,2,5,2014,6,16,59,0,4,3,SR-13,,18,39.26126389,-96.57998889,0,59,0,0,1,1,0,4,1,1,0,1,0,0000000,17,4,17,12,18,0,0,0,0,1,0
20,200100,1,1,0,1,1,1,1,29,0,2,5,2014,6,23,53,1,2,2,US-81,,2075,39.62362778,-97.66056389,0,8,0,0,1,1,0,1,2,1,0,1,0,0000000,23,59,0,5,0,13,0,0,0,1,0
20,200101,3,3,0,0,0,6,6,209,2820,4,5,2014,1,11,40,0,14,6,LEAVENWORTH RD,N 63RD STREET,0,39.14311111,-94.72453611,0,12,1,0,3,2,0,1,1,1,0,1,0,0000000,11,41,11,45,12,17,0,0,0,1,0
20,200102,1,1,0,0,0,1,1,35,0,6,5,2014,3,16,10,0,6,6,1ST RD,,0,37.09279444,-97.14873889,0,1,0,0,1,1,0,4,1,1,0,1,0,0000000,16,15,16,20,16,45,0,0,0,1,0
20,200103,1,1,0,0,0,1,1,59,0,7,5,2014,4,10,36,1,1,1,I-35,,1691,38.48585556,-95.48925,0,38,0,0,1,1,0,4,1,1,0,1,0,0000000,16,0,17,33,88,88,0,0,0,1,0
20,200104,1,1,0,0,0,1,1,175,3160,11,5,2014,1,2,38,1,2,2,US-54,,30,37.02772222,-100.9408583,0,38,0,0,1,1,0,5,2,1,0,1,0,0000000,2,40,2,44,88,88,0,0,0,1,1
20,200105,2,2,0,0,0,3,3,133,0,13,5,2014,3,16,30,1,2,2,US-59,220TH RD,0,37.68838056,-95.23177222,0,12,6,0,2,3,0,1,1,1,0,1,0,0000000,16,40,17,9,18,19,0,0,0,1,0
20,200106,1,1,0,0,0,1,1,35,210,15,5,2014,5,23,7,0,6,6,71ST RD,,0,37.11066111,-97.02301944,0,1,0,0,1,1,0,4,3,1,0,1,0,0000000,23,14,23,16,88,88,0,0,0,1,1