STATE,ST_CASE,VE_TOTAL,VE_FORMS,PVH_INVL,PEDS,PERNOTMVIT,PERMVIT,PERSONS,COUNTY,CITY,DAY,MONTH,YEAR,DAY_WEEK,HOUR,MINUTE,NHS,ROAD_FNC,ROUTE,TWAY_ID,TWAY_ID2,MILEPT,LATITUDE,LONGITUD,SP_JUR,HARM_EV,MAN_COLL,RELJCT1,RELJCT2,TYP_INT,WRK_ZONE,REL_ROAD,LGT_COND,WEATHER1,WEATHER2,WEATHER,SCH_BUS,RAIL,NOT_HOUR,NOT_MIN,ARR_HOUR,ARR_MIN,HOSP_HR,HOSP_MN,CF1,CF2,CF3,FATALS,DRUNK_DR
20,200107,2,2,0,0,0,3,3,53,0,16,5,2014,6,7,46,1,2,3,SR-156,5TH RD,0,38.59706944,-98.40627222,0,12,6,0,2,2,0,1,1,1,0,1,0,0000000,7,49,7,59,88,88,0,0,0,1,0
20,200108,1,1,0,0,0,1,1,173,5520,17,5,2014,7,20,10,0,3,6,N BROADWAY STREET,,0,37.86548056,-97.33568056,0,38,0,0,1,1,0,4,1,1,0,1,0,0000000,20,15,20,23,88,88,0,0,0,1,1
20,200109,1,1,0,0,0,1,1,155,0,18,5,2014,1,14,50,0,6,6,82ND,,0,38.14455278,-97.81228889,0,32,0,0,1,1,0,4,1,1,0,1,0,0000000,14,54,15,5,15,51,0,0,0,1,0
20,200110,1,1,0,0,0,1,1,177,5400,19,5,2014,2,3,20,0,14,6,NW LYMAN RD,,0,39.08760556,-95.681375,0,42,0,0,1,1,0,4,3,1,0,1,0,0000000,3,39,3,49,88,88,0,0,0,1,1
20,200111,1,1,0,0,0,1,1,87,4430,19,5,2014,2,15,0,1,2,2,US-24,,3817,39.08705,-95.41670556,0,1,0,0,1,1,0,4,1,6,0,6,0,0000000,15,2,15,22,88,88,0,0,0,1,0
20,200112,2,2,0,0,0,2,2,5,0,20,5,2014,3,15,12,1,2,2,US-59,,0,39.48145,-95.21265,0,12,2,0,1,1,0,1,1,1,0,1,0,0000000,15,14,15,18,88,88,0,0,0,2,0
20,200113,2,2,0,0,0,2,2,203,0,20,5,2014,3,19,38,0,3,3,SR-96,,262,38.46913056,-101.5670778,0,1,0,0,1,1,0,1,1,1,0,1,0,0000000,19,40,19,50,20,5,0,0,0,2,2
20,200114,3,3,0,0,0,5,5,79,0,20,5,2014,3,14,30,1,2,2,US-50,,2860,38.17491111,-97.18748889,0,12,6,0,1,1,0,1,1,1,0,1,0,0000000,14,39,14,47,88,88,14,0,0,1,0
20,200115,2,2,0,0,0,2,2,29,1120,21,5,2014,4,16,12,1,2,6,LINCOLN STREET,22ND STREET,0,39.55567222,-97.65741944,0,12,2,0,1,1,0,1,1,1,0,1,0,0000000,16,11,16,22,16,37,0,0,0,1,0
20,200116,1,1,0,0,0,1,1,103,0,21,5,2014,4,99,99,0,3,2,US-24,,4030,39.05969167,-95.11208611,0,1,0,0,1,1,0,4,2,1,0,1,0,0000000,8,24,8,28,88,88,0,0,0,1,1
20,200117,1,1,0,0,0,2,2,35,210,21,5,2014,4,4,37,1,2,6,N SUMMIT STREET,,0,37.10246667,-97.03965833,0,1,0,0,1,1,0,3,2,1,0,1,0,0000000,4,38,4,49,5,2,0,0,0,1,1
20,200118,1,1,0,0,0,1,1,209,2820,22,5,2014,5,5,13,1,11,1,I-635,,59,39.13829167,-94.67575556,0,1,0,0,1,1,0,4,3,1,0,1,0,0000000,5,19,5,26,5,55,0,0,0,1,0
20,200119,1,1,0,1,1,1,1,173,5880,22,5,2014,5,23,4,0,14,6,E DOUGLAS AVE,S BROADWAY AVE,0,37.68602222,-97.33558611,0,8,0,0,2,2,0,1,3,2,0,2,0,0000000,23,4,23,7,23,17,0,0,0,1,0
20,200120,1,1,0,0,0,1,1,117,0,23,5,2014,6,99,99,1,2,2,US-77,,2249,39.78685556,-96.646725,0,31,0,0,1,1,0,4,1,1,0,1,0,0000000,88,88,88,88,88,88,0,0,0,1,0
20,200121,1,1,0,0,0,1,1,159,0,24,5,2014,7,14,27,0,6,6,E RD,,0,38.46358056,-98.39930833,0,1,0,0,1,1,0,4,1,1,0,1,0,0000000,88,88,88,88,88,88,0,0,0,1,1
20,200122,1,1,0,0,0,1,1,205,3980,24,5,2014,7,18,35,0,6,6,BARBER RD,,0,37.61796389,-95.94195833,0,1,0,0,1,1,0,4,1,1,0,1,0,0000000,18,43,18,54,19,14,0,0,0,1,0
20,200123,2,2,0,0,0,3,3,103,3230,25,5,2014,1,17,40,0,3,3,SR-32,,104,39.01921944,-95.01193333,0,12,6,0,1,1,0,1,1,1,0,1,0,0000000,17,47,18,3,18,27,0,0,0,1,1
20,200124,2,2,0,0,0,5,5,45,3010,29,5,2014,5,17,25,0,15,6,W 27TH STREET,,0,38.93536667,-95.28997778,0,12,2,0,1,1,0,1,1,1,0,1,0,0000000,17,25,17,31,17,45,0,0,0,1,1
20,200125,1,1,0,0,0,4,4,117,0,30,5,2014,6,13,31,0,4,6,OSAGE RD,,0,39.78388333,-96.72913056,0,1,0,0,1,1,0,1,1,1,0,1,0,0000000,13,31,13,34,88,88,0,0,0,1,0
20,200126,3,3,0,0,0,4,4,87,0,10,5,2014,7,17,0,1,2,2,US-24,,3890,39.06558333,-95.29922222,0,12,2,0,1,1,0,1,1,1,0,1,0,0000000,17,4,17,47,18,13,0,0,0,1,1
20,200127,1,1,0,0,0,1,1,167,0,31,5,2014,7,11,50,0,3,3,SR-232,,0,38.96261944,-98.48723056,0,31,0,0,1,1,0,4,1,1,0,1,0,0000000,11,51,12,18,88,88,0,0,0,1,0
20,200128,1,1,0,0,0,1,1,125,0,31,5,2014,7,4,41,0,6,4,CR-5700,,0,37.31059722,-95.53850556,0,30,0,0,1,1,0,4,2,1,0,1,0,0000000,4,44,5,11,88,88,0,0,0,1,1
20,200129,1,1,0,0,0,1,1,155,2660,5,5,2014,2,20,18,0,6,6,W 43RD,,0,38.10017778,-97.94496944,0,32,0,0,1,1,0,4,5,1,0,1,0,0000000,20,32,20,47,23,6,0,0,0,1,0
20,200130,1,1,0,0,0,1,1,173,5880,15,5,2014,5,7,9,0,13,6,S ROCK RD,,0,37.66185556,-97.24301389,0,33,0,0,1,1,0,4,1,1,0,1,0,0000000,7,11,7,21,88,88,0,0,0,1,0
20,200131,2,2,0,0,0,8,8,191,5730,17,5,2014,7,12,37,0,3,2,US-160,N WILLIAMS STREET,2970,37.27519444,-97.37168889,0,12,6,0,2,3,0,1,1,1,0,1,0,0000000,12,40,12,44,13,43,0,0,0,1,0
20,200132,1,1,0,1,1,1,1,125,2670,27,5,2014,3,16,45,1,2,6,MAIN STREET,,0,37.22336389,-95.71656111,0,8,0,0,1,1,0,1,1,1,0,1,0,0000000,16,50,16,51,16,59,0,0,0,1,0
20,200133,1,1,0,1,1,1,1,173,5880,30,5,2014,6,13,36,0,16,6,W HARRY STREET,S FERN STREET,0,37.66599167,-97.35868611,0,9,0,0,2,2,0,1,1,1,0,1,0,0000000,13,37,13,40,13,56,0,0,0,1,0
20,200134,1,1,0,1,1,1,1,79,0,3,6,2014,3,15,53,0,4,6,12TH STREET,,0,38.05749722,-97.38231389,0,8,0,0,1,1,0,1,1,1,0,1,0,0000000,15,53,15,58,16,16,0,0,0,1,0
20,200135,2,2,0,0,0,4,4,37,0,4,6,2014,4,16,5,0,3,6,S 160 STREET,E 510 AVE,0,37.35373056,-94.81432222,0,12,6,0,2,2,0,1,1,1,0,1,0,0000000,16,9,16,19,17,18,0,0,0,1,0
20,200136,1,1,0,0,0,1,1,205,0,12,5,2014,2,16,8,0,3,3,SR-47,,104,37.529825,-95.61696389,0,34,0,0,1,1,0,4,1,1,0,1,0,0000000,16,6,16,16,88,88,0,0,0,1,0
20,200137,2,2,0,0,0,4,4,175,0,1,6,2014,1,14,56,1,2,2,US-83,,208,37.26059444,-100.8685972,0,12,2,0,1,1,0,1,1,6,0,6,0,0000000,15,9,15,19,15,58,0,0,0,2,0
20,200138,2,2,0,0,0,2,2,99,0,4,6,2014,4,8,57,0,3,2,US-59,,254,37.24325278,-95.26705278,0,12,2,0,1,1,0,1,1,1,0,1,0,0000000,9,4,9,9,88,88,0,0,0,2,0
20,200139,1,1,0,0,0,1,1,17,1170,4,6,2014,4,23,18,0,4,3,SR-177,,0,38.34416111,-96.53872222,0,1,0,0,1,1,0,4,2,1,0,1,0,0000000,23,26,23,27,88,88,0,0,0,1,1
20,200140,2,2,0,0,0,2,2,21,0,6,6,2014,6,21,35,1,2,2,US-69,,240,37.2309,-94.70490556,0,12,2,0,1,1,0,1,2,1,0,1,0,0000000,21,38,22,0,99,99,0,0,0,2,1
20,200141,1,1,0,0,0,1,1,111,1660,6,6,2014,6,14,27,0,4,6,EAST STREET,,0,38.404475,-96.17097778,0,1,0,0,1,1,0,1,1,1,0,1,0,0000000,14,30,14,33,14,53,0,0,0,1,0
20,200142,1,1,0,0,0,1,1,91,5090,7,6,2014,7,7,13,0,15,6,BLACK FISH PRKWY,,0,38.99503889,-94.74535833,0,33,0,0,1,1,0,4,1,2,0,2,0,0000000,7,17,7,19,88,88,0,0,0,1,1
20,200143,3,3,0,0,0,5,5,195,4115,9,6,2014,2,15,30,1,1,1,I-70,,13640,38.98058889,-99.72041111,0,12,8,0,1,1,0,1,1,2,0,2,0,0000000,15,36,15,46,16,25,0,0,0,2,0
20,200144,1,1,0,0,0,1,1,197,0,10,6,2014,3,18,25,0,5,3,SR-4,,2965,38.87743333,-96.08578611,0,1,0,0,1,1,0,4,1,1,0,1,0,0000000,6,25,6,41,88,88,0,0,0,1,1
20,200145,2,2,0,0,0,3,3,85,0,12,6,2014,5,21,27,1,2,2,US-75,,0,39.49306111,-95.74793889,0,11,0,0,1,1,0,1,2,1,0,1,0,0000000,21,31,21,35,22,29,0,0,0,1,0
20,200146,2,2,0,0,0,2,2,123,0,13,6,2014,6,12,55,1,2,2,US-24,,2071,39.52040556,-98.35699167,0,12,6,0,1,1,0,1,1,1,0,1,0,0000000,12,59,13,3,99,99,0,0,0,1,0
20,200147,1,1,0,0,0,1,1,111,1660,15,6,2014,1,2,30,0,4,6,E 9TH AVENUE STREET,,0,38.40867222,-96.17351944,0,30,0,0,1,1,0,4,2,1,0,1,0,0000000,2,32,2,35,3,0,20,0,0,1,0
20,200148,1,1,0,0,0,1,1,109,9997,18,6,2014,4,17,40,0,6,6,FRONT STREET,,0,39.12415278,-100.8677472,0,10,0,0,6,1,0,1,1,1,0,1,0,815038A,17,48,18,0,88,88,0,0,0,1,0
20,200149,2,2,0,0,0,5,5,77,0,20,6,2014,6,16,30,0,6,6,NE 80TH RD,NE 10 AVE,0,37.26848889,-98.02130833,0,12,6,0,2,2,0,1,1,1,0,1,0,0000000,16,30,16,35,16,45,0,0,0,2,0
20,200150,2,2,0,0,0,3,3,177,5400,20,6,2014,6,17,20,0,13,6,SW HUNTOON STREET,SW ARROWHEAD RD,0,39.04363611,-95.75715,0,12,6,0,2,3,0,1,1,1,0,1,0,0000000,99,99,18,40,19,2,0,0,0,1,1
20,200151,2,2,0,0,0,3,3,85,0,22,6,2014,1,15,59,1,2,2,US-75,286TH RD,0,39.56591389,-95.73379722,0,12,6,0,2,2,0,1,1,1,0,1,0,0000000,16,7,16,24,17,7,0,0,0,1,0
20,200152,1,1,0,0,0,1,1,91,4285,24,6,2014,3,3,2,0,15,6,QUIVIRA RD,,0,38.85111944,-94.7237,0,32,0,0,1,1,0,4,3,1,0,1,0,0000000,3,3,3,10,88,88,0,0,0,1,1
20,200153,2,2,0,0,0,2,2,55,0,28,6,2014,7,15,35,1,2,2,US-50,,834,37.88190278,-100.6719889,0,12,6,0,1,1,0,1,1,1,0,1,0,0000000,15,54,16,2,16,25,0,0,0,1,0
20,200154,2,2,0,0,0,3,3,203,3130,29,6,2014,1,17,45,0,6,4,CR-14,CR-N,0,38.51048333,-101.3403944,0,12,6,0,2,3,0,1,1,1,0,1,0,0000000,17,55,18,4,18,26,0,0,0,2,1
20,200155,1,1,0,0,0,1,1,5,0,5,6,2014,5,16,30,0,6,6,LINCOLN RD,,0,39.42030278,-95.25415,0,58,0,0,1,1,0,4,1,1,0,1,0,0000000,16,56,17,6,88,88,0,0,0,1,1
20,200156,3,2,1,0,0,3,3,155,2660,8,6,2014,1,1,50,0,14,6,11TH,N MAIN,0,38.065,-97.93188889,0,12,6,0,2,2,0,1,3,1,0,1,0,0000000,1,54,2,0,2,30,0,0,0,1,2
20,200157,1,1,0,0,0,1,1,85,0,11,6,2014,4,17,5,0,6,6,K RD,,0,39.39178611,-95.84898056,3,11,0,0,1,1,0,1,1,1,0,1,0,0000000,6,50,6,54,88,88,0,0,0,1,0
20,200158,2,2,0,0,0,3,3,125,0,11,6,2014,4,17,33,1,2,2,US-169,CR-2250,0,37.07422778,-95.58774167,0,12,6,0,2,2,0,1,1,1,0,1,0,0000000,17,38,17,48,18,26,0,0,0,1,0
20,200159,1,1,0,0,0,2,2,107,0,21,6,2014,7,14,0,0,3,3,SR-31,,1163,38.09538056,-94.87868056,0,1,0,0,1,1,0,1,1,1,0,1,0,0000000,14,13,14,49,15,54,0,0,0,1,0
20,200160,2,2,0,0,0,2,2,61,0,23,6,2014,2,14,42,1,1,1,I-70,,2899,38.99527778,-96.95572778,0,12,6,0,1,1,0,1,1,1,0,1,0,0000000,14,47,14,54,15,24,0,0,0,1,0
20,200161,1,1,0,0,0,1,1,125,0,24,6,2014,3,7,0,0,3,2,US-160,,0,37.23684722,-95.90185556,0,34,0,0,1,1,0,4,1,1,0,1,0,0000000,7,2,7,11,88,88,0,0,0,1,0
20,200162,1,1,0,1,1,1,1,161,3490,26,6,2014,5,19,10,1,2,3,SR-177,,1020,39.15554444,-96.53865278,0,9,0,0,1,1,0,2,1,1,0,1,0,0000000,19,13,19,17,88,88,0,0,0,1,0
20,200163,2,2,0,0,0,2,2,91,0,30,6,2014,2,8,33,0,15,6,175TH STREET,,0,38.81097222,-94.83815,0,1,0,0,1,1,0,1,1,1,0,1,0,0000000,8,36,8,44,88,88,14,0,0,1,0
20,200164,1,1,0,0,0,1,1,209,2820,13,6,2014,6,1,20,0,14,6,S 59TH STREET,,0,39.07930833,-94.71458889,0,24,0,0,1,1,0,4,3,1,0,1,0,0000000,1,38,1,42,88,88,0,0,0,1,1
20,200165,2,2,0,0,0,2,2,191,0,2,7,2014,4,11,54,1,1,1,I-35,,212,37.30678333,-97.33991667,0,12,1,0,1,1,2,1,1,1,0,1,0,0000000,11,59,12,4,12,33,0,0,0,1,0
20,200166,1,1,0,0,0,3,3,173,5880,5,7,2014,7,7,38,0,14,6,S MERIDIAN AVE,,0,37.62309167,-97.37067222,0,5,0,0,1,1,0,1,1,1,0,1,0,0000000,7,38,7,46,8,2,0,0,0,1,0
20,200167,2,2,0,0,0,2,2,125,3170,6,7,2014,1,21,48,1,2,2,US-169,,149,37.19354722,-95.58133611,0,12,2,0,1,1,0,1,2,1,0,1,0,0000000,21,52,22,2,22,33,0,0,0,1,1
20,200168,1,1,0,0,0,3,3,173,2090,6,7,2014,1,2,30,0,6,6,W 47TH STREET,,0,37.60601389,-97.58668333,0,5,0,0,1,1,0,1,2,1,0,1,0,0000000,88,88,88,88,88,88,0,0,0,1,0
20,200169,1,1,0,0,0,1,1,139,0,9,7,2014,4,11,15,0,6,6,W 205TH STREET,,0,38.69542222,-95.88014722,0,1,0,0,1,1,0,4,1,1,0,1,0,0000000,12,57,13,10,88,88,0,0,0,1,0
20,200170,1,1,0,0,0,1,1,125,0,11,7,2014,6,11,17,1,2,2,US-75,,0,37.04121389,-95.92848889,0,32,0,0,1,1,0,4,1,1,0,1,0,0000000,11,36,11,37,12,20,0,0,0,1,0
20,200171,2,2,0,0,0,3,3,173,418,13,7,2014,1,6,0,1,2,3,SR-254,,98,37.79595833,-97.1678,0,12,2,0,1,1,0,2,4,1,0,1,0,0000000,6,9,6,21,99,99,0,0,0,3,0
20,200172,2,2,0,0,0,2,2,175,3160,13,7,2014,1,23,40,1,2,2,US-24,,109,37.08236389,-100.8387278,0,12,2,0,1,1,0,1,2,1,0,1,0,0000000,23,40,23,50,0,15,0,0,0,1,0
20,200173,2,2,0,0,0,2,2,125,0,14,7,2014,2,19,25,1,2,2,US-169,US-400,266,37.34842778,-95.52943333,0,12,6,1,5,1,0,1,1,1,0,1,0,0000000,19,36,19,44,20,24,0,0,0,1,0
20,200174,1,1,0,0,0,1,1,125,0,16,7,2014,4,2,30,0,4,4,CR-4300,,0,37.06503889,-95.67443889,0,1,0,0,1,1,0,4,2,1,0,1,0,0000000,7,45,7,51,88,88,0,0,0,1,1
20,200175,1,1,0,1,1,1,1,179,0,16,7,2014,4,11,22,0,3,3,SR-23,,1701,39.20557222,-100.4431222,0,9,0,0,1,1,0,1,1,1,10,10,0,0000000,11,23,11,40,12,47,0,0,0,1,0
20,200176,1,1,0,0,0,1,1,51,0,16,7,2014,4,12,55,1,1,1,I-70,,1583,38.90588333,-99.33570278,0,50,0,0,1,1,0,4,1,2,0,2,0,0000000,12,59,13,4,88,88,0,0,0,1,0
20,200177,2,2,0,0,0,4,4,177,0,16,7,2014,4,17,4,0,3,6,SW AUBURN RD,SW 21ST,0,39.02886111,-95.81666111,0,12,6,0,2,4,0,1,1,1,0,1,0,0000000,17,6,17,10,17,45,0,0,0,1,0
20,200178,1,1,0,0,0,1,1,19,0,18,7,2014,6,20,9,0,3,2,US-166B,,10,37.12016944,-96.23048333,0,34,0,0,1,1,0,4,2,1,0,1,0,0000000,20,13,20,20,88,88,0,0,0,1,0
20,200179,1,1,0,0,0,4,4,179,2580,22,7,2014,3,0,30,0,4,4,CR-30,,0,39.23787778,-100.3864694,0,35,0,0,1,1,0,4,2,1,0,1,0,0000000,3,29,4,2,4,12,0,0,0,1,1
20,200180,3,3,0,0,0,4,4,155,0,15,7,2014,3,8,5,0,3,3,SR-16,ARLINGTON RD,910,37.89650833,-98.177175,0,12,6,0,2,2,0,1,1,1,0,1,0,0000000,8,9,8,52,9,23,0,0,0,1,0
20,200181,5,3,2,1,3,4,6,155,0,22,7,2014,3,17,49,1,2,3,SR-61,,398,37.94075278,-98.11895833,0,12,1,0,1,1,2,1,1,1,0,1,0,0000000,17,56,18,15,18,55,14,0,0,1,0
20,200182,2,2,0,0,0,4,4,113,3430,24,7,2014,5,15,55,1,1,1,I-135,,634,38.41935556,-97.62042778,0,12,7,0,1,1,0,1,1,1,0,1,0,0000000,15,56,16,2,88,88,0,0,0,2,0
20,200183,1,1,0,0,0,2,2,43,0,25,7,2014,6,23,50,0,6,6,100TH RD,,0,39.65285278,-95.09099722,0,35,0,0,1,1,0,4,2,1,0,1,0,0000000,23,59,0,32,88,88,0,0,0,1,1
20,200184,1,1,0,0,0,1,1,41,0,25,7,2014,6,2,2,0,4,6,UNION RD,,0,38.71490278,-96.96448333,0,38,0,0,1,1,0,4,2,1,0,1,0,0000000,3,52,4,0,88,88,0,0,0,1,1
20,200185,2,2,0,0,0,3,3,175,0,26,7,2014,7,8,29,1,2,2,US-83,,180,37.27014167,-100.8691,0,12,6,0,1,1,0,1,1,1,0,1,0,0000000,8,33,8,43,9,17,0,0,0,1,0
20,200186,1,1,0,0,0,2,2,143,3690,26,7,2014,7,13,51,1,2,2,US-81,,1702,39.09291111,-97.65046389,0,1,0,0,1,1,0,4,1,1,0,1,0,0000000,13,53,14,2,14,29,0,0,0,1,0
20,200187,2,2,0,0,0,2,2,155,0,28,7,2014,2,16,21,1,2,2,US-50,DEAN RD,2339,37.99763889,-98.03188333,0,12,6,0,2,2,0,1,1,1,0,1,0,0000000,16,23,16,33,88,88,0,0,0,1,0
20,200188,2,2,0,0,0,2,2,87,3640,28,7,2014,2,11,16,1,2,3,SR-4,74TH RD,3422,39.18004167,-95.56952222,0,12,6,0,2,2,0,1,1,1,0,1,0,0000000,11,17,11,19,12,2,0,0,0,1,0
20,200189,2,2,0,0,0,2,2,149,0,28,7,2014,2,15,17,0,3,3,SR-99,ELM SLOUGH,1765,39.24615556,-96.314675,0,12,6,0,2,3,0,1,1,1,0,1,0,0000000,15,20,15,23,15,39,0,0,0,1,1
20,200190,1,1,0,0,0,3,3,165,0,21,7,2014,2,22,27,1,2,3,SR-96,,1596,38.46473333,-99.12641667,0,1,0,0,1,1,0,1,2,1,0,1,0,0000000,23,25,23,54,1,11,0,0,0,2,0
20,200191,2,2,0,0,0,4,4,173,5880,23,7,2014,4,23,42,0,16,6,W ORIENT BLVD,S MILLWOOD AVE,0,37.66611111,-97.3601,0,12,6,0,3,3,0,1,3,1,0,1,0,0000000,23,42,23,56,0,5,0,0,0,1,0
20,200192,2,2,0,0,0,2,2,55,0,2,8,2014,7,21,35,1,2,3,SR-156,,0,38.06075278,-100.688625,0,12,8,0,1,1,0,1,2,1,0,1,0,0000000,21,42,21,54,88,88,0,0,0,1,0
20,200193,2,2,0,0,0,3,3,173,5880,13,7,2014,1,23,48,1,13,6,S SENECA,W US-54,0,37.67735,-97.35285278,0,12,6,1,2,2,0,1,3,1,0,1,0,0000000,23,49,23,55,0,8,0,0,0,2,0
20,200194,2,2,0,0,0,2,2,209,2820,3,8,2014,1,22,55,1,11,1,I-635,KANSAS AVE,35,39.09115556,-94.6805,0,12,1,1,18,1,0,1,2,1,0,1,0,0000000,23,0,23,6,88,88,0,0,0,1,2
20,200195,1,1,0,0,0,2,2,173,4412,3,8,2014,1,0,35,0,6,6,E 103RD STREET,,0,37.50635556,-97.33188333,0,34,0,0,1,1,0,4,2,1,0,1,0,0000000,0,41,0,52,1,35,0,0,0,2,0
20,200196,2,1,1,0,0,2,2,177,5400,4,8,2014,2,0,43,0,15,6,SW 25TH STREET,,0,39.02110833,-95.76741111,0,33,0,0,1,1,0,4,3,1,0,1,0,0000000,0,44,0,53,88,88,0,0,0,2,1
20,200197,2,2,0,0,0,6,6,173,5880,27,7,2014,1,2,2,0,14,6,W MAPLE STREET,S TRACY STREET,0,37.68025,-97.39396944,0,12,6,0,2,2,0,1,3,1,0,1,0,0000000,2,8,2,11,2,19,0,0,0,3,2
20,200198,2,2,0,1,1,2,2,173,5880,4,8,2014,2,14,57,1,12,3,SR-96,,2942,37.745525,-97.25158611,0,73,0,0,1,1,0,3,1,1,0,1,0,0000000,14,57,15,5,88,88,24,0,0,1,0
20,200199,2,2,0,0,0,2,2,161,4660,4,8,2014,2,16,40,1,2,2,US-177,,1965,39.45792222,-96.76181389,0,12,2,0,1,1,0,1,1,1,0,1,0,0000000,16,41,17,5,17,50,0,0,0,1,0
20,200200,1,1,0,0,0,2,2,181,2110,5,8,2014,3,4,45,1,1,1,I-70,,105,39.32969722,-101.8551944,0,1,0,0,1,1,0,4,3,1,0,1,0,0000000,5,50,6,3,6,5,0,0,0,1,0
20,200201,1,1,0,0,0,1,1,133,0,5,8,2014,3,19,39,0,6,6,PRYOR RD,,0,37.54910278,-95.24860556,0,24,0,0,1,1,0,4,1,1,0,1,0,0000000,19,39,19,45,20,42,20,0,0,1,1
20,200202,1,1,0,0,0,1,1,55,1950,7,8,2014,5,19,41,0,6,6,INGALLS RD,,0,38.03288333,-100.4453528,0,1,0,0,1,1,0,4,1,1,0,1,0,0000000,19,59,20,11,88,88,0,0,0,1,1
20,200203,2,1,1,2,2,1,1,91,4285,7,8,2014,5,23,57,0,16,6,TOMAHAWK DR,,0,38.98008056,-94.65711944,0,14,0,0,1,1,0,7,3,1,0,1,0,0000000,23,57,0,1,0,30,0,0,0,1,1
20,200204,1,1,0,0,0,1,1,29,320,9,8,2014,7,17,5,0,6,6,N 210TH RD,,0,39.51927778,-97.53607222,0,38,0,0,1,1,0,4,1,1,0,1,0,0000000,17,9,17,18,17,54,0,0,0,1,0
20,200205,2,2,0,0,0,2,2,45,0,12,8,2014,3,14,7,0,3,6,N 1800 RD,,0,39.00055556,-95.33175,0,12,8,0,1,1,0,1,1,1,0,1,0,0000000,99,99,99,99,99,99,0,0,0,1,0
20,200206,1,1,0,1,1,1,1,45,0,13,8,2014,4,12,30,0,4,6,N950 RD,,0,38.877,-95.34884722,0,9,0,0,1,1,0,1,1,1,0,1,0,0000000,12,33,12,46,13,22,0,0,0,1,0
20,200207,3,3,0,0,0,5,5,9,2150,16,8,2014,7,11,40,1,2,2,US-56,,0,38.3617,-98.80885556,0,54,11,0,1,1,0,1,1,1,0,1,0,0000000,11,38,11,40,11,59,14,0,0,2,0
20,200208,1,1,0,0,0,1,1,103,3020,17,8,2014,1,9,55,0,4,6,SANTA FE TRAIL,,0,39.33421389,-94.94735278,0,39,0,0,1,1,0,4,1,1,0,1,0,0000000,9,56,10,4,88,88,0,0,0,1,0
20,200209,4,4,0,0,0,5,5,103,0,18,8,2014,2,18,5,0,3,3,SR-16,,1100,39.13831111,-95.12518611,0,12,8,0,1,1,0,1,1,1,0,1,0,0000000,18,7,99,99,88,88,0,0,0,2,0
20,200210,2,2,0,0,0,2,2,177,5400,29,7,2014,3,19,40,1,12,2,US-24,N KANSAS AVE,0,39.09098056,-95.66007222,0,12,6,0,2,2,0,1,5,1,0,1,0,0000000,19,42,19,46,19,56,0,0,0,1,0
20,200211,2,2,0,0,0,3,3,209,2820,19,8,2014,3,16,8,0,15,6,N 38TH STREET,HASKELL AVE,0,39.13246667,-94.67346111,0,12,6,0,2,2,0,1,1,1,0,1,0,0000000,16,11,16,14,16,29,0,0,0,1,0
20,200212,2,2,0,0,0,7,7,173,5880,19,8,2014,3,20,29,0,14,6,S MERDIAN AVE,W ESTHNER AVE,0,37.662275,-97.37103333,0,12,6,0,2,2,0,1,3,1,0,1,0,0000000,20,56,21,7,21,39,0,0,0,1,0
20,200213,2,2,0,0,0,2,2,121,0,22,8,2014,6,14,41,0,3,2,US-68,,0,38.62137222,-94.91607778,0,12,2,0,1,1,0,1,1,1,0,1,0,0000000,14,44,14,56,88,88,0,0,0,1,0
20,200214,1,1,0,0,0,1,1,191,0,23,8,2014,7,11,10,0,4,6,N ARGONIA RD,,0,37.38771389,-97.76881389,0,31,0,0,1,1,0,4,1,1,0,1,0,0000000,99,99,99,99,99,99,0,0,0,1,0
20,200215,1,1,0,0,0,1,1,147,2880,27,8,2014,4,17,59,0,4,3,SR-9,,728,39.681425,-99.13814167,0,35,0,0,1,1,0,4,1,2,0,2,0,0000000,18,2,18,17,18,43,0,0,0,1,0
20,200216,1,1,0,1,1,1,1,57,0,24,8,2014,1,23,55,0,4,6,SADDLE RD,,0,37.64900556,-100.0430167,0,8,0,0,1,1,0,1,2,1,0,1,0,0000000,23,56,0,7,88,88,0,0,0,1,0
20,200217,2,2,0,0,0,5,5,177,0,26,7,2014,7,1,20,1,12,2,US-75,,1645,39.10626389,-95.72080556,0,12,7,0,1,1,0,1,2,1,0,1,0,0000000,1,24,1,33,2,32,0,0,0,1,1
20,200218,1,1,0,0,0,3,3,125,1050,27,7,2014,1,2,0,0,3,6,6TH STREET,,0,37.038275,-95.628275,0,5,0,0,1,1,0,1,3,1,0,1,0,0000000,2,45,2,51,3,8,0,0,0,1,0
20,200219,1,1,0,1,1,1,1,37,0,31,8,2014,1,7,42,0,6,6,S 260TH STREET,,0,37.3458,-94.63159444,0,9,0,0,1,1,0,1,1,1,0,1,0,0000000,7,47,7,59,88,88,0,0,0,1,0
20,200220,1,1,0,0,0,1,1,73,0,1,7,2014,3,22,30,0,6,6,N R-50 RD,,0,37.861075,-96.24185,0,1,0,0,1,1,0,4,2,1,0,1,0,0000000,4,45,4,53,88,88,0,0,0,1,1
20,200221,2,2,0,0,0,3,3,59,0,28,8,2014,5,12,15,1,2,2,US-59,,1236,38.52038889,-95.26764444,0,12,8,0,1,1,0,1,1,1,0,1,0,0000000,12,25,12,33,12,54,0,0,0,1,0