STATE,ST_CASE,VE_TOTAL,VE_FORMS,PVH_INVL,PEDS,PERNOTMVIT,PERMVIT,PERSONS,COUNTY,CITY,DAY,MONTH,YEAR,DAY_WEEK,HOUR,MINUTE,NHS,ROAD_FNC,ROUTE,TWAY_ID,TWAY_ID2,MILEPT,LATITUDE,LONGITUD,SP_JUR,HARM_EV,MAN_COLL,RELJCT1,RELJCT2,TYP_INT,WRK_ZONE,REL_ROAD,LGT_COND,WEATHER1,WEATHER2,WEATHER,SCH_BUS,RAIL,NOT_HOUR,NOT_MIN,ARR_HOUR,ARR_MIN,HOSP_HR,HOSP_MN,CF1,CF2,CF3,FATALS,DRUNK_DR
21,210455,1,1,0,0,0,2,2,183,0,21,10,2014,3,11,50,0,6,4,CR-ZION CHURCH RD,CR-OLD LEITCHFIELD RD,18,37.67304444,-86.79048611,0,35,0,0,3,2,0,4,1,1,0,1,0,0000000,11,53,12,2,14,33,0,0,0,1,1
21,210456,1,1,0,0,0,3,3,99,0,21,10,2014,3,18,8,0,5,3,SR-1079,,26,37.39073056,-85.71250833,0,42,0,0,1,1,0,4,2,1,0,1,0,0000000,18,11,18,31,88,88,0,0,0,2,0
21,210457,2,2,0,0,0,3,3,81,0,6,10,2014,2,5,0,0,4,2,US-25,,33,38.53365556,-84.57690556,0,12,2,0,1,1,0,1,2,1,0,1,0,0000000,5,1,5,20,5,56,0,0,0,1,0
21,210458,1,1,0,0,0,1,1,49,3610,15,10,2014,4,16,35,0,13,5,BROADWAY STREET EAST,,2,37.99224722,-84.17276667,0,10,0,0,6,1,0,1,1,2,0,2,0,353489A,16,35,16,38,17,22,0,0,0,1,0
21,210459,1,1,0,0,0,1,1,31,0,18,10,2014,7,12,4,0,4,3,SR-79,,187,37.31210556,-86.61571667,0,1,0,0,1,1,0,4,1,10,0,10,0,0000000,12,18,12,35,13,40,0,0,0,1,0
21,210460,2,2,0,0,0,2,2,179,0,11,10,2014,7,11,40,0,4,2,US-150,SR-605,38,37.78485,-85.40115278,0,12,6,0,2,3,0,1,1,10,0,10,0,0000000,11,40,11,49,12,34,0,0,0,1,0
21,210461,1,1,0,0,0,1,1,21,0,23,10,2014,5,14,0,0,4,3,SR-33,,46,37.71035833,-84.75946667,0,32,0,0,1,1,0,4,1,1,0,1,0,0000000,14,5,14,13,14,34,0,0,0,1,1
21,210462,1,1,0,1,1,1,1,177,650,18,10,2014,7,18,37,0,4,2,US-62,,180,37.28975833,-87.11834167,0,8,0,0,1,1,0,1,3,1,0,1,0,0000000,18,38,18,43,19,27,0,0,0,1,1
21,210463,1,1,0,0,0,1,1,195,2620,24,10,2014,6,0,2,0,4,3,SR-194,,542,37.50919444,-82.13894722,0,1,0,0,1,1,0,4,2,1,0,1,0,0000000,0,2,0,40,88,88,0,0,0,1,0
21,210464,1,1,0,0,0,1,1,185,0,24,10,2014,6,16,53,0,15,3,SR-173,RIDGEVIEW DRIVE,18,38.40856667,-85.60338056,0,59,0,0,3,3,0,4,1,1,0,1,0,0000000,99,99,99,99,88,88,0,0,0,1,0
21,210465,1,1,0,0,0,1,1,19,2797,1,10,2014,4,12,29,0,4,3,SR-3,,1,38.26309444,-82.69975,0,59,0,0,1,1,0,4,1,1,0,1,0,0000000,12,32,12,44,99,99,0,0,0,1,0
21,210466,2,2,0,0,0,6,6,209,0,7,10,2014,3,15,2,0,4,3,SR-227,,30,38.24342778,-84.64040278,0,12,2,0,1,1,0,1,1,2,0,2,0,0000000,15,2,99,99,99,99,0,0,0,3,0
21,210467,1,1,0,0,0,1,1,99,0,24,10,2014,6,11,6,0,6,4,CR-CONCORD CHURCH RD,,29,37.34787778,-85.90994722,0,10,0,0,6,1,0,1,1,1,0,1,0,343605J,11,9,11,36,99,99,0,0,0,1,0
21,210468,3,3,0,0,0,5,5,227,0,26,10,2014,1,14,2,0,4,3,SR-185,PRUITT RD,67,37.093925,-86.44197222,0,12,1,0,2,3,0,1,1,1,0,1,0,0000000,14,5,14,12,14,43,0,0,0,1,0
21,210469,1,1,0,0,0,2,2,111,3010,26,10,2014,1,21,21,0,14,3,SR-1931,,100,38.21560278,-85.78208889,0,42,0,0,1,1,0,4,3,1,0,1,0,0000000,21,21,99,99,99,99,0,0,0,1,0
21,210470,1,1,0,1,1,2,2,67,1980,25,10,2014,7,23,24,0,16,5,WOODVIEW DRIVE,,2,37.99153056,-84.44941667,0,8,0,0,1,1,0,1,3,1,0,1,0,0000000,23,25,23,33,23,59,0,0,0,1,1
21,210471,1,1,0,1,1,1,1,111,2090,29,10,2014,4,13,56,0,16,5,TITAN DR,,1,38.10640833,-85.69622778,0,8,0,0,8,1,0,1,1,1,0,1,0,0000000,13,56,14,6,88,88,0,0,0,1,0
21,210472,2,2,0,0,0,2,2,137,810,30,10,2014,5,8,6,0,3,2,US-150,SR-643,154,37.45605278,-84.51880556,0,12,6,0,2,2,0,1,4,1,0,1,0,0000000,8,8,8,21,88,88,0,0,0,1,0
21,210473,2,2,0,0,0,2,2,37,1550,27,10,2014,2,8,10,1,11,1,I-275,,756,39.03977222,-84.46993889,0,12,1,0,1,1,0,1,1,10,0,10,0,0000000,8,8,8,11,8,48,0,0,0,1,0
21,210474,1,1,0,0,0,1,1,157,0,31,10,2014,6,2,36,0,6,4,CR-ENGLISH RD,,2,36.96525278,-88.32794167,0,42,0,0,1,1,0,4,2,2,0,2,0,0000000,2,36,2,51,88,88,0,0,0,1,1
21,210475,1,1,0,0,0,1,1,227,0,31,10,2014,6,13,30,0,4,3,SR-234,,2,36.90477778,-86.23892222,0,1,0,0,1,1,0,5,1,2,0,2,0,0000000,13,31,13,38,14,1,0,0,0,1,0
21,210476,2,2,0,0,0,3,3,111,2090,31,10,2014,6,15,5,1,2,2,US-31W,,9,38.01073056,-85.92963889,0,12,2,0,1,1,0,1,1,2,0,2,0,0000000,99,99,99,99,99,99,0,0,0,2,0
21,210477,2,2,0,0,0,4,4,213,0,31,10,2014,6,15,59,0,5,3,SR-103,SR-1170,25,36.77890278,-86.71650556,0,12,6,0,2,2,0,1,1,1,0,1,0,0000000,16,1,16,8,16,41,0,0,0,2,0
21,210478,1,1,0,0,0,1,1,157,0,30,10,2014,5,16,8,0,5,3,SR-1422,,33,36.94599167,-88.32051389,0,1,0,0,1,1,0,4,1,1,0,1,0,0000000,16,8,16,17,16,40,0,0,0,1,0
21,210479,1,1,0,0,0,1,1,15,0,18,10,2014,7,21,36,0,6,4,CR-AERO PARKWAY,,1,39.01910833,-84.67836667,0,34,0,0,1,1,0,4,2,10,0,10,0,0000000,21,36,21,41,21,55,0,0,0,1,1
21,210480,2,2,0,0,0,2,2,199,3070,28,10,2014,3,13,38,1,13,2,US-27,TRADE PARK DR,160,37.08443889,-84.61686944,0,12,6,0,2,2,0,1,1,1,0,1,0,0000000,13,39,13,42,14,11,0,0,0,1,0
21,210481,2,2,0,0,0,2,2,111,2090,15,10,2014,4,15,50,0,4,2,US-60A,,29,38.21064167,-85.76716667,0,12,2,0,1,1,0,1,1,1,0,1,0,0000000,15,51,15,53,16,30,0,0,0,1,0
21,210482,2,2,0,0,0,3,3,17,0,1,10,2014,4,18,35,0,4,3,SR-57,,94,38.10931111,-84.14584444,0,1,0,0,1,1,0,1,1,1,0,1,0,0000000,18,41,18,57,88,88,14,0,0,1,0
21,210483,1,1,0,0,0,1,1,191,0,31,10,2014,6,12,56,0,4,3,SR-177,SR-3149,44,38.79400833,-84.36114167,0,42,0,0,3,3,0,4,1,2,0,2,0,0000000,12,58,13,10,13,44,0,0,0,1,0
21,210484,2,2,0,0,0,3,3,193,1470,29,10,2014,4,9,37,0,2,3,SR-15,BLACK COLD BLVD,123,37.25514444,-83.1981,0,12,6,0,2,2,0,1,1,10,0,10,0,0000000,9,40,9,42,10,0,0,0,0,1,0
21,210485,1,1,0,4,4,1,1,47,0,25,10,2014,7,13,14,1,2,2,US-68,SR-1843,204,36.84746944,-87.31120556,0,49,0,0,2,2,0,1,1,1,0,1,0,0000000,13,15,13,55,14,31,0,0,0,1,0
21,210486,1,1,0,0,0,2,2,209,0,6,10,2014,2,21,28,0,4,3,SR-227,,95,38.30774444,-84.71399722,0,42,0,0,1,1,0,4,2,2,0,2,0,0000000,21,31,21,45,22,6,0,0,0,1,1
21,210487,1,1,0,0,0,1,1,3,0,26,7,2014,7,11,14,0,3,2,US-31E,,169,36.83266389,-86.10639722,0,1,0,0,1,1,0,1,1,1,0,1,0,0000000,11,14,11,16,99,99,0,0,0,1,0
21,210488,1,1,0,0,0,1,1,195,916,12,7,2014,7,13,59,1,2,2,US-23,,47,37.28211389,-82.57068889,0,11,0,0,1,1,0,1,1,1,0,1,0,0000000,14,1,14,20,14,35,0,0,0,1,0
21,210489,1,1,0,1,1,1,1,91,0,20,10,2014,2,20,2,0,6,3,SR-334,,32,37.92398056,-86.94041389,0,8,0,0,1,1,0,1,2,1,0,1,0,0000000,88,88,88,88,88,88,0,0,0,1,0
21,210490,2,2,0,0,0,4,4,195,0,25,10,2014,7,13,43,0,4,3,SR-319,,39,37.60986111,-82.23226389,0,12,2,0,1,1,0,1,1,10,0,10,0,0000000,99,99,99,99,99,99,0,0,0,1,0
21,210491,1,1,0,0,0,2,2,27,0,4,7,2014,6,17,29,0,4,2,US-60,,286,37.86880278,-86.29704444,0,1,0,0,1,1,0,1,1,1,0,1,0,0000000,17,27,17,39,99,99,0,0,0,1,1
21,210492,1,1,0,0,0,1,1,1,0,7,10,2014,3,2,25,0,5,3,SR-76 MILLERFIELD RD,,6,37.13556389,-85.09504444,0,1,0,0,1,1,0,4,2,11,0,11,0,0000000,2,30,2,49,88,88,0,0,0,1,1
21,210493,1,1,0,0,0,1,1,197,0,28,9,2014,1,13,59,0,4,3,SR-77,,9,37.81427222,-83.70171667,0,42,0,0,1,1,0,4,1,1,0,1,0,0000000,13,59,99,99,99,99,0,0,0,1,0
21,210494,1,1,0,0,0,1,1,197,0,6,10,2014,2,17,0,0,3,3,SR-11,,4,37.76943333,-83.67617222,0,24,0,0,1,1,0,4,1,10,0,10,0,0000000,99,99,99,99,99,99,0,0,0,1,0
21,210495,1,1,0,0,0,3,3,207,0,11,10,2014,7,22,33,0,6,4,CR-MT OLIVET CREEK RD,,2,37.10399722,-85.08260278,0,35,0,0,1,1,0,4,2,10,0,10,0,0000000,22,39,22,48,23,17,0,0,0,1,1
21,210496,1,1,0,1,1,1,1,179,170,14,10,2014,3,20,20,0,6,5,JONES AVE,,1,37.81230833,-85.47450833,0,8,0,0,1,1,0,1,5,10,0,10,0,0000000,20,24,20,29,20,44,0,0,0,1,0
21,210497,1,1,0,0,0,1,1,21,1760,31,10,2014,6,20,5,0,6,5,KNOB LICK,,0,37.57900278,-84.79441111,0,42,0,0,1,1,0,4,3,2,0,2,0,0000000,20,6,20,11,20,42,0,0,0,1,0
21,210498,2,2,0,0,0,5,5,1,740,8,8,2014,6,11,25,0,4,3,SR-55 BYPASS,SR-55 S,96,37.08372222,-85.29961111,0,12,6,0,2,2,0,1,1,2,0,2,0,0000000,11,28,11,29,11,40,0,0,0,2,0
21,210499,1,1,0,0,0,3,3,7,0,1,11,2014,7,1,42,1,2,2,US-60,,135,37.07975833,-88.92573333,0,42,0,0,1,1,0,4,2,1,0,1,0,0000000,1,42,1,56,2,32,0,0,0,1,1
21,210500,1,1,0,0,0,1,1,211,0,1,11,2014,7,22,0,0,5,3,SR-148,,63,38.14364444,-85.33251389,0,42,0,0,1,1,0,4,2,1,0,1,0,0000000,22,3,22,15,88,88,0,0,0,1,1
21,210501,1,1,0,0,0,2,2,229,0,2,11,2014,1,23,58,1,2,3,SR-555,,107,37.82194444,-85.15292778,0,35,0,0,1,1,0,4,2,1,0,1,0,0000000,0,19,0,29,1,39,18,0,0,1,1
21,210502,1,1,0,0,0,1,1,87,0,2,11,2014,1,15,55,0,3,3,SR-569,,21,37.34523333,-85.62895278,0,35,0,0,1,1,0,4,1,1,0,1,0,0000000,15,36,15,55,88,88,0,0,0,1,0
21,210503,1,1,0,0,0,2,2,169,0,4,11,2014,3,20,21,0,5,3,SR-496,,21,36.89673333,-85.51891389,0,52,0,0,1,1,0,4,2,10,0,10,0,0000000,20,22,20,36,99,99,0,0,0,1,0
21,210504,2,2,0,0,0,2,2,95,3284,5,11,2014,4,5,41,1,2,2,US-119,,281,36.94834167,-83.08885,0,12,1,0,1,1,0,1,2,10,0,10,0,0000000,5,46,5,53,6,25,0,0,0,1,0
21,210505,1,1,0,0,0,1,1,21,0,4,11,2014,3,1,50,0,5,3,SR-590,,5,37.63094444,-84.6807,0,42,0,0,1,1,0,4,2,10,0,10,0,0000000,1,54,2,8,88,88,0,0,0,1,1
21,210506,2,2,0,0,0,6,6,83,0,2,11,2014,1,9,58,0,4,3,SR-9004,,79,36.55486111,-88.67974444,0,12,2,0,8,1,0,1,1,1,0,1,0,0000000,10,7,10,21,10,57,0,0,0,1,0
21,210507,2,2,0,0,0,2,2,157,0,11,11,2014,3,4,28,0,4,2,US-68,,51,36.97291667,-88.3975,0,12,2,0,1,1,0,1,1,1,0,1,0,0000000,4,33,4,46,5,29,0,0,0,2,0
21,210508,1,1,0,1,1,1,1,67,1980,11,11,2014,3,19,7,1,13,2,US-27,LOUDON AVE,76,38.05979167,-84.48433889,0,8,0,0,3,2,0,1,3,2,0,2,0,0000000,19,9,19,13,19,29,0,0,0,1,0
21,210509,1,1,0,0,0,2,2,59,2490,14,11,2014,6,3,0,0,16,5,WINDING AVE,,0,37.75214167,-87.08854167,0,38,0,0,1,1,0,5,3,1,0,1,0,0000000,5,43,5,46,88,88,0,0,0,1,0
21,210510,1,1,0,0,0,1,1,83,0,12,11,2014,4,12,13,0,4,3,SR-80W,,28,36.78635278,-88.76958611,0,35,0,0,1,1,0,4,1,10,0,10,0,0000000,12,20,12,28,12,54,0,0,0,1,1
21,210511,1,1,0,0,0,1,1,195,1755,15,11,2014,7,7,52,0,4,3,SR-610,,53,37.314425,-82.58623056,0,59,0,0,1,1,0,4,1,1,0,1,0,0000000,8,4,8,15,88,88,0,0,0,1,0
21,210512,1,1,0,0,0,1,1,35,0,18,11,2014,3,7,10,0,5,3,SR-299,,22,36.62891667,-88.40541944,0,52,0,0,1,1,0,4,1,10,0,10,0,0000000,7,16,7,27,88,88,0,0,0,1,0
21,210513,1,1,0,0,0,1,1,35,0,17,11,2014,2,10,50,0,4,3,SR-121,,100,36.58011667,-88.23901667,0,34,0,0,1,1,0,4,1,1,0,1,0,0000000,10,54,10,59,88,88,0,0,0,1,0
21,210514,1,1,0,0,0,1,1,185,0,19,11,2014,4,3,41,0,14,3,SR-22,,43,38.32954722,-85.45326667,0,35,0,0,1,1,0,4,2,1,0,1,0,0000000,3,55,4,4,88,88,0,0,0,1,1
21,210515,1,1,0,0,0,2,2,21,0,18,11,2014,3,16,33,0,5,3,SR-300,,11,37.59501944,-84.87322778,0,32,0,0,1,1,0,5,1,1,0,1,0,0000000,16,35,16,48,17,6,0,0,0,1,0
21,210516,1,1,0,0,0,2,2,111,2090,8,11,2014,7,22,53,0,13,3,SR-1703,,39,38.21793333,-85.70854722,0,33,0,0,1,1,0,4,3,1,0,1,0,0000000,23,1,23,7,23,44,0,0,0,1,1
21,210517,2,2,0,0,0,3,3,133,2205,5,11,2014,4,16,23,1,2,2,US-119,,190,37.12453056,-82.77833333,0,12,2,0,8,1,0,1,1,2,0,2,0,0000000,99,99,99,99,99,99,0,0,0,1,0
21,210518,1,1,0,0,0,1,1,97,0,21,11,2014,6,20,58,0,5,3,SR-356,,116,38.40138889,-84.35498889,0,32,0,0,1,1,0,4,3,1,0,1,0,0000000,20,58,21,4,88,88,0,0,0,1,0
21,210519,1,1,0,0,0,1,1,77,0,22,11,2014,7,7,4,1,1,1,I-71,,534,38.68220833,-84.96397778,0,1,0,0,1,1,0,3,2,10,0,10,0,0000000,7,12,7,26,88,88,0,0,0,1,1
21,210520,2,1,1,0,0,2,2,211,0,21,11,2014,6,18,50,1,1,1,I-64,,249,38.21652778,-85.39488056,0,14,0,0,1,1,0,2,2,1,0,1,0,0000000,18,59,19,5,19,39,0,0,0,1,0
21,210521,1,1,0,0,0,2,2,239,0,23,11,2014,1,2,45,1,2,3,SR-9002,,673,38.022625,-84.73554167,0,1,0,0,1,1,0,3,2,1,0,1,0,0000000,2,47,2,57,3,26,0,0,0,1,1
21,210522,1,1,0,0,0,1,1,161,2206,23,11,2014,1,12,52,1,2,2,US-68,,95,38.58336944,-83.82788056,0,35,0,0,1,1,0,4,1,10,0,10,0,0000000,12,53,12,59,88,88,0,0,0,1,0
21,210523,1,1,0,0,0,1,1,87,0,25,11,2014,3,5,30,0,4,3,SR-88,,97,37.26895,-85.53325556,0,18,0,0,1,1,0,4,2,1,0,1,0,0000000,5,30,5,37,88,88,0,0,0,1,0
21,210524,2,2,0,0,0,4,4,213,0,7,11,2014,6,18,33,0,4,3,SR-100,CR-HENRY CLAY SMITH RD,174,36.70688056,-86.44291944,0,12,6,0,2,3,0,1,2,1,0,1,0,0000000,18,36,18,44,19,27,0,0,0,1,0
21,210525,2,2,0,0,0,4,4,215,0,10,11,2014,2,16,36,0,3,3,SR-55,,107,38.09798056,-85.36623056,0,1,0,0,8,1,0,1,1,1,0,1,0,0000000,16,36,16,42,99,99,0,0,0,1,0
21,210526,2,2,0,0,0,2,2,227,350,21,11,2014,6,20,52,0,16,5,SMALLHOUSE RD,ELMHURST WAY,1,36.93545278,-86.45060278,0,12,1,0,2,2,0,1,2,1,0,1,0,0000000,20,53,20,59,21,35,0,0,0,1,1
21,210527,1,1,0,0,0,1,1,103,1040,26,11,2014,4,13,8,0,6,3,SR-1899,,11,38.35588611,-85.16193056,0,42,0,0,1,1,0,4,1,1,0,1,0,0000000,13,9,13,18,13,45,0,0,0,1,0
21,210528,1,1,0,0,0,1,1,71,2180,24,11,2014,2,10,40,1,2,3,SR-80,,94,37.57194722,-82.75760278,0,32,0,0,1,1,0,8,1,1,0,1,0,0000000,10,43,10,54,11,32,0,0,0,1,0
21,210529,1,1,0,0,0,1,1,83,0,28,11,2014,6,6,57,0,6,4,CR-BOYD RD,,23,36.62444722,-88.74406944,0,35,0,0,1,1,0,4,1,1,0,1,0,0000000,6,59,7,15,88,88,0,0,0,1,1
21,210530,2,2,0,0,0,3,3,157,0,29,11,2014,7,21,37,0,6,3,SR-1364,,31,36.807225,-88.23998611,0,12,2,0,1,1,0,1,2,10,0,10,0,0000000,21,36,21,50,22,56,0,0,0,1,2
21,210531,1,1,0,0,0,2,2,117,0,30,11,2014,1,16,53,1,1,1,I-75 NB,,1663,38.79311944,-84.60411667,0,42,0,0,1,1,0,4,5,10,0,10,0,0000000,16,56,17,3,17,49,0,0,0,1,0
21,210532,1,1,0,0,0,2,2,105,0,28,11,2014,6,3,30,0,4,3,SR-307,,94,36.67991389,-88.87114722,0,35,0,0,1,1,0,4,2,1,0,1,0,0000000,3,42,3,52,88,88,0,0,0,2,0
21,210533,1,1,0,1,1,1,1,25,0,4,11,2014,3,18,1,0,4,3,SR-476,,95,37.48331389,-83.31142778,0,8,0,0,1,1,0,1,6,10,0,10,0,0000000,99,99,99,99,88,88,0,0,0,1,0
21,210534,1,1,0,0,0,1,1,147,2648,13,11,2014,5,22,28,0,6,4,CR-SOUTHERN HWY,,0,36.65898056,-84.44245278,0,34,0,0,1,1,0,4,2,10,0,10,0,0000000,22,28,22,35,22,59,0,0,0,1,1
21,210535,1,1,0,1,1,2,2,193,418,11,11,2014,3,21,30,0,4,3,SR-484,,3,37.26093056,-83.51277222,0,38,0,0,1,1,0,5,1,1,0,1,0,0000000,88,88,88,88,88,88,18,0,0,1,0
21,210536,1,1,0,0,0,2,2,169,0,26,11,2014,4,19,40,0,4,2,US-68,,183,37.09763889,-85.60433611,0,42,0,0,1,1,0,4,1,2,0,2,0,0000000,19,38,19,54,20,51,0,0,0,1,0
21,210537,1,1,0,0,0,2,2,185,0,7,11,2014,6,17,26,0,14,3,SR-146,,54,38.36090556,-85.44988333,0,30,0,0,1,1,0,4,1,1,0,1,0,0000000,99,99,99,99,99,99,0,0,0,1,0
21,210538,1,1,0,0,0,1,1,153,2870,21,11,2014,6,15,9,0,4,3,SR-40,,99998,37.76095278,-83.04916389,0,38,0,0,1,1,0,5,1,1,0,1,0,0000000,15,14,15,16,15,29,0,0,0,1,0
21,210539,1,1,0,0,0,1,1,235,0,6,11,2014,5,16,33,0,6,4,CR-MOUNTAIN ASH RD,,99999,36.65568333,-84.13410833,0,58,0,0,1,1,0,4,1,1,0,1,0,0000000,20,48,21,5,88,88,0,0,0,1,0
21,210540,1,1,0,0,0,1,1,123,0,17,11,2014,2,19,37,0,3,3,SR-61,,20,37.47029722,-85.67165556,0,38,0,0,1,1,0,4,2,1,0,1,0,0000000,19,37,19,46,20,18,0,0,0,1,0
21,210541,1,1,0,1,1,2,2,17,2540,16,9,2014,3,23,9,1,13,2,US-27,,72,38.20141389,-84.27525278,0,8,0,0,1,1,0,1,2,10,0,10,0,0000000,23,10,23,11,23,26,0,0,0,1,0
21,210542,2,2,0,0,0,2,2,95,0,1,12,2014,2,15,50,0,4,3,SR-38,,101,36.8773,-83.1696,0,24,0,0,1,1,0,4,1,2,0,2,0,0000000,15,51,16,12,88,88,0,0,0,1,0
21,210543,1,1,0,0,0,1,1,151,0,1,12,2014,2,16,5,0,4,2,US-25,,4,37.53494167,-84.31324444,0,53,0,0,8,1,0,5,1,2,0,2,0,0000000,16,8,16,21,88,88,0,0,0,1,0
21,210544,1,1,0,0,0,2,2,125,0,1,12,2014,2,22,29,0,5,3,SR-3432,,17,37.11615556,-84.11215556,0,35,0,0,1,1,0,4,2,10,0,10,0,0000000,22,29,22,33,23,38,0,0,0,1,0
21,210545,1,1,0,1,1,1,1,59,2490,5,12,2014,6,13,29,1,12,2,US-60,,168,37.73510833,-87.08190833,0,8,0,0,1,1,0,1,1,10,0,10,1,0000000,13,32,13,35,14,39,0,0,0,1,0
21,210546,1,1,0,0,0,1,1,9,0,5,12,2014,6,14,50,0,3,3,SR-249,,85,36.88604722,-85.92702222,0,31,0,0,1,1,0,4,1,10,0,10,0,0000000,14,52,15,7,88,88,0,0,0,1,0
21,210547,3,3,0,0,0,3,3,151,2750,5,12,2014,6,15,39,0,14,3,SR-52,,136,37.743825,-84.25465,0,12,6,0,8,1,0,1,1,2,0,2,0,0000000,15,39,15,45,16,5,0,0,0,1,0
21,210548,1,1,0,1,1,2,2,211,2980,5,12,2014,6,19,38,0,2,2,US-60,,89,38.21249167,-85.24911389,0,8,0,0,1,1,0,1,2,2,0,2,0,0000000,19,42,19,54,88,88,0,0,0,1,0
21,210549,2,2,0,0,0,3,3,115,2092,8,12,2014,2,14,2,1,2,2,US-23,BROWNS FORK RD,156,37.91466389,-82.75626667,0,12,6,0,2,3,0,1,1,10,0,10,0,0000000,14,3,14,5,14,41,0,0,0,1,0
21,210550,1,1,0,0,0,2,2,111,2090,7,12,2014,1,20,55,0,16,5,BECKLEY STATION RD,,6,38.24715833,-85.48345278,0,42,0,0,1,1,0,4,2,10,0,10,0,0000000,20,56,21,10,99,99,0,0,0,1,1
21,210551,1,1,0,0,0,1,1,111,2090,12,12,2014,6,3,34,1,13,2,US-31W,,100,38.12435278,-85.85316111,0,33,0,0,1,1,0,4,2,1,0,1,0,0000000,99,99,99,99,88,88,0,0,0,1,1
21,210552,1,1,0,0,0,1,1,5,0,13,12,2014,7,20,3,0,6,4,CR-WILDCAT RD,,6,38.00623889,-84.86873611,0,42,0,0,1,1,0,5,2,1,0,1,0,0000000,20,18,20,25,88,88,0,0,0,1,1
21,210553,2,2,0,0,0,3,3,19,610,13,12,2014,7,10,46,0,6,3,SR-757,,84,38.35295,-82.59951667,0,12,2,0,1,1,0,1,1,10,0,10,0,0000000,10,46,10,51,88,88,0,0,0,2,0
21,210554,1,1,0,0,0,1,1,97,0,13,12,2014,7,7,30,0,6,3,SR-3044,,4,38.33772778,-84.42568889,0,42,0,0,1,1,0,4,4,10,0,10,0,0000000,99,99,99,99,88,88,0,0,0,1,0
21,210555,1,1,0,0,0,1,1,93,0,13,12,2014,7,7,15,0,6,4,CR-MIDDLE CREEK RD,,37,37.65603889,-85.75302222,0,42,0,0,1,1,0,4,4,1,0,1,0,0000000,7,46,8,3,88,88,0,0,0,1,1
21,210556,1,1,0,1,1,1,1,67,1980,13,12,2014,7,18,44,0,14,3,SR-1927,,1,38.02884722,-84.45065833,0,8,0,0,1,1,0,1,2,10,0,10,0,0000000,18,47,18,53,19,15,0,0,0,1,0
21,210557,1,1,0,1,1,1,1,73,1220,15,12,2014,2,20,5,1,2,2,US-60,,109,38.20288889,-84.833625,0,8,0,0,1,1,0,1,2,10,0,10,0,0000000,20,5,20,7,88,88,0,0,0,1,0
21,210558,2,2,0,0,0,2,2,109,0,16,12,2014,3,6,45,0,3,3,SR-30,,10,37.25726389,-84.01180556,0,12,2,0,1,1,0,1,4,10,0,10,0,0000000,6,30,6,55,88,88,0,0,0,2,0
21,210559,1,1,0,0,0,1,1,111,2090,14,12,2014,1,18,12,1,11,1,I-264,,175,38.22595833,-85.64159167,0,25,0,0,1,1,0,3,1,1,0,1,0,0000000,99,99,99,99,99,99,0,0,0,1,0
21,210560,1,1,0,0,0,1,1,93,0,18,12,2014,5,1,4,1,2,3,SR-9002,,20,37.714475,-85.79975,0,52,0,0,1,1,0,3,2,1,0,1,0,0000000,1,4,1,14,88,88,0,0,0,1,1
21,210561,1,1,0,0,0,1,1,163,0,18,12,2014,5,15,33,0,5,3,SR-1600,,37,37.82814444,-86.10154167,0,32,0,0,1,1,0,4,1,1,0,1,0,0000000,15,36,15,47,88,88,0,0,0,1,0
21,210562,2,1,1,0,0,2,2,223,0,20,12,2014,7,2,11,0,4,2,US-42,,97,38.595,-85.29244167,0,52,0,0,1,1,0,4,2,1,0,1,0,0000000,2,23,2,26,4,22,0,0,0,1,0
21,210563,1,1,0,0,0,3,3,111,2090,20,12,2014,7,3,58,1,13,2,US-60A,,91,38.24833056,-85.68109722,0,43,0,0,1,1,0,4,3,10,0,10,0,0000000,99,99,99,99,99,99,0,0,0,1,1
21,210564,2,2,0,0,0,2,2,111,2090,20,12,2014,7,9,10,0,13,3,SR-1447,CHAMBERLAIN LANE,70,38.29923889,-85.54172222,0,12,1,0,3,2,0,1,1,10,0,10,0,0000000,9,12,9,17,88,88,0,0,0,1,1
21,210565,1,1,0,1,1,1,1,111,2090,20,12,2014,7,16,1,1,13,2,US-31E,,85,38.18025833,-85.62507778,0,53,0,0,1,1,0,5,1,10,0,10,0,0000000,16,1,16,5,88,88,0,0,0,1,0
21,210566,1,1,0,1,1,1,1,111,2090,20,12,2014,7,18,36,0,16,5,FEGENBUSH LN,,8,38.17523889,-85.63904167,0,8,0,0,1,1,0,1,2,10,0,10,0,0000000,99,99,99,99,88,88,0,0,0,1,1
21,210567,1,1,0,2,2,1,1,111,2090,11,12,2014,5,11,31,0,16,2,US-150,12TH STREET,99998,38.24708611,-85.771775,0,8,0,0,3,2,0,1,1,1,0,1,0,0000000,99,99,99,99,99,99,0,0,0,1,0
21,210568,2,2,0,0,0,2,2,51,0,5,12,2014,6,20,35,0,4,3,SR-638,,68,37.18503889,-83.84886667,0,12,6,0,1,1,0,1,2,2,0,2,0,0000000,20,37,20,46,88,88,0,0,0,1,1