STATE,ST_CASE,VE_TOTAL,VE_FORMS,PVH_INVL,PEDS,PERNOTMVIT,PERMVIT,PERSONS,COUNTY,CITY,DAY,MONTH,YEAR,DAY_WEEK,HOUR,MINUTE,NHS,ROAD_FNC,ROUTE,TWAY_ID,TWAY_ID2,MILEPT,LATITUDE,LONGITUD,SP_JUR,HARM_EV,MAN_COLL,RELJCT1,RELJCT2,TYP_INT,WRK_ZONE,REL_ROAD,LGT_COND,WEATHER1,WEATHER2,WEATHER,SCH_BUS,RAIL,NOT_HOUR,NOT_MIN,ARR_HOUR,ARR_MIN,HOSP_HR,HOSP_MN,CF1,CF2,CF3,FATALS,DRUNK_DR
21,210569,1,1,0,0,0,1,1,67,1980,22,12,2014,2,12,30,1,13,2,US-25,,218,38.151225,-84.54333611,0,38,0,0,1,1,0,5,1,1,0,1,0,0000000,99,99,99,99,88,88,0,0,0,1,1
21,210570,1,1,0,0,0,1,1,117,1767,24,12,2014,4,4,31,0,4,3,SR-177,,38,38.84408333,-84.46273611,0,53,0,0,1,1,0,5,2,5,0,5,0,0000000,4,33,4,45,88,88,0,0,0,1,1
21,210571,2,2,0,0,0,6,6,141,0,11,12,2014,5,13,18,1,2,2,US-68,CEMETERY RD,226,36.869875,-86.72449722,0,12,6,0,2,2,0,1,1,1,0,1,0,0000000,13,21,13,33,14,24,0,0,0,1,0
21,210572,1,1,0,0,0,1,1,105,0,24,12,2014,4,1,15,0,5,3,SR-129,,0,36.50296944,-88.83147778,0,42,0,0,1,1,0,4,2,10,0,10,0,0000000,1,24,1,28,88,88,20,0,0,1,0
21,210573,1,1,0,0,0,1,1,235,0,25,12,2014,5,7,29,1,1,1,I-75,,151,36.78857778,-84.17033889,0,57,0,0,1,1,0,3,1,10,0,10,0,0000000,7,35,7,44,8,24,0,0,0,1,0
21,210574,2,2,0,0,0,7,7,161,2210,25,12,2014,5,15,49,1,13,3,SR-9,,109,38.63749722,-83.80506111,0,12,2,0,1,1,0,1,1,10,0,10,0,0000000,15,49,15,50,15,58,0,0,0,2,0
21,210575,1,1,0,0,0,2,2,237,0,26,12,2014,6,3,35,1,2,3,SR-9000,,380,37.77343333,-83.62822222,0,35,0,0,1,1,0,4,2,1,0,1,0,0000000,3,37,3,48,4,40,0,0,0,1,0
21,210576,2,2,0,0,0,3,3,219,1020,26,12,2014,6,13,57,1,2,2,US-68,JEFFERSON DAVIS HIGHWAY,60,36.82297778,-87.19887778,0,12,6,0,2,2,0,1,1,1,0,1,0,0000000,13,1,13,6,14,31,0,0,0,1,0
21,210577,1,1,0,1,1,1,1,133,0,27,12,2014,7,21,30,0,4,3,SR-7,,225,37.22490556,-82.81166944,0,8,0,0,1,1,0,1,2,2,0,2,0,0000000,21,39,22,5,88,88,0,0,0,1,0
21,210578,2,2,0,0,0,2,2,71,2129,28,12,2014,1,14,28,0,4,3,SR-122,,193,37.44679167,-82.739275,0,12,2,0,1,1,0,1,1,2,0,2,0,0000000,14,31,14,38,14,42,0,0,0,1,0
21,210579,1,1,0,0,0,1,1,169,0,23,12,2014,3,4,0,0,6,3,SR-1048,,2,37.14163333,-85.68924722,0,42,0,0,1,1,0,4,2,2,0,2,0,0000000,4,2,4,29,88,88,0,0,0,1,0
21,210580,2,2,0,0,0,3,3,31,0,21,12,2014,1,7,28,0,4,3,SR-70,,158,37.26430833,-86.66682778,0,12,2,0,1,1,0,1,1,1,0,1,0,0000000,7,37,7,44,9,7,0,0,0,1,1
21,210581,2,2,0,0,0,4,4,235,0,29,12,2014,2,7,45,0,4,3,SR-92,,168,36.74149444,-84.09221944,0,12,2,0,1,1,0,1,1,2,0,2,0,0000000,7,57,8,5,9,8,0,0,0,1,0
21,210582,2,2,0,0,0,3,3,53,0,29,12,2014,2,11,18,0,5,3,SR-350,,9,36.690275,-85.12011389,0,12,6,0,1,1,0,1,1,1,0,1,0,0000000,11,15,11,21,11,34,0,0,0,1,0
21,210583,2,2,0,0,0,4,4,49,0,29,12,2014,2,14,25,1,2,3,SR-9000,,85,37.95481111,-84.02785,0,12,1,0,1,1,0,1,1,1,0,1,0,0000000,14,27,14,36,15,23,0,0,0,2,0
21,210584,2,2,0,0,0,2,2,93,2724,23,12,2014,3,16,9,0,6,5,WILSON RD SOUTH,,40,37.82467778,-85.93075278,0,12,6,0,8,1,0,1,1,2,0,2,0,0000000,16,10,16,16,16,38,0,0,0,1,0
21,210585,2,2,0,0,0,4,4,1,740,30,12,2014,3,9,51,0,4,3,SR-80,SR-55,117,37.08873611,-85.31978056,0,12,6,0,2,2,0,1,1,1,0,1,0,0000000,9,52,9,55,10,24,0,0,0,1,0
21,210586,1,1,0,0,0,1,1,85,287,30,12,2014,3,12,31,0,4,2,US-62,,303,37.54151389,-86.16083611,0,42,0,0,1,1,0,4,1,1,0,1,0,0000000,12,33,13,9,88,88,0,0,0,1,0
21,210587,2,2,0,0,0,4,4,133,1822,30,12,2014,3,5,44,1,2,2,US-119,,230,37.15665,-82.72456389,0,12,2,0,1,1,0,1,2,10,0,10,0,0000000,99,99,99,99,99,99,0,0,0,1,0
21,210588,2,2,0,0,0,2,2,39,0,30,12,2014,3,6,15,0,4,3,SR-80,SR-307,120,36.79986389,-88.86295278,0,12,6,0,2,2,0,1,2,10,0,10,0,0000000,6,15,6,41,7,14,0,0,0,1,0
21,210589,2,2,0,0,0,3,3,35,2350,5,12,2014,6,10,0,1,2,2,US-641,POPLAR ST.,75,36.60846667,-88.31521389,0,12,6,0,2,2,0,1,1,10,0,10,0,0000000,10,0,10,0,10,10,0,0,0,1,0
21,210590,2,2,0,0,0,2,2,61,0,12,12,2014,6,13,37,0,3,3,SR-259,,146,37.24353333,-86.28423056,0,12,2,0,1,1,0,1,1,1,0,1,0,0000000,13,39,13,43,99,99,0,0,0,1,0
21,210591,1,1,0,0,0,3,3,47,1620,26,12,2014,6,2,48,1,13,2,US-41A,,98,36.77965556,-87.47314444,0,35,0,0,1,1,0,3,2,1,0,1,0,0000000,2,50,2,55,3,28,0,0,0,1,1
21,210592,2,2,0,0,0,4,4,199,3070,26,12,2014,6,14,35,0,3,3,SR-80,SR-914,0,37.08576111,-84.66258056,0,12,6,0,2,2,0,1,1,10,0,10,0,0000000,14,35,14,41,15,4,0,0,0,2,0
21,210593,1,1,0,0,0,1,1,111,2090,28,12,2014,1,8,54,1,11,1,I-64,,1,38.25855556,-85.746375,0,25,0,0,5,1,0,8,1,10,0,10,0,0000000,99,99,99,99,99,99,0,0,0,1,1
21,210594,1,1,0,1,1,1,1,111,3010,25,12,2014,5,22,5,1,13,2,US-31W,NOBEL PL,157,38.19722222,-85.80466667,0,8,0,0,2,3,0,1,2,1,0,1,0,0000000,22,12,22,22,88,88,0,0,0,1,0
21,210595,1,1,0,0,0,1,1,193,0,29,12,2014,2,10,5,0,4,3,SR-550,,23,37.28406667,-83.19314167,0,42,0,0,1,1,0,4,1,10,0,10,0,0000000,99,99,99,99,88,88,0,0,0,1,0
21,210596,3,1,2,0,0,1,1,111,3010,30,12,2014,3,10,1,0,14,3,SR-1931,,91,38.20418333,-85.79084722,0,33,0,0,1,1,0,4,1,10,0,10,0,0000000,10,1,10,10,10,35,14,0,0,1,0
21,210597,1,1,0,0,0,2,2,81,780,16,12,2014,3,4,36,0,4,2,US-25,,0,38.49259167,-84.56019167,0,17,0,0,1,1,0,4,2,1,0,1,0,0000000,4,44,5,0,5,23,0,0,0,1,0
21,210598,1,1,0,0,0,1,1,41,0,8,12,2014,2,4,7,0,5,3,SR-36,,115,38.67658889,-85.10728056,0,42,0,0,1,1,0,4,2,10,0,10,0,0000000,4,8,4,10,4,33,0,0,0,1,0
21,210599,1,1,0,0,0,2,2,59,2490,18,11,2014,3,22,49,0,15,3,SR-331,,28,37.80383889,-87.15353056,0,42,0,0,1,1,0,4,2,10,0,10,0,0000000,22,52,22,58,88,88,0,0,0,2,1
21,210600,1,1,0,0,0,1,1,199,0,9,11,2014,1,21,51,0,5,3,SR-1643,,60,37.05540833,-84.48865278,0,42,0,0,1,1,0,4,2,1,0,1,0,0000000,21,58,22,14,88,88,0,0,0,1,1
21,210601,2,2,0,0,0,4,4,59,0,10,11,2014,2,10,17,1,2,2,US-231,US-60,113,37.86555278,-87.00245833,0,12,6,0,2,3,0,1,1,1,0,1,0,0000000,99,99,99,99,99,99,0,0,0,1,0
21,210602,2,2,0,0,0,2,2,29,2990,22,12,2014,2,15,42,0,3,3,SR-61,SR-245,94,37.92345833,-85.698925,0,12,2,0,2,3,0,1,1,1,0,1,0,0000000,15,43,15,45,99,99,0,0,0,1,0
21,210603,2,1,1,0,0,3,3,29,0,25,12,2014,5,23,23,0,4,3,SR-44,,94,37.99905,-85.76235556,0,43,0,0,1,1,0,4,2,10,0,10,0,0000000,23,23,23,31,0,14,0,0,0,1,1
21,210604,1,1,0,0,0,1,1,187,0,25,10,2014,7,1,20,0,6,3,SR-3096,,28,38.55739167,-84.71863611,0,42,0,0,1,1,0,4,2,1,0,1,0,0000000,2,10,2,50,88,88,0,0,0,1,1
21,210605,1,1,0,0,0,2,2,71,1279,19,12,2014,6,23,28,0,16,4,CR-ROCK FORK RD,,4,37.47380556,-82.85065556,0,35,0,0,1,1,0,4,2,5,0,5,0,0000000,99,99,99,99,99,99,0,0,0,1,0
21,210606,1,1,0,0,0,2,2,27,1410,26,12,2014,6,21,9,0,5,3,SR-261,,124,37.78528889,-86.46046389,0,42,0,0,1,1,0,4,2,10,0,10,0,0000000,21,11,21,17,21,41,0,0,0,1,1
21,210607,2,2,0,0,0,2,2,199,3070,25,11,2014,3,19,49,0,4,3,SR-914,JORDAN'S WAY,126,37.09715278,-84.56761111,0,12,1,0,3,3,0,1,2,1,0,1,0,0000000,20,2,20,8,99,99,0,0,0,1,0
21,210608,2,2,0,0,0,2,2,161,0,16,12,2014,3,4,20,1,2,3,SR-9,,53,38.5971,-83.72146944,0,12,8,0,1,1,0,1,2,10,0,10,0,0000000,4,35,4,43,5,3,0,0,0,1,1
21,210609,2,2,0,0,0,4,4,125,0,31,10,2014,6,8,21,0,3,3,SR-770,,4,36.97448889,-84.12450556,0,12,6,0,1,1,0,1,1,2,0,2,0,0000000,8,21,8,42,8,54,0,0,0,1,0
21,210610,2,2,0,0,0,4,4,151,0,27,12,2014,7,21,30,1,1,1,I-75 SB,,966,37.87113889,-84.33396944,0,12,2,0,1,1,0,1,6,1,0,1,0,0000000,21,36,21,38,22,25,0,0,0,2,0
21,210611,2,2,0,0,0,4,4,199,0,24,11,2014,2,9,4,1,2,2,US-127,SR-1247,260,37.22920556,-84.63141667,0,12,6,0,2,2,0,1,1,1,0,1,0,0000000,9,30,9,40,10,10,0,0,0,1,0
21,210612,1,1,0,0,0,1,1,203,2330,17,10,2014,6,14,51,0,5,3,SR-1004,,5,37.34658056,-84.30105833,0,42,0,0,1,1,0,4,1,1,0,1,0,0000000,14,49,14,58,15,16,0,0,0,1,0
22,220001,1,1,0,0,0,1,1,15,0,1,1,2014,4,13,15,0,6,4,CR-WINFIELD ROAD,,0,32.58631111,-93.57968056,0,32,0,0,1,1,0,4,1,1,0,1,0,0000000,13,18,13,23,88,88,0,0,0,1,1
22,220002,1,1,0,0,0,1,1,55,1230,1,1,2014,4,14,15,0,16,6,WOODRICH LANE,,0,30.27034167,-92.05518333,0,42,0,0,1,1,0,4,1,2,0,2,0,0000000,14,18,14,25,88,88,0,0,0,1,1
22,220003,3,3,0,0,0,3,3,57,0,2,1,2014,5,16,5,0,15,3,SR-308,ST. JOHN BRIDGE,292,29.81683056,-90.88,0,12,1,0,3,3,0,1,1,1,0,1,0,0000000,16,11,16,17,17,7,0,0,0,1,0
22,220004,1,1,0,0,0,2,2,47,0,2,1,2014,5,20,2,0,5,3,SR-75,,237,30.28491944,-91.20429167,0,30,0,0,1,1,0,4,2,1,0,1,0,0000000,20,2,20,27,21,56,0,0,0,1,1
22,220005,1,1,0,0,0,1,1,113,0,3,1,2014,6,17,49,0,5,3,SR-696,,32,30.02073889,-92.22216111,0,32,0,0,1,1,0,4,2,1,0,1,0,0000000,17,51,17,58,88,88,0,0,0,1,1
22,220006,2,2,0,0,0,4,4,33,150,6,1,2014,2,10,13,1,13,3,SR-426 OLD HAMMOND HWY,DRUSILLA LANE,15,30.4309,-91.0839,0,12,6,0,2,2,0,1,1,1,0,1,0,0000000,10,14,10,16,10,43,20,0,0,1,0
22,220007,1,1,0,0,0,2,2,19,2330,7,1,2014,3,4,10,0,6,4,CR-EDGERLY DEQUINCY RD,,0,30.31671111,-93.50131111,0,34,0,0,1,1,0,4,2,1,0,1,0,0000000,4,12,4,37,5,14,0,0,0,1,1
22,220008,1,1,0,0,0,1,1,115,9898,16,1,2014,5,20,25,0,4,3,SR-8,,270,31.17696111,-93.15381111,0,34,0,0,1,1,0,4,2,1,0,1,0,0000000,20,30,20,47,88,88,0,0,0,1,1
22,220009,1,1,0,0,0,1,1,103,2180,19,1,2014,1,1,0,0,14,2,US-190,,31,30.26532222,-89.73302222,0,34,0,0,1,1,0,4,6,1,0,1,0,0000000,1,7,1,13,1,29,0,0,0,1,1
22,220010,2,2,0,0,0,3,3,105,980,20,1,2014,2,9,53,1,11,1,I-55,,284,30.47018056,-90.48283056,0,1,0,0,1,1,0,3,1,1,0,1,0,0000000,9,55,10,0,10,30,0,0,0,1,0
22,220011,2,2,0,0,0,2,2,51,1125,21,1,2014,3,5,50,1,13,2,US-90 JEFFERSON HWY,NEWMAN AVE,2514,29.958175,-90.17423889,0,12,6,0,2,3,0,1,3,10,0,10,0,0000000,5,55,6,2,6,18,0,0,0,1,0
22,220012,1,1,0,0,0,1,1,1,658,21,1,2014,3,15,4,1,1,1,I-10,,758,30.23178889,-92.47483889,0,34,0,0,1,1,0,4,1,1,0,1,0,0000000,15,8,15,26,88,88,0,0,0,1,1
22,220013,1,1,0,0,0,1,1,5,9997,8,1,2014,4,16,30,0,6,4,CR-MERRITT EVANS RD,,0,30.29903889,-90.91101111,0,1,0,0,1,1,0,4,1,1,0,1,0,0000000,16,33,16,42,88,88,0,0,0,1,0
22,220014,1,1,0,1,1,1,1,61,2070,23,1,2014,5,1,13,1,13,2,US-80 W. CALIFORNIA AVE,,892,32.51171111,-92.66671111,0,8,0,0,1,1,0,1,3,1,0,1,0,0000000,1,13,1,17,88,88,0,0,0,1,0
22,220015,2,2,0,0,0,2,2,51,1005,23,1,2014,5,11,19,1,12,2,US-90-B WESTBANK EXPRESSWAY,,67,29.89868056,-90.07893889,0,12,1,0,1,1,0,1,1,1,0,1,0,0000000,11,26,11,26,11,52,23,0,0,1,0
22,220016,2,2,0,0,0,3,3,1,9898,24,1,2014,6,2,20,0,4,2,US-90,,893,30.23081111,-92.32175,0,12,6,0,1,1,0,1,2,3,12,3,0,0000000,2,31,2,51,3,59,19,23,0,1,1
22,220017,2,2,0,0,0,2,2,53,9898,24,1,2014,6,4,55,1,1,1,I-10,,624,30.24656944,-92.69716944,0,12,6,0,1,1,0,1,2,3,12,3,0,0000000,5,1,5,22,88,88,0,0,0,1,0
22,220018,1,1,0,0,0,1,1,67,140,24,1,2014,6,12,10,0,4,3,SR-593,,45,32.75361944,-91.89633889,0,32,0,0,1,1,0,4,1,1,0,1,0,0000000,12,15,12,19,12,36,20,0,0,1,0
22,220019,2,2,0,2,2,4,4,19,9898,24,1,2014,6,1,49,1,11,1,I-10,,272,30.23668889,-93.28046111,0,12,6,0,1,1,0,1,2,3,0,3,0,0000000,1,53,2,8,2,45,19,15,0,1,0
22,220020,1,1,0,0,0,1,1,69,0,3,1,2014,6,22,31,0,5,3,SR-486,,39,31.87283056,-93.10213889,0,41,0,0,1,1,0,4,2,1,0,1,0,0000000,22,36,22,43,88,88,0,0,0,1,1
22,220021,1,1,0,1,1,1,1,91,0,7,1,2014,3,17,55,0,4,3,SR-43,,162,30.65878056,-90.62475,0,8,0,0,1,1,0,1,2,1,0,1,0,0000000,88,88,88,88,88,88,0,0,0,1,0
22,220022,1,1,0,0,0,1,1,5,0,13,1,2014,2,23,6,0,5,3,SR-405,,79,30.20103056,-91.04995,0,53,0,0,1,1,0,4,2,1,0,1,0,0000000,23,8,23,22,88,88,0,0,0,1,1
22,220023,1,1,0,0,0,2,2,79,0,13,1,2014,2,23,45,0,4,3,SR-112,,554,31.14485,-92.72618889,0,34,0,0,1,1,0,4,2,1,0,1,0,0000000,23,56,0,20,1,9,0,0,0,1,1
22,220024,2,1,1,0,0,1,1,55,1230,21,1,2014,3,2,11,1,13,2,US-167,,193,30.21266111,-92.02411111,0,30,0,0,1,1,0,4,3,2,0,2,0,0000000,2,11,2,16,88,88,0,0,0,1,0
22,220025,1,1,0,0,0,2,2,93,9898,24,1,2014,6,17,40,1,1,1,I-10 WEST EXIT RAMP,,1957,30.12345,-90.67821944,0,42,0,1,5,1,0,4,5,3,12,3,0,0000000,17,41,17,49,18,36,0,0,0,1,0
22,220026,1,1,0,0,0,3,3,9,0,1,1,2014,4,22,10,0,4,3,SR-29,,366,30.91941944,-92.20251389,0,34,0,0,1,1,0,4,2,10,0,10,0,0000000,22,15,22,22,23,28,0,0,0,2,1
22,220027,1,1,0,0,0,7,7,79,9898,27,1,2014,2,20,56,0,6,4,CR-RIGOLETTE RD,,0,31.37718611,-92.4875,0,42,0,0,1,1,0,4,2,10,0,10,0,0000000,20,59,21,36,22,10,0,0,0,2,0
22,220028,1,1,0,0,0,1,1,73,9898,27,1,2014,2,23,53,0,4,2,US-80,,1134,32.52648056,-92.27955,0,42,0,0,1,1,0,4,2,1,0,1,0,0000000,23,56,0,13,0,33,0,0,0,1,1
22,220029,1,1,0,0,0,1,1,9,9898,30,1,2014,5,7,20,0,4,3,SR-115,,496,31.27361944,-92.1732,0,42,0,0,1,1,0,4,1,1,0,1,0,0000000,7,23,7,45,88,88,0,0,0,1,0
22,220030,2,2,0,0,0,2,2,99,250,31,1,2014,6,12,10,0,14,3,SR-31 MAIN HWY,,239,30.28923056,-91.93023056,0,12,2,0,1,1,0,1,1,1,0,1,0,0000000,12,13,12,26,12,51,0,0,0,1,0
22,220031,1,1,0,0,0,1,1,3,9898,31,1,2014,6,20,45,0,3,3,SR-26,,343,30.61181111,-92.74376944,0,34,0,0,1,1,0,4,2,1,0,1,0,0000000,20,34,20,38,88,88,0,0,0,1,1
22,220032,2,2,0,0,0,2,2,33,9898,23,1,2014,5,18,5,1,13,3,SR-67 PLANK RD,,65,30.53526111,-91.140275,0,12,6,0,8,1,0,1,3,1,0,1,0,0000000,18,10,18,27,18,52,0,0,0,1,0
22,220033,1,1,0,0,0,1,1,97,2360,27,1,2014,2,14,20,0,3,2,US-167,ROY RD,538,30.62873889,-92.15065,0,53,0,0,1,1,0,4,1,10,0,10,0,0000000,14,26,14,38,15,8,0,0,0,1,0
22,220034,1,1,0,1,1,3,3,97,720,1,1,2014,4,1,7,0,3,2,US-190 W. LAUREL AVE,,969,30.49506111,-92.44368056,0,8,0,0,1,1,0,1,2,10,0,10,0,0000000,1,8,1,15,1,32,0,0,0,1,1
22,220035,2,2,0,1,1,2,2,17,2130,3,1,2014,6,6,14,1,12,2,US-71,,1972,32.54408889,-93.77601111,0,8,0,0,1,1,0,1,3,1,0,1,0,0000000,6,12,6,15,88,88,0,0,0,1,0
22,220036,1,1,0,0,0,1,1,61,885,12,1,2014,1,2,6,0,14,3,SR-149,,3,32.5111,-92.71695,0,42,0,0,1,1,0,5,2,1,0,1,0,0000000,2,16,2,21,88,88,0,0,0,1,1
22,220037,1,1,0,0,0,1,1,23,0,12,1,2014,1,12,27,0,4,3,SR-27,,555,29.87598889,-93.43266944,0,34,0,0,1,1,0,4,1,1,0,1,0,0000000,12,25,12,30,88,88,0,0,0,1,0
22,220038,1,1,0,0,0,1,1,19,1100,13,1,2014,2,18,37,0,4,2,US-90,SR-383,430,30.23138056,-93.01958056,0,23,0,0,3,3,0,4,3,1,0,1,0,0000000,18,37,18,40,19,27,0,0,0,1,1
22,220039,1,1,0,0,0,2,2,101,48,30,1,2014,5,15,28,0,6,4,CR-DUHON BYPASS RD,CR-LAKE VIEW RD,0,29.68818056,-91.10561944,0,19,0,0,3,3,0,4,1,1,0,1,0,0000000,15,26,15,46,16,40,0,0,0,1,0
22,220040,1,1,0,1,1,4,4,71,1690,31,1,2014,6,19,4,1,12,3,SR-3139 EARHART BLVD,,49,29.96611944,-90.12633889,0,8,0,0,1,1,0,1,3,1,0,1,0,0000000,19,7,19,18,88,88,0,0,0,1,0
22,220041,1,1,0,0,0,2,2,51,9898,19,1,2014,1,23,0,1,11,1,I-10,,2282,29.99819722,-90.17335833,0,25,0,0,1,1,0,4,3,1,0,1,0,0000000,23,10,23,21,88,88,0,0,0,2,1
22,220042,1,1,0,0,0,1,1,63,9997,3,1,2014,6,5,0,0,6,4,CR-NORTH HORSESHOE RD,,0,30.6491,-90.59681944,0,53,0,0,1,1,0,4,2,1,0,1,0,0000000,5,9,5,43,6,21,0,0,0,1,0
22,220043,1,1,0,2,2,1,1,117,0,1,2,2014,7,1,40,0,5,3,SR-438,,109,30.99018889,-90.14736944,0,8,0,0,1,1,0,1,2,1,0,1,0,0000000,1,41,1,58,88,88,0,0,0,1,0
22,220044,1,1,0,0,0,1,1,85,0,1,2,2014,7,21,15,0,4,3,SR-174,,27,31.77618889,-93.729,0,42,0,0,1,1,0,4,2,1,0,1,0,0000000,88,88,88,88,88,88,0,0,0,1,0
22,220045,1,1,0,2,2,1,1,71,1690,3,2,2014,2,7,1,0,14,6,PARIS AVENUE,LAFRENIERE STREET,0,29.99319722,-90.07333056,0,8,0,0,3,2,0,1,1,1,0,1,0,0000000,7,1,7,6,7,33,0,0,0,1,0
22,220046,2,2,0,0,0,3,3,5,0,4,2,2014,3,16,42,0,15,3,SR-931,,4,30.28421944,-90.91497222,0,12,6,0,1,1,0,1,1,10,0,10,0,0000000,16,42,16,51,17,40,2,0,0,1,0
22,220047,1,1,0,0,0,1,1,47,0,4,2,2014,3,18,9,0,4,3,SR-75,,131,30.21940278,-91.31718611,0,35,0,0,1,1,0,4,5,2,0,2,0,0000000,18,17,18,27,88,88,0,0,0,1,1
22,220048,2,2,0,0,0,2,2,91,0,5,2,2014,4,13,55,0,3,3,SR-10,,1872,30.88271111,-90.80176111,0,12,8,0,1,1,0,1,1,1,0,1,0,0000000,99,99,99,99,88,88,0,0,0,1,1
22,220049,1,1,0,0,0,1,1,55,2120,7,2,2014,6,2,40,0,6,4,CR-RUE DES BABINEAUX,,0,30.26911111,-92.12721944,0,42,0,0,1,1,0,4,2,1,0,1,0,0000000,3,3,3,26,88,88,0,0,0,1,1
22,220050,1,1,0,1,1,1,1,57,1280,10,2,2014,2,19,29,0,14,3,SR-657,WEST 15TH ST,2,29.56488889,-90.37655,0,8,0,0,3,2,0,1,2,10,0,10,0,0000000,19,32,19,44,88,88,0,0,0,1,0
22,220051,2,2,0,0,0,19,19,101,0,15,2,2014,7,11,30,1,2,2,US-90,,1610,29.73650556,-91.42620833,0,12,6,0,1,1,0,1,1,1,0,1,1,0000000,12,4,12,32,13,7,0,0,0,4,0
22,220052,2,2,0,0,0,5,5,109,0,15,2,2014,7,15,0,0,14,3,SR-182,SAVANNE RD,239,29.58191944,-90.81591944,0,12,6,0,2,3,0,1,1,1,0,1,0,0000000,15,20,15,34,88,88,0,0,0,1,0
22,220053,1,1,0,0,0,2,2,33,150,15,2,2014,7,21,13,1,11,1,I-110,,22,30.4591,-91.1663,0,35,0,0,1,1,0,4,3,1,0,1,0,0000000,21,25,21,31,99,99,0,0,0,1,0
22,220054,1,1,0,0,0,1,1,39,0,16,2,2014,1,17,55,0,6,3,SR-3187,,65,30.84798056,-92.4482,0,35,0,0,1,1,0,4,2,1,0,1,0,0000000,17,58,18,14,88,88,0,0,0,1,1
22,220055,1,1,0,0,0,1,1,71,1690,17,2,2014,2,20,30,1,1,1,I-10,,2555,30.15493889,-89.85305,0,26,0,0,1,1,0,4,2,1,0,1,0,0000000,99,99,99,99,88,88,0,0,0,1,0
22,220056,1,1,0,0,0,1,1,33,0,18,2,2014,3,4,19,1,13,3,SR-426 OLD HAMMOND HWY,CR-MILLERVILLE RD,53,30.45168056,-91.02455,0,46,0,0,3,3,0,4,3,5,0,5,0,0000000,4,20,4,28,88,88,0,0,0,1,0
22,220057,1,1,0,0,0,1,1,5,2189,19,2,2014,4,9,0,0,5,3,SR-22,,60,30.15181944,-90.89595,0,35,0,0,1,1,0,4,1,10,0,10,0,0000000,9,8,9,16,88,88,0,0,0,1,0
22,220058,1,1,0,0,0,1,1,43,1570,20,2,2014,5,13,50,0,6,4,CR-FLETCHER LOOP RD,,0,31.64178889,-92.81236111,0,34,0,0,1,1,0,4,1,10,0,10,0,0000000,99,99,99,99,88,88,0,0,0,1,1
22,220059,1,1,0,1,1,1,1,57,1970,22,2,2014,7,18,48,0,14,3,SR-1,,681,29.71571944,-90.58261944,0,8,0,0,1,1,0,1,3,1,0,1,0,0000000,18,53,19,12,88,88,0,0,0,1,0
22,220060,1,1,0,0,0,5,5,43,630,23,2,2014,1,3,23,0,9,4,CR-RACE TRACK RD,,0,31.4994,-92.51035,0,35,0,0,1,1,0,4,2,10,0,10,0,0000000,3,30,3,59,5,5,0,0,0,1,1
22,220061,3,3,0,0,0,4,4,93,0,25,2,2014,3,17,30,0,3,2,US-61,SR-641,380,30.07383889,-90.68346111,0,12,6,0,2,2,0,1,1,1,0,1,0,0000000,17,32,17,37,17,56,0,0,0,1,0
22,220062,1,1,0,0,0,2,2,7,9898,26,2,2014,4,5,17,0,4,3,SR-182,,443,29.66208056,-91.08781111,0,34,0,0,1,1,0,4,2,2,0,2,0,0000000,5,19,5,41,6,21,0,0,0,1,0
22,220063,1,1,0,0,0,1,1,83,0,27,2,2014,5,16,40,1,1,1,I-20,,1477,32.45293889,-91.59253056,0,31,0,0,1,1,0,3,1,1,0,1,0,0000000,16,42,16,51,17,37,0,0,0,1,0
22,220064,1,1,0,0,0,1,1,17,2130,6,2,2014,5,0,27,0,15,6,NATALIE ST,ST. VINCENT,0,32.46105,-93.75906111,0,33,0,0,3,2,0,4,3,10,0,10,0,0000000,0,56,1,1,88,88,0,0,0,1,1
22,220065,3,1,2,0,0,2,2,91,1578,8,2,2014,7,7,0,0,3,3,SR-16,,531,30.68171944,-90.64803056,0,34,0,0,1,1,0,4,1,10,0,10,0,0000000,7,10,7,15,88,88,14,0,0,1,0
22,220066,1,1,0,1,1,1,1,17,2130,8,2,2014,7,22,15,0,15,6,LEGARDY ST,,0,32.54218889,-93.81148889,0,8,0,0,1,1,0,1,3,1,0,1,0,0000000,22,15,22,18,88,88,0,0,0,1,1
22,220067,1,1,0,0,0,1,1,109,1070,9,2,2014,1,99,99,0,14,3,SR-182,,189,29.57378056,-90.75036111,0,42,0,0,1,1,0,4,3,99,0,99,0,0000000,11,3,11,11,88,88,18,0,0,1,0
22,220068,1,1,0,1,1,1,1,73,1560,14,2,2014,6,19,34,0,16,6,ATKINSON ST,,0,32.47263056,-92.09838056,0,8,0,0,1,1,0,1,3,1,0,1,0,0000000,19,36,19,43,20,0,0,0,0,1,0
22,220069,1,1,0,0,0,4,4,73,9898,17,2,2014,2,20,11,0,6,4,CR-RICHARDSON RD,,0,32.55005,-92.35026111,0,42,0,0,1,1,0,4,2,10,0,10,0,0000000,20,12,20,30,20,54,0,0,0,3,0
22,220070,1,1,0,0,0,1,1,51,1231,23,2,2014,1,21,57,0,4,3,SR-45,,26,29.69106111,-90.09653889,0,59,0,0,1,1,0,4,3,5,0,5,0,0000000,22,1,22,25,88,88,0,0,0,1,1
22,220071,2,2,0,0,0,2,2,51,1545,27,2,2014,5,13,59,1,13,4,CR-VETERANS MEMORIAL BLVD,,0,30.00196111,-90.13673056,0,12,1,0,1,1,0,1,1,1,0,1,0,0000000,14,8,14,10,14,37,0,0,0,1,0