STATE,ST_CASE,VE_TOTAL,VE_FORMS,PVH_INVL,PEDS,PERNOTMVIT,PERMVIT,PERSONS,COUNTY,CITY,DAY,MONTH,YEAR,DAY_WEEK,HOUR,MINUTE,NHS,ROAD_FNC,ROUTE,TWAY_ID,TWAY_ID2,MILEPT,LATITUDE,LONGITUD,SP_JUR,HARM_EV,MAN_COLL,RELJCT1,RELJCT2,TYP_INT,WRK_ZONE,REL_ROAD,LGT_COND,WEATHER1,WEATHER2,WEATHER,SCH_BUS,RAIL,NOT_HOUR,NOT_MIN,ARR_HOUR,ARR_MIN,HOSP_HR,HOSP_MN,CF1,CF2,CF3,FATALS,DRUNK_DR
22,220186,1,1,0,0,0,1,1,33,150,28,4,2014,2,19,30,1,11,1,I-10,,1641,30.38206111,-91.06521389,0,24,0,1,19,1,0,4,3,1,0,1,0,0000000,19,32,19,36,88,88,0,0,0,1,1
22,220187,2,2,0,0,0,2,2,5,2189,15,4,2014,3,9,59,0,3,3,SR-70,,500,30.16005278,-90.87821389,0,12,2,0,1,1,0,1,1,1,0,1,0,0000000,9,59,10,15,88,88,0,0,0,1,0
22,220188,2,2,0,0,0,2,2,69,320,1,5,2014,5,5,38,0,3,2,US-71,,1339,31.92081111,-93.12466111,0,18,0,0,1,1,0,1,2,1,0,1,0,0000000,5,39,5,54,88,88,0,0,0,1,0
22,220189,1,1,0,1,1,1,1,103,760,2,5,2014,6,13,40,0,3,3,SR-25,VILLAGE FARMS LN,108,30.63843889,-90.19125,0,8,0,0,3,3,0,1,1,1,0,1,0,0000000,13,40,13,50,14,30,0,0,0,1,0
22,220190,4,4,0,0,0,5,5,47,0,2,5,2014,6,16,40,1,1,1,I-10,,1271,30.36353889,-91.64393056,0,12,1,0,1,1,0,1,1,1,0,1,0,0000000,16,42,17,10,18,20,28,0,0,2,0
22,220191,1,1,0,0,0,1,1,97,9898,3,5,2014,7,0,4,0,4,3,SR-182,,1432,30.43598889,-92.10178889,0,32,0,0,1,1,0,4,2,1,0,1,0,0000000,0,4,0,17,88,88,0,0,0,1,1
22,220192,2,2,0,0,0,2,2,99,9898,3,5,2014,7,6,24,0,3,3,SR-70,,133,29.8756,-91.20846944,0,12,8,0,1,1,0,1,4,10,0,10,0,0000000,6,25,6,44,88,88,0,0,0,1,0
22,220193,1,1,0,0,0,1,1,113,9898,3,5,2014,7,17,50,0,4,3,SR-92,,207,30.10928889,-92.31878056,0,34,0,0,1,1,0,4,1,1,0,1,0,0000000,17,57,18,12,18,35,0,0,0,1,1
22,220194,1,1,0,1,1,1,1,33,150,5,5,2014,2,1,23,0,14,3,SR-30,JENNIFER JEAN,33,30.3968,-91.1781,0,8,0,0,3,2,0,1,3,1,0,1,0,0000000,1,24,1,30,1,58,0,0,0,1,0
22,220195,1,1,0,0,0,1,1,21,9898,5,5,2014,2,6,20,0,4,3,SR-133,,100,32.22841111,-92.00608889,0,32,0,0,1,1,0,4,4,1,0,1,0,0000000,6,23,6,24,88,88,0,0,0,1,0
22,220196,1,1,0,0,0,1,1,19,2210,7,5,2014,4,21,6,1,11,1,I-10,,216,30.21601111,-93.36755,0,1,0,0,1,1,1,1,2,1,0,1,0,0000000,21,7,21,12,21,54,0,0,0,1,1
22,220197,1,1,0,0,0,1,1,97,9898,9,5,2014,6,2,20,0,4,3,SR-93,,163,30.37809722,-92.10642778,0,42,0,0,1,1,0,4,2,10,0,10,0,0000000,2,26,2,41,88,88,0,0,0,1,1
22,220198,1,1,0,0,0,1,1,47,960,9,5,2014,6,9,25,1,1,1,I-10,,1383,30.41121389,-91.465475,0,42,0,0,1,1,0,4,1,2,10,2,0,0000000,9,34,9,45,88,88,0,0,0,1,0
22,220199,1,1,0,0,0,1,1,101,9898,10,5,2014,7,18,30,0,4,3,SR-318,,2,29.83719444,-91.65824722,0,42,0,0,1,1,0,4,1,10,0,10,0,0000000,18,34,18,54,88,88,0,0,0,1,1
22,220200,1,1,0,0,0,1,1,109,365,11,5,2014,1,3,18,0,5,3,SR-56,,0,29.24538889,-90.66246944,0,31,0,0,1,1,0,5,2,1,0,1,0,0000000,88,88,88,88,88,88,0,0,0,1,1
22,220201,2,2,0,0,0,2,2,103,2180,11,5,2014,1,21,25,1,1,1,I-10,,2579,30.1804,-89.82566944,0,12,1,0,1,1,0,1,2,1,0,1,0,0000000,21,37,21,49,22,15,0,0,0,1,1
22,220202,2,2,0,0,0,2,2,97,1800,12,5,2014,2,6,47,0,15,3,SR-357,,84,30.52086944,-92.10676944,0,12,6,0,1,1,0,1,1,1,0,1,1,0000000,6,49,6,56,7,51,0,0,0,1,0
22,220203,2,2,0,0,0,3,3,89,1358,16,5,2014,6,6,38,1,13,2,US-90,CORONADO DR,2363,29.90783056,-90.36613056,0,12,6,0,2,3,0,1,1,1,0,1,0,0000000,6,40,7,8,7,50,0,0,0,1,0
22,220204,1,1,0,0,0,1,1,105,9898,16,5,2014,6,13,20,0,4,3,SR-40,,234,30.62145556,-90.28429722,0,42,0,0,1,1,0,4,1,1,0,1,0,0000000,13,33,13,42,88,88,0,0,0,1,0
22,220205,2,2,0,0,0,2,2,89,9898,16,5,2014,6,16,56,0,14,3,SR-18,,609,29.95656111,-90.29036111,0,12,6,0,1,1,0,1,1,1,0,1,0,0000000,17,0,17,22,17,36,0,0,0,1,0
22,220206,2,2,0,0,0,3,3,71,1690,16,5,2014,6,21,54,1,11,1,I-610,,21,29.9933,-90.08996944,0,24,0,0,1,1,0,4,3,1,0,1,0,0000000,21,54,22,3,88,88,0,0,0,1,0
22,220207,1,1,0,1,1,1,1,71,1690,16,5,2014,6,23,0,1,13,2,US-90 CHEF MENTEUR HWY,,2710,30.03196111,-89.92538889,0,8,0,0,1,1,0,1,3,1,0,1,0,0000000,99,98,99,98,88,88,0,0,0,1,0
22,220208,1,1,0,0,0,1,1,55,9898,17,5,2014,7,0,55,0,16,4,CR-WAGON TRAIL RD,BILLEAUX RD,0,30.32906944,-92.09636111,0,42,0,0,3,3,0,4,2,1,0,1,0,0000000,0,57,1,11,88,88,0,0,0,1,1
22,220209,1,1,0,0,0,5,5,71,1690,18,5,2014,1,12,15,1,11,1,I-10,,2425,30.02553056,-90.01258056,0,1,0,1,19,1,0,4,1,1,0,1,0,0000000,12,16,12,22,12,36,0,0,0,1,0
22,220210,1,1,0,0,0,2,2,93,9898,20,5,2014,3,1,25,0,3,2,US-61 AIRLINE HWY,,403,30.08602778,-90.71783611,0,3,0,0,1,1,0,4,2,1,0,1,0,0000000,1,32,1,39,88,88,0,0,0,2,1
22,220211,1,1,0,0,0,2,2,79,9898,21,5,2014,4,15,56,0,4,3,SR-113,,411,30.98281111,-92.78813056,0,42,0,0,1,1,0,4,1,1,0,1,0,0000000,16,2,16,3,17,26,0,0,0,2,0
22,220212,1,1,0,0,0,1,1,115,9898,22,5,2014,5,12,52,1,2,3,SR-8,,88,31.11731111,-93.40081111,0,59,0,0,1,1,0,4,1,1,0,1,0,0000000,12,56,13,9,88,88,0,0,0,1,1
22,220213,1,1,0,0,0,2,2,33,150,23,5,2014,6,0,38,1,11,1,I-10,,1689,30.33029444,-91.01441944,0,24,0,0,1,1,0,4,2,1,0,1,0,0000000,0,38,0,46,1,20,0,0,0,2,1
22,220214,2,2,0,0,0,2,2,51,950,27,2,2014,5,21,27,1,12,7,US-90 WESTBANK EXPRESSWAY,,84,29.91096944,-90.05451944,0,12,7,0,1,1,0,1,3,1,0,1,0,0000000,21,27,21,29,88,88,0,0,0,1,0
22,220215,1,1,0,0,0,1,1,33,9997,24,5,2014,7,2,13,1,13,3,SR-37 GREENWELL SPRINGS RD,DONNYBROOK DR,75,30.51831111,-91.00405,0,35,0,0,1,1,0,4,2,1,0,1,0,0000000,2,14,2,27,88,88,0,0,0,1,1
22,220216,1,1,0,0,0,1,1,33,150,4,2,2014,3,8,15,0,14,6,S. CHOCTAW DR,,0,30.4721,-91.03406944,0,34,0,0,1,1,0,4,1,5,0,5,0,0000000,8,18,8,24,88,88,0,0,0,1,0
22,220217,1,1,0,0,0,2,2,1,0,24,5,2014,7,18,15,1,1,1,I-10,,774,30.23548611,-92.4505,0,43,0,0,1,1,0,10,1,1,0,1,0,0000000,18,23,18,30,88,88,0,0,0,1,0
22,220218,1,1,0,0,0,1,1,33,150,25,5,2014,1,3,20,0,15,3,SR-327,,105,30.35991111,-91.23311111,0,35,0,0,1,1,0,4,2,5,0,5,0,0000000,3,35,3,46,88,88,0,0,0,1,1
22,220219,1,1,0,0,0,1,1,81,0,25,5,2014,1,23,50,0,3,2,US-71,,1580,32.13428889,-93.38283889,0,42,0,0,1,1,0,4,2,1,0,1,0,0000000,0,15,0,30,88,88,0,0,0,1,0
22,220220,1,1,0,0,0,1,1,5,0,26,5,2014,2,2,30,0,4,3,SR-22,,165,30.24773056,-90.78983056,0,35,0,0,1,1,0,4,2,1,0,1,0,0000000,2,39,3,1,88,88,0,0,0,1,1
22,220221,1,1,0,0,0,1,1,63,570,27,5,2014,3,7,16,0,15,3,SR-1032,,85,30.43998889,-90.97059167,0,42,0,0,1,1,0,4,4,10,0,10,0,0000000,88,88,88,88,88,88,20,0,0,1,0
22,220222,1,1,0,0,0,5,5,57,2250,27,5,2014,3,9,5,0,14,3,SR-1,,871,29.80851111,-90.86176111,0,34,0,0,1,1,0,4,1,1,0,1,0,0000000,9,9,9,19,10,13,0,0,0,1,0
22,220223,1,1,0,1,1,1,1,9,2160,27,5,2014,3,2,18,0,3,3,SR-1,,2140,30.98071111,-91.80933056,0,8,0,0,1,1,0,1,2,1,0,1,0,0000000,2,22,2,24,88,88,0,0,0,1,0
22,220224,1,1,0,1,1,2,2,61,885,28,5,2014,4,0,40,1,11,1,I-20,,826,32.54074167,-92.69206667,0,8,0,0,1,1,0,1,2,10,0,10,0,0000000,88,88,88,88,88,88,0,0,0,1,0
22,220225,1,1,0,0,0,2,2,47,0,28,5,2014,4,21,0,0,6,3,SR-1148,,21,30.32293889,-91.26666111,0,42,0,0,1,1,0,4,2,10,0,10,0,0000000,21,3,21,17,88,88,0,0,0,2,1
22,220226,2,2,0,0,0,3,3,57,0,28,5,2014,4,22,50,0,3,3,SR-1,,565,29.60501944,-90.49196111,0,12,2,0,1,1,0,1,2,2,10,2,0,0000000,22,57,23,20,0,21,0,0,0,1,1
22,220227,1,1,0,0,0,1,1,47,0,30,5,2014,6,7,56,1,2,3,SR-1,,1245,30.14408889,-91.09463889,0,34,0,0,1,1,0,4,1,2,0,2,0,0000000,8,5,8,17,88,88,0,0,0,1,0
22,220228,2,2,0,0,0,6,6,1,1980,30,5,2014,6,14,25,0,14,3,SR-13,,351,30.46711944,-92.41198056,0,12,2,0,1,1,0,1,1,1,0,1,0,0000000,14,31,15,7,15,37,0,0,0,5,0
22,220229,2,2,0,0,0,2,2,101,1830,31,5,2014,7,11,28,1,13,2,US-90,CATHERINE ST.,1688,29.69036111,-91.31358056,0,12,6,0,2,2,0,1,1,1,0,1,0,0000000,11,23,11,34,11,52,0,0,0,1,0
22,220230,4,4,0,0,0,4,4,5,0,29,5,2014,5,12,38,0,3,3,SR-70,,500,30.15963056,-90.87788889,0,12,1,0,1,1,0,1,1,1,0,1,0,0000000,12,46,13,2,13,27,28,0,0,1,0
22,220231,1,1,0,0,0,2,2,1,0,1,6,2014,1,3,28,0,6,4,CR-HARMON RD,,0,30.25666111,-92.44743056,0,34,0,0,1,1,0,4,2,10,0,10,0,0000000,3,30,3,48,4,14,0,0,0,1,0
22,220232,1,1,0,1,1,1,1,5,870,1,6,2014,1,4,0,0,16,3,SR-935,,29,30.24781944,-90.87081944,0,8,0,0,1,1,0,1,2,1,0,1,0,0000000,4,2,4,35,88,88,0,0,0,1,0
22,220233,4,4,0,0,0,7,7,103,9898,3,6,2014,3,16,41,1,13,2,US-190,,2492,30.40271944,-90.08618889,0,12,2,0,1,1,0,1,1,1,0,1,0,0000000,16,42,16,50,88,88,19,0,0,2,0
22,220234,1,1,0,0,0,1,1,31,900,3,6,2014,3,17,46,0,5,3,SR-3015,,99,32.08605833,-93.84491111,0,1,0,0,1,1,0,4,1,1,0,1,0,0000000,17,52,17,58,88,88,2,0,0,1,1
22,220235,1,1,0,0,0,1,1,19,1250,3,6,2014,3,22,44,0,14,6,ENTERPRISE BLVD,3RD STREET,0,30.22398056,-93.20426111,0,33,0,0,3,2,0,3,3,1,0,1,0,0000000,22,49,22,53,88,88,19,0,0,1,0
22,220236,2,2,0,0,0,3,3,79,1850,4,6,2014,4,18,3,1,2,3,SR-28,BARBER DR,618,31.36393889,-92.30936944,0,12,1,0,2,3,0,1,1,1,0,1,0,0000000,18,8,18,16,18,40,0,0,0,1,0
22,220237,1,1,0,0,0,1,1,19,1100,7,6,2014,7,20,10,0,6,4,CR-SIDNEY LEGER RD,,0,30.28748056,-93.04471944,0,43,0,0,1,1,0,4,2,1,0,1,0,0000000,20,15,20,37,88,88,0,0,0,1,1
22,220238,2,2,0,0,0,5,5,111,740,8,6,2014,1,21,22,0,4,3,SR-549,,0,32.8205,-92.4081,0,12,2,0,1,1,0,1,2,10,0,10,0,0000000,21,26,21,33,22,16,0,0,0,1,0
22,220239,1,1,0,1,1,2,2,15,0,9,6,2014,2,21,47,0,6,4,CR-LINDSEY RD,,0,32.57855,-93.57388056,0,8,0,0,1,1,0,1,2,10,0,10,0,0000000,88,88,88,88,88,88,0,0,0,1,0
22,220240,1,1,0,1,1,1,1,57,815,10,6,2014,3,20,35,0,5,3,SR-654 GREENS RD,,36,29.70268889,-90.49148889,0,8,0,0,1,1,0,1,2,10,0,10,0,0000000,20,35,20,46,21,10,0,0,0,1,1
22,220241,2,2,0,0,0,5,5,103,0,11,6,2014,4,11,40,1,11,1,I-12,SR-434,747,30.34921111,-89.91486111,0,12,7,1,17,1,0,1,1,1,0,1,0,0000000,11,58,12,6,12,51,0,0,0,1,0
22,220242,1,1,0,0,0,1,1,73,2410,11,6,2014,4,19,39,0,16,4,CR-HOWARD B RD,,0,32.41825,-92.27083056,0,1,0,0,1,1,0,4,1,1,0,1,0,0000000,19,40,19,54,88,88,0,0,0,1,0
22,220243,1,1,0,1,1,1,1,33,150,12,6,2014,5,2,35,0,15,4,CR-HOO SHOO TOO,,0,30.35171111,-90.93196944,0,8,0,0,1,1,0,1,2,1,0,1,0,0000000,2,47,3,2,88,88,0,0,0,1,1
22,220244,3,3,0,0,0,4,4,71,1690,25,5,2014,1,18,38,1,13,3,SR-46 ST. CLAUDE AVENUE,DELERY ST.,34,29.95895,-90.00814444,0,12,6,0,2,99,0,1,1,1,0,1,0,0000000,99,99,99,99,99,99,14,0,0,1,0
22,220245,1,1,0,0,0,7,7,47,0,13,6,2014,6,20,0,1,1,1,I-10,,1330,30.38939444,-91.55008889,0,24,0,0,1,1,0,4,2,1,0,1,0,0000000,20,10,20,18,21,31,0,0,0,1,0
22,220246,1,1,0,0,0,1,1,9,1480,12,6,2014,5,16,14,0,14,3,SR-107 N. MAIN ST,CEDAR LN,376,31.13786111,-92.06221944,0,35,0,0,3,2,0,4,1,10,0,10,0,0000000,16,14,16,23,17,17,0,0,0,1,0
22,220247,2,2,0,0,0,6,6,51,1545,12,6,2014,5,20,36,1,13,4,CR-CLEARVIEW PKY,UTICA AVE,42,30.0034,-90.18556111,0,12,6,0,2,99,0,1,1,10,0,10,0,0000000,20,36,20,40,21,1,0,0,0,1,1
22,220248,1,1,0,1,1,1,1,59,0,13,6,2014,6,23,29,0,4,3,SR-8,CHURCH ST,1220,31.68063889,-92.14386944,0,8,0,0,2,3,0,1,2,1,0,1,0,0000000,23,29,23,34,88,88,0,0,0,1,0
22,220249,1,1,0,0,0,1,1,115,1300,14,6,2014,7,3,48,0,15,5,KINGS RD,THOMPSON ST,0,31.12873056,-93.28095,0,19,0,0,3,2,0,5,3,1,0,1,0,0000000,3,50,4,1,88,88,0,0,0,1,0
22,220250,2,2,0,0,0,3,3,33,150,15,6,2014,1,13,13,1,13,2,US-190 FLORIDA BLVD,N. FLANNERY RD.,1850,30.46258889,-91.03523889,0,12,6,0,2,2,0,1,1,1,0,1,0,0000000,13,19,13,28,13,40,0,0,0,1,0
22,220251,1,1,0,0,0,4,4,7,0,15,6,2014,1,20,30,1,13,3,SR-1,,975,29.89171944,-90.989,0,32,0,0,1,1,0,4,3,1,0,1,0,0000000,20,38,20,49,21,11,0,0,0,1,1
22,220252,2,2,0,0,0,2,2,71,1690,18,6,2014,4,13,32,1,13,6,GENERAL DEGAULLE DR,WALL BLVD,37,29.92953056,-90.03066111,0,12,6,0,2,2,0,1,1,1,0,1,0,0000000,13,33,13,39,13,53,0,0,0,1,0
22,220253,2,2,0,0,0,2,2,33,150,20,6,2014,6,0,58,1,13,3,SR-61 AIRLINE HWY,OLD HAMMOND HWY,730,30.43168889,-91.08058889,0,12,1,0,3,2,0,1,3,1,0,1,0,0000000,0,59,1,4,88,88,0,0,0,1,0
22,220254,1,1,0,0,0,1,1,7,164,20,6,2014,6,21,1,0,15,3,SR-308,,70,30.03036111,-91.0502,0,34,0,0,1,1,0,4,3,1,0,1,0,0000000,21,6,21,9,21,43,0,0,0,1,0
22,220255,1,1,0,0,0,1,1,45,0,23,6,2014,2,5,35,0,6,4,CR-L THERIOT RD,,0,29.99125,-91.88715,0,42,0,0,1,1,0,4,4,1,0,1,0,0000000,5,36,5,45,88,88,0,0,0,1,0
22,220256,2,2,0,0,0,2,2,57,0,23,6,2014,2,14,29,0,4,3,SR-3090,,11,29.14206944,-90.1838,0,12,8,0,1,1,0,2,1,1,0,1,0,0000000,14,29,14,39,88,88,0,0,0,1,1
22,220257,1,1,0,1,1,2,2,109,160,25,6,2014,4,1,13,1,13,3,SR-24 WEST PARK AVE,,75,29.64535556,-90.76171667,0,8,0,0,1,1,0,1,2,2,0,2,0,0000000,1,19,1,27,88,88,0,0,0,1,1
22,220258,1,1,0,0,0,1,1,73,0,25,6,2014,4,20,17,0,4,2,US-80,,1107,32.52123056,-92.3249,0,43,0,0,1,1,0,4,1,1,0,1,0,0000000,88,88,88,88,88,88,0,0,0,1,1
22,220259,2,2,0,0,0,6,6,115,0,26,6,2014,5,12,38,1,2,3,SR-8,,159,31.14768889,-93.30981944,0,12,6,0,1,1,0,1,1,2,0,2,0,0000000,12,38,12,42,13,7,0,0,0,1,0
22,220260,2,2,0,0,0,2,2,11,0,28,6,2014,7,6,21,0,3,3,SR-12,,175,30.41955,-93.48938889,0,12,1,0,1,1,0,1,1,1,0,1,0,0000000,6,19,6,39,88,88,0,0,0,1,1
22,220261,1,1,0,0,0,1,1,3,0,29,6,2014,1,15,55,0,3,3,SR-26,,344,30.61185,-92.74403056,0,35,0,0,1,1,0,4,1,1,0,1,0,0000000,19,50,19,54,88,88,0,0,0,1,0
22,220262,3,2,1,0,1,3,4,61,0,30,6,2014,2,17,24,0,14,3,SR-33,SR-821,33,32.57655833,-92.60083611,0,12,6,0,2,2,0,1,1,1,0,1,0,0000000,17,30,17,35,17,59,0,0,0,1,0
22,220263,1,1,0,0,0,1,1,55,330,30,6,2014,2,21,40,0,13,6,HECTOR CONNOLY RD,E. ANGELLE STREET,0,30.32293889,-92.03098889,0,33,0,0,3,6,0,3,2,1,0,1,0,0000000,21,40,21,45,22,34,0,0,0,1,0
22,220264,1,1,0,0,0,1,1,17,2130,10,6,2014,3,22,19,1,12,3,SR-3132,JEWELLA AVE,47,32.41743056,-93.79898056,0,1,0,1,19,1,0,4,2,1,0,1,0,0000000,22,19,22,24,88,88,0,0,0,1,0
22,220265,2,2,0,0,0,2,2,17,2130,15,6,2014,1,0,12,1,13,3,SR-3032,CLYDE FANT PARKWAY,15,32.48995278,-93.69994444,0,12,6,1,2,3,0,1,3,1,0,1,0,0000000,0,12,0,16,0,35,0,0,0,1,0
22,220266,1,1,0,0,0,2,2,17,0,23,4,2014,4,13,34,0,16,4,CR-STAGECOACH ROAD,,0,32.36556944,-93.81698056,0,10,0,0,6,1,0,1,1,1,0,1,0,755305J,13,32,13,37,88,88,0,0,0,2,0
22,220267,1,1,0,0,0,2,2,95,9898,27,4,2014,1,19,30,0,14,3,SR-44 RIVER ROAD,,406,30.03978889,-90.61723889,0,53,0,0,1,1,0,4,2,10,0,10,0,0000000,19,42,19,52,20,22,0,0,0,1,1
22,220268,1,1,0,0,0,1,1,97,9898,23,5,2014,6,6,50,0,4,3,SR-182,,1379,30.39741111,-92.03341944,0,35,0,0,1,1,0,4,2,5,0,5,0,0000000,6,50,7,0,88,88,0,0,0,1,1
22,220269,2,2,0,0,0,2,2,33,150,23,5,2014,6,8,8,1,13,2,US-61,,734,30.4364,-91.0842,0,12,2,0,1,1,0,1,1,1,0,1,0,0000000,99,99,99,99,99,99,0,0,0,1,0
22,220270,1,1,0,0,0,1,1,105,0,21,5,2014,4,19,24,0,6,4,CR-N. THIBODEAUX RD,,0,30.4606,-90.36376944,0,42,0,0,1,1,0,4,2,1,0,1,0,0000000,99,99,99,99,88,88,0,0,0,1,0
22,220271,1,1,0,0,0,4,4,97,9898,27,5,2014,3,4,2,0,5,3,SR-357,,62,30.49058056,-92.11101944,0,1,0,0,1,1,0,4,2,1,0,1,0,0000000,4,5,4,14,5,5,20,0,0,2,0
22,220272,1,1,0,0,0,1,1,33,150,18,5,2014,1,13,30,1,13,3,SR-3246 SEIGEN LANE,,15,30.37079444,-91.07315556,0,43,0,0,1,1,0,4,1,1,0,1,0,0000000,13,34,13,39,88,88,0,0,0,1,0
22,220273,4,4,0,0,0,5,5,83,0,8,7,2014,3,16,55,1,1,1,I-20,,1393,32.45662778,-91.73654444,0,12,1,0,1,1,1,1,1,1,0,1,0,0000000,17,2,17,6,17,52,26,0,0,1,0
22,220274,1,1,0,1,1,1,1,73,1560,8,7,2014,3,21,35,0,13,2,US-165,TICHELI ROAD,1748,32.46705,-92.08229444,0,8,0,0,3,2,0,1,2,1,0,1,0,0000000,21,38,21,45,21,56,0,0,0,1,1
22,220275,2,2,0,0,0,2,2,1,0,9,7,2014,4,17,50,1,1,1,I-10,,775,30.23563889,-92.44738056,0,12,2,0,1,1,0,1,1,1,0,1,0,0000000,17,52,18,5,88,88,0,0,0,2,0
22,220276,1,1,0,1,1,5,5,73,2022,10,7,2014,5,1,30,1,13,2,US-165,,1739,32.45368056,-92.08256944,0,8,0,0,8,1,0,1,2,1,0,1,0,0000000,1,38,1,42,88,88,0,0,0,1,0
22,220277,2,2,0,0,0,2,2,73,0,12,7,2014,7,9,57,0,4,3,SR-34,,795,32.42883889,-92.17793889,0,12,2,0,1,1,0,1,1,1,0,1,0,0000000,10,2,10,13,11,19,0,0,0,1,0
22,220278,1,1,0,1,1,1,1,57,1280,13,7,2014,1,1,29,0,15,3,SR-657,,15,29.5771,-90.37893889,0,8,0,0,1,1,0,1,2,1,0,1,0,0000000,1,29,1,34,88,88,0,0,0,1,0
22,220279,1,1,0,0,0,1,1,13,0,13,7,2014,1,11,42,0,6,4,CR-FOSTER ARBOR ROAD,,0,32.18526111,-93.16431111,0,53,0,0,1,1,0,4,1,1,0,1,0,0000000,12,0,12,26,13,17,0,0,0,1,0
22,220280,1,1,0,0,0,2,2,109,0,16,7,2014,4,16,42,0,5,3,SR-315,,29,29.36758056,-90.81151944,0,1,0,0,1,1,0,4,1,1,0,1,0,0000000,16,48,17,20,17,55,0,0,0,2,1
22,220281,1,1,0,1,1,2,2,57,1970,19,7,2014,7,22,9,0,14,3,SR-1,,681,29.71531944,-90.5824,0,8,0,0,1,1,0,1,2,1,0,1,0,0000000,22,14,22,23,88,88,0,0,0,1,0
22,220282,1,1,0,0,0,1,1,109,0,27,7,2014,1,1,37,0,6,5,IDLEWILD DRIVE,,0,29.64344444,-90.75389722,0,53,0,0,1,1,0,4,3,1,0,1,0,0000000,1,38,1,44,88,88,0,0,0,1,1
22,220283,2,2,0,0,0,5,5,79,1850,18,7,2014,6,12,46,0,15,3,SR-107,,634,31.32466111,-92.39816944,0,12,2,0,1,1,0,1,1,1,0,1,0,0000000,12,47,12,58,13,36,0,0,0,1,0
22,220284,2,2,0,0,0,2,2,45,1680,3,7,2014,5,7,23,1,13,3,SR-14,,997,29.99821111,-91.82303889,0,1,0,0,8,1,0,1,1,1,0,1,0,0000000,7,25,7,32,8,7,14,0,0,1,0
22,220285,3,1,2,0,0,1,1,71,1690,20,7,2014,1,19,55,0,16,6,HOLLYGROVE STREET,,0,29.97418333,-90.11494722,0,14,0,0,1,1,0,7,3,1,0,1,0,0000000,19,55,20,4,20,19,0,0,0,1,1
22,220286,1,1,0,0,0,1,1,103,1400,26,5,2014,2,15,29,0,14,6,W. CAUSEWAY APPROACH,,0,30.37498056,-90.09208056,0,23,0,0,5,1,0,4,1,1,0,1,0,0000000,15,29,15,30,88,88,0,0,0,1,1
22,220287,2,2,0,0,0,2,2,55,1230,29,5,2014,5,4,35,1,13,3,SR-94 CARMEL DR,NOAH ST,13,30.23361944,-91.99451111,0,12,6,0,2,3,0,1,3,10,0,10,0,0000000,4,35,4,44,5,9,0,0,0,1,0
22,220288,1,1,0,0,0,1,1,35,0,4,7,2014,6,22,30,0,4,3,SR-577,SR-877,429,32.58967778,-91.42383889,0,59,0,0,3,3,0,4,2,1,0,1,0,0000000,88,88,88,88,88,88,0,0,0,1,1
22,220289,2,2,0,0,0,3,3,87,2076,13,4,2014,1,14,32,0,4,3,SR-46 ST. BERNARD HWY,,159,29.87293889,-89.86231111,0,12,7,0,1,1,0,1,1,1,0,1,0,0000000,14,32,14,48,15,0,0,0,0,1,0
22,220290,1,1,0,0,0,4,4,97,0,5,7,2014,7,18,55,0,4,3,SR-105,,66,30.58198056,-91.7582,0,42,0,0,1,1,0,4,1,1,0,1,0,0000000,19,5,19,29,20,99,0,0,0,1,1
22,220291,1,1,0,0,0,2,2,63,570,6,7,2014,1,1,13,1,13,3,SR-16,,253,30.50676944,-90.95621111,0,33,0,0,1,1,0,4,2,1,0,1,0,0000000,1,29,1,34,2,20,0,0,0,1,1
22,220292,1,1,0,1,1,1,1,55,0,7,7,2014,2,5,35,0,14,3,SR-92,MERMENTAU ROAD,398,30.10921111,-92.04573056,0,9,0,0,2,3,0,1,2,1,0,1,0,0000000,6,46,6,58,88,88,0,0,0,1,0
22,220293,1,1,0,0,0,1,1,55,0,7,7,2014,2,9,50,0,5,3,SR-1252,,31,30.35293056,-92.00004444,0,42,0,0,1,1,0,4,1,1,0,1,0,0000000,10,0,10,16,88,88,0,0,0,1,0
22,220294,2,2,0,0,0,2,2,75,0,8,7,2014,3,3,33,0,14,3,SR-23,,243,29.44666944,-89.62573611,0,12,2,0,1,1,0,1,3,1,0,1,0,0000000,3,30,3,45,88,88,0,0,0,1,2
22,220295,5,5,0,0,0,5,5,19,1250,11,7,2014,6,19,26,1,13,2,US-171,MARY STREET,16,30.25806389,-93.18063889,0,12,6,0,2,3,0,1,1,10,0,10,0,0000000,19,27,19,32,20,0,14,0,0,1,0
22,220296,1,1,0,0,0,1,1,71,1690,16,7,2014,4,14,2,0,3,2,US-11,,22,30.1046,-89.8646,0,42,0,0,1,1,0,4,1,1,0,1,0,0000000,99,99,99,99,99,99,0,0,0,1,1
22,220297,2,2,0,0,0,3,3,15,230,17,7,2014,5,13,52,0,16,6,ARTHUR RAY TEAGUE PARKWAY,SHADY GROVE DR.,0,32.4778,-93.68,0,12,6,0,2,3,0,1,1,2,0,2,0,0000000,13,54,14,4,14,17,0,0,0,1,0
22,220298,1,1,0,0,0,1,1,59,0,8,7,2014,3,12,20,0,5,3,SR-127,,71,31.55933611,-92.16648889,0,35,0,0,1,1,0,4,1,1,0,1,0,0000000,12,26,12,45,88,88,0,0,0,1,0