STATE,ST_CASE,VE_TOTAL,VE_FORMS,PVH_INVL,PEDS,PERNOTMVIT,PERMVIT,PERSONS,COUNTY,CITY,DAY,MONTH,YEAR,DAY_WEEK,HOUR,MINUTE,NHS,ROAD_FNC,ROUTE,TWAY_ID,TWAY_ID2,MILEPT,LATITUDE,LONGITUD,SP_JUR,HARM_EV,MAN_COLL,RELJCT1,RELJCT2,TYP_INT,WRK_ZONE,REL_ROAD,LGT_COND,WEATHER1,WEATHER2,WEATHER,SCH_BUS,RAIL,NOT_HOUR,NOT_MIN,ARR_HOUR,ARR_MIN,HOSP_HR,HOSP_MN,CF1,CF2,CF3,FATALS,DRUNK_DR
22,220414,2,2,0,0,0,2,2,121,1920,6,9,2014,7,6,5,1,13,3,SR-415,,18,30.47078056,-91.25004722,0,12,6,0,8,1,0,1,2,1,0,1,0,0000000,99,98,99,98,88,88,0,0,0,1,0
22,220415,1,1,0,0,0,1,1,95,0,11,9,2014,5,16,0,1,1,1,I-10,,1984,30.11933056,-90.63495,0,42,0,0,1,1,0,4,1,10,0,10,0,0000000,16,10,16,21,88,88,0,0,0,1,0
22,220416,2,2,0,0,0,2,2,37,420,17,9,2014,4,5,56,0,4,3,SR-67 PLANK RD,,254,30.78241389,-91.01991111,0,12,2,0,1,1,0,1,2,5,0,5,0,0000000,6,1,6,21,7,4,0,0,0,1,0
22,220417,2,2,0,0,0,4,4,29,750,19,9,2014,6,19,20,0,4,3,SR-568,WEECAMA DR,40,31.67111111,-91.51476944,0,12,2,0,2,3,0,1,2,1,0,1,0,0000000,19,27,19,40,20,0,0,0,0,1,1
22,220418,2,2,0,0,0,5,5,121,9898,20,9,2014,7,1,3,1,2,2,US-190,,1633,30.51451111,-91.3525,0,12,1,0,1,1,0,1,2,1,0,1,0,0000000,1,3,1,17,88,88,0,0,0,2,1
22,220419,3,3,0,0,0,4,4,63,9898,20,9,2014,7,16,1,0,3,3,SR-16,,352,30.63663056,-90.91481944,0,12,2,0,1,1,0,1,1,1,0,1,0,0000000,16,5,16,25,17,41,0,0,0,1,3
22,220420,2,2,0,0,0,2,2,77,1353,21,9,2014,1,1,10,1,2,2,US-190,SR-81,1455,30.55716111,-91.6418,0,12,6,0,2,2,0,1,7,1,0,1,0,0000000,1,28,1,49,88,88,0,0,0,1,1
22,220421,2,2,0,0,0,3,3,33,9898,21,9,2014,1,17,15,1,13,3,SR-19,PRIDE PORT HUDSON RD,113,30.68391111,-91.14886944,0,12,6,0,2,2,0,1,1,1,0,1,0,0000000,17,18,17,25,18,9,0,0,0,1,0
22,220422,1,1,0,0,0,1,1,97,0,24,9,2014,4,14,4,1,1,1,I-49,,142,30.45671944,-92.07466111,0,7,0,0,1,1,0,1,1,1,0,1,0,0000000,14,13,14,20,14,54,23,0,0,1,0
22,220423,1,1,0,0,0,1,1,15,1860,24,9,2014,4,15,41,0,6,4,CR-INDUSTRIAL DRIVE,,0,32.91944167,-93.69946111,0,10,0,0,6,1,0,1,1,1,0,1,0,789714W,15,42,15,47,88,88,0,0,0,1,0
22,220424,2,2,0,0,0,2,2,1,520,25,9,2014,5,7,0,0,3,3,SR-13 CROWLEY-EUNICE HWY,,271,30.35340556,-92.39761111,0,12,2,0,1,1,0,1,1,1,0,1,0,0000000,7,3,7,9,99,99,0,0,0,1,1
22,220425,1,1,0,0,0,1,1,63,0,25,9,2014,5,18,14,0,4,3,SR-22,,251,30.28703056,-90.70278889,0,1,0,0,1,1,0,4,5,1,0,1,0,0000000,18,26,18,41,19,14,0,0,0,1,0
22,220426,2,2,0,0,0,2,2,1,9997,25,9,2014,5,22,20,0,6,3,SR-343 CREDEUR RD,,221,30.28901111,-92.15953889,0,12,6,0,8,1,0,1,2,1,0,1,0,0000000,22,21,22,39,23,10,0,0,0,1,1
22,220427,2,2,0,0,0,2,2,31,9898,27,9,2014,7,21,6,1,2,2,US-171,RANCHLAND DR,1539,32.15046944,-93.84081944,0,12,6,0,2,2,0,1,2,1,0,1,0,0000000,21,9,21,17,88,88,0,0,0,1,1
22,220428,1,1,0,0,0,2,2,115,9898,28,9,2014,1,2,35,0,6,4,CR-WEST HAWTHORNE,,0,31.17896111,-93.29128056,0,42,0,0,1,1,0,4,2,1,0,1,0,0000000,2,40,2,55,88,88,0,0,0,2,1
22,220429,1,1,0,0,0,1,1,37,9898,30,9,2014,3,21,55,1,2,2,US-61,,960,30.69956944,-91.27005,0,43,0,0,1,1,0,4,2,1,0,1,0,0000000,22,10,22,24,88,88,0,0,0,1,0
22,220430,1,1,0,0,0,1,1,17,9898,6,9,2014,7,22,39,0,6,5,SPRINGRIDGE TEXAS LINE RD,,0,32.3119,-93.9557,0,42,0,0,1,1,0,4,2,10,0,10,0,0000000,22,16,22,19,88,88,0,0,0,1,0
22,220431,1,1,0,0,0,1,1,17,9898,31,7,2014,5,3,2,1,2,2,US-71,,2205,32.8628,-93.8737,0,42,0,0,1,1,0,4,2,2,0,2,0,0000000,3,1,3,9,88,88,0,0,0,1,0
22,220432,1,1,0,1,1,1,1,71,1690,28,2,2014,6,23,27,1,11,1,I-10 SERVICE ROAD (NORTH),,2442,30.03409722,-89.98436667,0,15,0,0,99,99,0,99,2,1,0,1,0,0000000,99,99,99,99,88,88,0,0,0,1,0
22,220433,1,1,0,0,0,1,1,39,2320,15,9,2014,2,18,51,0,16,5,W. HICKORY STREET,,0,30.68266944,-92.28148889,0,32,0,0,1,1,0,4,1,1,0,1,0,0000000,99,99,18,55,99,99,0,0,0,1,0
22,220434,1,1,0,0,0,1,1,77,1316,21,9,2014,1,6,0,0,6,3,SR-81,SR-77,0,30.55171944,-91.55868056,0,43,0,0,3,3,0,4,1,1,0,1,0,0000000,99,98,99,98,88,88,0,0,0,1,0
22,220435,2,2,0,0,0,5,5,77,0,24,8,2014,1,9,25,0,15,3,SR-415,SR-981,224,30.688,-91.35981111,0,12,6,0,2,3,0,1,1,1,0,1,0,0000000,9,26,9,34,10,6,0,0,0,1,1
22,220436,1,1,0,0,0,3,3,113,0,21,9,2014,1,1,17,0,4,4,CR-CLINT RD,SR-35,217,30.12758889,-92.26776944,0,35,0,0,3,3,0,4,2,1,0,1,0,0000000,1,16,1,30,2,5,0,0,0,2,1
22,220437,3,3,0,2,2,1,1,105,980,18,9,2014,5,19,48,1,13,2,US-190 E. THOMAS ST.,,2210,30.50748889,-90.44725556,0,12,1,0,1,1,0,1,2,10,0,10,0,0000000,19,53,20,1,21,20,23,0,0,1,1
22,220438,1,1,0,0,0,1,1,43,0,1,10,2014,4,15,20,0,6,4,CR-HODNET CROSSING,,0,31.48628889,-92.68235,0,10,0,0,6,1,0,1,1,1,0,1,0,334950T,15,25,15,40,88,88,0,0,0,1,1
22,220439,1,1,0,0,0,1,1,19,2210,24,10,2014,6,0,53,1,11,1,I-10,SR-27,221,30.21593889,-93.35786944,0,24,0,1,19,1,0,3,2,1,0,1,0,0000000,0,54,1,2,1,24,0,0,0,1,1
22,220440,1,1,0,0,0,1,1,19,9898,26,10,2014,1,99,99,1,11,1,I-10,,374,30.24689722,-93.11541944,0,1,0,0,1,1,0,4,9,1,0,1,0,0000000,88,88,88,88,88,88,0,0,0,1,0
22,220441,2,2,0,0,0,5,5,15,230,31,10,2014,6,23,51,0,14,2,US-71 BARKSDALE BLVD,SR-612 SLIGO ROAD,1853,32.4383,-93.6451,0,12,6,0,2,2,0,1,2,1,0,1,0,0000000,0,4,0,22,1,34,0,0,0,1,0
22,220442,1,1,0,0,0,1,1,21,0,4,10,2014,7,2,11,0,5,3,SR-845,,11,32.04143056,-92.13560556,0,42,0,0,1,1,0,4,2,1,0,1,0,0000000,88,88,88,88,88,88,0,0,0,1,0
22,220443,1,1,0,0,0,1,1,31,0,9,10,2014,5,6,25,0,6,3,SR-510,,48,32.02495,-93.49503889,0,42,0,0,1,1,0,4,2,1,0,1,0,0000000,6,43,7,2,88,88,0,0,0,1,0
22,220444,1,1,0,0,0,3,3,47,2430,12,10,2014,1,1,33,0,4,3,SR-69,,111,30.16996111,-91.14668889,0,10,0,0,6,1,0,1,3,1,0,1,0,448951S,1,34,2,3,88,88,0,0,0,3,0
22,220445,2,2,0,0,0,2,2,45,0,27,10,2014,2,19,5,0,3,3,SR-14,LELEUX ROAD,919,29.96311944,-91.93783889,0,12,6,0,2,2,0,1,2,1,0,1,0,0000000,19,8,19,30,88,88,0,0,0,1,0
22,220446,1,1,0,0,0,2,2,53,0,15,10,2014,4,5,0,1,1,1,I-10,,606,30.24722222,-92.72693889,0,1,0,0,1,1,0,1,2,1,0,1,0,0000000,5,20,5,28,5,54,0,0,0,1,1
22,220447,1,1,0,0,0,1,1,55,1230,23,10,2014,5,1,13,0,16,5,FOREMAN DRIVE,,0,30.21623889,-92.06461111,0,53,0,0,1,1,0,4,3,1,0,1,0,0000000,1,13,1,17,1,57,0,0,0,1,1
22,220448,1,1,0,0,0,1,1,45,9898,26,8,2014,3,16,49,0,14,3,SR-14,,944,29.97463889,-91.90156944,0,32,0,0,1,1,0,4,1,2,0,2,0,0000000,16,44,17,4,18,0,0,0,0,1,0
22,220449,1,1,0,1,1,2,2,75,673,15,8,2014,6,3,53,0,5,4,CR-PARISH ROAD 11,,0,29.39145,-89.60163056,0,8,0,0,1,1,0,1,3,1,0,1,0,0000000,99,98,99,98,88,88,0,0,0,1,0
22,220450,2,2,0,0,0,2,2,41,2460,22,10,2014,4,8,4,1,2,2,US-425,SR-562,387,31.9854,-91.65436111,0,12,6,0,2,3,0,1,1,1,0,1,0,0000000,8,5,8,16,99,99,0,0,0,1,0
22,220451,1,1,0,0,0,2,2,17,2130,14,5,2014,4,0,1,0,16,6,ROBINSON PLACE,,0,32.48658889,-93.74193056,0,42,0,0,1,1,0,4,3,2,0,2,0,0000000,0,9,0,15,88,88,0,0,0,2,1
22,220452,1,1,0,0,0,1,1,55,1230,25,10,2014,7,2,31,1,13,2,US-90 SW EVANGELINE THRUWAY,KALISTE SALOOM RD,1101,30.20051944,-91.9994,0,46,0,0,3,2,0,3,3,1,0,1,0,0000000,2,31,2,38,88,88,0,0,0,1,1
22,220453,3,3,0,0,0,7,7,57,2250,4,10,2014,7,19,40,0,14,3,SR-20 NORTH CANAL BLVD,,177,29.8107,-90.81506944,0,12,1,0,1,1,0,1,5,1,0,1,0,0000000,19,45,19,48,20,32,28,0,0,1,1
22,220454,1,1,0,0,0,1,1,63,0,24,10,2014,6,18,0,0,4,3,SR-22,,263,30.29776944,-90.68941944,0,1,0,0,1,1,0,4,5,1,0,1,0,0000000,18,6,18,38,19,99,0,0,0,1,0
22,220455,1,1,0,0,0,2,2,69,0,9,10,2014,5,18,53,1,1,1,I-49,,1519,31.85935556,-93.32141389,0,34,0,0,1,1,0,4,1,1,0,1,0,0000000,18,59,18,59,21,17,0,0,0,1,0
22,220456,1,1,0,0,0,4,4,69,0,17,10,2014,6,17,51,1,1,1,I-49,,1175,31.51921944,-92.91686944,0,1,0,0,1,1,0,3,1,1,0,1,0,0000000,18,2,18,49,19,46,0,0,0,2,0
22,220457,1,1,0,0,0,1,1,73,9898,21,10,2014,3,11,40,0,14,3,SR-143,,98,32.6221,-92.17211944,0,34,0,0,1,1,0,4,1,10,0,10,0,0000000,12,1,12,14,12,54,0,0,0,1,0
22,220458,2,2,0,0,0,3,3,73,1560,6,10,2014,2,16,10,1,13,2,US-165 STERLINGTON ROAD,,1805,32.54941111,-92.07735,0,12,6,0,4,1,0,1,1,1,0,1,0,0000000,16,13,16,19,16,33,0,0,0,1,0
22,220459,3,3,0,0,0,5,5,79,0,5,10,2014,1,12,0,0,4,3,SR-107,,571,31.27600278,-92.31057778,0,12,1,0,8,1,0,1,1,1,0,1,0,0000000,12,12,12,22,12,52,0,0,0,2,0
22,220460,1,1,0,0,0,1,1,79,675,17,10,2014,6,17,27,0,14,3,SR-498 ENGLAND DRIVE,,39,31.32443611,-92.48853889,0,35,0,0,1,1,0,4,1,1,0,1,0,0000000,17,45,17,53,18,27,0,0,0,1,1
22,220461,1,1,0,0,0,1,1,91,0,4,10,2014,7,6,25,0,4,3,SR-37,,383,30.7818,-90.71041944,0,30,0,0,1,1,0,4,4,1,0,1,0,0000000,6,44,7,10,88,88,0,0,0,1,0
22,220462,1,1,0,1,1,1,1,95,1270,4,10,2014,7,20,50,0,14,2,US-61 AIRLINE HWY,TIFFANY DR,272,30.074175,-90.50478889,0,8,0,0,2,3,0,1,2,1,0,1,0,0000000,20,52,20,55,88,88,0,0,0,1,0
22,220463,1,1,0,0,0,1,1,99,80,2,10,2014,5,11,26,0,4,3,SR-93 BAYOU COURTABLEAU,,290,30.39472222,-91.94048333,0,59,0,0,1,1,0,4,1,1,0,1,0,0000000,11,24,11,44,88,88,0,0,0,1,1
22,220464,2,2,0,0,0,2,2,17,2130,5,10,2014,1,5,15,1,11,1,I-49,,2035,32.4517,-93.7568,0,12,7,0,1,1,0,1,3,1,0,1,0,0000000,5,19,5,20,5,50,0,0,0,1,1
22,220465,1,1,0,1,1,1,1,17,2130,6,10,2014,2,5,5,1,13,3,SR-1 N. MARKET ST,N. LAKEWOOD DR,3961,32.58346111,-93.80558056,0,8,0,0,3,3,0,2,3,10,0,10,0,0000000,5,5,5,6,88,88,0,0,0,1,0
22,220466,1,1,0,0,0,2,2,109,825,8,10,2014,4,7,35,0,4,3,SR-182 BAYOU BLACK DR,,369,29.67611111,-90.97863056,0,42,0,0,1,1,0,4,1,1,0,1,0,0000000,7,44,7,59,88,88,0,0,0,2,0
22,220467,2,2,0,0,0,2,2,103,0,8,10,2014,4,20,25,1,11,1,I-12,,602,30.44351944,-90.13041944,0,12,1,0,1,1,4,1,2,1,0,1,0,0000000,20,30,20,35,88,88,3,0,0,1,0
22,220468,2,2,0,0,0,4,4,117,210,8,10,2014,4,20,50,1,13,3,SR-21,NORTHWOOD RD,376,30.80888889,-89.84081944,0,12,2,0,3,3,0,1,2,1,0,1,0,0000000,20,55,20,58,22,0,0,0,0,1,0
22,220469,1,1,0,1,1,3,3,117,790,16,10,2014,5,16,1,0,6,4,CR-OLD COLUMBIA RD,,0,30.96608056,-90.10956944,0,8,0,0,1,1,0,1,1,1,0,1,0,0000000,16,3,16,14,16,49,0,0,0,1,0
22,220470,1,1,0,0,0,1,1,97,1220,24,10,2014,6,19,50,0,6,3,SR-105,,20,30.52213889,-91.74826111,0,34,0,0,1,1,0,4,3,10,0,10,0,0000000,19,54,20,33,88,88,0,0,0,1,1
22,220471,1,1,0,0,0,2,2,7,1849,26,10,2014,1,1,20,0,3,3,SR-70,,176,29.93233056,-91.21561111,0,42,0,0,1,1,0,4,3,1,0,1,0,0000000,1,20,1,38,88,88,0,0,0,2,1
22,220472,2,2,0,0,0,4,4,7,2223,26,10,2014,1,17,7,0,14,3,SR-1,,955,29.86293333,-90.98333611,0,12,2,0,1,1,0,1,1,10,0,10,0,0000000,17,9,17,18,17,40,0,0,0,2,0
22,220473,1,1,0,1,1,1,1,71,1690,19,10,2014,1,5,18,0,15,5,BURGUNDY ST,,0,29.95766111,-90.06941111,0,31,0,0,1,1,0,4,3,1,0,1,0,0000000,99,99,99,99,88,88,15,0,0,1,1
22,220474,1,1,0,3,3,1,1,99,250,30,10,2014,5,7,26,0,14,5,MARTIN STREET,,0,30.26926944,-91.90641111,0,8,0,0,1,1,0,1,1,1,0,1,0,0000000,7,32,7,43,7,59,0,0,0,2,0
22,220475,2,2,0,0,0,2,2,71,1690,3,10,2014,6,2,33,1,13,3,SR-39 N. CLAIBORNE,PORT ST,530,29.97383056,-90.04763056,0,12,6,0,2,2,0,1,3,1,0,1,0,0000000,2,41,2,47,88,88,0,0,0,1,1
22,220476,1,1,0,0,0,2,2,71,1690,26,10,2014,1,0,43,0,14,5,MAGAZINE ST,,0,29.92118056,-90.11701111,0,30,0,0,1,1,0,4,2,1,0,1,0,0000000,0,44,0,50,1,4,0,0,0,1,1
22,220477,1,1,0,0,0,1,1,105,2043,28,10,2014,3,20,55,0,4,2,US-190,,2285,30.50533889,-90.32365833,0,32,0,0,1,1,0,4,2,1,0,1,0,0000000,21,4,21,17,22,0,0,0,0,1,1
22,220478,1,1,0,1,1,1,1,51,1190,8,10,2014,4,8,56,0,16,6,TAFFY DRIVE,,0,30.01703056,-90.23373056,0,8,0,0,4,1,0,1,1,10,0,10,0,0000000,8,56,9,1,9,21,0,0,0,1,0
22,220479,1,1,0,0,0,1,1,65,0,27,10,2014,2,12,45,0,4,3,SR-577,,341,32.47121111,-91.41466944,0,34,0,0,1,1,0,4,1,1,0,1,0,0000000,12,55,13,3,88,88,0,0,0,1,1
22,220480,1,1,0,0,0,1,1,17,2130,23,10,2014,5,19,57,1,11,1,I-220,,55,32.52635,-93.80448889,0,1,0,0,1,1,0,3,5,1,0,1,0,0000000,19,46,19,52,88,88,0,0,0,1,1
22,220481,1,1,0,0,0,3,3,19,0,29,10,2014,4,21,0,0,6,5,IDLEBROOK DRIVE,,0,30.32238056,-93.21616944,0,5,0,0,1,1,0,1,3,1,0,1,0,0000000,21,9,21,16,21,51,0,0,0,1,0
22,220482,1,1,0,1,1,1,1,51,2023,2,8,2014,7,15,34,1,13,3,SR-48,VALERIE STREET,160,29.96348056,-90.22378056,0,15,0,0,3,2,0,1,1,1,0,1,0,0000000,15,34,15,48,16,21,0,0,0,1,0
22,220483,4,2,2,1,1,2,2,71,1690,27,10,2014,2,11,41,1,13,2,US-90,MARTIN LUTHER KING,2566,29.94625556,-90.08836944,0,12,6,0,2,2,0,1,1,1,0,1,0,0000000,99,99,99,99,99,99,0,0,0,1,0
22,220484,3,1,2,0,2,1,3,103,1400,3,11,2014,2,15,24,1,2,8,CAUSEWAY BRIDGE,,0,30.33709444,-90.09877778,8,45,0,0,1,1,2,1,1,1,0,1,0,0000000,15,24,15,30,99,99,0,0,0,1,0
22,220485,1,1,0,0,0,1,1,55,2120,5,11,2014,4,2,24,0,14,3,SR-93 WESTGATE RD,US-90 CAMERON ST,1030,30.23283056,-92.08708889,0,46,0,0,3,4,0,4,2,1,0,1,0,0000000,2,24,2,32,88,88,19,0,0,1,0
22,220486,1,1,0,1,1,1,1,55,1230,28,11,2014,6,22,56,1,13,3,SR-98 E. GLORIA SWITCH,,436,30.29536111,-92.0194,0,8,0,0,1,1,0,1,2,1,0,1,0,0000000,22,56,23,3,88,88,0,0,0,1,1
22,220487,2,2,0,0,0,2,2,33,150,9,11,2014,1,14,52,0,14,4,CR-N. JOOR RD,,0,30.62988889,-91.04646944,0,1,0,0,8,1,0,1,1,1,0,1,0,0000000,14,56,15,4,88,88,0,0,0,1,0
22,220488,1,1,0,0,0,1,1,103,2180,13,11,2014,5,1,10,1,11,7,I-10 SERVICE ROAD,,2678,30.29723889,-89.74435,0,34,0,0,1,1,0,4,2,10,0,10,0,0000000,1,11,1,13,88,88,0,0,0,1,1
22,220489,3,2,1,0,0,3,3,57,850,13,11,2014,5,12,13,0,14,3,SR-3235 N ALEX PLAISANCE,OAKRIDGE DR,20,29.39293056,-90.27428889,0,12,6,0,2,2,0,1,1,2,0,2,0,0000000,12,13,12,18,88,88,0,0,0,2,0
22,220490,1,1,0,1,1,1,1,97,1800,14,11,2014,6,19,50,1,11,1,I-49,,189,30.52291111,-92.06761111,0,8,0,0,1,1,0,1,3,1,0,1,0,0000000,19,52,20,2,88,88,0,0,0,1,0
22,220491,1,1,0,1,1,2,2,45,1680,20,11,2014,5,13,23,0,14,3,SR-31 JANE STREET,,8,30.02233056,-91.82428056,0,8,0,0,1,1,0,1,1,1,0,1,0,0000000,13,26,13,32,13,54,0,0,0,1,0
22,220492,2,2,0,0,0,2,2,19,1250,19,11,2014,4,19,30,1,11,3,SR-14 GERSTNER MEMORIAL,I-210 OFF RAMP,25,30.19695,-93.18008056,0,12,6,1,2,2,0,1,3,3,0,3,0,0000000,19,33,19,40,20,13,0,0,0,1,0
22,220493,2,2,0,0,0,7,7,19,1250,22,11,2014,7,22,48,0,15,6,E PRIEN LAKE,,0,30.19826111,-93.20166944,0,12,2,0,1,1,0,1,2,2,0,2,0,0000000,22,49,22,56,99,99,0,0,0,1,0
22,220494,1,1,0,1,1,1,1,71,1690,30,11,2014,1,17,25,1,13,3,SR-39 N CLAIBORNE AVE,,527,29.97256944,-90.04196944,0,8,0,0,1,1,0,1,5,1,0,1,0,0000000,99,99,99,99,99,99,0,0,0,1,0
22,220495,2,2,0,0,0,6,6,103,2217,23,11,2014,1,17,30,1,2,3,SR-21,,267,30.66538056,-89.88246944,0,12,1,0,8,1,0,1,2,1,0,1,0,0000000,17,36,17,36,18,52,0,0,0,1,0
22,220496,1,1,0,0,0,1,1,93,0,3,9,2014,4,2,25,0,3,2,US-61 AIRLINE HWY,,411,30.09354167,-90.72736111,0,42,0,0,1,1,0,4,2,10,0,10,0,0000000,2,35,2,44,3,24,0,0,0,1,1
22,220497,1,1,0,0,0,2,2,5,0,3,10,2014,6,8,25,1,1,1,I-10,,1895,30.14881111,-90.77653056,0,42,0,0,1,1,0,4,1,2,0,2,0,0000000,8,29,8,55,88,88,0,0,0,2,0
22,220498,2,2,0,0,0,2,2,63,0,28,10,2014,3,15,25,0,14,3,SR-1025 ARNOLD RD,,53,30.53663056,-90.87463889,0,12,6,0,1,1,0,1,1,1,0,1,0,0000000,15,37,15,51,16,24,0,0,0,1,0
22,220499,2,2,0,0,0,4,4,7,0,31,10,2014,6,23,48,0,3,3,SR-70,,377,30.04038889,-90.987,0,12,2,0,1,1,0,1,2,1,0,1,0,0000000,23,48,23,59,1,29,0,0,0,1,0
22,220500,1,1,0,1,1,1,1,3,9898,1,11,2014,7,3,0,1,2,2,US-165,,226,30.52318056,-92.82626944,0,8,0,0,1,1,0,1,2,1,0,1,0,0000000,3,6,3,7,3,27,0,0,0,1,0
22,220501,1,1,0,0,0,1,1,27,0,1,11,2014,7,13,10,0,6,3,SR-534,,32,32.75331944,-93.18615,0,35,0,0,1,1,0,4,1,1,0,1,0,0000000,13,28,13,51,14,25,0,0,0,1,0
22,220502,1,1,0,0,0,1,1,55,1230,1,11,2014,7,15,30,0,14,3,SR-723 RENAUD DR,MALBY RD,81,30.25411111,-92.05543056,0,32,0,0,3,3,0,4,1,1,0,1,0,0000000,15,33,15,40,16,12,0,0,0,1,0
22,220503,1,1,0,0,0,3,3,89,0,1,11,2014,7,23,13,0,15,3,SR-626 ST. ROSE AVE,,11,29.96118889,-90.3248,0,34,0,0,1,1,0,4,2,1,0,1,0,0000000,23,14,23,24,88,88,0,0,0,1,0
22,220504,1,1,0,0,0,1,1,63,0,2,11,2014,1,5,0,0,15,3,SR-1024 CANE MARKET RD,,17,30.55966944,-90.94979722,0,53,0,0,1,1,0,4,2,1,0,1,0,0000000,5,37,5,48,88,88,0,0,0,1,0
22,220505,1,1,0,0,0,2,2,7,9898,2,11,2014,1,21,0,0,15,3,SR-308,,132,29.97141944,-91.02116111,0,32,0,0,1,1,0,4,3,1,0,1,0,0000000,21,2,21,8,22,3,0,0,0,1,1
22,220506,1,1,0,0,0,2,2,41,0,5,11,2014,4,0,9,0,4,3,SR-4,,1399,32.11661944,-91.6052,0,35,0,0,1,1,0,4,2,1,0,1,0,0000000,0,19,0,33,88,88,0,0,0,2,0
22,220507,1,1,0,0,0,1,1,3,9898,6,11,2014,5,4,0,0,6,4,CR-GARCILLE RD,,0,30.64338611,-92.76905,0,32,0,0,1,1,0,4,2,2,10,2,0,0000000,88,88,88,88,88,88,0,0,0,1,1
22,220508,1,1,0,0,0,1,1,103,0,6,11,2014,5,13,45,1,11,1,I-12 WEST,I-10 EAST OFFRAMP,858,30.30593889,-89.74046111,0,1,0,1,20,1,0,1,1,1,0,1,0,0000000,99,99,99,99,99,99,0,0,0,1,0
22,220509,1,1,0,0,0,1,1,55,650,7,11,2014,6,4,48,0,14,3,SR-342,COACH DR,110,30.18136111,-92.11466944,0,32,0,0,1,1,0,4,2,10,0,10,0,0000000,5,42,5,51,88,88,0,0,0,1,1
22,220510,3,3,0,0,0,5,5,101,797,7,11,2014,6,19,45,0,15,3,SR-182,,774,29.7721,-91.48466111,0,12,2,0,1,1,0,1,2,1,0,1,0,0000000,19,49,20,28,21,12,0,0,0,1,1
22,220511,1,1,0,1,1,1,1,99,250,7,11,2014,6,22,36,1,13,3,SR-94,,77,30.28258889,-91.90876389,0,9,0,0,1,1,0,2,2,10,0,10,0,0000000,22,50,22,56,23,18,0,0,0,1,1
22,220512,2,2,0,0,0,3,3,43,0,8,11,2014,7,8,40,0,4,3,SR-8,,904,31.51666944,-92.50008056,0,1,0,0,8,1,4,1,1,1,0,1,0,0000000,8,53,9,12,88,88,0,0,0,1,1
22,220513,2,2,0,0,0,3,3,31,0,9,11,2014,1,14,26,1,2,2,US-171,,1574,32.19946944,-93.83646111,0,12,1,0,7,1,0,1,1,1,0,1,0,0000000,14,28,14,35,15,37,0,0,0,1,1
22,220514,2,2,0,0,0,3,3,109,2117,10,11,2014,2,18,27,1,13,3,SR-24,,3,29.73955556,-90.80701111,0,41,0,0,1,1,0,3,3,1,0,1,0,0000000,18,31,18,40,88,88,0,0,0,3,0
22,220515,1,1,0,0,0,2,2,75,9997,11,11,2014,3,2,20,0,3,3,SR-23 BELLE CHASSE HWY,,414,29.59373889,-89.84415,0,53,0,0,1,1,0,4,2,1,0,1,0,0000000,2,27,2,45,3,39,0,0,0,1,1
22,220516,1,1,0,0,0,1,1,5,1953,12,11,2014,4,2,15,1,13,2,US-61 AIRLINE HWY,,619,30.30488056,-90.97396944,0,32,0,0,1,1,0,4,2,1,0,1,0,0000000,2,30,2,39,88,88,0,0,0,1,1
22,220517,3,3,0,0,0,4,4,81,0,18,11,2014,3,19,51,0,3,2,US-71,UNION HALL CHURCH,1436,31.98761944,-93.25891111,0,12,1,0,8,1,0,1,2,1,0,1,0,0000000,19,51,19,59,20,27,0,0,0,1,0
22,220518,1,1,0,1,1,1,1,57,9898,19,11,2014,4,1,7,0,14,3,SR-316 BAYOU BLUE RD,,49,29.67118056,-90.72061944,0,8,0,0,1,1,0,1,2,1,0,1,0,0000000,1,12,1,22,88,88,0,0,0,1,0
22,220519,1,1,0,0,0,8,8,73,0,19,11,2014,4,22,40,1,1,1,I-20,,1035,32.52,-92.33551944,0,1,0,0,1,1,0,3,2,1,0,1,0,0000000,22,48,23,3,0,7,0,0,0,5,0
22,220520,1,1,0,0,0,1,1,15,1010,20,11,2014,5,21,0,0,15,3,SR-612,,31,32.44733056,-93.59748056,0,35,0,0,1,1,0,4,2,10,0,10,0,0000000,21,5,21,19,88,88,0,0,0,1,1
22,220521,1,1,0,0,0,2,2,105,980,21,11,2014,6,19,37,0,14,3,SR-443 MORRIS RD,,17,30.53061944,-90.43348056,0,32,0,0,1,1,0,4,2,1,0,1,0,0000000,19,38,19,45,21,34,0,0,0,1,1
22,220522,1,1,0,0,0,1,1,45,1680,22,11,2014,7,7,15,1,2,2,US-90,,1401,29.89513889,-91.69131944,0,1,0,0,1,1,0,3,1,1,0,1,0,0000000,7,23,7,35,88,88,0,0,0,1,0
22,220523,2,2,0,0,0,4,4,29,0,22,11,2014,7,17,40,0,4,3,SR-565,KEMPS LANDING RD (ROY KEMP),45,31.44233056,-91.65056111,0,12,6,0,2,3,0,1,5,10,0,10,0,0000000,17,50,18,19,19,19,0,0,0,2,0
22,220524,2,2,0,0,0,5,5,19,0,22,11,2014,7,19,11,0,4,2,US-90,BOY'S VILLAGE ROAD,396,30.23265,-93.08063889,0,12,6,0,2,2,0,1,2,2,0,2,0,0000000,19,16,19,18,19,54,0,0,0,1,0
22,220525,1,1,0,0,0,2,2,105,980,23,11,2014,1,19,20,0,15,3,SR-1064,,144,30.52668056,-90.37723056,0,1,0,0,1,1,0,4,2,1,0,1,0,0000000,19,21,19,31,19,48,0,0,0,1,1