STATE,ST_CASE,VE_TOTAL,VE_FORMS,PVH_INVL,PEDS,PERNOTMVIT,PERMVIT,PERSONS,COUNTY,CITY,DAY,MONTH,YEAR,DAY_WEEK,HOUR,MINUTE,NHS,ROAD_FNC,ROUTE,TWAY_ID,TWAY_ID2,MILEPT,LATITUDE,LONGITUD,SP_JUR,HARM_EV,MAN_COLL,RELJCT1,RELJCT2,TYP_INT,WRK_ZONE,REL_ROAD,LGT_COND,WEATHER1,WEATHER2,WEATHER,SCH_BUS,RAIL,NOT_HOUR,NOT_MIN,ARR_HOUR,ARR_MIN,HOSP_HR,HOSP_MN,CF1,CF2,CF3,FATALS,DRUNK_DR
22,220526,2,2,0,0,0,2,2,99,0,23,11,2014,1,20,50,0,5,3,SR-352 HENDERSON HWY,,5,30.3138,-91.82396944,0,12,1,0,1,1,0,1,2,1,0,1,0,0000000,20,52,21,7,88,88,0,0,0,1,0
22,220527,2,1,1,0,0,2,2,57,0,24,11,2014,2,0,36,0,4,3,SR-1,,754,29.74078889,-90.6972,0,53,0,0,1,1,0,4,3,10,0,10,0,0000000,0,41,0,56,1,55,14,0,0,1,0
22,220528,1,1,0,0,0,1,1,119,0,24,11,2014,2,4,8,0,4,3,SR-159,,58,32.6678,-93.27798056,0,42,0,0,1,1,0,4,2,1,0,1,0,0000000,4,11,4,21,88,88,0,0,0,1,0
22,220529,2,2,0,0,0,2,2,109,2117,24,11,2014,2,5,21,1,13,3,SR-24 WEST MAIN ST,,2,29.74023056,-90.80791111,0,30,0,0,1,1,0,3,3,10,0,10,0,0000000,5,25,5,55,6,12,0,0,0,1,0
22,220530,1,1,0,0,0,1,1,5,870,26,11,2014,4,4,50,1,11,1,I-10,,1810,30.187675,-90.91105556,0,42,0,0,1,1,0,3,2,1,0,1,0,0000000,5,14,5,23,5,47,0,0,0,1,0
22,220531,1,1,0,0,0,1,1,53,1140,28,11,2014,6,6,45,0,6,3,SR-102,,315,30.16276944,-92.65516111,0,32,0,0,1,1,0,4,1,1,0,1,0,0000000,6,45,6,57,88,88,0,0,0,1,1
22,220532,2,2,0,0,0,2,2,7,0,28,11,2014,6,9,26,0,4,3,SR-662,,47,29.70663056,-91.08573056,0,12,2,0,1,1,0,1,1,1,0,1,0,0000000,88,88,88,88,88,88,0,0,0,1,0
22,220533,3,3,0,0,0,5,5,27,0,28,11,2014,6,15,10,0,3,2,US-79,,642,32.73501111,-93.12783889,0,12,8,0,1,1,0,1,1,1,0,1,0,0000000,15,18,15,29,16,8,0,0,0,1,0
22,220534,2,2,0,0,0,4,4,89,0,28,11,2014,6,22,9,1,11,1,I-10,,2153,30.05378611,-90.36864722,0,12,7,0,1,1,0,1,2,10,0,10,0,0000000,22,21,22,40,23,39,0,0,0,1,1
22,220535,1,1,0,0,0,2,2,115,2166,29,11,2014,7,21,24,1,2,3,SR-28,,92,31.1748,-93.11343889,0,11,0,0,1,1,0,1,2,1,0,1,0,0000000,21,26,21,40,22,25,0,0,0,1,1
22,220536,1,1,0,0,0,1,1,79,597,25,11,2014,3,18,50,0,6,4,CR-FREE RD,PETE PAUL RD,0,31.37006111,-92.16048056,0,42,0,0,3,3,0,4,2,1,0,1,0,0000000,18,53,19,16,19,56,0,0,0,1,0
22,220537,1,1,0,0,0,1,1,115,1300,2,11,2014,1,21,24,0,6,4,CR-COOPER CHURCH RD,,0,31.03626111,-93.29686111,0,1,0,0,1,1,0,4,2,1,0,1,0,0000000,21,26,21,30,88,88,0,0,0,1,1
22,220538,1,1,0,0,0,2,2,49,0,22,11,2014,7,23,30,0,6,5,COUNTRY RD,,0,32.21483889,-92.75246944,0,1,0,0,1,1,0,4,2,10,0,10,0,0000000,23,31,23,35,99,99,0,0,0,1,1
22,220539,2,2,0,1,1,2,2,33,150,26,7,2014,7,1,34,1,11,1,I-10,,1575,30.42506944,-91.16021111,0,8,0,0,1,1,0,1,3,1,0,1,0,0000000,1,34,1,35,1,52,23,0,0,1,1
22,220540,3,1,2,1,1,2,2,71,1690,27,7,2014,1,23,15,1,13,7,N. CLAIBORNE ST (I-10 FRONTAGE,,0,29.97106944,-90.06688889,0,8,0,0,1,1,0,7,3,10,0,10,0,0000000,23,17,23,25,23,33,0,0,0,1,0
22,220541,1,1,0,0,0,1,1,103,0,23,11,2014,1,10,0,1,2,8,CAUSEWAY BRIDGE,,0,30.24878056,-90.11428056,8,25,0,0,1,1,0,4,1,10,0,10,0,0000000,10,3,10,14,88,88,0,0,0,1,0
22,220542,1,1,0,0,0,1,1,97,0,2,11,2014,1,10,9,0,6,4,CR-COUNTRY RIDGE RD,,0,30.49603056,-92.06956111,0,32,0,0,1,1,0,4,1,1,0,1,0,0000000,10,14,10,22,10,49,0,0,0,1,1
22,220543,1,1,0,0,0,1,1,115,0,27,11,2014,5,12,50,0,4,3,SR-392,,36,31.19755,-93.51343889,0,42,0,0,1,1,0,4,1,1,0,1,0,0000000,99,98,99,98,88,88,0,0,0,1,0
22,220544,2,2,0,0,0,3,3,5,1953,18,10,2014,7,12,9,1,13,2,US-61 AIRLINE HWY,,646,30.34061111,-90.9914,0,12,1,0,7,1,0,1,1,1,0,1,0,0000000,12,12,12,19,13,3,0,0,0,1,0
22,220545,1,1,0,0,0,2,2,117,210,30,4,2014,4,18,54,0,6,4,CR-S. CHOCTAW RD,,0,30.72336111,-89.99813889,0,42,0,0,1,1,0,4,1,1,0,1,0,0000000,18,57,19,20,88,88,0,0,0,2,1
22,220546,1,1,0,1,1,1,1,45,0,30,4,2014,4,20,10,0,6,4,CR-BULL ISLAND RD,,0,30.0058,-91.9195,0,8,0,0,1,1,0,1,2,1,0,1,0,0000000,99,99,99,99,88,88,0,0,0,1,1
22,220547,2,2,0,0,0,4,4,9,1430,18,11,2014,3,17,42,0,14,3,SR-1,,2309,31.08605,-92.0562,0,12,2,0,1,1,0,1,3,1,0,1,0,0000000,17,48,17,55,99,99,0,0,0,1,1
22,220548,1,1,0,0,0,1,1,99,250,19,11,2014,4,19,15,1,11,1,I-10,,1094,30.29071944,-91.9283,0,1,0,0,1,1,0,3,6,10,0,10,0,0000000,19,18,19,26,19,59,0,0,0,1,0
22,220549,1,1,0,0,0,3,3,113,970,21,11,2014,6,20,2,0,6,4,CR-ALVIE RD,,0,30.05798056,-92.54853056,0,35,0,0,1,1,0,4,2,1,0,1,0,0000000,20,11,20,35,88,88,0,0,0,1,0
22,220550,1,1,0,0,0,2,2,45,0,28,11,2014,6,10,2,0,6,4,CR-LARSON RD,,0,29.94886111,-91.86461111,0,5,0,0,1,1,0,1,1,1,0,1,0,0000000,9,57,10,5,88,88,0,0,0,1,0
22,220551,1,1,0,0,0,1,1,103,1840,30,11,2014,1,14,10,1,11,1,I-59,,43,30.36188056,-89.74216111,0,42,0,0,1,1,0,4,1,1,0,1,0,0000000,14,11,14,12,15,49,0,0,0,1,0
22,220552,1,1,0,0,0,1,1,3,1770,30,8,2014,7,7,18,1,2,2,US-165,,248,30.55143889,-92.80696944,0,42,0,0,1,1,0,4,2,2,0,2,0,0000000,7,18,7,26,88,88,0,0,0,1,0
22,220553,2,2,0,0,0,2,2,105,1910,1,12,2014,2,15,43,0,6,6,N 1ST ST,E HICKORY ST,0,30.44198056,-90.43385,0,12,6,0,2,3,0,1,1,1,0,1,0,0000000,15,43,15,51,16,16,0,0,0,1,0
22,220554,2,2,0,0,0,2,2,71,1690,6,12,2014,7,2,51,1,13,6,TULANE AVE,S ROCHEBLAVE AVE,2581,29.96053056,-90.08786944,0,12,6,0,2,2,0,1,3,5,0,5,0,0000000,99,99,99,99,99,99,0,0,0,1,1
22,220555,1,1,0,1,1,1,1,17,2130,5,12,2014,6,10,39,0,14,6,BUNCOMBE RD,,0,32.42168889,-93.87491944,0,8,0,0,1,1,0,1,1,1,0,1,0,0000000,10,39,10,43,11,3,0,0,0,1,0
22,220556,2,1,1,0,0,2,2,71,1690,8,12,2014,2,3,5,0,15,6,TCHOUPITOULAS,,0,29.92063056,-90.07838889,0,14,0,0,1,1,0,7,2,1,0,1,0,0000000,3,5,3,11,99,99,0,0,0,1,1
22,220557,2,2,0,0,0,2,2,55,1230,8,12,2014,2,14,14,1,13,3,SR-3073,LA NEUVILLE,40,30.14016111,-92.02396944,0,12,6,0,2,2,0,1,1,1,0,1,0,0000000,14,14,14,19,14,38,0,0,0,1,0
22,220558,1,1,0,1,1,1,1,51,1190,8,12,2014,2,20,23,1,11,1,I-10,,2235,30.00888056,-90.24903056,0,8,0,0,1,1,0,1,3,1,0,1,0,0000000,20,23,20,34,88,88,0,0,0,1,0
22,220559,3,3,0,0,0,6,6,51,1545,12,12,2014,6,16,12,0,14,4,CR-WABASH,HARVARD AVE,0,29.99833056,-90.18841944,0,12,6,0,2,2,0,1,1,10,0,10,0,0000000,16,18,16,20,17,4,0,0,0,1,0
22,220560,2,2,0,0,0,3,3,17,2130,18,12,2014,5,20,52,0,14,5,JEWELLA AVE,,0,32.42153889,-93.79732222,0,12,2,0,1,1,0,1,3,1,0,1,0,0000000,20,54,21,1,21,47,20,0,0,1,0
22,220561,2,2,0,0,0,3,3,19,1250,21,12,2014,1,13,11,1,11,1,I-10,,339,30.24658056,-93.1738,0,33,0,0,5,1,0,4,1,10,0,10,0,0000000,99,98,99,98,88,88,0,0,0,1,0
22,220562,3,3,0,1,1,4,4,71,1690,21,12,2014,1,21,23,1,11,1,I-10,,2413,30.00935,-90.01361944,0,12,98,0,1,1,0,1,3,1,0,1,0,0000000,99,99,99,99,99,99,19,23,0,1,0
22,220563,1,1,0,0,0,1,1,33,0,23,12,2014,3,1,5,1,13,4,CR-BLUEBONNET BLVD,,0,30.40278889,-91.08225,0,33,0,0,1,1,0,4,3,10,0,10,0,0000000,1,13,1,21,88,88,0,0,0,1,0
22,220564,1,1,0,1,1,1,1,15,230,24,12,2014,4,5,10,1,13,3,SR-3 BENTON RD,GREENACRES BLVD,36,32.56751111,-93.72936944,0,8,0,0,2,3,0,1,2,1,0,1,0,0000000,5,11,5,19,88,88,0,0,0,1,0
22,220565,3,3,0,0,0,3,3,77,1316,26,12,2014,6,18,54,1,2,3,SR-190 AIRLINE HWY,ISABEL LANE,1513,30.55443056,-91.54631944,0,12,1,0,3,3,0,1,2,2,0,2,0,0000000,18,54,19,13,19,54,0,0,0,1,0
22,220566,1,1,0,0,0,1,1,33,150,27,12,2014,7,0,5,0,14,6,S. CHOCTAW,,0,30.47031111,-91.0214,0,30,0,0,1,1,0,4,3,2,0,2,0,0000000,0,9,0,23,88,88,0,0,0,1,1
22,220567,1,1,0,0,0,1,1,55,1230,28,12,2014,1,9,17,0,14,2,US-90,,1057,30.23243056,-92.04316944,0,43,0,0,1,1,0,4,1,10,0,10,0,0000000,9,17,9,23,88,88,0,0,0,1,0
22,220569,1,1,0,0,0,1,1,125,2080,3,12,2014,4,8,20,0,6,4,CR-JONES CONNELL,,0,30.8462,-91.28788889,0,42,0,0,1,1,0,4,1,1,0,1,0,0000000,8,20,8,29,88,88,0,0,0,1,0
22,220570,1,1,0,1,1,1,1,71,1690,28,7,2014,2,16,47,1,13,3,SR-39 N ROBERTSON ST,FRANKLIN AVE,531,29.9729,-90.04883056,0,8,0,0,2,2,0,1,1,1,0,1,0,0000000,16,46,16,53,17,13,0,0,0,1,0
22,220571,1,1,0,0,0,1,1,15,230,30,9,2014,3,2,55,0,14,5,ARTHUR RAY TEAGUE PKWY,,0,32.4917,-93.6931,0,33,0,0,1,1,0,4,3,1,0,1,0,0000000,3,0,3,4,99,99,0,0,0,1,0
22,220572,1,1,0,1,1,1,1,63,2350,3,10,2014,6,19,35,0,14,2,US-190 FLORIDA BLVD,,1975,30.49798889,-90.8377,0,8,0,0,1,1,0,1,2,1,0,1,0,0000000,19,40,19,44,88,88,0,0,0,1,0
22,220573,1,1,0,0,0,2,2,61,885,16,12,2014,3,15,43,0,14,3,SR-150 MARTIN LUTHER KING,IGOE INN ROAD,26,32.53021389,-92.7343,0,1,0,0,3,3,0,5,1,1,0,1,0,0000000,15,45,16,0,99,99,0,0,0,1,0
22,220574,1,1,0,0,0,1,1,65,2230,18,12,2014,5,22,41,0,16,6,LEXING STREET,,0,32.41436389,-91.19312778,0,38,0,0,1,1,0,5,2,10,0,10,0,0000000,22,45,22,49,23,27,4,0,0,1,0
22,220575,1,1,0,0,0,1,1,55,1230,7,12,2014,1,0,38,1,11,1,I-10 ENTRANCE RAMP,,1005,30.24788056,-92.06736944,0,1,0,1,5,1,0,4,2,1,0,1,0,0000000,0,40,0,46,1,12,0,0,0,1,1
22,220576,1,1,0,0,0,1,1,47,1870,17,12,2014,4,0,10,0,16,6,PLAQUEMINE STREET,,0,30.28998889,-91.23491944,0,43,0,0,1,1,0,4,3,1,0,1,0,0000000,0,12,0,23,88,88,0,0,0,1,0
22,220577,1,1,0,0,0,1,1,55,0,21,12,2014,1,18,54,0,6,4,CR-BREAUX ROAD,,0,30.14601111,-92.11651111,0,1,0,0,1,1,0,1,2,1,0,1,0,0000000,18,56,19,6,88,88,0,0,0,1,1
22,220578,2,2,0,0,0,4,4,5,2189,31,12,2014,4,22,0,0,14,3,SR-22 JOHN LEBLANC BLVD,MAIN ST.,82,30.17646944,-90.87256944,0,1,0,0,2,3,0,1,3,1,0,1,0,0000000,22,3,22,11,22,41,14,0,0,1,0
22,220579,1,1,0,0,0,1,1,57,516,1,12,2014,2,23,26,0,14,3,SR-1 WEST MAIN ST,,452,29.53405,-90.33696111,0,32,0,0,1,1,0,4,3,5,0,5,0,0000000,23,31,23,40,0,9,0,0,0,1,1
22,220580,3,3,0,0,0,4,4,107,1670,2,12,2014,3,14,35,0,4,3,SR-4,,1583,32.08161111,-91.33246944,0,12,2,0,1,1,0,1,1,10,0,10,0,0000000,14,39,14,50,15,40,0,0,0,2,0
22,220581,2,2,0,0,0,2,2,113,1500,2,12,2014,3,17,50,0,5,3,SR-92,PRESSLEY RD,335,30.1086,-92.14155,0,12,1,0,2,3,0,1,2,1,0,1,0,0000000,17,53,18,9,88,88,0,0,0,1,0
22,220582,1,1,0,0,0,2,2,111,0,3,12,2014,4,22,40,0,4,3,SR-15,,1752,32.82156111,-92.40948889,0,35,0,0,1,1,0,4,2,5,0,5,0,0000000,22,49,22,52,23,17,0,0,0,1,0
22,220583,2,2,0,1,1,1,1,73,0,6,12,2014,7,6,22,1,1,1,I-20,,1252,32.4875,-91.97386111,0,12,8,0,1,1,0,1,4,10,0,10,0,0000000,6,30,6,40,7,28,19,23,0,1,0
22,220584,1,1,0,1,1,2,2,97,9898,6,12,2014,7,17,30,0,5,3,SR-357,,32,30.46727222,-92.15197222,0,9,0,0,1,1,0,1,2,1,0,1,0,0000000,17,47,18,2,88,88,0,0,0,1,0
22,220585,1,1,0,0,0,1,1,57,9898,8,12,2014,2,6,0,0,14,3,SR-316 BAYOU BLUE RD,,85,29.6359,-90.67778889,0,1,0,0,1,1,0,4,4,1,0,1,0,0000000,99,99,99,99,88,88,0,0,0,1,0
22,220586,1,1,0,0,0,3,3,85,9898,10,12,2014,4,18,0,1,2,3,SR-6,,168,31.55936111,-93.5041,0,35,0,0,1,1,0,4,2,1,0,1,0,0000000,18,16,18,34,18,45,0,0,0,1,1
22,220587,2,2,0,0,0,6,6,9,0,14,12,2014,1,17,35,0,4,3,SR-107,SR-1192,398,31.16083056,-92.08871111,0,12,6,0,2,2,0,1,5,1,0,1,0,0000000,17,41,17,52,18,15,0,0,0,1,0
22,220588,2,2,0,0,0,3,3,11,0,14,12,2014,1,18,23,1,2,2,US-171,,321,30.68425,-93.23831111,0,12,2,0,1,1,0,1,2,1,0,1,0,0000000,18,21,19,4,88,88,0,0,0,3,1
22,220589,2,1,1,3,3,1,1,21,0,16,12,2014,3,16,6,1,2,2,US-165,,1521,32.16652778,-92.09418333,0,45,0,0,1,1,1,1,1,1,0,1,0,0000000,16,1,16,9,17,22,0,0,0,1,0
22,220590,4,4,0,0,0,5,5,55,1230,15,12,2014,2,18,0,0,14,3,SR-342 RIDGE ROAD,BRUMLEY,100,30.18123889,-92.13031667,0,12,1,0,3,3,0,1,2,1,0,1,0,0000000,18,3,18,10,18,50,28,0,0,1,0
22,220591,2,2,0,0,0,6,6,61,0,12,12,2014,6,6,58,1,1,1,I-20,,965,32.5297,-92.45401111,0,12,6,0,1,1,0,1,1,2,0,2,0,0000000,7,0,7,12,7,33,0,0,0,1,0
22,220592,1,1,0,0,0,1,1,29,0,13,12,2014,7,4,43,0,4,3,SR-15,,534,31.55106111,-91.55003333,0,1,0,0,1,1,0,1,2,1,0,1,0,0000000,88,88,88,88,88,88,0,0,0,1,1
22,220593,2,2,0,0,0,5,5,99,0,15,12,2014,2,15,39,0,4,3,SR-328,POCHE BRIDGE ROAD,38,30.30924167,-91.90014722,0,12,6,0,2,3,0,1,1,1,0,1,0,0000000,15,47,15,54,16,21,0,0,0,1,0
22,220594,2,2,0,0,0,3,3,109,365,13,12,2014,7,21,24,0,14,3,SR-56,,204,29.51578056,-90.59178056,0,12,2,0,1,1,0,1,3,1,0,1,0,0000000,21,27,21,45,22,16,0,0,0,2,1
22,220595,1,1,0,0,0,1,1,127,0,16,12,2014,3,9,37,0,4,3,SR-34,,431,32.12650556,-92.53326389,0,35,0,0,1,1,0,4,1,1,0,1,0,0000000,9,40,9,59,88,88,0,0,0,1,0
22,220596,2,2,0,0,0,2,2,57,0,2,12,2014,3,6,42,0,3,3,SR-1,,588,29.62931944,-90.50505,0,12,6,0,8,1,0,1,4,5,0,5,0,0000000,6,48,7,6,8,45,0,0,0,1,0
22,220597,1,1,0,0,0,1,1,79,0,14,12,2014,1,14,54,0,14,3,SR-1204,,11,31.415725,-92.43553056,0,42,0,0,1,1,0,4,1,1,0,1,0,0000000,14,53,15,5,88,88,0,0,0,1,0
22,220598,1,1,0,0,0,1,1,95,0,19,12,2014,6,19,48,1,1,7,I-55 SERVICE ROAD,,22,30.11416944,-90.44331944,0,42,0,0,1,1,0,10,2,2,0,2,0,0000000,19,54,20,8,88,88,0,0,0,1,0
22,220599,2,2,0,0,0,2,2,73,0,23,12,2014,3,7,36,0,14,3,SR-143,,98,32.62276111,-92.17276389,0,12,6,0,1,1,0,1,1,5,0,5,0,0000000,7,40,7,52,8,15,0,0,0,1,0
22,220600,2,1,1,0,2,2,4,119,0,23,12,2014,3,22,41,1,1,1,I-20,,393,32.57960833,-93.42317778,0,14,0,0,1,1,0,2,2,10,0,10,0,0000000,22,46,23,1,23,32,0,0,0,1,0
22,220601,1,1,0,0,0,2,2,57,0,27,12,2014,7,19,55,0,3,3,SR-1,,539,29.58943056,-90.45461944,0,42,0,0,1,1,0,4,2,10,0,10,0,0000000,19,57,20,14,21,8,0,0,0,1,0
22,220602,1,1,0,1,1,1,1,99,9898,28,12,2014,1,19,20,1,13,2,US-90,PETROLEUM PKWY,1196,30.08141111,-91.93948056,0,8,0,0,2,2,0,1,2,2,0,2,0,0000000,19,29,19,30,20,14,0,0,0,1,0
22,220603,1,1,0,1,1,2,2,103,1400,29,12,2014,2,19,30,1,13,2,US-190,,2484,30.41506944,-90.08401944,0,8,0,0,1,1,0,1,2,1,0,1,0,0000000,19,35,19,36,20,1,0,0,0,1,0
22,220604,2,2,0,0,0,3,3,99,0,30,12,2014,3,14,40,0,4,3,SR-328,,70,30.32475278,-91.85080833,0,12,2,0,1,1,0,1,1,10,0,10,0,0000000,14,47,15,8,15,41,0,0,0,1,1
22,220605,1,1,0,0,0,2,2,43,0,31,12,2014,4,0,30,0,4,3,SR-8,,869,31.52426111,-92.55313056,0,42,0,0,1,1,0,4,2,1,0,1,0,0000000,0,42,0,58,2,44,0,0,0,1,1
22,220606,2,2,0,0,0,5,5,63,0,31,12,2014,4,20,13,0,4,3,SR-447,,61,30.43957222,-90.85967778,0,12,2,0,1,1,0,1,2,1,0,1,0,0000000,20,14,20,27,20,58,0,0,0,3,1
22,220607,2,2,0,0,0,2,2,5,870,2,12,2014,3,23,16,0,14,3,SR-30,,237,30.21061111,-90.95396111,0,12,2,0,1,1,1,1,2,1,0,1,0,0000000,23,18,23,25,88,88,1,0,0,1,1
22,220608,2,2,0,0,0,2,2,63,9898,4,12,2014,5,17,30,0,4,3,SR-447 WALKER SOUTH RD,,59,30.43666111,-90.85946111,0,12,2,0,1,1,0,1,5,1,0,1,0,0000000,17,32,17,39,88,88,0,0,0,2,1
22,220609,3,3,0,0,0,3,3,89,1209,6,12,2014,7,11,10,0,3,3,SR-3127,,319,29.99905,-90.50918056,0,12,8,0,1,1,0,1,1,1,0,1,0,0000000,11,12,11,28,11,57,0,0,0,1,0
22,220610,2,2,0,0,0,4,4,5,1953,9,12,2014,3,6,50,0,14,3,SR-74,DUTCH TOWN POINT,79,30.25461944,-90.9746,0,12,2,0,3,3,0,1,1,1,0,1,0,0000000,6,55,7,20,8,51,0,0,0,1,0
22,220611,2,2,0,0,0,4,4,9,1480,12,12,2014,6,1,0,0,4,3,SR-107,,425,31.19265556,-92.11451111,0,12,2,0,1,1,0,1,2,1,0,1,0,0000000,1,8,1,24,88,88,0,0,0,4,0
22,220612,1,1,0,1,1,1,1,59,1130,13,12,2014,7,17,41,0,4,3,SR-8,ANDREWS RD,1181,31.68088889,-92.14263889,0,8,0,0,2,3,0,1,2,1,0,1,0,0000000,17,43,17,46,18,6,0,0,0,1,0
22,220613,1,1,0,0,0,1,1,119,1550,15,12,2014,2,15,12,0,3,2,US-371,,427,32.50763889,-93.30383889,0,42,0,0,1,1,0,4,1,1,0,1,0,0000000,15,16,15,28,88,88,0,0,0,1,0
22,220614,2,2,0,0,0,4,4,123,9898,16,12,2014,3,19,0,0,3,3,SR-2,,1745,32.82366944,-91.46253056,0,12,2,0,1,1,0,1,2,1,0,1,0,0000000,19,3,19,15,19,39,0,0,0,1,1
22,220615,1,1,0,0,0,1,1,63,0,18,8,2014,2,15,30,0,6,4,CR-FIRETOWER RD,,0,30.43754722,-90.65798611,0,53,0,0,1,1,0,4,1,1,0,1,0,0000000,15,30,15,53,16,43,0,0,0,1,1
22,220616,1,1,0,0,0,1,1,63,0,23,8,2014,7,21,35,0,6,4,CR-LOD STAFFORD RD,,0,30.52273889,-90.75575,0,23,0,0,1,1,0,4,2,1,0,1,0,0000000,21,36,21,43,88,88,0,0,0,1,1
22,220617,1,1,0,1,1,1,1,63,0,14,9,2014,1,3,25,0,6,4,CR-NORTH CAFE LINE RD,,0,30.53976944,-90.57131111,0,8,0,0,1,1,0,1,2,10,0,10,0,0000000,88,88,88,88,88,88,0,0,0,1,0
22,220618,5,5,0,0,0,7,7,19,1250,19,10,2014,1,0,27,0,15,3,SR-1138-2,,27,30.19828889,-93.23771944,0,12,1,0,1,1,0,1,3,1,0,1,0,0000000,0,27,99,99,99,99,14,0,0,2,1
22,220619,2,2,0,0,0,2,2,33,9997,16,10,2014,5,15,42,0,14,3,SR-64,JOOR RD,91,30.62746111,-91.05012778,0,12,6,0,2,3,0,1,1,1,0,1,0,0000000,15,57,15,58,16,39,0,0,0,1,0
22,220620,1,1,0,0,0,1,1,97,0,26,11,2014,4,22,20,1,1,1,I-49,,421,30.80163056,-92.21016111,0,1,0,0,1,1,0,4,2,1,0,1,0,0000000,22,24,22,43,23,49,0,0,0,1,1
22,220621,1,1,0,0,0,1,1,105,0,4,12,2014,5,13,0,1,1,1,I-55,,397,30.62241667,-90.51859722,0,34,0,0,1,1,0,4,1,1,0,1,0,0000000,13,5,13,10,13,45,0,0,0,1,0
22,220622,1,1,0,0,0,1,1,1,0,9,12,2014,3,10,47,0,4,3,SR-91,,388,30.39368889,-92.49721944,0,42,0,0,1,1,0,4,1,1,0,1,0,0000000,10,48,11,17,11,52,0,0,0,1,0
22,220623,1,1,0,1,1,1,1,33,150,15,12,2014,2,23,48,0,16,6,72ND AVENUE,YORKSHIRE,0,30.5147,-91.16119444,0,8,0,0,1,1,0,1,3,10,0,10,0,0000000,23,48,23,53,88,88,0,0,0,1,0
22,220624,2,2,0,0,0,4,4,63,9898,28,11,2014,6,20,27,0,4,3,SR-40,,17,30.64301111,-90.59171111,0,12,2,0,1,1,0,1,2,1,0,1,0,0000000,20,31,20,47,21,38,0,0,0,1,1
22,220625,2,2,0,0,0,4,4,101,1830,24,12,2014,4,9,15,1,13,2,US-9002,VETERANS BLVD,1683,29.68825,-91.30751111,0,12,6,0,2,2,0,1,1,1,0,1,0,0000000,9,15,9,19,9,51,0,0,0,1,0
22,220626,2,2,0,0,0,2,2,51,1488,12,12,2014,6,7,15,0,14,3,SR-3134 LEO KERNER,,211,29.84695,-90.10368056,0,12,1,0,1,1,0,1,1,1,0,1,0,0000000,7,26,7,32,8,11,0,0,0,1,0
22,220627,2,2,0,0,0,4,4,101,9898,13,12,2014,7,18,0,1,2,2,US-90,US-90 FRONTAGE RD,1431,29.87316111,-91.64713889,0,12,6,0,2,2,0,1,2,1,0,1,0,0000000,18,1,18,20,19,19,0,0,0,1,0
22,220628,2,2,0,0,0,2,2,33,150,29,12,2014,2,17,30,0,14,3,SR-3245,EAST RIVERDALE,17,30.45031111,-91.00786944,0,12,6,0,2,3,0,1,3,10,0,10,0,0000000,17,34,17,38,17,58,0,0,0,1,0
22,220629,3,3,0,0,0,4,4,33,150,3,1,2014,6,16,32,1,13,3,SR-3064 ESSEN LN,I-10 ENTRANCE RAMP,10,30.40836944,-91.10171111,0,12,6,0,3,3,0,1,1,1,0,1,0,0000000,16,35,16,37,17,3,0,0,0,1,0
22,220630,1,1,0,0,0,2,2,33,150,3,9,2014,4,22,45,1,13,3,SR-19 SCOTLAND BAKER,,22,30.5556,-91.17438056,0,34,0,0,1,1,0,4,2,10,0,10,0,0000000,22,48,22,54,23,4,0,0,0,1,0
22,220631,2,2,0,0,0,2,2,33,150,24,12,2014,4,9,50,0,14,3,SR-3164 SCENIC HWY,,1,30.46088889,-91.16765,0,12,6,0,8,1,0,1,1,1,0,1,0,0000000,9,51,10,8,10,21,0,0,0,1,0
22,220632,1,1,0,0,0,1,1,105,0,25,12,2014,5,5,32,0,6,4,CR-WARDLINE RD,LAURIE DR,0,30.519,-90.54621944,0,53,0,0,1,1,0,4,2,1,0,1,0,0000000,5,31,5,39,88,88,0,0,0,1,0
22,220633,1,1,0,0,0,2,2,63,9898,30,12,2014,3,19,52,0,5,3,SR-442,,31,30.56071944,-90.70796111,0,1,0,0,1,1,0,1,2,1,0,1,0,0000000,20,4,20,28,21,10,2,0,0,1,0
22,220634,1,1,0,1,1,1,1,89,2108,27,11,2014,5,1,34,0,15,3,SR-626 ST. ROSE AVE,,2,29.94955,-90.31873056,0,8,0,0,1,1,0,1,2,1,0,1,0,0000000,1,38,1,45,2,15,0,0,0,1,0
22,220635,1,1,0,1,1,1,1,55,1230,26,12,2014,6,12,17,1,13,2,US-167 JOHNSTON ST,BROADMOOR BLVD,156,30.1818,-92.0708,0,9,0,0,2,3,0,1,1,10,0,10,0,0000000,12,17,12,20,12,51,0,0,0,1,0
22,220636,1,1,0,1,1,2,2,33,150,11,7,2014,6,21,52,0,15,6,E. BROOKSTOWN,,0,30.4814,-91.12801944,0,8,0,0,1,1,0,1,3,10,0,10,0,0000000,21,53,22,0,88,88,0,0,0,1,0
22,220637,1,1,0,0,0,2,2,105,9898,4,12,2014,5,20,25,1,11,1,I-55,,280,30.464,-90.47848056,0,1,0,1,19,1,0,4,2,1,0,1,0,0000000,20,29,20,33,20,57,0,0,0,1,1
22,220638,1,1,0,1,1,1,1,33,150,11,1,2014,7,9,35,1,13,6,N. FOSTER DR,,0,30.4651,-91.13965,0,15,0,0,1,1,0,1,1,10,0,10,0,0000000,9,35,9,37,10,1,0,0,0,1,0