STATE,ST_CASE,VE_TOTAL,VE_FORMS,PVH_INVL,PEDS,PERNOTMVIT,PERMVIT,PERSONS,COUNTY,CITY,DAY,MONTH,YEAR,DAY_WEEK,HOUR,MINUTE,NHS,ROAD_FNC,ROUTE,TWAY_ID,TWAY_ID2,MILEPT,LATITUDE,LONGITUD,SP_JUR,HARM_EV,MAN_COLL,RELJCT1,RELJCT2,TYP_INT,WRK_ZONE,REL_ROAD,LGT_COND,WEATHER1,WEATHER2,WEATHER,SCH_BUS,RAIL,NOT_HOUR,NOT_MIN,ARR_HOUR,ARR_MIN,HOSP_HR,HOSP_MN,CF1,CF2,CF3,FATALS,DRUNK_DR
24,240080,1,1,0,0,0,1,1,33,180,5,3,2014,4,23,8,0,15,3,SR-208,,4,38.93941667,-76.95597778,0,33,0,0,1,1,0,4,3,1,0,1,0,0000000,99,99,99,99,99,99,0,0,0,1,1
24,240081,1,1,0,1,1,1,1,43,0,3,1,2014,6,23,56,0,16,6,LOCUST RD,E. FRANKLIN ST,0,39.64406667,-77.71539167,0,8,0,0,2,2,0,1,3,1,0,1,0,0000000,23,51,23,54,0,7,0,0,0,1,0
24,240082,2,2,0,0,0,3,3,33,885,18,3,2014,3,1,21,0,14,3,SR-450,CR-1983,57,38.96474722,-76.84875,0,12,6,0,2,3,0,1,3,1,0,1,0,0000000,99,99,99,99,99,99,0,0,0,1,2
24,240083,1,1,0,1,1,1,1,45,0,20,1,2014,2,20,9,0,13,2,US-13BU,KAY AVE,36,38.33698333,-75.60806389,0,8,0,0,3,3,0,1,2,1,0,1,0,0000000,20,4,20,10,20,32,0,0,0,1,0
24,240084,1,1,0,0,0,1,1,19,0,11,4,2014,6,8,25,0,3,3,SR- 392,,80,38.63211944,-75.76861111,0,42,0,0,1,1,0,4,1,1,0,1,0,0000000,99,99,99,99,99,99,0,0,0,1,0
24,240085,2,2,0,0,0,5,5,33,565,6,4,2014,1,22,11,1,12,3,SR-210,,105,38.77335278,-76.995825,0,12,6,0,8,1,0,1,3,1,0,1,0,0000000,99,99,99,99,99,99,0,0,0,1,1
24,240086,1,1,0,0,0,1,1,13,0,11,4,2014,6,21,14,0,4,4,CR-565,,2,39.44223889,-77.05618333,0,42,0,0,1,1,0,5,2,1,0,1,0,0000000,21,16,21,21,88,88,0,0,0,1,1
24,240087,2,2,0,0,0,4,4,5,0,11,4,2014,6,18,16,0,13,3,SR-147,,51,39.4237,-76.49542222,0,24,0,0,1,1,0,4,1,1,0,1,0,0000000,18,13,18,22,99,99,0,0,0,1,0
24,240088,1,1,0,0,0,1,1,15,0,18,4,2014,6,7,0,0,3,3,SR-222,,78,39.63116389,-76.14578611,0,1,0,0,1,1,0,4,1,1,0,1,0,0000000,6,56,7,2,99,99,0,0,0,1,0
24,240089,1,1,0,1,1,2,2,13,0,16,4,2014,4,21,55,1,13,3,SR-140,,94,39.58114722,-76.98774444,0,8,0,0,1,1,0,1,2,1,0,1,0,0000000,21,53,21,57,88,88,0,0,0,1,0
24,240090,1,1,0,0,0,1,1,3,0,18,4,2014,6,8,50,1,12,3,SR-295,,89,39.17616944,-76.7253,0,24,0,0,1,1,0,4,1,10,0,10,0,0000000,8,38,8,47,9,5,0,0,0,1,0
24,240091,1,1,0,1,1,1,1,5,0,13,4,2014,1,1,44,0,13,3,SR-146,CR-1160,5,39.40922778,-76.60081111,0,8,0,0,3,2,0,1,3,1,0,1,0,0000000,99,99,99,99,99,99,0,0,0,1,1
24,240092,3,3,0,0,0,3,3,33,0,12,4,2014,7,19,2,1,11,1,I-95,,306,39.06422778,-76.91365833,0,12,7,0,1,1,0,1,1,1,0,1,0,0000000,99,99,99,99,88,88,14,0,0,1,1
24,240093,2,2,0,0,0,2,2,11,0,19,4,2014,7,0,14,0,4,3,SR-480,,1,38.92760833,-75.92047222,0,12,2,0,1,1,0,1,2,1,0,1,0,0000000,99,99,99,99,99,99,0,0,0,1,2
24,240094,2,2,0,0,0,4,4,21,0,20,4,2014,1,12,4,1,2,2,US-15,SR-76,335,39.67509167,-77.35525833,0,12,6,0,2,2,0,1,1,1,0,1,0,0000000,12,4,12,15,12,41,0,0,0,1,0
24,240095,1,1,0,0,0,1,1,31,0,17,4,2014,5,4,4,0,3,3,SR-28,,43,39.19099722,-77.42334722,0,30,0,0,1,1,0,4,2,1,0,1,0,0000000,99,99,99,99,88,88,0,0,0,1,0
24,240096,1,1,0,0,0,1,1,43,0,27,4,2014,1,5,41,1,11,1,I-70 RAMP,,121,39.62668889,-78.01398333,0,59,0,1,5,1,0,4,2,1,0,1,0,0000000,99,99,99,99,88,88,0,0,0,1,1
24,240097,1,1,0,0,0,1,1,43,0,29,4,2014,3,2,27,0,15,4,CR-468,,0,39.60254722,-77.77486111,0,1,0,0,1,1,0,5,2,1,0,1,0,0000000,2,27,2,36,88,88,0,0,0,1,1
24,240098,1,1,0,0,0,2,2,25,0,28,4,2014,2,21,20,0,6,4,CR-90,,17,39.67453333,-76.43047778,0,42,0,0,1,1,0,4,2,2,4,4,0,0000000,99,99,99,99,99,99,0,0,0,1,1
24,240099,2,2,0,0,0,2,2,37,930,9,4,2014,4,14,27,0,3,3,SR-5,COLLEGE CIRCLE RD,265,38.29608611,-76.63300833,0,12,1,0,3,3,0,1,1,1,0,1,0,0000000,99,99,99,99,99,99,0,0,0,1,0
24,240100,2,2,0,0,0,2,2,47,0,29,4,2014,3,14,38,1,2,2,US-113 RAMP,SR-575,23,38.38648056,-75.20291667,0,12,6,0,2,3,0,1,1,1,0,1,0,0000000,14,36,14,42,99,99,0,0,0,1,0
24,240101,1,1,0,1,1,1,1,31,0,29,4,2014,3,5,9,0,13,4,CR-1659,MIDDLEVALE LN,43,39.06449444,-77.03909167,0,8,0,0,3,2,0,1,3,2,0,2,0,0000000,99,99,99,99,99,99,0,0,0,1,0
24,240102,1,1,0,0,0,1,1,5,0,5,5,2014,2,11,45,1,11,1,I-95,,0,39.22524444,-76.71805278,0,1,0,0,1,1,0,1,1,1,0,1,0,0000000,11,46,12,6,88,88,0,0,0,1,0
24,240103,2,2,0,0,0,4,4,5,0,5,5,2014,2,19,44,1,11,1,I-95,,211,39.41453889,-76.5926,0,12,6,0,1,1,0,1,1,1,0,1,0,0000000,18,45,19,1,19,24,0,0,0,1,0
24,240104,2,2,0,0,0,2,2,31,0,19,1,2014,1,18,56,0,13,3,SR-124,QUINCE ORCHARD BLVD,21,39.13440556,-77.22379167,0,12,6,0,2,3,0,1,3,1,0,1,0,0000000,99,99,99,99,99,99,0,0,0,2,0
24,240105,2,2,0,0,0,2,2,15,0,11,4,2014,6,15,50,0,3,3,SR-276,,39,39.64404722,-76.07241944,0,12,2,0,1,1,0,1,1,1,0,1,0,0000000,15,48,15,57,16,37,0,0,0,1,0
24,240106,1,1,0,1,1,3,3,33,830,12,4,2014,7,23,58,0,13,3,SR-650,BELFORD PLACE,5,38.973025,-76.99683611,0,8,0,0,2,3,0,1,3,1,0,1,0,0000000,99,99,99,99,88,88,0,0,0,1,0
24,240107,1,1,0,1,1,2,2,27,0,25,4,2014,6,22,12,0,14,4,CR-794,,0,99.99990000,999.99990000,0,8,0,0,1,1,0,1,2,4,0,4,0,0000000,99,99,99,99,88,88,0,0,0,1,0
24,240108,1,1,0,0,0,2,2,43,0,8,5,2014,5,12,59,1,11,1,I-70,,201,39.65080833,-77.86921667,0,35,0,0,1,1,0,4,1,1,0,1,0,0000000,12,57,13,8,13,29,26,0,0,1,0
24,240109,2,2,0,0,0,2,2,13,0,8,5,2014,5,21,27,0,3,3,SR-26,,121,39.395,-76.9102,0,12,2,0,1,1,0,1,2,1,0,1,0,0000000,21,20,21,25,22,25,0,0,0,1,0
24,240110,2,2,0,0,0,3,3,33,0,9,5,2014,6,23,53,1,11,1,I-95,,131,38.87381667,-76.84388056,0,12,6,0,1,1,0,1,2,1,0,1,0,0000000,99,99,99,99,99,99,0,0,0,1,0
24,240111,1,1,0,0,0,3,3,33,0,10,5,2014,7,4,31,1,12,2,US-50,,2,38.91907222,-76.9366,0,42,0,0,1,1,0,4,3,1,0,1,0,0000000,99,99,99,99,99,99,0,0,0,2,1
24,240112,1,1,0,1,1,1,1,33,0,10,5,2014,7,20,31,1,11,1,I-95,,147,38.88802778,-76.84557778,0,8,0,0,1,1,0,1,5,1,0,1,0,0000000,20,33,20,51,21,10,0,0,0,1,0
24,240113,1,1,0,0,0,1,1,33,0,11,5,2014,1,18,29,1,11,1,I-95 RAMP,,4,38.94530278,-76.85909167,0,25,0,1,5,1,0,4,1,1,0,1,0,0000000,99,99,99,99,99,99,0,0,0,1,1
24,240114,2,2,0,0,0,2,2,45,0,12,5,2014,2,16,32,1,2,2,US-13,CR-528,157,38.45318611,-75.55868056,0,12,6,0,2,2,0,1,1,1,0,1,0,0000000,99,99,99,99,99,99,0,0,0,1,0
24,240115,1,1,0,0,0,3,3,5,0,13,5,2014,3,15,49,1,11,1,I-83,,48,39.42229722,-76.63916667,0,42,0,0,5,1,0,4,1,1,0,1,0,0000000,99,99,99,99,88,88,0,0,0,3,1
24,240116,2,2,0,0,0,2,2,33,0,5,5,2014,2,2,36,1,12,3,SR-210,,89,38.757625,-76.99341667,0,12,2,0,1,1,0,1,2,1,0,1,0,0000000,2,39,2,45,3,3,0,0,0,1,1
24,240117,3,3,0,0,0,3,3,17,0,16,5,2014,6,20,28,0,4,3,SR-381,CR-1541,7,38.54888611,-76.74395278,0,12,6,0,2,3,0,1,2,1,0,1,0,0000000,20,23,20,30,99,99,14,0,0,1,0
24,240118,1,1,0,0,0,1,1,31,0,17,5,2014,7,13,53,1,11,1,I-495,,82,39.01439722,-77.05969722,0,25,0,0,1,1,0,4,1,1,0,1,0,0000000,99,99,99,99,99,99,0,0,0,1,0
24,240119,2,1,1,2,2,1,1,17,0,16,5,2014,6,21,29,0,5,3,SR-231,,15,38.53075833,-76.81261944,0,8,0,0,1,1,0,1,2,1,0,1,0,0000000,99,99,99,99,99,99,0,0,0,2,0
24,240120,2,2,0,0,0,3,3,15,0,19,5,2014,2,0,19,1,11,1,I-95,,50,39.61284722,-76.01017778,0,12,1,0,1,1,1,2,3,1,0,1,0,0000000,0,11,0,35,1,41,3,0,0,1,1
24,240121,2,2,0,0,0,2,2,33,0,8,5,2014,5,14,13,0,13,3,SR-214,STATON DR,73,38.90033611,-76.78185,0,12,6,0,2,3,0,1,1,1,0,1,0,0000000,14,13,14,20,99,99,0,0,0,1,0
24,240122,2,2,0,0,0,6,6,5,0,4,5,2014,1,13,56,1,11,1,I-95,,24,39.34865278,-76.49731944,0,12,1,0,20,1,0,1,1,1,0,1,0,0000000,13,41,14,19,14,54,0,0,0,1,0
24,240123,1,1,0,0,0,2,2,3,0,16,5,2014,6,3,29,1,12,2,US-50,,113,38.96171667,-76.64926111,0,24,0,0,1,1,0,3,2,2,0,2,0,0000000,99,99,99,99,88,88,0,0,0,1,1
24,240124,2,2,0,0,0,2,2,5,0,23,5,2014,6,19,54,1,11,1,I-83,,22,39.39295278,-76.66713889,0,12,7,0,1,1,0,1,5,1,0,1,0,0000000,99,99,99,99,99,99,0,0,0,1,0
24,240125,2,2,0,0,0,2,2,33,0,25,5,2014,1,23,0,0,13,3,SR-214,IS-95 RAMP,36,38.89294722,-76.84437222,0,12,6,0,2,2,0,1,3,1,0,1,0,0000000,99,99,99,99,99,99,0,0,0,1,1
24,240126,1,1,0,0,0,1,1,45,0,27,5,2014,3,16,15,0,6,4,CR-333,,4,38.40709722,-75.4194,0,42,0,0,1,1,0,4,1,1,0,1,0,0000000,16,16,16,20,16,50,0,0,0,1,1
24,240127,1,1,0,1,1,1,1,33,0,18,5,2014,1,12,53,0,13,3,SR-193,CR-2760,7,38.98549444,-76.98184444,0,8,0,0,2,2,0,1,8,98,0,98,0,0000000,99,99,99,99,99,99,0,0,0,1,0
24,240128,1,1,0,1,1,1,1,5,0,22,5,2014,5,21,36,0,13,2,US-40,,255,39.40746111,-76.39225833,0,8,0,0,1,1,0,1,2,1,0,1,0,0000000,21,31,21,42,88,88,0,0,0,1,0
24,240129,2,2,0,0,0,2,2,33,0,23,5,2014,6,19,1,1,13,3,SR-210,WILSON BRIDGE DRIVE,120,38.78723333,-76.99818611,0,12,6,0,2,3,0,1,1,1,0,1,0,0000000,99,99,99,99,99,99,0,0,0,1,0
24,240130,1,1,0,0,0,1,1,33,450,24,5,2014,7,1,41,0,14,4,CR-4136,,2,38.84736111,-76.86467222,0,43,0,0,1,1,0,5,3,1,0,1,0,0000000,99,99,99,99,99,99,0,0,0,1,0
24,240131,2,2,0,0,0,3,3,33,240,24,5,2014,7,18,1,0,13,3,SR-214,CR-2802,13,38.88768056,-76.88970556,0,12,6,0,2,2,0,1,1,1,0,1,0,0000000,99,99,99,99,99,99,0,0,0,1,0
24,240132,1,1,0,0,0,2,2,5,0,23,5,2014,6,23,11,0,4,4,CR-315,,5,39.48477222,-76.52805278,0,16,0,0,1,1,0,1,2,1,0,1,0,0000000,23,11,23,23,0,10,0,0,0,1,0
24,240133,1,1,0,0,0,1,1,13,0,25,5,2014,1,18,5,0,6,4,CR-634,,0,39.44818889,-76.95088611,0,1,0,0,1,1,0,1,1,1,0,1,0,0000000,18,2,18,12,99,99,0,0,0,1,0
24,240134,1,1,0,0,0,1,1,5,0,29,5,2014,5,16,11,1,12,3,SR-295,,14,39.24641111,-76.64699167,0,25,0,0,1,1,0,3,1,2,0,2,0,0000000,99,99,99,99,99,99,0,0,0,1,0
24,240135,2,2,0,0,0,2,2,9,0,11,5,2014,1,15,16,1,2,3,SR-2,,162,38.50883333,-76.56245833,0,12,2,0,1,1,0,1,1,1,0,1,0,0000000,99,99,99,99,99,99,20,0,0,1,0
24,240136,1,1,0,1,1,1,1,11,0,1,6,2014,1,13,9,0,3,3,SR-328,,4,38.8655,-75.867,0,9,0,0,1,1,0,2,1,1,0,1,0,0000000,13,12,13,20,99,99,0,0,0,1,0
24,240137,2,2,0,0,0,2,2,25,0,2,6,2014,2,13,32,0,14,4,CR-508,,12,39.414575,-76.35764722,0,12,2,0,1,1,0,1,1,1,0,1,0,0000000,99,99,99,99,99,99,0,0,0,1,1
24,240138,1,1,0,0,0,1,1,17,0,4,6,2014,4,23,15,0,14,4,CR-623,C6-345,17,38.60101667,-76.90716667,0,42,0,0,3,3,0,6,2,2,0,2,0,0000000,23,17,23,21,0,0,0,0,0,1,1
24,240139,1,1,0,0,0,1,1,510,50,21,3,2014,6,7,9,1,11,1,I-83,,0,39.32343611,-76.63242222,0,25,0,0,1,1,0,4,1,1,0,1,0,0000000,7,6,7,19,88,88,0,0,0,1,0
24,240140,1,1,0,0,0,2,2,510,50,10,3,2014,2,22,20,0,14,6,GARRISON BLVD,,7,39.32066389,-76.67750278,0,33,0,0,1,1,0,4,3,1,0,1,0,0000000,99,99,99,99,99,99,0,0,0,1,0
24,240141,2,2,0,1,1,2,2,5,1296,1,5,2014,5,22,51,0,13,3,SR-26,,48,39.37129444,-76.80388889,0,8,0,0,1,1,0,1,3,1,0,1,0,0000000,99,99,99,99,88,88,0,0,0,1,0
24,240142,1,1,0,1,1,2,2,33,0,3,5,2014,7,20,58,0,13,3,SR-202,,139,38.93783889,-76.92305,0,8,0,0,1,1,0,1,3,1,0,1,0,0000000,99,99,99,99,99,99,0,0,0,1,0
24,240143,1,1,0,0,0,2,2,37,0,5,6,2014,5,18,53,0,4,3,SR-242,,69,38.30263333,-76.74875,0,34,0,0,1,1,0,4,1,1,0,1,0,0000000,18,52,19,0,99,99,0,0,0,1,1
24,240144,1,1,0,0,0,1,1,43,0,5,6,2014,5,13,2,0,13,2,US-40,,401,39.59341111,-77.67846111,0,35,0,0,1,1,0,4,1,1,0,1,0,0000000,99,99,99,99,88,88,20,0,0,1,1
24,240145,1,1,0,0,0,1,1,33,0,7,6,2014,7,20,3,1,11,1,I-95,,30,38.91381944,-76.85047222,0,20,0,0,1,1,0,4,1,1,0,1,0,0000000,99,99,99,99,99,99,0,0,0,1,0
24,240146,1,1,0,0,0,1,1,47,0,8,6,2014,1,4,1,1,2,2,US-50,,96,38.34335556,-75.16138889,0,32,0,0,1,1,0,3,3,1,0,1,0,0000000,4,1,4,9,4,25,0,0,0,1,1
24,240147,1,1,0,0,0,4,4,25,0,8,6,2014,1,19,24,0,6,3,SR-99,,4,39.6927,-76.41465556,0,30,0,0,1,1,0,4,1,1,0,1,0,0000000,99,99,99,99,88,88,0,0,0,1,1
24,240148,2,2,0,0,0,4,4,43,0,9,6,2014,2,9,58,0,3,3,SR-67,GARRETTS MILL RD,13,39.35075833,-77.68020278,0,12,1,0,2,2,0,1,1,1,0,1,0,0000000,9,55,10,1,11,9,0,0,0,1,0
24,240149,2,2,0,0,0,2,2,5,0,9,6,2014,2,14,46,0,14,4,CR-3239,CR-3200,14,39.23758333,-76.66341389,0,12,6,0,2,2,0,1,1,1,0,1,0,0000000,99,99,99,99,99,99,0,0,0,1,0
24,240150,2,2,0,0,0,7,7,43,0,12,6,2014,5,14,40,0,13,3,SR-60,,12,39.67393056,-77.69136389,0,12,2,0,1,1,0,1,1,1,0,1,0,0000000,14,41,14,50,15,28,0,0,0,1,0
24,240151,1,1,0,0,0,3,3,15,0,14,6,2014,7,0,0,0,4,3,SR-7C,,97,39.60620833,-75.85396111,0,1,0,0,1,1,0,1,6,1,0,1,0,0000000,1,15,1,22,88,88,0,0,0,1,1
24,240152,1,1,0,0,0,6,6,27,0,23,6,2014,2,4,18,1,11,1,I-70,,10,39.351425,-77.11431944,0,24,0,0,1,1,0,3,2,1,0,1,0,0000000,4,15,4,25,5,28,0,0,0,1,0
24,240153,2,2,0,0,0,3,3,27,0,12,6,2014,5,21,39,0,4,4,CR-70,I-70 ACCESS RD,12,39.30483056,-76.89888611,0,12,6,0,2,3,0,1,2,1,0,1,0,0000000,21,39,21,47,22,39,0,0,0,1,0
24,240154,1,1,0,0,0,1,1,1,0,28,6,2014,7,3,56,1,11,1,I-68,,146,39.67313333,-78.73002778,0,25,0,0,1,1,0,3,2,1,0,1,0,0000000,3,46,3,58,88,88,0,0,0,1,0
24,240155,2,2,0,0,0,4,4,33,0,8,7,2014,3,10,23,0,13,3,SR-214,CR-366,8,38.88743333,-76.89199722,0,12,2,0,2,2,0,1,1,1,0,1,0,0000000,10,23,10,30,10,54,0,0,0,1,1
24,240156,1,1,0,0,0,3,3,33,0,17,7,2014,5,22,44,0,6,4,CR-3853,,5,38.665825,-76.88328889,0,33,0,0,1,1,0,4,3,1,0,1,0,0000000,99,99,99,99,99,99,0,0,0,1,0
24,240157,2,2,0,0,0,2,2,13,0,20,6,2014,6,7,6,0,3,3,SR-97,SR-32,124,39.52240278,-76.98934167,0,12,6,0,2,3,0,1,1,1,0,1,0,0000000,99,99,99,99,99,99,0,0,0,1,0
24,240158,1,1,0,1,1,1,1,13,0,21,6,2014,7,21,32,1,13,3,SR-140,,80,39.56531667,-76.97526111,0,8,0,0,1,1,0,1,2,10,0,10,0,0000000,21,30,21,37,21,56,0,0,0,1,0
24,240159,2,2,0,0,0,3,3,11,0,25,6,2014,4,16,30,0,3,3,SR-577,,37,38.67053056,-75.74814167,0,12,1,0,1,1,1,1,1,1,0,1,0,0000000,16,32,16,34,99,99,0,0,0,1,0
24,240160,3,3,0,0,0,3,3,11,0,26,6,2014,5,9,52,0,3,3,SR-331,,2,38.74723333,-75.95140556,0,12,1,0,1,1,1,1,1,1,0,1,0,0000000,99,99,99,99,99,99,0,0,0,1,1
24,240161,1,1,0,1,1,1,1,33,830,10,5,2014,7,3,44,0,15,4,CR-1599,,12,38.95624444,-76.96633333,0,8,0,0,1,1,0,1,3,1,0,1,0,0000000,99,99,99,99,99,99,0,0,0,1,0
24,240162,1,1,0,1,1,1,1,5,0,14,5,2014,4,21,26,0,13,3,SR-150,,12,39.295925,-76.508425,0,8,0,0,1,1,0,1,3,1,0,1,0,0000000,99,99,99,99,99,99,0,0,0,1,0
24,240163,2,2,0,0,0,2,2,3,0,23,5,2014,6,7,0,0,14,3,SR-175,CO-938,81,39.13828333,-76.75226111,0,12,6,0,2,2,0,1,1,1,0,1,0,0000000,99,99,99,99,99,99,99,99,99,1,0
24,240164,2,2,0,0,0,3,3,5,0,6,6,2014,6,15,23,0,4,4,CR-722,,53,39.44822778,-76.721825,0,12,2,0,1,1,0,1,1,1,0,1,0,0000000,15,22,15,38,16,12,0,0,0,1,0
24,240165,1,1,0,0,0,1,1,45,0,8,6,2014,1,20,8,0,5,4,CR-406,,14,38.399975,-75.53687778,0,34,0,0,1,1,0,4,5,1,0,1,0,0000000,99,99,99,99,99,99,0,0,0,1,0
24,240166,1,1,0,0,0,3,3,3,0,18,6,2014,4,21,27,1,12,3,SR-100,,69,39.20266389,-76.60035833,0,42,0,0,1,1,1,3,3,10,0,10,0,0000000,21,26,21,38,22,3,0,0,0,1,0
24,240167,2,2,0,0,0,2,2,27,0,17,6,2014,3,11,13,0,13,2,US-40,ROGERS AVE,190,39.28273056,-76.81044167,0,12,2,0,2,2,0,1,1,1,0,1,0,0000000,11,13,11,20,11,38,0,0,0,1,0
24,240168,1,1,0,1,1,1,1,5,0,7,6,2014,7,23,47,0,14,4,CR-4967,,6,39.30727778,-76.44363611,0,8,0,0,1,1,0,1,3,1,0,1,0,0000000,23,42,23,51,0,14,0,0,0,1,0
24,240169,1,1,0,0,0,1,1,5,0,7,6,2014,7,22,58,0,15,3,SR-134,,4,39.38516944,-76.63340833,0,33,0,0,1,1,0,4,2,1,0,1,0,0000000,99,99,99,99,88,88,0,0,0,1,1
24,240170,1,1,0,0,0,2,2,43,0,23,6,2014,2,5,12,0,5,4,CR-1271,,0,39.66075278,-77.55972778,0,42,0,0,1,1,0,4,4,1,0,1,0,0000000,99,99,99,99,88,88,0,0,0,2,0
24,240171,1,1,0,0,0,1,1,3,0,28,6,2014,7,0,1,0,16,4,CR-2473,,1,39.0384,-76.45678611,0,43,0,0,1,1,0,3,7,1,0,1,0,0000000,99,99,99,99,88,88,0,0,0,1,1
24,240172,1,1,0,0,0,1,1,33,0,17,6,2014,3,14,18,0,4,3,SR-382,,99,38.73283611,-76.76275833,0,42,0,0,1,1,0,4,1,1,0,1,0,0000000,99,99,99,99,99,99,0,0,0,1,0
24,240173,1,1,0,0,0,3,3,33,0,15,6,2014,1,20,29,0,13,3,SR-214,,24,38.88914722,-76.87208611,0,43,0,0,1,1,0,3,5,1,0,1,0,0000000,20,31,20,49,21,10,0,0,0,1,0
24,240174,1,1,0,0,0,1,1,47,0,8,7,2014,3,5,24,1,12,3,SR-90,,77,38.38879722,-75.13467222,0,42,0,0,1,1,0,4,4,1,0,1,0,0000000,99,99,99,99,99,99,0,0,0,1,1
24,240175,1,1,0,0,0,1,1,33,0,1,7,2014,3,22,49,0,13,3,SR-193,,94,38.99101667,-76.83807222,0,33,0,0,1,1,0,3,2,1,0,1,0,0000000,99,99,99,99,99,99,0,0,0,1,1
24,240176,2,2,0,0,0,4,4,31,0,4,7,2014,6,18,21,0,13,3,SR-198,CR-2190,45,39.10641944,-76.91475556,0,12,6,0,2,3,0,1,1,1,0,1,0,0000000,99,99,99,99,99,99,0,0,0,1,0
24,240177,1,1,0,0,0,1,1,31,0,4,7,2014,6,17,5,0,13,3,SR-193,,37,39.02573333,-77.02022222,0,33,0,0,1,1,0,4,1,1,0,1,0,0000000,99,99,99,99,99,99,0,0,0,1,1
24,240178,2,2,0,0,0,2,2,5,0,8,7,2014,3,15,10,1,13,2,US-1,,190,39.392875,-76.48698611,0,12,2,0,1,1,0,1,1,1,0,1,0,0000000,15,12,15,17,16,4,0,0,0,1,0
24,240179,2,2,0,0,0,2,2,45,0,6,7,2014,1,23,45,1,2,2,US-13,FOSKEY LA,151,38.44536667,-75.56064167,0,12,6,0,2,2,0,1,8,1,0,1,0,0000000,99,99,99,99,99,99,0,0,0,1,1
24,240180,2,2,0,0,0,3,3,27,0,9,7,2014,4,9,7,1,11,1,I-70,,106,39.31546667,-76.97374167,0,12,1,0,1,1,0,1,1,1,0,1,0,0000000,8,59,9,7,88,88,0,0,0,1,0
24,240181,1,1,0,0,0,1,1,19,0,13,7,2014,1,2,8,0,3,3,SR-343,,69,38.57237778,-76.13510278,0,34,0,0,1,1,0,4,2,1,0,1,0,0000000,99,99,99,99,88,88,0,0,0,1,1
24,240182,1,1,0,1,1,2,2,33,370,6,7,2014,1,2,57,0,13,2,US-1,,36,38.97967778,-76.93783611,0,8,0,0,1,1,0,1,3,1,0,1,0,0000000,2,57,3,2,88,88,0,0,0,1,1
24,240183,1,1,0,0,0,1,1,31,0,11,7,2014,6,20,40,0,16,8,BEACH DRIVE,,8,38.98649444,-77.05446944,1,42,0,0,1,1,0,4,2,1,0,1,0,0000000,99,99,99,99,99,99,0,0,0,1,1
24,240184,1,1,0,0,0,1,1,33,0,12,7,2014,7,20,52,0,16,4,CR-4864,,5,38.82573056,-76.76365833,0,33,0,0,1,1,0,4,3,1,0,1,0,0000000,99,99,99,99,99,99,0,0,0,1,1
24,240185,1,1,0,1,1,2,2,33,0,14,7,2014,2,16,50,0,15,4,CR-21,,21,39.05636667,-76.86591389,0,8,0,0,1,1,0,1,1,1,0,1,0,0000000,99,99,99,99,99,99,0,0,0,1,0
24,240186,1,1,0,1,1,1,1,33,0,4,7,2014,6,21,11,1,12,3,SR-4,,97,38.84138056,-76.8757,0,8,0,0,1,1,0,1,2,1,0,1,0,0000000,99,99,99,99,88,88,0,0,0,1,0
24,240187,2,2,0,0,0,2,2,17,0,23,7,2014,4,15,32,1,2,3,SR-5,HERBERT RD,5,38.51726389,-76.77497222,0,33,0,0,3,3,0,4,1,1,0,1,0,0000000,99,99,99,99,99,99,0,0,0,1,1
24,240188,1,1,0,0,0,1,1,19,0,27,7,2014,1,1,50,0,6,4,CR-1,,37,38.24723611,-75.79425278,0,34,0,0,1,1,0,4,2,1,0,1,0,0000000,99,99,99,99,99,99,0,0,0,1,1
24,240189,2,2,0,0,0,2,2,11,0,28,7,2014,2,13,58,0,4,3,SR-302,,2,39.13393333,-75.78245833,0,12,2,0,1,1,0,1,1,1,0,1,0,0000000,99,99,99,99,99,99,0,0,0,1,1
24,240190,4,4,0,0,0,4,4,31,0,9,7,2014,4,13,18,1,12,2,US-29,CR-98,76,39.07333333,-76.95581389,0,12,7,0,3,2,0,1,1,1,0,1,0,0000000,99,99,99,99,99,99,0,0,0,1,0
24,240191,1,1,0,1,1,1,1,43,0,31,7,2014,5,0,24,0,3,2,US-40,,338,39.65346667,-77.75684167,0,8,0,0,1,1,0,1,2,2,0,2,0,0000000,99,99,99,99,99,99,0,0,0,1,0
24,240192,3,3,0,0,0,3,3,3,0,30,7,2014,4,19,15,0,4,3,SR-450,GIBRALTER AVE,102,38.98196667,-76.53064167,0,1,0,0,3,3,0,1,1,1,0,1,0,0000000,99,99,99,99,99,99,0,0,0,1,1
24,240193,2,2,0,0,0,3,3,3,0,26,7,2014,7,14,16,0,3,3,SR-424,CR-2715,19,38.945875,-76.64290278,0,12,6,0,2,2,0,1,1,1,0,1,0,0000000,99,99,99,99,99,99,0,0,0,1,0
24,240194,5,5,0,0,0,10,10,33,0,18,7,2014,6,17,47,1,12,3,SR-5,SR-373,30,38.70094722,-76.87561389,0,12,6,0,2,2,0,1,1,1,0,1,0,0000000,99,99,99,99,99,99,0,0,0,1,0
24,240195,1,1,0,0,0,1,1,15,0,2,8,2014,7,20,20,0,4,3,SR-285,,21,39.54016667,-75.78184167,0,34,0,0,1,1,0,4,5,1,0,1,0,0000000,99,99,99,99,99,99,0,0,0,1,1
24,240196,3,3,0,0,0,3,3,25,0,3,8,2014,1,6,9,0,3,3,SR-146,,8,39.57266667,-76.51944167,0,12,8,0,1,1,0,1,4,1,0,1,0,0000000,99,99,99,99,99,99,0,0,0,1,0
24,240197,1,1,0,1,1,1,1,31,0,3,8,2014,1,23,38,0,3,3,SR-28,MAPLE AVE,233,39.08218056,-77.13701389,0,8,0,0,2,2,0,1,3,2,0,2,0,0000000,99,99,99,99,99,99,0,0,0,1,0