STATE,ST_CASE,VE_TOTAL,VE_FORMS,PVH_INVL,PEDS,PERNOTMVIT,PERMVIT,PERSONS,COUNTY,CITY,DAY,MONTH,YEAR,DAY_WEEK,HOUR,MINUTE,NHS,ROAD_FNC,ROUTE,TWAY_ID,TWAY_ID2,MILEPT,LATITUDE,LONGITUD,SP_JUR,HARM_EV,MAN_COLL,RELJCT1,RELJCT2,TYP_INT,WRK_ZONE,REL_ROAD,LGT_COND,WEATHER1,WEATHER2,WEATHER,SCH_BUS,RAIL,NOT_HOUR,NOT_MIN,ARR_HOUR,ARR_MIN,HOSP_HR,HOSP_MN,CF1,CF2,CF3,FATALS,DRUNK_DR
25,250011,1,1,0,0,0,1,1,23,770,7,4,2014,2,18,0,1,11,1,I-495 N,,99998,41.84206944,-70.83161667,0,33,0,0,1,1,0,4,1,1,0,1,0,0000000,18,17,18,22,99,99,0,0,0,1,0
25,250012,2,1,1,0,1,1,2,5,385,14,4,2014,2,15,15,1,2,3,SR-24,,99998,41.76995,-71.09178056,0,14,0,0,1,1,0,4,1,1,0,1,0,0000000,15,21,15,29,88,88,0,0,0,1,0
25,250013,2,2,0,0,0,2,2,25,120,21,4,2014,2,5,33,1,11,1,I-93 N,,186,42.34720556,-71.06021389,0,12,1,0,1,1,0,1,4,1,0,1,0,0000000,5,40,5,50,99,99,0,0,0,1,0
25,250014,1,1,0,0,0,1,1,13,1270,25,4,2014,6,99,99,1,11,1,I-91N,,99998,42.10185278,-72.59332778,0,35,0,0,1,1,0,4,3,1,0,1,0,0000000,99,99,99,99,88,88,0,0,0,1,0
25,250015,2,2,0,0,0,2,2,9,570,26,4,2014,7,1,55,1,11,1,I-495N,,99998,42.70498333,-71.139825,0,35,0,0,1,1,0,3,3,1,0,1,0,0000000,99,99,99,99,88,88,0,0,0,1,1
25,250016,2,2,0,0,0,4,4,23,181,30,4,2014,4,14,35,0,4,8,CENTER STREET,,99998,41.90092778,-70.76845833,0,12,2,0,1,1,0,1,1,10,2,2,0,0000000,14,39,14,43,15,10,0,0,0,1,0
25,250017,2,2,0,0,0,3,3,27,150,4,5,2014,1,0,4,0,4,3,SR-148,,99998,42.23146389,-72.09944167,0,12,2,0,1,1,0,1,3,10,0,10,0,0000000,0,4,0,14,0,45,0,0,0,1,1
25,250018,2,2,0,0,0,3,3,17,375,16,4,2014,4,5,13,1,11,1,I-90,,1117,42.31398333,-71.42022222,0,12,6,0,1,1,0,1,2,4,3,4,0,0000000,5,24,5,48,99,99,0,0,0,2,0
25,250019,1,1,0,1,1,1,1,5,670,11,5,2014,1,21,32,0,14,8,PRATT ST,HOPE ST,0,42.03490833,-71.21138333,8,8,0,1,2,2,0,1,3,1,0,1,0,0000000,21,31,21,34,21,56,0,0,0,1,1
25,250020,1,1,0,0,0,1,1,1,1388,12,5,2014,2,11,28,0,14,8,SERVICE ROAD,,0,41.69781944,-70.38814722,0,42,0,0,1,1,0,4,1,1,0,1,0,0000000,11,29,11,39,11,59,0,0,0,1,0
25,250021,1,1,0,0,0,2,2,27,79,23,5,2014,6,21,15,0,3,8,WOODS RD,,99998,42.37298611,-72.09245556,0,24,0,0,1,1,0,4,2,10,0,10,0,0000000,99,99,99,99,99,99,0,0,0,1,1
25,250022,1,1,0,0,0,5,5,21,925,25,5,2014,1,2,15,1,11,1,I-95 N,,232,42.16943889,-71.17318611,0,1,0,0,1,1,0,3,2,1,0,1,0,0000000,2,24,2,26,2,53,0,0,0,1,0
25,250023,2,1,1,0,0,2,2,13,1270,25,5,2014,1,1,4,1,11,1,I-291,,99998,42.1463,-72.48370556,0,14,0,0,1,1,0,4,3,1,0,1,0,0000000,1,4,1,10,99,99,0,0,0,1,1
25,250024,1,1,0,0,0,1,1,21,488,23,5,2014,6,1,47,0,13,8,SOUTH ST,,99998,42.15053056,-71.02996389,0,33,0,0,1,1,0,4,3,2,10,2,0,0000000,1,50,1,56,2,32,0,0,0,1,1
25,250025,1,1,0,1,1,1,1,27,910,9,4,2014,4,15,3,0,5,8,CHESTNUT ST,,99998,42.27036111,-72.08964167,0,8,0,0,1,1,0,4,1,1,0,1,0,0000000,15,3,15,7,99,99,17,0,0,1,0
25,250026,1,1,0,0,0,1,1,21,825,31,5,2014,7,1,49,0,16,8,RANDOLPH AVE,CHICKATAWBUT RD,99998,42.22448611,-71.07107778,8,33,0,0,3,2,0,4,3,1,0,1,0,0000000,1,54,2,0,2,24,0,0,0,1,1
25,250027,2,2,0,0,0,3,3,5,1133,2,6,2014,2,21,55,1,11,1,I-195E,,99998,41.80258333,-71.331425,0,12,1,0,1,1,0,1,2,98,0,98,0,0000000,22,1,22,7,22,33,13,0,0,1,0
25,250028,1,1,0,0,0,1,1,27,1172,4,6,2014,4,22,15,1,11,1,I-290W,,99998,42.30471389,-71.73636111,0,33,0,1,5,1,0,3,8,98,0,98,0,0000000,22,16,22,18,88,88,0,0,0,1,0
25,250029,2,2,0,0,0,2,2,13,500,27,5,2014,3,20,8,0,13,8,MAIN ST,BERKSHIRE ST,99998,42.19306111,-72.616725,0,12,6,0,2,2,0,1,5,1,0,1,0,0000000,20,10,20,13,20,38,20,0,0,1,0
25,250030,1,1,0,0,0,2,2,17,195,8,6,2014,1,0,50,1,11,1,I-495 S,,99998,42.60991667,-71.31372778,0,24,0,1,5,1,0,4,3,1,0,1,0,0000000,0,45,0,48,88,88,0,0,0,2,1
25,250031,2,2,0,0,0,2,2,23,140,13,6,2014,6,3,6,0,16,8,PERKINS AVE,S LEYDEN ST,99998,42.06374722,-71.00794444,0,12,6,0,2,2,0,1,3,2,0,2,0,0000000,3,8,3,14,3,33,0,0,0,1,1
25,250032,6,6,0,0,0,10,10,21,1035,11,5,2014,1,21,17,1,11,1,I-495 S,,99998,42.04955278,-71.36587222,0,12,2,0,1,1,0,1,2,1,0,1,0,0000000,21,33,21,40,99,99,0,0,0,1,1
25,250034,1,1,0,1,1,1,1,27,1520,12,4,2014,7,2,48,0,16,8,MAIN STREET,MARBLE STREET,99998,42.24554444,-71.83269167,0,8,0,0,2,3,0,1,3,10,0,10,0,0000000,2,48,2,52,3,17,0,0,0,1,0
25,250035,2,2,0,0,0,4,4,17,630,11,6,2014,4,13,18,0,14,8,PAWTUCKET BLVD,,99998,42.64046667,-71.36140278,0,12,1,0,1,1,4,1,1,1,0,1,0,0000000,99,99,99,99,99,99,3,0,0,1,1
25,250036,1,1,0,0,0,1,1,21,925,5,1,2014,1,0,6,0,16,8,WALPOLE STREET,,99998,42.18180278,-71.21886944,0,30,0,0,1,1,0,4,3,1,0,1,0,0000000,99,99,99,99,99,99,0,0,0,1,1
25,250037,1,1,0,0,0,1,1,27,780,9,1,2014,5,8,54,0,14,3,SR-140,,99998,42.15085,-71.55677222,0,43,0,0,1,1,0,4,1,1,0,1,0,0000000,8,56,9,2,99,99,0,0,0,1,0
25,250038,1,1,0,0,0,2,2,27,780,2,2,2014,1,13,28,0,14,8,CAMP STREET,,99998,42.17769167,-71.53779167,0,30,0,0,1,1,0,4,1,10,0,10,0,0000000,13,30,13,38,99,99,0,0,0,1,0
25,250039,1,1,0,0,0,1,1,5,254,3,2,2014,2,11,52,0,3,8,HORTON STREET,UNKNOWN,99998,41.84656944,-71.16728889,0,42,0,0,3,4,0,4,1,10,4,4,0,0000000,99,99,99,99,88,88,0,0,0,1,0
25,250040,1,1,0,0,0,1,1,13,1270,12,2,2014,4,0,47,0,14,8,BOSTON ROAD,LLOYD AVENUE,99998,42.13825,-72.513425,0,48,0,0,3,3,0,4,3,1,0,1,0,0000000,0,50,1,1,88,88,0,0,0,1,1
25,250041,2,2,0,0,0,2,2,27,40,12,2,2014,4,22,22,1,13,3,SR-2 E,,720,42.57500278,-72.19015,0,24,0,0,1,1,0,4,2,1,0,1,0,0000000,99,99,99,99,99,99,0,0,0,1,0
25,250042,1,1,0,1,1,1,1,27,902,12,2,2014,4,8,22,0,14,8,CHURCH AVE,,99998,42.15289167,-71.64858611,0,8,0,0,1,1,0,1,1,1,0,1,0,0000000,8,24,8,32,8,51,0,0,0,1,0
25,250043,1,1,0,0,0,1,1,1,469,23,2,2014,1,0,36,0,4,2,US-6E,,99998,41.72337222,-70.03484722,0,42,0,0,1,1,0,4,2,1,0,1,0,0000000,0,37,0,48,88,88,13,0,0,1,0
25,250044,1,1,0,0,0,1,1,5,1268,26,2,2014,4,0,55,1,11,1,I-195E,,99998,41.75077778,-71.21899722,0,33,0,0,1,1,0,3,6,1,0,1,0,0000000,1,0,1,4,88,88,99,99,99,1,1
25,250045,1,1,0,1,1,1,1,9,1125,6,3,2014,5,20,40,1,13,2,US-1,,99998,42.49346667,-71.01676667,0,8,0,0,1,1,0,1,3,1,0,1,0,0000000,99,99,99,99,99,99,0,0,0,1,0
25,250046,1,1,0,0,0,1,1,25,120,6,3,2014,5,3,9,1,11,1,I-93 S,,99998,42.376225,-71.07416389,0,25,0,0,1,1,0,4,3,1,0,1,0,0000000,3,15,3,25,3,38,0,0,0,1,1
25,250047,1,1,0,0,0,1,1,3,880,7,3,2014,6,7,0,0,15,8,W MAIN STREET,,99998,42.69843333,-73.14575556,0,30,0,0,1,1,0,4,1,1,0,1,0,0000000,99,99,99,99,88,88,0,0,0,1,0
25,250048,2,2,0,0,0,2,2,23,770,11,3,2014,3,13,15,0,16,3,SR-44,,99998,41.90658889,-71.043075,0,12,2,0,1,1,0,1,1,1,0,1,0,0000000,13,23,13,27,88,88,99,99,99,2,0
25,250049,2,2,0,0,0,3,3,23,140,22,3,2014,7,1,14,0,14,8,LEGION PKWY,MAIN ST,99998,42.08439167,-71.02122222,0,12,6,0,2,2,0,1,6,1,0,1,0,0000000,1,14,1,25,1,49,0,0,0,1,1
25,250050,1,1,0,0,0,1,1,9,765,5,4,2014,7,14,45,1,13,3,SR-213 E,,99998,42.74398333,-71.16639722,0,42,0,0,1,1,0,4,1,1,10,10,0,0000000,14,49,14,51,15,10,0,0,0,1,1
25,250051,1,1,0,0,0,1,1,23,1005,6,4,2014,1,17,58,0,14,8,OLDHAM ST,MARIAH`S PATH,99998,42.07414722,-70.82873056,0,33,0,1,3,3,0,4,1,1,0,1,0,0000000,17,54,17,57,18,2,0,0,0,1,0
25,250052,2,2,0,0,0,2,2,5,670,26,4,2014,7,0,58,1,12,3,SR-140,NORFOLK ST,99998,42.01656667,-71.23402778,0,12,6,0,2,7,0,1,3,1,0,1,0,0000000,99,99,99,99,99,99,0,0,0,1,1
25,250053,1,1,0,0,0,1,1,5,299,12,5,2014,2,20,51,0,15,8,BAY ROAD,,99998,42.04479722,-71.12686389,0,42,0,0,8,1,0,4,3,1,0,1,0,0000000,20,51,20,59,88,88,0,0,0,1,1
25,250054,3,3,0,0,0,7,7,21,1465,20,5,2014,3,15,45,1,12,3,SR-3 N,,390,42.19496111,-70.95641389,0,12,1,0,1,1,0,1,1,1,0,1,0,0000000,99,99,99,99,99,99,0,0,0,1,0
25,250055,2,1,1,0,1,1,2,1,1120,22,5,2014,5,1,16,0,12,2,US-6 EAST,,608,41.73076944,-70.45635833,0,18,0,0,1,1,1,4,2,1,0,1,0,0000000,1,16,1,24,1,49,3,0,0,1,0
25,250056,1,1,0,0,0,1,1,15,437,23,5,2014,6,19,10,0,14,8,CHICOPEE ST,,99998,42.25022778,-72.47176667,0,30,0,0,1,1,0,4,1,10,0,10,0,0000000,19,10,19,14,19,47,0,0,0,1,1
25,250057,1,1,0,1,1,1,1,13,1270,12,3,2014,4,12,47,1,13,2,US-20 1130 BOSTON ROAD,,99998,42.13976667,-72.50719722,0,8,0,0,4,1,0,1,1,98,0,98,0,0000000,12,49,12,58,13,22,0,0,0,1,0
25,250058,1,1,0,0,0,1,1,13,1270,18,5,2014,1,19,51,0,16,8,PINE ST,,99998,42.10353333,-72.57342222,0,42,0,0,1,1,0,4,1,1,0,1,0,0000000,19,50,19,57,20,26,0,0,0,1,1
25,250059,1,1,0,1,1,1,1,23,1360,24,5,2014,7,1,6,0,2,8,ONSET AVE,,99998,41.75666111,-70.67737222,0,8,0,0,1,1,0,4,3,1,0,1,0,0000000,99,99,99,99,99,99,0,0,0,1,0
25,250060,1,1,0,1,1,1,1,17,630,4,6,2014,4,22,49,0,13,8,WESTFORD ST,WINDSOR ST,99998,42.63396111,-71.33738056,0,8,0,0,2,3,0,1,3,1,0,1,0,0000000,22,50,22,55,88,88,0,0,0,1,0
25,250061,1,1,0,0,0,2,2,15,1230,14,6,2014,7,16,40,0,13,8,AMHERST ROAD,,99998,42.28426111,-72.55003611,0,34,0,0,1,1,0,4,1,1,0,1,0,0000000,16,42,16,46,99,99,0,0,0,1,0
25,250062,2,2,0,0,0,3,3,9,1125,9,6,2014,2,22,37,1,13,8,WALNUT STREET,,99998,42.48787222,-71.01583333,0,12,2,0,1,1,0,1,3,1,0,1,0,0000000,99,99,99,99,99,99,0,0,0,1,0
25,250063,1,1,0,0,0,2,2,5,850,28,3,2014,6,23,30,0,13,8,WARREN ST,W RODNEY FRENCH BLVD,99998,41.61410278,-70.91812222,0,42,0,0,3,3,0,4,3,1,0,1,0,0000000,99,99,99,99,99,99,20,0,0,2,0
25,250064,1,1,0,1,1,1,1,5,850,30,4,2014,4,7,17,0,13,8,NASH ROAD,ACUSHNET AVE,99998,41.66694444,-70.92929444,0,8,0,0,2,2,0,1,1,10,0,10,0,0000000,7,20,7,23,7,50,0,0,0,1,0
25,250065,1,1,0,0,0,1,1,21,180,26,5,2014,2,15,27,1,11,1,I-93 S,,99998,42.20371111,-71.11303056,0,1,0,0,1,1,0,1,1,1,0,1,0,0000000,15,31,15,40,16,3,0,0,0,1,0
25,250066,2,2,0,0,0,4,4,21,1063,28,5,2014,4,17,54,1,12,3,SR-24 N,,99998,42.17381111,-71.07435556,0,12,1,0,1,1,0,1,1,1,0,1,0,0000000,17,53,18,0,18,24,0,0,0,1,0
25,250067,3,3,0,0,0,7,7,21,925,30,5,2014,6,16,22,1,11,1,I-95 S,,99998,42.19116111,-71.15390556,0,24,0,0,1,1,0,4,1,1,0,1,0,0000000,16,24,16,29,99,99,0,0,0,1,0
25,250068,3,1,2,0,0,1,1,5,850,30,5,2014,6,23,0,0,16,8,OSBORNE STREET,,99998,41.61330278,-70.93618333,0,33,0,0,1,1,0,4,3,2,10,2,0,0000000,23,1,23,12,23,44,14,0,0,1,0
25,250069,1,1,0,0,0,1,1,27,780,2,6,2014,2,15,59,1,11,1,I-495 S,,99998,42.1747,-71.52112778,0,1,0,0,1,1,0,1,1,1,0,1,0,0000000,15,55,16,4,99,99,0,0,0,1,1
25,250070,2,1,1,0,0,1,1,13,1477,20,6,2014,6,8,35,0,14,8,NOKOMIS ROAD,,99998,42.14943889,-72.43063889,0,14,0,0,1,1,0,5,1,1,0,1,0,0000000,8,35,8,38,9,6,0,0,0,1,0
25,250071,1,1,0,0,0,1,1,13,206,25,6,2014,4,21,0,0,4,8,MIDDLEFIELD ROAD,,99998,42.285925,-72.98322222,0,30,0,0,1,1,0,4,3,10,0,10,0,0000000,99,99,99,99,88,88,0,0,0,1,0
25,250072,1,1,0,0,0,1,1,23,770,26,6,2014,5,10,19,1,11,1,I-495 S,,102,41.842375,-70.834525,0,21,0,0,1,1,0,3,1,1,0,1,0,0000000,99,99,99,99,88,88,0,0,0,1,0
25,250073,2,2,0,0,0,4,4,21,488,29,6,2014,1,13,23,1,13,3,SR-37 S FRANKLIN ST,,99998,42.14317222,-71.00903333,0,12,2,0,1,1,0,1,1,1,0,1,0,0000000,13,24,13,24,99,99,0,0,0,1,0
25,250074,1,1,0,0,0,1,1,1,330,25,3,2014,3,17,57,0,14,8,HAYWAY ROAD,,99998,41.60799722,-70.55203611,0,42,0,0,1,1,0,4,1,10,0,10,0,0000000,17,56,18,1,18,40,0,0,0,1,0
25,250075,2,2,0,0,0,4,4,27,1380,29,6,2014,1,13,53,0,14,8,DOUGLAS ROAD,,99998,42.05294722,-71.83812222,0,12,1,0,1,1,0,1,1,1,0,1,0,0000000,13,55,13,59,14,10,0,0,0,1,0
25,250076,1,1,0,0,0,1,1,13,500,30,6,2014,2,19,38,1,13,3,SR-141 EASTHAMPTON RD,,99998,42.23175833,-72.64912778,8,40,0,0,1,1,0,4,1,10,0,10,0,0000000,19,41,19,47,20,11,0,0,0,1,0
25,250077,1,1,0,0,0,1,1,27,1278,1,7,2014,3,11,45,1,11,1,I-84 E,,99998,42.0893,-72.08988889,0,24,0,0,1,1,0,4,1,1,0,1,0,0000000,11,46,11,51,12,15,0,0,0,1,0
25,250078,2,2,0,0,0,4,4,7,218,2,7,2014,4,12,30,0,4,8,SOUTH ROAD,,99998,41.34651667,-70.71665,0,12,2,0,1,1,0,1,1,1,0,1,0,0000000,12,28,12,34,12,57,0,0,0,1,0
25,250079,1,1,0,0,0,1,1,5,251,2,7,2014,4,7,27,1,13,2,US-6 STATE ROAD,,99998,41.64052778,-70.99925833,0,30,0,0,1,1,0,4,1,1,0,1,0,0000000,7,36,7,43,8,0,99,99,99,1,0
25,250080,1,1,0,0,0,1,1,13,292,5,7,2014,7,7,59,0,13,3,SR-186 PROSPECT ST,,99998,42.06165,-72.51284444,0,33,0,0,1,1,0,4,1,1,0,1,0,0000000,7,54,8,6,8,54,0,0,0,1,0
25,250081,1,1,0,1,1,1,1,25,120,8,7,2014,3,1,19,1,11,1,I-93 S,,154,42.36734722,-71.06317778,0,8,0,0,1,1,0,1,3,1,0,1,0,0000000,1,14,1,16,99,99,0,0,0,1,0
25,250082,1,1,0,0,0,1,1,5,850,9,7,2014,4,21,59,0,13,3,SR-140 N ALFRED M BESSETTE MEM,,56,41.657425,-70.95345278,0,42,0,1,19,1,0,4,2,1,0,1,0,0000000,99,99,99,99,88,88,0,0,0,1,0
25,250083,1,1,0,0,0,1,1,25,200,9,7,2014,4,99,99,1,13,3,SR-16E,REVERE BEACH PKWY,99998,42.40367222,-71.01418889,0,33,0,1,5,1,0,4,1,1,0,1,0,0000000,99,99,99,99,99,99,0,0,0,1,0
25,250084,1,1,0,0,0,1,1,17,680,14,7,2014,2,15,18,1,11,1,I-495 N,,642,42.33131944,-71.57506111,0,1,0,0,1,1,0,3,1,1,0,1,0,0000000,15,20,15,26,99,99,0,0,0,1,0
25,250085,1,1,0,1,1,1,1,25,120,16,7,2014,4,21,0,1,11,1,I-90 RAMP,,99998,42.35869722,-71.12355833,0,8,0,1,20,1,0,1,3,10,0,10,0,0000000,21,5,21,9,21,36,0,0,0,1,0
25,250086,3,3,0,0,0,3,3,21,256,16,7,2014,4,21,50,1,11,1,I-95N,,99998,42.22925556,-71.18256111,0,12,1,0,1,1,4,1,2,1,0,1,0,0000000,99,99,99,99,99,99,3,0,0,1,0
25,250087,1,1,0,0,0,2,2,23,475,19,7,2014,7,1,12,1,13,3,SR-3 N,SOUTHEAST EXPRESSWAY,354,42.17536667,-70.91199722,0,24,0,0,1,1,0,4,3,1,0,1,0,0000000,1,18,1,24,88,88,0,0,0,1,1
25,250088,1,1,0,0,0,1,1,27,1380,25,7,2014,6,22,1,1,11,1,I-395 S EXIT 1 RAMP,,99998,42.05972222,-71.86035556,0,34,0,1,5,1,0,4,3,1,0,1,0,0000000,22,5,22,7,22,44,0,0,0,1,1
25,250089,1,1,0,0,0,1,1,23,685,21,6,2014,7,1,19,0,16,8,SOUTH RIVER ST,,99998,42.10996111,-70.69791111,0,39,0,0,8,1,0,4,3,1,0,1,0,0000000,1,22,1,25,88,88,0,0,0,1,1
25,250090,2,1,1,1,1,3,3,25,200,27,7,2014,1,21,0,0,16,8,HAWTHORNE ST,FOURTH ST,99998,42.39128611,-71.03561389,0,9,0,0,8,1,0,1,3,1,0,1,0,0000000,99,99,99,99,99,99,0,0,0,1,0
25,250091,1,1,0,0,0,1,1,23,475,27,7,2014,1,1,15,1,13,3,SR-3N SOUTHEAST EXPRESSWAY,,362,42.17517778,-70.91216667,0,1,0,0,1,1,0,3,2,1,0,1,0,0000000,1,14,1,16,88,88,0,0,0,1,1
25,250092,1,1,0,0,0,1,1,23,140,30,7,2014,4,12,39,0,16,8,OAK STREET,,99998,42.10195556,-71.04871667,0,5,0,0,8,1,0,1,1,1,10,10,0,0000000,12,41,12,46,13,17,0,0,0,1,0
25,250093,1,1,0,1,1,1,1,15,30,31,7,2014,5,23,0,0,16,8,NORTH EAST ST,,99998,42.38031944,-72.50013333,0,8,0,0,1,1,0,1,2,1,0,1,0,0000000,99,99,99,99,99,99,0,0,0,1,0
25,250094,2,2,0,0,0,2,2,23,181,3,8,2014,1,1,30,1,13,2,US-44 W,,320,41.92664722,-70.80731667,0,12,99,1,19,1,0,4,6,10,2,2,0,0000000,1,36,1,47,99,99,0,0,0,1,0
25,250095,1,1,0,0,0,1,1,3,476,3,8,2014,1,17,35,1,13,3,SR-8 S,,99998,42.66824167,-73.10835833,0,30,0,0,1,1,0,4,1,1,0,1,0,0000000,17,15,17,22,17,44,0,0,0,1,1
25,250096,1,1,0,0,0,1,1,27,980,4,8,2014,2,18,55,0,16,8,57 MILLBURY ROAD,,99998,42.14806389,-71.85516667,0,30,0,0,1,1,0,4,1,1,0,1,0,0000000,18,57,19,0,19,28,0,0,0,1,1
25,250097,1,1,0,0,0,1,1,27,1520,4,8,2014,2,14,57,0,16,8,33 MARTIN LUTHER KING JR BOULE,,99998,42.26694444,-71.79989722,0,39,0,0,1,1,4,4,1,1,10,10,0,0000000,15,0,15,3,15,27,0,0,0,1,0
25,250098,1,1,0,0,0,2,2,17,680,4,8,2014,2,18,36,1,11,1,I-290 W,,180,42.35139167,-71.61712222,0,34,0,0,1,1,0,3,1,1,0,1,0,0000000,18,44,18,49,19,1,0,0,0,1,0
25,250099,1,1,0,1,1,3,3,5,1268,5,8,2014,3,23,55,1,11,1,I-190 E,,48,41.75861389,-71.22831389,0,8,0,0,1,1,0,1,2,1,0,1,0,0000000,0,2,0,9,0,41,0,0,0,1,0
25,250100,2,2,0,0,0,2,2,21,825,11,8,2014,2,14,43,0,16,8,2 GRANITE AVENUE,,99998,42.27789167,-71.05348889,0,12,1,0,1,1,0,1,1,1,0,1,0,0000000,14,45,14,55,14,58,0,0,0,1,0
25,250101,2,2,0,0,0,2,2,17,1510,12,8,2014,3,13,9,1,11,1,I-95 S,,99998,42.50283056,-71.12862778,0,1,0,0,1,1,0,1,1,1,0,1,0,0000000,13,13,13,16,13,37,0,0,0,1,0
25,250102,1,1,0,1,1,1,1,1,75,30,7,2014,4,20,14,0,14,3,SR-132,IYANNOUGH ROAD,99998,41.68936667,-70.33874167,0,9,0,0,5,1,0,1,2,1,0,1,0,0000000,99,99,99,99,99,99,0,0,0,1,0
25,250103,1,1,0,0,0,3,3,21,925,11,7,2014,6,4,3,1,11,1,I-95 N,,232,42.16918333,-71.17318611,0,24,0,0,1,1,0,3,2,98,0,98,0,0000000,4,11,4,17,4,53,0,0,0,1,1
25,250104,1,1,0,1,1,1,1,23,140,14,8,2014,5,99,99,0,16,8,BATTLES ST,,99998,42.09756944,-71.02551944,0,15,0,0,1,1,0,1,1,1,0,1,0,0000000,99,99,99,99,99,99,0,0,0,1,0
25,250105,1,1,0,0,0,1,1,27,1278,19,8,2014,3,8,38,0,16,8,LEADMINE RD,,99998,42.092175,-72.11521667,0,35,0,0,1,1,0,4,1,1,0,1,0,0000000,8,38,8,48,9,20,0,0,0,1,0
25,250106,3,3,0,0,0,4,4,3,1480,20,8,2014,4,16,10,0,3,2,US-7,SR-43,99998,42.66149444,-73.24200278,0,12,6,1,2,2,0,1,1,1,0,1,0,0000000,16,10,16,16,99,99,0,0,0,1,0
25,250107,1,1,0,1,1,1,1,17,455,18,7,2014,6,18,30,0,4,8,LONGLEY RD,,99998,42.63606111,-71.56730278,0,8,0,0,1,1,0,1,1,1,0,1,0,0000000,18,35,18,38,19,7,0,0,0,1,0
25,250108,1,1,0,0,0,1,1,25,120,18,8,2014,2,22,5,1,13,3,SR-203,MORTON ST,99998,42.29660556,-71.10007222,0,39,0,0,1,1,0,4,3,1,0,1,0,0000000,21,56,21,59,88,88,19,0,0,1,1
25,250109,4,4,0,0,0,8,8,27,40,14,8,2014,5,15,0,1,13,2,US-202 SR-2,,99998,42.57500278,-72.19023611,0,12,1,0,1,1,0,1,1,1,0,1,0,0000000,15,0,15,4,99,99,0,0,0,1,0
25,250110,1,1,0,1,1,1,1,23,537,1,8,2014,6,15,35,0,16,8,NANTASKET AVE,,99998,42.29246667,-70.88011944,0,9,0,0,1,1,0,1,1,10,0,10,0,0000000,15,28,15,30,16,10,0,0,0,1,0
25,250111,1,1,0,1,1,1,1,23,140,29,8,2014,6,16,30,0,16,8,MAIN ST,,99998,42.08124444,-71.02081944,0,8,0,0,1,1,0,1,1,1,0,1,0,0000000,16,48,16,53,17,5,0,0,0,1,0
25,250113,1,1,0,0,0,1,1,17,520,21,7,2014,2,15,46,0,16,8,WEST MAIN ST,,99998,42.21289167,-71.54897778,0,35,0,0,1,1,0,4,1,1,0,1,0,0000000,15,48,15,54,16,28,0,0,0,1,0
25,250114,1,1,0,0,0,1,1,23,1040,29,8,2014,6,3,32,1,13,3,SR-3A,STATE RD,99998,41.93858611,-70.60986944,0,33,0,0,1,1,0,4,2,1,0,1,0,0000000,99,99,99,99,99,99,0,0,0,1,0
25,250115,1,1,0,0,0,1,1,17,1503,1,2,2014,7,23,21,0,16,8,MANOMET RD,,99998,42.44375556,-71.16425,0,33,0,0,1,1,0,4,2,1,0,1,0,0000000,23,21,23,24,23,39,0,0,0,1,0
25,250117,1,1,0,0,0,1,1,23,1040,1,4,2014,3,14,0,0,16,8,SAMOSET ST,,99998,41.955825,-70.68023333,0,33,0,0,1,1,0,4,1,1,0,1,0,0000000,14,18,14,19,14,29,0,0,0,1,0
25,250118,1,1,0,0,0,1,1,27,480,9,7,2014,4,16,25,0,16,8,WACHUSETT ST,,99998,42.37494722,-71.849475,0,42,0,0,1,1,0,4,1,10,0,10,0,0000000,16,25,16,30,16,51,0,0,0,1,0
25,250119,1,1,0,0,0,2,2,23,1040,5,9,2014,6,14,22,0,13,3,SR-3 S,PILGRIMS HGWY,150,41.96815556,-70.69924722,0,30,0,0,1,1,0,3,1,1,0,1,0,0000000,14,30,14,34,15,14,0,0,0,1,0
25,250120,1,1,0,0,0,1,1,1,127,7,1,2014,3,20,15,0,16,8,SLOUGH RD,,99998,41.71153611,-70.12553333,0,30,0,0,1,1,0,4,2,1,0,1,0,0000000,20,16,20,23,20,57,0,0,0,1,1
25,250121,2,2,0,0,0,2,2,27,1390,5,1,2014,1,0,30,1,13,3,SR-9 E,BELMONT ST,99998,42.28320556,-71.64475,0,43,0,0,2,2,0,1,3,1,0,1,0,0000000,0,35,0,40,99,99,0,0,0,1,0
25,250122,2,2,0,0,0,3,3,11,450,11,1,2014,7,1,20,0,4,2,US-5 DEERFIELD STREET,CHEAPSIDE STREET,99998,42.57160833,-72.59328889,0,48,0,0,2,4,0,1,3,2,0,2,0,0000000,1,20,1,26,1,46,0,0,0,1,0
25,250123,1,1,0,1,1,1,1,23,130,8,5,2014,5,21,52,1,13,3,SR-28,BEDFORD ST,99998,41.97454167,-70.9752,0,8,0,0,1,1,0,1,3,1,0,1,0,0000000,21,54,21,59,22,14,0,0,0,1,0
25,250124,1,1,0,1,1,0,0,17,740,11,5,2014,1,14,0,0,16,8,WHITWELL ST,,99998,42.44889444,-71.0618,0,8,0,0,1,1,0,4,1,1,0,1,0,0000000,99,99,99,99,99,99,0,0,0,1,0