STATE,ST_CASE,VE_TOTAL,VE_FORMS,PVH_INVL,PEDS,PERNOTMVIT,PERMVIT,PERSONS,COUNTY,CITY,DAY,MONTH,YEAR,DAY_WEEK,HOUR,MINUTE,NHS,ROAD_FNC,ROUTE,TWAY_ID,TWAY_ID2,MILEPT,LATITUDE,LONGITUD,SP_JUR,HARM_EV,MAN_COLL,RELJCT1,RELJCT2,TYP_INT,WRK_ZONE,REL_ROAD,LGT_COND,WEATHER1,WEATHER2,WEATHER,SCH_BUS,RAIL,NOT_HOUR,NOT_MIN,ARR_HOUR,ARR_MIN,HOSP_HR,HOSP_MN,CF1,CF2,CF3,FATALS,DRUNK_DR
25,250125,2,2,0,0,0,2,2,17,615,28,1,2014,3,15,0,1,11,1,I-95 S,,99998,42.47328333,-71.23800833,0,12,1,0,1,1,0,1,1,10,0,10,0,0000000,14,57,15,4,15,26,0,0,0,1,0
25,250126,1,1,0,0,0,3,3,17,1490,2,2,2014,1,5,2,1,11,1,I-93 N,,99998,42.56399444,-71.14395,0,24,0,0,1,1,0,3,2,1,0,1,0,0000000,5,5,5,9,5,48,0,0,0,1,1
25,250127,1,1,0,0,0,1,1,11,1466,22,2,2014,7,8,1,1,11,1,I-91 S,,344,42.44925556,-72.61966111,0,48,0,0,1,1,0,4,1,1,0,1,0,0000000,8,6,8,18,88,88,2,0,0,1,0
25,250128,2,2,0,0,0,3,3,23,1085,14,3,2014,6,11,35,1,13,3,SR-3N SOUTHEAST EXPRESSWAY,,99998,42.16818056,-70.89912222,0,12,1,0,1,1,0,1,1,1,0,1,0,0000000,11,41,99,99,12,1,0,0,0,1,0
25,250129,1,1,0,0,0,2,2,27,943,16,3,2014,1,4,15,0,16,8,OLD TURNPIKE ROAD,,99998,42.36619722,-72.07310833,0,18,0,0,1,1,0,4,2,1,0,1,0,0000000,4,22,4,35,99,99,0,0,0,1,1
25,250130,3,3,0,0,0,6,6,23,464,31,3,2014,2,17,41,0,16,8,CIRCUIT ST,,99998,42.10881944,-70.87276944,0,12,6,0,1,1,0,1,1,10,0,10,0,0000000,17,48,17,51,99,99,0,0,0,1,0
25,250131,1,1,0,0,0,4,4,5,1441,26,4,2014,7,23,24,0,16,8,DRIFT ROAD,,99998,41.55328333,-71.06943056,0,39,0,0,1,1,0,4,2,1,0,1,0,0000000,23,28,23,32,99,99,0,0,0,1,1
25,250133,1,1,0,0,0,2,2,27,943,11,5,2014,1,15,2,0,5,8,NEW BRAINTREE ROAD,,99998,42.35132222,-72.04756667,0,42,0,0,1,1,0,5,1,1,0,1,0,0000000,15,4,15,15,99,99,0,0,0,1,1
25,250134,2,2,0,0,0,2,2,15,461,22,5,2014,5,9,40,0,16,3,SR-9,RUSSELL ST,99998,42.36386944,-72.53982222,0,12,8,0,1,1,0,1,1,10,0,10,0,0000000,99,99,99,99,99,99,0,0,0,1,0
25,250135,1,1,0,0,0,1,1,23,1040,22,5,2014,5,99,99,0,16,3,SR-3A,,99998,41.80630278,-70.54748056,0,31,0,0,1,1,0,4,1,10,0,10,0,0000000,99,99,99,99,99,99,0,0,0,1,0
25,250136,1,1,0,1,1,1,1,9,255,3,3,2014,2,19,45,0,14,3,SR-114 E ANDOVER ST,,99998,42.54475278,-70.94346111,0,8,0,0,1,1,0,1,2,1,0,1,0,0000000,19,48,19,52,20,14,0,0,0,1,0
25,250137,1,1,0,0,0,1,1,13,1270,28,5,2014,4,0,0,0,16,8,ST JAMES AVENUE,,99998,42.12791389,-72.56694444,0,33,0,0,1,1,0,3,3,10,0,10,0,0000000,2,15,3,54,88,88,0,0,0,1,1
25,250138,2,2,0,0,0,3,3,5,320,30,5,2014,6,10,37,1,13,2,US-6,ROCK STREET,99998,41.71673889,-71.15450556,0,12,6,0,7,1,0,1,1,1,0,1,0,0000000,10,40,10,45,11,10,0,0,0,1,0
25,250139,1,1,0,1,1,1,1,17,1190,12,6,2014,5,10,20,0,16,8,HOLLAND ST,DOVER ST,99998,42.39700278,-71.123,0,8,0,0,2,2,0,1,1,98,0,98,0,0000000,99,99,99,99,99,99,0,0,0,1,0
25,250140,2,2,0,0,0,2,2,23,1130,11,6,2014,4,18,25,0,16,8,BORDER STREET,,99998,42.22754444,-70.77708333,0,12,6,0,8,1,0,1,1,1,0,1,0,0000000,18,24,18,32,18,57,0,0,0,1,1
25,250141,1,1,0,0,0,1,1,17,630,14,6,2014,7,18,25,0,16,8,SR 3A,WESTFORD ST,99998,42.63261111,-71.34252222,0,33,0,0,1,1,0,4,1,1,0,1,0,0000000,99,99,99,99,99,99,0,0,0,1,0
25,250142,2,2,0,0,0,5,5,23,2,14,6,2014,7,21,25,1,13,3,SR-128,SR-18,99998,42.10443889,-70.95517222,0,12,6,0,2,2,0,1,2,1,0,1,0,0000000,99,99,99,99,99,99,0,0,0,1,0
25,250143,1,1,0,0,0,3,3,13,1477,24,6,2014,3,20,36,0,16,8,MONSON ROAD,,99998,42.11200556,-72.41773611,0,33,0,0,1,1,0,4,5,1,0,1,0,0000000,20,36,20,43,21,7,0,0,0,2,0
25,250144,1,1,0,0,0,1,1,27,1273,24,6,2014,3,16,28,0,3,3,SR-140,REDEMPTION ROCK TRAIL,99998,42.46529722,-71.8261,0,38,0,0,1,1,0,4,1,1,0,1,0,0000000,16,29,16,31,17,3,0,0,0,1,1
25,250145,2,2,0,0,0,2,2,5,50,25,6,2014,4,14,8,0,14,8,COUNTY ST,READ ST,99998,41.90559167,-71.33623611,0,12,1,0,2,2,0,1,1,1,0,1,0,0000000,14,10,14,14,14,37,0,0,0,1,0
25,250146,2,2,0,0,0,4,4,27,436,6,7,2014,1,20,9,0,13,8,MILLBURY ST,,99998,42.1983,-71.71665,0,12,6,0,1,1,0,1,5,1,0,1,0,0000000,20,9,20,14,20,42,0,0,0,1,0
25,250147,2,2,0,0,0,3,3,23,1400,12,7,2014,7,20,56,0,16,8,N MAIN ST,,99998,42.02520833,-71.00974722,0,12,2,0,1,1,0,1,5,1,0,1,0,0000000,21,0,21,4,21,43,0,0,0,1,1
25,250148,1,1,0,1,1,1,1,25,120,12,7,2014,7,5,5,0,16,8,WASHINGTON ST,RIVER ST,99998,42.24893889,-70.985025,0,8,0,0,3,3,0,1,3,1,0,1,0,0000000,5,6,5,10,5,27,0,0,0,1,0
25,250149,2,2,0,0,0,2,2,13,15,13,7,2014,1,22,55,0,14,3,SR-57 E,,446,42.07171667,-72.63804722,0,12,1,0,1,1,0,1,2,10,0,10,0,0000000,23,3,23,8,23,28,0,0,0,1,1
25,250150,2,2,0,0,0,2,2,9,650,23,7,2014,4,17,10,0,16,3,SR-129 EASTERN AVE,NEW OCEAN ST,99998,42.46870278,-70.92385556,0,12,6,0,2,2,0,1,1,1,0,1,0,0000000,17,10,17,15,18,25,0,0,0,1,0
25,250151,1,1,0,0,0,1,1,17,375,11,8,2014,2,13,11,1,13,3,SR-9,WORCESTER RD,99998,42.30123056,-71.43673056,0,30,0,0,1,1,0,4,1,1,0,1,0,0000000,13,12,13,15,13,36,0,0,0,1,0
25,250152,2,2,0,0,0,2,2,27,436,14,7,2014,2,22,45,1,13,3,SR-140 WORCESTER ST,,99998,42.22562222,-71.70699444,0,12,2,0,1,1,0,1,3,10,0,10,0,0000000,22,43,22,48,23,15,0,0,0,1,1
25,250153,1,1,0,0,0,1,1,5,385,12,8,2014,3,10,15,1,13,3,SR-140 N,,99998,41.75874444,-70.96168333,0,44,0,0,1,1,4,1,1,1,0,1,0,0000000,10,7,10,10,10,43,3,0,0,1,1
25,250154,2,2,0,0,0,3,3,5,1064,15,8,2014,6,23,22,1,13,2,US-44 NEW STATE HGWY,,99998,41.90671667,-71.04298889,0,12,6,0,1,1,0,1,3,10,0,10,0,0000000,23,30,23,33,99,99,0,0,0,1,0
25,250155,2,2,0,0,0,4,4,15,295,28,8,2014,5,15,10,0,16,8,NORTH ST,,0,42.28733611,-72.61750556,0,12,2,0,1,1,0,1,1,1,0,1,0,0000000,15,10,15,16,99,99,0,0,0,2,0
25,250156,1,1,0,0,0,2,2,9,35,1,1,2014,4,2,45,1,13,3,SR-28 RAMP,,99998,42.68168611,-71.15387222,0,24,0,0,5,1,0,4,2,1,0,1,0,0000000,3,7,3,13,3,33,20,0,0,2,0
25,250157,1,1,0,0,0,1,1,5,1268,1,9,2014,2,12,25,1,11,1,I-195 E,,60,41.75855,-71.2284,0,42,0,0,1,1,0,3,1,1,0,1,0,0000000,12,37,12,41,13,21,0,0,0,1,0
25,250158,1,1,0,0,0,1,1,15,1350,6,9,2014,7,0,43,0,6,8,WEST WARREN RD,,99998,42.23608056,-72.257375,0,35,0,0,1,1,0,4,2,2,0,2,0,0000000,0,46,0,51,88,88,20,0,0,1,1
25,250159,1,1,0,1,1,1,1,23,464,11,9,2014,5,10,34,1,13,3,SR-123 WASHINGTON ST,,99998,42.11038611,-70.80876944,0,8,0,0,1,1,0,1,1,1,0,1,0,0000000,10,33,10,38,10,56,0,0,0,1,0
25,250160,1,1,0,0,0,1,1,17,615,13,9,2014,7,5,10,1,11,1,I-95 S,,99998,42.47341111,-71.23792222,0,24,0,0,1,1,0,3,2,1,0,1,0,0000000,5,14,5,21,88,88,99,99,99,1,0
25,250161,1,1,0,0,0,1,1,17,1503,20,9,2014,7,7,0,0,16,8,HIGH STREET,MANOMET STREET,99998,42.443675,-71.16418611,0,42,0,0,3,3,0,6,1,1,0,1,0,0000000,7,2,7,7,7,17,0,0,0,1,1
25,250162,1,1,0,0,0,2,2,23,1360,21,9,2014,1,23,30,0,16,8,ONSET AVE,,99998,41.75666111,-70.67728611,0,33,0,0,1,1,0,4,3,10,0,10,0,0000000,23,33,23,38,23,55,0,0,0,1,1
25,250163,1,1,0,0,0,1,1,21,1035,22,9,2014,2,2,21,0,16,8,FALES RD,HAWKINS ST,99998,41.987325,-71.37745556,0,42,0,1,3,2,0,4,3,1,0,1,0,0000000,2,22,2,32,88,88,0,0,0,1,1
25,250164,1,1,0,0,0,2,2,23,181,27,9,2014,7,3,7,0,6,8,WENHAM RD,CENTER ST,99998,41.91125,-70.76773889,0,42,0,0,3,4,0,4,3,1,0,1,0,0000000,3,9,3,14,3,51,0,0,0,1,1
25,250165,1,1,0,1,1,1,1,25,120,4,2,2014,3,20,4,0,16,8,DORCHESTER AVENUE,FAULKNER STREET,99998,42.299825,-71.06052778,0,8,0,0,3,2,0,1,3,10,0,10,0,0000000,99,99,99,99,99,99,99,99,99,1,0
25,250166,1,1,0,1,1,1,1,25,120,10,2,2014,2,11,32,0,16,8,COLUMBIA RD,STOUGHTON ST,99998,42.32063056,-71.06225278,0,8,0,0,2,2,0,1,1,99,0,99,0,0000000,11,33,11,36,11,59,0,0,0,1,0
25,250167,1,1,0,1,1,1,1,25,120,3,4,2014,5,13,40,0,16,8,CAMBRIDGE ST,SPICE ST,99998,42.38374444,-71.07590556,0,9,0,0,2,3,0,1,1,1,0,1,0,0000000,13,41,13,43,88,88,99,99,99,1,0
25,250169,1,1,0,1,1,2,2,25,120,1,6,2014,1,1,20,0,15,8,CAUSEWAY STREET,HAVERHILL STREET,99998,77.77770000,777.77770000,0,8,0,0,2,2,0,1,3,1,0,1,0,0000000,1,22,1,23,1,55,0,0,0,1,0
25,250170,1,1,0,0,0,1,1,27,1204,14,5,2014,4,19,0,0,13,3,SR-9 TURNPIKE ROAD,,99998,42.28913611,-71.55991667,0,24,0,0,1,1,0,4,5,1,0,1,0,0000000,19,23,99,99,88,88,0,0,0,1,1
25,250171,1,1,0,0,0,1,1,27,785,13,6,2014,6,17,53,0,16,8,MILLBURY AVE,MILLBURY TERRACE,99998,42.22486389,-71.76178333,0,33,0,0,3,3,0,4,1,2,0,2,0,0000000,99,99,99,99,99,99,0,0,0,1,1
25,250172,1,1,0,0,0,1,1,5,895,18,4,2014,6,10,10,0,16,8,JEFFERSON STREET,,99998,41.96937222,-71.32890833,0,33,0,0,1,1,0,4,1,1,0,1,0,0000000,99,99,99,99,99,99,99,99,99,1,0
25,250173,4,1,3,0,0,1,1,25,120,18,3,2014,3,9,3,0,16,8,BUSINESS ST,,99998,42.25572222,-71.12640556,0,14,0,0,1,1,0,4,1,99,0,99,0,0000000,9,4,9,8,9,37,14,0,0,1,0
25,250174,1,1,0,0,0,1,1,25,120,7,6,2014,7,0,23,0,16,8,WASHINGTON STREET,CRISPUS ATTUCKS PLACE,99998,42.32526944,-71.08857778,0,30,0,0,3,3,0,4,3,1,0,1,0,0000000,0,28,0,31,1,5,0,0,0,1,0
25,250175,3,2,1,2,2,4,4,25,120,21,6,2014,7,21,10,0,16,8,BEACON ST,FAIRFIELD ST,99998,42.35258056,-71.08395833,0,12,6,0,2,2,0,1,3,98,0,98,0,0000000,21,10,21,14,21,30,0,0,0,2,0
25,250176,1,1,0,1,1,1,1,21,1530,27,9,2014,7,16,54,0,6,8,WEST STREET,JENKS STREET,99998,42.02493056,-71.45375278,0,9,0,0,2,3,0,1,1,1,0,1,0,0000000,17,0,17,4,17,18,99,99,99,1,0
25,250177,1,1,0,0,0,2,2,15,1479,28,9,2014,1,3,0,1,2,3,SR-9 MAIN ST,,99998,42.38948333,-72.72096667,0,30,0,0,8,1,0,4,2,1,0,1,0,0000000,2,39,2,50,99,99,0,0,0,1,1
25,250178,2,2,0,0,0,2,2,17,1490,2,10,2014,5,9,10,1,11,1,I-93 S,,99998,42.56383889,-71.14434722,0,12,1,0,1,1,0,1,1,10,0,10,0,0000000,8,55,9,2,9,29,0,0,0,1,0
25,250179,2,2,0,0,0,5,5,13,500,3,10,2014,6,21,36,1,13,2,US-5 NORTHAMPTON ST,,99998,42.22394722,-72.62954167,0,12,2,0,1,1,0,1,3,1,0,1,0,0000000,99,99,99,99,99,99,0,0,0,1,1
25,250180,1,1,0,1,1,2,2,17,170,19,8,2014,3,7,7,0,16,8,MEMORIAL DRIVE,,99998,42.36020833,-71.11630278,0,8,0,0,1,1,0,1,1,1,0,1,0,0000000,7,8,7,12,99,99,0,0,0,1,0
25,250181,1,1,0,1,1,1,1,17,720,5,9,2014,6,19,39,0,14,3,SR-19 MYSTIC VALLEY PKWY,,99998,42.406525,-71.10110833,0,9,0,0,8,1,0,1,3,1,0,1,0,0000000,19,38,19,46,99,99,0,0,0,1,0
25,250182,2,2,0,0,0,2,2,23,140,2,10,2014,5,20,20,1,13,3,SR-24N,,99998,42.07975278,-71.06268056,0,25,0,0,1,1,0,3,2,10,0,10,0,0000000,99,99,99,99,99,99,0,0,0,1,1
25,250183,1,1,0,0,0,1,1,9,1110,5,10,2014,1,1,31,0,16,3,SR-107 HIGHLAND AVE,RAVENNA AVE,99998,42.49743056,-70.93160556,0,42,0,0,3,2,0,4,3,2,0,2,0,0000000,99,99,99,99,88,88,0,0,0,1,1
25,250184,1,1,0,0,0,1,1,23,264,24,8,2014,1,15,10,1,13,3,SR-3 PILGRIMS HIGHWAY,,220,42.02855833,-70.7258,8,42,0,0,1,1,0,3,1,1,0,1,0,0000000,15,3,15,5,88,88,0,0,0,1,0
25,250185,1,1,0,0,0,1,1,23,770,7,10,2014,3,5,27,0,4,3,SR-105 PLYMPTON ST,,99998,41.91585556,-70.87497222,0,30,0,0,1,1,0,4,2,1,0,1,0,0000000,5,24,5,28,88,88,0,0,0,1,0
25,250186,1,1,0,0,0,1,1,5,850,12,10,2014,1,18,45,0,14,8,DUCHAINE RD,,99998,41.72603889,-70.95573333,0,30,0,0,1,1,0,4,3,1,0,1,0,0000000,18,54,19,0,88,88,0,0,0,1,0
25,250187,2,2,0,0,0,2,2,21,1530,12,10,2014,1,13,55,1,11,1,I-495 N,,99998,42.05250556,-71.36965278,0,12,1,0,1,1,0,1,1,1,0,1,0,0000000,13,56,14,7,88,88,0,0,0,1,1
25,250188,1,1,0,0,0,1,1,17,1510,13,10,2014,2,5,15,1,11,1,I-95 S EXIT RAMP,,99998,42.49866944,-71.16311944,0,18,0,1,5,1,0,4,4,1,0,1,0,0000000,5,14,5,24,5,34,0,0,0,1,0
25,250189,2,2,0,0,0,2,2,21,1465,14,10,2014,3,14,37,0,16,8,BROAD ST,ESSEX ST,99998,42.21785556,-70.94838611,0,12,6,0,2,7,0,1,1,1,10,10,0,0000000,99,99,99,99,99,99,0,0,0,1,0
25,250190,1,1,0,0,0,1,1,9,35,15,10,2014,4,14,24,1,11,1,I-93N,,99998,42.662775,-71.19354722,0,42,0,0,1,1,0,4,1,10,0,10,0,0000000,14,27,14,36,15,5,0,0,0,1,0
25,250191,1,1,0,1,1,1,1,5,1133,17,10,2014,6,21,29,0,14,3,SR-114A MINK ST,,99998,41.79319722,-71.33020278,0,8,0,0,1,1,0,1,2,1,0,1,0,0000000,21,31,21,35,21,58,0,0,0,1,0
25,250192,1,1,0,0,0,1,1,9,570,17,10,2014,6,16,38,1,11,1,I-495N RAMP,,99998,42.68985278,-71.14211111,0,31,0,1,5,1,0,4,1,1,0,1,0,0000000,99,99,99,99,99,99,99,99,99,1,0
25,250193,2,2,0,0,0,5,5,25,120,19,10,2014,1,2,57,0,14,8,JAMAICAWAY,,99998,42.32731667,-71.11240278,0,12,2,0,1,1,0,1,3,1,0,1,0,0000000,2,51,2,54,3,7,0,0,0,2,1
25,250194,1,1,0,0,0,1,1,17,630,20,10,2014,2,19,14,0,16,8,GORHAM ST,LOWELL CONNECTOR,99998,42.63534167,-71.30901944,0,39,0,0,3,3,0,4,3,1,0,1,0,0000000,19,14,19,17,88,88,0,0,0,1,0
25,250195,1,1,0,0,0,4,4,5,670,11,10,2014,7,1,34,1,11,1,I-495 S,,292,42.02450556,-71.25295556,0,42,0,0,1,1,0,3,2,1,0,1,0,0000000,1,44,1,50,2,30,0,0,0,1,1
25,250196,1,1,0,1,1,1,1,21,1060,20,10,2014,2,6,51,0,16,8,CHICKATABOT RD,NORTON RD,99998,42.26466667,-70.98991667,0,8,0,0,2,3,0,1,1,1,0,1,0,0000000,99,99,99,99,99,99,0,0,0,1,0
25,250197,1,1,0,1,1,1,1,23,140,22,10,2014,4,20,44,0,16,8,E ASHLAND ST,OBERLIN RD,99998,42.09778889,-71.00099722,0,8,0,0,2,3,0,1,3,2,0,2,0,0000000,99,99,99,99,99,99,0,0,0,1,1
25,250199,1,1,0,0,0,1,1,21,1336,1,11,2014,7,22,40,1,11,1,I-95 S,,205,42.14449167,-71.20736389,0,35,0,0,1,1,0,3,2,2,0,2,0,0000000,22,59,23,6,88,88,0,0,0,1,1
25,250200,7,7,0,0,0,14,14,21,925,1,1,2014,4,2,9,1,11,1,I-95 N,,500,42.16891944,-71.17276667,0,24,0,0,1,1,0,4,2,1,0,1,0,0000000,99,99,99,99,99,99,23,0,0,3,1
25,250201,2,2,0,0,0,2,2,13,1446,29,7,2014,3,99,99,0,14,8,MEMORIAL BRIDGE,MEMORIAL BRIDGE ROTARY,99998,42.09639722,-72.608125,0,12,1,1,2,5,0,1,1,1,0,1,0,0000000,99,99,99,99,99,99,0,0,0,1,1
25,250202,1,1,0,1,1,1,1,27,1520,3,11,2014,2,13,15,0,16,3,SR-70 LINCOLN ST,,99998,42.28252222,-71.79238056,0,8,0,0,1,1,0,1,1,1,0,1,0,0000000,13,8,13,13,13,32,0,0,0,1,0
25,250203,1,1,0,0,0,1,1,27,1520,5,11,2014,4,22,44,0,13,3,SR-146 WORCESTER,,99998,42.23608056,-71.79357778,0,59,0,0,5,1,0,8,3,1,0,1,0,0000000,22,45,22,53,23,23,0,0,0,1,0
25,250204,1,1,0,0,0,2,2,3,1030,14,1,2014,3,14,49,0,16,3,SR-9 EAST STREET,SECOND STREET,99998,42.44941111,-73.23948611,0,33,0,0,3,3,0,4,1,2,0,2,0,0000000,14,51,14,57,15,10,0,0,0,2,0
25,250205,1,1,0,1,1,1,1,3,1030,17,1,2014,6,17,45,0,16,8,CENTER STREET,DEPOT STREET,99998,42.44994444,-73.25777778,0,8,0,1,3,4,0,1,2,1,0,1,0,0000000,17,45,17,48,18,1,0,0,0,1,0
25,250206,1,1,0,0,0,1,1,23,130,25,10,2014,7,13,41,0,16,3,SR-104 PLEASANT ST,UNION ST,99998,41.96599167,-71.02768333,0,42,0,0,3,3,0,5,1,1,0,1,0,0000000,13,40,13,41,99,99,0,0,0,1,0
25,250207,2,1,1,0,0,2,2,27,610,23,10,2014,5,15,6,0,6,8,RIVER ST,,99998,42.54108611,-71.74355556,0,14,0,0,1,1,0,5,1,2,10,2,0,0000000,99,99,99,99,99,99,0,0,0,1,0
25,250208,1,1,0,0,0,1,1,5,50,8,11,2014,7,2,18,1,11,1,I-95 N,,16,41.89966667,-71.36494722,0,42,0,0,1,1,0,5,2,1,0,1,0,0000000,2,22,2,30,3,13,99,99,99,1,0
25,250209,2,2,0,1,1,4,4,13,1270,4,10,2014,7,18,53,0,16,8,STATE ST,,99998,42.10724722,-72.57854722,0,8,0,0,1,1,0,1,3,10,2,2,0,0000000,18,53,19,0,19,19,0,0,0,1,0
25,250210,1,1,0,1,1,1,1,23,130,10,11,2014,2,11,0,0,16,8,CENTRAL SQUARE,,99998,41.98993333,-70.97561667,0,8,0,0,8,1,0,1,1,1,0,1,0,0000000,11,5,11,8,11,29,0,0,0,1,0
25,250211,1,1,0,0,0,1,1,1,1535,12,11,2014,4,22,55,1,13,3,SR-6A MAIN ST,,99998,41.66331111,-70.19898889,0,42,0,0,1,1,0,4,3,1,0,1,0,0000000,22,54,23,4,23,19,0,0,0,1,0
25,250212,3,3,0,0,0,3,3,9,35,14,11,2014,6,0,50,1,11,1,I-93 S,,99998,42.67160278,-71.19784722,0,12,1,0,1,1,0,1,2,2,0,2,0,0000000,0,57,1,9,99,99,0,0,0,1,1
25,250213,2,2,0,0,0,4,4,5,96,1,8,2014,6,1,40,1,2,3,SR-24 N BOSTON-FALL RIVER EXPY,,99998,41.82399444,-71.06996944,0,12,1,0,1,1,0,1,2,1,0,1,0,0000000,99,99,99,99,99,99,0,0,0,1,0
25,250214,1,1,0,1,1,1,1,25,120,23,10,2014,5,20,7,0,14,8,MASSACHUSETTS AVE CONNECTOR,MASSACHUSETTS AVE,99998,42.33270556,-71.07218611,0,8,0,0,3,2,0,1,3,2,0,2,0,0000000,19,52,19,57,20,9,0,0,0,1,0
25,250215,1,1,0,0,0,1,1,9,650,2,11,2014,1,0,1,1,13,3,SR-129 EASTERN AVE,,99998,42.47446667,-70.92836944,0,39,0,0,8,1,0,5,3,2,0,2,0,0000000,0,6,0,11,0,31,0,0,0,1,0
25,250216,3,3,0,0,0,3,3,1,1535,5,11,2014,4,14,5,0,16,8,STATION AVE,,99998,41.67616111,-70.19514167,0,12,8,0,1,1,0,1,1,10,0,10,0,0000000,14,6,14,11,14,35,0,0,0,1,0
25,250217,1,1,0,1,1,2,2,17,630,11,11,2014,3,5,55,0,14,3,SR-113 PAWTUCKET BLVD,,99998,42.64025556,-71.36081667,0,8,0,0,1,1,0,1,2,1,0,1,0,0000000,99,99,99,99,99,99,0,0,0,1,0
25,250218,1,1,0,0,0,2,2,17,36,15,11,2014,7,16,25,0,6,8,FOUNTAIN STREET,,99998,42.27039722,-71.44865556,0,42,0,0,1,1,0,4,1,1,0,1,0,0000000,16,28,16,32,99,99,0,0,0,1,1
25,250219,2,2,0,0,0,2,2,21,94,16,11,2014,1,0,47,1,1,1,I-495 S,,470,42.10703611,-71.45800278,0,12,1,0,1,1,0,1,2,10,0,10,0,0000000,0,52,1,3,99,99,0,0,0,1,1
25,250220,1,1,0,0,0,2,2,25,200,17,11,2014,2,0,48,0,16,8,FOURTH ST,CHERRY ST,99998,42.39216111,-71.03645278,0,33,0,0,3,2,0,4,3,1,0,1,0,0000000,99,99,99,99,99,99,0,0,0,1,1
25,250221,2,2,0,0,0,2,2,1,1120,18,11,2014,3,6,22,1,12,2,US-6W,,99998,41.71611944,-70.41905833,0,12,2,0,1,1,0,1,1,1,0,1,0,0000000,6,29,6,34,99,99,0,0,0,1,0
25,250222,1,1,0,1,1,1,1,1,121,20,11,2014,5,16,53,1,13,3,SR-25 ON RAMP,,99998,41.742675,-70.58841667,0,8,0,1,20,1,0,1,2,1,0,1,0,0000000,16,52,16,54,17,16,0,0,0,1,0
25,250223,1,1,0,0,0,1,1,13,1430,26,11,2014,4,7,5,0,16,8,ROOT ROAD,,99998,42.17828056,-72.74941111,0,31,0,0,1,1,0,5,4,10,0,10,0,0000000,7,12,7,19,88,88,0,0,0,1,0
25,250224,1,1,0,0,0,1,1,13,1430,28,11,2014,6,21,48,1,13,2,US-20 E RUSSELL ROAD,,99998,42.13964167,-72.80491667,0,42,0,0,1,1,0,4,3,1,0,1,0,0000000,21,51,21,56,22,15,0,0,0,1,1
25,250225,2,2,0,0,0,3,3,23,1040,28,11,2014,6,22,52,0,16,8,BEAVER DAM ROAD,,99998,41.90944167,-70.57447778,0,12,2,0,1,1,0,1,6,1,0,1,0,0000000,22,57,23,0,23,38,0,0,0,1,1
25,250226,2,2,0,0,0,2,2,23,1360,30,11,2014,1,0,1,0,16,8,CHARGE POND ROAD,,99998,41.77544444,-70.70939444,0,12,6,0,1,1,0,1,2,1,0,1,0,0000000,0,1,0,7,99,99,0,0,0,1,0
25,250227,1,1,0,1,1,1,1,23,140,1,12,2014,2,6,26,0,16,3,SR-27 N PEARL ST,,99998,42.09576667,-71.06533056,0,8,0,0,1,1,0,1,3,1,0,1,0,0000000,99,99,99,99,99,99,0,0,0,1,0
25,250228,1,1,0,1,1,1,1,23,140,5,12,2014,6,2,30,0,16,8,W CHESTNUT ST,,99998,42.05571667,-71.04178611,0,8,0,0,1,1,0,2,3,1,0,1,0,0000000,99,99,99,99,99,99,0,0,0,1,1
25,250229,3,2,1,0,0,2,2,17,1305,6,12,2014,7,1,2,0,16,3,SR-113 PAWTUCKET BLVD,,99998,42.65095278,-71.38228611,0,12,2,0,1,1,0,1,2,2,0,2,0,0000000,1,5,1,11,2,35,99,99,99,1,1
25,250230,2,2,0,0,0,5,5,27,902,9,12,2014,3,14,20,0,6,8,QUAKER ST,,99998,42.11863056,-71.62315,0,12,1,0,1,1,0,1,1,10,2,2,0,0000000,14,20,14,25,15,6,0,0,0,1,0
25,250231,1,1,0,0,0,1,1,27,1390,10,12,2014,4,0,36,1,11,1,I-90 E,,1052,42.23340833,-71.60923056,0,34,0,0,1,1,0,4,2,2,0,2,0,0000000,0,53,1,0,1,43,99,99,99,1,1
25,250232,1,1,0,0,0,1,1,21,253,10,12,2014,4,11,50,0,14,5,HAVEN STREET,,99998,42.25256111,-71.28656944,0,42,0,0,1,1,0,4,1,2,0,2,0,0000000,11,50,12,4,12,23,0,0,0,1,0
25,250233,1,1,0,0,0,1,1,1,259,11,12,2014,5,8,11,0,16,8,OLD CHATHAM ROAD,,99998,41.70686944,-70.14623333,0,42,0,0,1,1,0,4,1,10,0,10,0,0000000,99,99,99,99,88,88,0,0,0,1,0
25,250234,1,1,0,0,0,1,1,27,999,5,12,2014,6,14,2,0,6,3,SR-31 HOLDEN ROAD,,99998,42.31913056,-71.90736111,0,42,0,0,1,1,0,5,1,10,0,10,0,0000000,14,4,14,7,14,49,0,0,0,1,0
25,250235,2,2,0,0,0,3,3,1,1385,15,11,2014,7,13,16,1,2,2,US-6,,99998,41.94145556,-70.02431944,0,12,2,0,1,1,0,1,1,1,0,1,0,0000000,13,19,13,22,14,3,0,0,0,1,0