STATE,ST_CASE,VE_TOTAL,VE_FORMS,PVH_INVL,PEDS,PERNOTMVIT,PERMVIT,PERSONS,COUNTY,CITY,DAY,MONTH,YEAR,DAY_WEEK,HOUR,MINUTE,NHS,ROAD_FNC,ROUTE,TWAY_ID,TWAY_ID2,MILEPT,LATITUDE,LONGITUD,SP_JUR,HARM_EV,MAN_COLL,RELJCT1,RELJCT2,TYP_INT,WRK_ZONE,REL_ROAD,LGT_COND,WEATHER1,WEATHER2,WEATHER,SCH_BUS,RAIL,NOT_HOUR,NOT_MIN,ARR_HOUR,ARR_MIN,HOSP_HR,HOSP_MN,CF1,CF2,CF3,FATALS,DRUNK_DR
25,250236,1,1,0,1,1,2,2,27,1520,11,12,2014,5,19,57,0,16,8,WALL ST,SR-122 GRAFTON ST,99998,42.25436944,-71.7837,0,8,0,0,2,3,0,1,3,10,0,10,0,0000000,19,56,20,0,20,21,0,0,0,1,0
25,250237,1,1,0,0,0,2,2,5,895,14,12,2014,1,20,13,1,11,1,I-95 S,,99998,41.99381944,-71.29281944,0,42,0,0,1,1,0,5,1,1,0,1,0,0000000,20,18,20,26,20,57,0,0,0,1,1
25,250238,1,1,0,0,0,3,3,27,1210,20,12,2014,7,2,18,0,4,8,PLEASANT ST,,99998,42.09637778,-72.04253333,8,42,0,0,1,1,0,4,2,1,0,1,0,0000000,2,40,2,45,99,99,99,99,99,1,0
25,250239,3,3,0,0,0,4,4,27,1273,1,11,2014,7,20,8,1,1,1,I-190 S,,99998,42.45275556,-71.75603611,0,24,0,0,1,1,0,4,2,10,2,2,0,0000000,99,99,99,99,99,99,0,0,0,1,1
25,250240,1,1,0,1,1,1,1,21,1140,15,6,2014,1,16,31,0,16,8,HAMPTON ROAD,,99998,42.10550278,-71.15175833,0,8,0,0,1,1,0,4,1,1,0,1,0,0000000,16,29,16,34,16,56,0,0,0,1,0
25,250241,3,3,0,0,0,4,4,9,1000,22,12,2014,2,15,10,1,13,3,SR-128 S YANKEE DIVISION HGWY,,99998,42.56808333,-70.91986389,0,12,6,1,5,1,0,1,1,10,0,10,0,0000000,99,99,99,99,99,99,0,0,0,1,0
25,250242,2,2,0,0,0,3,3,11,864,22,12,2014,2,15,10,0,3,2,US-202 DANIELS SHAY HGWY,SR-122,99998,42.53729444,-72.30445556,0,12,2,0,2,3,0,1,1,1,0,1,0,0000000,15,14,15,17,99,99,0,0,0,1,0
25,250243,1,1,0,0,0,1,1,13,500,25,12,2014,5,22,20,0,15,2,US-5 NORTHAMPTON ST,,99998,42.21909167,-72.62948056,0,42,0,0,1,1,0,5,3,1,0,1,0,0000000,99,99,99,99,88,88,0,0,0,1,1
25,250244,2,2,0,0,0,2,2,21,380,26,12,2014,6,15,37,1,11,1,I-495 N,,99998,42.08650278,-71.42419167,0,12,1,0,1,1,0,1,1,1,0,1,0,0000000,15,43,15,51,16,14,0,0,0,1,0
25,250245,1,1,0,0,0,1,1,9,430,27,12,2014,7,20,15,0,13,3,SR-128,,99998,42.62416944,-70.65513056,0,24,0,0,1,1,0,4,2,1,0,1,0,0000000,20,22,20,28,88,88,0,0,0,1,1
25,250246,1,1,0,0,0,2,2,1,1535,27,12,2014,7,1,26,0,16,8,N MAIN STREET,BLUE ROCK ROAD,99998,41.69011667,-70.18168056,0,43,0,0,2,2,0,1,3,1,0,1,0,0000000,1,28,1,35,2,9,0,0,0,1,1
25,250247,1,1,0,1,1,2,2,9,650,1,12,2014,2,22,24,0,16,8,MARKET ST,ANDREW ST,99998,42.46289444,-70.94875833,0,8,0,0,2,3,0,1,3,1,0,1,0,0000000,99,99,99,99,99,99,0,0,0,1,0
25,250248,1,1,0,2,2,2,2,1,1535,27,12,2014,7,22,43,1,13,3,SR-28 MAIN ST,,99998,41.65044722,-70.23938889,0,8,0,0,1,1,0,1,2,5,0,5,0,0000000,22,46,22,48,23,4,0,0,0,1,1
25,250249,1,1,0,0,0,3,3,21,1530,29,12,2014,2,0,14,1,11,1,I-495S,,378,42.03984722,-71.34425556,0,24,0,0,1,1,0,4,2,1,0,1,0,0000000,99,99,99,99,99,99,0,0,0,2,0
25,250250,1,1,0,0,0,1,1,15,93,29,12,2014,2,19,23,1,13,2,US-202 DANIEL`S SHAY`S HWY,,99998,42.30823611,-72.40638056,0,42,0,0,1,1,0,5,2,1,0,1,0,0000000,19,25,19,28,88,88,0,0,0,1,0
25,250251,3,3,0,1,1,3,3,5,1185,29,11,2014,7,20,36,1,11,1,I-195 W,,106,41.72688889,-71.1862,0,8,0,0,1,1,0,1,2,1,0,1,0,0000000,20,40,20,52,99,99,19,0,0,1,1
25,250252,3,3,0,0,0,4,4,1,1385,19,8,2014,3,8,29,1,2,2,US-6 GRAND ARMY OF THE REPUBLI,,99998,41.92825,-70.01521944,0,12,2,0,1,1,0,1,1,1,0,1,0,0000000,8,26,8,28,99,99,0,0,0,1,1
25,250253,2,2,0,1,1,1,1,9,765,20,12,2014,7,14,43,1,11,1,I-495 N  OFF RAMP,,99998,42.7464,-71.13729167,0,8,0,1,20,1,0,1,1,1,0,1,0,0000000,14,51,14,58,15,8,23,0,0,1,0
25,250254,1,1,0,0,0,1,1,23,770,18,5,2014,1,99,99,0,15,8,KATRINA ROAD,,99998,41.91465278,-70.85903333,0,42,0,0,1,1,0,4,1,98,0,98,0,0000000,99,99,99,99,99,99,99,99,99,1,0
25,250255,2,2,0,0,0,2,2,17,1377,12,11,2014,4,9,50,1,13,3,SR-27 MAIN ST,,99998,42.31949167,-71.36458889,0,12,2,0,1,1,0,1,1,1,0,1,0,0000000,9,51,9,53,10,15,0,0,0,1,0
25,250256,2,2,0,0,0,3,3,5,850,11,8,2014,2,21,51,0,16,8,BROCK AVE,RODNEY ST,99998,41.60748611,-70.91161389,8,12,6,0,2,3,0,1,3,1,0,1,0,0000000,21,54,22,0,23,7,0,0,0,1,0
25,250257,1,1,0,0,0,2,2,17,157,26,7,2014,7,21,7,1,11,1,I-95 N,,99998,42.48414444,-71.19800278,0,5,0,0,1,1,0,1,3,1,0,1,0,0000000,21,10,21,20,99,99,0,0,0,1,0
25,250258,1,1,0,0,0,1,1,9,20,7,8,2014,5,13,0,0,14,8,MERRIMAC ST,BEACON ST,99998,42.83973611,-70.92689722,0,33,0,0,3,4,0,4,1,10,0,10,0,0000000,99,99,99,99,88,88,0,0,0,1,0
25,250259,1,1,0,1,1,1,1,23,1360,28,7,2014,2,22,30,0,14,8,CRANBERRY HIGHWAY,,99998,41.76954722,-70.71704444,0,8,0,0,1,1,0,1,3,1,0,1,0,0000000,99,99,99,99,99,99,0,0,0,1,0
25,250260,1,1,0,1,1,1,1,21,256,23,9,2014,3,7,0,1,13,3,SR-109 HIGH ST,,99998,42.24758333,-71.19319167,0,8,0,0,1,1,0,1,1,1,0,1,0,0000000,99,99,99,99,99,99,0,0,0,1,0
25,250261,1,1,0,1,1,1,1,23,140,8,10,2014,4,18,44,0,15,8,COURT STREET,,99998,42.08831389,-71.003725,0,8,0,0,1,1,0,1,3,1,0,1,0,0000000,99,99,99,99,99,99,99,99,99,1,0
25,250262,1,1,0,0,0,1,1,27,350,8,10,2014,4,22,30,0,16,8,CANTON STREET,,99998,42.568025,-71.78989444,0,7,0,0,1,1,0,4,3,1,0,1,0,0000000,22,28,22,30,22,55,0,0,0,1,0
25,250263,1,1,0,1,1,1,1,17,1340,15,10,2014,4,99,99,0,15,8,FOREST STREET,,99998,42.39005556,-71.22299167,0,8,0,0,1,1,0,1,1,1,0,1,0,0000000,99,99,99,99,99,99,0,0,0,1,1
25,250264,1,1,0,0,0,1,1,27,943,2,10,2014,5,15,39,0,15,8,OLD TURNPIKE ROAD,,99998,42.36084444,-72.08555,0,42,0,0,1,1,0,5,1,10,0,10,0,0000000,99,99,99,99,99,99,0,0,0,1,0
25,250265,1,1,0,1,1,1,1,5,850,1,2,2014,7,21,18,0,16,8,HERMAN MELVILLE BLVD,,99998,41.64358333,-70.92413889,0,8,0,0,1,1,0,1,3,2,0,2,0,0000000,21,18,21,23,22,5,0,0,0,1,0
25,250266,1,1,0,1,1,2,2,5,850,31,10,2014,6,18,23,1,13,3,SR- 18 ASHLEY BLVD,COGGESHALL ST,99998,41.655975,-70.92900833,0,8,0,0,2,2,0,1,3,1,0,1,0,0000000,18,25,18,30,19,9,0,0,0,1,0
25,250267,1,1,0,0,0,1,1,9,675,5,11,2014,4,17,43,0,5,8,WEST SHORE DRIVE,,99998,42.50165278,-70.87109722,0,42,0,0,1,1,0,4,3,1,0,1,0,0000000,17,43,17,49,99,99,0,0,0,1,0
25,250268,1,1,0,1,1,3,3,17,105,29,11,2014,7,16,54,0,15,3,SR-129 SALEM ROAD,,99998,42.57544167,-71.25529444,0,8,0,0,1,1,0,1,2,1,0,1,0,0000000,16,54,17,1,17,24,0,0,0,1,0
25,250269,1,1,0,1,1,1,1,27,55,11,12,2014,5,4,11,1,13,2,US-20 WASHINGTON ST,,99998,42.18983611,-71.82796389,0,8,0,0,1,1,0,1,3,3,4,4,0,0000000,4,13,4,17,4,38,0,0,0,1,0
25,250270,1,1,0,1,1,1,1,13,210,11,1,2014,7,18,24,1,13,3,SR-141 GRATTAN ST,PROVIDENCE ST,99998,42.17414444,-72.59944167,0,8,0,0,2,3,0,1,3,2,5,2,0,0000000,18,25,18,30,18,47,0,0,0,1,0
25,250271,3,3,0,0,0,7,7,13,137,20,6,2014,6,17,0,0,13,2,US-20 STURBRIDGE ROAD,,99998,42.11398333,-72.15675556,0,24,0,0,1,1,0,4,1,1,0,1,0,0000000,99,99,99,99,99,99,0,0,0,2,0
25,250272,2,2,0,0,0,3,3,27,1439,5,9,2014,6,14,24,0,14,3,SR-2A STATE ROAD W,,99998,42.55254167,-71.944425,0,12,2,0,8,1,0,1,1,1,0,1,0,0000000,14,24,14,32,14,57,0,0,0,1,0
25,250273,1,1,0,0,0,1,1,13,1247,21,9,2014,1,10,6,0,14,3,SR- 168 CONGAMOND ROAD,,99998,42.01996667,-72.77616667,0,42,0,0,1,1,0,5,1,2,10,2,0,0000000,10,8,10,12,10,43,0,0,0,1,0
25,250274,2,2,0,0,0,3,3,5,50,30,8,2014,7,22,35,0,16,8,MENDON ROAD,US - 1 WASHINGTON ST,99998,41.90088889,-71.36800556,0,12,6,0,2,2,0,1,3,1,0,1,0,0000000,22,35,22,41,23,2,0,0,0,1,0
25,250275,2,2,0,0,0,3,3,9,765,23,8,2014,7,0,32,0,14,8,RIVERSIDE DRIVE,,99998,42.70084444,-71.20251111,0,12,2,0,1,1,0,1,3,10,0,10,0,0000000,0,33,0,38,1,16,0,0,0,1,1
25,250276,1,1,0,0,0,2,2,23,926,24,7,2014,5,5,37,0,14,8,RIVER STREET,,99998,42.13962778,-70.79521111,0,30,0,0,1,1,0,4,3,1,0,1,0,0000000,99,99,99,99,99,99,0,0,0,2,1
25,250277,1,1,0,1,1,1,1,17,1340,18,10,2014,7,23,45,0,14,8,BEAVER ST,COLLEGE DR,99998,42.38508056,-71.219175,0,8,0,0,2,2,0,1,3,10,0,10,0,0000000,99,99,99,99,99,99,0,0,0,1,0
25,250278,1,1,0,0,0,2,2,9,765,1,9,2014,2,7,49,0,14,3,SR-113 NORTH LOWELL ST,,99998,42.70527778,-71.21541111,0,33,0,0,1,1,0,4,1,1,10,10,0,0000000,7,55,7,59,8,25,0,0,0,1,0
25,250279,1,1,0,0,0,2,2,5,315,25,11,2014,3,19,40,0,14,2,US-6 HUTTLESTON AVE,,99998,41.651775,-70.85026667,0,33,0,0,1,1,0,4,3,10,0,10,0,0000000,19,38,19,42,20,2,0,0,0,2,0
25,250280,1,1,0,1,1,1,1,5,315,1,11,2014,7,21,30,0,16,8,SCONTICUT NECK ROAD,GILBERT ST,99998,41.6225,-70.86586944,0,8,0,0,1,1,0,2,3,10,2,2,0,0000000,21,28,21,30,22,16,0,0,0,1,0
25,250281,1,1,0,0,0,2,2,9,774,19,10,2014,1,18,0,0,14,8,PEABODY ST WEST,,99998,42.61716667,-70.99968611,0,39,0,0,1,1,0,4,5,1,0,1,0,0000000,18,4,18,8,88,88,0,0,0,2,1
25,250282,1,1,0,1,1,4,4,27,980,22,12,2014,2,17,10,0,14,3,SR-12 MAIN ST,,99998,42.17321389,-71.87912778,0,8,0,0,1,1,0,1,3,2,10,2,0,0000000,17,12,17,14,17,52,0,0,0,1,0
25,250283,1,1,0,0,0,1,1,23,130,10,12,2014,4,11,28,0,16,8,ALDRICH ROAD,,99998,41.99987222,-70.99476111,0,42,0,0,1,1,0,5,1,2,10,2,0,0000000,11,29,11,35,11,54,0,0,0,1,1
25,250284,3,3,0,0,0,5,5,21,1336,28,7,2014,2,12,24,0,13,2,US-1,ROUTE 27,99998,42.14026944,-71.2188,0,12,6,0,2,2,0,1,1,10,0,10,0,0000000,12,24,12,27,13,3,0,0,0,1,0
25,250285,1,1,0,1,1,1,1,13,1270,1,1,2014,4,3,2,0,16,8,BOSTON ROAD,BARBER ST,99988,42.12688889,-72.53184167,0,9,0,0,2,3,0,1,3,1,0,1,0,0000000,99,99,99,99,99,99,99,99,99,1,0
25,250286,1,1,0,0,0,5,5,13,1270,18,10,2014,7,23,19,0,13,8,ROOSEVELT AVE,,99998,42.12269444,-72.54981944,0,33,0,0,1,1,0,4,3,10,0,10,0,0000000,99,99,99,99,99,99,0,0,0,1,0
25,250287,1,1,0,2,2,1,1,13,1270,16,10,2014,5,18,19,1,13,2,US-20 BOSTON ROAD,,99998,42.14591111,-72.48328333,0,8,0,0,1,1,0,1,3,1,0,1,0,0000000,99,99,99,99,99,99,0,0,0,1,0
25,250288,1,1,0,3,3,1,1,13,1270,1,12,2014,2,17,21,0,13,8,STATE STREET,,99998,42.10724722,-72.57854444,0,8,0,0,1,1,0,1,1,98,0,98,0,0000000,17,22,17,24,17,46,0,0,0,1,1
25,250289,1,1,0,1,1,1,1,17,310,27,12,2014,7,16,42,0,13,8,PLEASANT ST,BROADWAY ST,99998,42.40949167,-71.05325278,0,8,0,0,8,1,0,1,3,1,0,1,0,0000000,99,99,99,99,99,99,0,0,0,1,0
25,250290,3,3,0,0,0,5,5,27,1260,8,11,2014,7,18,14,1,13,3,SR-9 MAIN ST,,99998,42.24836111,-71.98439167,0,12,6,0,8,1,0,1,3,1,0,1,0,0000000,99,99,99,99,99,99,14,0,0,1,1
25,250291,1,1,0,0,0,3,3,27,1520,25,7,2014,6,10,30,1,11,1,I-190 EXIT 1 OFF RAMP,,99997,42.30068333,-71.80577222,0,20,0,1,20,1,0,1,1,1,0,1,0,0000000,10,36,10,41,11,9,0,0,0,1,0
25,250293,1,1,0,0,0,1,1,5,1280,21,6,2014,7,1,47,1,13,3,SR-140 COUNTY ST,,99998,41.86795278,-71.04943333,0,42,0,0,1,1,0,4,3,1,0,1,0,0000000,99,99,99,99,88,88,0,0,0,1,1
25,250294,1,1,0,0,0,2,2,25,120,15,11,2014,7,2,30,0,14,8,ENNEKING PARKWAY,,99998,42.26852222,-71.145175,0,42,0,0,1,1,0,5,3,1,0,1,0,0000000,2,30,2,34,99,99,0,0,0,1,1
25,250295,1,1,0,1,1,1,1,17,660,17,9,2014,4,16,15,0,15,8,LYNN STREET,,99998,42.43035,-71.02853611,0,9,0,0,1,1,0,1,1,1,0,1,0,0000000,99,99,99,99,99,99,0,0,0,1,0
25,250296,1,1,0,1,1,1,1,17,720,9,12,2014,3,17,5,1,13,3,SR-60 HIGH ST,,99998,42.42150556,-71.12191667,0,8,0,0,1,1,0,1,3,2,0,2,0,0000000,17,7,17,10,17,39,0,0,0,1,0
25,250297,1,1,0,1,1,1,1,23,140,28,9,2014,1,21,30,1,13,3,SR-123 BELMONT ST,,99998,42.06713611,-71.05153611,0,8,0,0,1,1,0,1,3,1,0,1,0,0000000,99,99,99,99,99,99,99,99,99,1,0
25,250298,1,1,0,1,1,1,1,25,120,26,11,2014,4,17,20,1,13,3,SR-28 BLUE HILL AVE,AMERICAN LEGION HWY,99998,42.29816944,-71.087025,0,8,0,0,2,3,0,1,1,4,0,4,0,0000000,99,99,99,99,99,99,99,99,99,1,0
25,250299,1,1,0,1,1,1,1,25,120,19,11,2014,4,17,8,0,14,8,SUMMER STREET,,99998,42.34833333,-71.04612778,0,8,0,0,1,1,0,1,1,98,0,98,0,0000000,17,8,17,14,17,39,99,99,99,1,0
25,250300,1,1,0,1,1,1,1,25,120,24,12,2014,4,14,1,0,16,8,WALDEMAR AVE,,99998,42.39313333,-71.00725,0,8,0,0,1,1,0,99,9,98,0,98,0,0000000,99,99,99,99,99,99,99,99,99,1,0
25,250301,1,1,0,0,0,1,1,13,1446,6,10,2014,2,11,30,0,14,8,UNION ST,IRVING ST,99998,42.10056389,-72.61300833,0,30,0,0,3,3,0,4,1,1,0,1,0,0000000,11,27,11,30,11,47,0,0,0,1,1
25,250302,1,1,0,1,1,1,1,13,1446,15,12,2014,2,7,51,0,14,8,ELM STREET,GARDEN ST,99998,42.10939722,-72.62455278,0,8,0,0,2,3,0,1,1,1,0,1,0,0000000,7,52,7,54,8,10,0,0,0,1,0
25,250303,1,1,0,0,0,1,1,5,251,27,7,2014,1,3,17,0,16,8,HIGH HILL ROAD,,99998,41.70239444,-70.98761111,0,42,0,0,1,1,0,4,6,1,0,1,0,0000000,3,17,3,23,3,55,0,0,0,1,1
25,250304,4,4,0,0,0,6,6,27,185,23,12,2014,3,13,40,1,11,1,I-90 W,,794,42.16398889,-71.94503889,0,12,7,0,1,1,0,1,1,10,2,2,0,0000000,13,35,13,45,14,33,99,99,99,1,0
25,250305,2,2,0,0,0,11,11,21,1063,26,1,2014,1,10,15,0,12,3,SR-28 1370 NORTH MAIN STREET,,1100,42.20230556,-71.06315278,0,12,1,0,1,1,0,1,1,1,0,1,0,0000000,10,22,10,28,11,6,0,0,0,1,0
25,250306,1,1,0,1,1,1,1,27,1320,26,1,2014,1,99,99,0,16,8,BALM OF LIFE SPRING RD,,99998,42.02920278,-71.60798056,0,8,0,0,1,1,0,1,2,10,0,10,0,0000000,18,51,18,57,99,99,0,0,0,1,0
25,250307,3,3,0,0,0,3,3,9,470,24,7,2014,5,99,99,1,11,1,I-495 S,,99998,42.78322222,-71.11582778,0,12,6,0,1,1,0,1,1,1,0,1,0,0000000,99,99,99,99,99,99,0,0,0,1,1
25,250308,1,1,0,0,0,1,1,5,912,22,11,2014,7,21,16,0,16,8,HORTON ST,,99998,41.84634167,-71.171725,0,18,0,0,1,1,0,4,2,10,0,10,0,0000000,99,99,99,99,88,88,0,0,0,1,0
25,250309,1,1,0,0,0,2,2,17,31,26,12,2014,6,13,32,0,15,8,RINDGE ROAD,,99998,42.64620278,-71.84913611,0,42,0,0,1,1,0,4,1,1,0,1,0,0000000,13,34,13,43,14,23,0,0,0,1,0
25,250310,1,1,0,0,0,1,1,17,535,2,6,2014,2,7,53,1,13,3,SR-85,,99998,42.37476111,-71.56401111,0,33,0,0,1,1,0,4,1,1,0,1,0,0000000,7,53,7,56,99,99,99,99,99,1,0
25,250312,1,1,0,0,0,1,1,1,75,13,4,2014,1,2,56,1,12,2,US-6 MID CAPE HIGHWAY,,638,41.69015,-70.30785556,0,42,0,0,1,1,0,3,2,1,0,1,0,0000000,99,99,99,99,99,99,0,0,0,1,0
25,250313,2,2,0,0,0,2,2,3,1030,15,7,2014,3,12,56,0,16,2,US-7 NORTH STREET,SPRINGSIDE AVENUE,99998,42.44873056,-73.254425,0,12,6,0,2,3,0,1,1,1,0,1,0,0000000,13,2,13,2,13,7,0,0,0,1,0
25,250314,3,3,0,1,1,3,3,27,980,13,1,2014,2,4,32,1,1,1,I-90,,876,42.18048056,-71.90251389,0,12,1,0,1,1,0,1,3,1,0,1,0,0000000,99,99,99,99,99,99,19,0,0,1,0
25,250315,1,1,0,0,0,1,1,5,1441,16,6,2014,2,99,99,0,14,2,US-6 STATE ROAD,,99998,41.64989167,-71.06555556,0,42,0,0,1,1,0,5,1,1,0,1,0,0000000,12,38,12,47,13,10,24,0,0,1,0
25,250316,1,1,0,1,1,1,1,21,1063,10,4,2014,5,10,12,1,13,3,SR-28 SOUTH MAIN ST,SR-139 UNION ST,99998,42.1626,-71.04132222,0,8,0,0,2,2,0,1,1,1,0,1,0,0000000,10,12,10,14,10,45,0,0,0,1,0
25,250317,1,1,0,0,0,2,2,17,105,14,8,2014,5,2,21,0,15,8,BICKNELL ROAD,,99998,42.53747222,-71.21614444,0,17,0,0,1,1,0,4,6,99,0,99,0,0000000,2,23,2,30,3,0,99,99,99,1,1
25,250318,1,1,0,0,0,1,1,27,390,1,6,2014,1,14,58,0,16,8,HOWARD STREET,,99998,42.60791389,-72.03058611,0,42,0,0,1,1,0,5,1,1,0,1,0,0000000,15,3,15,12,15,26,0,0,0,1,1
25,250319,1,1,0,1,1,1,1,21,256,5,12,2014,6,22,48,1,13,8,WASHINGTON ST,CURVE ST,99998,42.25541944,-71.16433333,9,8,0,0,2,2,0,1,3,2,10,2,0,0000000,22,46,22,48,23,12,0,0,0,1,0
25,250320,1,1,0,1,1,2,2,27,610,1,4,2014,3,23,24,1,13,3,SR-13 MAIN STREET,,99999,42.56157222,-71.74624722,0,8,0,0,1,1,0,1,3,1,0,1,0,0000000,23,24,23,32,23,44,99,99,99,1,0
25,250321,2,2,0,0,0,3,3,25,120,22,9,2014,2,23,29,1,13,8,BEACON ST,FAIRFIELD ST,99998,42.35245278,-71.08353889,0,12,99,0,2,2,0,1,3,1,0,1,0,0000000,23,31,23,31,23,58,99,99,99,1,1
25,250322,2,2,0,0,0,2,2,23,181,24,11,2014,2,13,0,0,14,3,SR-58 MAIN STREET,,99998,41.89548333,-70.77973889,0,12,2,0,1,1,0,1,1,2,0,2,0,0000000,13,1,13,5,13,39,0,0,0,1,0
25,250323,1,1,0,0,0,1,1,9,470,17,3,2014,2,21,28,1,13,3,SR-97 LINCOLN AVE,,99998,42.76279444,-71.04880556,0,33,0,0,1,1,0,4,3,1,0,1,0,0000000,21,29,21,33,99,99,0,0,0,1,0
25,250324,2,1,1,0,0,1,1,17,261,31,1,2014,6,0,30,0,14,8,LAKEVIEW AVE,PEARL STREET,99998,42.68116111,-71.34645278,0,33,0,0,3,3,0,4,2,1,0,1,0,0000000,0,59,1,7,2,4,0,0,0,1,1
25,250325,1,1,0,1,1,1,1,9,570,23,4,2014,4,12,3,0,15,8,FRANKLIN ST,METHUEN ST,99998,42.70489722,-71.166175,0,8,0,0,3,2,0,1,1,2,0,2,0,0000000,11,58,12,1,12,10,0,0,0,1,0
25,250326,1,1,0,0,0,1,1,17,1490,11,4,2014,6,8,44,0,15,8,CHESTNUT STREET,APPLETREE LANE,99998,42.5376,-71.176175,0,30,0,0,3,3,0,5,1,10,0,10,0,0000000,8,45,8,47,9,13,0,0,0,1,0
25,250328,2,2,0,0,0,4,4,15,1004,28,8,2014,5,20,30,0,14,2,US-202 DANIEL SHAYS HIGHWAY,SHUTESBURY ROAD,99998,42.39608333,-72.40424722,0,12,7,0,2,3,0,1,2,1,0,1,0,0000000,20,34,20,45,99,99,99,99,99,1,0
25,250329,1,1,0,0,0,1,1,13,15,2,11,2014,1,1,9,0,15,8,GARDEN ST,,99998,42.06230833,-72.65539444,0,33,0,0,1,1,0,4,3,1,0,1,0,0000000,1,13,1,14,88,88,0,0,0,1,1
25,250330,2,2,0,0,0,2,2,13,15,10,11,2014,2,17,30,1,13,3,SR-147 SPRINGFIELD ST,SHERI LANE,99998,42.06908611,-72.664725,0,12,6,0,2,3,0,1,3,1,0,1,0,0000000,17,32,17,35,17,52,0,0,0,1,0
25,250331,1,1,0,0,0,1,1,3,1030,2,8,2014,7,3,25,0,14,8,HOLMES ROAD,,99998,42.42597222,-73.24225278,0,53,0,0,1,1,0,5,3,1,0,1,0,0000000,3,30,3,51,99,98,99,99,99,1,1
25,250332,1,1,0,1,1,1,1,3,1030,1,2,2014,7,8,20,1,13,3,SR-9 CENTER STREET,,99998,42.44599722,-73.25791944,0,15,0,0,1,1,0,1,1,1,0,1,0,0000000,8,20,8,24,8,36,0,0,0,1,0
25,250333,2,2,0,0,0,2,2,5,850,3,2,2014,2,7,54,0,15,8,POTOMSKA ST,,99998,41.62306944,-70.91971944,0,12,1,0,1,1,0,1,1,4,0,4,0,0000000,99,99,99,99,99,99,0,0,0,1,0
25,250334,1,1,0,0,0,1,1,21,1060,18,7,2014,6,7,26,0,16,8,SHAW ST,CURTIS AVE,99998,42.24874722,-70.97906944,0,33,0,0,3,2,0,4,1,1,0,1,0,0000000,99,99,99,99,99,99,0,0,0,1,1
25,250335,1,1,0,0,0,1,1,21,94,12,1,2014,1,4,5,0,14,8,MAPLE ST,,99998,42.10632222,-71.44745278,0,42,0,0,1,1,0,5,2,10,0,10,0,0000000,4,5,4,17,4,52,0,0,0,1,1
25,250336,1,1,0,0,0,1,1,17,36,19,3,2014,4,5,25,0,14,8,MAIN ST,,99998,42.25693333,-71.4614,0,33,0,0,1,1,0,4,4,1,0,1,0,0000000,99,99,99,99,88,88,0,0,0,1,0
25,250337,2,2,0,0,0,2,2,21,1060,25,8,2014,2,9,20,1,11,1,I-93 S,,44,42.24471667,-71.03188056,0,12,7,0,1,1,0,1,1,1,0,1,0,0000000,99,99,99,99,99,99,0,0,0,1,0
25,250338,1,1,0,0,0,1,1,13,1446,22,3,2014,7,0,38,0,14,8,PIPER ROAD,PIPER CROSS,99998,42.12846389,-72.63710278,0,35,0,0,3,4,0,4,3,1,0,1,0,0000000,99,99,99,99,99,99,0,0,0,1,0
25,250339,1,1,0,0,0,2,2,17,630,3,3,2014,2,16,11,0,14,8,WOBURN ST,EUGENE ST,99998,42.62122222,-71.29201667,0,30,0,0,3,4,0,4,1,1,0,1,0,0000000,16,13,16,20,16,53,0,0,0,1,0
25,250340,1,1,0,0,0,1,1,13,636,24,5,2014,7,0,54,0,16,8,MILLER ST,CENTER ST,99998,42.19256944,-72.45211667,0,99,99,0,3,2,0,1,3,98,0,98,0,0000000,0,55,0,58,1,25,99,99,99,1,0
25,250341,2,2,0,0,0,2,2,21,1451,13,2,2014,5,11,24,0,15,8,GAY STREET,,99998,42.22123333,-71.19891389,0,12,2,0,1,1,0,1,1,4,0,4,0,0000000,99,99,99,99,99,99,0,0,0,1,0
25,250342,1,1,0,1,1,1,1,21,380,6,12,2014,7,16,56,1,13,3,SR-140 E CENTRAL ST,,99998,42.080325,-71.38458611,0,8,0,0,1,1,0,1,2,2,0,2,0,0000000,16,57,17,0,17,40,0,0,0,1,0
25,250343,3,3,0,0,0,5,5,9,1000,2,5,2014,6,11,0,1,13,3,SR-114,OFF RAMP,99998,42.54191944,-70.93571944,0,12,1,1,20,1,0,1,1,1,0,1,0,0000000,99,99,99,99,99,99,0,0,0,1,0
25,250344,1,1,0,0,0,1,1,17,375,31,10,2014,6,9,49,1,1,1,I-90 W,,1135,42.30120278,-71.46425833,0,25,0,0,1,1,0,3,1,1,0,1,0,0000000,99,99,99,99,99,99,0,0,0,1,0
25,250345,1,1,0,0,0,1,1,11,242,14,10,2014,3,14,10,0,4,3,SR-116,,365,77.77770000,777.77770000,9,99,99,8,98,98,0,98,8,98,0,98,0,0000000,99,99,99,98,99,98,99,99,99,1,0