STATE,ST_CASE,VE_TOTAL,VE_FORMS,PVH_INVL,PEDS,PERNOTMVIT,PERMVIT,PERSONS,COUNTY,CITY,DAY,MONTH,YEAR,DAY_WEEK,HOUR,MINUTE,NHS,ROAD_FNC,ROUTE,TWAY_ID,TWAY_ID2,MILEPT,LATITUDE,LONGITUD,SP_JUR,HARM_EV,MAN_COLL,RELJCT1,RELJCT2,TYP_INT,WRK_ZONE,REL_ROAD,LGT_COND,WEATHER1,WEATHER2,WEATHER,SCH_BUS,RAIL,NOT_HOUR,NOT_MIN,ARR_HOUR,ARR_MIN,HOSP_HR,HOSP_MN,CF1,CF2,CF3,FATALS,DRUNK_DR
26,260233,2,2,0,0,0,2,2,155,0,18,5,2014,1,14,6,0,6,4,CR-NEW LOTHROP RD,,22,43.01690833,-83.96716944,0,12,7,0,1,1,0,2,1,1,0,1,0,0000000,14,8,14,17,99,99,22,0,0,1,0
26,260234,1,1,0,0,0,1,1,125,0,18,5,2014,1,13,57,0,6,5,SCENIC VALLEY,,2,42.7245,-83.52090556,0,33,0,0,1,1,0,4,1,1,0,1,0,0000000,13,57,14,10,99,99,0,0,0,1,0
26,260235,2,2,0,0,0,4,4,63,0,23,5,2014,6,18,23,0,4,4,CR-STATE PARK RD,CONKEY RD,20,43.96192778,-83.20502222,0,12,6,0,2,2,0,1,1,1,0,1,0,0000000,18,26,18,38,99,99,0,0,0,1,1
26,260236,3,2,1,0,1,2,3,147,0,24,5,2014,7,14,34,0,3,3,SR-19 KINNEY RD,,46,42.97846944,-82.76456667,0,12,2,0,8,1,0,1,1,1,0,1,0,0000000,14,35,14,41,99,99,14,0,0,1,2
26,260237,2,2,0,0,0,3,3,21,0,24,5,2014,7,14,31,0,3,4,CR-RED ARROW HWY,COUNTY LINE RD,97,42.19605,-86.22318889,0,12,6,0,2,2,0,1,1,1,0,1,0,0000000,14,32,14,36,99,99,0,0,0,1,0
26,260238,2,2,0,0,0,2,2,75,0,26,5,2014,2,15,15,0,4,4,CR-MOUNT HOPE RD,WATERLOO MUNITH RD,9,42.38693889,-84.20517222,0,12,6,0,2,2,0,1,1,1,0,1,0,0000000,15,18,16,4,88,88,22,0,0,1,1
26,260239,1,1,0,1,1,1,1,147,0,26,5,2014,2,9,44,0,15,4,CR-WATER ST,,23,42.99528333,-82.48174167,0,9,0,0,1,1,0,1,1,1,0,1,0,0000000,9,46,10,0,88,88,0,0,0,1,0
26,260240,2,2,0,0,0,2,2,15,0,26,5,2014,2,14,35,0,4,4,CR-440 COATS GROVE RD,,26,42.68283889,-85.24192222,0,12,2,0,1,1,0,1,1,1,0,1,0,0000000,14,33,14,40,88,88,22,0,0,2,0
26,260241,1,1,0,0,0,1,1,31,0,26,5,2014,2,16,55,0,6,4,CR-BILDER RD,,8,45.281825,-84.63058333,0,1,0,0,1,1,0,4,1,1,0,1,0,0000000,16,57,17,5,88,88,22,0,0,1,1
26,260242,1,1,0,0,0,2,2,161,0,23,5,2014,6,16,55,1,11,1,I-94,,266,42.22447778,-83.666225,0,1,0,0,1,1,0,1,1,10,0,10,0,0000000,99,99,99,99,99,99,0,0,0,1,0
26,260243,2,2,0,0,0,3,3,143,0,24,5,2014,7,12,18,0,14,4,CR-HARRISON RD,KNAPP RD,131,44.32025,-84.79342222,0,12,2,0,2,2,0,1,1,1,0,1,0,0000000,12,18,12,21,88,88,22,0,0,1,0
26,260244,2,2,0,0,0,2,2,85,0,24,5,2014,7,15,40,0,4,4,CR-N HAMILTON RD,,8,43.99978333,-86.00167778,0,11,0,0,1,1,0,1,1,1,0,1,0,0000000,15,45,16,7,99,99,22,0,0,1,0
26,260245,1,1,0,0,0,1,1,159,2210,24,5,2014,7,4,50,0,6,6,63RD ST,,2,42.19600556,-86.15689722,0,42,0,0,1,1,0,4,2,1,0,1,0,0000000,99,99,99,99,88,88,22,0,0,1,1
26,260246,2,2,0,0,0,4,4,163,1260,21,5,2014,4,13,35,1,13,6,E WARREN AVE,SEYBURN ST,37,42.37554722,-83.01370278,0,12,6,0,2,2,0,1,1,1,0,1,0,0000000,99,99,99,99,99,99,20,0,0,1,0
26,260247,2,2,0,0,0,4,4,163,1260,17,5,2014,7,22,5,0,16,6,WARWICK ST,WHITLOCK ST,6,42.33961667,-83.22670278,0,12,6,0,2,2,0,1,3,1,0,1,0,0000000,99,99,99,99,99,99,0,0,0,1,0
26,260248,1,1,0,1,1,1,1,125,4340,25,5,2014,1,5,4,1,11,1,I-75,,28,42.48288611,-83.1134,0,8,0,0,1,1,0,1,3,1,0,1,0,0000000,5,6,5,15,88,88,0,0,0,1,1
26,260249,1,1,0,0,0,1,1,25,0,27,5,2014,3,7,50,1,1,1,I-94,,260,42.28375833,-84.81267222,0,42,0,0,1,1,0,4,1,1,0,1,0,0000000,7,50,7,57,88,88,0,0,0,1,0
26,260250,1,1,0,0,0,2,2,21,0,26,5,2014,2,17,37,0,6,4,CR-DANNEFEL RD,,15,42.12939722,-86.23256111,0,34,0,0,1,1,0,4,1,1,0,1,0,0000000,17,40,17,48,88,88,22,0,0,1,0
26,260251,1,1,0,0,0,1,1,161,0,25,5,2014,1,2,58,0,4,4,CR-WERKNER RD,,18,42.34943333,-84.02498333,0,53,0,0,1,1,0,4,2,1,0,1,0,0000000,2,59,3,5,99,99,22,0,0,1,0
26,260252,1,1,0,1,1,1,1,99,3540,22,5,2014,5,23,10,0,14,3,SR-19 GRATIOT,,103,42.73438889,-82.78473611,0,9,0,0,1,1,0,1,3,1,0,1,0,0000000,99,99,99,99,88,88,0,0,0,1,1
26,260253,1,1,0,0,0,2,2,107,0,28,5,2014,4,20,31,0,6,4,CR-NEWCOSTA RD,,41,43.76471944,-85.5625,0,53,0,0,1,1,0,4,1,1,0,1,0,0000000,20,33,20,47,88,88,22,0,0,1,1
26,260254,1,1,0,1,1,1,1,161,0,19,5,2014,2,4,28,1,12,3,SR-14,,38,42.3028,-83.74530833,0,8,0,0,1,1,0,1,2,1,0,1,0,0000000,99,99,99,99,88,88,0,0,0,1,0
26,260255,1,1,0,0,0,1,1,81,0,28,5,2014,4,8,43,0,4,4,CR-100TH ST SE,,14,42.78315278,-85.49354444,0,35,0,0,1,1,0,4,1,10,0,10,0,0000000,8,44,8,51,99,99,22,0,0,1,0
26,260256,1,1,0,1,1,1,1,163,1260,27,5,2014,3,23,50,1,13,3,SR-3 GRATIOT AVE,,75,42.43042222,-82.98074444,0,8,0,0,1,1,0,1,2,10,0,10,0,0000000,99,99,99,99,88,88,0,0,0,1,0
26,260257,1,1,0,1,1,1,1,69,0,30,5,2014,6,17,30,0,4,4,CR-ALABASTER RD,,19,44.20573056,-83.68472222,0,9,0,0,1,1,0,1,1,1,0,1,0,0000000,17,33,17,53,88,88,22,0,0,1,0
26,260258,1,1,0,1,1,2,2,163,1260,24,5,2014,7,1,30,0,14,6,FENKELL,LAHSER,30,42.40029167,-83.25683889,0,8,0,0,2,2,0,1,2,1,0,1,0,0000000,99,99,99,99,99,99,0,0,0,1,0
26,260259,2,2,0,0,0,3,3,159,0,28,5,2014,4,22,40,0,4,4,CR-687,,25,42.38232778,-86.18739167,0,12,7,0,1,1,0,1,3,1,0,1,0,0000000,99,99,99,99,88,88,22,0,0,1,2
26,260260,1,1,0,1,1,1,1,163,1260,13,5,2014,3,4,8,1,13,3,SR-96 GRAND RIVER,W GRAND BLVD,91,42.35674167,-83.10926389,0,15,0,0,2,2,0,1,3,10,0,10,0,0000000,99,99,99,99,88,88,0,0,0,1,0
26,260261,2,2,0,0,0,3,3,163,1260,3,5,2014,7,2,15,0,14,6,STATE FAIR ST,,15,42.439875,-83.09080556,0,12,6,0,1,1,0,1,2,2,0,2,0,0000000,99,99,99,99,99,99,0,0,0,2,1
26,260262,1,1,0,1,1,1,1,163,1260,19,5,2014,2,16,23,0,16,6,ROBSON ST,,12,42.39741667,-83.1927,0,8,0,0,1,1,0,1,1,10,0,10,0,0000000,99,99,99,99,99,99,0,0,0,1,0
26,260263,1,1,0,1,1,1,1,163,1260,20,5,2014,3,20,40,0,14,6,LONYO RD,,15,42.33559444,-83.14815,0,8,0,0,1,1,0,1,5,1,0,1,0,0000000,99,99,99,99,99,99,0,0,0,1,0
26,260264,1,1,0,0,0,1,1,143,0,28,5,2014,4,8,56,0,4,4,CR-MAPLE VALLEY RD,,1,44.22795556,-84.48336111,0,1,0,0,1,1,0,4,1,1,0,1,0,0000000,8,56,8,57,88,88,0,0,0,1,0
26,260265,2,2,0,0,0,2,2,59,0,30,5,2014,6,10,28,0,6,4,CR-LAKE PLEASANT,STATE RD,20,41.92730278,-84.57359444,0,12,6,0,2,2,0,1,1,1,0,1,0,0000000,10,29,10,40,99,99,22,0,0,1,0
26,260266,1,1,0,0,0,2,2,93,0,31,5,2014,7,17,50,0,15,4,CR-RICKETT RD,,12,42.48079167,-83.76732778,0,38,0,0,1,1,0,5,1,1,0,1,0,0000000,17,50,17,54,99,99,0,0,0,1,1
26,260267,1,1,0,0,0,1,1,163,1260,26,5,2014,2,17,40,0,14,6,VAN DYKE ST,,11,42.36548611,-83.005025,0,1,0,0,1,1,0,1,1,1,0,1,0,0000000,99,99,99,99,99,99,0,0,0,1,1
26,260268,1,1,0,1,1,1,1,163,1260,17,5,2014,7,23,5,0,15,6,SEYMOUR,HAYES,9,42.42718056,-82.96530278,0,8,0,0,3,2,0,1,2,2,0,2,0,0000000,99,99,99,99,88,88,0,0,0,1,0
26,260269,1,1,0,0,0,1,1,75,0,30,5,2014,6,23,33,0,3,3,SR-106 PLUM ORCHARD RD,,161,42.40325833,-84.23578333,0,42,0,0,1,1,0,4,2,1,0,1,0,0000000,99,99,99,99,88,88,0,0,0,1,1
26,260270,1,1,0,0,0,1,1,37,0,21,4,2014,2,15,53,1,12,2,US-127 RAMP 008C,US-127,3,42.80010278,-84.51121667,0,59,0,1,5,1,0,4,1,10,0,10,0,0000000,15,54,16,6,88,88,0,0,0,1,0
26,260271,1,1,0,1,1,1,1,163,2850,19,5,2014,2,21,34,0,14,6,NEWBURGH RD,SCHOOLCRAFT RD,70,42.38123333,-83.41198056,0,9,0,0,2,2,1,1,3,1,0,1,0,0000000,21,32,21,36,99,99,0,0,0,1,0
26,260272,2,2,0,0,0,2,2,151,0,26,5,2014,2,5,56,0,4,4,CR-MARLETTE RD,,53,43.32920278,-83.01565278,0,12,2,0,1,1,0,1,1,1,0,1,0,0000000,5,58,6,4,99,99,0,0,0,1,2
26,260273,1,1,0,0,0,2,2,59,0,31,5,2014,7,3,10,0,4,4,CR-BANKERS RD,,35,41.883225,-84.76845556,0,42,0,0,1,1,0,4,2,1,0,1,0,0000000,3,12,3,24,88,88,0,0,0,2,1
26,260274,1,1,0,0,0,1,1,161,150,16,4,2014,4,19,33,0,16,4,CR-SCIO RIDGE RD,LIBERTY ST,3,42.27318889,-83.79011111,0,42,0,0,3,3,0,5,1,1,0,1,0,0000000,19,35,19,42,99,99,0,0,0,1,0
26,260275,1,1,0,0,0,1,1,149,1775,26,5,2014,2,3,30,0,6,4,CR-CARLTON RD,,5,42.04925833,-85.67443333,0,43,0,0,1,1,0,4,2,1,0,1,0,0000000,3,56,4,8,88,88,0,0,0,1,1
26,260276,1,1,0,1,1,5,5,143,0,25,5,2014,1,21,32,0,15,4,CR-FEDERAL AVE,,18,44.30569444,-84.75724722,0,8,0,0,1,1,0,2,2,1,0,1,0,0000000,21,32,21,38,99,99,0,0,0,1,0
26,260277,2,2,0,0,0,3,3,115,0,31,5,2014,7,10,56,0,14,4,CR-DIXIE HWY,MONRONA DR,36,41.93753611,-83.32754167,0,12,2,0,2,3,0,1,1,1,0,1,0,0000000,10,58,11,3,99,99,0,0,0,1,1
26,260278,2,2,0,0,0,2,2,147,4060,1,6,2014,1,13,57,1,13,3,SR-25 PINE GROVE AVE,GARFIELD ST,17,43.00402222,-82.441,0,12,6,0,2,2,0,1,1,1,0,1,0,0000000,13,58,14,1,99,99,0,0,0,1,0
26,260279,2,2,0,0,0,4,4,133,0,16,5,2014,6,14,34,1,2,2,US-10,,58,43.87259722,-85.45168889,0,12,6,0,1,1,0,1,1,10,0,10,0,0000000,99,99,99,99,99,99,0,0,0,1,0
26,260280,1,1,0,1,1,1,1,147,0,3,6,2014,3,21,55,0,15,4,CR-WATER,,25,42.99536111,-82.47905,0,9,0,0,1,1,0,1,2,1,0,1,0,0000000,21,55,22,0,99,99,0,0,0,1,1
26,260281,1,1,0,0,0,1,1,23,0,8,6,2014,1,18,49,0,3,4,CR-JONESVILLE RD,,87,41.98564167,-84.85184722,0,42,0,0,1,1,0,4,1,1,0,1,0,0000000,18,50,19,0,88,88,0,0,0,1,0
26,260282,1,1,0,0,0,1,1,81,0,8,6,2014,1,22,45,0,6,4,CR-ASHLEY AVE NE,,21,43.04629167,-85.33227778,0,42,0,0,1,1,0,4,2,10,0,10,0,0000000,22,54,23,0,88,88,22,0,0,1,1
26,260283,2,2,0,0,0,2,2,125,4020,10,6,2014,3,9,11,1,13,6,BALDWIN RD,,26,42.68263611,-83.30153333,0,12,6,0,8,1,0,1,1,10,0,10,0,0000000,9,14,9,15,99,99,0,0,0,1,0
26,260284,2,2,0,0,0,3,3,99,1440,24,5,2014,7,15,55,1,13,3,SR-3 GRATIOT AVE,TOEPFER RD,6,42.45734167,-82.96303333,0,12,6,0,2,2,0,1,1,1,0,1,0,0000000,99,99,99,99,99,99,20,0,0,1,0
26,260285,1,1,0,1,1,1,1,75,2764,13,6,2014,6,1,47,1,13,6,ANN ARBOR RD,,20,42.27218333,-84.32804722,0,8,0,0,1,1,0,1,2,10,0,10,0,0000000,1,47,1,49,88,88,0,0,0,1,0
26,260286,1,1,0,0,0,1,1,157,0,15,6,2014,1,21,11,0,4,4,CR-BAY CITY FORESTVILLE RD,,143,43.65873611,-83.18150556,0,42,0,0,1,1,0,4,5,1,0,1,0,0000000,21,12,21,25,88,88,22,0,0,1,1
26,260287,1,1,0,0,0,1,1,17,2543,1,6,2014,1,3,15,0,4,4,CR-MACKINAW RD,,123,43.70123611,-83.98841389,0,32,0,0,1,1,0,4,2,1,0,1,0,0000000,5,54,6,15,88,88,22,0,0,1,1
26,260288,2,2,0,0,0,3,3,25,0,3,6,2014,3,14,34,0,14,4,CR-B DR S,CAPITAL AVE SW,15,42.23193611,-85.198225,0,1,0,0,2,3,0,1,1,1,0,1,0,0000000,14,34,14,53,88,88,0,0,0,1,0
26,260289,2,2,0,0,0,4,4,45,0,14,6,2014,7,19,22,0,6,4,CR-W KINSEL HWY,W WHEATON RD,112,42.59696389,-84.85576944,0,12,6,0,2,2,0,1,1,1,0,1,0,0000000,19,22,19,26,99,99,0,0,0,1,0
26,260290,2,2,0,0,0,2,2,53,0,17,6,2014,3,19,0,1,2,2,US-2,,103,46.48175833,-89.98738056,0,12,1,0,1,1,0,1,1,1,0,1,0,0000000,19,7,19,11,99,99,0,0,0,1,0
26,260291,2,2,0,0,0,3,3,139,4807,18,6,2014,4,22,46,0,15,4,CR-8TH AVE,,43,43.0127,-85.80646389,0,12,2,0,1,1,0,1,2,10,0,10,0,0000000,22,47,22,49,99,99,22,0,0,1,0
26,260292,1,1,0,0,0,2,2,39,0,1,6,2014,1,11,54,0,4,4,CR-NORTH DOWN RIVER RD,,73,44.72249167,-84.37670556,0,1,0,0,1,1,0,4,1,1,0,1,0,0000000,11,56,12,11,99,99,0,0,0,1,0
26,260293,2,2,0,0,0,2,2,93,0,6,6,2014,6,20,0,0,3,4,CR-LATSON RD,,33,42.62746389,-83.87535,0,12,6,0,8,1,0,1,1,1,0,1,0,0000000,20,1,20,5,99,99,0,0,0,1,0
26,260294,1,1,0,0,0,5,5,163,1260,9,6,2014,2,13,10,0,16,6,UNIVERSITY,,6,42.40900833,-82.92255556,0,43,0,0,1,1,0,4,1,1,0,1,0,0000000,99,99,99,99,99,99,0,0,0,1,0
26,260295,1,1,0,0,0,3,3,81,5319,21,6,2014,7,0,23,0,16,6,HERMAN AVE SW,BELLEVUE ST SW,0,42.88868611,-85.68961389,0,33,0,0,3,3,0,4,3,2,0,2,0,0000000,99,99,99,99,99,99,0,0,0,1,0
26,260296,2,2,0,0,0,2,2,161,910,14,6,2014,7,15,0,0,3,3,SR-52 MAIN ST,OLD US-12,176,42.30671944,-84.02112222,0,12,6,0,2,2,0,1,1,1,0,1,0,0000000,14,42,14,43,99,99,0,0,0,1,0
26,260297,2,2,0,0,0,6,6,163,633,15,6,2014,1,23,16,1,13,4,CR-ALLEN RD,,4,42.09955556,-83.22531389,0,12,2,0,1,1,0,1,3,10,0,10,0,0000000,99,99,99,99,99,99,20,0,0,1,0
26,260298,2,2,0,0,0,2,2,75,0,21,6,2014,7,23,20,0,3,3,SR-106 COOPER RD,PARNALL,31,42.29115,-84.39723889,0,12,6,0,2,2,0,1,2,2,0,2,0,0000000,23,21,23,24,88,88,0,0,0,1,0
26,260299,1,1,0,0,0,1,1,163,4166,25,6,2014,4,16,59,0,16,4,CR-CENTRALIA ST,,13,42.42753889,-83.29820556,0,42,0,0,1,1,0,4,1,1,0,1,0,0000000,17,0,17,1,99,99,0,0,0,1,0
26,260300,3,3,0,0,0,3,3,75,0,23,6,2014,2,13,55,0,4,4,CR-KING RD,CONCORDR RD,10,42.21813889,-84.63724167,0,12,1,0,3,2,0,1,1,1,0,1,0,0000000,99,99,99,99,99,99,0,0,0,1,0
26,260301,1,1,0,0,0,1,1,29,0,27,6,2014,6,21,1,0,3,4,CR-THUMB LAKE RD,,47,45.18619444,-84.76974722,0,42,0,0,1,1,0,4,5,1,0,1,0,0000000,21,1,21,10,88,88,0,0,0,1,1
26,260302,1,1,0,0,0,1,1,65,1430,3,6,2014,3,17,26,1,12,2,US-127,,3,42.72549444,-84.50983333,0,5,0,1,18,1,0,1,1,1,0,1,0,0000000,17,29,17,33,99,99,0,0,0,1,0
26,260303,1,1,0,0,0,2,2,157,0,27,6,2014,6,1,10,0,6,4,CR-HESS RD,,40,43.36571944,-83.54150833,0,35,0,0,1,1,0,4,2,1,0,1,0,0000000,1,10,1,20,88,88,22,0,0,2,1
26,260304,2,2,0,0,0,2,2,139,0,28,6,2014,7,4,8,1,1,1,I-96,,86,43.06992222,-85.99084167,0,12,2,0,1,1,0,1,2,1,0,1,0,0000000,4,8,4,13,99,99,0,0,0,1,1
26,260305,1,1,0,0,0,2,2,57,0,23,6,2014,2,22,29,1,2,2,US-127,,0,43.29280556,-84.58203889,0,1,0,1,5,1,0,8,2,10,0,10,0,0000000,22,29,22,35,99,99,0,0,0,1,0
26,260306,1,1,0,0,0,1,1,163,0,15,6,2014,1,7,29,0,14,4,CR-WALTZ RD,,34,42.14190833,-83.40223333,0,24,0,0,1,1,0,4,1,1,0,1,0,0000000,7,28,7,34,88,88,0,0,0,1,1
26,260307,3,3,0,0,0,4,4,49,1730,12,6,2014,5,17,29,0,16,6,CALDWELL AVE,MACKIN RD,2,43.02388611,-83.71075278,0,12,6,0,2,2,0,1,1,1,0,1,0,0000000,99,99,99,99,99,99,20,0,0,1,0
26,260308,1,1,0,0,0,2,2,125,4020,10,6,2014,3,21,15,1,13,3,SR-US24 BR CASS AVE,,11,42.651875,-83.31181389,0,30,0,0,1,1,0,4,5,10,0,10,0,0000000,21,15,21,15,99,99,20,0,0,1,1
26,260309,1,1,0,1,1,1,1,75,2500,15,6,2014,1,12,54,0,14,6,N WISNER ST,W ARGYLE ST,20,42.26199722,-84.42826944,0,9,0,0,3,2,0,1,1,1,0,1,0,0000000,12,56,13,0,99,99,0,0,0,1,0
26,260311,2,2,0,0,0,3,3,115,0,16,6,2014,2,16,55,0,14,4,CR-COLE RD,,94,41.93558889,-83.38737222,0,12,6,0,8,1,0,1,1,1,0,1,0,0000000,17,3,17,8,99,99,0,0,0,1,0
26,260312,2,2,0,0,0,2,2,133,0,27,6,2014,6,12,24,0,6,4,CR-220TH AVE,1 MILE RD,10,43.830025,-85.52312778,0,12,6,0,2,2,0,1,1,1,0,1,0,0000000,99,99,99,99,88,88,0,0,0,1,1
26,260313,1,1,0,1,1,1,1,25,310,28,6,2014,7,23,15,1,11,1,I-194,,31,42.298475,-85.18045833,0,8,0,0,1,1,0,1,2,10,0,10,0,0000000,99,99,99,99,88,88,0,0,0,1,0
26,260314,1,1,0,0,0,1,1,147,0,3,6,2014,3,23,15,1,1,1,I-69,,126,42.97625556,-82.746175,0,1,0,0,1,1,0,1,2,1,0,1,0,0000000,23,22,23,32,99,99,0,0,0,1,0
26,260315,6,6,0,0,0,6,6,77,4490,29,4,2014,3,6,40,1,13,2,US-131 GRAND ST,LYONS,35,42.12161944,-85.63733611,0,12,1,0,2,2,0,1,4,2,0,2,0,0000000,6,41,6,52,99,99,0,0,0,1,0
26,260316,2,2,0,0,0,2,2,163,1260,17,6,2014,3,1,27,1,13,6,LIVERNOIS RD,FENKELL RD,76,42.40266944,-83.14015833,0,12,6,0,2,2,0,1,2,10,0,10,0,0000000,99,99,99,99,99,99,20,0,0,1,1
26,260317,2,2,0,0,0,3,3,145,0,18,6,2014,4,18,59,1,13,3,SR-46 GRATIOT RD,RIVER RD,160,43.41575,-84.05211111,0,12,6,0,2,2,0,1,1,10,0,10,0,0000000,19,0,19,6,99,99,0,0,0,1,0
26,260319,4,4,0,0,0,4,4,99,4731,22,5,2014,5,14,23,0,14,6,FIFTEEN MILE RD,,55,42.55264722,-82.97993889,0,12,1,0,1,1,0,1,1,1,0,1,0,0000000,14,24,14,27,99,99,0,0,0,1,0
26,260320,1,1,0,0,0,1,1,49,0,21,6,2014,7,19,33,1,11,1,I-75,,36,42.90573333,-83.65093056,0,21,0,1,19,1,0,3,1,10,0,10,0,0000000,19,33,19,38,99,99,0,0,0,1,0
26,260321,1,1,0,0,0,1,1,57,0,22,6,2014,1,15,0,0,6,4,CR-S OSBORN RD,,98,43.25985833,-84.79725833,0,1,0,0,1,1,0,4,1,1,0,1,0,0000000,15,9,15,26,88,88,22,0,0,1,0
26,260322,2,2,0,0,0,2,2,49,0,15,6,2014,1,21,42,0,14,3,SR-54 CLIO RD,W LAKE RD,252,43.20643611,-83.73478333,0,12,6,0,2,2,0,1,2,1,0,1,0,0000000,99,99,99,99,99,99,0,0,0,1,0
26,260323,1,1,0,1,1,1,1,163,1260,22,6,2014,1,2,30,1,13,3,SR-102 9 MILE RD,STAHELIN,48,42.44399167,-83.22806389,0,8,0,0,3,2,4,1,2,10,0,10,0,0000000,99,99,99,99,99,99,0,0,0,1,0
26,260324,2,2,0,0,0,3,3,17,0,24,6,2014,3,12,26,0,14,4,CR-S MACKINAW RD,E SALZBURG RD,40,43.58124444,-83.99294444,0,12,6,0,2,2,0,1,1,2,0,2,0,0000000,12,29,12,37,99,99,0,0,0,1,0
26,260325,1,1,0,1,1,1,1,163,1260,21,6,2014,7,3,37,1,13,3,SR-3 GRATIOT AVE,,8,42.34285833,-83.039125,0,8,0,0,1,1,0,1,3,10,0,10,0,0000000,99,99,99,99,99,99,0,0,0,1,0
26,260326,2,2,0,0,0,2,2,45,1245,26,6,2014,5,7,13,1,13,3,SR-27 LANSING RD,OLD LANSING RD,29,42.68856389,-84.63778333,0,12,2,0,1,1,0,1,1,1,0,1,0,0000000,7,15,7,51,99,99,0,0,0,1,0
26,260327,1,1,0,0,0,3,3,145,0,28,6,2014,7,23,10,1,13,3,SR-46 GRATIOT RD,,176,43.41531667,-84.01964722,0,33,0,0,1,1,0,4,3,1,0,1,0,0000000,23,13,23,19,99,99,0,0,0,1,1
26,260328,1,1,0,0,0,2,2,145,4350,21,6,2014,7,2,7,1,13,3,SR-46 E REMINGTON AVE,,18,43.41561389,-83.9175,0,33,0,0,1,1,0,4,3,1,0,1,0,0000000,99,99,99,99,99,99,0,0,0,1,1
26,260329,1,1,0,0,0,3,3,25,0,6,6,2014,6,19,32,1,11,1,I-194,,17,42.27925,-85.17858333,0,35,0,0,1,1,0,4,5,1,0,1,0,0000000,99,99,99,99,99,99,0,0,0,1,0
26,260330,2,2,0,0,0,3,3,91,0,18,6,2014,4,10,50,0,3,4,CR-DEERFIELD RD,,56,41.88483333,-83.8557,0,12,2,0,1,1,0,1,1,1,0,1,0,0000000,10,49,11,3,99,99,0,0,0,1,0
26,260331,2,2,0,0,0,3,3,41,544,22,6,2014,1,17,11,0,3,3,SR-35,26TH LN,60,45.91257778,-87.06847778,0,12,11,0,2,2,0,1,1,1,0,1,0,0000000,99,99,99,99,99,99,0,0,0,1,0
26,260333,1,1,0,0,0,2,2,163,4975,27,4,2014,1,21,41,0,14,4,CR-W ECORSE RD,,5,42.24778889,-83.53823333,0,42,0,0,1,1,0,4,2,1,0,1,0,0000000,99,99,99,99,99,99,0,0,0,1,1
26,260334,3,2,1,0,0,2,2,25,355,21,6,2014,7,17,27,0,14,3,SR-89 MICHIGAN AVE,PARROTT DR,10,42.36072778,-85.28230556,0,12,6,0,2,3,0,1,1,10,0,10,0,0000000,99,99,99,99,99,99,0,0,0,1,0
26,260335,3,3,0,0,0,4,4,91,0,27,6,2014,6,14,10,1,2,2,US-12,MILLER RD,51,42.05230833,-84.26687222,0,12,1,0,2,2,0,1,1,1,0,1,0,0000000,99,99,99,99,88,88,0,0,0,1,0
26,260336,1,1,0,1,1,1,1,49,0,31,5,2014,7,3,35,0,5,4,CR-MORRISH RD,,32,42.92384167,-83.83069722,0,8,0,0,1,1,0,1,2,1,0,1,0,0000000,99,99,99,99,88,88,0,0,0,1,0
26,260337,2,2,0,0,0,8,8,125,1652,7,6,2014,7,23,31,0,15,6,FOLSOM DR,,6,42.45286389,-83.35995278,0,12,2,0,1,1,0,1,2,1,0,1,0,0000000,23,31,23,31,99,99,0,0,0,1,1
26,260338,2,2,0,0,0,2,2,125,4905,12,6,2014,5,19,49,1,13,6,W BIG BEAVER RD,LIVERNOIS AVE,25,42.56256389,-83.14715556,0,12,6,0,2,2,0,1,1,1,0,1,0,0000000,19,49,19,51,99,99,0,0,0,1,1
26,260339,1,1,0,1,1,2,2,55,0,14,6,2014,7,23,10,1,13,2,US-31,CO RD 633,64,44.66489167,-85.6902,0,8,0,0,2,2,0,1,2,1,0,1,0,0000000,23,12,23,15,88,88,0,0,0,1,0
26,260340,2,2,0,0,0,2,2,15,0,16,6,2014,2,22,35,0,5,4,CR-STEVENS RD,,8,42.51396667,-85.41061389,0,12,1,0,1,1,0,1,2,10,0,10,0,0000000,22,42,22,59,88,88,22,0,0,1,1
26,260341,2,2,0,0,0,2,2,99,2934,22,6,2014,1,1,45,0,14,4,CR-21 MILE RD,,59,42.64305,-82.92208889,0,12,2,0,1,1,0,1,2,1,0,1,0,0000000,99,99,99,99,99,99,0,0,0,1,1
26,260342,1,1,0,0,0,5,5,99,4330,21,6,2014,7,23,2,0,16,6,PINEHURST ST,OAKDALE ST,1,42.48198611,-82.93744444,0,5,0,0,2,2,0,1,3,10,0,10,0,0000000,99,99,99,99,99,99,0,0,0,1,1
26,260343,2,2,0,0,0,2,2,155,0,25,6,2014,4,4,34,0,4,3,SR-69 LANSING RD,,4,42.79833889,-84.35458889,0,12,2,0,1,1,0,1,2,5,0,5,0,0000000,4,34,4,42,88,88,22,0,0,2,1
26,260344,2,2,0,0,0,2,2,65,2700,21,6,2014,7,19,10,1,13,6,S CEDAR ST,WILLARD,91,42.70370833,-84.54803056,0,12,6,0,2,2,0,1,1,1,0,1,0,0000000,19,0,19,5,99,99,0,0,0,1,0
26,260345,1,1,0,0,0,1,1,125,0,30,6,2014,2,16,24,1,13,2,US-24 DIXIE HWY,,0,42.74191944,-83.45641111,0,34,0,0,1,1,0,4,1,10,0,10,0,0000000,16,25,16,28,99,99,0,0,0,1,0