STATE,ST_CASE,VE_TOTAL,VE_FORMS,PVH_INVL,PEDS,PERNOTMVIT,PERMVIT,PERSONS,COUNTY,CITY,DAY,MONTH,YEAR,DAY_WEEK,HOUR,MINUTE,NHS,ROAD_FNC,ROUTE,TWAY_ID,TWAY_ID2,MILEPT,LATITUDE,LONGITUD,SP_JUR,HARM_EV,MAN_COLL,RELJCT1,RELJCT2,TYP_INT,WRK_ZONE,REL_ROAD,LGT_COND,WEATHER1,WEATHER2,WEATHER,SCH_BUS,RAIL,NOT_HOUR,NOT_MIN,ARR_HOUR,ARR_MIN,HOSP_HR,HOSP_MN,CF1,CF2,CF3,FATALS,DRUNK_DR
26,260346,1,1,0,1,1,1,1,125,5210,26,6,2014,5,14,0,0,16,4,CR-WOODSEDGE,,1,42.62725278,-83.44641389,0,8,0,0,1,1,0,1,1,1,0,1,0,0000000,14,3,14,10,99,99,0,0,0,1,0
26,260347,1,1,0,0,0,1,1,115,2413,28,6,2014,7,2,7,0,6,4,CR-DOUGLAS RD,,74,41.83584444,-83.60924722,0,34,0,0,1,1,0,4,2,1,0,1,0,0000000,2,10,2,17,88,88,22,0,0,1,1
26,260348,2,1,1,0,4,1,5,163,1260,17,6,2014,3,19,45,0,16,6,WHITHORN,,5,42.41369444,-82.99689167,0,14,0,0,1,1,0,7,1,1,0,1,0,0000000,99,99,99,99,99,99,0,0,0,1,1
26,260349,2,2,0,0,0,2,2,125,4567,25,6,2014,4,17,0,1,11,1,I-696,,101,42.48613611,-83.25601944,0,12,1,0,1,1,0,1,1,10,0,10,0,0000000,99,99,99,99,99,99,0,0,0,1,0
26,260350,2,2,0,0,0,5,5,5,0,4,6,2014,4,21,29,0,4,4,CR-54TH ST,,11,42.43456944,-86.07030833,0,12,2,0,1,1,0,1,5,1,0,1,0,0000000,99,99,99,99,99,99,22,0,0,1,1
26,260351,2,2,0,0,0,2,2,151,0,18,4,2014,6,5,58,0,3,3,SR-90 PECK RD,,107,43.26574167,-82.59510833,0,12,1,0,1,1,0,1,3,2,0,2,0,0000000,6,0,6,9,88,88,0,0,0,1,2
26,260352,1,1,0,0,0,1,1,81,2010,28,5,2014,4,22,50,0,99,6,PLAZA DR NE,,3,43.01988889,-85.63213333,0,33,0,0,1,1,0,4,2,1,0,1,0,0000000,22,56,23,0,88,88,0,0,0,1,1
26,260353,2,2,0,0,0,2,2,125,0,3,6,2014,3,17,18,1,13,2,US-24 TELEGRAPH RD,,40,42.61629722,-83.31378889,0,12,1,0,4,1,0,1,1,1,0,1,0,0000000,17,19,17,20,99,99,0,0,0,1,0
26,260354,2,2,0,0,0,3,3,103,2480,5,6,2014,5,13,20,1,13,2,US-41,LAKESHORE DR,385,46.49852222,-87.68290556,0,12,6,0,2,2,0,1,1,1,0,1,0,0000000,99,99,99,99,88,88,0,0,0,2,0
26,260355,2,2,0,0,0,2,2,125,0,12,6,2014,5,16,24,0,3,4,CR-10 MILE RD,,26,42.46187222,-83.61600833,0,12,2,0,1,1,0,1,1,1,0,1,0,0000000,16,29,16,33,99,99,0,0,0,1,0
26,260356,1,1,0,0,0,1,1,107,0,1,7,2014,3,9,35,0,6,4,CR-160TH AVE,MCKINLEY RD,24,43.67443889,-85.40505,0,42,0,0,3,3,0,5,1,1,0,1,0,0000000,9,37,9,48,88,88,22,0,0,1,0
26,260357,1,1,0,1,1,1,1,81,5319,2,7,2014,4,16,53,1,13,6,44TH ST SW,R W BERANDS DR,31,42.88458333,-85.709875,0,15,0,0,8,1,0,1,1,10,0,10,0,0000000,16,53,17,0,88,88,0,0,0,1,0
26,260358,2,2,0,0,0,5,5,125,0,1,7,2014,3,11,40,0,15,4,CR-MILFORD RD,,25,42.49737778,-83.614775,0,12,2,0,1,1,0,1,1,1,0,1,0,0000000,11,41,11,45,99,99,0,0,0,1,0
26,260359,2,2,0,0,0,3,3,147,2558,5,7,2014,7,13,5,0,4,4,CR-RICHMAN RD,,30,42.95411944,-82.60270833,0,12,2,0,8,1,0,1,1,1,0,1,0,0000000,99,99,99,99,99,99,0,0,0,1,0
26,260360,2,2,0,0,0,2,2,115,0,13,6,2014,6,12,38,1,13,2,US-24 TELEGRAPH RD,,202,41.98655,-83.36831944,0,12,2,0,1,1,0,1,1,1,0,1,0,0000000,12,41,12,43,88,88,0,0,0,1,0
26,260361,1,1,0,1,1,1,1,99,1440,14,6,2014,7,18,52,0,16,6,ALMOND AVE,E 9 MILE RD,2,42.46523056,-82.93008333,0,8,0,0,3,3,0,1,1,1,0,1,0,0000000,18,55,18,55,99,99,0,0,0,1,0
26,260362,2,2,0,0,0,2,2,139,0,6,7,2014,1,12,9,1,11,1,I-196,,12,42.78429444,-86.02683333,0,12,1,0,1,1,0,1,1,1,0,1,0,0000000,12,13,12,31,88,88,0,0,0,1,0
26,260363,2,2,0,0,0,3,3,41,5158,7,7,2014,2,14,2,1,2,2,US-2,,64,45.73365,-87.20001389,0,12,2,0,1,1,0,1,1,1,0,1,0,0000000,14,1,14,14,99,99,0,0,0,1,0
26,260364,1,1,0,0,0,1,1,47,0,23,6,2014,2,3,0,1,1,1,I-75,,3,45.76614167,-84.735025,0,24,0,0,1,1,0,3,2,1,0,1,0,0000000,5,38,5,47,88,88,0,0,0,1,0
26,260365,2,2,0,0,0,3,3,81,0,8,7,2014,3,8,1,0,14,4,CR-CASCADE RD SE,FOREST HILL AVE SE,30,42.94610556,-85.55580278,0,12,6,0,2,2,0,1,1,2,0,2,0,0000000,8,2,8,11,99,99,0,0,0,1,0
26,260366,1,1,0,0,0,2,2,49,0,24,6,2014,3,23,27,1,13,4,CR-HILL RD,,81,42.94425556,-83.69801944,0,42,0,0,1,1,0,4,2,1,0,1,0,0000000,23,28,23,29,99,99,0,0,0,1,1
26,260367,1,1,0,0,0,1,1,125,5113,26,6,2014,5,22,27,0,15,4,CR-PONTIAC LAKE RD,,55,42.65121389,-83.42087222,0,53,0,0,1,1,0,4,2,1,0,1,0,0000000,22,26,22,30,99,99,0,0,0,1,1
26,260368,1,1,0,1,1,1,1,125,208,28,6,2014,7,4,40,1,11,1,I-75,,216,42.68460833,-83.24426667,0,8,0,0,1,1,0,1,2,1,0,1,0,0000000,4,48,4,52,88,88,0,0,0,1,0
26,260369,5,1,4,1,1,1,1,163,1260,30,6,2014,2,7,30,0,14,6,W OUTER DR,,26,42.42008333,-83.18128333,0,14,0,0,1,1,0,7,1,10,0,10,0,0000000,99,99,99,99,99,99,14,15,0,1,0
26,260370,2,2,0,0,0,4,4,59,4574,15,6,2014,1,11,24,1,2,2,US-127 MERIDIAN RD,,3,42.06983889,-84.36351667,0,12,2,0,1,1,0,2,1,1,0,1,0,0000000,99,99,99,99,99,99,0,0,0,1,1
26,260371,2,2,0,0,0,5,5,49,1730,3,7,2014,5,14,25,1,13,6,PIERSON RD,NORTH ST,67,43.06106389,-83.69061944,0,12,6,0,2,2,0,1,1,10,0,10,0,0000000,99,99,99,99,99,99,20,0,0,1,0
26,260372,1,1,0,0,0,1,1,121,0,6,7,2014,1,18,59,0,14,4,CR-WHITE LAKE DR,,22,43.38469167,-86.31427222,0,34,0,0,1,1,0,4,1,10,0,10,0,0000000,99,99,99,99,88,88,0,0,0,1,1
26,260373,1,1,0,1,1,1,1,49,1730,7,7,2014,2,21,49,0,14,6,MARTIN LUTHER KING BLVD,LORADO AVE,37,43.07077222,-83.70630556,0,8,0,0,3,2,0,1,3,1,0,1,0,0000000,21,53,21,56,88,88,0,0,0,1,0
26,260374,2,2,0,0,0,2,2,15,2220,10,7,2014,5,8,58,0,14,3,SR-43N BROADWAY AVE,W NORTH ST,13,42.66341944,-85.29067222,0,12,6,0,2,3,0,1,1,1,0,1,0,0000000,99,99,99,99,99,99,0,0,0,1,0
26,260375,1,1,0,0,0,1,1,11,0,18,6,2014,4,22,4,0,4,4,CR-MAPLE RIDGE ST,,9,44.14148889,-84.12229167,0,11,0,0,1,1,0,1,2,1,0,1,0,0000000,99,99,99,99,99,99,22,0,0,1,0
26,260376,2,2,0,0,0,2,2,125,4567,20,6,2014,6,6,3,1,11,1,I-696,,131,42.478925,-83.20600833,0,20,0,1,19,1,0,8,4,10,0,10,0,0000000,99,99,99,99,99,99,0,0,0,1,0
26,260377,2,2,0,0,0,2,2,19,0,11,7,2014,6,14,9,1,2,2,US-31 HONOR HWY,,98,44.64993889,-86.07398611,0,12,2,0,1,1,0,1,1,10,0,10,0,0000000,14,13,14,14,88,88,0,0,0,1,0
26,260378,1,1,0,0,0,1,1,99,1009,29,6,2014,1,3,50,1,11,1,I-94 RAMP 007E,,1,42.55338611,-82.87484444,0,42,0,1,5,1,0,8,2,1,0,1,0,0000000,3,55,4,2,99,99,0,0,0,1,0
26,260379,1,1,0,0,0,2,2,157,0,12,7,2014,7,19,17,0,4,4,CR-HURDS CORNER RD,,88,43.4508,-83.28701389,0,53,0,0,1,1,0,4,1,1,0,1,0,0000000,19,17,19,34,99,99,22,0,0,1,1
26,260380,2,2,0,0,0,3,3,49,686,13,7,2014,1,18,30,0,15,6,MAPLE RD,S BELSAY RD,73,42.96104722,-83.59852778,0,12,1,0,3,3,0,1,1,1,0,1,0,0000000,18,36,18,40,99,99,0,0,0,1,0
26,260381,1,1,0,0,0,2,2,163,1260,24,6,2014,3,7,0,1,13,6,WARREN,,77,42.40111667,-82.94327778,0,19,0,0,1,1,0,5,1,10,0,10,0,0000000,99,99,99,99,99,99,0,0,0,1,0
26,260382,1,1,0,0,0,1,1,115,1586,1,7,2014,3,19,26,0,6,4,CR-SUDER AVE,,20,41.76131111,-83.49020833,0,5,0,0,1,1,0,1,1,1,0,1,0,0000000,19,33,19,48,88,88,0,0,0,1,1
26,260383,1,1,0,1,1,3,3,31,0,3,7,2014,5,21,50,0,3,3,SR-27  STRAITS HWY,,124,45.59056944,-84.48913611,0,8,0,0,1,1,0,1,5,1,0,1,0,0000000,21,50,22,12,88,88,0,0,0,1,0
26,260384,4,4,0,0,0,7,7,163,1260,12,7,2014,7,0,25,1,13,6,SCHAEFER,JAMES COUZENS,104,42.42546389,-83.1802,0,12,6,0,2,7,0,1,3,1,0,1,0,0000000,99,99,99,99,99,99,0,0,0,1,1
26,260385,2,2,0,0,0,3,3,81,0,4,7,2014,6,18,19,0,4,4,CR-13 MILE RD NW,,8,43.16163333,-85.77359722,0,12,6,0,8,1,0,1,1,1,0,1,0,0000000,18,19,18,23,88,88,22,0,0,1,1
26,260386,2,2,0,0,0,4,4,161,0,3,7,2014,5,16,7,1,12,2,US-23,,86,42.20663056,-83.68516944,0,12,6,1,18,1,0,1,1,1,0,1,0,0000000,99,99,99,99,99,99,0,0,0,2,1
26,260387,1,1,0,0,0,1,1,115,1586,7,7,2014,2,4,45,1,1,1,I-75,,49,41.79778333,-83.45963333,0,1,0,1,18,1,0,1,2,10,0,10,0,0000000,4,48,5,5,88,88,19,0,0,1,0
26,260388,2,2,0,0,0,5,5,165,0,15,7,2014,3,5,44,1,2,3,SR-115,,213,44.27410833,-85.47271111,0,12,6,0,4,1,0,1,2,10,0,10,0,0000000,5,46,5,51,99,99,0,0,0,1,0
26,260389,2,2,0,1,1,2,2,125,2230,5,7,2014,7,23,25,1,11,1,I-75,,12,42.46008056,-83.10511111,0,8,0,0,1,1,0,1,3,1,0,1,0,0000000,99,99,99,99,99,99,0,0,0,1,0
26,260390,1,1,0,0,0,1,1,123,0,7,7,2014,2,21,0,0,4,4,CR-N DICKINSON AVE,,56,43.72464722,-86.01925,0,11,0,0,1,1,0,1,5,10,0,10,0,0000000,21,7,21,28,88,88,22,0,0,1,0
26,260391,1,1,0,1,1,1,1,165,0,14,7,2014,2,6,35,1,13,5,S MITCHELL ST BUSINESS US-131,,6,44.22588056,-85.39613889,0,8,0,0,1,1,0,1,1,1,0,1,0,0000000,6,37,6,42,88,88,0,0,0,1,0
26,260392,1,1,0,1,1,1,1,125,1652,7,7,2014,2,23,58,1,13,3,SR-102 8 MILE RD,INKSTER RD,2,42.44219444,-83.31688889,0,8,0,0,3,2,0,1,2,10,0,10,0,0000000,23,59,0,7,99,99,0,0,0,1,0
26,260393,2,2,0,0,0,2,2,81,2020,4,7,2014,6,21,52,1,13,6,RIVERTOWN PKWY SW,WILSON AVE SW,5,42.88224167,-85.76264167,0,12,6,0,2,2,0,1,3,1,0,1,0,0000000,21,52,21,57,88,88,0,0,0,1,0
26,260394,2,2,0,0,0,3,3,27,0,14,7,2014,2,16,5,0,3,2,US-12,,160,41.76851667,-85.95029722,0,12,2,0,1,1,0,1,1,2,0,2,0,0000000,99,99,99,99,99,99,0,0,0,1,0
26,260395,2,2,0,0,0,4,4,147,0,17,7,2014,5,15,34,1,13,3,SR-25 LAKESHORE RD,BURTCH RD,88,43.11478611,-82.49352778,0,12,6,0,2,2,0,1,1,1,0,1,0,0000000,15,35,15,47,99,99,0,0,0,2,0
26,260396,1,1,0,0,0,1,1,163,1260,5,7,2014,7,2,46,0,16,6,STRATHMOOR ST,,1,42.36643333,-83.18630278,0,42,0,0,1,1,0,4,3,1,0,1,0,0000000,99,99,99,99,99,99,0,0,0,1,1
26,260397,1,1,0,1,1,1,1,81,6,9,7,2014,4,18,54,0,16,4,CR-EQYPT VALLEY AVE,,21,43.00891111,-85.51106389,0,9,0,0,1,1,0,1,1,1,0,1,0,0000000,18,55,19,10,88,88,22,0,0,1,1
26,260398,2,2,0,0,0,2,2,139,0,10,7,2014,5,19,42,1,1,1,I-96,,164,43.04328333,-85.84517778,0,12,2,0,1,1,0,1,1,1,0,1,0,0000000,19,43,19,58,99,99,0,0,0,1,1
26,260399,1,1,0,0,0,1,1,49,686,12,7,2014,7,3,22,1,11,1,I-69 RAMP 008A,,0,43.01925833,-83.60145,0,1,0,1,5,1,0,8,3,1,0,1,0,0000000,3,23,3,26,88,88,0,0,0,1,0
26,260400,1,1,0,0,0,1,1,147,0,13,7,2014,1,18,17,0,6,4,CR-NORMAN RD,,110,43.08719167,-82.77391389,0,1,0,0,1,1,0,4,1,1,0,1,0,0000000,18,18,18,26,88,88,22,0,0,1,0
26,260401,2,2,0,0,0,3,3,5,0,12,7,2014,7,17,19,0,4,4,CR-142ND AVE,26TH ST,100,42.72496667,-85.80110278,0,12,6,0,2,2,0,1,1,1,0,1,0,0000000,17,20,17,26,99,99,0,0,0,1,0
26,260402,2,2,0,0,0,2,2,59,89,15,7,2014,3,6,45,1,2,2,US-12 W CHICAGO DR,,30,41.95687778,-84.76953333,0,12,6,0,8,1,0,1,1,1,0,1,0,0000000,6,49,6,55,99,99,0,0,0,1,0
26,260403,1,1,0,1,1,1,1,163,1260,14,7,2014,2,3,0,0,14,6,CHALMERS,CHELSEA AVE,30,42.41220556,-82.96929444,0,8,0,0,2,2,0,1,3,2,0,2,0,0000000,99,99,99,99,99,99,0,0,0,1,0
26,260404,1,1,0,1,1,1,1,163,1260,15,7,2014,3,5,20,0,14,6,HAYES ST,GFLENFIELD AVE,90,42.41841667,-82.96492778,0,8,0,0,3,3,0,1,2,10,0,10,0,0000000,99,99,99,99,99,99,0,0,0,1,0
26,260405,2,2,0,0,0,4,4,163,1260,15,7,2014,3,21,25,0,14,6,OAKLAND AVE,HOLBROOK,8,42.38446667,-83.07166667,0,12,6,0,2,2,0,1,1,10,0,10,0,0000000,99,99,99,99,99,99,0,0,0,2,0
26,260406,1,1,0,0,0,2,2,115,0,17,7,2014,5,19,15,0,6,4,CR-GOETZ RD,,26,41.82173889,-83.71794722,0,32,0,0,1,1,0,4,1,1,0,1,0,0000000,19,24,19,35,99,99,0,0,0,1,0
26,260407,3,3,0,0,0,3,3,111,3240,18,7,2014,6,11,58,1,13,3,SR-50 ISABELLA ST,,166,43.61238611,-84.278275,0,12,1,0,1,1,0,1,1,1,0,1,0,0000000,12,0,12,6,88,88,0,0,0,1,0
26,260408,1,1,0,1,1,1,1,163,1260,13,7,2014,1,22,15,0,14,6,E GRAND AVE,E CANFIELD ST,17,42.36944444,-83.01628333,0,9,0,0,2,2,0,1,5,10,0,10,0,0000000,99,99,99,99,99,99,0,0,0,1,0
26,260409,4,1,3,1,1,1,1,163,1260,17,7,2014,5,15,25,0,16,6,CRUSE ST,,4,42.40190556,-83.1834,0,14,0,0,1,1,0,7,1,10,0,10,0,0000000,99,99,99,99,99,99,0,0,0,1,0
26,260410,2,2,0,0,0,2,2,21,448,18,7,2014,6,5,31,0,3,2,US-12,,204,41.80534167,-86.33217778,0,12,2,0,1,1,0,1,4,1,0,1,0,0000000,5,33,5,42,99,99,0,0,0,1,0
26,260411,1,1,0,0,0,1,1,121,0,17,7,2014,5,23,5,0,3,3,SR-37 N NEWAYGO RD,,40,43.262075,-85.81561944,0,24,0,0,1,1,0,4,2,1,0,1,0,0000000,99,99,99,99,88,88,0,0,0,1,0
26,260412,1,1,0,0,0,1,1,27,0,3,7,2014,5,19,56,0,3,3,SR-40,,126,41.98381111,-85.81155278,0,34,0,0,1,1,0,4,1,1,0,1,0,0000000,99,99,99,99,99,99,0,0,0,1,0
26,260413,2,2,0,0,0,3,3,157,0,24,7,2014,5,6,49,0,6,4,CR-FAIRGROVE RD,COLLING RD,146,43.52421111,-83.40833056,0,12,6,0,2,2,0,1,4,1,0,1,0,0000000,6,50,6,56,99,99,22,0,0,1,0
26,260414,1,1,0,1,1,1,1,99,4521,13,1,2014,2,5,57,1,12,3,SR-53,,78,42.65523333,-83.01446667,0,8,0,0,1,1,0,1,2,1,0,1,0,0000000,5,59,6,6,88,88,0,0,0,1,0
26,260415,1,1,0,0,0,1,1,115,1586,23,7,2014,4,23,0,0,6,4,CR-BENORE RD,,0,41.75721667,-83.51612222,0,32,0,0,1,1,0,4,2,1,0,1,0,0000000,23,4,23,13,88,88,0,0,0,1,1
26,260416,2,2,0,0,0,4,4,81,0,23,7,2014,4,23,37,0,3,3,SR-57 14 MILE RD,,136,43.17635833,-85.38310833,0,12,2,0,1,1,0,1,2,1,0,1,0,0000000,23,35,23,48,0,42,0,0,0,1,1
26,260417,4,4,0,0,0,4,4,161,0,24,7,2014,5,7,25,1,13,2,US-12 W MICHIGAN AVE,,156,42.19678889,-83.70526389,0,12,1,0,1,1,0,1,1,1,0,1,0,0000000,7,25,7,29,99,99,0,0,0,1,0
26,260418,1,1,0,0,0,1,1,163,4295,24,7,2014,5,1,10,0,15,6,BEVERLY RD,,17,42.25973333,-83.361775,0,32,0,0,1,1,0,4,2,1,0,1,0,0000000,99,99,99,99,88,88,20,0,0,1,0
26,260419,1,1,0,0,0,2,2,163,1260,4,7,2014,6,23,20,1,13,6,E JEFFERSON,,45,42.36822778,-82.96765833,0,30,0,0,1,1,0,4,3,1,0,1,0,0000000,99,99,99,99,99,99,0,0,0,2,1
26,260420,2,2,0,0,0,3,3,73,0,24,7,2014,5,15,55,0,6,4,CR-W BASELINE RD,W LINCOLN RD,78,43.64041111,-84.8083,0,12,6,0,2,2,0,1,1,1,0,1,0,0000000,15,59,16,4,99,99,22,0,0,1,0
26,260421,2,2,0,0,0,3,3,81,5319,24,7,2014,5,17,13,0,14,6,CLYDE PARK AVE SW,,100,42.91280556,-85.68562778,0,1,0,0,8,1,0,1,1,1,0,1,0,0000000,17,15,17,18,88,88,0,0,0,1,0
26,260422,2,2,0,0,0,5,5,27,0,26,7,2014,7,21,51,1,13,3,SR-60,,17,41.82125833,-86.20175556,0,12,6,0,1,1,0,1,5,1,0,1,0,0000000,21,51,21,58,99,99,0,0,0,1,0
26,260423,2,2,0,0,0,5,5,147,0,26,7,2014,7,0,45,0,5,4,CR-MASTERS RD,BRAIDWOOD RD,53,42.94062222,-82.80177222,0,12,6,0,2,2,0,1,2,1,0,1,0,0000000,0,49,0,57,99,99,22,0,0,1,2
26,260424,2,2,0,0,0,8,8,123,0,26,7,2014,7,23,58,0,4,4,CR-W 48TH ST,,85,43.46673611,-85.87012222,0,12,2,0,1,1,0,2,2,1,0,1,0,0000000,23,58,0,7,99,99,0,0,0,1,0
26,260425,2,2,0,0,0,4,4,147,0,27,7,2014,1,0,15,0,4,4,CR-DOWNEY RD,CAPAC RD,6,43.02245,-82.92869167,0,12,2,0,2,2,0,1,2,1,0,1,0,0000000,0,23,99,99,88,88,0,0,0,1,1
26,260426,1,1,0,0,0,1,1,161,0,27,7,2014,1,23,18,0,14,6,WHITMORE LAKE RD,,8,42.31439722,-83.74631667,0,42,0,0,1,1,0,4,2,2,0,2,0,0000000,23,20,23,26,88,88,22,0,0,1,1
26,260427,2,2,0,0,0,9,9,99,4330,26,7,2014,7,0,23,1,13,6,E 12 MILE RD,LITTLE MACK AVE,91,42.51023611,-82.90832778,0,12,6,0,2,2,0,1,3,1,0,1,0,0000000,0,25,0,31,99,99,0,0,0,1,1
26,260428,2,2,0,0,0,3,3,125,4905,29,7,2014,3,0,43,1,13,6,E BIG BEAVER RD,DEQUINDRE RD,55,42.56411667,-83.08877222,0,12,6,0,2,2,0,1,3,1,0,1,0,0000000,0,44,0,46,99,99,0,0,0,1,0
26,260429,2,2,0,0,0,2,2,147,787,13,7,2014,1,6,0,1,11,1,I-94,,16,42.751125,-82.7086,0,12,1,0,1,1,0,1,4,1,0,1,0,0000000,99,99,99,99,99,99,0,0,0,1,1
26,260430,1,1,0,0,0,1,1,91,4282,29,7,2014,3,19,23,1,2,2,US-127,,4,41.97181389,-84.35783056,0,32,0,0,1,1,0,4,5,10,0,10,0,0000000,19,23,19,25,88,88,0,0,0,1,0
26,260431,2,2,0,0,0,4,4,105,0,31,7,2014,5,12,0,0,3,3,SR-PERE MARQUETTE HWY,,70,43.91685278,-86.40666111,0,12,6,0,1,1,0,1,1,1,0,1,0,0000000,12,1,12,10,99,99,0,0,0,2,0
26,260432,1,1,0,0,0,1,1,139,4807,26,7,2014,7,21,35,0,15,4,CR-LUCE ST,,22,42.95156944,-85.80854722,0,1,0,0,1,1,0,1,2,1,0,1,0,0000000,21,36,21,46,99,99,0,0,0,1,1
26,260433,1,1,0,1,1,2,2,149,0,27,7,2014,1,21,41,0,3,3,SR-66,,3,41.76401944,-85.42813889,0,8,0,0,1,1,0,1,2,1,0,1,0,0000000,21,44,21,48,88,88,0,0,0,1,0
26,260434,2,2,0,0,0,2,2,163,1260,14,7,2014,2,3,50,1,13,6,GREENFIELD,CURTIS,108,42.42313889,-83.19956667,0,12,6,0,2,2,0,1,3,1,0,1,0,0000000,99,99,99,99,99,99,0,0,0,1,0
26,260435,1,1,0,0,0,3,3,65,0,29,7,2014,3,22,9,0,6,4,CR-HARPER RD,,2,42.61498333,-84.55860278,0,42,0,0,1,1,0,5,2,1,0,1,0,0000000,22,9,22,12,99,99,0,0,0,2,0
26,260436,1,1,0,0,0,1,1,23,0,30,7,2014,4,9,45,0,14,4,CR-UNION CITY RD,,19,41.96462778,-85.01956944,0,42,0,0,1,1,0,4,1,1,0,1,0,0000000,9,50,9,53,88,88,0,0,0,1,0
26,260437,1,1,0,0,0,1,1,115,0,27,7,2014,1,3,25,0,3,4,CR-IDA EAST RD,GEIGER RD,120,41.91090556,-83.55253056,0,19,0,0,3,3,0,5,2,1,0,1,0,0000000,3,30,3,43,88,88,22,0,0,1,1
26,260438,2,2,0,0,0,4,4,147,0,31,7,2014,5,13,25,0,6,4,CR-MARSH RD,,59,42.71228611,-82.53798611,0,12,6,0,1,1,0,1,1,1,0,1,0,0000000,13,26,13,32,99,99,0,0,0,1,0
26,260439,1,1,0,1,1,1,1,163,1260,25,7,2014,6,22,5,1,13,3,SR-3,,89,42.44765278,-82.96939167,0,8,0,0,1,1,0,1,2,1,0,1,0,0000000,99,99,99,99,99,99,0,0,0,1,0
26,260440,1,1,0,0,0,3,3,115,0,25,7,2014,6,21,1,0,4,4,CR-SYLVANIA PETERSBURG RD,,33,41.86934444,-83.70958333,0,18,0,0,1,1,0,5,5,2,0,2,0,0000000,21,9,21,29,99,99,0,0,0,1,1
26,260441,1,1,0,1,1,1,1,9,0,18,7,2014,6,11,17,1,2,2,US-131,,48,44.91401111,-85.04806111,0,9,0,0,1,1,0,1,1,1,0,1,0,0000000,99,99,99,99,88,88,0,0,0,1,0
26,260443,1,1,0,1,1,1,1,49,0,9,7,2014,4,19,10,0,14,4,CR-FENTON RD,,54,42.87113056,-83.69684167,0,8,0,0,1,1,0,1,1,1,0,1,0,0000000,99,99,99,99,99,99,0,0,0,1,0
26,260444,2,2,0,0,0,6,6,99,5110,20,7,2014,1,22,30,0,15,9,11 MILE RD,GROESBECK HWY,62,42.49428889,-82.9689,0,12,6,0,2,2,0,1,3,1,0,1,0,0000000,99,99,99,99,99,99,0,0,0,1,0
26,260445,1,1,0,0,0,1,1,27,0,25,7,2014,6,2,10,0,4,4,CR-PINE LAKE ST,,23,41.84020278,-86.11419167,0,42,0,0,1,1,0,4,2,1,0,1,0,0000000,99,99,99,99,88,88,0,0,0,1,0
26,260446,1,1,0,0,0,1,1,99,2181,23,7,2014,4,9,23,1,13,4,CR-METROPOLITAN PKWY,,122,42.57281667,-82.85045278,0,26,0,0,1,1,0,3,1,10,0,10,0,0000000,99,99,99,99,88,88,22,0,0,1,0
26,260447,1,1,0,0,0,2,2,163,4975,6,7,2014,1,2,1,0,16,4,CR-MORTON TAYLOR RD,,29,42.26375556,-83.46717222,0,42,0,0,1,1,0,5,2,1,0,1,0,0000000,99,99,99,99,99,99,0,0,0,1,0
26,260448,3,3,0,0,0,3,3,81,0,19,7,2014,7,13,10,0,4,4,CR-5 MILE RD NE,,188,43.04366111,-85.36501111,0,12,6,0,8,1,0,1,1,1,0,1,0,0000000,13,14,13,22,88,88,0,0,0,1,0
26,260449,1,1,0,0,0,2,2,71,0,10,5,2014,7,2,50,0,5,4,CR-WPA RD,,38,46.19983333,-88.32135556,0,42,0,0,1,1,0,6,2,1,0,1,0,0000000,99,99,99,99,99,99,22,0,0,1,1
26,260450,3,3,0,0,0,5,5,121,0,14,6,2014,7,16,12,0,16,4,CR-HALL RD,MILL IRON RD,15,43.24882778,-86.15413889,0,12,6,0,2,2,0,1,1,1,0,1,0,0000000,16,12,16,17,99,99,0,0,0,1,0
26,260451,1,1,0,0,0,2,2,163,4571,29,6,2014,1,4,19,0,14,6,QUARRY RD,,3,42.18865556,-83.17968611,0,5,0,0,98,1,0,1,3,1,0,1,0,0000000,4,23,4,26,99,99,0,0,0,1,1
26,260452,1,1,0,1,1,1,1,139,0,25,7,2014,6,23,53,0,6,4,CR-ARTHUR ST,,125,43.06010833,-85.85747778,0,8,0,0,1,1,0,1,2,1,0,1,0,0000000,23,54,0,11,99,99,22,0,0,1,0
26,260453,1,1,0,0,0,2,2,163,1260,25,7,2014,6,17,0,0,16,6,FIELD AVE,,6,42.38235556,-83.02336667,0,5,0,0,1,1,0,1,1,1,0,1,0,0000000,99,99,99,99,99,99,0,0,0,1,0
26,260454,2,2,0,0,0,4,4,157,0,1,8,2014,6,10,20,1,2,3,SR-46 SANILAC RD,VASSAR RD,59,43.40801667,-83.58053611,0,12,6,0,2,2,0,1,1,1,0,1,0,0000000,10,30,10,46,99,99,0,0,0,1,0
26,260455,3,3,0,0,0,3,3,45,0,3,8,2014,1,11,37,0,14,3,SR-43 W. SAGINAW HWY,W GREENFIELD RD,190,42.74096389,-84.68448611,0,12,2,0,1,1,0,1,1,1,0,1,0,0000000,11,39,11,41,99,99,0,0,0,1,1
26,260456,1,1,0,0,0,1,1,123,0,22,6,2014,1,20,20,0,4,4,CR-S WARNER AVE,,83,43.35575278,-85.94199444,0,1,0,0,1,1,0,4,1,10,0,10,0,0000000,20,25,20,34,99,99,0,0,0,1,1