STATE,ST_CASE,VE_TOTAL,VE_FORMS,PVH_INVL,PEDS,PERNOTMVIT,PERMVIT,PERSONS,COUNTY,CITY,DAY,MONTH,YEAR,DAY_WEEK,HOUR,MINUTE,NHS,ROAD_FNC,ROUTE,TWAY_ID,TWAY_ID2,MILEPT,LATITUDE,LONGITUD,SP_JUR,HARM_EV,MAN_COLL,RELJCT1,RELJCT2,TYP_INT,WRK_ZONE,REL_ROAD,LGT_COND,WEATHER1,WEATHER2,WEATHER,SCH_BUS,RAIL,NOT_HOUR,NOT_MIN,ARR_HOUR,ARR_MIN,HOSP_HR,HOSP_MN,CF1,CF2,CF3,FATALS,DRUNK_DR
26,260569,1,1,0,0,0,1,1,125,1081,8,9,2014,2,0,59,0,14,4,CR-BENSTEIN RD,,28,42.57246667,-83.50780556,0,34,0,0,1,1,0,4,2,1,0,1,0,0000000,1,0,1,10,99,99,0,0,0,1,1
26,260570,2,2,0,0,0,2,2,163,1260,8,9,2014,2,17,30,1,13,6,7 MILE RD,,106,42.42990833,-83.22517222,0,12,6,0,8,1,0,1,1,1,0,1,0,0000000,99,99,99,99,99,99,0,0,0,1,1
26,260571,1,1,0,1,1,1,1,163,1260,17,9,2014,4,22,20,1,13,6,GREENFIELD,,64,42.36005556,-83.19706667,0,8,0,0,1,1,0,1,2,1,0,1,0,0000000,99,99,99,99,99,99,0,0,0,1,0
26,260572,1,1,0,1,1,1,1,163,1260,23,9,2014,3,5,40,1,13,3,SR-102 E 8 MILE RD,GRATIOT,59,42.44983611,-82.96790556,0,8,0,0,2,2,0,1,2,1,0,1,0,0000000,99,99,99,99,99,99,0,0,0,1,0
26,260573,1,1,0,0,0,2,2,125,0,28,9,2014,1,2,15,0,14,4,CR-ELIZABETH LAKE RD,,27,42.64675556,-83.39102778,0,1,0,0,1,1,0,4,3,1,0,1,0,0000000,2,15,2,20,99,99,0,0,0,1,1
26,260574,1,1,0,0,0,1,1,23,1935,6,9,2014,7,23,40,0,9,4,CR-HAWLEY DR,,1,41.98544722,-85.02191111,0,42,0,0,1,1,0,4,2,1,0,1,0,0000000,99,99,99,99,99,99,0,0,0,1,1
26,260575,2,2,0,0,0,3,3,59,5080,21,9,2014,1,8,30,0,3,3,SR-34 HUDSON RD,WALDRON RD,76,41.85494444,-84.41991944,0,12,6,0,2,2,0,1,1,1,0,1,0,0000000,99,99,99,99,99,99,0,0,0,1,0
26,260576,1,1,0,0,0,1,1,21,410,8,9,2014,2,0,16,0,16,6,PEARL,,5,42.10081111,-86.45014722,0,42,0,0,1,1,0,4,3,1,0,1,0,0000000,99,99,99,99,88,88,20,0,0,1,0
26,260577,2,2,0,0,0,2,2,93,0,26,9,2014,6,5,46,0,14,4,CR-LATSON RD,FIGURSKI DR,7,42.58889167,-83.87425,0,12,2,0,3,2,0,1,2,1,0,1,0,0000000,99,99,99,99,99,99,0,0,0,1,0
26,260578,3,3,0,0,0,4,4,75,0,9,9,2014,3,15,29,1,2,2,US-127 S MERIDIAN RD,S LIBERTY RD,20,42.10256111,-84.3639,0,1,0,0,2,3,0,1,1,1,0,1,0,0000000,15,31,15,39,99,99,0,0,0,2,0
26,260579,1,1,0,0,0,1,1,49,1730,26,9,2014,6,19,6,0,16,6,SENECA ST,,5,43.0376,-83.73005278,0,42,0,0,1,1,0,5,1,1,0,1,0,0000000,19,11,19,12,99,99,0,0,0,1,0
26,260580,2,2,0,0,0,3,3,31,0,10,9,2014,4,11,15,0,3,3,SR-68,,105,45.37328889,-84.43051667,0,12,2,0,1,1,0,1,1,2,0,2,0,0000000,11,16,99,99,99,99,0,0,0,1,0
26,260581,1,1,0,0,0,3,3,159,0,21,9,2014,1,0,35,0,6,4,CR-40TH AVE,,37,42.27264167,-85.99875833,0,43,0,0,1,1,0,4,2,1,0,1,0,0000000,0,39,0,50,99,99,0,0,0,1,1
26,260582,2,2,0,0,0,2,2,81,2010,7,9,2014,1,8,21,0,14,6,3 MILE RD NE,PLAINFIELD AVE NE,9,43.01339444,-85.64634167,0,12,1,0,3,2,0,1,1,1,0,1,0,0000000,8,23,8,28,88,88,0,0,0,1,0
26,260583,2,2,0,0,0,3,3,125,4567,28,9,2014,1,19,28,1,11,1,I-696,,104,42.48675,-83.25163611,0,12,1,1,18,1,0,1,1,1,0,1,0,0000000,99,99,99,99,99,99,20,0,0,1,0
26,260584,1,1,0,0,0,1,1,87,2710,28,9,2014,1,18,0,0,16,6,PARKWAY ST,MOCKINGBIRD TRL,1,43.05620556,-83.30230278,0,5,0,0,1,1,0,1,1,1,0,1,0,0000000,18,2,18,6,99,99,0,0,0,1,1
26,260585,2,2,0,0,0,3,3,55,0,13,9,2014,7,22,20,0,4,4,CR-WILLIAMSBURG RD,,46,44.75461111,-85.40388611,0,12,2,0,1,1,0,1,2,10,0,10,0,0000000,22,28,22,34,99,99,0,0,0,1,1
26,260586,2,2,0,0,0,2,2,81,2010,14,9,2014,1,2,54,1,11,1,I-96,,127,42.97313611,-85.59139444,0,12,2,1,18,1,0,1,3,10,0,10,0,0000000,99,99,99,99,99,99,0,0,0,1,1
26,260587,1,1,0,0,0,2,2,163,1260,6,9,2014,7,0,42,1,13,3,SR-8 W DAVISON RD,,14,42.38879444,-83.13340556,0,42,0,0,1,1,0,1,2,10,0,10,0,0000000,99,99,99,99,99,99,20,0,0,1,0
26,260588,2,2,0,0,0,2,2,21,5120,16,9,2014,3,6,51,0,14,3,SR-140,,158,42.20995833,-86.24399444,0,12,6,0,1,1,0,1,2,1,0,1,0,0000000,6,54,6,58,88,88,0,0,0,1,0
26,260589,1,1,0,1,1,1,1,163,738,8,9,2014,2,18,26,1,13,2,US-12 MICHIGAN AVE,,61,42.28023056,-83.43821944,0,9,0,0,1,1,0,1,1,1,0,1,0,0000000,18,27,18,32,99,99,0,0,0,1,0
26,260590,1,1,0,0,0,2,2,47,762,23,9,2014,3,2,30,0,5,4,CR-MACKINAW HWY,,1,45.69899167,-84.73199722,0,1,0,0,1,1,0,5,2,1,0,1,0,0000000,3,3,3,4,99,99,0,0,0,1,1
26,260591,2,2,0,0,0,2,2,163,5279,17,9,2014,4,5,50,1,11,1,I-75,,47,42.13443889,-83.24162222,0,54,11,1,18,1,0,1,2,1,0,1,0,0000000,5,50,6,0,88,88,14,0,0,1,0
26,260592,1,1,0,0,0,2,2,81,2010,28,9,2014,1,16,53,1,11,1,I-196,,76,42.95759444,-85.70594167,0,52,0,0,1,1,0,3,1,1,0,1,0,0000000,16,53,16,57,99,99,0,0,0,1,1
26,260593,2,2,0,0,0,2,2,99,4521,7,9,2014,1,6,22,1,13,4,CR-23 MILE RD,,45,42.66979722,-83.00953333,0,12,6,0,8,1,0,1,3,1,0,1,0,0000000,6,23,6,27,99,99,0,0,0,1,0
26,260594,2,2,0,0,0,2,2,123,0,20,9,2014,7,4,8,0,4,4,CR-ALGER AVE,,15,43.31484722,-85.90989167,0,12,6,0,1,1,0,1,2,1,0,1,0,0000000,4,10,4,21,99,99,0,0,0,1,0
26,260595,2,2,0,0,0,3,3,65,1430,18,9,2014,5,1,58,1,12,2,US-127,,0,42.72305833,-84.50696389,0,12,2,1,18,1,0,1,3,1,0,1,0,0000000,99,99,99,99,99,99,0,0,0,2,1
26,260596,3,3,0,0,0,4,4,163,1260,7,9,2014,1,20,27,1,13,3,SR-3 GRATIOT AVE,,65,42.41715,-82.98948056,0,12,7,0,1,1,0,1,2,1,0,1,0,0000000,99,99,99,99,99,99,0,0,0,1,1
26,260597,1,1,0,1,1,1,1,115,3320,2,9,2014,3,16,43,1,13,2,US-24 TELEGRAPH RD,,153,41.92423056,-83.41442778,0,8,0,0,1,1,0,1,1,1,0,1,0,0000000,16,43,16,43,99,99,0,0,0,1,0
26,260598,1,1,0,0,0,1,1,49,0,20,9,2014,7,19,9,1,11,1,I-69,,213,43.01110278,-83.53301667,0,59,0,0,1,1,0,4,5,10,0,10,0,0000000,99,99,99,99,88,88,0,0,0,1,1
26,260599,2,2,0,0,0,5,5,5,0,1,6,2014,1,17,40,1,13,3,SR-40,,28,42.55085556,-85.88478333,0,12,2,0,1,1,0,1,1,1,0,1,0,0000000,99,99,99,99,99,99,0,0,0,2,0
26,260600,1,1,0,1,1,1,1,145,765,9,8,2014,7,23,44,0,14,4,CR-CARROLLTON RD,,14,43.45636111,-83.92819722,0,8,0,0,1,1,0,1,2,1,0,1,0,0000000,23,44,23,46,99,99,0,0,0,1,0
26,260601,1,1,0,0,0,4,4,163,1260,23,9,2014,3,22,55,1,11,1,I-96,,151,42.38525,-83.158975,0,21,0,0,1,1,0,4,2,1,0,1,0,0000000,99,99,99,99,88,88,0,0,0,4,0
26,260602,1,1,0,0,0,1,1,115,4626,3,10,2014,6,2,0,0,14,6,HURON RIVER DR,,16,42.05610833,-83.23758611,0,38,0,0,1,1,0,5,2,10,0,10,0,0000000,2,8,2,25,88,88,0,0,0,1,1
26,260603,1,1,0,1,1,1,1,123,0,24,9,2014,4,7,18,0,4,4,CR-11 MILE RD,,75,43.71283333,-85.867325,0,8,0,0,1,1,0,1,4,1,0,1,0,0000000,7,18,7,30,88,88,0,0,0,1,0
26,260604,1,1,0,1,1,1,1,67,0,5,10,2014,1,2,32,0,3,3,SR-21 BLUE WATER HWY,,150,43.00049444,-84.90171389,0,8,0,0,1,1,0,1,3,2,0,2,0,0000000,2,32,2,42,88,88,0,0,0,1,0
26,260605,2,2,0,0,0,3,3,39,2050,8,9,2014,2,13,5,1,2,3,SR-72,,71,44.660225,-84.72290833,0,12,6,0,8,1,0,1,1,1,0,1,0,0000000,99,99,99,99,99,99,0,0,0,1,0
26,260606,1,1,0,0,0,1,1,161,0,16,9,2014,3,1,15,1,12,2,US-23,,47,42.14962778,-83.68396944,0,42,0,0,1,1,0,4,2,1,0,1,0,0000000,99,99,99,99,88,88,0,0,0,1,0
26,260607,1,1,0,1,1,2,2,163,1260,5,10,2014,1,19,40,1,13,3,SR-3 GRATIOT,WILFRED,61,42.41146944,-82.99320556,0,8,0,0,3,2,0,1,1,10,0,10,0,0000000,99,99,99,99,99,99,0,0,0,1,0
26,260608,1,1,0,0,0,1,1,65,0,19,9,2014,6,14,40,1,11,1,I-96,,60,42.67618889,-84.492,0,1,0,1,19,1,0,4,1,1,0,1,0,0000000,99,99,99,99,99,99,0,0,0,1,1
26,260609,2,2,0,0,0,2,2,161,150,24,9,2014,4,23,9,1,11,1,I-94 RAMP 008B,,1,42.28424722,-83.78681389,0,5,0,1,5,1,0,8,2,1,0,1,0,0000000,99,99,99,99,99,99,14,0,0,1,0
26,260610,2,2,0,0,0,2,2,163,4166,6,10,2014,2,10,16,1,13,4,CR-SIX MILE RD,BEECH DALY RD,130,42.41399722,-83.29643889,0,12,6,0,2,2,0,1,1,10,0,10,0,0000000,10,17,10,21,99,99,20,0,0,1,0
26,260611,1,1,0,0,0,1,1,47,0,28,9,2014,1,99,99,0,6,4,CR-JOHNSTON HILL RD,,43,45.58846944,-85.01650833,0,42,0,0,1,1,0,4,4,1,0,1,0,0000000,10,55,11,11,88,88,22,0,0,1,0
26,260612,1,1,0,1,1,1,1,81,0,8,10,2014,4,1,56,1,12,3,SR-6,,39,42.85318889,-85.70717778,0,8,0,0,1,1,0,1,5,1,0,1,0,0000000,1,56,2,10,88,88,0,0,0,1,0
26,260613,1,1,0,0,0,1,1,91,3817,28,9,2014,1,20,23,0,5,4,CR-OGDEN HWY,,8,41.83608333,-83.99131111,0,11,0,0,1,1,0,1,2,10,0,10,0,0000000,20,23,20,32,88,88,0,0,0,1,1
26,260614,2,2,0,0,0,3,3,163,1260,26,9,2014,6,0,10,1,13,3,SR-39 SOUTHFIELD SERVICE DR,CIRCLE DR,154,42.44327222,-83.219825,0,12,1,0,3,4,0,1,3,1,0,1,0,0000000,99,99,99,99,99,99,0,0,0,1,0
26,260615,1,1,0,0,0,1,1,39,0,9,10,2014,5,17,29,0,4,4,CR-S MCMASTERS BRIDGE RD,,152,44.62698611,-84.41166111,0,34,0,0,1,1,0,4,1,10,0,10,0,0000000,17,30,17,45,88,88,0,0,0,1,1
26,260616,1,1,0,0,0,3,3,125,0,1,9,2014,2,18,0,0,14,4,CR-DIXIE HWY,,84,42.83198056,-83.56163611,0,1,0,0,1,1,0,4,1,10,0,10,0,0000000,99,99,99,99,99,99,0,0,0,1,1
26,260617,1,1,0,0,0,1,1,163,1260,4,10,2014,7,1,24,1,11,1,I-96,,1,42.3652,-83.13275278,0,21,0,0,1,1,0,4,2,2,0,2,0,0000000,99,99,99,99,99,99,0,0,0,1,0
26,260618,1,1,0,0,0,1,1,99,4380,13,10,2014,2,12,9,1,11,1,I-94,,18,42.47301111,-82.91649722,0,21,0,0,1,1,0,4,1,10,0,10,0,0000000,12,9,12,19,99,99,0,0,0,1,0
26,260619,1,1,0,1,1,4,4,103,0,11,10,2014,7,20,0,1,13,2,US-41/SR-28,,26,46.54941111,-87.44338889,0,8,0,0,1,1,0,1,2,1,0,1,0,0000000,99,99,99,99,88,88,0,0,0,1,0
26,260620,1,1,0,1,1,1,1,139,0,30,9,2014,3,6,20,1,13,2,US-31,RILEY ST,42,42.82666111,-86.09407222,0,8,0,0,3,2,0,1,3,10,0,10,0,0000000,6,22,6,32,88,88,0,0,0,1,0
26,260621,2,2,0,0,0,3,3,37,0,29,9,2014,2,18,13,0,4,4,CR-COLONY,WRIGHT,50,43.04681111,-84.73948333,0,12,6,0,2,2,0,1,1,1,0,1,0,0000000,18,13,18,28,99,99,0,0,0,1,0
26,260622,2,2,0,1,1,1,1,87,2710,13,10,2014,2,19,26,0,15,6,BALDWIN RD,,110,43.03817222,-83.32366111,0,12,1,0,1,1,0,1,2,10,0,10,0,0000000,19,28,19,34,99,99,23,0,0,1,0
26,260623,2,2,0,0,0,2,2,5,0,21,9,2014,1,16,35,0,6,4,CR-10TH ST,,1,42.76280278,-85.64436389,0,12,2,0,1,1,0,1,1,10,0,10,0,0000000,99,99,99,99,88,88,0,0,0,1,1
26,260624,1,1,0,0,0,1,1,163,1260,27,9,2014,7,13,40,0,15,6,BUCHANAN ST,,3,42.3345,-83.11620556,0,5,0,0,1,1,0,1,1,1,0,1,0,0000000,99,99,99,99,88,88,0,0,0,1,0
26,260625,1,1,0,1,1,2,2,161,150,26,9,2014,6,19,44,0,14,6,GEDDES,,8,42.27510833,-83.72111111,0,8,0,0,1,1,0,1,3,1,0,1,0,0000000,19,45,19,52,99,99,0,0,0,1,0
26,260626,1,1,0,1,1,1,1,161,5330,26,6,2014,5,14,14,1,13,3,SR-US12 BR HAMILTON ST,BUFFALO,7,42.23627222,-83.61743889,0,15,0,0,1,1,0,1,1,1,0,1,0,0000000,99,99,99,99,99,99,0,0,0,1,0
26,260627,1,1,0,1,1,1,1,19,0,8,8,2014,6,23,18,0,4,4,CR-HOMESTEAD RD,,75,44.61742778,-86.07701111,0,8,0,0,1,1,0,2,2,1,0,1,0,0000000,23,25,23,36,88,88,0,0,0,1,0
26,260628,2,2,0,0,0,2,2,77,0,26,8,2014,3,13,0,0,14,4,CR-NICGOLS RD,CANTERBURY,3,42.30023611,-85.62877222,0,12,6,0,2,3,0,1,1,1,0,1,0,0000000,99,99,99,99,88,88,0,0,0,1,0
26,260629,1,1,0,1,1,1,1,161,150,17,10,2014,6,10,39,0,14,6,HAYWARD ST,DRAPER ST,5,42.29396389,-83.71010278,0,9,0,0,3,2,0,1,1,10,0,10,0,0000000,10,39,10,43,99,99,0,0,0,1,0
26,260630,2,2,0,0,0,3,3,163,1260,14,10,2014,3,16,25,1,13,6,E WARREN AVE,CADILLAC BLVD,47,42.38234167,-82.99680833,0,12,6,0,2,2,0,1,1,2,0,2,0,0000000,99,99,99,99,99,99,0,0,0,1,0
26,260631,1,1,0,1,1,1,1,125,4905,15,10,2014,4,10,15,0,16,6,TIMBERCREST,,1,42.57563611,-83.09831944,0,8,0,0,8,1,0,1,1,1,0,1,0,0000000,11,8,11,12,99,99,0,0,0,1,0
26,260632,2,2,0,0,0,2,2,163,2820,20,10,2014,2,0,17,1,11,1,I-75,,132,42.24433889,-83.19379167,0,12,1,0,1,1,0,1,3,1,0,1,0,0000000,99,99,99,99,99,99,0,0,0,1,0
26,260633,1,1,0,1,1,1,1,81,840,17,10,2014,6,18,1,0,14,6,17 MILE RD,,113,43.21989722,-85.56680556,0,8,0,0,1,1,0,1,1,10,0,10,0,0000000,99,99,99,99,88,88,0,0,0,1,0
26,260634,1,1,0,0,0,3,3,75,2764,2,10,2014,5,3,31,0,15,4,CR-DETTMAN RD,,20,42.26456667,-84.36493333,0,11,0,0,1,1,0,1,2,1,0,1,0,0000000,3,32,3,36,99,99,0,0,0,1,0
26,260635,1,1,0,1,1,1,1,115,1586,18,10,2014,7,23,15,1,1,1,I-75,,68,41.82069167,-83.43913333,0,8,0,0,1,1,0,1,2,10,0,10,0,0000000,23,24,23,35,99,99,0,0,0,1,0
26,260636,2,2,0,0,0,2,2,117,0,3,10,2014,6,8,34,0,4,4,CR-E MCBRIDES RD,E CRYSTAL RD,70,43.35051667,-84.90553056,0,12,6,0,2,2,0,1,1,2,0,2,0,0000000,8,35,8,47,99,99,0,0,0,1,0
26,260637,1,1,0,1,1,1,1,99,850,23,10,2014,5,22,3,0,16,6,LIBERAL RD,E 11 MILE RD,2,42.49105556,-83.03425278,0,8,0,0,3,3,0,1,3,1,0,1,0,0000000,22,3,22,14,99,99,0,0,0,1,0
26,260638,2,2,0,0,0,4,4,81,0,25,10,2014,7,16,45,0,4,4,CR-64TH ST SE,PRATT LAKE AVE SE,30,42.84932778,-85.33110556,0,12,6,0,2,2,0,1,1,1,0,1,0,0000000,16,48,17,7,99,99,0,0,0,2,0
26,260639,2,2,0,0,0,3,3,99,0,26,10,2014,1,14,49,1,13,4,CR-23 MILE RD,VAN DYKE AVE,32,42.66958333,-83.03383056,0,12,2,0,2,2,0,1,1,1,0,1,0,0000000,14,49,14,52,99,99,0,0,0,1,0
26,260640,1,1,0,0,0,1,1,163,1260,25,10,2014,7,9,58,0,14,6,JOY RD,,88,42.35814444,-83.20003611,0,43,0,0,1,1,0,4,1,10,0,10,0,0000000,99,99,99,99,88,88,0,0,0,1,0
26,260641,2,2,0,0,0,2,2,139,2503,26,10,2014,1,1,20,0,14,4,CR-32ND AVE,RILEY ST,40,42.82577778,-85.86199167,0,12,6,0,2,2,0,1,2,1,0,1,0,0000000,99,99,99,99,99,99,0,0,0,1,0
26,260642,1,1,0,1,1,1,1,99,1009,13,10,2014,2,7,1,1,13,3,SR-97 GROESBECK HWY,,102,42.577775,-82.90574722,0,8,0,0,1,1,0,1,2,2,0,2,0,0000000,7,0,7,5,99,99,0,0,0,1,0
26,260643,1,1,0,0,0,3,3,151,0,28,10,2014,3,23,7,0,6,4,CR-ROACH RD,,8,43.29373333,-82.61680556,0,34,0,0,1,1,0,4,2,10,0,10,0,0000000,23,10,23,14,99,99,0,0,0,2,0
26,260644,1,1,0,1,1,1,1,163,1260,12,10,2014,1,21,50,0,14,6,MT ELLIOTT,,28,42.37693056,-83.03186389,0,8,0,0,1,1,0,1,2,1,0,1,0,0000000,99,99,99,99,99,99,0,0,0,1,0
26,260645,1,1,0,0,0,1,1,77,0,31,10,2014,6,15,27,0,4,4,CR-E 42ND ST,,64,42.16373333,-85.35403333,0,35,0,0,1,1,0,4,1,4,11,4,0,0000000,15,27,15,36,88,88,0,0,0,1,0
26,260646,1,1,0,1,1,1,1,125,2300,21,10,2014,3,19,24,0,14,6,N HOLLY RD,QUICK RD,5,42.81359722,-83.62833889,0,8,0,0,3,2,0,1,2,1,0,1,0,0000000,19,26,19,31,99,99,0,0,0,1,0
26,260647,1,1,0,1,1,4,4,163,4900,18,10,2014,7,19,28,0,14,6,JEFFERSON AVE,,72,42.13836111,-83.17935556,0,8,0,0,1,1,0,1,3,10,0,10,0,0000000,99,99,99,99,99,99,0,0,0,1,0
26,260648,1,1,0,0,0,1,1,163,1260,27,10,2014,2,2,30,0,15,6,JEFFRIES SERVICE DR,,98,42.38510556,-83.25827778,0,24,0,0,1,1,0,4,3,1,0,1,0,0000000,99,99,99,99,99,99,0,0,0,1,1
26,260649,1,1,0,0,0,3,3,25,0,1,10,2014,4,11,15,1,1,1,I-69,,169,42.30862222,-84.99459167,0,59,0,0,1,1,0,4,1,10,0,10,0,0000000,99,99,99,99,99,99,0,0,0,1,0
26,260650,2,2,0,0,0,2,2,81,0,15,5,2014,5,6,38,0,3,3,SR-57 14 MILE RD,,53,43.17874444,-85.54708333,0,12,2,0,1,1,0,1,4,2,0,2,0,0000000,6,37,99,99,99,99,0,0,0,1,0
26,260651,4,1,3,0,0,1,1,125,5210,12,8,2014,3,15,32,0,16,4,CR-TOWN CENTER BLVD,,3,42.64894167,-83.50047222,0,33,0,0,1,1,0,4,1,10,0,10,0,0000000,15,36,15,39,99,99,0,0,0,1,0
26,260652,2,2,0,0,0,2,2,99,919,31,10,2014,6,20,25,0,13,3,SR-3 GRATIOT,,48,42.66471667,-82.84119444,0,12,2,0,1,1,0,1,2,2,0,2,0,0000000,99,99,99,99,99,99,0,0,0,1,1
26,260653,1,1,0,1,1,1,1,65,2700,4,10,2014,7,23,0,0,16,6,VIKING,,4,42.70315833,-84.58720556,0,8,0,0,1,1,0,1,6,99,0,99,0,0000000,99,99,99,99,88,88,0,0,0,1,0
26,260654,1,1,0,0,0,1,1,73,0,31,10,2014,6,0,43,0,6,4,CR-E STEVENSON LAKE RD,,89,43.771225,-84.75958333,0,42,0,0,1,1,0,6,2,10,0,10,0,0000000,0,45,0,55,88,88,20,0,0,1,1
26,260655,1,1,0,1,1,1,1,139,0,7,10,2014,3,6,0,0,15,4,CR-36TH AVE,,29,42.89785278,-85.87218333,0,9,0,0,1,1,0,1,2,1,0,1,0,0000000,99,99,99,99,99,99,22,0,0,1,0
26,260656,4,4,0,0,0,4,4,163,738,3,10,2014,6,21,0,1,11,1,I-275,,171,42.31951111,-83.44290278,0,12,1,1,18,1,1,1,2,10,0,10,0,0000000,99,99,99,99,99,99,0,0,0,1,0
26,260657,2,2,0,0,0,3,3,21,0,19,10,2014,1,12,49,1,13,4,CR-PIPESTONE RD,MALL DR,32,42.08099444,-86.41742778,0,12,6,0,2,2,0,1,1,1,0,1,0,0000000,99,99,99,99,99,99,0,0,0,1,0
26,260658,2,2,0,0,0,2,2,161,0,10,10,2014,6,7,16,0,4,4,CR-GOTFREDSON RD,JOY RD,51,42.34869722,-83.56739722,0,12,6,0,2,2,0,1,4,1,0,1,0,0000000,7,17,7,29,88,88,22,0,0,1,0
26,260659,1,1,0,0,0,1,1,163,1260,27,10,2014,2,2,9,1,11,1,I-94,,315,42.3896,-83.01143611,0,35,0,0,1,1,0,4,2,1,0,1,0,0000000,99,99,99,99,88,88,0,0,0,1,0
26,260660,1,1,0,1,1,1,1,163,1260,10,10,2014,6,22,30,1,13,6,W MCNICHOLS RD,HAMILTON RD,222,42.41758333,-83.11645,0,8,0,0,3,2,0,1,3,1,0,1,0,0000000,99,99,99,99,88,88,0,0,0,1,0
26,260661,2,2,0,0,0,5,5,163,1260,26,10,2014,1,14,12,0,14,6,S VENOY RD,,44,42.33105833,-83.36509167,0,12,2,0,1,1,0,1,1,1,0,1,0,0000000,99,99,99,99,99,99,0,0,0,1,0
26,260662,2,2,0,0,0,2,2,81,0,13,10,2014,2,8,15,0,14,3,SR-44 BELDING RD,,51,43.08424722,-85.45583056,0,12,6,0,8,1,0,1,1,5,0,5,0,0000000,99,99,99,99,88,88,0,0,0,1,0
26,260663,2,2,0,0,0,2,2,99,0,14,10,2014,3,19,46,1,11,1,I-94,,103,42.57106389,-82.85864722,0,12,2,1,18,1,0,1,2,2,0,2,0,0000000,99,99,99,99,99,99,0,0,0,2,1
26,260664,2,2,0,0,0,3,3,5,0,16,7,2014,4,18,58,0,4,4,CR-56TH ST,,63,42.52462778,-86.09207222,0,12,2,0,1,1,0,1,1,10,0,10,0,0000000,99,99,99,99,99,99,0,0,0,1,0
26,260665,1,1,0,0,0,3,3,45,0,2,9,2014,3,18,4,0,4,4,CR-S IONIA RD,,35,42.49413889,-85.02242222,0,42,0,0,1,1,0,6,1,1,0,1,0,0000000,18,32,18,50,99,99,0,0,0,1,0
26,260666,2,1,1,0,0,1,1,163,4166,16,10,2014,5,20,33,0,14,4,CR-BEECH DALY RD,,4,42.36246944,-83.29459444,0,14,0,0,1,1,0,6,3,10,0,10,0,0000000,20,45,20,52,99,99,0,0,0,1,0
26,260667,1,1,0,0,0,4,4,87,0,14,10,2014,3,18,55,0,4,4,CR-CLIFFORD RD,,46,43.30828889,-83.16497778,0,1,0,0,1,1,0,4,5,2,0,2,0,0000000,99,99,99,99,99,99,22,0,0,1,1
26,260668,1,1,0,0,0,1,1,155,0,18,10,2014,7,8,38,1,1,1,I-69,,184,42.91239444,-84.04453056,0,5,0,0,1,1,0,1,1,2,0,2,0,0000000,8,38,8,45,88,88,0,0,0,1,0
26,260669,1,1,0,0,0,5,5,19,0,8,9,2014,2,0,0,0,3,4,CR-THOMPSONVILLE HWY,BENTLY RD,15,44.53503889,-85.93845556,0,5,0,0,3,2,0,1,2,1,0,1,0,0000000,0,6,0,13,99,99,0,0,0,1,0
26,260671,1,1,0,0,0,2,2,11,0,4,10,2014,7,23,51,0,6,4,CR-ALGER RD,,17,44.12683611,-84.10788333,0,52,0,0,1,1,0,4,2,1,0,1,0,0000000,23,55,0,3,99,99,22,0,0,1,1
26,260673,1,1,0,0,0,1,1,9,0,31,10,2014,6,2,35,0,4,4,CR-KIDDER RD,,30,45.10193889,-85.13071667,0,1,0,0,1,1,0,4,2,2,0,2,0,0000000,2,37,2,47,99,99,0,0,0,1,1
26,260674,2,2,0,0,0,2,2,121,0,17,10,2014,6,20,58,0,14,4,CR-EVANSTON AVE,,40,43.21318611,-86.11595556,0,12,6,0,8,1,0,1,2,2,0,2,0,0000000,20,57,20,58,88,88,22,0,0,1,2
26,260675,1,1,0,0,0,1,1,117,0,3,11,2014,2,3,30,0,4,4,CR-VICKERVILLE RD,,83,43.2321,-84.96477778,0,1,0,0,1,1,0,4,2,1,0,1,0,0000000,3,34,99,99,88,88,0,0,0,1,1
26,260676,2,2,0,0,0,4,4,147,0,22,10,2014,4,11,18,0,16,4,CR-LAKESHORE RD,,3,43.13720278,-82.49669722,0,12,2,0,1,1,0,1,1,1,0,1,0,0000000,11,18,11,25,99,99,0,0,0,1,0
26,260677,1,1,0,0,0,1,1,95,2932,21,10,2014,3,13,44,0,3,3,SR-123 FALLS RD,,47,46.56415556,-85.29058056,0,42,0,0,1,1,0,4,1,1,0,1,0,0000000,99,99,99,99,88,88,0,0,0,1,0
26,260678,2,2,0,0,0,2,2,91,4214,3,11,2014,2,14,0,0,6,4,CR-SILBERHORN HWY,HORTON RD,56,41.80230556,-83.84408333,0,12,6,0,2,2,0,1,1,1,0,1,0,0000000,14,0,99,99,99,99,22,0,0,1,0
26,260679,1,1,0,1,1,1,1,81,5319,24,10,2014,6,21,23,1,13,6,54TH ST SW,,10,42.86582222,-85.66436667,0,8,0,0,1,1,0,1,3,1,0,1,0,0000000,21,27,21,28,99,99,0,0,0,1,0
26,260680,1,1,0,1,1,1,1,81,5089,2,10,2014,5,9,12,0,14,6,KINNEY AVE NW,,8,42.97983056,-85.76669167,0,8,0,0,1,1,1,1,1,2,0,2,0,0000000,9,12,9,17,99,99,0,0,0,1,0
26,260681,3,3,0,0,0,4,4,125,0,5,11,2014,4,14,31,0,14,4,CR-SASHABAW RD,,62,42.76825833,-83.38099167,0,12,2,0,1,1,0,1,1,1,0,1,0,0000000,14,32,14,37,99,99,14,0,0,2,0