STATE,ST_CASE,VE_TOTAL,VE_FORMS,PVH_INVL,PEDS,PERNOTMVIT,PERMVIT,PERSONS,COUNTY,CITY,DAY,MONTH,YEAR,DAY_WEEK,HOUR,MINUTE,NHS,ROAD_FNC,ROUTE,TWAY_ID,TWAY_ID2,MILEPT,LATITUDE,LONGITUD,SP_JUR,HARM_EV,MAN_COLL,RELJCT1,RELJCT2,TYP_INT,WRK_ZONE,REL_ROAD,LGT_COND,WEATHER1,WEATHER2,WEATHER,SCH_BUS,RAIL,NOT_HOUR,NOT_MIN,ARR_HOUR,ARR_MIN,HOSP_HR,HOSP_MN,CF1,CF2,CF3,FATALS,DRUNK_DR
26,260682,2,2,0,0,0,2,2,109,0,9,10,2014,5,11,5,0,4,4,CR-577,CR-356,53,45.43450278,-87.70856111,0,12,6,0,2,2,0,1,1,1,0,1,0,0000000,99,99,99,99,99,99,22,0,0,1,0
26,260684,2,2,0,0,0,3,3,125,3632,25,10,2014,7,7,25,0,14,4,CR-ROCHESTER RD,,151,42.71421667,-83.13503611,0,12,2,0,1,1,0,1,2,1,0,1,0,0000000,7,27,7,32,99,99,0,0,0,1,1
26,260685,1,1,0,0,0,1,1,87,0,23,10,2014,5,22,9,0,5,4,CR-BROWN CITY RD,DORROW RD,5,43.03283056,-83.02855278,0,1,0,0,3,4,0,4,2,1,0,1,0,0000000,22,9,22,16,99,99,0,0,0,1,1
26,260686,2,2,0,0,0,2,2,5,0,1,11,2014,7,12,10,0,4,4,CR-136TH AVE,,31,42.68075278,-85.88393333,0,12,6,0,8,1,0,1,1,1,0,1,0,0000000,99,99,99,99,99,99,22,0,0,1,0
26,260687,2,2,0,0,0,2,2,27,0,14,10,2014,3,19,45,0,3,3,SR-40,,59,41.89109167,-85.79833333,0,12,2,0,1,1,0,1,5,2,0,2,0,0000000,99,99,99,99,99,99,0,0,0,1,1
26,260688,1,1,0,0,0,1,1,17,0,2,11,2014,1,0,47,0,6,4,CR-S FRASER RD,,9,43.537275,-84.01448056,0,34,0,0,1,1,0,4,2,10,0,10,0,0000000,0,51,1,1,88,88,22,0,0,1,1
26,260689,2,2,0,0,0,3,3,73,0,6,11,2014,5,11,46,0,5,4,CR- E BEAL CITY RD,ISABELLA RD,111,43.66917778,-84.74803056,0,12,6,0,2,2,0,1,1,2,0,2,0,0000000,11,46,11,51,99,99,22,0,0,1,0
26,260690,1,1,0,0,0,2,2,65,2700,27,10,2014,2,19,17,0,16,6,VINCENT CT,,2,42.686825,-84.56415833,0,1,0,0,1,1,0,1,1,1,0,1,0,0000000,19,19,19,23,99,99,0,0,0,1,0
26,260691,1,1,0,0,0,1,1,125,2230,14,10,2014,3,3,0,1,13,3,SR-102 8 MILE RD,,114,42.44684167,-83.09802222,0,42,0,0,1,1,0,3,2,1,0,1,0,0000000,99,99,99,99,88,88,0,0,0,1,1
26,260692,1,1,0,0,0,1,1,125,4020,24,10,2014,6,1,18,1,13,3,SR-US24BR WOODWARD AVE,SOUTH BLVD,0,42.61956389,-83.27908333,0,33,0,0,3,2,0,4,3,10,0,10,0,0000000,1,26,1,31,88,88,0,0,0,1,0
26,260693,2,2,0,0,0,3,3,77,4030,7,11,2014,6,17,56,0,14,6,PORTAGE RD,LAKEVIEW DR,71,42.18163611,-85.56490833,0,12,6,0,2,3,0,1,3,1,0,1,0,0000000,17,57,18,1,99,99,0,0,0,1,0
26,260694,1,1,0,1,1,1,1,163,1260,17,10,2014,6,19,20,1,13,6,E WARREN AVE,,46,42.38193056,-82.99791389,0,8,0,0,1,1,0,1,2,1,0,1,0,0000000,99,99,99,99,99,99,0,0,0,1,0
26,260695,2,2,0,2,2,1,1,163,1260,26,10,2014,1,19,55,1,13,6,MOUND RD,,7,42.410125,-83.04241667,0,12,1,0,1,1,0,1,2,1,0,1,0,0000000,99,99,99,99,99,99,23,0,0,1,0
26,260696,2,2,0,0,0,2,2,163,4295,7,11,2014,6,20,50,1,13,6,MERRIMAN RD,,27,42.25424167,-83.34781667,0,12,2,0,1,1,0,1,2,1,0,1,0,0000000,20,59,21,2,99,99,0,0,0,1,1
26,260697,1,1,0,0,0,1,1,65,2700,31,10,2014,6,17,30,1,13,6,W JOLLY,,6,42.68307222,-84.59176944,0,42,0,0,1,1,0,4,1,4,11,4,0,0000000,17,34,17,36,99,99,0,0,0,1,0
26,260698,1,1,0,0,0,2,2,129,0,8,11,2014,7,9,6,0,3,3,SR-30,,63,44.25031389,-84.25126111,0,42,0,0,1,1,0,4,1,4,11,4,0,0000000,9,11,9,15,99,99,0,0,0,1,0
26,260699,1,1,0,0,0,1,1,73,0,9,11,2014,1,23,40,0,4,4,CR-S WINN RD,,56,43.48852222,-84.90559444,0,53,0,0,1,1,0,4,2,10,0,10,0,0000000,23,40,23,50,88,88,22,0,0,1,1
26,260700,2,2,0,0,0,2,2,99,2761,23,10,2014,5,16,36,0,3,3,SR-19 GRATIOT  AVE,,122,42.75844167,-82.76540278,0,12,6,0,1,1,0,1,1,1,0,1,0,0000000,99,99,99,99,99,99,0,0,0,1,0
26,260701,1,1,0,0,0,1,1,25,0,22,10,2014,4,9,58,0,6,4,CR-13 MILE RD,,24,42.38299167,-85.04483611,0,42,0,0,1,1,0,4,1,1,0,1,0,0000000,99,99,99,99,88,88,0,0,0,1,1
26,260702,2,2,0,0,0,5,5,151,0,11,11,2014,3,15,24,1,2,3,SR-46 SANILAC RD,GERMANIA RD,49,43.41654722,-83.00819722,0,12,6,0,2,2,0,1,1,10,0,10,0,0000000,15,26,15,36,99,99,0,0,0,3,0
26,260703,4,4,0,0,0,4,4,163,1212,9,10,2014,5,8,24,0,14,6,N BEECH DALY RD,,9,42.32568333,-83.29196111,0,12,8,0,1,1,0,1,1,1,0,1,0,0000000,8,24,8,24,99,99,0,0,0,1,0
26,260704,2,2,0,0,0,3,3,85,0,9,11,2014,1,11,8,1,2,2,US-10,,82,43.94372778,-85.87724167,0,12,6,0,1,1,0,1,1,4,11,4,0,0000000,11,11,11,11,99,99,0,0,0,1,0
26,260705,4,4,0,0,0,4,4,125,4567,11,11,2014,3,16,38,1,12,3,SR-10,,51,42.48988889,-83.28040556,0,12,1,0,1,1,0,1,5,1,0,1,0,0000000,99,99,99,99,99,99,0,0,0,1,0
26,260706,1,1,0,1,1,3,3,25,3014,8,11,2014,7,18,15,1,11,1,I-94,,200,42.28255,-84.92855833,0,8,0,0,1,1,0,3,2,10,0,10,0,0000000,99,99,99,99,88,88,19,0,0,1,0
26,260707,3,3,0,0,0,3,3,163,4975,28,8,2014,5,7,2,0,14,4,CR-ECORSE RD,HAGGERTY RD,52,42.24926944,-83.44575,0,12,6,0,2,2,0,1,1,1,0,1,0,0000000,99,99,99,99,88,88,0,0,0,1,0
26,260708,1,1,0,1,1,2,2,77,0,27,9,2014,7,14,55,0,14,3,SR-96,,67,42.333625,-85.32866667,0,9,0,0,1,1,0,1,1,1,0,1,0,0000000,14,55,99,99,88,88,0,0,0,1,0
26,260709,1,1,0,1,1,1,1,91,20,11,11,2014,3,18,2,0,14,3,SR-52 N BROAD ST,E MAUMEE ST,1,41.89803611,-84.03403889,0,8,0,0,3,2,0,1,3,2,0,2,0,0000000,99,99,99,99,88,88,0,0,0,1,0
26,260710,2,2,0,0,0,2,2,81,0,12,11,2014,4,11,27,0,15,4,CR-HONEY CREEK AVE NE,,57,43.03563611,-85.47043889,0,12,2,0,1,1,0,1,1,10,0,10,0,0000000,99,99,99,99,88,88,22,0,0,1,0
26,260711,2,2,0,0,0,2,2,99,1009,15,11,2014,7,2,55,1,13,3,SR-3 N GRATIOT AVE,W HALL RD,21,42.63045278,-82.86058333,0,12,6,0,2,2,0,1,2,1,0,1,0,0000000,2,53,2,56,88,88,20,0,0,2,1
26,260712,1,1,0,0,0,1,1,91,4282,17,11,2014,2,7,38,0,4,4,CR-SKINNER HWY,,28,41.93930278,-84.24600556,0,42,0,0,1,1,0,6,1,10,0,10,0,0000000,7,40,7,55,88,88,22,0,0,1,0
26,260713,2,2,0,0,0,5,5,55,0,18,11,2014,3,1,35,1,13,2,US-31,,48,44.66260833,-85.72141667,0,12,6,0,1,1,0,1,2,4,11,4,0,0000000,1,38,1,41,99,99,0,0,0,1,0
26,260714,1,1,0,0,0,1,1,33,0,19,11,2014,4,10,43,0,4,4,CR-E 1 1/2 MILE RD,,20,46.48411667,-84.25471667,0,1,0,0,1,1,0,4,1,4,11,4,0,0000000,10,42,10,51,99,99,0,0,0,1,0
26,260715,1,1,0,0,0,1,1,77,0,1,12,2014,2,0,6,0,3,4,CR-E D AVE,,93,42.37654167,-85.59276944,0,35,0,0,1,1,0,4,2,10,0,10,0,0000000,0,6,0,15,88,88,0,0,0,1,1
26,260716,1,1,0,1,1,1,1,99,5110,3,12,2014,4,7,14,1,13,3,SR-102 E 8 MILE RD,,45,42.44935,-82.99560833,0,8,0,0,1,1,0,1,3,10,0,10,0,0000000,7,27,7,32,99,99,0,0,0,1,0
26,260717,1,1,0,0,0,3,3,163,1260,3,12,2014,4,15,55,0,14,6,CHARLEVOIX AVE,,21,42.38252778,-82.95166111,0,19,0,0,1,1,0,5,1,1,0,1,0,0000000,99,99,99,99,88,88,0,0,0,3,0
26,260718,2,2,0,0,0,2,2,65,2700,25,9,2014,5,15,39,1,13,3,SR-GRAND RIVER AVE,CYNWOOD ST,17,42.7611,-84.57071389,0,12,6,0,2,3,0,1,1,1,0,1,0,0000000,15,40,15,43,88,88,0,0,0,1,0
26,260719,1,1,0,0,0,2,2,93,0,6,12,2014,7,23,2,0,6,4,CR-SARGENT RD,,15,42.61394444,-84.11560556,0,1,0,0,1,1,0,4,2,1,0,1,0,0000000,23,2,23,17,88,88,22,0,0,2,1
26,260720,1,1,0,0,0,1,1,161,0,6,12,2014,7,9,45,1,12,3,SR-14 RAMP 022B,,1,42.32036389,-83.69079444,0,52,0,1,5,1,0,4,1,10,0,10,0,0000000,99,99,99,99,88,88,0,0,0,1,0
26,260721,1,1,0,1,1,3,3,81,2010,12,11,2014,4,12,0,1,13,6,44TH ST,,32,42.88379167,-85.607525,0,8,0,0,1,1,0,1,1,10,0,10,0,0000000,12,0,12,6,99,99,0,0,0,1,0
26,260722,1,1,0,1,1,1,1,163,5176,8,12,2014,2,19,4,1,13,6,WAYNE AVE,,98,42.330375,-83.38712222,0,8,0,0,1,1,0,1,3,1,0,1,0,0000000,19,2,19,4,99,99,0,0,0,1,0
26,260723,1,1,0,1,1,1,1,125,4020,8,12,2014,2,21,36,0,14,6,AUBURN RD,,6,42.63445833,-83.27958611,0,9,0,0,1,1,0,1,3,2,0,2,0,0000000,21,36,21,50,99,99,0,0,0,1,0
26,260724,1,1,0,0,0,1,1,15,0,10,12,2014,4,19,0,0,3,3,SR-66,,33,42.58029444,-85.09419167,0,35,0,0,1,1,0,4,2,1,0,1,0,0000000,19,9,19,12,88,88,22,0,0,1,1
26,260725,1,1,0,1,1,2,2,163,90,9,11,2014,1,20,47,1,11,1,I-94,,192,42.28641667,-83.19551667,0,8,0,1,18,1,0,1,3,1,0,1,0,0000000,99,99,99,99,88,88,23,0,0,1,0
26,260726,2,2,0,0,0,2,2,99,2181,4,12,2014,5,8,59,0,14,4,CR-N RIVER RD,,12,42.59076389,-82.85781111,0,12,2,0,1,1,0,2,1,1,0,1,0,0000000,99,99,99,99,99,99,0,0,0,1,0
26,260727,1,1,0,0,0,5,5,163,1260,10,11,2014,2,21,0,0,16,6,RUTLAND ST,,5,42.39440278,-83.21360556,0,42,0,0,1,1,0,4,2,1,0,1,0,0000000,99,99,99,99,99,99,0,0,0,2,0
26,260728,1,1,0,0,0,1,1,163,1260,8,12,2014,2,22,14,1,11,1,I-94,,323,42.39224167,-82.99601944,0,42,0,0,1,1,0,5,2,2,0,2,0,0000000,99,99,99,99,99,99,0,0,0,1,0
26,260729,1,1,0,0,0,1,1,129,0,17,11,2014,2,7,39,1,1,1,I-75,,70,44.24733611,-84.23003333,0,1,0,1,19,1,0,3,1,1,0,1,0,0000000,7,39,7,58,88,88,0,0,0,1,0
26,260730,1,1,0,0,0,1,1,107,0,17,12,2014,4,7,10,0,4,4,CR-JEFFERSON RD,,2,43.48983333,-85.55837222,0,59,0,0,1,1,0,4,2,4,11,4,0,0000000,7,17,8,1,88,88,0,0,0,1,0
26,260731,1,1,0,1,1,1,1,125,2935,16,12,2014,3,12,59,0,14,6,JOHN R RD,,34,42.49605278,-83.10549167,0,8,0,0,8,1,0,1,1,2,0,2,0,0000000,12,59,13,3,99,99,0,0,0,1,0
26,260732,2,2,0,0,0,2,2,121,0,1,12,2014,2,11,46,0,6,4,CR-HOLTON RD,BARD RD,35,43.32385833,-86.16760278,0,12,6,0,2,2,0,1,1,1,0,1,0,0000000,99,99,99,99,99,99,0,0,0,1,0
26,260733,2,2,0,2,2,1,1,65,2700,10,12,2014,4,19,13,1,11,1,I-496 CD,,2,42.72539167,-84.54299167,0,12,7,1,20,1,0,1,2,1,0,1,0,0000000,19,13,19,18,99,99,23,0,0,1,0
26,260734,4,4,0,0,0,5,5,49,1680,18,11,2014,3,9,32,1,12,2,US-23,,12,42.797825,-83.73233889,0,24,0,0,1,1,0,3,1,1,0,1,0,0000000,9,35,9,41,99,99,0,0,0,1,0
26,260735,1,1,0,0,0,2,2,157,0,18,12,2014,5,8,6,0,15,4,CR-GILFORD RD,,139,43.49500833,-83.42291944,0,1,0,0,1,1,0,4,4,10,0,10,0,0000000,8,9,8,18,88,88,22,0,0,1,0
26,260736,1,1,0,0,0,1,1,37,0,18,12,2014,5,10,24,1,11,1,I-96 TO I-69 RAMP,,7,42.78389167,-84.66483611,0,1,0,1,5,1,0,4,1,2,0,2,0,0000000,10,26,10,29,88,88,0,0,0,1,0
26,260737,1,1,0,0,0,3,3,77,3727,18,11,2014,3,16,35,0,14,4,CR-11TH ST,,25,42.2779,-85.65802222,0,10,0,0,6,1,0,1,1,4,11,4,0,545476F,99,99,99,99,88,88,0,0,0,3,0
26,260738,1,1,0,0,0,1,1,49,1730,17,12,2014,4,2,44,1,13,6,FENTON RD,,143,42.99864722,-83.69318333,0,21,0,0,1,1,0,3,2,1,0,1,0,0000000,2,47,2,58,88,88,0,0,0,1,0
26,260739,2,2,0,0,0,2,2,121,0,20,12,2014,7,16,38,0,3,3,SR-120 HOLTON RD,,84,43.36123611,-86.16627778,0,12,6,0,1,1,0,1,5,4,11,4,0,0000000,99,99,99,99,99,99,0,0,0,1,0
26,260740,4,4,0,0,0,5,5,163,1260,8,11,2014,7,8,26,1,11,1,I-94,,262,42.35024167,-83.09865,0,12,1,1,18,1,1,1,1,2,0,2,0,0000000,99,99,99,99,99,99,0,0,0,1,0
26,260741,1,1,0,0,0,4,4,121,0,21,12,2014,1,22,54,0,4,4,CR-RUSSELL RD,,110,43.44658889,-86.22345,0,42,0,0,1,1,0,4,2,1,0,1,0,0000000,99,99,99,99,99,99,22,0,0,1,0
26,260742,1,1,0,0,0,2,2,19,0,24,12,2014,4,6,50,0,3,4,CR-669 MAPLE CITY HWY,,34,44.70817778,-85.91876667,0,35,0,0,1,1,0,4,4,10,0,10,0,0000000,6,52,7,0,99,99,0,0,0,1,0
26,260743,2,2,0,0,0,2,2,163,4295,26,12,2014,6,9,30,1,11,1,I-275,,98,42.22495,-83.413925,0,12,8,0,1,1,0,1,1,1,0,1,0,0000000,9,33,9,42,88,88,0,0,0,1,0
26,260744,1,1,0,0,0,1,1,37,0,24,12,2014,4,19,28,0,14,6,STATE RD,,39,42.78438889,-84.49288056,0,42,0,0,1,1,0,5,2,2,0,2,0,0000000,99,99,99,99,88,88,0,0,0,1,0
26,260745,1,1,0,0,0,1,1,99,4380,9,12,2014,3,9,17,0,14,6,E 11 MILE RD,,7,42.49538333,-82.90874444,0,59,0,0,1,1,0,4,1,10,0,10,0,0000000,99,99,99,99,99,99,0,0,0,1,1
26,260746,2,2,0,0,0,2,2,125,5113,15,12,2014,2,19,17,0,14,4,CR-SCOTT LAKE RD,,17,42.66486111,-83.34694167,0,12,1,0,1,1,0,1,3,10,0,10,0,0000000,19,17,19,22,99,99,0,0,0,1,0
26,260747,1,1,0,0,0,1,1,125,4251,12,12,2014,6,17,35,1,13,6,JOHN R,,41,42.66676667,-83.112325,0,34,0,0,1,1,0,4,1,1,0,1,0,0000000,17,48,17,53,88,88,0,0,0,1,0
26,260748,2,2,0,0,0,3,3,103,0,13,12,2014,7,15,10,1,2,2,US-41,,271,46.54931667,-87.46801389,0,12,6,0,8,1,0,1,1,1,0,1,0,0000000,15,10,15,17,99,99,0,0,0,1,0
26,260749,1,1,0,0,0,2,2,87,0,31,12,2014,4,22,20,0,3,3,SR-24 LAPEER RD,,253,43.24400278,-83.31500833,0,59,0,0,1,1,0,4,2,1,0,1,0,0000000,99,99,99,99,99,99,0,0,0,1,1
26,260750,1,1,0,0,0,8,8,125,0,27,12,2014,7,16,1,1,11,1,I-75,,19,42.758875,-83.48202222,0,42,0,0,1,1,0,5,1,10,0,10,0,0000000,99,99,99,99,99,99,0,0,0,1,0
26,260751,2,2,0,0,0,3,3,93,0,10,12,2014,4,0,45,1,13,3,SR-LATSON RD,GRAND RIVER AVE,157,42.58683611,-83.87423611,0,12,6,0,2,2,0,1,2,1,0,1,0,0000000,99,99,99,99,99,99,0,0,0,1,0
26,260752,1,1,0,0,0,2,2,125,2935,26,12,2014,6,2,41,1,11,1,I-75,,44,42.50495,-83.11500278,0,18,0,1,5,1,1,5,3,1,0,1,0,0000000,99,99,99,99,99,99,0,0,0,1,1
26,260753,1,1,0,0,0,1,1,147,3080,15,11,2014,7,12,40,0,16,6,GEORGIA AVE,,2,42.90335556,-82.49210833,0,1,0,0,1,1,0,4,1,1,0,1,0,0000000,99,99,99,99,99,99,0,0,0,1,0
26,260754,1,1,0,0,0,1,1,85,0,1,12,2014,2,18,33,1,2,2,US-10,,19,43.94518611,-86.00308611,0,1,0,0,1,1,0,4,2,1,0,1,0,0000000,18,37,18,50,88,88,0,0,0,1,1
26,260755,1,1,0,1,1,1,1,55,0,2,12,2014,3,17,56,1,2,2,US-31,,29,44.65866111,-85.75786944,0,8,0,0,1,1,0,1,2,1,0,1,0,0000000,99,99,99,99,88,88,22,0,0,1,0
26,260756,1,1,0,1,1,1,1,63,0,4,12,2014,5,10,38,0,3,3,SR-142 SAND BEACH RD,,163,43.80458056,-82.91624444,0,8,0,0,1,1,4,1,1,1,0,1,0,0000000,10,40,10,50,99,99,0,0,0,1,1
26,260757,3,3,0,0,0,5,5,73,0,5,12,2014,6,22,14,1,12,2,US-127,,141,43.63766667,-84.75890833,0,12,2,0,1,1,0,1,2,10,0,10,0,0000000,22,24,22,26,99,99,0,0,0,2,0
26,260758,1,1,0,1,1,2,2,149,0,7,12,2014,1,0,32,1,13,2,US-131,W MICHIGAN AVE,69,41.94253611,-85.6515,0,8,0,0,3,2,0,1,3,1,0,1,0,0000000,0,33,0,37,99,99,0,0,0,1,1
26,260759,1,1,0,0,0,1,1,101,0,7,12,2014,1,11,51,0,6,4,CR-JOHNSON RD,,40,44.34144167,-86.03108333,0,42,0,0,1,1,0,4,1,10,0,10,0,0000000,11,52,12,0,88,88,0,0,0,1,0
26,260760,2,2,0,0,0,5,5,111,0,11,12,2014,5,16,17,0,3,4,CR-MERIDIAN RD,,65,43.56026389,-84.36964722,0,12,6,0,8,1,0,1,1,1,0,1,0,0000000,16,20,16,27,99,99,22,0,0,1,0
26,260761,1,1,0,1,1,1,1,99,4521,10,12,2014,4,3,58,1,13,4,CR-23 MILE RD,,56,42.67076111,-82.98648889,0,9,0,0,1,1,0,1,2,10,0,10,0,0000000,4,0,4,4,88,88,0,0,0,1,0
26,260762,7,7,0,1,1,12,12,49,0,13,12,2014,7,22,35,1,13,4,CR-SAGINAW ST,,64,42.950075,-83.65653056,0,8,0,0,1,1,0,1,2,10,0,10,0,0000000,22,35,22,37,88,88,0,0,0,1,0
26,260763,1,1,0,0,0,1,1,139,0,11,12,2014,5,22,0,0,4,4,CR-LEONARD ST,,71,43.060875,-86.060525,0,59,0,0,1,1,0,4,2,10,0,10,0,0000000,5,40,5,38,88,88,22,18,0,1,1
26,260764,1,1,0,0,0,1,1,65,0,7,12,2014,1,2,11,0,6,4,CR-DEXTER TRL,,171,42.46846111,-84.16614722,0,42,0,0,1,1,0,4,2,1,0,1,0,0000000,99,99,99,99,99,99,20,0,0,1,0
26,260765,1,1,0,0,0,4,4,59,3984,15,12,2014,2,15,15,0,4,4,CR-PITTSFORD RD,,80,41.81934444,-84.47620556,0,1,0,0,1,1,0,4,1,1,0,1,0,0000000,99,99,15,30,99,99,0,0,0,2,1
26,260766,1,1,0,1,1,1,1,163,0,3,12,2014,4,20,51,0,16,4,CR-BURGER,ANN ARBOR TRL,1,42.36653056,-83.44691389,0,8,0,0,3,3,0,1,3,1,0,1,0,0000000,20,52,20,53,99,99,0,0,0,1,0
26,260767,1,1,0,0,0,1,1,157,0,6,12,2014,7,2,0,0,6,4,CR-ROSSMAN RD,,67,43.42695278,-83.21141944,0,42,0,0,1,1,0,4,2,10,0,10,0,0000000,7,19,7,30,99,99,22,0,0,1,1
26,260768,2,2,0,0,0,6,6,145,0,9,12,2014,3,13,15,1,13,3,SR-47 MIDLAND RD,,67,43.49620556,-84.10164444,0,12,2,0,1,1,0,1,1,10,0,10,0,0000000,99,99,99,99,99,99,0,0,0,2,0
26,260769,1,1,0,1,1,1,1,163,1260,28,4,2014,2,3,50,0,14,6,JOHN KRONK ST,,13,42.32337222,-83.12190278,0,8,0,0,1,1,0,1,2,1,0,1,0,0000000,99,99,99,99,99,99,0,0,0,1,0
26,260770,1,1,0,0,0,5,5,163,1260,14,12,2014,1,20,20,0,16,6,COURVILLE ST,,6,42.39949444,-82.93683056,0,42,0,0,1,1,0,4,3,1,0,1,0,0000000,99,99,99,99,99,99,0,0,0,1,0
26,260771,1,1,0,0,0,2,2,163,1260,12,12,2014,6,1,50,0,16,6,JAMES COUZENS SERVICE DR,,45,42.42634722,-83.18258889,0,40,0,0,1,1,0,4,3,1,0,1,0,0000000,88,88,88,88,88,88,0,0,0,1,0
26,260772,1,1,0,0,0,1,1,37,0,5,12,2014,6,2,32,0,6,4,CR-ALWARD RD,,83,42.89307778,-84.40809444,0,1,0,0,1,1,0,4,2,1,0,1,0,0000000,2,33,2,46,99,99,0,0,0,1,1
26,260773,2,2,0,0,0,2,2,163,5176,4,9,2014,5,14,3,1,13,3,SR-153 N FORD RD,NEWBURGH RD,70,42.32401111,-83.40861667,0,12,6,0,2,2,0,1,1,1,0,1,0,0000000,14,3,14,7,99,99,0,0,0,1,0
26,260774,2,2,0,0,0,4,4,33,0,27,12,2014,7,19,57,0,4,4,CR-W LAKESHORE DR,,206,46.41285278,-84.59391389,0,12,6,0,1,1,0,1,5,4,11,4,0,0000000,99,99,99,99,99,99,0,0,0,1,0
26,260775,1,1,0,0,0,1,1,59,0,19,11,2014,4,9,50,0,4,4,CR-READING AVE,,6,41.84724444,-84.60056667,0,43,0,0,1,1,0,4,1,4,11,4,0,0000000,9,30,9,40,88,88,0,0,0,1,1
26,260776,2,2,0,0,0,2,2,139,2290,18,12,2014,5,13,52,0,16,6,E 24TH ST,,20,42.77601111,-86.06768056,0,12,7,0,1,1,0,1,1,3,0,3,0,0000000,13,52,14,0,99,99,0,0,0,1,0
26,260777,1,1,0,0,0,1,1,93,2114,22,11,2014,7,8,43,0,14,4,CR-PETTYSVILLE RD,,12,42.48101111,-83.86484167,0,42,0,0,1,1,0,4,1,10,0,10,0,0000000,8,44,8,49,99,99,0,0,0,1,0
26,260778,1,1,0,0,0,1,1,161,0,12,11,2014,4,22,28,0,4,4,CR-MAST RD,,53,42.41657222,-83.87467778,0,17,0,0,1,1,0,4,2,10,0,10,0,0000000,22,28,22,35,99,99,22,0,0,1,1
26,260779,2,2,0,0,0,2,2,73,0,23,11,2014,1,7,50,0,15,4,CR-E BROOMFIELD RD,E LEATON RD,60,43.582675,-84.70776111,0,12,6,0,2,2,0,1,1,1,0,1,0,0000000,7,50,7,55,99,99,22,0,0,1,0
26,260780,1,1,0,1,1,1,1,163,1260,20,12,2014,7,1,50,0,15,6,JOHN C LODGE SERVICE DRIVE,CLAIRMOUNT,2,42.379875,-83.08975833,0,9,0,0,3,2,0,1,2,10,0,10,0,0000000,99,99,99,99,99,99,0,0,0,1,0
26,260781,1,1,0,0,0,1,1,163,1260,22,11,2014,7,16,35,1,13,6,W MCNICHOLS RD,,144,42.41467222,-83.27001389,0,33,0,0,1,1,0,4,1,1,0,1,0,0000000,99,99,99,99,88,88,0,0,0,1,0
26,260782,1,1,0,0,0,1,1,161,567,23,12,2014,3,18,42,0,4,4,CR-W AUSTIN RD,,11,42.14387222,-83.99984722,0,30,0,0,1,1,0,4,2,5,0,5,0,0000000,18,43,19,2,99,99,22,0,0,1,1
26,260783,2,2,0,0,0,5,5,109,0,24,11,2014,2,18,0,1,2,2,US-41,,247,45.45201389,-87.59835,0,12,6,0,1,1,0,1,2,4,11,4,0,0000000,18,4,18,29,99,99,0,0,0,3,0
26,260784,2,2,0,0,0,3,3,125,4020,24,12,2014,4,7,40,1,13,2,US-24 TELEGRAPH RD,VOORHEIS,28,42.629525,-83.325375,0,12,6,0,2,2,0,1,3,2,0,2,0,0000000,7,41,7,45,88,88,0,0,0,1,0
26,260785,1,1,0,0,0,1,1,5,0,8,11,2014,7,17,25,1,1,1,I-196,,136,42.60983333,-86.21898889,0,42,0,0,1,1,0,4,5,10,0,10,0,0000000,99,99,99,99,88,88,0,0,0,1,0
26,260786,1,1,0,1,1,2,2,21,0,24,12,2014,4,17,53,0,4,3,SR-140 WATERVLIET RD,,56,42.06563889,-86.26171944,0,8,0,0,1,1,0,1,2,2,0,2,0,0000000,17,55,18,6,88,88,0,0,0,1,0
26,260787,1,1,0,0,0,1,1,49,1730,27,12,2014,7,6,8,1,11,1,I-475,,52,42.99252778,-83.68127222,0,25,0,1,19,1,0,3,2,10,0,10,0,0000000,6,8,6,10,99,99,0,0,0,1,0
26,260788,1,1,0,0,0,2,2,163,1260,27,12,2014,7,23,10,0,16,6,SUSSEX ST,,4,42.39625833,-83.19479444,0,42,0,0,1,1,0,4,2,1,0,1,0,0000000,99,99,99,99,88,88,0,0,0,2,1
26,260789,1,1,0,1,1,1,1,125,4905,25,11,2014,3,23,23,0,16,6,MAPLELAWN RD,CROOKS DR,9,42.55303611,-83.16659722,0,8,0,0,3,2,0,1,3,10,0,10,0,0000000,23,25,23,28,88,88,0,0,0,1,0
26,260790,2,2,0,0,0,2,2,111,0,6,11,2014,5,17,30,0,15,4,CR-N WALDO RD,,47,43.64358333,-84.18710278,0,12,6,0,8,1,0,1,3,2,0,2,0,0000000,17,41,17,47,99,99,0,0,0,1,0
26,260791,2,2,0,0,0,3,3,117,0,26,11,2014,4,17,49,0,4,4,CR-N FEDERAL RD,N ALMY RD,84,43.41016944,-85.46623889,0,12,6,0,2,2,0,1,3,1,0,1,0,0000000,17,51,18,4,99,99,0,0,0,1,0
26,260792,1,1,0,0,0,1,1,75,0,26,11,2014,4,22,32,1,13,3,SR-50/US-127 BROOKLYN RD,,11,42.21385,-84.37449167,0,42,0,0,1,1,0,4,2,10,0,10,0,0000000,22,34,22,41,88,88,0,0,0,1,1
26,260793,2,2,0,0,0,4,4,55,5,25,11,2014,3,12,17,1,13,2,US-31,,84,44.80894722,-85.47636944,0,12,6,0,1,1,0,1,1,10,0,10,0,0000000,12,20,12,26,99,99,0,0,0,1,0