STATE,ST_CASE,VE_TOTAL,VE_FORMS,PVH_INVL,PEDS,PERNOTMVIT,PERMVIT,PERSONS,COUNTY,CITY,DAY,MONTH,YEAR,DAY_WEEK,HOUR,MINUTE,NHS,ROAD_FNC,ROUTE,TWAY_ID,TWAY_ID2,MILEPT,LATITUDE,LONGITUD,SP_JUR,HARM_EV,MAN_COLL,RELJCT1,RELJCT2,TYP_INT,WRK_ZONE,REL_ROAD,LGT_COND,WEATHER1,WEATHER2,WEATHER,SCH_BUS,RAIL,NOT_HOUR,NOT_MIN,ARR_HOUR,ARR_MIN,HOSP_HR,HOSP_MN,CF1,CF2,CF3,FATALS,DRUNK_DR
27,270057,2,2,0,0,0,4,4,97,0,20,2,2014,5,16,40,0,3,3,SR-27,,1414,45.97076389,-94.23917222,0,12,2,0,1,1,0,1,1,4,11,4,0,0000000,16,40,16,47,17,20,0,0,0,1,1
27,270058,1,1,0,0,0,2,2,33,0,13,4,2014,1,2,16,0,4,4,CR-7,,36,43.91509444,-95.43130278,0,34,0,0,1,1,0,4,2,10,0,10,0,0000000,2,17,2,38,99,99,0,0,0,1,1
27,270059,2,2,0,0,0,2,2,81,0,13,4,2014,1,17,3,1,2,2,US-14,,57,44.26978333,-96.33827222,0,12,8,0,1,1,0,1,1,10,6,6,0,0000000,17,1,17,16,99,99,0,0,0,1,0
27,270060,2,2,0,0,0,5,5,67,0,13,4,2014,1,18,14,1,2,2,US-71,SR-7,1102,44.93533889,-95.04405278,0,12,6,0,2,2,0,1,1,10,0,10,0,0000000,18,16,18,19,99,99,0,0,0,1,0
27,270061,1,1,0,0,0,1,1,13,0,15,4,2014,3,0,47,0,4,4,CR-10,,328,44.02214722,-93.83936111,0,34,0,0,1,1,0,4,2,1,0,1,0,0000000,0,47,99,97,99,97,0,0,0,1,1
27,270062,2,2,0,0,0,2,2,137,0,15,4,2014,3,7,21,0,3,4,CR-13,,26,46.73526944,-92.28006389,0,12,2,0,1,1,0,1,1,1,0,1,0,0000000,7,22,99,99,99,99,0,0,0,1,0
27,270063,2,2,0,0,0,2,2,53,6300,15,4,2014,3,21,41,0,14,4,CR-5 MINNETONKA BLVD,,57,44.9489,-93.391975,0,12,2,0,1,1,0,1,3,10,0,10,0,0000000,21,43,21,50,22,55,0,0,0,1,0
27,270064,2,2,0,0,0,2,2,27,0,16,4,2014,4,4,0,1,1,1,I-94,SR-34,246,46.65954722,-96.39500278,0,12,7,1,18,1,0,1,2,4,0,4,0,0000000,99,99,99,99,88,88,0,0,0,1,0
27,270065,2,2,0,0,0,2,2,59,0,16,4,2014,4,7,5,0,4,4,CR-5,,59,45.50066944,-93.43016111,0,12,6,0,1,1,0,1,1,3,4,4,0,0000000,7,8,7,20,99,99,0,0,0,1,0
27,270066,2,2,0,0,0,2,2,17,1370,16,4,2014,4,15,16,0,16,6,AVE B,,12,46.72268611,-92.43858611,0,12,6,0,8,1,0,1,1,4,11,4,0,0000000,15,21,15,23,15,34,0,0,0,1,0
27,270067,3,3,0,0,0,3,3,171,0,16,4,2014,4,17,45,1,2,3,SR-55,,1616,45.11558056,-93.79487778,0,12,6,0,1,1,0,1,1,4,11,4,0,0000000,17,45,17,45,99,99,14,0,0,1,0
27,270068,2,2,0,0,0,3,3,67,5120,17,4,2014,5,16,11,1,2,3,SR-23,CR-40,1612,45.29418611,-94.93377778,0,12,6,0,2,2,0,1,1,1,0,1,0,0000000,16,11,99,99,99,99,0,0,0,1,0
27,270069,2,2,0,0,0,2,2,147,0,1,4,2014,3,5,51,0,6,4,CR-7 39TH AVE SW,8TH ST SW,162,44.08060556,-93.27679444,0,12,6,0,2,2,0,1,2,10,0,10,0,0000000,5,54,99,99,88,88,0,0,0,1,0
27,270070,2,2,0,0,0,6,6,97,5640,19,4,2014,7,10,10,0,3,3,SR-25,4TH AVE NE,1294,45.98488333,-94.10521667,0,12,6,0,2,2,0,1,1,1,0,1,0,0000000,10,10,99,99,99,99,0,0,0,1,0
27,270071,3,3,0,0,0,5,5,21,0,19,4,2014,7,13,58,0,3,3,SR-64,,125,46.52224167,-94.65480833,0,12,8,0,1,1,0,1,1,1,0,1,0,0000000,13,59,14,18,14,45,0,0,0,1,1
27,270072,1,1,0,0,0,1,1,115,0,19,4,2014,7,19,0,0,3,3,SR-18,,729,46.20218333,-92.99227778,0,42,0,0,1,1,0,4,1,1,0,1,0,0000000,19,11,19,19,88,88,0,0,0,1,1
27,270073,1,1,0,0,0,2,2,159,0,21,4,2014,2,18,25,0,6,5,APACHE AVE,CREE ST,4,46.41517778,-95.14557778,0,1,0,0,2,3,0,1,1,1,0,1,0,0000000,18,27,18,32,18,46,0,0,0,1,0
27,270074,2,2,0,0,0,2,2,129,0,3,4,2014,5,17,1,0,3,3,SR-4,,87750,44.63248056,-94.71097778,0,12,6,0,1,1,0,1,1,4,10,4,0,0000000,17,2,17,16,18,3,0,0,0,1,0
27,270075,2,2,0,0,0,2,2,49,0,4,4,2014,6,10,29,0,5,4,CR-3,,24,44.45565,-92.52305556,0,12,6,0,1,1,0,1,1,4,11,4,0,0000000,10,31,10,43,88,88,0,0,0,1,0
27,270076,2,2,0,0,0,2,2,37,4673,25,4,2014,6,5,49,1,13,3,SR-55,,2008,44.86335,-93.15147222,0,12,2,0,1,1,0,1,4,10,0,10,0,0000000,99,99,99,99,99,99,0,0,0,1,0
27,270077,1,1,0,1,1,1,1,53,4760,25,4,2014,6,22,10,0,14,4,CR-81 W BROADWAY AVE,,13,45.00181111,-93.30575,0,42,0,0,1,1,0,3,3,1,0,1,0,0000000,22,10,22,15,22,29,0,0,0,1,0
27,270078,2,2,0,0,0,2,2,49,0,4,4,2014,6,10,16,0,3,3,SR-56,300TH ST WAY,926,44.51500833,-93.01265556,0,12,6,0,2,3,0,1,1,2,4,4,0,0000000,10,17,10,26,11,33,0,0,0,1,0
27,270079,1,1,0,0,0,3,3,49,0,25,4,2014,6,22,52,0,4,4,CR-1,,269,44.46378611,-92.67645833,0,1,0,0,8,1,0,1,8,1,0,1,0,0000000,88,88,88,88,88,88,0,0,0,1,1
27,270080,1,1,0,0,0,1,1,53,4495,27,4,2014,1,15,58,1,11,1,I-94,,2130,45.13719444,-93.49391111,0,43,0,0,1,1,0,4,1,10,0,10,0,0000000,16,5,16,16,99,99,0,0,0,1,0
27,270081,2,2,0,0,0,2,2,19,1170,1,5,2014,5,15,6,0,14,4,CR-61 FLYING CLOUD DR,,48,44.80585,-93.565525,0,24,0,0,1,1,0,4,1,10,0,10,0,0000000,15,6,15,12,15,45,0,0,0,1,0
27,270082,2,2,0,0,0,4,4,21,0,3,5,2014,7,21,57,0,4,4,CR-75 69TH AVE NW,,17,47.40646944,-94.64929444,3,12,2,0,1,1,0,1,2,10,0,10,0,0000000,21,57,22,16,99,99,19,0,0,2,1
27,270083,2,2,0,0,0,3,3,53,675,7,5,2014,4,14,29,0,14,4,CR-34 NORMANDALE BLVD,98TH ST W,13,44.82583889,-93.35030556,0,12,6,0,2,2,0,1,1,10,0,10,0,0000000,14,30,14,30,15,15,0,0,0,1,0
27,270084,2,2,0,0,0,2,2,111,0,10,5,2014,7,18,14,1,1,1,I-94,,614,46.21163333,-96.02378889,0,1,0,1,17,1,0,1,1,10,0,10,0,0000000,18,14,18,24,18,46,3,0,0,1,0
27,270085,2,2,0,0,0,3,3,171,0,11,5,2014,1,12,22,0,3,3,SR-55,53RD ST NW,1490,45.22846389,-93.98808333,0,12,6,0,2,3,0,1,1,1,0,1,0,0000000,12,22,99,99,99,99,0,0,0,1,0
27,270086,2,2,0,0,0,2,2,49,0,12,5,2014,2,7,31,1,2,2,US-61,,782,44.49569444,-92.31454722,0,12,2,0,1,1,0,1,1,10,0,10,0,0000000,7,31,7,38,7,55,0,0,0,1,0
27,270087,3,3,0,0,0,3,3,163,7716,14,5,2014,4,7,42,0,14,6,LAKE RD,COURTLY RD,6,44.912525,-92.97527778,0,12,6,0,2,2,0,1,1,1,0,1,0,0000000,7,43,7,49,8,11,0,0,0,1,0
27,270088,1,1,0,0,0,2,2,41,130,17,5,2014,7,21,17,0,15,6,FAIRGROUNDS RD,,2,45.88943611,-95.38844167,0,33,0,0,1,1,0,4,3,1,0,1,0,0000000,21,17,21,18,88,88,0,0,0,2,1
27,270089,1,1,0,0,0,1,1,171,0,18,5,2014,1,18,47,0,3,4,CR-6,,8,44.99003889,-94.05370833,0,59,0,0,1,1,0,4,1,1,0,1,0,0000000,18,47,99,99,88,88,0,0,0,1,1
27,270090,2,2,0,0,0,2,2,85,0,20,5,2014,3,5,48,1,2,3,SR-7,SR-22,1438,44.89618889,-94.33323889,0,12,6,0,2,3,0,1,1,5,10,5,0,0000000,5,54,5,59,6,22,0,0,0,1,0
27,270091,2,2,0,0,0,2,2,51,0,20,5,2014,3,7,1,0,3,3,SR-27,,369,45.80334444,-96.25203333,0,12,2,0,1,1,0,1,1,5,0,5,0,0000000,6,58,7,28,88,88,0,0,0,1,0
27,270092,2,2,0,0,0,3,3,7,0,21,5,2014,4,10,44,1,2,2,US-71,CR-52 ANNE ST,3131,47.50506944,-94.90626389,0,12,6,0,2,2,0,1,1,10,0,10,0,0000000,10,46,10,56,11,6,0,0,0,1,0
27,270093,1,1,0,0,0,1,1,163,7716,22,5,2014,5,12,22,0,14,4,CR-20,,14,44.88470833,-92.97968056,0,34,0,0,1,1,0,4,1,1,0,1,0,0000000,12,25,12,29,12,56,0,0,0,1,0
27,270094,2,2,0,0,0,3,3,95,0,22,5,2014,5,17,17,1,2,3,SR-23,CR-15,2384,45.77105,-93.59820556,0,12,6,0,1,1,0,1,1,1,0,1,0,0000000,17,17,17,32,18,9,0,0,0,1,0
27,270095,1,1,0,0,0,2,2,59,0,23,5,2014,6,13,54,0,3,3,SR-47,,366,45.41440833,-93.36769722,0,42,0,0,1,1,0,4,1,1,0,1,0,0000000,13,57,99,99,99,99,0,0,0,1,0
27,270096,2,2,0,0,0,4,4,171,5487,23,5,2014,6,16,22,0,14,4,CR-39,OHLAND AVE NE,285,45.28235556,-93.58241667,0,12,6,0,2,2,0,1,1,1,0,1,0,0000000,16,22,99,99,99,99,0,0,0,1,0
27,270097,1,1,0,0,0,1,1,61,0,25,5,2014,1,16,37,0,4,4,CR-7 SCENIC HIGHWAY,,74,47.40579722,-93.38203056,0,35,0,0,1,1,0,4,1,1,0,1,0,0000000,16,37,16,56,17,36,0,0,0,1,0
27,270098,2,2,0,0,0,4,4,163,7716,25,5,2014,1,17,4,0,14,4,CR-16 VALLEY CREEK RD,WOODLANE DR,9,44.92539722,-92.96608611,0,12,6,0,2,2,0,1,1,10,0,10,0,0000000,17,4,17,10,17,29,0,0,0,1,0
27,270099,3,2,1,0,2,5,7,131,2310,25,5,2014,1,23,17,1,11,1,I-35,,580,44.30773611,-93.30892222,0,12,11,0,1,1,0,1,2,1,0,1,0,0000000,23,24,23,33,99,99,23,0,0,1,0
27,270100,2,2,0,0,0,2,2,59,0,4,4,2014,6,13,17,0,5,4,CR-1 VERDON ST,,59,45.58803611,-93.32731111,0,12,6,0,1,1,0,1,1,1,0,1,0,0000000,13,18,13,29,14,9,0,0,0,1,0
27,270101,2,2,0,0,0,2,2,79,0,26,5,2014,2,13,0,0,5,4,CR-24,CR-114,45,44.40608611,-93.73790556,0,12,6,0,2,2,0,1,1,10,0,10,0,0000000,13,4,13,11,99,99,0,0,0,1,0
27,270102,3,3,0,0,0,3,3,47,0,28,5,2014,4,18,45,1,1,1,I-35,,10,43.51373889,-93.35421111,0,12,2,0,1,1,0,1,1,1,0,1,0,0000000,18,45,19,0,88,88,0,0,0,2,1
27,270103,2,2,0,0,0,3,3,59,0,29,5,2014,5,19,0,0,3,3,SR-95,VALE DR NW,383,45.57268889,-93.29374444,0,12,6,0,2,3,0,1,1,1,0,1,0,0000000,19,0,19,15,20,0,0,0,0,2,0
27,270104,1,1,0,1,1,1,1,53,6300,30,5,2014,6,16,7,0,15,6,W 36TH ST,XENWOOD AVE,16,44.93773056,-93.35145833,0,8,0,0,3,2,0,1,1,1,0,1,0,0000000,16,9,16,17,16,36,0,0,0,1,0
27,270105,1,1,0,1,1,1,1,3,1440,10,4,2014,5,1,55,0,14,3,SR-47,44TH AVE NE,62,45.04822222,-93.26306667,0,8,0,0,2,2,0,1,3,1,0,1,0,0000000,99,98,99,98,88,88,0,0,0,1,0
27,270106,3,3,0,0,0,3,3,53,5423,11,4,2014,6,7,1,1,13,2,US-12,,1482,44.99675833,-93.62623056,0,12,2,0,1,1,0,1,1,10,0,10,0,0000000,7,1,7,10,88,88,14,0,0,2,0
27,270107,2,2,0,0,0,4,4,3,2560,4,4,2014,6,20,13,1,11,1,I-694,,385,45.06588333,-93.23518056,0,12,1,0,1,1,0,1,3,1,0,1,0,0000000,20,16,20,20,99,99,0,0,0,2,0
27,270108,1,1,0,0,0,1,1,3,671,1,6,2014,1,16,45,0,16,6,MADISON ST NE,,2,45.16621389,-93.2543,0,1,0,0,1,1,0,1,1,1,0,1,0,0000000,16,45,16,54,99,99,0,0,0,1,0
27,270109,3,3,0,0,0,3,3,53,4760,4,6,2014,4,16,39,0,14,4,CR-2 PENN AVE N,23RD AVE N,22,45.00238889,-93.30822222,0,12,6,0,2,2,0,1,1,1,0,1,0,0000000,16,40,16,53,16,59,28,0,0,1,0
27,270110,3,3,0,0,0,3,3,37,956,5,6,2014,5,8,20,1,11,1,I-35W,,18,44.76089722,-93.28893611,0,12,1,0,1,1,0,1,1,1,0,1,0,0000000,99,99,99,99,88,88,14,28,0,1,0
27,270111,2,2,0,0,0,2,2,53,4760,5,6,2014,5,21,27,1,11,1,I-94,I-94 RAMP NB FROM DOWLING AVE,2279,45.02685556,-93.28570833,0,18,0,1,17,1,1,1,3,1,0,1,0,0000000,21,29,21,35,88,88,3,0,0,1,0
27,270112,1,1,0,1,1,1,1,53,7440,6,6,2014,6,14,19,0,14,4,CR-112,,24,44.98800556,-93.57316389,0,8,0,0,1,1,0,1,1,1,0,1,0,0000000,14,23,99,99,88,88,0,0,0,1,0
27,270113,2,2,0,0,0,2,2,141,2110,6,6,2014,6,17,4,0,14,4,CR-13 TWIN LAKES RD,,24,45.32243611,-93.52113611,0,12,2,0,1,1,0,1,1,2,3,3,0,0000000,17,4,17,11,99,99,0,0,0,1,1
27,270114,1,1,0,0,0,1,1,3,3007,8,6,2014,1,17,5,0,16,6,KENYON ST NE,,2,45.28329444,-93.22307778,0,1,0,0,1,1,0,1,1,1,0,1,0,0000000,17,6,17,20,99,99,0,0,0,1,1
27,270115,3,3,0,0,0,4,4,3,1982,9,6,2014,2,12,6,1,13,3,SR-65,CR-24 237TH AVE NE,294,45.399175,-93.234675,0,12,7,0,3,2,0,1,1,10,0,10,0,0000000,12,6,12,15,99,99,0,0,0,1,0
27,270116,2,2,0,0,0,2,2,35,770,9,6,2014,2,14,39,1,13,3,SR-210,3RD ST NW,1220,46.35788611,-94.2148,0,12,6,0,2,2,0,1,1,1,0,1,0,0000000,14,39,14,39,14,46,0,0,0,1,0
27,270117,2,2,0,0,0,4,4,41,0,10,6,2014,3,13,9,0,4,4,CR-8,MOE HALL RD,110,45.904725,-95.530525,0,12,6,0,2,2,0,1,1,1,0,1,0,0000000,13,14,13,24,13,56,0,0,0,1,0
27,270118,2,2,0,0,0,3,3,57,0,10,6,2014,3,14,34,1,2,2,US-71,,2998,47.30895556,-94.87655833,0,12,2,0,1,1,0,1,1,1,0,1,0,0000000,14,38,14,48,99,99,0,0,0,2,0
27,270120,1,1,0,0,0,1,1,41,0,11,6,2014,4,8,2,0,6,5,SAND LAKE RD,,15,46.04945556,-95.74173889,0,34,0,0,1,1,0,4,1,10,2,2,0,0000000,8,2,8,13,99,99,0,0,0,1,0
27,270121,1,1,0,0,0,1,1,43,0,15,6,2014,1,17,31,1,1,1,I-90,,1305,43.65226111,-93.88733056,0,34,0,0,1,1,0,3,1,1,0,1,0,0000000,17,33,17,36,18,5,0,0,0,1,0
27,270123,1,1,0,0,0,1,1,5,0,13,6,2014,6,19,57,0,6,5,ST MARY'S RD,,13,46.73551389,-95.95701667,0,34,0,0,1,1,0,4,1,10,2,2,0,0000000,99,99,99,99,99,99,0,0,0,1,1
27,270124,1,1,0,0,0,1,1,123,6330,13,6,2014,6,21,7,0,16,6,PLUM ST,,1,44.95151667,-93.06671389,0,1,0,0,1,1,0,5,5,1,0,1,0,0000000,21,9,21,14,21,35,0,0,0,1,0
27,270125,2,2,0,0,0,2,2,27,0,17,6,2014,3,19,55,0,6,4,CR-27,,80,47.09367222,-96.38585,0,12,1,0,1,1,0,1,1,1,0,1,0,0000000,19,55,20,12,20,50,0,0,0,1,1
27,270126,1,1,0,0,0,1,1,21,0,16,5,2014,6,19,40,0,16,5,PORTAGE LAKE RD,,1,47.32641389,-94.29727778,3,1,0,0,1,1,0,2,8,1,0,1,0,0000000,19,42,19,56,99,99,0,0,0,1,1
27,270127,1,1,0,0,0,1,1,1,0,30,5,2014,6,1,54,0,6,5,GROUSE ST,,59,46.75174722,-93.36477222,0,42,0,0,1,1,0,4,8,1,0,1,0,0000000,1,52,2,4,88,88,0,0,0,1,1
27,270128,2,2,0,0,0,3,3,77,0,22,6,2014,1,15,27,0,4,4,CR-8,,115,48.82999722,-94.856575,0,12,11,0,8,1,0,1,1,1,0,1,0,0000000,15,27,15,53,16,11,0,0,0,1,0
27,270129,1,1,0,0,0,1,1,147,0,23,6,2014,2,18,46,0,4,4,CR-45,,3,43.85414167,-93.24246944,0,34,0,0,1,1,0,4,1,1,0,1,0,0000000,18,46,18,52,88,88,0,0,0,1,0
27,270130,1,1,0,0,0,1,1,169,0,19,6,2014,5,16,30,0,6,4,CR-120,TRAIN TRESSEL,6,44.006125,-91.80895278,0,42,0,0,1,1,0,5,1,2,0,2,0,0000000,16,38,99,99,88,88,0,0,0,1,1
27,270131,2,1,1,1,1,1,1,53,7440,24,6,2014,3,15,48,0,16,8,PROMENADE AVE,,0,44.96965,-93.506475,0,39,0,0,1,1,0,5,1,1,0,1,0,0000000,15,48,15,57,16,21,0,0,0,1,0
27,270132,2,2,0,0,0,3,3,53,4760,28,6,2014,7,4,2,1,11,1,I-394,,84,44.97272778,-93.29460833,0,12,1,1,18,1,0,1,3,1,0,1,0,0000000,4,2,4,15,88,88,0,0,0,1,1
27,270133,1,1,0,0,0,1,1,57,0,28,6,2014,7,4,48,1,2,2,US-71,,2541,46.84146389,-95.08471389,0,11,0,0,1,1,0,1,2,10,0,10,0,0000000,4,48,6,0,88,88,0,0,0,1,0
27,270134,1,1,0,0,0,2,2,159,0,29,6,2014,1,1,33,0,5,4,CR-9,,169,46.57217222,-94.80557222,0,1,0,0,1,1,0,1,2,1,0,1,0,0000000,1,41,99,99,99,99,0,0,0,1,1
27,270135,1,1,0,3,3,1,1,133,0,30,6,2014,2,11,27,0,4,3,SR-270,,55,43.52936111,-96.256875,0,9,0,0,1,1,0,1,1,10,0,10,0,0000000,11,27,11,47,99,99,0,0,0,1,0
27,270136,2,2,0,0,0,2,2,147,0,21,6,2014,7,23,0,0,6,5,48TH STREET,,6,44.02241944,-93.23625833,0,12,6,0,1,1,0,1,2,1,0,1,0,0000000,23,0,23,14,99,99,0,0,0,1,2
27,270137,2,2,0,0,0,3,3,3,6253,30,6,2014,2,19,38,0,3,3,SR-47,CR-28 AMBASSADOR BLVD NW,356,45.39916944,-93.36788611,0,12,6,0,2,2,0,1,1,1,0,1,0,0000000,19,38,17,47,99,99,0,0,0,1,0
27,270138,1,1,0,0,0,1,1,173,0,1,7,2014,3,12,5,0,5,4,CR-B4 490TH ST,,70,44.84852778,-95.66576667,0,34,0,0,1,1,0,4,1,10,2,2,0,0000000,12,9,12,16,12,38,0,0,0,1,0
27,270139,1,1,0,1,1,1,1,133,4320,2,7,2014,4,20,50,0,4,4,CR-22 CEDAR ST,CR-4 MAIN ST,6,43.65420833,-96.207925,0,15,0,0,3,2,0,1,1,1,0,1,0,0000000,20,52,21,5,21,16,0,0,0,1,0
27,270140,1,1,0,0,0,2,2,145,7260,3,7,2014,5,16,5,1,13,3,SR-23,,2018,45.54168056,-94.25343333,0,42,0,0,1,1,0,4,1,1,0,1,0,0000000,16,19,16,26,16,44,0,0,0,1,0
27,270141,1,1,0,0,0,1,1,59,0,4,7,2014,6,1,21,0,5,4,CR-6,,1,45.63060278,-93.51029722,0,35,0,0,1,1,0,4,2,1,0,1,0,0000000,1,23,1,53,88,88,0,0,0,1,1
27,270142,1,1,0,0,0,2,2,111,0,4,7,2014,6,1,37,0,5,4,CR-31,,34,46.65114722,-95.96002778,0,34,0,0,1,1,0,4,2,99,0,99,0,0000000,99,99,99,99,88,88,0,0,0,1,1
27,270143,3,3,0,0,0,5,5,49,1050,4,7,2014,6,14,35,0,4,4,CR-24,,93,44.49056389,-92.90640278,0,12,6,0,8,1,0,1,1,1,0,1,0,0000000,14,35,99,99,99,99,0,0,0,2,0
27,270144,1,1,0,0,0,1,1,157,0,4,7,2014,6,14,50,0,5,4,CR-6,,54,44.25226111,-92.37065,0,35,0,0,1,1,0,4,1,1,0,1,0,0000000,14,53,15,8,88,88,0,0,0,1,1
27,270145,1,1,0,0,0,1,1,99,0,5,7,2014,7,5,24,0,3,2,US-218,,211,43.77269722,-92.98994722,0,34,0,0,1,1,0,4,2,10,0,10,0,0000000,88,88,88,88,88,88,0,0,0,1,0
27,270146,1,1,0,0,0,1,1,163,6455,6,7,2014,1,21,45,0,6,6,228TH ST,,14,45.27780833,-92.857225,0,38,0,0,1,1,0,5,5,1,0,1,0,0000000,21,48,21,59,88,88,0,0,0,1,1
27,270147,1,1,0,0,0,1,1,35,0,7,7,2014,2,15,14,0,9,8,LENS RD,,0,46.70248056,-93.85879444,0,1,0,0,1,1,0,1,8,1,0,1,0,0000000,15,16,15,48,88,88,6,0,0,1,1
27,270148,2,2,0,0,0,2,2,19,0,7,7,2014,2,18,50,0,3,3,SR-284,CR-153,15,44.78938056,-93.78808056,0,12,6,0,2,2,0,1,1,10,0,10,0,0000000,18,50,99,99,99,99,0,0,0,1,1
27,270149,1,1,0,0,0,3,3,23,0,8,7,2014,3,10,58,1,2,2,US-SR7,,697,44.97533056,-95.75038611,0,34,0,0,1,1,0,4,1,1,0,1,0,0000000,11,0,11,5,11,18,0,0,0,1,0
27,270150,1,1,0,0,0,2,2,39,0,8,7,2014,3,12,42,0,5,4,CR-7 190TH ST,,17,44.04495833,-92.85875556,0,34,0,0,1,1,0,4,1,1,0,1,0,0000000,12,44,12,48,99,99,0,0,0,1,1
27,270151,1,1,0,0,0,1,1,49,0,13,7,2014,1,23,15,0,4,4,CR-1,,223,44.45618889,-92.76746944,0,35,0,0,1,1,0,5,3,1,0,1,0,0000000,23,15,23,37,88,88,0,0,0,1,1
27,270152,1,1,0,1,1,2,2,95,0,8,7,2014,3,22,15,0,5,4,CR-8,,33,45.69966944,-93.66212222,0,9,0,0,1,1,0,1,2,1,0,1,0,0000000,22,15,22,22,99,99,0,0,0,1,0
27,270153,3,3,0,0,0,5,5,3,1440,9,7,2014,4,18,40,0,14,3,SR-65,44TH AVE NE,50,45.04818056,-93.24731389,0,12,6,0,2,2,0,1,1,1,0,1,0,0000000,18,39,99,99,99,99,0,0,0,1,0
27,270154,1,1,0,1,1,1,1,123,6070,14,7,2014,2,5,10,0,14,3,SR-51,CR-25 COUNTY RD B,74,45.00605278,-93.16659444,0,8,0,0,3,2,0,1,3,1,0,1,0,0000000,99,99,99,99,99,99,0,0,0,1,0
27,270155,5,5,0,0,0,5,5,53,675,10,7,2014,5,16,3,0,14,4,CR-32,90TH ST W,15,44.84068611,-93.30877778,0,12,7,0,3,2,0,1,1,10,0,10,0,0000000,16,5,16,9,17,0,0,0,0,1,0
27,270156,2,2,0,0,0,3,3,171,6320,14,7,2014,2,6,27,0,14,3,SR-241,O DAY AVE,3003,45.21657778,-93.59811389,0,12,6,0,2,2,0,1,1,1,0,1,0,0000000,6,27,6,39,99,99,0,0,0,1,0
27,270157,2,2,0,0,0,3,3,139,0,20,7,2014,1,12,14,0,3,4,CR-2,CR-15,33,44.57272778,-93.55725833,0,12,6,0,2,2,0,1,1,10,0,10,0,0000000,99,99,12,25,99,99,0,0,0,1,0
27,270158,3,3,0,0,0,4,4,151,0,15,7,2014,3,20,10,1,2,2,US-12,30TH STREET,477,45.28173333,-95.51546667,0,12,1,0,3,4,0,1,1,1,0,1,0,0000000,20,10,20,18,99,99,0,0,0,1,0
27,270159,1,1,0,0,0,1,1,35,1560,21,7,2014,2,17,33,0,3,3,SR-6,,141,46.48742222,-93.95755833,0,42,0,0,1,1,0,4,1,1,0,1,0,0000000,99,99,17,33,99,99,0,0,0,1,0
27,270160,2,2,0,0,0,2,2,53,821,22,7,2014,3,14,19,1,13,3,SR-252,73RD AVE N,15,45.0872,-93.28800278,0,12,1,0,3,2,0,1,1,1,0,1,0,0000000,14,19,14,28,14,52,0,0,0,1,1
27,270161,1,1,0,0,0,1,1,3,1440,22,7,2014,3,20,29,0,14,3,SR-47,,60,45.04440278,-93.26309444,0,21,0,0,1,1,0,4,1,1,0,1,0,0000000,99,99,99,99,99,99,0,0,0,1,0
27,270162,2,2,0,0,0,2,2,85,0,23,7,2014,4,16,56,1,2,3,SR-7,,1468,44.89257778,-94.27413611,0,12,1,0,1,1,0,1,1,1,0,1,0,0000000,16,56,99,98,88,88,0,0,0,1,1
27,270163,2,2,0,0,0,3,3,123,6330,24,7,2014,5,8,4,0,14,4,CR-51 LEXINGTON,,62,44.98487778,-93.14299444,0,12,2,0,1,1,0,1,1,1,0,1,0,0000000,8,6,8,13,88,88,0,0,0,1,0
27,270164,1,1,0,0,0,1,1,1,0,26,7,2014,7,13,12,0,3,3,SR-18,,258,46.34314444,-93.75071111,0,35,0,0,1,1,0,4,1,1,0,1,0,0000000,13,16,99,99,88,88,0,0,0,1,0
27,270165,1,1,0,0,0,1,1,5,0,17,7,2014,5,8,11,0,4,4,CR-17,,0,46.72448611,-95.87493333,0,34,0,0,1,1,2,4,1,1,0,1,0,0000000,8,13,8,26,88,88,3,0,0,1,0
27,270166,2,2,0,0,0,5,5,45,0,29,7,2014,3,16,8,0,4,4,CR-8,CR-17,257,43.73186667,-92.05909167,0,12,11,0,2,2,0,1,1,1,0,1,0,0000000,16,11,17,5,88,88,0,0,0,1,0
27,270167,1,1,0,0,0,2,2,25,3100,29,7,2014,3,21,25,1,1,1,I-35,,1570,45.64145833,-92.99244167,0,1,0,0,1,1,0,3,2,1,0,1,0,0000000,99,99,99,99,99,99,0,0,0,1,0
27,270168,2,2,0,0,0,2,2,161,0,18,7,2014,6,10,46,0,2,4,CR-999,,90,44.09522222,-93.57788333,0,12,8,0,1,1,0,1,1,10,0,10,0,0000000,10,46,99,98,88,88,0,0,0,1,0
27,270169,2,2,0,0,0,3,3,21,0,31,7,2014,5,6,43,0,3,4,CR-2,CR-44,163,46.71858889,-94.36681944,0,12,6,0,2,2,0,1,1,1,0,1,0,0000000,6,48,99,99,99,99,0,0,0,1,0
27,270170,2,2,0,0,0,3,3,139,6510,1,8,2014,6,16,2,0,14,4,CR-14 W 150TH ST,CR-79 BASELINE AVE,34,44.73221944,-93.52029444,0,12,6,0,2,2,0,1,1,1,0,1,0,0000000,16,3,16,11,16,56,0,0,0,1,0
27,270171,1,1,0,0,0,1,1,157,0,18,7,2014,6,20,48,0,3,3,SR-60,,1986,44.28108333,-92.33630278,0,57,0,0,1,1,0,4,1,1,0,1,0,0000000,20,48,99,99,88,88,0,0,0,1,0
27,270172,1,1,0,0,0,1,1,67,0,2,8,2014,7,15,35,1,2,2,US-12,,805,45.13478611,-94.90986944,0,34,0,0,1,1,0,4,1,1,0,1,0,0000000,15,35,15,38,88,88,0,0,0,1,1