STATE,ST_CASE,VE_TOTAL,VE_FORMS,PVH_INVL,PEDS,PERNOTMVIT,PERMVIT,PERSONS,COUNTY,CITY,DAY,MONTH,YEAR,DAY_WEEK,HOUR,MINUTE,NHS,ROAD_FNC,ROUTE,TWAY_ID,TWAY_ID2,MILEPT,LATITUDE,LONGITUD,SP_JUR,HARM_EV,MAN_COLL,RELJCT1,RELJCT2,TYP_INT,WRK_ZONE,REL_ROAD,LGT_COND,WEATHER1,WEATHER2,WEATHER,SCH_BUS,RAIL,NOT_HOUR,NOT_MIN,ARR_HOUR,ARR_MIN,HOSP_HR,HOSP_MN,CF1,CF2,CF3,FATALS,DRUNK_DR
27,270289,2,2,0,0,0,7,7,19,0,15,11,2014,7,15,39,0,3,4,CR-10,,145,44.82110556,-93.73917222,0,12,6,0,1,1,0,1,1,4,0,4,0,0000000,15,39,15,39,99,99,0,0,0,2,0
27,270290,1,1,0,0,0,2,2,67,0,15,11,2014,7,16,35,1,2,2,US-12,,676,45.14415556,-95.16358889,0,1,0,0,1,1,0,4,1,4,10,4,0,0000000,16,35,16,48,17,9,0,0,0,1,0
27,270291,2,2,0,0,0,3,3,97,0,1,8,2014,6,15,22,0,4,4,CR-52 GREAT RIVER RD,CR-26 NATURE RD,0,45.82656667,-94.36483333,0,12,6,0,2,2,0,1,1,2,0,2,0,0000000,15,23,15,41,99,99,0,0,0,1,0
27,270292,2,2,0,0,0,4,4,3,1492,21,11,2014,6,2,12,0,14,4,CR-18 COON CREEK BLVD,131ST AVE NW,32,45.20853889,-93.32901389,0,12,6,0,2,2,0,1,3,1,0,1,0,0000000,99,99,99,99,99,99,0,0,0,1,1
27,270293,1,1,0,0,0,1,1,115,0,25,11,2014,3,11,55,1,1,1,I-35,,1811,45.98556111,-92.94818333,0,52,0,0,1,1,0,4,1,10,0,10,0,0000000,99,99,99,99,99,99,0,0,0,1,0
27,270294,1,1,0,0,0,4,4,137,0,27,11,2014,5,1,39,0,6,4,CR-734 SHIPLEY RD,,136,46.99781389,-92.56688333,0,42,0,0,1,1,0,4,2,1,0,1,0,0000000,1,40,1,56,2,58,0,0,0,1,1
27,270295,1,1,0,0,0,3,3,141,0,29,11,2014,7,0,28,0,5,4,CR-43,,32,45.37373056,-93.71588611,0,48,0,0,1,1,0,2,2,1,0,1,0,0000000,0,28,0,33,0,55,0,0,0,1,1
27,270296,1,1,0,0,0,2,2,67,0,22,11,2014,7,15,4,0,6,5,182ND ST NE,,3,45.38945,-94.79397778,0,10,0,0,6,1,0,1,1,5,10,5,0,689288P,15,18,15,26,88,88,0,0,0,2,0
27,270297,2,2,0,0,0,4,4,145,0,29,11,2014,7,8,54,1,2,3,SR-23,,1992,45.51265278,-94.28726389,0,12,8,0,1,1,0,1,1,1,0,1,0,0000000,8,54,9,5,9,40,0,0,0,1,0
27,270298,2,2,0,0,0,2,2,53,4626,2,12,2014,3,21,43,1,13,2,US-12,,1472,45.00324444,-93.64527222,0,12,2,0,1,1,0,1,2,10,0,10,0,0000000,21,43,21,52,88,88,0,0,0,1,0
27,270299,2,2,0,0,0,7,7,93,0,7,12,2014,1,18,22,1,2,2,US-12,,900,45.140475,-94.71802778,0,12,6,0,1,1,0,1,2,12,10,12,0,0000000,18,27,18,32,99,99,0,0,0,1,0
27,270300,2,2,0,0,0,2,2,137,0,10,12,2014,4,10,35,1,2,2,US-2,SR-194,2468,46.84657778,-92.41736667,0,12,6,0,2,2,0,1,1,10,0,10,0,0000000,10,36,10,50,88,88,0,0,0,1,0
27,270301,2,2,0,0,0,2,2,25,1200,10,12,2014,4,10,37,1,2,2,US-8,DEER CREEK LN,82,45.36733611,-92.90150833,0,12,6,0,2,3,0,1,1,10,5,5,0,0000000,10,38,10,47,12,17,0,0,0,1,0
27,270302,2,2,0,0,0,4,4,37,0,11,12,2014,5,15,18,0,4,4,CR-54,,67,44.67843056,-92.75488333,0,12,2,0,1,1,0,1,1,1,0,1,0,0000000,15,18,15,29,99,99,0,0,0,2,1
27,270303,1,1,0,0,0,1,1,87,0,15,12,2014,2,3,31,0,6,5,240TH ST,,1,47.29668056,-95.96615278,0,10,0,0,6,1,0,1,6,98,0,98,0,695750E,3,32,3,41,88,88,0,0,0,1,1
27,270304,2,2,0,0,0,3,3,113,0,11,12,2014,5,18,12,0,3,2,US-59,CR-31,3618,48.15133333,-96.20801111,0,12,6,0,2,2,0,1,2,10,0,10,0,0000000,18,12,18,21,18,47,0,0,0,1,0
27,270305,2,2,0,0,0,3,3,159,0,13,12,2014,7,0,40,1,2,2,US-71,,2215,46.39466944,-95.11934444,0,12,2,0,1,1,0,1,2,5,0,5,0,0000000,0,43,0,52,1,19,0,0,0,1,1
27,270306,2,2,0,0,0,3,3,65,0,13,12,2014,7,16,52,0,4,3,SR-107,,60,45.78324167,-93.14957778,0,12,2,0,1,1,0,1,2,5,0,5,0,0000000,99,99,99,99,99,99,0,0,0,1,1
27,270307,1,1,0,0,0,4,4,165,0,13,12,2014,7,22,7,1,2,3,SR-15/60,,357,44.01423889,-94.42044444,0,1,0,0,1,1,1,3,2,5,0,5,0,0000000,22,7,22,29,99,99,0,0,0,1,0
27,270308,1,1,0,0,0,2,2,45,0,20,12,2014,7,19,20,0,4,4,CR-11,,116,43.79125,-92.08441111,0,35,0,0,1,1,0,4,2,12,0,12,0,0000000,19,20,19,46,99,99,0,0,0,1,1
27,270309,3,3,0,0,0,3,3,61,6840,20,12,2014,7,19,0,1,2,2,US-169,,3170,47.31525556,-93.33598333,0,12,6,0,1,1,0,1,2,12,0,12,0,0000000,19,11,19,28,99,99,0,0,0,1,0
27,270310,1,1,0,1,1,1,1,49,0,11,10,2014,7,13,28,0,3,3,SR-58,,50,44.34311944,-92.62726667,0,8,0,0,1,1,0,1,1,1,0,1,0,0000000,13,29,13,35,88,88,0,0,0,1,0
27,270311,1,1,0,1,1,1,1,53,821,20,11,2014,5,0,31,1,11,1,I-94,,2212,45.07609167,-93.35356389,0,8,0,0,1,1,0,1,3,1,0,1,0,0000000,0,41,0,38,88,88,0,0,0,1,0
27,270312,1,1,0,0,0,1,1,123,6330,25,11,2014,3,23,57,0,14,2,US-952A ROBERT ST,,1305,44.9355,-93.08083056,0,19,0,0,1,1,0,4,3,1,0,1,0,0000000,99,99,99,99,99,99,20,0,0,1,0
27,270313,1,1,0,0,0,1,1,115,0,2,12,2014,3,15,48,0,4,4,CR-30 DUXBURY RD,,50,46.12821389,-92.69931111,0,42,0,0,1,1,0,4,1,1,0,1,0,0000000,15,48,15,57,88,88,0,0,0,1,0
27,270314,2,2,0,0,0,2,2,53,4510,9,12,2014,3,16,21,1,13,2,US-12,,1462,45.00920556,-93.66237222,0,12,2,0,1,1,0,1,5,1,0,1,0,0000000,16,22,16,31,17,10,0,0,0,1,0
27,270315,1,1,0,0,0,1,1,31,0,3,10,2014,6,8,17,0,4,4,CR-12,,189,47.95955,-90.32748056,0,42,0,0,1,1,0,4,4,10,0,10,0,0000000,8,18,1,26,9,34,0,0,0,1,1
27,270316,2,2,0,0,0,2,2,163,9997,22,12,2014,2,16,30,0,3,4,CR-15 MANNING AVE,,124,45.09593056,-92.86337778,0,12,2,0,1,1,0,1,5,12,2,12,0,0000000,16,36,16,36,99,99,0,0,0,1,0
27,270317,1,1,0,0,0,1,1,23,0,22,12,2014,2,18,47,0,3,3,SR-40,,600,45.10907222,-95.34314444,0,59,0,0,1,1,0,4,2,2,0,2,0,0000000,18,49,19,2,88,88,0,0,0,1,0
27,270318,1,1,0,0,0,3,3,67,0,28,12,2014,1,20,54,0,2,5,240TH AVE NE,,4,45.35502778,-94.76605833,0,34,0,0,1,1,0,4,2,10,0,10,0,0000000,20,58,21,11,21,41,0,0,0,2,1
27,270319,2,2,0,0,0,2,2,147,0,23,12,2014,3,7,7,0,3,2,US-218,SE 64TH AVE,353,43.95600556,-93.10525833,0,12,6,0,2,3,0,1,1,4,0,4,0,0000000,7,7,99,99,88,88,0,0,0,1,0
27,270320,1,1,0,0,0,1,1,25,0,26,12,2014,6,1,31,0,3,4,CR-25,,1,45.29954444,-92.804175,0,1,0,0,1,1,1,4,2,4,0,4,0,0000000,1,31,1,45,88,88,0,0,0,1,1
27,270321,4,4,0,0,0,8,8,53,4495,26,12,2014,6,15,55,0,14,4,CR-81,,142,45.14316389,-93.46843056,0,12,8,0,1,1,0,2,1,10,0,10,0,0000000,15,56,16,2,16,25,0,0,0,2,1
27,270322,1,1,0,0,0,1,1,35,0,29,12,2014,2,14,38,0,3,3,SR-25,,1440,46.19577222,-94.103975,0,59,0,0,1,1,0,4,1,1,0,1,0,0000000,14,53,15,6,88,88,0,0,0,1,0
27,270323,1,1,0,0,0,1,1,23,0,26,12,2014,6,23,6,0,6,5,50TH AVE N,,53,45.04019167,-95.69623056,0,99,98,8,98,98,0,98,8,98,0,98,0,0000000,23,10,23,19,23,47,0,0,0,1,1
27,270324,2,2,0,0,0,3,3,13,0,27,12,2014,7,9,19,1,2,2,US-14,CR-48 620TH AVE,1419,44.14960556,-93.80466944,0,12,6,0,2,2,0,1,1,10,0,10,0,0000000,9,21,9,34,99,99,0,0,0,1,0
27,270325,2,2,0,0,0,2,2,25,5260,27,12,2014,7,18,20,0,14,3,SR-95,,531,45.51441667,-93.01848056,0,12,2,0,1,1,0,1,2,1,0,1,0,0000000,18,22,18,27,19,15,0,0,0,1,0
27,270326,2,2,0,0,0,6,6,83,0,31,12,2014,4,15,12,1,2,3,SR-23,,659,44.37783889,-95.89326389,0,12,2,0,1,1,0,1,1,1,0,1,0,0000000,15,15,15,23,16,0,0,0,0,3,0
27,270327,1,1,0,0,0,1,1,3,671,2,11,2014,1,1,23,0,14,4,CR-12 109TH AVE NW,,7,45.16820556,-93.26601111,0,39,0,0,1,1,0,4,3,1,0,1,0,0000000,99,98,99,98,88,88,20,0,0,1,1
27,270328,2,2,0,0,0,6,6,109,0,25,12,2014,5,19,35,0,3,2,US-14,,2182,44.00903889,-92.37410833,0,12,6,0,8,1,0,1,6,1,0,1,0,0000000,19,35,19,38,99,99,0,0,0,1,0
27,270329,1,1,0,0,0,2,2,135,0,31,12,2014,4,17,33,0,6,5,TWP RD 26,,1,48.89289167,-95.30926944,0,10,0,0,6,1,0,1,2,10,0,10,0,312234R,17,26,17,30,88,88,0,0,0,2,0
27,270330,2,2,0,0,0,2,2,7,0,20,5,2014,3,7,31,0,3,3,SR-1,,99998,77.77770000,777.77770000,3,12,2,8,98,98,4,1,8,1,0,1,1,0000000,99,99,99,99,99,99,99,99,99,1,0
27,270331,1,1,0,0,0,1,1,7,0,12,7,2014,7,13,55,0,5,8,INDIAN SERVICE RD 18,,99998,77.77770000,777.77770000,3,99,98,8,98,98,0,98,8,1,0,1,0,0000000,99,99,99,99,99,99,99,99,99,1,1
28,280001,2,2,0,0,0,7,7,67,0,1,1,2014,4,13,4,0,6,4,CR-SPRINGHILL ROAD,SERVICE ROAD,99998,31.73698333,-89.21539722,0,12,6,0,2,2,0,1,1,10,0,10,0,0000000,13,6,13,18,13,50,0,0,0,2,0
28,280002,1,1,0,1,1,1,1,11,0,2,1,2014,5,2,28,1,2,2,US-61 SOUTH,,0,33.66795833,-90.728625,0,8,0,0,1,1,0,1,2,10,0,10,0,0000000,88,88,88,88,88,88,0,0,0,1,0
28,280003,1,1,0,0,0,1,1,145,0,2,1,2014,5,12,2,0,6,4,CR-73,CR-69,99998,34.56213056,-89.07,0,42,0,0,1,1,0,4,1,1,0,1,0,0000000,11,56,12,0,88,88,0,0,0,1,0
28,280004,1,1,0,0,0,2,2,59,0,3,1,2014,6,19,57,1,2,3,SR-63,,0,30.72738611,-88.59588611,0,24,0,0,1,1,0,4,2,1,0,1,0,0000000,20,2,20,27,21,8,0,0,0,1,0
28,280005,1,1,0,0,0,1,1,85,0,4,1,2014,7,20,6,1,1,1,I-55 SOUTH,,450,31.62513611,-90.46118333,0,42,0,0,1,1,0,3,2,1,0,1,0,0000000,88,88,88,88,88,88,0,0,0,1,1
28,280006,1,1,0,0,0,1,1,121,1918,5,1,2014,1,14,45,1,2,2,US-49 NORTH,,99998,32.26526667,-90.16053056,0,59,0,0,1,1,0,4,1,2,0,2,0,0000000,14,46,15,4,88,88,0,0,0,1,0
28,280007,3,3,0,0,0,4,4,155,0,6,1,2014,2,10,5,0,2,3,SR-15 NORTH,,0,33.54800556,-89.09431944,0,12,8,0,1,1,0,1,1,1,0,1,0,0000000,10,11,10,30,11,9,0,0,0,1,0
28,280008,1,1,0,0,0,1,1,81,0,7,1,2014,3,23,39,0,6,4,CR-821,,99998,34.40996389,-88.63635,0,1,0,0,1,1,0,1,2,1,0,1,0,0000000,88,88,88,88,88,88,0,0,0,1,1
28,280009,3,3,0,0,0,4,4,23,0,9,1,2014,5,11,58,1,2,2,US-45 SOUTH,,0,31.98507222,-88.71286667,0,12,1,0,1,1,0,1,1,1,0,1,0,0000000,11,58,12,3,99,99,0,0,0,2,1
28,280010,2,2,0,0,0,2,2,127,0,10,1,2014,6,7,0,0,2,3,SR-541,,99998,31.91106944,-89.73546667,0,12,2,0,1,1,0,1,1,5,0,5,0,0000000,7,9,7,9,8,47,0,0,0,1,0
28,280011,1,1,0,1,1,1,1,35,1930,10,1,2014,6,18,40,1,2,2,US-11,,99998,31.35206111,-89.27134722,0,8,0,0,1,1,0,1,3,10,0,10,0,0000000,18,40,18,48,99,99,0,0,0,1,0
28,280012,1,1,0,0,0,1,1,17,0,11,1,2014,7,16,42,0,6,4,CR-419,,99998,33.77156389,-89.031925,0,35,0,0,1,1,0,4,1,1,0,1,0,0000000,16,42,16,55,99,99,0,0,0,1,1
28,280013,1,1,0,0,0,1,1,89,400,12,1,2014,1,17,12,0,16,6,985 COVINGTON DRIVE,,0,32.61726667,-90.00436389,0,38,0,0,1,1,0,5,2,1,0,1,0,0000000,88,88,88,88,88,88,0,0,0,1,1
28,280014,2,2,0,0,0,2,2,5,1370,13,1,2014,2,11,24,0,2,3,SR-584,,99998,31.15333611,-90.80697222,0,12,6,0,1,1,0,1,1,2,10,2,0,0000000,11,24,11,27,99,99,0,0,0,1,1
28,280015,1,1,0,0,0,2,2,75,0,13,1,2014,2,13,11,1,2,2,US-80 WEST,,99998,32.34823333,-88.78089444,0,42,0,0,1,1,0,4,1,2,0,2,0,0000000,13,11,14,23,99,99,0,0,0,1,0
28,280016,2,2,0,0,0,2,2,65,0,14,1,2014,3,6,30,0,2,3,SR-35 SOUTH,GRANDBY ROAD,0,31.58409167,-89.75135,0,12,6,1,2,2,0,1,1,1,0,1,0,0000000,88,88,88,88,88,88,0,0,0,1,0
28,280017,1,1,0,1,1,1,1,29,0,14,1,2014,3,18,51,1,1,1,I-55 SOUTH,,0,31.87711667,-90.41095833,0,8,0,0,5,1,0,1,2,1,0,1,0,0000000,88,88,88,88,88,88,0,0,0,1,0
28,280018,1,1,0,0,0,1,1,115,0,16,1,2014,5,22,23,0,2,3,SR-9,US-9,99998,34.34671389,-88.84151389,0,35,0,0,3,3,0,4,2,1,0,1,0,0000000,22,23,22,33,22,53,0,0,0,1,1
28,280019,1,1,0,0,0,1,1,33,1830,18,1,2014,7,1,11,0,2,3,SR-302,CRAFT ROAD,99998,34.96223333,-89.86522778,0,30,0,1,3,2,0,8,3,1,0,1,0,0000000,1,11,1,18,99,99,0,0,0,1,1
28,280020,1,1,0,1,1,1,1,27,470,18,1,2014,7,18,58,0,16,6,STATE STREET,,0,34.19808889,-90.55383889,0,8,0,0,1,1,0,1,3,1,0,1,0,0000000,18,58,19,0,99,99,0,0,0,1,0
28,280021,1,1,0,0,0,1,1,135,0,19,1,2014,1,2,11,0,2,3,SR-32,,99998,33.99981389,-90.01891111,0,1,0,0,1,1,0,4,2,1,0,1,0,0000000,2,11,2,50,99,99,0,0,0,1,0
28,280022,1,1,0,1,1,1,1,109,0,19,1,2014,1,18,42,1,1,1,I-59,,0,31.00366944,-89.41706111,0,8,0,0,1,1,0,1,2,1,0,1,0,0000000,88,88,88,88,88,88,0,0,0,1,0
28,280023,2,2,0,0,0,2,2,141,0,21,1,2014,3,5,50,1,2,2,US-72 EAST,,99998,34.78193333,-88.16570556,0,12,1,0,1,1,0,1,3,1,0,1,0,0000000,88,88,88,88,88,88,0,0,0,1,0
28,280024,1,1,0,1,1,1,1,75,1590,21,1,2014,3,14,51,0,16,6,40TH STREET,,0,32.39913056,-88.71265556,0,8,0,0,1,1,0,1,1,1,0,1,0,0000000,14,51,14,57,99,99,0,0,0,1,0
28,280025,1,1,0,0,0,1,1,117,0,22,1,2014,4,6,48,0,6,4,CR-2371,,99998,34.62933056,-88.45384444,0,32,0,0,1,1,0,4,2,1,0,1,0,0000000,88,88,88,88,88,88,0,0,0,1,1
28,280026,2,2,0,0,0,2,2,67,0,24,1,2014,6,20,18,1,2,2,US-84 WEST,,99998,31.69478611,-89.19158056,0,12,6,0,8,1,0,1,1,1,0,1,0,0000000,20,18,20,20,21,22,0,0,0,1,0
28,280027,1,1,0,0,0,1,1,117,0,25,1,2014,7,4,27,0,2,3,SR-30 NORTH,CR-3401,0,34.62409167,-88.39236389,0,35,0,1,3,3,0,4,3,6,0,6,0,0000000,4,27,5,18,99,99,0,0,0,1,1
28,280028,1,1,0,0,0,1,1,29,0,26,1,2014,1,16,44,0,6,4,CR-LILLY ROAD,,99998,31.89359722,-90.37800556,0,35,0,0,1,1,0,4,1,1,0,1,0,0000000,17,5,17,29,17,52,0,0,0,1,0
28,280029,1,1,0,0,0,3,3,39,0,28,1,2014,3,14,15,0,2,3,SR-26,,99998,30.89079722,-88.63354167,0,42,0,0,1,1,0,5,1,3,0,3,0,0000000,14,15,14,20,99,99,0,0,0,1,0
28,280030,1,1,0,0,0,1,1,147,0,30,1,2014,5,15,51,0,2,3,SR-48,,99998,31.10398056,-90.1094,0,1,0,0,1,1,0,5,1,10,0,10,0,0000000,88,88,88,88,88,88,0,0,0,1,0
28,280031,2,2,0,0,0,4,4,129,0,29,1,2014,4,11,39,0,2,3,SR-18,,0,32.07096667,-89.68476667,0,12,2,0,1,1,0,1,1,10,0,10,0,0000000,11,46,11,48,99,99,0,0,0,1,0
28,280032,2,2,0,0,0,2,2,151,0,1,2,2014,7,12,0,0,2,3,SR-1,DYCUS ROAD,0,33.31254444,-91.04413611,0,12,6,1,2,2,0,1,1,1,0,1,0,0000000,12,0,12,39,99,99,0,0,0,1,0
28,280033,2,2,0,0,0,2,2,99,0,4,2,2014,3,7,34,0,2,3,SR-16,,99998,32.75733889,-88.97068889,0,12,2,0,1,1,0,1,1,1,0,1,0,0000000,88,88,88,88,88,88,0,0,0,1,0
28,280034,1,1,0,0,0,1,1,123,0,4,2,2014,3,13,57,1,1,1,I-20,,99998,32.33794722,-89.50191944,0,42,0,0,1,1,0,4,1,10,0,10,0,0000000,13,57,14,3,88,88,0,0,0,1,0
28,280035,2,2,0,0,0,2,2,163,0,5,2,2014,4,11,55,0,2,3,SR-3,,0,32.75357222,-90.48671944,0,12,2,0,1,1,0,5,1,10,0,10,0,0000000,88,88,88,88,88,88,0,0,0,1,2
28,280036,1,1,0,0,0,1,1,153,0,6,2,2014,5,15,34,1,2,2,US-84,N MAYNOR CREEK ROAD,99998,31.69483056,-88.767425,0,35,0,0,1,1,0,4,1,10,0,10,0,0000000,15,34,15,36,99,99,0,0,0,1,0
28,280037,2,2,0,0,0,4,4,59,1680,6,2,2014,5,21,9,1,1,1,I-10,,99998,30.46044167,-88.44038611,0,12,1,0,1,1,0,5,2,1,0,1,0,0000000,21,11,21,16,88,88,0,0,0,1,0
28,280038,1,1,0,0,0,2,2,23,0,4,1,2014,7,14,37,0,6,4,CR-671,,99998,32.05633611,-88.63901944,0,42,0,0,1,1,0,4,1,1,0,1,0,0000000,14,37,14,43,99,99,0,0,0,2,1
28,280039,1,1,0,0,0,1,1,55,0,6,1,2014,2,13,57,0,5,4,CR-GLENN ALLEN ROAD,,99998,99.99990000,999.99990000,9,1,0,0,1,1,0,4,1,98,0,98,0,0000000,13,57,99,99,88,88,0,0,0,1,0
28,280040,2,2,0,0,0,3,3,57,0,12,1,2014,1,17,52,1,2,3,SR-25,,99998,34.29389167,-88.32058611,0,12,2,0,1,1,0,1,2,1,0,1,0,0000000,17,52,18,16,19,15,0,0,0,1,0
28,280041,1,1,0,0,0,1,1,15,0,18,1,2014,7,6,55,1,1,1,I-55,,1950,33.63625278,-89.79417222,0,42,0,1,19,1,0,4,1,1,0,1,0,0000000,7,5,7,19,88,88,0,0,0,1,1
28,280042,1,1,0,0,0,1,1,93,0,19,1,2014,1,18,22,0,6,4,CR-REBECCA ROAD,,99998,34.73276667,-89.6775,0,34,0,0,1,1,0,4,2,1,0,1,0,0000000,18,23,18,43,19,18,0,0,0,1,0
28,280043,1,1,0,1,1,1,1,13,0,22,1,2014,4,19,19,0,2,3,SR-32,,99998,34.074,-89.44748056,0,8,0,0,1,1,0,1,2,1,0,1,0,0000000,19,19,19,42,20,45,0,0,0,1,0
28,280045,3,3,0,0,0,8,8,109,1950,24,1,2014,6,18,35,1,13,2,US-11,,99998,30.53464167,-89.67508611,0,12,6,0,1,1,0,1,2,2,0,2,0,0000000,88,88,88,88,88,88,0,0,0,3,0
28,280046,1,1,0,0,0,1,1,93,0,25,1,2014,7,1,54,0,2,3,SR-309,,99998,34.80193889,-89.68835,0,35,0,0,1,1,0,4,2,1,0,1,0,0000000,88,88,88,88,88,88,0,0,0,1,1
28,280047,1,1,0,0,0,1,1,3,0,30,1,2014,5,17,39,1,2,2,US-72,,99998,34.87924722,-88.44235278,0,59,0,0,1,1,0,4,2,1,0,1,0,0000000,17,39,17,41,18,38,0,0,0,1,0
28,280048,1,1,0,0,0,1,1,25,0,2,2,2014,1,16,35,0,6,4,CR-HAPPY HOLLOW,,99998,33.80198056,-88.91745278,0,34,0,0,1,1,0,4,1,2,0,2,0,0000000,16,35,17,21,18,8,0,0,0,1,1
28,280049,2,2,0,0,0,3,3,91,0,4,2,2014,3,13,0,0,2,3,SR-13,LAMPTON HILLTOP ROAD,99998,31.19441389,-89.79828333,0,12,2,0,2,2,0,1,1,1,0,1,0,0000000,13,13,13,33,99,99,0,0,0,1,0
28,280050,2,2,0,0,0,2,2,43,1010,4,2,2014,3,14,57,0,16,6,COMMERCE STREET,,0,33.757125,-89.80804167,0,12,2,0,1,1,0,1,1,2,0,2,0,0000000,14,57,99,99,99,99,0,0,0,1,0
28,280051,1,1,0,0,0,2,2,49,0,5,2,2014,4,9,31,1,2,2,US-80,,99998,32.34278333,-90.67097222,0,42,0,0,1,1,0,4,1,10,0,10,0,0000000,9,31,9,55,10,50,0,0,0,1,0
28,280052,1,1,0,0,0,2,2,1,1720,7,2,2014,6,0,0,0,16,6,M L KING STREET,,0,31.56762222,-91.38079167,0,33,0,0,1,1,0,4,2,1,0,1,0,0000000,0,0,0,8,99,99,0,0,0,1,1
28,280053,1,1,0,1,1,1,1,49,1220,7,2,2014,6,18,19,0,16,6,CAPITOL STREET,,0,32.31313611,-90.20943333,0,8,0,0,1,1,0,1,2,1,0,1,0,0000000,18,19,18,26,99,99,0,0,0,1,0
28,280054,2,2,0,0,0,3,3,47,0,8,2,2014,7,1,33,1,2,2,US-49,,99998,30.53303889,-89.11171389,0,12,6,0,1,1,0,1,2,10,0,10,0,0000000,1,37,2,2,99,99,0,0,0,1,1
28,280055,1,1,0,0,0,1,1,89,0,10,2,2014,2,12,34,1,2,2,US-49,,99998,32.5092,-90.30261389,0,35,0,0,1,1,0,4,1,2,0,2,0,0000000,88,88,88,88,88,88,0,0,0,1,0
28,280056,1,1,0,1,1,3,3,109,1950,10,2,2014,2,14,41,1,1,1,I-59,,80,30.53696389,-89.65300278,0,8,0,0,1,1,0,1,1,10,0,10,0,0000000,14,41,14,43,99,99,0,0,0,1,0
28,280057,1,1,0,0,0,1,1,105,2430,11,2,2014,3,0,14,0,2,3,SR-12,,99998,33.37464444,-88.98004167,0,34,0,0,1,1,0,4,2,3,0,3,0,0000000,0,14,0,47,88,88,0,0,0,1,0
28,280058,1,1,0,0,0,1,1,15,0,11,2,2014,3,6,49,0,2,3,SR-35,CR-73,99998,33.62073611,-89.98714722,0,35,0,0,3,2,0,4,1,2,3,3,0,0000000,88,88,88,88,88,88,0,0,0,1,0
28,280059,1,1,0,0,0,1,1,87,0,11,2,2014,3,8,46,1,2,2,US-82,,99998,33.49903056,-88.30143889,0,35,0,0,1,1,0,4,1,2,10,2,0,0000000,8,40,8,45,9,22,0,0,0,1,0
28,280060,1,1,0,0,0,1,1,109,1950,13,2,2014,5,3,30,0,16,6,RIDGE ROAD,,0,30.49674722,-89.66567778,0,31,0,0,1,1,0,4,2,1,0,1,0,0000000,88,88,88,88,88,88,0,0,0,1,0
28,280061,2,2,0,0,0,3,3,59,0,13,2,2014,5,15,50,0,6,4,CR-FORTS LAKE ROAD,CR-CHARSWORTH ROAD,99998,30.50539722,-88.41539167,0,12,1,0,2,3,0,1,1,1,0,1,0,0000000,15,50,15,55,88,88,0,0,0,1,0
28,280062,3,3,0,0,0,6,6,141,1210,14,2,2014,6,19,0,0,2,3,SR- 25,PAUL EDMONDSON,0,34.82378889,-88.21533333,0,12,6,0,2,2,0,1,2,2,0,2,0,0000000,19,5,19,5,99,99,0,0,0,1,0
28,280063,1,1,0,0,0,2,2,113,0,14,2,2014,6,21,27,1,2,2,US-51,GUY BARKDULL ROAD,99998,31.32415,-90.46868889,0,1,0,0,2,3,0,1,2,1,0,1,0,0000000,21,31,21,42,99,99,0,0,0,1,1
28,280064,1,1,0,0,0,1,1,3,0,14,2,2014,6,21,40,0,2,3,SR-2,US-500,99998,34.87034167,-88.66538889,0,30,0,0,3,3,0,4,2,1,0,1,0,0000000,88,88,88,88,88,88,0,0,0,1,1
28,280065,1,1,0,0,0,2,2,59,932,15,2,2014,7,2,36,0,16,6,OLD SPANISH TRAIL,,0,30.392775,-88.69305556,0,53,0,0,1,1,0,4,2,1,0,1,0,0000000,2,48,2,51,3,11,20,0,0,1,0
28,280066,1,1,0,0,0,3,3,73,1440,15,2,2014,7,15,15,0,16,6,PIATONIA ROAD,,0,31.01384444,-89.44773056,0,35,0,0,1,1,0,4,1,1,0,1,0,0000000,15,15,15,19,99,99,0,0,0,2,0
28,280067,1,1,0,0,0,1,1,97,0,17,2,2014,2,8,58,0,2,3,SR-407,,99998,33.36391389,-89.57666389,0,42,0,0,1,1,0,4,1,1,0,1,0,0000000,88,88,88,88,88,88,0,0,0,1,0
28,280068,1,1,0,1,1,1,1,137,0,17,2,2014,2,12,15,0,2,3,SR-306,,99998,34.69946111,-89.86869167,0,8,0,0,1,1,0,2,1,1,0,1,0,0000000,12,15,12,24,99,99,23,0,0,1,0
28,280069,2,2,0,0,0,4,4,91,0,17,2,2014,2,12,32,1,2,2,US-98,HUNT ROAD,99998,31.19773611,-89.972525,0,12,6,0,2,2,0,1,1,1,0,1,0,0000000,12,32,12,35,99,99,0,0,0,1,0
28,280070,2,2,0,0,0,3,3,9,0,17,2,2014,2,14,20,1,2,2,US-72,CR-7,99998,34.94614722,-89.29734167,0,12,6,0,2,2,0,1,1,1,0,1,0,0000000,14,37,14,59,15,31,0,0,0,1,0
28,280071,2,2,0,0,0,2,2,129,0,17,2,2014,2,17,48,0,2,3,SR-18,,99998,32.01252778,-89.40163889,0,12,6,0,4,1,0,1,5,10,0,10,0,0000000,17,48,18,15,99,99,0,0,0,1,0
28,280072,2,2,0,0,0,2,2,59,0,22,2,2014,7,18,0,1,1,1,I-10,,470,30.45381389,-88.86753333,0,12,6,0,1,1,0,1,1,1,0,1,0,0000000,18,0,18,10,88,88,0,0,0,2,0