STATE,ST_CASE,VE_TOTAL,VE_FORMS,PVH_INVL,PEDS,PERNOTMVIT,PERMVIT,PERSONS,COUNTY,CITY,DAY,MONTH,YEAR,DAY_WEEK,HOUR,MINUTE,NHS,ROAD_FNC,ROUTE,TWAY_ID,TWAY_ID2,MILEPT,LATITUDE,LONGITUD,SP_JUR,HARM_EV,MAN_COLL,RELJCT1,RELJCT2,TYP_INT,WRK_ZONE,REL_ROAD,LGT_COND,WEATHER1,WEATHER2,WEATHER,SCH_BUS,RAIL,NOT_HOUR,NOT_MIN,ARR_HOUR,ARR_MIN,HOSP_HR,HOSP_MN,CF1,CF2,CF3,FATALS,DRUNK_DR
28,280186,2,2,0,0,0,4,4,47,230,5,5,2014,2,9,22,0,16,6,PASS ROAD,,0,30.40254722,-88.95752778,0,12,6,0,1,1,0,1,1,1,0,1,0,0000000,9,22,9,25,99,99,0,0,0,1,0
28,280187,1,1,0,1,1,1,1,47,1020,6,5,2014,3,0,48,0,2,3,SR-605,INTERPLEX PARKWAY,0,30.43974444,-89.03125556,0,8,0,0,1,1,0,1,2,1,0,1,0,0000000,0,51,1,0,1,19,0,0,0,1,0
28,280188,1,1,0,0,0,1,1,145,0,6,5,2014,3,7,13,0,6,4,CR-6,,99998,34.58641389,-89.15311389,0,34,0,0,1,1,0,4,2,1,0,1,0,0000000,7,0,7,10,88,88,0,0,0,1,0
28,280189,1,1,0,0,0,1,1,39,0,6,5,2014,3,14,35,0,2,3,SR-613,,99998,30.79200556,-88.50488056,0,42,0,0,1,1,0,4,1,1,0,1,0,0000000,14,40,99,98,88,88,0,0,0,1,0
28,280190,1,1,0,0,0,1,1,49,0,8,5,2014,5,9,10,0,6,4,CR-OLD PORT GIBSON ROAD,,99998,32.24920278,-90.44110833,0,53,0,0,1,1,0,4,1,10,0,10,0,0000000,9,10,9,25,10,25,0,0,0,1,0
28,280191,1,1,0,0,0,1,1,113,0,8,5,2014,5,12,32,1,1,1,I-55 NORTH,,20,31.01731111,-90.50213889,0,42,0,0,1,1,0,3,1,1,0,1,0,0000000,99,98,99,98,88,88,0,0,0,1,0
28,280192,1,1,0,1,1,4,4,57,0,9,5,2014,6,22,0,0,6,4,CR- JOHN RANKIN HIGHWAY,,99998,34.347175,-88.38555278,0,8,0,0,1,1,0,1,2,1,0,1,0,0000000,22,0,22,7,88,88,0,0,0,1,0
28,280193,1,1,0,0,0,2,2,89,2130,11,5,2014,1,20,7,0,6,6,BRIDGEVIEW CIRCLE,,0,32.44249167,-90.16936111,0,1,0,0,1,1,0,1,3,1,0,1,0,0000000,20,7,20,11,99,99,0,0,0,1,1
28,280194,2,2,0,0,0,2,2,65,0,13,5,2014,3,11,41,0,2,3,SR-13,CR GREEN'S CREEK ROAD,99998,31.51173056,-89.89163889,0,1,0,0,2,3,0,1,1,1,0,1,0,0000000,11,44,12,24,99,99,14,0,0,1,0
28,280195,1,1,0,0,0,1,1,5,0,17,5,2014,7,20,25,0,2,3,SR-569,,99998,31.20939167,-90.75464444,0,34,0,0,1,1,0,4,2,1,0,1,0,0000000,20,25,20,49,99,99,0,0,0,1,1
28,280196,1,1,0,0,0,1,1,37,0,18,5,2014,1,7,45,0,6,4,CR-BUNKLEY ROAD,,99998,31.46542778,-90.92181944,0,42,0,0,1,1,0,4,1,1,0,1,0,0000000,99,98,99,98,88,88,0,0,0,1,0
28,280197,1,1,0,0,0,1,1,75,0,19,5,2014,2,0,0,1,1,1,I-59 NORTH,,99998,32.32603333,-88.77654167,0,1,0,0,1,1,0,4,2,1,0,1,0,0000000,3,23,3,42,4,19,0,0,0,1,0
28,280198,2,2,0,0,0,4,4,47,0,19,5,2014,2,15,50,0,6,4,CR-CUNNINGHAM ROAD,,99998,30.41308333,-89.28983889,0,12,6,0,8,1,0,1,1,1,0,1,0,0000000,16,53,17,13,17,45,0,0,0,3,0
28,280199,1,1,0,0,0,1,1,67,0,21,5,2014,4,4,30,0,6,4,CR-LAKE COMO ROAD,CR-CHARLIE WARD ROAD,99998,31.80680556,-89.12191111,0,30,0,0,3,3,0,4,2,10,0,10,0,0000000,4,37,4,55,6,18,0,0,0,1,0
28,280200,1,1,0,1,1,1,1,87,0,22,5,2014,5,1,0,0,2,3,SR-182,,99998,33.47860833,-88.66371944,0,8,0,0,1,1,0,1,2,1,0,1,0,0000000,99,98,99,98,88,88,0,0,0,1,0
28,280201,2,2,0,0,0,3,3,81,2610,22,5,2014,5,18,0,0,6,6,BRIAR RIDGE ROAD,EASON BLVD,0,34.23565,-88.67185556,0,12,1,0,2,2,0,1,1,1,0,1,0,0000000,99,98,99,98,99,98,0,0,0,1,0
28,280202,2,2,0,0,0,5,5,163,0,23,5,2014,6,8,10,1,2,2,US-49 SOUTH,SR-433,99998,32.64048333,-90.37366389,0,12,6,0,2,2,0,1,1,1,0,1,0,0000000,8,10,99,99,99,99,0,0,0,2,0
28,280203,1,1,0,0,0,1,1,29,0,23,5,2014,6,12,49,0,6,4,CR-SMYRNA ROAD,,99998,31.81871389,-90.49679444,0,42,0,0,1,1,0,4,1,1,0,1,0,0000000,12,49,13,1,99,99,0,0,0,1,0
28,280204,1,1,0,0,0,1,1,119,0,23,5,2014,6,15,0,1,2,2,US-278,,99998,34.26135,-90.27149167,0,42,0,0,1,1,0,4,1,1,0,1,0,0000000,15,0,15,15,99,99,0,0,0,1,0
28,280205,2,2,0,0,0,7,7,133,1170,24,5,2014,7,2,0,1,2,2,US-82 WEST,US-49 WEST,0,33.45801389,-90.63255,0,12,6,0,2,2,0,1,3,1,0,1,0,0000000,2,0,99,99,99,99,0,0,0,2,0
28,280206,1,1,0,0,0,2,2,29,0,24,5,2014,7,17,28,0,6,4,CR-THOMAS ROAD,,99998,31.91113056,-90.34993889,0,59,0,0,1,1,0,4,1,1,0,1,0,0000000,17,28,17,35,99,99,0,0,0,1,1
28,280207,2,2,0,0,0,3,3,151,0,18,5,2014,1,3,26,1,2,2,US-61 NORTH,,99998,33.31811111,-90.87342222,0,12,1,0,1,1,0,1,2,1,0,1,0,0000000,99,98,99,98,88,88,0,0,0,2,0
28,280208,2,2,0,0,0,3,3,107,0,24,5,2014,7,12,0,0,6,4,CR-MACEDONIA ROAD,,99998,34.34093611,-90.05213889,0,12,8,0,1,1,0,1,1,1,0,1,0,0000000,12,0,12,8,99,99,0,0,0,1,0
28,280209,1,1,0,1,1,1,1,81,0,25,5,2014,1,0,0,1,2,2,US-78 WEST,,99998,34.27677222,-88.58216111,0,8,0,0,1,1,0,1,2,1,0,1,0,0000000,0,1,0,10,0,59,0,0,0,1,0
28,280210,2,2,0,0,0,3,3,149,2690,25,5,2014,1,0,1,0,16,6,WASHINGTON STREET,BOWMAN STREET,0,32.34065833,-90.88473056,0,12,2,0,3,3,0,1,3,1,0,1,0,0000000,0,1,0,6,99,99,0,0,0,1,0
28,280211,1,1,0,0,0,1,1,29,0,25,5,2014,1,14,37,0,6,4,CR-GATESVILLE ROAD,,99998,31.99269167,-90.25349722,0,53,0,0,1,1,0,4,1,1,0,1,0,0000000,14,37,14,52,88,88,0,0,0,1,0
28,280212,2,2,0,0,0,3,3,43,0,25,5,2014,1,18,25,0,2,3,SR-TOW ROAD,CR-332,99998,33.83418333,-89.77638889,0,12,6,0,2,3,0,1,1,1,0,1,0,0000000,18,25,18,27,99,99,0,0,0,1,0
28,280213,2,2,0,0,0,5,5,139,0,25,5,2014,1,14,14,0,2,3,SR-4,CR-548,99998,34.7176,-88.75503611,0,12,6,0,2,3,0,1,1,1,0,1,0,0000000,14,14,14,40,88,88,0,0,0,1,0
28,280214,1,1,0,0,0,1,1,89,400,25,5,2014,1,20,5,0,6,6,COVINGTON DRIVE,US-43,0,32.61726944,-90.00465833,0,19,0,0,1,1,0,4,5,1,0,1,0,0000000,20,17,20,21,20,46,0,0,0,1,1
28,280217,2,2,0,0,0,2,2,135,0,27,5,2014,3,13,30,0,9,4,CR-D.E. DENMAN ROAD,,99998,34.04574167,-90.04872778,0,12,6,0,1,1,0,1,1,1,0,1,0,0000000,99,98,99,98,99,98,0,0,0,1,0
28,280218,2,2,0,0,0,2,2,75,0,27,5,2014,3,16,30,0,6,4,CR-CAUSEYVILLE ROAD,,99998,32.29251111,-88.59760833,0,12,2,0,1,1,0,1,1,1,0,1,0,0000000,16,30,16,35,99,99,0,0,0,1,0
28,280219,1,1,0,0,0,3,3,75,0,29,5,2014,5,3,30,0,2,3,SR-494,,99998,32.50148333,-88.91089722,0,35,0,0,1,1,0,4,2,10,0,10,0,0000000,3,30,3,44,99,99,0,0,0,1,1
28,280220,3,3,0,0,0,8,8,67,800,29,5,2014,5,16,10,1,2,2,US-11,,99998,31.61366389,-89.19111111,0,12,1,0,1,1,0,1,1,2,0,2,0,0000000,16,10,16,15,99,99,0,0,0,1,1
28,280221,1,1,0,0,0,1,1,93,0,30,5,2014,6,1,54,1,2,2,US-78,,99998,34.74183889,-89.44630833,0,1,0,0,1,1,0,3,2,10,0,10,0,0000000,1,54,2,3,99,99,0,0,0,1,0
28,280222,1,1,0,0,0,1,1,49,1220,30,5,2014,6,4,15,0,6,6,HILDA DRIVE,BEASLEY ROAD,0,32.3834,-90.230225,0,42,0,0,3,3,0,4,2,1,0,1,0,0000000,99,98,99,98,88,88,0,0,0,1,0
28,280223,1,1,0,0,0,1,1,89,0,30,5,2014,6,20,8,0,6,4,CR-LIVINGSTON VERNON ROAD,,99998,32.55983611,-90.24561111,0,35,0,0,1,1,0,4,2,2,10,2,0,0000000,99,98,99,98,88,88,0,0,0,1,1
28,280224,1,1,0,0,0,2,2,91,0,30,5,2014,6,21,0,0,2,3,SR-13,BACCHUS ROAD,99998,31.21120556,-89.80823889,0,34,0,0,3,3,0,4,2,2,0,2,0,0000000,99,98,99,98,88,88,0,0,0,1,0
28,280225,1,1,0,1,1,1,1,49,1220,30,5,2014,6,22,19,1,1,1,I-55 SOUTH,,99998,32.39962778,-90.14521944,0,8,0,0,1,1,0,1,3,1,0,1,0,0000000,22,24,22,30,88,88,0,0,0,1,0
28,280226,2,2,0,0,0,3,3,45,0,31,5,2014,7,13,47,0,2,3,SR-603,,99998,30.520125,-89.43146111,0,12,6,0,1,1,0,1,1,1,0,1,0,0000000,13,54,14,26,15,16,0,0,0,1,0
28,280227,1,1,0,0,0,1,1,85,0,1,6,2014,1,0,38,1,1,1,I-55 SOUTH,,460,31.68353611,-90.45427778,0,42,0,0,1,1,0,4,2,2,10,2,0,0000000,0,38,99,98,88,88,0,0,0,1,0
28,280228,1,1,0,0,0,2,2,73,0,1,6,2014,1,14,25,0,6,4,CR-PURVIS OLOH ROAD,,99998,31.25447778,-89.572625,0,34,0,0,1,1,0,4,1,10,0,10,0,0000000,14,25,14,36,99,99,0,0,0,1,0
28,280229,2,2,0,0,0,7,7,121,1918,1,6,2014,1,17,38,1,2,2,US-80,CROSSPARK DRIVE,0,32.28378333,-90.04239722,0,12,6,0,2,2,0,1,1,10,0,10,0,0000000,17,39,17,50,18,25,0,0,0,2,0
28,280230,1,1,0,0,0,1,1,81,0,3,6,2014,3,13,15,0,6,4,CR-ECLATUBBA ROAD,,99998,34.43991111,-88.71895,0,1,0,0,1,1,0,4,1,1,0,1,0,0000000,13,15,13,23,99,99,0,0,0,1,0
28,280231,2,2,0,0,0,3,3,11,0,3,6,2014,3,13,57,1,2,2,US-61,,99998,33.6353,-90.75102778,0,12,1,0,1,1,1,1,1,1,0,1,0,0000000,13,57,14,4,99,99,0,0,0,1,0
28,280232,1,1,0,0,0,3,3,107,0,3,6,2014,3,19,25,0,6,4,CR-SANDERS ROAD,,99998,34.39318333,-89.95101667,0,42,0,0,1,1,0,4,1,1,0,1,0,0000000,19,25,19,37,99,99,0,0,0,1,0
28,280233,1,1,0,0,0,1,1,89,0,4,6,2014,4,4,22,0,6,4,CR-BELLEVUE DRIVE,,99998,32.550175,-90.14334167,0,24,0,0,1,1,0,4,2,10,0,10,0,0000000,99,98,99,98,99,98,0,0,0,1,1
28,280234,1,1,0,1,1,1,1,45,0,4,6,2014,4,22,5,0,6,4,CR-LAKESHORE ROAD,,99998,30.25959722,-89.44298611,0,8,0,0,1,1,0,1,2,1,0,1,0,0000000,22,5,22,9,99,99,0,0,0,1,0
28,280235,2,2,0,0,0,4,4,59,0,5,6,2014,5,1,0,1,1,1,I-10 EAST,,540,30.45640278,-88.77491111,0,12,7,0,1,1,0,1,2,1,0,1,0,0000000,1,15,1,42,2,8,0,0,0,1,0
28,280236,1,1,0,0,0,1,1,87,0,5,6,2014,5,5,40,0,2,3,SR-50,CR-HOLLIMAN CIRCLE,99998,33.53510278,-88.30211389,0,34,0,0,1,1,0,4,1,1,0,1,0,0000000,5,43,5,56,88,88,0,0,0,1,0
28,280237,1,1,0,0,0,2,2,163,0,5,6,2014,5,12,43,0,6,4,CR-VAHAUN ROAD,CR-LINWOOD CIRCLE,99998,32.79867222,-90.15868611,0,42,0,0,1,1,0,4,1,1,0,1,0,0000000,12,43,12,57,99,99,0,0,0,2,0
28,280238,2,2,0,0,0,2,2,23,0,5,6,2014,5,17,12,1,2,2,US-45 NORTH,CR-2661,99998,31.95888333,-88.725625,0,12,6,0,2,2,0,1,1,1,0,1,0,0000000,17,16,17,32,18,10,0,0,0,1,0
28,280239,1,1,0,0,0,5,5,75,0,6,6,2014,6,10,30,1,1,1,I-20 EAST,,1640,32.41195833,-88.52534722,0,1,0,0,1,1,0,4,1,1,0,1,0,0000000,10,33,10,41,99,99,0,0,0,1,0
28,280240,1,1,0,0,0,2,2,25,0,6,6,2014,6,16,9,0,6,4,CR-BUS BLANKENSHIP,CR-BARTON FERRY,99998,33.63626111,-88.54678056,0,34,0,0,3,3,0,4,1,1,0,1,0,0000000,17,54,19,42,20,54,0,0,0,1,0
28,280241,1,1,0,1,1,3,3,121,0,6,6,2014,6,21,8,0,6,4,CR-SPILLWAY ROAD,,99998,32.38131111,-90.03885278,0,8,0,0,1,1,0,1,2,1,0,1,0,0000000,21,13,21,33,88,88,0,0,0,1,0
28,280242,2,2,0,0,0,3,3,49,0,7,6,2014,7,14,0,0,2,3,SR-22 WEST,,99998,32.36154722,-90.57428056,0,12,6,0,8,1,0,1,1,1,0,1,0,0000000,14,0,14,49,99,99,0,0,0,1,1
28,280243,1,1,0,0,0,4,4,69,0,8,6,2014,1,4,0,0,2,3,SR-16 EAST,CR-HAZE CHERRY ROAD,99998,32.77699722,-88.60685556,0,42,0,0,3,3,0,4,2,1,0,1,0,0000000,4,27,4,29,5,10,0,0,0,1,0
28,280244,1,1,0,0,0,2,2,49,1220,10,6,2014,3,17,20,1,1,1,I-20,,99998,32.28803611,-90.22969444,0,42,0,0,1,1,0,4,1,10,0,10,0,0000000,17,20,17,25,99,99,24,0,0,2,0
28,280245,2,2,0,0,0,2,2,107,0,11,6,2014,4,12,30,0,6,4,CR-MURPHEE RIDGE ROAD,,99998,34.34720556,-89.72850833,0,12,2,0,1,1,0,1,1,1,0,1,0,0000000,12,30,12,42,99,99,0,0,0,1,0
28,280246,1,1,0,0,0,2,2,141,0,11,6,2014,4,6,0,0,2,3,SR-172,,99998,34.79601944,-88.17072222,0,42,0,0,1,1,0,4,1,10,0,10,0,0000000,6,0,6,33,99,99,0,0,0,1,1
28,280247,1,1,0,1,1,1,1,59,0,15,6,2014,1,0,53,0,2,3,SR-613,,99998,30.71306389,-88.51308889,0,8,0,0,1,1,0,1,2,1,0,1,0,0000000,99,98,99,98,99,98,0,0,0,1,1
28,280248,1,1,0,0,0,1,1,39,0,16,6,2014,2,17,34,1,2,2,US-98 WEST,,99998,30.92167222,-88.50624167,0,1,0,0,1,1,0,3,1,1,0,1,0,0000000,17,34,99,98,99,98,0,0,0,1,0
28,280249,1,1,0,1,1,1,1,59,0,17,6,2014,3,6,53,1,1,1,I-10 WEST,,99998,30.44056111,-88.53421111,0,8,0,0,1,1,0,1,1,1,0,1,0,0000000,6,53,99,98,99,98,0,0,0,1,0
28,280250,2,2,0,0,0,9,9,91,0,18,6,2014,4,7,44,0,2,3,SR-586,,99998,31.23694167,-89.93905556,0,12,2,0,1,1,0,1,1,1,0,1,0,0000000,7,44,7,51,99,99,0,0,0,1,0
28,280251,2,2,0,0,0,4,4,141,0,13,6,2014,6,16,30,1,2,2,US-72,CR-169,99998,34.80801111,-88.26927222,0,12,8,0,2,2,0,1,1,1,0,1,0,0000000,16,30,16,56,17,49,0,0,0,1,0
28,280252,1,1,0,0,0,1,1,93,0,18,6,2014,4,15,26,1,2,2,US-72,,99998,34.94663056,-89.40341389,0,34,0,0,1,1,0,3,1,1,0,1,0,0000000,15,26,99,98,99,98,0,0,0,1,0
28,280253,2,2,0,0,0,2,2,145,0,18,6,2014,4,19,40,0,6,4,CR-205,,99998,34.40037778,-88.91964444,0,12,2,0,1,1,0,1,1,1,0,1,0,0000000,19,43,19,10,20,36,0,0,0,1,1
28,280254,1,1,0,0,0,1,1,67,0,18,6,2014,4,20,0,0,6,4,CR-TIGER CREEK ROAD,,99998,31.50997222,-88.97131111,0,34,0,0,1,1,0,4,1,1,0,1,0,0000000,20,0,20,6,99,99,0,0,0,1,0
28,280255,2,2,0,0,0,4,4,105,2430,20,6,2014,6,9,20,0,2,3,SR-389,GARRARD ROAD,99998,33.48401389,-88.81511389,0,12,6,0,2,2,0,1,1,1,0,1,0,0000000,9,20,9,26,9,53,0,0,0,1,0
28,280256,1,1,0,0,0,1,1,5,0,21,6,2014,7,17,30,0,2,3,SR-48,,99998,31.09708056,-91.02349722,0,35,0,0,1,1,0,4,1,1,0,1,0,0000000,17,35,17,40,88,88,0,0,0,1,0
28,280257,1,1,0,0,0,1,1,47,230,21,6,2014,7,23,11,1,2,2,US-90,OAK STREET,99998,30.39241389,-88.8676,0,33,0,0,7,1,0,3,6,1,0,1,0,0000000,23,11,23,15,99,99,0,0,0,1,0
28,280258,1,1,0,0,0,2,2,59,1810,22,6,2014,1,13,34,0,16,6,SOUTH RAILROAD STREET,,0,30.4152,-88.81607222,0,30,0,0,1,1,0,4,1,1,0,1,0,0000000,13,46,13,53,14,13,0,0,0,1,0
28,280259,1,1,0,0,0,1,1,115,0,23,6,2014,2,6,0,0,6,4,CR-MACEDONIA ROAD,,99998,34.15771667,-89.05251667,0,32,0,0,1,1,0,4,1,1,0,1,0,0000000,6,25,6,39,99,99,0,0,0,1,0
28,280260,1,1,0,0,0,2,2,83,0,23,6,2014,2,16,36,0,2,3,SR-7 NORTH,,99998,33.54666667,-90.13322222,0,35,0,0,1,1,0,4,1,1,0,1,0,0000000,14,36,99,99,99,99,0,0,0,1,0
28,280261,1,1,0,2,2,2,2,59,0,23,6,2014,2,21,12,0,2,3,SR-609,,99998,30.44420278,-88.83924444,0,8,0,0,1,1,0,1,2,1,0,1,0,0000000,21,12,21,15,88,88,0,0,0,2,0
28,280262,2,2,0,0,0,3,3,41,0,24,6,2014,3,11,4,0,2,3,SR-63,,99998,31.39290278,-88.74599722,0,12,6,0,4,1,0,1,1,1,0,1,0,0000000,11,4,11,10,99,99,0,0,0,2,0
28,280263,2,2,0,0,0,2,2,27,0,24,6,2014,3,13,11,1,2,2,US-61 SOUTH,US-49,99998,34.423675,-90.4629,0,12,1,0,2,2,0,1,1,1,0,1,0,0000000,13,17,13,29,99,99,0,0,0,1,0
28,280264,2,2,0,0,0,3,3,3,0,24,6,2014,3,23,45,1,2,2,US-72,MS-735,99998,34.93123611,-88.58089444,0,12,6,0,2,2,0,1,2,1,0,1,0,0000000,23,48,23,56,0,30,0,0,0,1,0
28,280265,1,1,0,1,1,2,2,143,0,27,6,2014,6,13,29,0,6,4,CR-HOT THORNTON ROAD,,99998,34.66854167,-90.25201944,0,8,0,0,1,1,0,1,1,1,0,1,0,0000000,13,32,13,52,14,49,0,0,0,1,1
28,280266,1,1,0,0,0,1,1,123,0,29,6,2014,1,13,30,0,6,4,CR-COOPERVILLE ROIAD,,99998,32.26428611,-89.71164167,0,42,0,0,1,1,0,4,1,1,0,1,0,0000000,13,30,14,13,99,99,0,0,0,1,0
28,280267,1,1,0,0,0,1,1,151,0,29,6,2014,1,23,35,1,2,2,US-82,,99998,33.40468056,-91.00844167,0,35,0,0,1,1,0,4,2,1,0,1,0,0000000,23,35,23,38,99,99,20,0,0,1,0
28,280268,2,2,0,0,0,3,3,27,0,1,7,2014,3,13,33,1,2,2,US-61,ROBERSON ROAD,99998,34.21879167,-90.53119722,0,12,1,0,2,2,0,1,1,1,0,1,0,0000000,13,44,13,49,88,88,0,0,0,2,0
28,280269,1,1,0,0,0,1,1,9,0,3,7,2014,5,8,23,0,2,3,SR-5,,99998,34.85873056,-89.19182222,0,32,0,0,1,1,0,4,1,1,0,1,0,0000000,99,98,99,98,99,98,0,0,0,1,0
28,280270,1,1,0,0,0,2,2,41,0,4,7,2014,6,3,44,1,2,2,US-98,,99998,31.07966944,-88.75219722,0,1,0,0,1,1,0,1,2,1,0,1,0,0000000,3,44,99,99,99,99,0,0,0,1,0
28,280271,2,2,0,0,0,2,2,49,1220,4,7,2014,6,14,15,1,2,2,US-49 NORTH,COUNTY LINE ROAD,0,32.40018889,-90.277,0,12,1,0,2,2,0,1,1,1,0,1,0,0000000,14,15,14,24,99,99,0,0,0,1,0
28,280272,1,1,0,0,0,2,2,49,1220,4,7,2014,6,18,0,1,1,1,I-55 SOUTH,,99998,32.30362778,-90.1664,0,1,0,0,1,1,0,1,1,1,0,1,0,0000000,18,0,99,99,99,99,0,0,0,1,0
28,280273,2,2,0,0,0,3,3,59,0,4,7,2014,6,21,0,1,1,1,I-10 WEST,,99998,30.44691111,-88.744625,0,12,7,0,1,1,0,1,2,1,0,1,0,0000000,21,1,21,7,21,48,0,0,0,1,0
28,280274,1,1,0,0,0,2,2,51,0,4,7,2014,6,23,7,1,2,2,US-49,,99998,33.10454444,-90.29769167,0,42,0,0,1,1,0,4,2,1,0,1,0,0000000,23,7,99,99,99,99,0,0,0,1,0
28,280275,1,1,0,0,0,1,1,77,0,5,7,2014,7,10,42,0,6,4,CR-CUB BROWN ROAD,,99998,31.615375,-90.1435,0,34,0,0,1,1,0,4,1,1,0,1,0,0000000,99,98,99,98,99,98,0,0,0,1,0
28,280276,1,1,0,0,0,1,1,95,0,5,7,2014,7,14,45,0,6,4,CR-MCALLISTER ROAD,,99998,33.94817222,-88.63755278,0,34,0,0,1,1,0,4,1,1,0,1,0,0000000,14,45,99,98,99,98,0,0,0,1,0
28,280277,1,1,0,0,0,2,2,131,0,5,7,2014,7,19,30,0,6,4,CR-OLD HIGHWAY 49,,99998,30.70515,-89.13882222,0,42,0,0,1,1,0,4,1,1,0,1,0,0000000,19,30,19,35,99,99,0,0,0,1,1
28,280278,2,2,0,0,0,2,2,31,0,6,7,2014,1,6,56,1,2,2,US-49,,99998,31.73753611,-89.64033889,0,12,1,0,1,1,0,1,1,1,0,1,0,0000000,6,56,7,2,99,99,0,0,0,1,0
28,280279,2,2,0,1,1,2,2,157,0,6,7,2014,1,14,42,0,2,3,SR-24 EAST,,99998,31.08340278,-91.19641111,0,12,7,0,1,1,0,1,1,1,0,1,0,0000000,14,42,14,51,15,17,23,0,0,1,0
28,280280,2,1,1,1,5,1,5,11,0,6,7,2014,1,16,40,1,2,2,US-61,,99998,33.79179444,-90.71745278,0,14,0,0,1,1,0,2,1,1,0,1,0,0000000,16,40,16,44,99,99,0,0,0,1,0
28,280281,2,2,0,0,0,2,2,117,280,7,7,2014,2,14,0,0,16,6,CHAMBERS,MLK,0,34.66897778,-88.53533333,0,12,6,0,2,2,0,1,1,1,0,1,0,0000000,99,99,99,98,99,98,0,0,0,1,0
28,280282,1,1,0,0,0,1,1,109,1950,8,7,2014,3,10,3,1,1,1,I-59 SOUTH,,99998,30.52206667,-89.66149167,0,42,0,0,1,1,0,4,1,1,0,1,0,0000000,99,98,99,98,88,88,0,0,0,1,0
28,280283,1,1,0,0,0,1,1,127,0,8,7,2014,3,12,3,0,6,4,CR-CAMPBELLS CREEK ROAD,,99998,31.995125,-89.892075,0,23,0,0,1,1,0,4,1,1,0,1,0,0000000,12,5,12,12,88,88,0,0,0,1,0
28,280284,1,1,0,0,0,2,2,1,0,9,7,2014,4,15,47,0,6,4,CR-NORTH PALESTINE ROAD,,99998,31.55714722,-91.33203611,0,42,0,0,1,1,0,4,1,1,0,1,0,0000000,15,47,15,50,99,99,0,0,0,1,0
28,280285,2,1,1,1,2,2,3,39,0,10,7,2014,5,13,57,1,2,2,US-98 EAST,,99998,30.90475833,-88.47031111,0,8,0,0,7,1,0,3,1,2,0,2,0,0000000,13,57,14,2,99,99,0,0,0,1,0
28,280286,1,1,0,0,0,2,2,113,0,12,7,2014,7,17,7,0,6,4,CR-WEST TOPISAW SOUTH,,99998,31.24541944,-90.30341111,0,42,0,0,1,1,0,4,1,1,0,1,0,0000000,17,7,17,9,99,99,0,0,0,1,1
28,280287,1,1,0,0,0,1,1,137,0,13,7,2014,1,10,17,0,2,3,SR-3,,99998,34.59164444,-90.20969167,0,1,0,0,1,1,0,4,1,1,0,1,0,0000000,99,98,99,98,99,98,0,0,0,1,0
28,280288,1,1,0,0,0,1,1,17,0,14,7,2014,2,2,58,0,6,4,CR-20,,99998,33.93601111,-89.08420556,0,11,0,0,1,1,0,1,2,1,0,1,0,0000000,2,58,99,99,99,99,0,0,0,1,0
28,280289,1,1,0,1,1,1,1,33,0,14,7,2014,2,15,3,1,2,2,US-61 SOUTH,,99998,34.90141111,-90.19820556,0,9,0,0,1,1,0,1,1,1,0,1,0,0000000,99,98,99,98,99,98,0,0,0,1,0
28,280290,2,2,0,0,0,2,2,115,0,15,7,2014,3,16,29,1,2,2,US-278,US-345,99998,34.28929167,-88.99423889,0,12,6,0,2,2,0,1,1,1,0,1,0,0000000,16,29,16,43,99,99,0,0,0,1,0
28,280291,2,2,0,0,0,2,2,109,0,15,7,2014,3,16,55,0,6,4,CR-CEASER ROAD,,99998,30.56218056,-89.58623611,0,12,2,0,1,1,0,1,1,1,0,1,0,0000000,16,55,17,2,99,99,0,0,0,1,1
28,280292,1,1,0,0,0,1,1,81,0,16,7,2014,4,4,0,0,6,4,CR-833,,99998,34.48621111,-88.69978611,0,19,0,0,1,1,0,4,6,1,0,1,0,0000000,4,0,99,99,99,99,0,0,0,1,0
28,280293,1,1,0,0,0,4,4,31,0,19,7,2014,7,13,30,1,2,2,US-49,,99998,31.49812778,-89.47279167,0,34,0,0,1,1,0,4,1,2,0,2,0,0000000,13,30,13,47,99,99,0,0,0,1,0
28,280294,1,1,0,1,1,2,2,33,0,19,7,2014,7,21,50,1,2,2,US-61,,99998,34.93996389,-90.16125278,0,8,0,0,1,1,0,1,2,1,0,1,0,0000000,22,2,22,6,23,36,0,0,0,1,0
28,280295,2,2,0,0,0,3,3,147,0,20,7,2014,1,14,30,0,2,3,SR-27,,99998,31.13992778,-90.13316389,0,12,2,0,1,1,0,1,1,10,0,10,0,0000000,14,30,14,36,99,99,0,0,0,2,0
28,280296,2,2,0,0,0,2,2,5,0,21,7,2014,2,17,52,0,2,3,SR-24,,99998,31.158175,-90.81873889,0,12,2,0,1,1,0,1,1,1,0,1,0,0000000,17,53,18,27,19,20,0,0,0,1,0
28,280297,1,1,0,0,0,3,3,7,0,22,7,2014,3,9,49,0,6,4,CR-ATTALA ROAD 5207,,99998,33.07029167,-89.45923889,0,42,0,0,1,1,0,4,1,1,0,1,0,0000000,9,49,9,53,99,99,0,0,0,1,0
28,280298,1,1,0,0,0,1,1,117,0,23,7,2014,4,7,0,0,6,4,CR-WEST COLLEGE STREET,,99998,34.64296111,-88.59789444,0,42,0,0,1,1,0,4,1,1,0,1,0,0000000,88,88,88,88,88,88,0,0,0,1,0