STATE,ST_CASE,VE_TOTAL,VE_FORMS,PVH_INVL,PEDS,PERNOTMVIT,PERMVIT,PERSONS,COUNTY,CITY,DAY,MONTH,YEAR,DAY_WEEK,HOUR,MINUTE,NHS,ROAD_FNC,ROUTE,TWAY_ID,TWAY_ID2,MILEPT,LATITUDE,LONGITUD,SP_JUR,HARM_EV,MAN_COLL,RELJCT1,RELJCT2,TYP_INT,WRK_ZONE,REL_ROAD,LGT_COND,WEATHER1,WEATHER2,WEATHER,SCH_BUS,RAIL,NOT_HOUR,NOT_MIN,ARR_HOUR,ARR_MIN,HOSP_HR,HOSP_MN,CF1,CF2,CF3,FATALS,DRUNK_DR
28,280299,2,2,0,0,0,2,2,87,0,23,7,2014,4,10,26,1,2,2,US-45,PRIMROSE ROAD,99998,33.38246111,-88.52518333,0,12,1,0,2,3,0,1,1,1,0,1,0,0000000,10,26,10,36,11,30,0,0,0,1,0
28,280300,1,1,0,0,0,5,5,49,490,23,7,2014,4,15,33,1,1,1,I-20 WEST,,99998,32.32323056,-90.31935278,0,42,0,0,1,1,0,4,1,1,0,1,0,0000000,15,33,15,39,99,99,0,0,0,1,0
28,280301,2,2,0,0,0,5,5,79,0,25,7,2014,6,21,0,0,2,3,SR-25 NORTH,MARS HILL ROAD,99998,32.88370278,-89.38612222,0,12,1,0,2,3,0,1,2,1,0,1,0,0000000,21,23,21,46,22,25,0,0,0,3,1
28,280302,2,2,0,0,0,4,4,133,0,26,7,2014,7,1,38,0,2,3,SR-8,,99998,33.72761667,-90.60741667,0,12,2,0,1,1,0,1,2,1,0,1,0,0000000,1,40,1,58,2,48,0,0,0,1,0
28,280303,2,2,0,0,0,2,2,75,0,26,7,2014,7,10,25,0,2,3,SR-19 NORTH,CR-SANDFLAT ROAD,99998,32.34656667,-88.59953056,0,12,6,0,2,2,0,1,1,1,0,1,0,0000000,10,25,10,30,99,99,0,0,0,1,0
28,280304,1,1,0,0,0,5,5,87,0,27,7,2014,1,1,15,0,6,4,CR-OFFICERS LAKE ROAD,,99998,33.56295278,-88.47394167,0,42,0,0,1,1,0,4,2,1,0,1,0,0000000,1,15,1,30,99,99,0,0,0,3,0
28,280305,1,1,0,0,0,1,1,143,0,28,7,2014,2,6,45,0,6,4,CR- PRICHARD ROAD,,99998,34.69986944,-90.27446111,0,34,0,0,1,1,0,4,1,1,0,1,0,0000000,6,45,6,56,99,99,0,0,0,1,0
28,280306,1,1,0,0,0,1,1,27,0,28,7,2014,2,3,30,0,6,4,CR-DAVENPORT - ALLEN ROAD,CR-BENNETT ROAD,99998,34.17400278,-90.64206667,0,1,0,0,3,4,0,4,6,1,0,1,0,0000000,3,30,3,50,88,88,0,0,0,1,0
28,280307,1,1,0,0,0,2,2,95,0,29,7,2014,3,12,9,0,2,3,SR-23,,99998,34.07311944,-88.35290833,0,34,0,0,1,1,0,4,1,1,0,1,0,0000000,12,9,12,12,99,99,0,0,0,1,0
28,280308,2,2,0,0,0,2,2,145,0,30,7,2014,4,7,36,0,6,4,CR-51,,99998,34.53965,-89.10523611,0,12,1,0,1,1,0,1,1,1,0,1,0,0000000,7,36,99,98,88,88,0,0,0,1,0
28,280309,1,1,0,0,0,3,3,123,0,30,7,2014,4,11,55,0,6,4,CR-PATRICK DRIVE,,99998,32.47961944,-89.40602778,0,35,0,0,1,1,0,4,1,1,0,1,0,0000000,11,55,12,2,99,99,0,0,0,1,0
28,280310,1,1,0,0,0,2,2,93,0,30,7,2014,4,15,45,0,6,4,CR-JOE COX ROAD,,99998,34.71678056,-89.36679167,0,34,0,0,1,1,0,4,1,1,0,1,0,0000000,15,45,15,59,99,99,0,0,0,1,0
28,280311,1,1,0,0,0,1,1,137,2290,30,7,2014,4,22,15,1,1,1,I-55 NORTH,,99998,34.61910556,-89.95076389,0,1,0,0,1,1,0,4,2,1,0,1,0,0000000,99,98,99,98,88,88,0,0,0,1,1
28,280312,1,1,0,0,0,1,1,33,0,30,7,2014,4,23,50,0,16,6,ROBERTSON RAOD,ODOM ROAD,0,34.86399722,-90.02276667,0,42,0,0,1,1,0,4,2,2,0,2,0,0000000,23,55,0,7,88,88,0,0,0,1,0
28,280313,1,1,0,1,1,1,1,23,0,31,7,2014,5,21,0,0,2,3,SR-513,,99998,32.17427778,-88.82982222,0,8,0,0,1,1,0,1,2,1,0,1,0,0000000,21,9,99,98,88,88,0,0,0,1,0
28,280314,1,1,0,1,1,1,1,93,1140,26,5,2014,2,0,38,0,2,3,SR-78 EAST,,99998,34.79868056,-89.49545556,0,8,0,0,1,1,0,1,2,1,0,1,0,0000000,0,38,0,41,99,99,0,0,0,1,0
28,280315,2,2,0,0,0,2,2,47,0,2,8,2014,7,7,37,0,6,4,CR-COUNTRY FARM ROAD,,99998,30.41988889,-89.19154444,0,12,2,0,1,1,0,1,1,1,0,1,0,0000000,7,39,7,53,8,42,0,0,0,1,0
28,280316,1,1,0,0,0,2,2,149,0,3,8,2014,1,5,30,0,6,4,CR-GRANGE HALL ROAD,,99998,32.25958889,-90.88629722,0,35,0,0,1,1,0,4,2,2,0,2,0,0000000,5,30,5,48,88,88,0,0,0,2,0
28,280317,2,2,0,0,0,3,3,67,0,3,8,2014,1,7,0,0,6,4,CR-NORTH RIDGE ROAD,,99998,31.73191111,-89.28378333,0,12,1,0,1,1,0,1,1,1,0,1,0,0000000,7,0,7,5,7,14,0,0,0,1,0
28,280318,1,1,0,0,0,3,3,41,0,3,8,2014,1,15,10,0,6,4,CR-202,,99998,31.43227778,-88.75371667,0,35,0,0,1,1,0,4,1,1,0,1,0,0000000,15,10,15,22,15,52,0,0,0,1,0
28,280319,1,1,0,0,0,1,1,49,1220,3,8,2014,1,17,47,1,1,1,I-55 SOUTH,,99998,32.38474167,-90.14635556,0,25,0,0,1,1,0,3,1,1,0,1,0,0000000,17,47,17,50,88,88,0,0,0,1,1
28,280320,2,2,0,0,0,3,3,85,320,3,8,2014,1,19,53,0,16,6,1611 BRIGNALL ROAD,,0,31.604425,-90.43473056,0,12,6,0,4,1,0,1,1,1,0,1,0,0000000,19,53,19,58,20,24,0,0,0,1,0
28,280321,1,1,0,0,0,1,1,107,120,4,8,2014,2,19,0,0,6,6,BREWER ROAD,,0,34.33196111,-89.92503333,0,34,0,0,1,1,0,4,1,1,0,1,0,0000000,19,0,19,8,88,88,0,0,0,1,0
28,280322,3,3,0,0,0,3,3,107,0,5,8,2014,3,7,0,1,1,1,I-55 SOUTH,,2350,34.20148056,-89.92597778,0,12,6,0,1,1,0,1,1,1,0,1,0,0000000,7,0,7,16,88,88,0,0,0,1,0
28,280323,1,1,0,0,0,1,1,79,0,29,4,2014,3,3,30,0,2,3,SR-NATCHEZ TRACE PARKWAY,,1490,32.86691389,-89.65722222,1,18,0,0,1,1,0,1,2,5,10,5,0,0000000,3,30,3,46,88,88,0,0,0,1,0
28,280324,1,1,0,0,0,3,3,35,0,6,8,2014,4,3,20,1,2,2,US-98 WEST,,99998,31.21099167,-89.14592222,0,1,0,0,1,1,0,1,2,1,0,1,0,0000000,3,20,3,21,99,99,0,0,0,1,0
28,280325,1,1,0,0,0,1,1,145,0,6,8,2014,4,5,3,0,6,6,GRAHAM AVENUE,,0,34.55664167,-89.1136,0,10,0,0,6,1,0,1,2,1,0,1,0,667285H,5,3,5,12,88,88,0,0,0,1,1
28,280326,2,1,1,1,1,1,1,77,0,7,8,2014,5,11,45,1,2,2,US-84 WEST,,99998,31.57685,-90.05446944,0,8,0,0,1,1,0,1,1,1,0,1,0,0000000,11,45,12,3,12,23,0,0,0,1,0
28,280327,2,2,0,0,0,5,5,81,2610,7,8,2014,5,12,3,0,16,6,EASON,,0,34.25853889,-88.65648333,0,12,7,0,1,1,0,1,1,1,0,1,0,0000000,12,14,12,20,12,41,0,0,0,1,0
28,280328,1,1,0,0,0,1,1,43,0,8,8,2014,6,13,57,1,11,1,I-55 NORTH,,1990,33.68907778,-89.81434722,0,35,0,0,1,1,0,4,1,2,0,2,0,0000000,13,57,14,3,88,88,0,0,0,1,0
28,280329,2,2,0,0,0,2,2,87,0,8,8,2014,6,14,0,1,2,2,US-45 NORTH,CR-JESS LYONS,99998,33.58183056,-88.42833333,0,12,6,0,2,2,0,1,1,1,0,1,0,0000000,14,1,14,14,14,37,0,0,0,1,0
28,280330,1,1,0,0,0,2,2,147,0,9,8,2014,7,13,45,0,6,4,CR-WEST MT. OLIVE ROAD,,99998,31.17545,-90.251225,0,42,0,0,1,1,0,4,1,1,0,1,0,0000000,13,45,14,2,88,88,0,0,0,1,0
28,280331,1,1,0,0,0,1,1,117,0,9,8,2014,7,16,50,0,6,3,SR-366,,99998,34.50901944,-88.59401944,0,42,0,0,1,1,0,4,1,1,0,1,0,0000000,16,50,17,2,88,88,0,0,0,1,1
28,280332,2,2,0,0,0,2,2,81,2220,12,8,2014,3,23,50,1,13,2,US-45 SOUTH,,99998,34.41660833,-88.69082222,0,12,1,0,1,1,0,1,2,1,0,1,0,0000000,23,50,23,55,88,88,0,0,0,1,2
28,280333,1,1,0,0,0,1,1,13,0,13,8,2014,4,6,55,0,2,3,SR-9 NORTH,,99998,34.09510833,-89.33116667,0,42,0,0,1,1,0,4,1,1,0,1,0,0000000,6,55,7,4,88,88,0,0,0,1,0
28,280334,1,1,0,0,0,1,1,127,0,13,8,2014,4,18,40,0,2,3,SR-43 SOUTH,,99998,31.76451389,-89.98131667,0,42,0,0,1,1,0,4,1,1,0,1,0,0000000,18,40,18,43,88,88,0,0,0,1,1
28,280335,1,1,0,0,0,1,1,49,1220,15,8,2014,6,2,59,1,11,1,I-55 NORTH FRONTAGE ROAD,,0,32.34726389,-90.154075,0,59,0,1,19,1,0,4,3,1,0,1,0,0000000,2,59,3,1,88,88,0,0,0,1,1
28,280336,2,2,0,0,0,2,2,33,2422,15,8,2014,6,13,54,1,11,1,I-55 NORTH,,99998,34.96105,-89.99881667,0,12,2,0,1,1,0,1,1,1,0,1,0,0000000,13,54,13,56,88,88,0,0,0,1,0
28,280337,1,1,0,0,0,1,1,93,0,15,8,2014,6,19,20,0,16,6,TASKA ROAD,,0,34.91703056,-89.54741111,0,34,0,0,1,1,0,4,3,1,0,1,0,0000000,19,20,19,34,88,88,0,0,0,1,0
28,280338,3,3,0,0,0,3,3,49,1220,16,8,2014,7,4,15,1,1,1,I-55 NORTH,,99998,32.33271667,-90.16234444,0,25,0,0,1,1,0,4,3,1,0,1,0,0000000,4,15,4,22,88,88,0,0,0,1,1
28,280339,2,2,0,0,0,3,3,59,0,16,8,2014,7,20,50,1,2,3,SR-63 NORTH,,99998,30.52359167,-88.54282222,0,12,2,0,1,1,0,1,2,1,0,1,0,0000000,20,55,21,13,21,35,0,0,0,2,1
28,280340,1,1,0,1,1,2,2,97,0,16,8,2014,7,20,39,1,2,2,US-82 WEST,,99998,33.43822778,-89.55363889,0,8,0,0,1,1,0,1,2,1,0,1,0,0000000,20,39,20,50,88,88,0,0,0,1,0
28,280341,1,1,0,0,0,1,1,109,0,17,8,2014,1,1,51,1,2,3,SR-43 NORTH,,99998,30.514925,-89.62121389,0,35,0,0,1,1,0,4,2,1,0,1,0,0000000,1,51,2,3,88,88,0,0,0,1,1
28,280342,2,2,0,0,0,2,2,107,0,18,8,2014,2,22,0,1,2,2,US-51 SOUTH,CR-HENTZ ROAD,99998,34.22591667,-89.92584444,0,12,6,0,2,3,0,1,2,1,0,1,0,0000000,22,16,22,25,22,50,0,0,0,1,0
28,280343,1,1,0,1,1,2,2,143,0,19,8,2014,3,20,3,0,6,4,CR-PRICHARD ROAD,,99998,34.70370556,-90.35861944,0,8,0,0,1,1,0,1,2,1,0,1,0,0000000,20,3,20,7,88,88,0,0,0,1,0
28,280344,1,1,0,1,1,1,1,49,1220,19,8,2014,3,21,50,1,2,1,I-20 EAST FRONTAGE ROAD,,0,32.27731111,-90.19383333,0,8,0,0,1,1,0,1,3,1,0,1,0,0000000,21,50,21,58,88,88,0,0,0,1,0
28,280345,1,1,0,1,1,1,1,107,120,20,8,2014,4,17,45,1,2,2,US-278,JOHNSON STREET,0,34.31061667,-89.95342778,0,8,0,0,2,3,0,1,1,1,0,1,0,0000000,17,45,17,52,18,23,0,0,0,1,0
28,280346,1,1,0,0,0,2,2,81,0,22,8,2014,6,17,45,0,2,3,SR-NATCHEZ TRACE PARKWAY,,2360,34.23488333,-88.76704444,0,42,0,0,1,1,0,4,9,98,0,98,0,0000000,17,51,17,57,18,20,0,0,0,1,0
28,280347,2,2,0,0,0,6,6,35,0,23,8,2014,7,14,25,0,2,3,SR-42 EAST,GLENDALE AVENUE,99998,31.36516111,-89.30606667,0,12,6,0,7,1,0,1,1,1,0,1,0,0000000,14,25,14,38,14,58,0,0,0,1,0
28,280348,1,1,0,0,0,1,1,95,0,23,8,2014,7,16,54,1,2,2,US-45 A SOUTH,,99998,33.82287222,-88.70585556,0,34,0,0,1,1,1,3,1,1,0,1,0,0000000,16,54,17,1,17,52,0,0,0,1,1
28,280349,2,2,0,0,0,3,3,1,0,23,8,2014,7,22,5,0,2,3,SR-555,,99998,31.59173611,-91.36655278,0,12,7,0,1,1,0,1,2,1,0,1,0,0000000,22,7,22,20,22,55,0,0,0,1,1
28,280350,2,2,0,0,0,4,4,101,1760,25,8,2014,2,21,0,1,2,3,SR-15 SOUTH,MLK DRIVE,0,32.31523889,-89.14870833,0,12,6,0,2,2,0,1,3,1,0,1,0,0000000,21,0,21,8,21,44,20,0,0,3,0
28,280351,1,1,0,0,0,2,2,47,0,28,8,2014,5,14,57,0,6,4,CR-WOLF RIVER ROAD,,99998,30.44582778,-89.21151389,0,1,0,0,1,1,0,4,1,1,0,1,0,0000000,99,99,99,99,88,88,0,0,0,1,0
28,280353,2,2,0,0,0,4,4,117,0,29,8,2014,6,9,35,0,2,3,SR-30 EAST,CR-5031,99998,34.57646667,-88.62994722,0,12,6,1,2,2,0,1,1,1,0,1,0,0000000,9,35,9,43,10,30,0,0,0,1,0
28,280354,1,1,0,0,0,1,1,109,1950,30,8,2014,7,23,45,1,2,1,I-59 NORTH,,99998,30.60078056,-89.61805278,0,42,0,0,1,1,0,4,2,10,0,10,0,0000000,23,45,23,53,88,88,0,0,0,1,1
28,280355,1,1,0,0,0,2,2,107,0,31,8,2014,1,0,0,0,2,3,SR-35 SOUTH,,99998,34.20253333,-90.04883333,0,35,0,0,1,1,0,4,2,2,0,2,0,0000000,0,0,0,10,0,45,0,0,0,1,1
28,280356,1,1,0,0,0,1,1,89,0,31,8,2014,1,22,33,0,6,4,CR-PAT LUCKETT ROAD,,99998,32.68935,-89.73798889,0,35,0,0,1,1,0,4,2,1,0,1,0,0000000,22,33,22,38,99,99,0,0,0,1,0
28,280357,1,1,0,0,0,1,1,51,0,1,9,2014,2,0,56,0,6,4,CR-EBENEZER ROAD,,99998,33.01503333,-90.07149722,0,42,0,0,1,1,0,4,2,5,0,5,0,0000000,0,56,1,13,88,88,0,0,0,1,0
28,280358,1,1,0,0,0,1,1,137,0,1,9,2014,2,1,5,0,6,4,CR-OLD MEMPHIS -OXFORD ROAD,,99998,34.67964167,-89.79434444,0,42,0,0,1,1,0,4,2,1,0,1,0,0000000,1,5,1,12,88,88,0,0,0,1,1
28,280359,1,1,0,0,0,1,1,21,0,1,9,2014,2,2,15,0,2,3,SR-547,,99998,31.92387222,-90.94016111,0,35,0,0,1,1,0,4,2,1,0,1,0,0000000,2,15,2,34,88,88,0,0,0,1,1
28,280360,1,1,0,0,0,1,1,17,0,3,9,2014,4,4,0,0,2,3,SR-NATCHEZ TRACE PARKWAY,,99998,33.86533611,-88.95310556,0,42,0,0,1,1,0,4,2,1,0,1,0,0000000,4,0,4,10,88,88,0,0,0,1,1
28,280361,1,1,0,0,0,1,1,49,490,3,9,2014,4,8,32,0,16,6,PINEHAVEN DRIVE,,0,32.37637778,-90.32135278,0,32,0,0,1,1,0,4,1,1,0,1,0,0000000,8,34,8,44,88,88,0,0,0,1,0
28,280362,2,2,0,0,0,3,3,129,0,3,9,2014,4,11,57,0,2,3,SR-28,CR-64,99998,31.86575278,-89.56781389,0,12,6,0,2,3,0,1,1,1,0,1,0,0000000,11,58,12,11,14,46,0,0,0,1,0
28,280363,1,1,0,0,0,3,3,127,0,3,9,2014,4,17,50,1,2,2,US-49 NORTH,,99998,31.91320278,-89.79634167,0,32,0,0,1,1,0,3,1,1,0,1,0,0000000,17,50,18,1,19,8,0,0,0,1,1
28,280364,2,2,0,0,0,2,2,53,0,4,9,2014,5,19,25,1,2,2,US-49 WEST,,99998,33.18650833,-90.49665,0,12,6,0,4,1,0,1,1,1,0,1,0,0000000,19,34,20,12,20,50,0,0,0,1,0
28,280365,2,2,0,0,0,3,3,97,0,5,9,2014,6,10,1,0,2,3,SR-407 SOUITH,,99998,33.35449444,-89.56507222,0,12,1,0,1,1,0,1,1,1,0,1,0,0000000,10,1,10,19,88,88,0,0,0,1,0
28,280366,1,1,0,0,0,1,1,57,0,5,9,2014,6,12,44,0,6,4,CR-HARDIN CHAPEL ROAD,,99998,34.24606111,-88.37536389,0,42,0,0,1,1,0,4,1,1,0,1,0,0000000,12,45,12,49,13,25,0,0,0,1,0
28,280367,2,2,0,0,0,4,4,3,0,5,9,2014,6,13,30,0,2,3,SR-2 WEST,,99998,34.90246111,-88.60010833,0,12,2,0,1,1,0,1,1,1,0,1,0,0000000,13,30,13,35,14,2,0,0,0,1,0
28,280368,1,1,0,0,0,1,1,1,0,6,9,2014,7,14,5,0,6,4,CR-CLOVERDALE ROAD,,99998,31.49533333,-91.42025,0,1,0,0,1,1,0,1,1,1,0,1,0,0000000,14,5,14,12,14,49,0,0,0,1,0
28,280369,2,2,0,0,0,3,3,153,0,7,9,2014,1,13,10,1,2,2,US-84 WEST,CR-MAGNOLIA HILL ROAD,99998,31.68328333,-88.69311667,0,12,6,0,2,2,0,1,1,1,0,1,0,0000000,13,10,13,19,14,2,0,0,0,1,0
28,280370,1,1,0,0,0,1,1,121,0,9,9,2014,3,16,5,1,2,2,US-80 WEST,,99998,32.32296667,-89.75693611,0,59,0,0,1,1,0,4,1,1,0,1,0,0000000,16,5,16,18,17,4,0,0,0,1,0
28,280371,2,2,0,0,0,2,2,59,1900,10,9,2014,4,7,42,1,2,2,US-90 WEST,SERVICE DRIVE,0,30.381,-88.52246944,0,12,2,0,2,3,0,1,1,10,0,10,0,0000000,7,42,7,48,7,57,0,0,0,1,0
28,280372,2,2,0,0,0,2,2,47,230,10,9,2014,4,7,49,1,1,1,I-10 EAST,,0,30.44826667,-88.93128889,0,12,1,0,1,1,0,1,1,2,10,2,0,0000000,7,49,8,0,8,49,19,0,0,1,0
28,280373,1,1,0,0,0,1,1,89,0,10,9,2014,4,18,15,0,6,4,CR-NORTH OLD CANTON,,99998,32.575975,-90.04674167,0,42,0,0,1,1,0,4,1,1,0,1,0,0000000,18,15,18,20,19,5,0,0,0,1,0
28,280374,1,1,0,0,0,1,1,113,1470,11,9,2014,5,6,15,0,16,6,CHEROKEE DRIVE,,0,31.25242222,-90.48974722,0,53,0,0,1,1,0,4,3,1,0,1,0,0000000,6,15,6,24,88,88,0,0,0,1,0
28,280375,1,1,0,0,0,1,1,145,0,11,9,2014,5,10,10,0,2,3,SR-30 EAST,,99998,34.48605278,-89.211,0,42,0,0,1,1,0,4,1,1,0,1,0,0000000,10,11,10,21,10,41,0,0,0,1,0
28,280376,1,1,0,1,1,1,1,77,0,11,9,2014,5,17,20,0,6,4,CR-OLD HWY 27 NORTH,,99998,31.57582778,-90.10626667,0,15,0,0,1,1,0,4,1,1,0,1,0,0000000,17,20,17,28,18,17,0,0,0,1,1
28,280377,1,1,0,0,0,1,1,85,0,12,9,2014,6,18,4,0,6,4,CR-OLD MALCOLM ROAD,,99998,31.59444444,-90.34568611,0,1,0,0,1,1,0,1,1,10,0,10,0,0000000,18,4,18,9,88,88,0,0,0,1,1
28,280378,1,1,0,0,0,2,2,139,2150,13,9,2014,7,0,4,0,16,6,MOORES MILL ROAD,,0,34.74155278,-88.94676667,0,42,0,0,1,1,0,4,2,1,0,1,0,0000000,0,5,0,8,1,28,0,0,0,2,0
28,280379,1,1,0,0,0,4,4,67,0,13,9,2014,7,3,10,0,16,6,PARKER DRIVE,,0,31.72651111,-89.14070556,0,42,0,0,1,1,0,4,3,10,0,10,0,0000000,3,24,3,28,3,58,0,0,0,1,0
28,280380,2,2,0,0,0,4,4,27,470,23,5,2014,6,9,5,0,16,6,STATE STREET,RITCHIE STREET,0,34.20040556,-90.54905,0,12,6,0,2,2,0,1,1,1,0,1,0,0000000,9,5,9,15,9,41,0,0,0,1,0
28,280381,1,1,0,0,0,1,1,61,0,13,9,2014,7,18,27,0,6,4,CR-17,,99998,31.91511667,-89.25499722,0,1,0,0,1,1,0,4,1,1,0,1,0,0000000,18,27,18,34,19,29,0,0,0,1,0
28,280382,1,1,0,0,0,1,1,139,0,15,9,2014,2,15,48,0,2,3,SR-370 NORTH,,99998,34.610875,-88.84103333,0,34,0,0,1,1,0,4,1,1,0,1,0,0000000,15,50,16,7,16,28,0,0,0,1,0
28,280383,1,1,0,0,0,1,1,33,1830,15,9,2014,2,21,9,0,2,3,SR-305,,99998,34.93777778,-89.8306,0,33,0,0,1,1,0,4,2,10,0,10,0,0000000,21,9,99,99,99,99,0,0,0,1,0
28,280384,1,1,0,0,0,2,2,81,2610,16,9,2014,3,21,15,0,16,6,JOYNER AVENUE,,0,34.26538056,-88.72579722,0,30,0,0,1,1,0,4,3,1,0,1,0,0000000,21,44,21,49,22,19,0,0,0,1,1
28,280385,1,1,0,0,0,1,1,13,0,17,9,2014,4,0,0,0,2,3,SR-32,,99998,34.049675,-89.27047222,0,1,0,0,1,1,0,4,2,1,0,1,0,0000000,6,29,6,47,88,88,0,0,0,1,0
28,280386,1,1,0,0,0,1,1,81,0,18,9,2014,5,1,0,0,6,4,CR-=1282,,99998,34.25810278,-88.63910278,0,42,0,0,1,1,0,4,2,1,0,1,0,0000000,1,16,1,25,1,43,0,0,0,1,0
28,280387,1,1,0,0,0,1,1,131,0,18,9,2014,5,0,39,0,2,3,SR-15,,99998,30.69127778,-88.90321944,0,42,0,0,1,1,0,4,2,1,0,1,0,0000000,0,39,99,99,88,88,0,0,0,1,1
28,280388,2,2,0,0,0,3,3,107,0,18,9,2014,5,4,51,1,2,2,US-278,CR-BETHLEHEM ROAD,99998,34.31970556,-89.85981667,0,12,6,0,2,3,0,1,1,1,0,1,0,0000000,4,51,4,59,5,16,0,0,0,1,0
28,280389,1,1,0,0,0,1,1,29,0,18,9,2014,5,7,55,0,2,3,SR-27 SOUTH,,99998,32.01993611,-90.37186667,0,34,0,0,1,1,0,4,1,1,0,1,0,0000000,7,55,99,99,99,99,0,0,0,1,1
28,280390,2,2,0,0,0,3,3,111,0,19,9,2014,6,8,15,0,2,3,SR-29,,99998,31.25027222,-89.07501944,0,12,2,0,1,1,0,1,1,1,0,1,0,0000000,8,15,8,20,8,52,0,0,0,1,0
28,280391,2,2,0,0,0,5,5,137,0,19,9,2014,6,9,45,0,6,4,CR-ARKABUTLA ROAD,,99998,34.65867778,-90.18612778,0,12,2,0,1,1,0,1,1,1,0,1,0,0000000,9,45,9,59,10,26,0,0,0,1,0
28,280392,1,1,0,0,0,1,1,81,0,20,9,2014,7,15,55,0,6,4,CR-CHESTERVILLE ROAD,,99998,34.28484722,-88.8206,0,30,0,0,1,1,0,4,1,1,0,1,0,0000000,16,1,16,13,17,20,0,0,0,1,0
28,280393,1,1,0,0,0,1,1,145,0,22,9,2014,2,2,15,0,6,4,CR-167,,99998,34.53614444,-88.75902222,0,1,0,0,1,1,0,4,2,1,0,1,0,0000000,2,15,2,26,88,88,0,0,0,1,1
28,280394,1,1,0,0,0,1,1,143,0,22,9,2014,2,10,26,0,6,4,CR-OLD HIGHWAY 61,,99998,34.77239444,-90.34526944,0,32,0,0,1,1,0,4,1,1,0,1,0,0000000,10,29,10,37,11,21,0,0,0,1,0
28,280395,1,1,0,0,0,1,1,85,0,22,9,2014,2,10,56,0,6,4,CR-CALVARY ROAD,,99998,31.45121667,-90.48153056,0,42,0,0,1,1,0,4,1,1,0,1,0,0000000,10,56,11,1,88,88,0,0,0,1,0
28,280396,1,1,0,0,0,1,1,1,1720,22,9,2014,2,16,40,0,16,6,JOHN R. JUNKIN,,0,31.53224444,-91.39175,0,33,0,0,1,1,0,4,1,1,0,1,0,0000000,16,40,16,45,99,99,0,0,0,1,0
28,280397,1,1,0,0,0,1,1,69,0,22,9,2014,2,22,0,1,2,2,US-45,,99998,32.73173333,-88.46908056,0,1,0,0,1,1,0,3,2,1,0,1,0,0000000,22,0,22,8,88,88,0,0,0,1,1
28,280398,1,1,0,1,1,1,1,47,230,23,9,2014,3,14,45,1,2,2,US-90,BEAUVOIR ROAD,0,30.39131944,-88.97274444,0,9,0,0,2,3,0,1,1,1,0,1,0,0000000,14,45,14,49,15,30,0,0,0,1,0
28,280399,1,1,0,2,2,2,2,49,1220,23,9,2014,3,18,59,1,1,1,I-55,,99998,32.26482222,-90.20984444,0,8,0,1,5,1,4,1,5,1,0,1,0,0000000,18,59,19,15,19,38,0,0,0,1,0
28,280400,1,1,0,0,0,1,1,49,490,24,9,2014,4,12,31,1,1,1,I-20,,370,32.32694167,-90.32601944,0,42,0,1,19,1,0,3,1,1,0,1,0,0000000,12,44,13,2,13,24,0,0,0,1,0
28,280401,2,2,0,0,0,5,5,59,0,24,9,2014,4,20,45,1,1,1,I-10,,550,30.44901667,-88.75184722,0,12,1,0,1,1,0,1,2,1,0,1,0,0000000,20,45,99,99,99,99,0,0,0,3,0
28,280402,1,1,0,0,0,3,3,73,0,25,9,2014,5,2,45,0,6,4,CR-PURVIS TO OLOH ROAD,,99998,31.1649,-89.44558889,0,42,0,0,1,1,0,4,2,1,0,1,0,0000000,2,45,3,3,3,30,0,0,0,2,0
28,280403,1,1,0,0,0,1,1,49,1220,26,9,2014,6,20,11,1,1,1,I-220,,80,32.38743611,-90.19565556,0,24,0,0,1,1,0,4,3,1,0,1,0,0000000,20,11,99,99,88,88,0,0,0,1,1
28,280404,1,1,0,0,0,2,2,151,0,27,9,2014,7,0,55,0,2,3,SR-1,,99998,33.03036389,-91.00176111,0,35,0,0,1,1,0,4,2,1,0,1,0,0000000,0,55,1,9,88,88,0,0,0,2,0
28,280405,1,1,0,0,0,2,2,129,0,27,9,2014,7,23,10,0,2,3,SR-540,,99998,32.01437778,-89.63681667,0,34,0,0,1,1,0,4,2,1,0,1,0,0000000,23,10,23,38,23,52,0,0,0,1,1
28,280406,2,2,0,0,0,4,4,3,560,28,9,2014,1,0,3,0,16,6,2103 LINDEN STREET,,0,34.93814444,-88.538925,0,12,8,0,1,1,0,1,2,1,0,1,0,0000000,0,9,0,10,0,39,0,0,0,1,1
28,280407,1,1,0,0,0,1,1,35,1050,28,9,2014,1,4,50,1,2,2,US-49 NORTH,CR-RAWLS SPRING LOOP RD,99998,31.36496944,-89.35385833,0,1,0,0,1,1,0,4,2,10,0,10,0,0000000,4,50,4,56,99,99,0,0,0,1,0
28,280408,1,1,0,0,0,2,2,113,0,29,9,2014,2,0,37,0,6,4,CR-MARTIN ROAD,,99998,31.23024444,-90.51881111,0,42,0,0,1,1,0,5,2,2,0,2,0,0000000,0,37,0,43,99,99,0,0,0,1,0
28,280409,1,1,0,0,0,1,1,81,0,1,10,2014,4,19,59,0,2,3,SR-NATCHEZ TRACE PARKWAY,,2650,34.23484444,-88.76709167,0,42,0,0,1,1,0,4,6,98,0,98,0,0000000,19,59,99,99,99,99,0,0,0,1,1
28,280410,1,1,0,0,0,3,3,157,0,2,10,2014,5,0,30,0,2,3,SR-24,,99998,31.11300833,-91.3138,0,42,0,0,1,1,0,4,2,1,0,1,0,0000000,0,30,99,99,99,99,0,0,0,2,1
28,280411,1,1,0,0,0,1,1,109,0,2,10,2014,5,14,46,0,2,3,SR-43,,99998,30.62798333,-89.77090278,0,42,0,0,1,1,0,4,1,2,0,2,0,0000000,14,46,99,99,99,99,0,0,0,1,0