STATE,ST_CASE,VE_TOTAL,VE_FORMS,PVH_INVL,PEDS,PERNOTMVIT,PERMVIT,PERSONS,COUNTY,CITY,DAY,MONTH,YEAR,DAY_WEEK,HOUR,MINUTE,NHS,ROAD_FNC,ROUTE,TWAY_ID,TWAY_ID2,MILEPT,LATITUDE,LONGITUD,SP_JUR,HARM_EV,MAN_COLL,RELJCT1,RELJCT2,TYP_INT,WRK_ZONE,REL_ROAD,LGT_COND,WEATHER1,WEATHER2,WEATHER,SCH_BUS,RAIL,NOT_HOUR,NOT_MIN,ARR_HOUR,ARR_MIN,HOSP_HR,HOSP_MN,CF1,CF2,CF3,FATALS,DRUNK_DR
29,290091,2,2,0,0,0,4,4,95,4120,14,2,2014,6,23,33,1,11,1,I-70,,71,39.07089722,-94.51843333,0,12,2,1,18,1,0,1,3,1,0,1,0,0000000,23,35,23,48,0,10,0,0,0,1,1
29,290092,1,1,0,0,0,2,2,99,0,27,2,2014,5,10,50,0,4,3,SR-H,,31,38.15977778,-90.69111111,0,42,0,0,1,1,0,4,1,1,0,1,0,0000000,10,53,11,7,12,10,0,0,0,1,0
29,290093,1,1,0,0,0,2,2,91,0,13,3,2014,5,12,25,0,4,3,SR-CC,,7,36.75861111,-92.10102778,0,1,0,0,1,1,0,4,1,1,0,1,0,0000000,12,29,12,48,99,99,0,0,0,1,0
29,290094,1,1,0,0,0,4,4,119,0,14,3,2014,6,7,49,0,5,3,SR-NN,,13,36.683,-94.41608333,0,34,0,0,1,1,0,4,1,1,0,1,0,0000000,7,59,8,22,9,11,0,0,0,1,0
29,290095,1,1,0,0,0,1,1,69,0,15,3,2014,7,18,20,0,5,3,SR-DD,,16,36.51513889,-90.18533333,0,42,0,0,1,1,0,4,1,10,0,10,0,0000000,99,98,99,98,88,88,0,0,0,1,1
29,290096,2,2,0,0,0,2,2,3,0,15,3,2014,7,19,30,1,2,2,US-59,,163,39.8525,-94.81394444,0,35,0,0,1,1,0,3,1,1,0,1,0,0000000,19,34,19,41,20,9,0,0,0,1,1
29,290097,2,2,0,0,0,3,3,183,7010,5,3,2014,4,7,16,0,13,7,I-70 OR,GOLFWAY ST,47,38.78820556,-90.53967222,0,12,6,0,2,3,0,1,1,1,0,1,0,0000000,7,18,7,23,7,41,0,0,0,1,0
29,290098,1,1,0,1,1,1,1,189,7665,14,3,2014,6,19,41,1,13,3,SR-366,SUNSET PLAZA,13,38.55514167,-90.41024167,0,8,0,0,2,2,0,1,3,1,0,1,0,0000000,19,40,19,49,20,1,0,0,0,1,0
29,290099,1,1,0,1,1,1,1,77,7460,12,1,2014,1,1,37,1,13,2,US-65 LP GLENSTONE AVE,ACCESS RD,87,37.23825833,-93.26115278,0,8,0,0,1,1,0,1,3,1,0,1,0,0000000,99,98,99,98,88,88,0,0,0,1,0
29,290100,1,1,0,0,0,1,1,55,0,20,3,2014,5,2,50,0,3,3,SR-MM,,9,38.07463889,-91.293,0,38,0,0,1,1,0,4,2,1,0,1,0,0000000,99,98,99,98,88,88,0,0,0,1,1
29,290101,1,1,0,0,0,1,1,37,0,20,3,2014,5,6,30,0,5,3,SR-P,,104,38.73116667,-94.20988889,0,34,0,0,1,1,0,4,2,1,0,1,0,0000000,99,98,99,98,88,88,0,0,0,1,1
29,290102,1,1,0,0,0,1,1,189,8250,21,3,2014,6,5,0,0,14,6,KIENLIN AVE,,9,38.67913889,-90.28497222,0,33,0,0,1,1,0,4,3,10,0,10,0,0000000,5,48,6,0,6,17,0,0,0,1,1
29,290103,2,2,0,0,0,6,6,109,0,23,3,2014,1,3,45,0,3,3,SR-H,,19,37.07361111,-93.876,0,12,2,0,1,1,0,1,2,1,0,1,0,0000000,4,52,5,20,5,50,0,0,0,5,0
29,290104,2,2,0,0,0,2,2,99,0,25,3,2014,3,12,23,1,2,3,SR-21,,36,38.43263889,-90.46825,0,12,2,0,1,1,0,1,1,1,0,1,0,0000000,12,22,12,28,12,44,0,0,0,2,0
29,290105,1,1,0,0,0,2,2,19,1800,16,1,2014,5,23,0,1,11,1,I-70,,53,38.96011944,-92.24716944,0,34,0,0,1,1,0,4,2,8,0,8,0,0000000,23,3,23,8,23,18,0,0,0,2,1
29,290106,2,2,0,0,0,4,4,510,7080,6,3,2014,5,8,55,0,14,6,S COMPTON AVE,LAFAYETTE AVE,19,38.61615833,-90.23239722,0,12,6,0,2,2,0,1,1,1,0,1,0,0000000,8,56,9,2,9,13,0,0,0,1,1
29,290107,1,1,0,0,0,2,2,183,0,9,2,2014,1,5,0,0,6,4,CR-FIRMA RD,,29,38.85431944,-90.688675,0,42,0,0,1,1,0,4,2,10,0,10,0,0000000,5,24,5,34,5,58,0,0,0,1,1
29,290108,3,3,0,0,0,3,3,113,0,26,3,2014,4,13,30,0,3,3,SR-79,,180,38.97777778,-90.74,0,12,8,0,1,1,0,1,1,1,0,1,0,0000000,13,45,14,1,14,25,0,0,0,1,0
29,290109,3,3,0,0,0,3,3,77,7460,17,3,2014,2,8,20,1,12,2,US-65,,24,37.12640833,-93.23145833,0,12,2,0,1,1,0,1,1,1,0,1,0,0000000,8,27,8,40,9,30,14,0,0,1,0
29,290110,1,1,0,0,0,1,1,189,4240,1,4,2014,3,8,15,0,15,4,CR-MARSHALL,,18,38.56077222,-90.44443056,0,42,0,0,1,1,0,4,1,1,0,1,0,0000000,99,98,99,98,88,88,0,0,0,1,0
29,290111,2,2,0,0,0,4,4,111,0,30,3,2014,1,13,24,1,2,3,SR-6,,89,40.08066667,-91.79433333,0,12,2,0,1,1,0,1,1,1,0,1,0,0000000,13,29,13,53,14,17,0,0,0,1,0
29,290112,2,2,0,0,0,2,2,147,0,31,3,2014,2,23,50,0,4,3,SR-U,,7,40.2585,-94.85086111,0,12,2,0,1,1,0,1,2,1,0,1,0,0000000,23,59,0,34,1,25,0,0,0,1,1
29,290113,1,1,0,0,0,1,1,201,0,5,4,2014,7,6,37,1,1,1,I-55,,145,37.03694444,-89.53555556,0,42,0,0,1,1,0,4,1,1,0,1,0,0000000,6,38,6,53,88,88,0,0,0,1,1
29,290114,4,4,0,0,0,8,8,145,0,5,4,2014,7,20,25,0,3,3,SR-MO 43,KENTUCKY RD,123,36.895,-94.58636111,0,12,1,0,3,4,0,1,2,1,0,1,0,0000000,20,25,20,34,21,1,14,0,0,1,1
29,290115,2,2,0,0,0,3,3,510,7080,21,1,2014,3,6,0,1,11,1,I-70,,42,99.99990000,999.99990000,0,12,1,1,18,1,0,1,1,4,0,4,0,0000000,5,44,5,57,6,40,0,0,0,1,0
29,290116,1,1,0,0,0,1,1,189,4887,27,3,2014,5,2,25,1,13,3,SR-141,HIGHLAND BLVD,153,38.59875,-90.50872222,0,33,0,0,3,2,0,3,3,2,10,2,0,0000000,2,29,2,35,3,11,0,0,0,1,1
29,290117,1,1,0,0,0,3,3,99,0,6,4,2014,1,19,10,1,1,1,I-55,,204,38.17180556,-90.37405556,0,42,0,0,1,1,0,4,1,1,0,1,0,0000000,19,18,19,22,19,57,0,0,0,2,0
29,290118,1,1,0,0,0,1,1,183,7010,31,1,2014,6,15,15,1,13,3,SR-94 N 3RD ST,TECUMSEH,357,38.797125,-90.47568889,0,38,0,0,3,6,0,4,1,10,0,10,0,0000000,15,17,15,23,15,45,0,0,0,1,0
29,290119,2,2,0,0,0,4,4,221,0,11,4,2014,6,6,30,0,4,3,SR-185,,51,38.14216667,-91.03866667,0,12,2,0,1,1,0,1,1,1,0,1,0,0000000,6,37,7,0,99,99,0,0,0,3,0
29,290120,3,3,0,0,0,3,3,95,0,12,4,2014,7,13,41,0,3,3,SR-7,STRINGTOWN RD,205,38.84872222,-94.26719444,0,12,1,0,3,3,0,1,1,1,0,1,0,0000000,13,40,13,51,99,99,14,0,0,1,0
29,290121,1,1,0,0,0,1,1,113,0,12,4,2014,7,16,30,0,4,3,SR-D,,105,38.98833333,-91.12688889,0,42,0,0,1,1,0,4,1,1,0,1,0,0000000,99,98,99,98,88,88,0,0,0,1,0
29,290122,2,2,0,0,0,6,6,107,4550,12,4,2014,7,17,4,1,2,2,US-24,SR-224,157,39.18477778,-93.84261111,0,12,6,0,2,3,0,1,1,1,0,1,0,0000000,17,6,17,13,17,48,0,0,0,1,0
29,290123,1,1,0,0,0,2,2,119,0,12,4,2014,7,17,25,0,4,3,SR-H,,59,36.57955556,-94.40380556,0,31,0,0,1,1,0,4,1,1,0,1,0,0000000,17,23,17,32,99,99,0,0,0,1,1
29,290124,1,1,0,0,0,1,1,95,4120,2,3,2014,1,4,2,1,13,3,SR-V ROLAND RD,,41,38.98832222,-94.41748056,0,42,0,0,1,1,0,4,2,8,0,8,0,0000000,4,5,4,17,88,88,0,0,0,1,1
29,290125,3,3,0,0,0,3,3,189,0,6,3,2014,5,18,37,1,13,3,SR-231 TELEGRAPH RD,,96,38.42234722,-90.33936111,0,12,1,0,1,1,0,1,2,1,0,1,0,0000000,18,39,18,46,19,43,0,0,0,1,0
29,290126,1,1,0,0,0,1,1,95,4120,2,4,2014,4,17,57,0,14,6,MARTHA TRUMAN RD,,2,38.910525,-94.56395556,0,42,0,0,1,1,0,4,1,10,0,10,0,0000000,18,0,18,8,18,56,0,0,0,1,1
29,290127,1,1,0,0,0,2,2,119,0,8,4,2014,3,21,0,0,6,4,CR-INDIAN CREEK RD,,11,36.65744444,-94.42,0,1,0,0,1,1,0,4,2,1,0,1,0,0000000,99,98,99,98,88,88,0,0,0,1,1
29,290128,3,3,0,0,0,3,3,37,6360,9,4,2014,4,9,0,0,3,3,SR-7,,2,38.83091667,-94.26525,0,12,1,0,1,1,0,1,1,1,0,1,0,0000000,9,0,9,7,10,4,0,0,0,1,1
29,290129,2,2,0,0,0,2,2,189,1575,10,4,2014,5,17,15,1,13,3,SR-340,APPALACHIAN TRL,57,38.66238889,-90.54333333,0,12,6,0,2,2,0,1,1,10,0,10,0,0000000,17,19,17,23,18,0,0,0,0,1,0
29,290130,1,1,0,0,0,1,1,99,0,13,4,2014,1,15,1,0,15,4,CR-HILLSBORO VALLEY PARK RD,,3,38.49888889,-90.50952778,0,1,0,0,1,1,0,1,1,2,10,2,0,0000000,15,8,15,26,15,43,0,0,0,1,0
29,290131,1,1,0,0,0,1,1,151,0,14,4,2014,2,19,22,1,2,2,US-50,,51,38.50094444,-91.92686111,0,42,0,0,1,1,1,4,1,10,0,10,0,0000000,19,22,19,32,20,3,0,0,0,1,1
29,290132,1,1,0,0,0,1,1,67,0,14,4,2014,2,21,0,0,4,3,SR-76,,407,36.97966667,-92.36758333,0,35,0,0,1,1,0,4,2,10,0,10,0,0000000,21,28,22,1,22,45,0,0,0,1,1
29,290133,1,1,0,0,0,3,3,155,0,12,4,2014,7,16,23,0,4,3,SR-B,,42,36.33483333,-89.8265,0,32,0,0,1,1,0,4,1,1,0,1,0,0000000,16,39,16,57,17,10,0,0,0,3,1
29,290134,3,3,0,0,0,3,3,29,1340,15,4,2014,3,14,31,0,6,6,LAKEVIEW DR,,5,38.00272222,-92.76208333,0,12,2,0,1,1,0,1,1,1,0,1,0,0000000,99,98,99,98,88,88,0,0,0,1,2
29,290135,2,2,0,0,0,3,3,125,0,16,4,2014,4,17,5,1,2,2,US-63,SR-AA,70,38.19847222,-91.94566667,0,12,2,0,3,4,0,1,1,1,0,1,0,0000000,17,6,17,10,17,35,0,0,0,1,0
29,290136,2,2,0,0,0,3,3,99,0,14,3,2014,6,20,3,0,4,3,SR-NN,,24,38.37980556,-90.71747222,0,12,2,0,1,1,0,1,2,1,0,1,0,0000000,20,12,20,25,21,13,0,0,0,1,0
29,290137,2,2,0,0,0,5,5,7,0,11,4,2014,6,16,45,1,2,2,US-54,SR-19,269,39.27916667,-91.64411111,0,12,6,0,2,2,0,1,1,1,0,1,0,0000000,99,99,99,99,99,99,0,0,0,1,0
29,290138,1,1,0,1,1,2,2,189,0,15,4,2014,3,2,25,1,11,1,I-270,,50,38.77127778,-90.27669444,0,8,0,1,18,1,0,1,3,1,0,1,0,0000000,99,98,99,98,88,88,0,0,0,1,0
29,290140,1,1,0,0,0,1,1,105,0,18,4,2014,6,17,0,0,6,4,CR-PELICAN DR,,44,37.76372222,-92.65425,0,35,0,0,1,1,0,4,1,1,0,1,0,0000000,99,99,99,99,99,99,0,0,0,1,0
29,290141,2,2,0,0,0,2,2,135,0,15,4,2014,3,16,10,0,3,3,SR-87,,197,38.60316667,-92.57336111,0,12,2,0,1,1,0,1,1,1,0,1,0,0000000,16,10,16,12,17,37,0,0,0,1,0
29,290142,1,1,0,0,0,1,1,95,4490,11,4,2014,6,10,50,1,11,1,I-70,,84,38.93983333,-94.39372222,0,57,0,0,1,1,0,3,1,1,0,1,0,0000000,10,50,10,57,11,18,0,0,0,1,0
29,290143,1,1,0,0,0,1,1,155,0,17,4,2014,5,14,5,0,4,3,SR-J,,187,36.2555,-89.72788889,0,32,0,0,1,1,0,4,1,1,0,1,0,0000000,14,22,14,33,15,15,0,0,0,1,1
29,290144,1,1,0,0,0,1,1,187,0,18,4,2014,6,21,45,0,4,3,SR-K,,68,37.92622222,-90.41966667,0,35,0,0,1,1,0,4,2,10,0,10,0,0000000,99,98,99,98,88,88,0,0,0,1,1
29,290145,2,2,0,0,0,2,2,43,6020,26,3,2014,4,10,45,0,14,2,US-65 BUS SOUTH ST,,29,37.00427222,-93.21079722,0,12,6,0,1,1,0,1,1,1,0,1,0,0000000,10,46,10,50,99,99,0,0,0,1,1
29,290146,1,1,0,0,0,1,1,209,0,18,4,2014,6,14,50,0,4,3,SR-248,,62,36.81983333,-93.52127778,0,34,0,0,1,1,0,4,1,1,0,1,0,0000000,99,98,99,98,88,88,0,0,0,1,1
29,290147,1,1,0,0,0,2,2,71,0,20,4,2014,1,5,40,1,1,1,I-44,,52,38.26325,-91.11477778,0,1,0,0,1,1,0,3,6,1,0,1,0,0000000,99,99,99,99,99,99,0,0,0,1,1
29,290148,2,2,0,0,0,2,2,71,0,21,4,2014,2,12,52,1,2,3,SR-47,,37,38.50541667,-91.00522222,0,24,0,0,1,1,0,4,1,10,0,10,0,0000000,99,98,99,98,88,88,0,0,0,1,0
29,290150,2,2,0,0,0,2,2,19,1800,11,3,2014,3,0,20,1,2,2,US-63,,242,38.97890833,-92.28121111,0,12,2,1,18,1,0,1,2,1,0,1,0,0000000,99,98,99,98,88,88,0,0,0,2,1
29,290151,1,1,0,1,1,1,1,159,0,19,4,2014,7,14,36,0,6,4,CR-MCALLISTER RD,,15,38.93647222,-93.31922222,0,8,0,0,1,1,0,1,1,1,0,1,0,0000000,14,39,14,55,15,56,0,0,0,1,0
29,290152,1,1,0,0,0,2,2,510,7080,1,4,2014,3,22,48,1,11,1,I-55,,21,38.60848611,-90.21243333,0,24,0,0,1,1,0,3,3,1,0,1,0,0000000,22,51,22,59,23,23,0,0,0,1,1
29,290153,1,1,0,0,0,1,1,219,8120,23,4,2014,4,14,20,1,1,1,I-70,,112,38.8195,-91.16569444,0,57,0,0,1,1,0,3,1,1,0,1,0,0000000,99,98,99,98,88,88,0,0,0,1,0
29,290154,2,1,1,0,0,1,1,189,1050,25,4,2014,6,0,28,1,11,1,I-270,,145,38.75172222,-90.43897222,0,45,0,0,1,1,2,3,3,2,0,2,0,0000000,0,39,0,52,1,19,0,0,0,1,1
29,290155,4,4,0,0,0,9,9,105,0,25,4,2014,6,21,20,0,4,3,SR-64,,91,37.69275,-92.71994444,0,12,6,0,1,1,0,1,2,1,0,1,0,0000000,21,14,21,58,22,32,0,0,0,1,0
29,290156,2,2,0,0,0,3,3,37,0,26,4,2014,7,10,41,0,4,3,SR-D,SR-2,148,38.63688889,-94.59119444,0,12,6,0,2,2,0,1,1,10,0,10,0,0000000,10,50,11,17,11,50,0,0,0,2,0
29,290158,1,1,0,1,1,1,1,189,0,12,4,2014,7,3,58,1,2,3,SR-100 MANCHESTER,,137,38.59316111,-90.51913056,0,8,0,0,1,1,0,1,2,1,0,1,0,0000000,99,98,99,98,88,88,0,0,0,1,0
29,290159,2,2,0,0,0,3,3,21,7070,16,4,2014,4,13,43,0,14,6,MITCHELL AVE,S 36TH ST,24,39.75522222,-94.80597778,0,12,6,0,2,2,0,1,1,1,0,1,0,0000000,13,39,13,39,14,8,0,0,0,1,0
29,290160,2,2,0,0,0,2,2,19,0,24,4,2014,5,7,11,1,2,2,US-63,CR-PETERSON LANE,359,38.75963889,-92.25397222,0,12,6,0,2,2,4,1,1,1,0,1,0,0000000,7,16,7,20,7,56,0,0,0,1,0
29,290161,1,1,0,0,0,1,1,217,0,25,4,2014,6,21,57,0,6,4,CR-PANAMA,,16,37.81875,-94.24388889,0,1,0,0,1,1,0,1,2,10,0,10,0,0000000,21,58,22,17,23,30,0,0,0,1,0
29,290162,1,1,0,0,0,2,2,131,0,26,4,2014,7,22,25,0,5,3,SR-D,,7,38.21769444,-92.58447222,0,42,0,0,1,1,0,4,2,1,0,1,0,0000000,22,27,22,35,23,14,0,0,0,1,1
29,290164,2,2,0,0,0,3,3,187,0,17,4,2014,5,8,45,1,13,3,SR-8,HUNT ST,32,37.86818056,-90.58518333,0,12,6,0,2,2,4,1,1,1,0,1,0,0000000,8,51,8,59,99,99,0,0,0,1,0
29,290165,2,2,0,0,0,6,6,151,0,1,5,2014,5,5,41,0,5,3,SR-89,,367,38.30783333,-91.73577778,0,12,2,0,1,1,0,1,2,10,0,10,0,0000000,5,48,5,52,99,99,0,0,0,1,0
29,290166,3,3,0,0,0,3,3,189,2690,4,2,2014,3,13,35,0,15,6,GRAVOIS BLUFFS BLVD,GRAVOIS BLUFFS CIR,7,38.50714722,-90.44538333,0,12,6,0,2,2,0,1,1,4,0,4,0,0000000,13,41,13,44,14,9,0,0,0,1,0
29,290167,2,2,0,0,0,2,2,510,7080,12,3,2014,4,21,56,1,11,1,I-55,,38,38.58487222,-90.21851111,0,12,6,0,1,1,0,1,3,1,0,1,0,0000000,21,52,21,59,22,15,0,0,0,1,1
29,290168,1,1,0,0,0,1,1,189,0,25,3,2014,3,19,45,0,15,4,CR-OLD LEMAY FERRY,,2,38.47931111,-90.35666944,0,1,0,0,1,1,0,1,2,1,0,1,0,0000000,19,48,19,51,20,8,0,0,0,1,1
29,290169,2,2,0,0,0,3,3,169,8190,27,4,2014,1,9,32,0,15,6,ICHORD AVE,,3,37.80889722,-92.22348056,0,12,6,0,4,1,0,1,1,10,0,10,0,0000000,9,50,9,56,10,16,0,0,0,1,0
29,290170,2,2,0,0,0,2,2,35,0,3,5,2014,7,12,20,1,2,2,US-60,,133,36.99188889,-91.01291667,0,12,1,0,1,1,0,1,1,1,0,1,0,0000000,12,23,12,29,12,54,0,0,0,1,0
29,290171,3,3,0,0,0,6,6,145,0,3,5,2014,7,14,0,0,3,3,SR-43,,119,36.89936111,-94.58416667,0,12,2,0,1,1,0,1,1,1,0,1,0,0000000,14,7,14,17,14,38,0,0,0,4,0
29,290172,1,1,0,0,0,4,4,9,0,3,5,2014,7,23,50,0,6,4,CR-2155,,9,36.69897222,-93.77111111,0,42,0,0,1,1,0,4,2,1,0,1,0,0000000,99,99,99,99,99,99,0,0,0,1,1
29,290173,2,2,0,0,0,2,2,145,0,29,4,2014,3,21,18,0,3,3,SR-43,,133,36.88197222,-94.59319444,0,12,2,0,1,1,0,1,2,10,0,10,0,0000000,99,98,99,98,88,88,0,0,0,2,0
29,290174,1,1,0,0,0,2,2,209,0,2,5,2014,6,11,20,0,6,4,CR-ROUND HOUSE RD,,53,36.91633333,-93.58491667,0,42,0,0,1,1,0,4,1,1,0,1,0,0000000,11,33,11,44,99,99,0,0,0,1,0
29,290175,1,1,0,0,0,9,9,133,0,2,5,2014,6,22,30,1,1,1,I-57,,169,36.98502778,-89.24463889,0,1,0,0,1,1,0,4,2,1,0,1,0,0000000,22,34,22,45,0,24,0,0,0,2,0
29,290176,1,1,0,0,0,3,3,133,0,4,5,2014,1,7,20,0,4,3,SR-102,,73,36.6725,-89.30638889,0,34,0,0,1,1,0,4,1,1,0,1,0,0000000,7,49,8,49,8,49,0,0,0,1,0
29,290177,2,2,0,0,0,5,5,97,0,4,5,2014,1,19,14,0,9,4,CR-JACKPINE,,13,37.19488889,-94.35994444,0,12,2,0,8,1,0,1,1,1,0,1,0,0000000,99,99,99,99,99,99,0,0,0,1,1
29,290178,2,2,0,0,0,2,2,101,0,6,5,2014,3,15,30,0,4,3,SR-2,,195,38.59091667,-93.79747222,0,12,2,0,1,1,0,1,1,1,0,1,0,0000000,99,98,99,98,88,88,0,0,0,1,0
29,290179,2,2,0,0,0,2,2,183,7010,14,3,2014,6,18,20,0,15,6,PRALLE LN,,0,38.76127778,-90.53026667,0,12,1,0,1,1,0,1,1,1,0,1,0,0000000,18,28,18,32,18,49,0,0,0,1,0
29,290180,1,1,0,2,2,1,1,510,7080,27,4,2014,1,21,22,0,13,6,N GRAND BLVD,,8,38.65133333,-90.223775,0,8,0,0,1,1,0,1,2,2,10,2,0,0000000,99,99,99,99,99,99,0,0,0,1,0
29,290181,2,2,0,0,0,8,8,95,4120,10,3,2014,2,23,32,0,14,6,BENTON BLVD,27TH ST,5,39.07693611,-94.54893056,0,12,6,0,2,2,0,1,3,1,0,1,0,0000000,23,34,23,46,0,10,0,0,0,1,2
29,290182,2,2,0,0,0,2,2,95,4120,4,4,2014,6,23,7,0,16,6,79TH ST,SUMMIT ST,5,38.98523889,-94.59898333,0,12,6,0,2,2,0,1,3,1,0,1,0,0000000,23,7,23,10,23,32,20,0,0,1,2
29,290183,1,1,0,0,0,2,2,189,0,18,4,2014,6,23,9,0,15,4,CR-HEINTZ RD,,12,38.45376111,-90.32500833,0,42,0,0,1,1,0,4,2,1,0,1,0,0000000,23,19,23,30,23,45,0,0,0,1,1
29,290184,2,2,0,0,0,3,3,133,0,7,5,2014,4,15,57,0,3,3,SR-105,,90,36.795,-89.36611111,0,12,2,0,1,1,0,1,1,1,0,1,0,0000000,15,54,15,59,16,33,0,0,0,2,0
29,290185,1,1,0,0,0,1,1,225,7250,8,5,2014,5,16,5,1,2,2,US-60,,142,37.17008333,-92.83444444,0,34,0,0,1,1,0,4,1,2,0,2,0,0000000,99,98,99,98,88,88,0,0,0,1,0
29,290186,2,2,0,0,0,3,3,189,6290,9,5,2014,6,21,45,1,11,1,I-70,,1,38.70286111,-90.27002778,0,43,0,1,5,1,0,4,2,10,0,10,0,0000000,21,50,21,55,22,9,14,0,0,1,0
29,290187,1,1,0,0,0,5,5,131,0,9,5,2014,6,23,55,0,5,3,SR-M,,21,38.33216667,-92.52511111,0,34,0,0,1,1,0,4,2,1,0,1,0,0000000,23,52,0,13,0,56,0,0,0,1,1
29,290188,2,2,0,0,0,2,2,95,4120,11,4,2014,6,11,37,0,13,6,31ST ST,VAN BRUNT BLVD,47,39.06885,-94.52103056,0,12,6,0,2,4,0,1,1,1,0,1,0,0000000,11,37,11,40,12,0,0,0,0,1,0
29,290189,1,1,0,0,0,1,1,183,0,12,5,2014,2,18,52,1,12,2,US-61,,141,38.82161111,-90.84738889,0,1,0,1,5,1,0,3,1,10,0,10,0,0000000,99,98,99,98,88,88,0,0,0,1,1
29,290190,2,2,0,0,0,2,2,163,0,13,5,2014,3,7,29,1,2,2,US-54,,117,39.34588889,-91.23038889,0,12,2,0,1,1,0,1,1,2,0,2,0,0000000,7,28,7,34,8,5,0,0,0,1,0
29,290191,1,1,0,0,0,1,1,183,0,13,5,2014,3,21,59,1,12,3,SR-370,,57,38.81836111,-90.558,0,31,0,0,1,1,0,4,2,1,0,1,0,0000000,99,98,99,98,88,88,0,0,0,1,1
29,290192,1,1,0,0,0,1,1,19,1800,13,4,2014,1,4,41,0,16,6,RICHLAND RD,,3,38.94876111,-92.26608333,0,58,0,0,1,1,0,4,2,10,0,10,0,0000000,99,98,99,98,88,88,0,0,0,1,1
29,290193,1,1,0,0,0,1,1,153,0,11,5,2014,1,18,50,0,5,3,SR-V,,71,36.54452778,-92.19130556,0,38,0,0,1,1,0,4,1,1,0,1,0,0000000,19,9,19,27,19,47,0,0,0,1,1
29,290194,2,1,1,0,0,1,1,19,1800,10,4,2014,5,2,23,0,14,6,VANDIVER DR,,6,38.97119444,-92.32340556,0,1,0,0,1,1,0,1,3,1,0,1,0,0000000,99,98,99,98,88,88,14,0,0,1,1
29,290195,3,3,0,0,0,3,3,47,4120,21,4,2014,2,14,13,0,14,6,N WOODLAND AVE,,25,39.28096111,-94.55705,0,12,8,0,1,1,0,4,1,10,0,10,0,0000000,14,16,14,21,14,53,0,0,0,1,1
29,290196,1,1,0,0,0,4,4,99,0,11,5,2014,1,17,15,1,11,1,I-55,,1,38.3685,-90.38241667,0,1,0,1,5,1,0,4,1,1,0,1,0,0000000,17,16,17,20,99,99,20,0,0,3,0
29,290197,2,2,0,0,0,2,2,43,0,12,5,2014,2,17,30,1,2,2,US-60,,64,37.08127778,-93.52936111,0,12,6,0,1,1,0,1,1,2,0,2,0,0000000,17,40,17,59,18,18,0,0,0,1,0
29,290198,1,1,0,0,0,1,1,213,0,14,5,2014,4,23,12,0,16,6,BRANSON HILLS PKWY,SR-248,0,36.69069444,-93.25036111,0,35,0,0,3,3,0,4,3,1,0,1,0,0000000,99,98,99,98,88,88,0,0,0,1,1
29,290199,1,1,0,0,0,1,1,157,0,14,5,2014,4,3,22,0,4,2,US-61,,32,37.81791667,-89.94669444,0,11,0,0,1,1,0,1,2,2,10,2,0,0000000,3,32,3,43,4,8,0,0,0,1,0
29,290200,3,3,0,0,0,3,3,19,0,15,5,2014,5,6,40,0,14,3,SR-B,,72,39.02577778,-92.27577778,0,12,6,0,1,1,1,1,1,2,10,2,0,0000000,6,42,6,49,7,20,14,0,0,1,0
29,290201,1,1,0,0,0,1,1,77,0,16,5,2014,6,16,9,0,6,4,CR-193,,12,37.39233333,-93.19230556,0,34,0,0,1,1,0,4,1,10,0,10,0,0000000,99,98,99,98,88,88,0,0,0,1,0
29,290202,1,1,0,0,0,3,3,186,0,17,5,2014,7,16,0,1,2,3,SR-32,,39,37.82775,-90.30602778,0,58,0,0,1,1,0,4,1,1,0,1,0,0000000,16,7,16,14,99,99,0,0,0,1,0
29,290203,2,2,0,0,0,2,2,147,0,17,5,2014,7,20,40,0,3,3,SR-148,,133,40.55930556,-94.81263889,0,12,8,0,1,1,0,1,1,1,0,1,0,0000000,99,98,99,98,88,88,0,0,0,1,1
29,290204,1,1,0,1,1,1,1,510,7080,11,3,2014,3,0,48,0,16,6,ARLINGTON AVE,,3,38.69226667,-90.24801389,0,8,0,0,1,1,0,1,3,1,0,1,0,0000000,99,98,99,98,88,88,0,0,0,1,0
29,290205,2,2,0,0,0,2,2,47,4120,10,4,2014,5,5,26,0,14,6,NE 72 ST,,36,39.22390556,-94.52088056,0,35,0,0,1,1,0,4,3,1,0,1,0,0000000,99,98,99,98,88,88,14,0,0,1,0
29,290206,3,3,0,0,0,4,4,99,2720,22,4,2014,3,20,18,0,14,6,MILL ST,,13,38.21315278,-90.39525278,0,12,2,0,1,1,0,1,3,1,0,1,0,0000000,20,21,20,25,21,0,14,0,0,1,1
29,290207,3,1,2,0,0,1,1,95,3940,26,4,2014,7,11,9,1,13,2,US-40,,101,39.05678889,-94.46456944,0,34,0,0,1,1,0,4,1,2,0,2,0,0000000,99,99,99,99,99,99,14,0,0,1,0
29,290208,3,3,0,0,0,4,4,99,2720,2,5,2014,6,11,50,1,13,2,US-67,AMERICAN LEGION DR,199,38.20132778,-90.395975,0,12,6,0,2,2,0,1,1,10,0,10,0,0000000,99,99,99,99,99,99,0,0,0,1,0
29,290209,2,1,1,0,0,1,1,165,4120,4,5,2014,1,21,4,0,15,6,N CONGRESS,,11,39.29522778,-94.66791389,0,14,0,0,1,1,0,4,2,1,0,1,0,0000000,99,98,99,98,88,88,0,0,0,1,1