STATE,ST_CASE,VE_TOTAL,VE_FORMS,PVH_INVL,PEDS,PERNOTMVIT,PERMVIT,PERSONS,COUNTY,CITY,DAY,MONTH,YEAR,DAY_WEEK,HOUR,MINUTE,NHS,ROAD_FNC,ROUTE,TWAY_ID,TWAY_ID2,MILEPT,LATITUDE,LONGITUD,SP_JUR,HARM_EV,MAN_COLL,RELJCT1,RELJCT2,TYP_INT,WRK_ZONE,REL_ROAD,LGT_COND,WEATHER1,WEATHER2,WEATHER,SCH_BUS,RAIL,NOT_HOUR,NOT_MIN,ARR_HOUR,ARR_MIN,HOSP_HR,HOSP_MN,CF1,CF2,CF3,FATALS,DRUNK_DR
29,290210,1,1,0,0,0,2,2,179,0,18,5,2014,1,23,5,0,3,3,SR-21,,67,37.47294444,-90.8755,0,1,0,0,1,1,0,1,2,1,0,1,0,0000000,23,8,23,18,88,88,0,0,0,1,1
29,290211,2,2,0,0,0,2,2,1,4230,16,5,2014,6,11,50,1,13,2,US-63,SR-6,129,40.16808889,-92.55153889,0,12,6,1,2,2,0,1,1,1,0,1,0,0000000,99,99,99,99,99,99,0,0,0,1,0
29,290212,2,2,0,0,0,3,3,71,0,18,5,2014,1,18,10,1,11,1,I-44,,107,38.44150833,-90.90628889,0,12,7,1,18,1,0,1,1,1,0,1,0,0000000,18,20,18,36,19,8,0,0,0,1,1
29,290213,2,2,0,0,0,2,2,217,0,19,5,2014,2,15,49,1,13,2,US-54,CR-1375,186,37.83813889,-94.38752778,0,12,6,0,2,2,0,1,1,1,0,1,0,0000000,15,52,15,54,88,88,0,0,0,1,0
29,290214,2,2,0,0,0,2,2,31,9997,20,5,2014,3,22,25,0,15,3,SR-AB,,51,37.24044444,-89.56297222,0,12,2,0,8,1,0,1,2,1,0,1,0,0000000,99,98,99,98,88,88,20,0,0,1,0
29,290215,1,1,0,2,2,1,1,47,4120,22,3,2014,7,17,30,0,15,6,NW WINN RD,N BELLEFONTAINE,1,39.15959722,-94.54498889,0,15,0,0,2,3,0,1,1,1,0,1,0,0000000,17,35,17,46,18,17,0,0,0,1,0
29,290216,1,1,0,0,0,1,1,125,0,4,5,2014,1,19,1,0,3,3,SR-133,,99,38.18461111,-92.12591667,0,35,0,0,1,1,0,4,1,1,0,1,0,0000000,19,1,19,14,19,32,0,0,0,1,1
29,290217,2,2,0,0,0,2,2,21,30,19,5,2014,2,20,45,0,4,3,SR-FF,,41,39.67002778,-94.75347222,0,12,2,0,1,1,0,1,1,1,0,1,0,0000000,99,98,99,98,88,88,0,0,0,1,0
29,290218,2,2,0,0,0,2,2,213,0,21,5,2014,4,10,50,0,3,3,SR-76,,134,36.626,-93.13927778,0,12,7,0,1,1,0,1,1,1,0,1,0,0000000,99,98,99,98,88,88,0,0,0,1,1
29,290219,1,1,0,0,0,1,1,101,0,22,5,2014,5,17,20,0,6,4,CR-SW 450,,11,38.70508333,-94.07497222,0,1,0,0,1,1,0,4,1,1,0,1,0,0000000,17,25,18,1,19,9,0,0,0,1,0
29,290220,1,1,0,0,0,5,5,181,0,23,5,2014,6,22,35,0,3,2,US-160,,82,36.64966667,-91.00030556,0,1,0,0,1,1,0,1,2,1,0,1,0,0000000,23,4,23,41,0,15,0,0,0,1,1
29,290221,1,1,0,0,0,2,2,189,0,24,5,2014,7,6,45,1,11,1,I-44,,77,38.50223611,-90.59777778,0,42,0,0,1,1,0,4,1,1,0,1,0,0000000,99,98,99,98,88,88,0,0,0,2,0
29,290222,2,2,0,0,0,2,2,91,0,28,5,2014,4,5,30,1,2,2,US-63,,336,36.67325,-91.77158333,0,31,0,0,1,1,0,4,2,1,0,1,0,0000000,5,36,5,50,6,46,0,0,0,1,0
29,290223,1,1,0,0,0,1,1,27,0,28,5,2014,4,6,17,0,3,3,SR-94,,307,38.71891667,-91.68327778,0,42,0,0,1,1,0,4,2,1,0,1,0,0000000,6,28,7,3,88,88,0,0,0,1,1
29,290224,2,2,0,0,0,2,2,19,0,28,5,2014,4,13,40,0,4,3,SR-Z,I-70,202,38.959,-92.204,0,12,6,1,3,2,0,1,1,10,0,10,0,0000000,13,47,13,52,14,10,0,0,0,1,0
29,290225,1,1,0,0,0,1,1,145,0,29,5,2014,5,10,22,0,4,3,SR-HH,,40,36.83211111,-94.31438889,0,35,0,0,1,1,0,4,1,10,0,10,0,0000000,99,98,99,98,88,88,0,0,0,1,0
29,290226,2,2,0,0,0,2,2,53,0,29,5,2014,5,13,29,0,14,3,SR-87,,29,38.95269444,-92.71133333,0,12,2,0,1,1,0,1,1,1,0,1,0,0000000,13,32,13,35,13,48,0,0,0,1,0
29,290227,2,2,0,0,0,4,4,29,0,31,5,2014,7,13,0,0,3,3,SR-MM,,18,38.15858333,-92.7125,0,12,2,0,1,1,0,4,1,10,0,10,0,0000000,13,7,13,20,13,45,0,0,0,1,1
29,290228,2,2,0,0,0,2,2,219,0,31,5,2014,7,15,43,0,3,3,SR-47,,12,38.91458333,-91.13044444,0,12,2,0,1,1,0,1,1,10,0,10,0,0000000,15,51,16,6,16,36,0,0,0,1,0
29,290229,1,1,0,0,0,1,1,161,0,1,6,2014,1,11,30,0,6,4,CR-6380,,34,37.73441667,-91.93022222,0,34,0,0,1,1,0,4,1,1,0,1,0,0000000,99,98,99,98,88,88,0,0,0,1,0
29,290230,1,1,0,1,1,1,1,95,3940,16,4,2014,4,21,24,1,2,2,US-24,,93,39.10236944,-94.44083611,0,8,0,0,1,1,0,1,3,1,0,1,0,0000000,99,99,99,99,99,99,0,0,0,1,0
29,290231,1,1,0,0,0,1,1,135,0,23,5,2014,6,23,50,0,4,4,CR-LOOKOUT TRL,,16,38.61644444,-92.5205,0,1,0,0,1,1,0,4,2,1,0,1,0,0000000,23,50,23,57,0,14,0,0,0,1,1
29,290232,2,2,0,0,0,6,6,97,0,24,5,2014,7,15,55,1,1,1,I-44,,101,37.08161111,-94.26891667,0,12,7,0,1,1,0,1,1,1,0,1,0,0000000,16,0,16,16,16,49,0,0,0,1,0
29,290233,2,2,0,0,0,4,4,113,0,25,5,2014,1,1,8,0,3,3,SR-47,,181,38.97097222,-91.04636111,0,12,2,0,1,1,0,1,2,10,0,10,0,0000000,1,13,1,20,2,9,0,0,0,1,0
29,290234,1,1,0,0,0,1,1,77,0,25,5,2014,1,13,7,0,3,2,US-160,,58,37.32336111,-93.52902778,0,38,0,0,1,1,0,4,1,10,0,10,0,0000000,99,98,99,98,88,88,0,0,0,1,0
29,290235,1,1,0,0,0,2,2,105,0,26,5,2014,2,17,45,0,4,3,SR-64,,106,37.69511111,-92.6925,0,59,0,0,1,1,0,4,1,10,0,10,0,0000000,17,50,18,1,19,10,0,0,0,1,1
29,290236,3,3,0,0,0,5,5,19,0,27,5,2014,3,13,30,0,3,3,SR-22,,39,39.24405556,-92.2475,0,12,1,0,1,1,0,1,1,10,0,10,0,0000000,99,99,99,99,99,99,0,0,0,1,0
29,290237,1,1,0,1,1,1,1,183,5880,5,5,2014,2,13,11,0,14,3,SR-N,,166,38.75341944,-90.689525,0,8,0,0,1,1,0,1,1,1,0,1,0,0000000,99,98,99,98,99,98,0,0,0,1,0
29,290238,1,1,0,0,0,1,1,189,2780,18,5,2014,1,21,48,1,13,3,SR-AC,HELMKAMPF DR,46,38.78574722,-90.27935833,0,33,0,0,3,3,0,4,2,1,0,1,0,0000000,99,98,99,98,88,88,0,0,0,1,1
29,290239,1,1,0,0,0,1,1,189,1575,31,5,2014,7,9,17,1,11,1,I-64,,119,38.64717778,-90.53240278,0,59,0,0,1,1,0,10,1,1,0,1,0,0000000,99,98,99,98,88,88,0,0,0,1,0
29,290240,1,1,0,0,0,1,1,95,6639,5,6,2014,5,7,29,0,13,6,S BLUE RIDGE CUTOFF,,29,39.02355556,-94.4814,0,33,0,0,1,1,0,4,1,10,0,10,0,0000000,99,99,99,99,99,99,0,0,0,1,0
29,290241,2,2,0,0,0,7,7,229,0,1,6,2014,1,22,55,1,2,2,US-60,,155,37.10752778,-92.51822222,0,12,2,0,1,1,0,1,2,1,0,1,0,0000000,23,52,0,34,0,56,0,0,0,3,0
29,290242,1,1,0,0,0,2,2,47,0,1,6,2014,1,19,30,1,1,1,I-35,,2,39.45208333,-94.32608333,0,1,0,0,1,1,0,2,1,1,0,1,0,0000000,19,34,19,38,19,58,0,0,0,1,0
29,290243,1,1,0,0,0,1,1,39,0,2,6,2014,2,22,0,0,6,4,CR-1025,CR-1800,15,37.63741667,-93.89,0,35,0,0,3,3,0,4,2,1,0,1,0,0000000,99,98,99,98,88,88,0,0,0,1,1
29,290244,2,2,0,0,0,2,2,105,0,3,6,2014,3,12,50,0,16,4,CR-PECOS DR,,13,37.69683333,-92.62777778,0,12,6,0,8,1,0,1,1,1,0,1,0,0000000,99,98,99,98,88,88,0,0,0,1,0
29,290245,2,2,0,0,0,2,2,71,0,4,6,2014,4,10,0,0,15,3,SR-PP,,5,38.32808333,-90.98716667,0,12,2,0,8,1,0,1,1,10,0,10,0,0000000,9,57,10,2,10,28,0,0,0,1,0
29,290246,2,2,0,0,0,2,2,77,0,5,6,2014,5,8,18,0,3,3,SR-125,SR-YY,141,37.22180556,-93.13588889,0,12,6,0,2,2,0,1,1,10,0,10,0,0000000,99,98,99,98,88,88,0,0,0,1,1
29,290247,2,2,0,0,0,3,3,145,0,5,6,2014,5,18,17,0,3,3,SR-59,,51,36.98008333,-94.31538889,0,12,6,0,1,1,0,1,1,1,0,1,0,0000000,18,21,18,38,99,99,0,0,0,1,0
29,290248,1,1,0,0,0,2,2,187,0,7,6,2014,7,10,0,1,2,2,US-67,,295,37.99855556,-90.50775,0,58,0,0,1,1,0,1,1,10,0,10,0,0000000,10,3,10,18,10,51,0,0,0,1,0
29,290249,1,1,0,0,0,1,1,165,6821,7,6,2014,7,22,15,1,11,1,I-635,,8,39.18180556,-94.62197222,0,1,0,0,1,1,1,1,2,10,0,10,0,0000000,99,98,99,98,88,88,0,0,0,1,0
29,290251,1,1,0,0,0,1,1,77,7460,3,5,2014,7,22,41,0,16,6,CHASE ST,,12,37.23158889,-93.286825,0,32,0,0,1,1,0,4,2,1,0,1,0,0000000,22,41,22,47,23,10,0,0,0,1,0
29,290252,1,1,0,1,1,1,1,145,3250,19,5,2014,2,7,30,0,6,6,S MAIN ST,,13,36.91453056,-94.25524444,0,8,0,0,1,1,0,1,1,1,0,1,0,0000000,99,98,99,98,88,88,0,0,0,1,0
29,290253,2,2,0,0,0,2,2,189,2575,23,5,2014,6,12,47,0,14,3,SR-109,,103,38.51506389,-90.62539722,0,12,6,0,8,1,0,1,1,1,0,1,0,0000000,12,48,12,53,13,15,0,0,0,1,0
29,290254,3,3,0,0,0,3,3,99,0,9,6,2014,2,17,46,0,3,3,SR-A,,47,38.24502778,-90.47855556,0,12,2,0,1,1,0,1,1,2,10,2,0,0000000,17,56,18,12,18,35,14,0,0,1,1
29,290255,2,2,0,0,0,3,3,101,0,11,6,2014,4,12,0,0,4,3,SR-Y,,75,38.68305556,-93.60777778,0,12,1,0,8,1,0,1,1,10,0,10,0,0000000,99,98,99,98,88,88,0,0,0,1,0
29,290256,2,2,0,0,0,2,2,77,0,12,6,2014,5,8,0,1,2,3,SR-13,,9,37.40888889,-93.34975,0,12,1,0,1,1,0,1,1,10,0,10,0,0000000,8,19,8,42,9,0,0,0,0,1,0
29,290257,2,2,0,0,0,24,24,19,0,12,6,2014,5,14,50,0,4,3,SR-Z,,176,38.99508333,-92.19877778,0,12,2,0,1,1,0,1,1,10,0,10,1,0000000,14,55,15,3,15,40,0,0,0,1,0
29,290258,1,1,0,0,0,2,2,7,0,13,6,2014,6,4,32,0,16,4,CR-355,,48,39.20675,-91.891,0,1,0,0,1,1,0,4,2,1,0,1,0,0000000,4,37,5,10,5,41,0,0,0,1,1
29,290259,2,2,0,0,0,2,2,27,0,13,6,2014,6,16,20,1,1,1,I-70,,134,38.94366667,-91.90316667,0,12,1,0,1,1,0,1,1,1,0,1,0,0000000,16,27,16,49,17,12,0,0,0,1,0
29,290260,1,1,0,0,0,1,1,131,0,13,6,2014,6,22,25,0,4,3,SR-W,,24,38.26366667,-92.68030556,0,34,0,0,1,1,0,4,2,1,0,1,0,0000000,99,99,99,99,99,99,0,0,0,1,1
29,290261,2,2,0,0,0,3,3,71,0,14,6,2014,7,13,0,0,5,3,SR-HH,,14,38.40477778,-90.76922222,0,12,6,0,8,1,0,1,1,1,0,1,0,0000000,12,59,13,13,14,0,0,0,0,1,1
29,290262,1,1,0,0,0,1,1,105,0,14,6,2014,7,18,32,0,6,4,CR-DUNKLIN RD,,32,37.61258333,-92.72138889,0,31,0,0,1,1,0,4,1,1,0,1,0,0000000,18,34,18,47,20,16,0,0,0,1,0
29,290263,1,1,0,0,0,1,1,185,0,10,5,2014,7,10,0,1,2,2,US-54,,118,37.89111111,-93.60919444,0,35,0,0,1,1,0,4,1,1,0,1,0,0000000,99,99,99,99,99,99,0,0,0,1,0
29,290264,1,1,0,0,0,6,6,223,0,15,6,2014,1,4,45,1,2,3,SR-34,,79,37.11505556,-90.68580556,0,5,0,0,1,1,0,1,2,1,0,1,0,0000000,99,98,99,98,88,88,0,0,0,1,0
29,290265,2,2,0,0,0,2,2,107,0,16,6,2014,2,8,15,1,2,3,SR-13,CR-GARRISON RD,66,39.13677778,-93.79108333,0,12,6,0,3,2,0,1,1,1,0,1,0,0000000,8,20,8,26,9,40,0,0,0,1,0
29,290266,1,1,0,0,0,1,1,77,0,17,6,2014,3,14,45,0,4,3,SR-AA,,43,37.2945,-93.18652778,0,24,0,0,1,1,0,4,1,1,0,1,0,0000000,14,58,15,13,16,20,0,0,0,1,0
29,290267,2,2,0,0,0,2,2,95,4120,14,5,2014,4,21,0,1,11,1,I-70,,190,39.04793056,-94.46013056,0,12,6,0,1,1,0,1,3,1,0,1,0,0000000,99,98,99,98,88,88,0,0,0,1,0
29,290268,3,2,1,0,0,2,2,47,5770,21,5,2014,4,9,25,0,16,6,SWIFT ST,E 10TH AVE,18,39.12690556,-94.57752222,0,12,6,0,2,2,0,1,1,1,0,1,0,0000000,99,98,99,98,88,88,14,0,0,1,0
29,290269,1,1,0,0,0,2,2,510,7080,23,5,2014,6,1,38,0,13,6,HALL ST,,69,38.68468333,-90.20604444,0,30,0,0,1,1,0,4,2,1,0,1,0,0000000,1,37,1,53,99,99,0,0,0,2,0
29,290270,1,1,0,0,0,2,2,95,4120,7,5,2014,4,0,44,0,16,6,LYDIA AVE,77TH TERR,9,38.98616667,-94.57131944,0,42,0,0,3,2,0,4,3,1,0,1,0,0000000,0,45,0,50,1,52,0,0,0,1,1
29,290271,1,1,0,0,0,1,1,189,0,9,5,2014,6,22,0,0,6,4,CR-BARON DR,,4,38.75678611,-90.24980556,0,31,0,0,1,1,0,4,3,1,0,1,0,0000000,99,98,99,98,88,88,0,0,0,1,0
29,290272,1,1,0,0,0,1,1,95,4120,10,5,2014,7,15,45,0,13,6,BLUE PKWY,HARDESTY AVE,12,39.03455833,-94.52165833,0,46,0,0,3,2,0,4,1,1,0,1,0,0000000,15,47,15,51,16,11,0,0,0,1,0
29,290273,1,1,0,0,0,1,1,189,2700,22,5,2014,5,3,9,0,13,4,CR-AIRPORT RD,,2,38.7477,-90.30948056,0,21,0,0,1,1,0,4,3,1,0,1,0,0000000,99,98,99,98,88,88,0,0,0,1,0
29,290274,1,1,0,0,0,2,2,95,4120,23,5,2014,6,13,39,0,13,6,BANNISTER RD,,65,38.95309167,-94.52858611,0,33,0,0,1,1,0,3,1,1,0,1,0,0000000,13,41,13,46,14,12,0,0,0,1,1
29,290275,2,2,0,0,0,2,2,145,4100,24,5,2014,7,14,10,1,13,3,SR-43,34TH ST,217,37.05142222,-94.51438611,0,12,6,0,7,1,0,1,1,1,0,1,0,0000000,99,98,99,98,88,88,0,0,0,1,0
29,290276,3,1,2,0,0,1,1,183,5880,1,6,2014,1,18,45,0,16,6,FOREST PINE CT,,1,38.77020278,-90.72155,0,14,0,0,1,1,0,7,1,1,0,1,0,0000000,18,45,18,47,18,55,14,0,0,1,0
29,290277,1,1,0,0,0,1,1,189,0,3,6,2014,3,8,35,1,12,3,SR-21,,24,38.52355,-90.35439444,0,59,0,0,1,1,0,4,1,1,0,1,0,0000000,8,37,8,42,9,7,0,0,0,1,0
29,290278,2,2,0,0,0,2,2,27,0,6,6,2014,6,17,10,0,13,7,I-70 NOR,,43,38.942,-91.87302778,0,12,2,0,1,1,0,1,1,1,0,1,0,0000000,17,20,17,42,18,26,0,0,0,1,0
29,290279,2,1,1,0,0,3,3,95,4120,8,6,2014,1,19,15,0,14,6,JAMES A REED RD,,15,38.98761667,-94.49232778,0,53,0,0,1,1,0,4,1,1,0,1,0,0000000,19,16,19,25,19,43,0,0,0,1,1
29,290280,3,3,0,0,0,6,6,91,0,15,6,2014,1,10,22,0,3,2,US-160,,151,36.68752778,-91.89047222,0,12,1,0,1,1,0,1,1,2,0,2,0,0000000,10,22,10,29,11,9,0,0,0,1,0
29,290281,3,3,0,0,0,3,3,99,335,19,6,2014,5,13,30,1,11,1,I-55,,268,38.43819444,-90.38105556,0,12,1,0,1,1,0,1,1,1,0,1,0,0000000,13,31,14,14,99,99,0,0,0,1,0
29,290282,1,1,0,0,0,1,1,113,0,19,6,2014,5,22,40,0,3,3,SR-79,,204,38.94405556,-90.74655556,0,59,0,0,1,1,0,4,2,2,0,2,0,0000000,22,46,22,53,23,51,0,0,0,1,0
29,290283,2,2,0,0,0,3,3,141,0,20,6,2014,6,14,52,0,6,4,CR-PRAIRIE VALLEY RD,SR-5,0,38.49294444,-92.80827778,0,12,6,0,3,3,0,4,1,1,0,1,0,0000000,14,57,15,17,15,26,0,0,0,1,0
29,290284,1,1,0,0,0,1,1,73,0,21,6,2014,7,0,38,0,4,3,SR-100,,109,38.65547222,-91.48613889,0,42,0,0,1,1,0,4,2,1,0,1,0,0000000,99,98,99,98,88,88,0,0,0,1,0
29,290285,2,2,0,0,0,2,2,186,0,25,6,2014,4,19,0,0,4,3,SR-Y,,40,37.98119444,-90.29208333,0,12,2,0,1,1,0,1,1,1,0,1,0,0000000,99,98,99,98,88,88,0,0,0,1,0
29,290286,2,2,0,0,0,4,4,189,1575,21,6,2014,7,9,17,0,15,4,CR-EATHERTON RD,,19,38.64888889,-90.67360278,0,12,2,0,1,1,0,1,1,1,0,1,0,0000000,99,99,99,99,99,99,0,0,0,1,0
29,290287,2,2,0,0,0,3,3,510,7080,19,6,2014,5,16,20,0,13,3,SR-H,,28,38.73421111,-90.21271389,0,12,1,0,1,1,0,1,1,1,0,1,0,0000000,99,99,99,99,99,99,0,0,0,1,0
29,290288,1,1,0,1,1,1,1,510,7080,20,6,2014,6,20,46,0,16,6,COOK AVE,N SARAH ST,7,38.64983889,-90.23931944,0,9,0,0,2,2,0,1,3,10,0,10,0,0000000,99,98,99,98,88,88,0,0,0,1,0
29,290289,3,3,0,0,0,4,4,215,0,21,6,2014,7,15,9,0,4,3,SR-137,,34,37.45397222,-91.84486111,0,12,1,0,1,1,0,1,1,10,0,10,0,0000000,15,13,15,37,16,36,14,0,0,1,2
29,290290,1,1,0,0,0,1,1,510,7080,22,6,2014,1,0,31,1,11,1,I-70,,11,38.6297,-90.18586111,0,25,0,0,1,1,0,3,3,2,10,2,0,0000000,0,29,0,38,0,56,0,0,0,1,1
29,290291,2,2,0,0,0,5,5,215,0,23,6,2014,2,13,17,0,3,3,SR-17,,531,37.20286111,-91.72127778,0,12,2,0,1,1,0,1,1,1,0,1,0,0000000,13,15,13,43,14,24,0,0,0,2,0
29,290292,2,2,0,0,0,2,2,186,0,24,6,2014,3,17,45,1,2,3,SR-32,,58,37.84873611,-90.27991389,0,12,6,0,8,1,0,1,1,1,0,1,0,0000000,99,98,99,98,88,88,0,0,0,1,0
29,290293,1,1,0,0,0,1,1,177,0,25,6,2014,4,22,10,0,4,3,SR-C,,134,39.36155556,-94.06311111,0,7,0,0,1,1,0,1,2,10,0,10,0,0000000,22,31,22,57,23,57,0,0,0,1,1
29,290294,1,1,0,0,0,1,1,77,0,26,6,2014,5,10,30,0,14,3,SR-M,,21,37.13938889,-93.39491667,0,53,0,0,1,1,0,4,1,10,0,10,0,0000000,10,33,10,43,11,18,0,0,0,1,0
29,290295,2,2,0,0,0,2,2,173,0,26,6,2014,5,15,20,1,2,2,US-61,,38,39.63426944,-91.41539722,0,12,6,0,1,1,0,1,1,1,0,1,0,0000000,15,21,15,33,16,10,0,0,0,1,0
29,290296,2,2,0,0,0,3,3,161,0,26,6,2014,5,16,14,0,3,3,SR-68,,29,38.01747222,-91.62666667,0,12,6,0,8,1,0,4,1,1,0,1,0,0000000,16,14,16,17,16,51,0,0,0,1,0
29,290297,1,1,0,0,0,1,1,165,0,27,6,2014,6,1,20,1,11,1,I-435,,151,39.25613889,-94.75544444,0,35,0,0,1,1,0,3,2,10,0,10,0,0000000,99,98,99,98,88,88,0,0,0,1,1
29,290298,1,1,0,0,0,1,1,47,0,27,6,2014,6,18,50,1,11,1,I-35,,189,39.33738889,-94.38852778,0,1,0,0,1,1,0,4,1,1,0,1,0,0000000,99,98,99,98,88,88,0,0,0,1,1
29,290299,2,2,0,0,0,2,2,99,0,20,6,2014,6,21,10,0,4,3,SR-H,,62,38.13758333,-90.64697222,0,12,9,0,1,1,0,1,2,10,0,10,0,0000000,21,14,21,32,22,16,0,0,0,1,1
29,290300,1,1,0,0,0,7,7,215,0,28,6,2014,7,2,30,0,5,3,SR-AF,SR-N,66,37.54044444,-91.95188889,0,5,0,0,3,3,0,1,2,10,0,10,0,0000000,99,98,99,98,88,88,0,0,0,1,0
29,290301,3,3,0,0,0,6,6,139,0,28,6,2014,7,14,50,1,1,1,I-70,,33,38.90011111,-91.58133333,0,12,1,0,1,1,0,1,1,2,10,2,0,0000000,15,2,15,43,16,35,0,0,0,1,0
29,290302,1,1,0,0,0,3,3,59,7910,29,6,2014,1,1,22,0,6,6,S MILL ST,,0,37.83566667,-93.16422222,0,42,0,0,1,1,0,4,3,2,0,2,0,0000000,1,28,2,3,3,21,0,0,0,2,1
29,290303,1,1,0,0,0,1,1,145,0,1,7,2014,3,4,40,1,2,2,US-60,,92,36.83777778,-94.45825,0,35,0,0,1,1,0,4,2,1,0,1,0,0000000,99,98,99,98,88,88,0,0,0,1,0
29,290304,1,1,0,0,0,1,1,145,0,1,7,2014,3,4,0,0,6,4,CR-JAGUAR RD,,6,37.04572222,-94.42419444,0,38,0,0,1,1,0,4,2,10,0,10,0,0000000,99,98,99,98,88,88,0,0,0,1,1
29,290305,3,3,0,0,0,4,4,165,0,2,7,2014,4,14,33,1,1,1,I-29,,76,39.38,-94.78455556,0,12,2,0,1,1,0,1,1,10,0,10,0,0000000,14,33,14,44,99,99,14,20,0,2,0
29,290306,2,2,0,0,0,3,3,195,0,30,6,2014,2,9,32,0,3,3,SR-240,EASTWOOD ST,172,39.12947222,-93.15161111,0,12,2,0,2,2,0,1,1,1,0,1,0,0000000,9,45,9,49,10,24,0,0,0,1,0
29,290307,1,1,0,0,0,1,1,83,0,2,7,2014,4,4,20,0,6,4,CR-NE 730,,8,38.46211111,-93.67563889,0,1,0,0,1,1,0,4,2,1,0,1,0,0000000,4,32,5,6,6,8,0,0,0,1,0
29,290308,1,1,0,0,0,1,1,87,0,2,7,2014,4,19,5,1,1,1,I-29,,76,40.18841667,-95.35180556,0,59,0,0,1,1,0,4,1,1,0,1,0,0000000,99,98,99,98,88,88,0,0,0,1,0
29,290309,1,1,0,0,0,1,1,131,0,3,7,2014,5,8,0,0,4,3,SR-U,,37,38.03544444,-92.41338889,0,38,0,0,1,1,0,4,1,1,0,1,0,0000000,8,19,8,33,9,23,0,0,0,1,0
29,290310,2,2,0,0,0,3,3,13,0,3,7,2014,5,22,5,0,4,3,SR-A,,3,38.06922222,-94.614,0,12,2,0,1,1,0,1,2,1,0,1,0,0000000,22,11,22,24,23,53,0,0,0,1,1
29,290311,1,1,0,0,0,1,1,49,6340,3,7,2014,5,22,30,0,4,3,SR-Y,,125,39.57588889,-94.45683333,0,1,0,0,1,1,0,4,2,1,0,1,0,0000000,99,98,99,98,88,88,0,0,0,1,1
29,290312,1,1,0,1,1,2,2,183,8280,4,7,2014,6,21,55,0,13,6,WENTZVILLE PKWY,,23,38.82408333,-90.85502778,0,8,0,0,1,1,0,1,2,5,10,5,0,0000000,21,55,22,5,22,47,0,0,0,1,0
29,290313,1,1,0,0,0,6,6,15,0,5,7,2014,7,14,15,0,6,4,CR-SE 1301,,9,38.29163889,-93.51972222,0,42,0,0,1,1,0,4,1,1,0,1,0,0000000,15,24,15,28,16,26,0,0,0,2,0
29,290314,1,1,0,0,0,3,3,71,0,6,7,2014,1,18,28,1,13,3,SR-47,,98,38.42286111,-90.98963889,0,53,0,0,1,1,0,4,1,1,0,1,0,0000000,18,28,18,31,18,58,0,0,0,1,0
29,290315,2,2,0,0,0,3,3,99,0,8,7,2014,3,22,35,1,13,3,SR-21,,8,38.46072222,-90.42933333,0,12,2,0,1,1,0,1,2,1,0,1,0,0000000,22,36,22,42,99,99,0,0,0,1,1
29,290316,1,1,0,1,1,3,3,95,4120,30,5,2014,6,1,29,0,16,6,42ND ST,,0,39.05128611,-94.589975,0,8,0,0,1,1,0,1,3,10,0,10,0,0000000,1,32,1,37,1,46,0,0,0,1,1
29,290317,2,2,0,0,0,4,4,169,7105,9,7,2014,4,2,5,1,11,1,I-44,,174,37.82558333,-92.11219444,0,12,6,0,1,1,0,1,2,1,0,1,0,0000000,2,18,2,28,2,54,0,0,0,1,1
29,290318,2,2,0,0,0,2,2,71,0,9,7,2014,4,15,38,0,3,3,SR-100,,163,38.58530556,-91.115,0,12,2,0,1,1,0,1,1,10,0,10,0,0000000,15,47,16,6,16,49,0,0,0,1,0
29,290319,1,1,0,0,0,1,1,69,0,9,7,2014,4,17,25,0,4,3,SR-WW,,19,36.54369444,-90.04786111,0,53,0,0,1,1,0,4,1,1,0,1,0,0000000,17,29,17,47,18,42,0,0,0,1,0
29,290320,1,1,0,1,1,2,2,127,3470,9,7,2014,4,21,21,1,11,1,I-72,,5,39.71466667,-91.38530556,0,8,0,0,1,1,0,1,2,1,0,1,0,0000000,99,98,99,98,88,88,0,0,0,1,0
29,290321,2,2,0,0,0,2,2,149,0,10,7,2014,5,7,0,0,6,4,CR-405,,33,36.74722222,-91.40591667,0,12,2,0,1,1,0,1,1,1,0,1,0,0000000,7,8,7,24,8,12,0,0,0,1,0
29,290322,2,2,0,1,1,2,2,15,0,11,7,2014,6,23,53,1,2,2,US-65,,357,38.06763889,-93.28458333,0,8,0,0,1,1,0,1,2,1,0,1,0,0000000,0,1,0,17,99,99,0,0,0,1,0
29,290323,2,2,0,0,0,2,2,55,0,11,7,2014,6,15,28,1,2,3,SR-8,,274,37.91752778,-91.10147222,0,12,11,0,1,1,0,1,1,1,0,1,0,0000000,14,42,16,9,16,44,0,0,0,1,1
29,290324,2,2,0,0,0,2,2,97,4100,8,7,2014,3,6,43,1,13,7,I-49 LP RANGELINE RD,E 12TH ST,131,37.0781,-94.47751111,0,33,0,0,1,1,0,4,1,10,0,10,0,0000000,99,99,99,99,99,99,0,0,0,1,0
29,290325,1,1,0,0,0,1,1,145,4100,18,6,2014,4,0,25,1,11,1,I-44,,38,37.01168611,-94.54405833,0,59,0,0,1,1,0,8,2,1,0,1,0,0000000,0,29,0,33,88,88,0,0,0,1,1
29,290326,2,2,0,0,0,2,2,97,4100,19,6,2014,5,18,56,1,13,3,SR-FF,,16,37.05482778,-94.48549167,0,12,2,0,1,1,0,1,1,1,0,1,0,0000000,99,99,99,99,99,99,0,0,0,1,0
29,290327,1,1,0,0,0,1,1,510,7080,21,6,2014,7,3,30,0,13,6,S BROADWAY,UTAH ST,5,38.59305,-90.21243056,0,1,0,0,2,2,0,1,3,1,0,1,0,0000000,3,33,3,39,3,52,0,0,0,1,1