STATE,ST_CASE,VE_TOTAL,VE_FORMS,PVH_INVL,PEDS,PERNOTMVIT,PERMVIT,PERSONS,COUNTY,CITY,DAY,MONTH,YEAR,DAY_WEEK,HOUR,MINUTE,NHS,ROAD_FNC,ROUTE,TWAY_ID,TWAY_ID2,MILEPT,LATITUDE,LONGITUD,SP_JUR,HARM_EV,MAN_COLL,RELJCT1,RELJCT2,TYP_INT,WRK_ZONE,REL_ROAD,LGT_COND,WEATHER1,WEATHER2,WEATHER,SCH_BUS,RAIL,NOT_HOUR,NOT_MIN,ARR_HOUR,ARR_MIN,HOSP_HR,HOSP_MN,CF1,CF2,CF3,FATALS,DRUNK_DR
29,290569,1,1,0,2,2,1,1,19,1800,13,10,2014,2,18,25,1,13,3,SR-763,,37,38.97436389,-92.3265,0,8,0,0,1,1,0,2,1,10,0,10,0,0000000,18,26,18,30,18,45,0,0,0,1,0
29,290570,1,1,0,1,1,4,4,91,8330,20,10,2014,2,18,31,0,14,6,BROADWAY,HALSTEAD ST,12,36.73140556,-91.86638889,0,8,0,0,2,2,0,1,1,1,0,1,0,0000000,18,32,18,36,18,46,0,0,0,1,0
29,290571,1,1,0,0,0,2,2,123,2890,8,11,2014,7,15,16,1,2,2,US-67,,56,37.56841667,-90.32147222,0,59,0,0,1,1,0,4,1,1,0,1,0,0000000,99,99,99,99,99,99,0,0,0,1,0
29,290572,1,1,0,0,0,1,1,7,0,9,11,2014,1,1,40,0,3,3,SR-22,,47,39.24483333,-92.22652778,0,59,0,0,1,1,0,4,2,1,0,1,0,0000000,99,98,99,98,88,88,0,0,0,1,1
29,290573,1,1,0,0,0,1,1,221,0,10,11,2014,2,14,20,0,4,3,SR-AA,,93,37.9585,-90.84622222,0,42,0,0,1,1,0,4,1,1,0,1,0,0000000,99,98,99,98,88,88,0,0,0,1,0
29,290574,1,1,0,0,0,1,1,27,0,11,11,2014,3,12,19,0,4,3,SR-O,,55,38.79347222,-91.88233333,0,59,0,0,1,1,0,4,1,10,0,10,0,0000000,12,19,12,37,99,99,0,0,0,1,0
29,290575,2,2,0,0,0,2,2,189,7665,11,10,2014,7,2,10,1,11,1,I-44,,193,38.55936667,-90.40614722,0,12,2,0,1,1,0,1,2,10,0,10,0,0000000,99,99,99,99,99,99,0,0,0,1,2
29,290576,2,2,0,0,0,3,3,49,0,27,10,2014,2,11,55,0,4,2,US-69,SR-116,135,39.55291667,-94.23572222,0,12,6,0,2,2,0,1,1,10,0,10,0,0000000,11,57,12,13,12,41,0,0,0,1,0
29,290577,1,1,0,0,0,1,1,189,1970,1,11,2014,7,11,16,1,11,1,I-64 RP,,6,38.63969444,-90.44816667,0,59,0,1,5,1,0,4,1,1,0,1,0,0000000,11,14,11,24,11,38,0,0,0,1,0
29,290578,3,3,0,0,0,3,3,81,0,12,11,2014,4,17,25,0,4,3,SR-B,,43,40.37172222,-93.79272222,0,12,8,0,1,1,0,1,1,1,0,1,0,0000000,17,35,17,53,99,99,0,0,0,1,0
29,290579,1,1,0,0,0,1,1,87,0,14,11,2014,6,15,36,0,6,4,CR-MEMPHIS RD,,56,40.15625,-95.20125,0,7,0,0,1,1,0,1,1,8,10,8,0,0000000,15,45,16,3,17,35,6,0,0,1,0
29,290580,1,1,0,0,0,1,1,55,0,16,11,2014,1,0,20,0,3,3,SR-19,,13,38.19369444,-91.44277778,0,24,0,0,1,1,0,4,2,10,0,10,0,0000000,0,25,0,35,1,52,0,0,0,1,0
29,290581,1,1,0,0,0,1,1,161,0,16,11,2014,1,5,45,0,6,4,CR-8010 N,,8,37.99952778,-91.77497222,0,42,0,0,1,1,0,4,2,10,0,10,0,0000000,99,98,99,98,88,88,0,0,0,1,0
29,290582,2,2,0,0,0,2,2,29,0,16,11,2014,1,11,40,1,2,2,US-54,,159,37.99138889,-92.81236111,0,12,6,0,1,1,0,1,1,4,0,4,0,0000000,11,43,11,53,12,26,0,0,0,1,0
29,290583,2,2,0,0,0,5,5,99,0,16,11,2014,1,15,25,1,2,3,SR-W,,32,38.44372222,-90.61363889,0,12,1,0,1,1,0,1,1,4,10,4,0,0000000,15,29,15,41,16,8,0,0,0,1,0
29,290584,1,1,0,0,0,1,1,143,0,16,11,2014,1,19,42,0,6,4,CR-425,,19,36.44152778,-89.627,0,34,0,0,1,1,0,4,2,4,0,4,0,0000000,19,59,20,18,88,88,0,0,0,1,1
29,290585,1,1,0,1,1,3,3,1,4230,18,10,2014,7,20,29,0,14,6,JEFFERSON ST,,6,40.19305,-92.57623056,0,8,0,0,1,1,0,1,2,1,0,1,0,0000000,99,99,99,99,99,99,0,0,0,1,0
29,290586,2,2,0,0,0,2,2,95,4490,7,11,2014,6,8,56,0,14,6,SW WARD RD,SW 3RD ST,7,38.91119167,-94.39593333,0,46,0,0,3,2,0,3,1,1,0,1,1,0000000,99,99,99,99,99,99,14,0,0,1,0
29,290587,2,2,0,0,0,2,2,169,8190,7,11,2014,6,17,15,0,14,3,SR-17,,217,37.78605278,-92.25878889,0,1,0,0,1,1,0,1,7,1,0,1,0,0000000,17,19,17,36,99,99,0,0,0,1,0
29,290588,1,1,0,0,0,2,2,131,0,16,11,2014,1,0,5,0,4,3,SR-Y,,41,38.33230556,-92.65980556,0,1,0,0,1,1,0,1,2,10,0,10,0,0000000,0,11,0,22,0,52,0,0,0,1,1
29,290589,1,1,0,0,0,1,1,223,0,18,11,2014,3,13,5,0,4,3,SR-C,,23,37.18163889,-90.33336111,0,35,0,0,1,1,0,4,1,1,0,1,0,0000000,99,98,99,98,88,88,0,0,0,1,0
29,290590,2,2,0,0,0,2,2,63,1350,9,10,2014,5,21,34,1,2,2,US-36,,206,39.75366667,-94.22127778,0,12,6,0,7,1,0,1,3,2,0,2,0,0000000,99,99,99,99,99,99,0,0,0,1,0
29,290591,2,2,0,0,0,4,4,215,0,16,11,2014,1,19,0,1,2,2,US-63,,315,37.19427778,-92.03858333,0,12,2,0,1,1,0,1,2,10,8,8,0,0000000,7,12,7,17,7,45,0,0,0,2,0
29,290592,2,2,0,0,0,2,2,77,7460,14,10,2014,3,11,21,1,13,6,GLENSTONE AVE,INDEPENDENCE ST,72,37.14345556,-93.25441944,0,12,6,0,2,2,4,1,1,10,0,10,0,0000000,11,22,11,32,11,47,0,0,0,1,0
29,290593,1,1,0,0,0,2,2,227,0,17,11,2014,2,11,25,0,4,3,SR-W,,36,40.42347222,-94.54588889,0,35,0,0,1,1,0,4,1,8,1,8,0,0000000,11,29,11,52,12,49,0,0,0,1,0
29,290594,2,2,0,0,0,2,2,95,4120,21,9,2014,1,21,1,0,14,6,GREGORY BLVD,MANCHESTER AVE,14,38.99445556,-94.49660833,0,12,6,0,2,2,0,1,3,1,0,1,0,0000000,21,4,21,26,22,15,0,0,0,1,1
29,290595,2,2,0,0,0,3,3,95,4120,26,10,2014,1,3,14,1,13,3,SR-9,,3,39.11230556,-94.57785278,0,12,2,0,1,1,0,1,3,1,0,1,0,0000000,3,17,3,27,4,24,0,0,0,1,2
29,290596,2,2,0,0,0,2,2,97,0,18,11,2014,3,10,45,0,6,4,CR-CENTRAL CITY,CR-JUNGE BLVD,17,37.07812778,-94.58363333,0,12,6,0,2,2,0,1,1,1,0,1,0,0000000,10,45,10,52,11,14,0,0,0,1,0
29,290597,1,1,0,0,0,1,1,79,0,19,11,2014,4,12,1,0,4,3,SR-128,,3,40.09366667,-93.66369444,0,1,0,0,1,1,0,4,1,8,1,8,0,0000000,99,98,99,98,88,88,0,0,0,1,0
29,290598,2,2,0,0,0,3,3,127,0,20,11,2014,5,11,50,1,2,2,US-61,SR-F,187,39.74588889,-91.51529167,0,12,6,0,2,2,0,1,1,1,0,1,0,0000000,11,59,12,8,12,49,0,0,0,2,0
29,290599,1,1,0,0,0,1,1,31,0,21,11,2014,6,6,30,0,14,3,SR-177,,191,37.34119444,-89.49844444,0,1,0,0,1,1,0,4,1,1,0,1,0,0000000,6,31,6,45,7,9,0,0,0,1,1
29,290600,1,1,0,0,0,5,5,93,0,21,11,2014,6,20,25,0,3,3,SR-JJ,,11,37.56922222,-90.60019444,0,42,0,0,1,1,0,4,2,2,10,2,0,0000000,20,32,20,39,21,4,0,0,0,1,0
29,290601,1,1,0,0,0,1,1,101,0,22,11,2014,7,18,20,0,6,4,CR-NW 1050,,24,38.91319444,-93.74419444,0,53,0,0,1,1,0,4,2,1,0,1,0,0000000,99,98,99,98,88,88,0,0,0,1,1
29,290602,1,1,0,0,0,1,1,173,0,17,11,2014,2,17,20,1,2,2,US-61,,111,39.53813889,-91.36519444,0,1,0,0,1,1,0,4,2,10,0,10,0,0000000,99,98,99,98,88,88,0,0,0,1,1
29,290603,1,1,0,0,0,1,1,65,0,24,11,2014,2,12,55,0,4,3,SR-B,,115,37.57341667,-91.33238889,0,34,0,0,1,1,0,4,1,1,0,1,0,0000000,12,57,13,26,14,10,0,0,0,1,0
29,290604,1,1,0,0,0,1,1,125,0,24,11,2014,2,22,55,0,4,3,SR-42,,299,38.26355556,-91.73255556,0,34,0,0,1,1,0,4,2,1,0,1,0,0000000,23,1,23,6,88,88,0,0,0,1,1
29,290605,2,2,0,0,0,4,4,119,0,22,11,2014,7,13,15,0,4,3,SR-O,BLECHA RD,0,36.59800556,-94.61786111,0,12,6,0,2,2,0,1,1,10,0,10,0,0000000,99,99,99,99,99,99,0,0,0,1,0
29,290606,1,1,0,0,0,1,1,17,0,25,11,2014,3,19,30,0,4,3,SR-DD,,13,37.35877778,-90.12502778,0,35,0,0,1,1,0,4,3,8,0,8,0,0000000,99,98,99,98,88,88,0,0,0,1,1
29,290607,1,1,0,0,0,3,3,145,0,26,11,2014,4,8,20,0,4,3,SR-86,,87,36.91977778,-94.5345,0,1,0,0,1,1,0,1,1,10,0,10,0,0000000,8,27,8,36,9,0,0,0,0,1,1
29,290608,2,2,0,0,0,3,3,105,0,26,11,2014,4,8,55,0,3,3,SR-32,,257,37.63588889,-92.46297222,0,12,6,0,1,1,0,1,1,2,4,4,0,0000000,9,2,9,21,99,99,0,0,0,1,0
29,290609,1,1,0,0,0,1,1,47,0,26,11,2014,4,14,35,0,4,2,US-69,,41,39.39675,-94.22983333,0,11,0,0,1,1,0,1,1,5,0,5,0,0000000,14,35,14,39,15,2,0,0,0,1,0
29,290610,1,1,0,0,0,1,1,17,0,26,11,2014,4,17,10,1,2,3,SR-34,,36,37.25322222,-90.16027778,0,42,0,0,1,1,0,4,2,5,0,5,0,0000000,99,98,99,98,88,88,0,0,0,1,0
29,290611,1,1,0,0,0,3,3,133,0,26,11,2014,4,20,45,0,4,3,SR-B,,61,36.81908333,-89.45377778,0,34,0,0,1,1,0,4,2,10,0,10,0,0000000,99,99,99,99,99,99,0,0,0,1,0
29,290612,1,1,0,0,0,8,8,209,0,26,11,2014,4,22,40,0,4,4,CR-PLEASANT VIEW RD,,7,36.92058333,-93.35972222,0,1,0,0,1,1,0,4,2,10,0,10,0,0000000,22,43,23,17,23,59,0,0,0,4,0
29,290613,1,1,0,0,0,1,1,183,0,27,11,2014,5,8,15,0,3,3,SR-94,,21,38.58338889,-90.92861111,0,1,0,0,1,1,0,4,2,2,10,2,0,0000000,99,98,99,98,88,88,0,0,0,1,1
29,290614,1,1,0,0,0,1,1,47,4120,27,11,2014,5,13,18,1,11,1,I-35,,52,39.18022222,-94.52663889,0,52,0,0,1,1,0,3,1,1,0,1,0,0000000,99,98,99,98,88,88,0,0,0,1,0
29,290615,1,1,0,0,0,1,1,217,0,28,11,2014,6,13,15,1,2,2,US-54,,76,37.84008333,-94.47819444,0,35,0,0,1,1,0,4,1,10,0,10,0,0000000,99,98,99,98,88,88,0,0,0,1,0
29,290616,1,1,0,0,0,1,1,161,0,28,11,2014,6,17,10,0,5,3,SR-FF,,14,37.70444444,-91.84355556,0,53,0,0,1,1,0,4,1,1,0,1,0,0000000,99,98,99,98,88,88,0,0,0,1,0
29,290617,1,1,0,0,0,1,1,167,0,29,11,2014,7,5,35,0,4,3,SR-215,,109,37.48294444,-93.47561111,0,35,0,0,1,1,0,4,2,1,0,1,0,0000000,99,98,99,98,88,88,0,0,0,1,0
29,290618,1,1,0,0,0,2,2,109,0,29,11,2014,7,18,10,0,6,4,CR-2230,CR-1120,40,36.94188889,-93.84555556,0,42,0,0,3,3,0,4,2,1,0,1,0,0000000,99,98,99,98,88,88,0,0,0,1,1
29,290619,1,1,0,0,0,1,1,77,6710,29,11,2014,7,22,11,0,3,3,SR-MM,,27,37.16341667,-93.42419444,0,59,0,0,1,1,0,4,3,1,0,1,0,0000000,99,98,99,98,88,88,0,0,0,1,0
29,290620,1,1,0,0,0,1,1,9,0,23,11,2014,1,1,35,1,2,3,SR-37,,238,36.61416667,-93.93472222,0,32,0,0,1,1,0,4,2,10,0,10,0,0000000,99,99,99,99,99,99,0,0,0,1,0
29,290621,2,2,0,0,0,2,2,95,0,1,12,2014,2,11,15,0,4,3,SR-FF,SR-H,48,39.06327778,-94.13588889,0,12,6,0,2,2,0,1,1,8,1,8,0,0000000,99,98,99,98,88,88,0,0,0,1,0
29,290622,1,1,0,0,0,1,1,141,0,1,12,2014,2,11,22,0,4,3,SR-135,,205,38.45669444,-93.02180556,0,42,0,0,1,1,0,4,1,10,0,10,0,0000000,11,28,11,41,88,88,0,0,0,1,0
29,290623,2,2,0,0,0,3,3,43,6020,13,11,2014,5,19,54,1,12,2,US-65,,66,36.99697222,-93.23033333,0,12,1,0,1,1,0,1,2,1,0,1,0,0000000,99,98,99,98,88,88,0,0,0,1,1
29,290624,3,1,2,0,0,3,3,47,5770,5,11,2014,4,6,52,1,13,6,BURLINGTON ST,,9,39.1313,-94.58046944,0,14,0,0,1,1,0,4,1,1,0,1,0,0000000,6,52,6,57,7,17,14,0,0,1,0
29,290625,1,1,0,1,1,1,1,189,0,17,10,2014,6,21,25,1,13,3,SR-21,,1,38.54900278,-90.33279722,0,8,0,0,1,1,0,1,9,10,0,10,0,0000000,21,30,21,34,21,43,0,0,0,1,0
29,290626,2,2,0,0,0,2,2,157,6210,11,11,2014,3,14,40,1,13,3,SR-51,I-55,147,37.71039167,-89.89148056,0,12,2,1,2,2,0,1,1,1,0,1,0,0000000,14,43,14,47,15,15,0,0,0,1,0
29,290627,2,2,0,0,0,2,2,7,0,13,11,2014,5,7,59,1,13,6,CLARK,,193,39.139125,-91.89227778,0,12,1,0,1,1,0,1,1,10,0,10,0,0000000,99,98,99,98,88,88,0,0,0,1,0
29,290628,1,1,0,0,0,1,1,183,0,28,11,2014,6,15,30,0,16,4,CR-MCHUGH,,15,38.86344444,-90.88163889,0,1,0,0,1,1,0,1,1,1,0,1,0,0000000,15,40,16,0,16,23,0,0,0,1,1
29,290629,1,1,0,1,1,2,2,101,8110,22,11,2014,7,18,43,0,15,6,BROAD ST,DIVISION RD,11,38.75961944,-93.72113611,0,8,0,0,2,7,0,1,1,10,0,10,0,0000000,18,53,18,57,19,16,0,0,0,1,0
29,290630,2,2,0,0,0,4,4,510,7080,16,11,2014,1,0,29,0,14,6,GOODFELLOW BLVD,STRATFORD AVE,23,38.69746389,-90.26610556,0,12,6,0,2,2,0,1,3,1,0,1,0,0000000,0,32,0,39,0,57,0,0,0,2,0
29,290631,3,3,0,0,0,8,8,145,0,5,12,2014,6,17,55,1,2,5,GATEWAY DR,,67,36.97011111,-94.44627778,0,12,2,0,1,1,0,1,2,2,0,2,0,0000000,18,11,18,20,18,55,0,0,0,1,1
29,290632,2,2,0,0,0,8,8,159,0,6,12,2014,7,20,1,0,4,3,SR-HH,,34,38.75875,-93.17825,0,12,2,0,1,1,0,1,2,10,0,10,0,0000000,20,5,20,14,21,37,0,0,0,1,0
29,290633,2,2,0,0,0,2,2,145,0,7,12,2014,1,10,45,0,3,3,SR-59,,233,36.76083333,-94.41586111,0,12,1,0,1,1,0,1,1,10,0,10,0,0000000,99,98,99,98,88,88,0,0,0,1,1
29,290634,3,3,0,0,0,2,2,71,0,28,11,2014,6,18,0,1,11,1,I-44,,11,38.21472222,-91.16861111,0,12,1,0,1,1,0,1,2,1,0,1,0,0000000,99,98,99,98,88,88,0,0,0,1,0
29,290635,2,2,0,0,0,2,2,109,0,29,11,2014,7,10,15,1,3,3,SR-37,CR-2210,14,36.97494444,-94.03825,0,12,6,0,2,2,0,1,1,1,0,1,0,0000000,99,99,99,99,99,99,0,0,0,1,0
29,290636,2,2,0,0,0,5,5,213,0,29,11,2014,7,14,29,1,2,2,US-65,,192,36.75488889,-93.22263889,0,1,0,0,1,1,0,4,1,1,0,1,0,0000000,14,29,14,34,15,18,14,0,0,1,0
29,290637,1,1,0,0,0,1,1,113,0,2,12,2014,3,20,59,0,6,4,CR-KAMP RD,,6,38.96158333,-90.84697222,0,42,0,0,1,1,0,4,2,1,0,1,0,0000000,99,98,99,98,88,88,0,0,0,1,1
29,290638,1,1,0,0,0,3,3,195,0,7,12,2014,1,15,30,0,6,4,CR-MOUNT OLIVE RD,,29,39.05641667,-93.21183333,0,35,0,0,1,1,0,4,1,10,0,10,0,0000000,99,99,99,99,99,99,0,0,0,1,0
29,290639,1,1,0,0,0,1,1,169,0,9,12,2014,3,18,20,0,3,3,SR-17,,134,37.85113889,-92.22833333,0,59,0,0,1,1,0,4,2,1,0,1,0,0000000,18,28,18,34,18,55,0,0,0,1,1
29,290641,2,2,0,0,0,3,3,59,0,10,12,2014,4,11,18,0,3,3,SR-32,,123,37.62727778,-92.96825,0,12,6,0,1,1,0,1,1,10,0,10,0,0000000,11,24,11,38,99,99,0,0,0,1,0
29,290642,1,1,0,0,0,1,1,99,0,13,12,2014,7,19,38,0,14,4,CR-OLD MO 21,,53,38.39966667,-90.49444444,0,42,0,0,1,1,0,4,2,1,0,1,0,0000000,19,39,19,44,88,88,0,0,0,1,1
29,290643,2,2,0,0,0,2,2,95,4120,6,10,2014,2,6,42,1,11,1,I-435,,98,39.02154722,-94.50124722,0,12,6,0,1,1,0,1,2,10,0,10,0,0000000,6,57,7,4,7,18,19,0,0,1,1
29,290644,1,1,0,0,0,1,1,95,4120,23,10,2014,5,6,54,1,11,1,I-70 RP,,1,39.05988056,-94.48908611,0,24,0,1,5,1,0,4,3,2,0,2,0,0000000,99,98,99,98,88,88,0,0,0,1,0
29,290645,3,2,1,0,0,2,2,95,4120,24,10,2014,6,20,32,0,14,6,PROSPECT AVE,41ST ST,38,39.05182778,-94.55373333,0,12,2,0,2,2,0,1,3,1,0,1,0,0000000,20,35,20,40,21,15,0,0,0,1,2
29,290646,1,1,0,0,0,1,1,189,5035,1,11,2014,7,22,32,1,2,3,SR-364 PAGE AVE,,12,38.7164,-90.50883889,0,52,0,0,1,1,0,4,2,1,0,1,0,0000000,99,99,99,99,99,99,0,0,0,1,1
29,290647,1,1,0,0,0,1,1,95,4120,9,11,2014,1,0,30,0,16,6,S 114TH TERR,,3,38.91537222,-94.49453889,0,42,0,0,1,1,0,4,3,1,0,1,0,0000000,0,30,0,36,0,51,0,0,0,1,1
29,290648,1,1,0,0,0,1,1,95,4120,9,11,2014,1,17,36,0,16,6,GARDNER AVE,,15,39.12678333,-94.51932778,0,43,0,0,1,1,0,4,3,1,0,1,0,0000000,99,98,99,98,88,88,0,0,0,1,1
29,290649,1,1,0,0,0,1,1,77,7460,30,11,2014,1,21,36,0,14,3,SR-D SUNSHINE,BLACKMAN RD,25,37.18004722,-93.21670278,0,33,0,0,3,2,0,10,3,1,0,1,0,0000000,21,37,21,43,22,5,0,0,0,1,0
29,290650,2,2,0,0,0,6,6,23,0,10,11,2014,2,8,50,0,4,3,SR-B,,17,36.76547222,-90.34216667,0,12,6,0,8,1,0,1,1,1,0,1,0,0000000,9,11,9,20,10,5,0,0,0,1,0
29,290651,3,3,0,0,0,5,5,213,0,16,12,2014,3,17,17,0,14,3,SR-F,,22,36.71486111,-93.19186111,0,12,8,0,1,1,0,1,1,1,0,1,0,0000000,17,20,17,23,99,99,0,0,0,2,0
29,290652,2,2,0,0,0,2,2,19,1800,26,11,2014,4,8,29,0,14,3,SR-B,,91,38.99963333,-92.27892778,0,12,6,0,1,1,0,1,1,4,0,4,0,0000000,8,31,8,38,9,15,0,0,0,1,0
29,290653,1,1,0,0,0,5,5,189,553,8,12,2014,2,22,30,1,11,1,I-270,,339,38.76719444,-90.20502778,0,1,0,0,1,1,0,4,3,10,0,10,0,0000000,22,40,22,50,23,0,0,0,0,1,0
29,290654,2,1,1,1,2,1,2,119,6300,12,12,2014,6,14,46,1,12,2,US-71,,87,36.5675,-94.38280556,0,14,0,0,1,1,0,4,1,10,0,10,0,0000000,14,51,15,0,16,1,15,23,0,1,0
29,290655,2,2,0,0,0,3,3,71,0,13,12,2014,7,18,45,0,3,3,SR-100,,87,38.59830556,-91.24766667,0,12,2,0,1,1,0,1,2,1,0,1,0,0000000,18,53,19,8,19,19,0,0,0,1,1
29,290656,2,2,0,0,0,2,2,189,3580,19,12,2014,6,1,45,1,11,1,I-270,,97,38.77805556,-90.35972222,0,12,6,0,1,1,0,1,3,1,0,1,0,0000000,99,99,99,99,99,99,0,0,0,1,1
29,290657,1,1,0,0,0,1,1,139,0,20,12,2014,7,20,35,0,3,3,SR-161,,56,39.09980556,-91.43080556,0,1,0,0,1,1,0,4,2,10,0,10,0,0000000,99,98,99,98,88,88,0,0,0,1,0
29,290658,2,2,0,0,0,2,2,17,0,22,12,2014,2,15,49,1,2,3,SR-34,,25,37.24786111,-90.17469444,0,12,6,0,1,1,0,1,1,2,10,2,0,0000000,99,99,99,99,99,99,0,0,0,1,0
29,290659,2,2,0,0,0,3,3,77,7460,26,11,2014,4,10,49,1,12,2,US-65 RP,,2,37.20908333,-93.22543056,0,12,1,1,20,1,0,1,1,10,0,10,0,0000000,99,98,99,98,88,88,0,0,0,1,0
29,290660,1,1,0,0,0,1,1,91,0,19,12,2014,6,21,55,0,4,3,SR-17,,408,36.61169444,-91.85719444,0,42,0,0,1,1,0,4,2,5,0,5,0,0000000,21,48,22,1,22,47,0,0,0,1,0
29,290661,1,1,0,0,0,1,1,25,0,23,12,2014,3,11,5,0,3,3,SR-116,,9,39.55555556,-94.18869444,0,24,0,0,1,1,0,4,1,10,0,10,0,0000000,11,14,11,29,88,88,0,0,0,1,0
29,290662,1,1,0,0,0,1,1,69,0,25,12,2014,5,17,50,0,6,4,CR-222,,35,36.51294444,-89.97636111,0,30,0,0,1,1,0,4,2,10,0,10,0,0000000,99,98,99,98,88,88,0,0,0,1,1
29,290663,1,1,0,0,0,1,1,51,0,26,12,2014,6,0,15,1,12,2,US-54,,143,38.51775,-92.23483333,0,52,0,0,1,1,0,4,2,1,0,1,0,0000000,99,99,99,99,99,99,0,0,0,1,1
29,290664,1,1,0,1,1,5,5,19,0,26,12,2014,6,11,25,0,13,2,US-63,,154,39.02641667,-92.32525,0,8,0,0,1,1,0,1,1,1,0,1,0,0000000,99,98,99,98,88,88,0,0,0,1,0
29,290665,1,1,0,0,0,2,2,69,0,27,12,2014,7,23,15,0,6,4,CR-553,,2,36.22544444,-90.04213889,0,42,0,0,1,1,0,4,2,2,0,2,0,0000000,23,26,23,27,23,54,0,0,0,1,1
29,290666,1,1,0,0,0,1,1,99,0,29,12,2014,2,19,18,0,15,4,CR-SALINE RD,,17,38.48466667,-90.45630556,0,59,0,0,1,1,0,4,2,10,0,10,0,0000000,19,19,19,31,19,48,0,0,0,1,1
29,290667,3,3,0,0,0,5,5,99,335,21,10,2014,3,18,0,0,14,6,VOGEL RD,DEPOT RD,18,38.41398889,-90.39779722,0,1,0,0,2,2,0,1,1,1,0,1,0,0000000,18,4,8,8,99,99,14,0,0,1,0
29,290668,2,2,0,0,0,2,2,183,7010,24,10,2014,6,17,10,0,16,6,VETERANS MEMORIAL PKWY,SOUTH DR,0,38.77306389,-90.50673333,0,12,1,0,3,3,0,1,1,1,0,1,0,0000000,99,99,99,99,99,99,0,0,0,1,0
29,290669,3,2,1,0,0,2,2,189,0,8,11,2014,7,16,6,0,14,4,CR-BAYLESS DR,,6,38.54805556,-90.29206944,0,12,6,0,8,1,0,1,1,1,0,1,0,0000000,16,6,16,11,16,30,14,0,0,1,0
29,290670,1,1,0,0,0,1,1,95,0,15,11,2014,7,9,50,0,6,4,CR-N SIX MILE CHURCH RD,,9,39.13679167,-94.27248333,0,1,0,0,1,1,0,4,1,10,0,10,0,0000000,9,52,10,4,10,21,0,0,0,1,0
29,290671,1,1,0,0,0,1,1,43,6020,3,12,2014,4,5,55,0,14,3,SR-NN,MELTON RD,10,37.07683333,-93.19128333,0,35,0,0,3,3,0,4,2,5,0,5,0,0000000,99,98,99,98,88,88,0,0,0,1,0
29,290672,5,5,0,0,0,9,9,189,0,3,12,2014,4,11,36,1,13,3,SR-21,,59,38.47882778,-90.39399167,0,12,6,0,1,1,0,1,1,1,0,1,0,0000000,11,38,11,43,99,99,0,0,0,1,0
29,290673,2,2,0,0,0,4,4,47,4570,3,12,2014,4,15,30,0,4,3,SR-H,,33,39.26454444,-94.36568889,0,12,2,0,1,1,0,1,1,1,0,1,0,0000000,15,38,15,44,16,14,0,0,0,1,0
29,290674,1,1,0,0,0,1,1,77,7460,5,12,2014,6,21,21,0,13,6,CAMPBELL AVE,,59,37.14438611,-93.29606111,0,21,0,0,1,1,0,4,3,10,0,10,0,0000000,99,98,99,98,88,88,0,0,0,1,0
29,290675,1,1,0,0,0,1,1,183,5880,7,12,2014,1,1,41,0,13,7,I-70 NOR,WOODLAWN AVE,12,38.80293611,-90.70509444,0,24,0,0,3,2,0,4,3,10,0,10,0,0000000,99,98,99,98,88,88,0,0,0,1,1
29,290676,2,2,0,0,0,2,2,29,4630,10,12,2014,4,15,25,1,2,2,US-54,,105,38.05994444,-92.69948056,0,12,2,0,1,1,0,1,8,2,10,2,0,0000000,15,27,15,37,16,13,0,0,0,1,0
29,290677,1,1,0,0,0,1,1,71,0,4,12,2014,5,22,35,0,3,3,SR-30,,53,38.31922222,-90.91047222,0,42,0,0,1,1,0,4,2,5,0,5,0,0000000,22,38,22,48,23,39,0,0,0,1,1
29,290678,1,1,0,0,0,1,1,189,650,27,12,2014,7,4,17,1,11,1,I-170 RAMP,,0,38.73377778,-90.33361111,0,31,0,0,5,1,0,4,2,2,10,2,0,0000000,99,98,99,98,88,88,0,0,0,1,1
29,290679,1,1,0,0,0,1,1,115,0,29,12,2014,2,7,10,1,2,2,US-36,,189,39.77811111,-93.2105,0,21,0,0,1,1,0,3,2,1,0,1,0,0000000,99,98,99,98,88,88,0,0,0,1,0
29,290680,1,1,0,0,0,2,2,169,0,30,12,2014,3,20,25,1,1,1,I-44,,17,37.86261111,-92.05108333,0,1,0,0,1,1,0,1,2,1,0,1,0,0000000,20,28,20,37,99,99,0,0,0,1,0
29,290681,1,1,0,0,0,1,1,99,0,31,12,2014,4,6,6,1,12,3,SR-21,,41,38.42766667,-90.47202778,0,25,0,0,1,1,0,3,2,8,1,8,0,0000000,6,7,6,14,6,33,0,0,0,1,1
29,290682,1,1,0,1,1,0,0,27,0,31,12,2014,4,11,0,0,6,4,CR-485,,1,38.66597222,-91.95472222,0,8,0,0,1,1,0,5,1,8,1,8,0,0000000,99,99,99,99,99,99,0,0,0,1,0
29,290684,1,1,0,0,0,1,1,145,0,11,11,2014,3,7,2,0,16,4,CR-SILVER CREEK RD,CR-DUQUESNE RD,11,37.040325,-94.46061389,0,42,0,0,3,3,0,5,9,8,10,8,0,0000000,6,48,7,0,7,31,0,0,0,1,0