STATE,ST_CASE,VE_TOTAL,VE_FORMS,PVH_INVL,PEDS,PERNOTMVIT,PERMVIT,PERSONS,COUNTY,CITY,DAY,MONTH,YEAR,DAY_WEEK,HOUR,MINUTE,NHS,ROAD_FNC,ROUTE,TWAY_ID,TWAY_ID2,MILEPT,LATITUDE,LONGITUD,SP_JUR,HARM_EV,MAN_COLL,RELJCT1,RELJCT2,TYP_INT,WRK_ZONE,REL_ROAD,LGT_COND,WEATHER1,WEATHER2,WEATHER,SCH_BUS,RAIL,NOT_HOUR,NOT_MIN,ARR_HOUR,ARR_MIN,HOSP_HR,HOSP_MN,CF1,CF2,CF3,FATALS,DRUNK_DR
30,300085,1,1,0,0,0,2,2,13,0,23,7,2014,4,18,24,0,5,4,CR-FOX FARM ROAD,,0,47.46914167,-111.3274944,0,59,0,0,1,1,0,4,1,1,0,1,0,0000000,18,27,18,35,18,54,0,0,0,1,1
30,300086,1,1,0,0,0,1,1,111,0,24,7,2014,5,2,20,0,4,2,US-312,,212,45.97581667,-108.0853556,0,1,0,0,1,1,0,4,2,1,0,1,0,0000000,2,36,2,53,88,88,0,0,0,1,1
30,300087,1,1,0,1,1,1,1,87,0,25,7,2014,6,21,10,1,2,2,US-212,,616,45.59378056,-106.2837278,3,8,0,0,1,1,0,1,5,1,0,1,0,0000000,21,17,21,37,22,3,0,0,0,1,0
30,300088,1,1,0,0,0,1,1,13,0,31,7,2014,5,1,30,0,2,3,SR-89,,338,46.89991111,-110.6896361,0,1,0,0,1,1,0,4,2,1,0,1,0,0000000,99,99,4,0,88,88,0,0,0,1,1
30,300089,1,1,0,0,0,1,1,49,0,27,7,2014,1,15,55,1,1,1,I-15 S,,2250,46.99013611,-112.0775306,0,42,0,0,1,1,0,4,1,1,0,1,0,0000000,16,0,16,27,88,88,0,0,0,1,0
30,300090,1,1,0,0,0,2,2,3,0,27,7,2014,1,3,5,0,4,3,SR-451,,120,45.36238056,-107.3809083,3,35,0,0,1,1,0,4,2,1,0,1,0,0000000,3,13,4,15,5,0,0,0,0,1,0
30,300091,1,1,0,0,0,2,2,75,0,31,7,2014,5,9,25,0,3,3,SR-59,,710,45.52426389,-105.5200528,0,1,0,0,1,1,0,4,1,1,0,1,0,0000000,9,35,10,2,11,27,0,0,0,1,0
30,300092,2,2,0,0,0,4,4,29,0,29,7,2014,3,19,0,1,2,2,US-2,,1052,48.10078611,-114.5667278,0,12,6,0,4,1,0,1,1,1,0,1,0,0000000,19,5,19,11,19,41,0,0,0,1,1
30,300093,3,3,0,0,0,3,3,11,0,31,7,2014,5,12,0,1,2,2,US-212,,1390,45.00631111,-104.379775,0,12,98,0,1,1,0,1,1,1,0,1,0,0000000,12,4,12,42,14,7,0,0,0,1,0
30,300094,1,1,0,0,0,1,1,45,0,31,7,2014,5,15,45,0,3,3,SR-80,,581,47.26038056,-110.1918472,0,1,0,0,1,1,0,4,1,6,0,6,0,0000000,18,59,19,13,88,88,0,0,0,1,0
30,300095,1,1,0,0,0,8,8,99,0,1,8,2014,6,14,55,0,5,4,CR-BELLVIEW ROAD,,0,47.81972778,-112.4997667,0,1,0,0,1,1,0,4,1,10,0,10,0,0000000,14,14,14,37,16,4,0,0,0,1,0
30,300096,2,2,0,0,0,4,4,35,0,2,8,2014,7,12,24,0,5,5,CR-BOARDING SCHOOL ROAD,,0,48.59543889,-113.0135472,3,1,0,0,8,1,0,1,1,1,0,1,0,0000000,12,28,12,31,99,99,0,0,0,1,1
30,300097,1,1,0,0,0,2,2,55,0,2,8,2014,7,20,25,0,3,3,SR-42,,350,47.83089444,-106.14345,0,31,0,0,1,1,0,4,1,1,0,1,0,0000000,20,39,21,15,22,19,0,0,0,1,0
30,300098,1,1,0,0,0,10,10,63,0,4,8,2014,2,2,22,1,1,1,I-90,,798,47.00825833,-114.4123333,0,1,0,0,1,1,0,1,2,10,0,10,0,0000000,2,9,2,18,2,44,0,0,0,1,0
30,300099,2,2,0,0,0,3,3,99,0,5,8,2014,3,8,35,1,1,1,I-15,,3074,47.78179722,-111.6665,0,12,1,0,1,1,0,1,1,1,0,1,0,0000000,8,47,8,54,88,88,0,0,0,1,0
30,300100,2,2,0,0,0,2,2,83,0,6,8,2014,4,14,55,1,2,3,SR-16,CR-130,0,47.79082222,-104.2544472,0,12,6,0,2,3,0,1,1,10,0,10,0,0000000,15,0,15,11,88,88,0,0,0,1,0
30,300101,1,1,0,0,0,1,1,47,0,25,7,2014,6,3,0,1,2,2,US-93,,318,47.31115833,-114.1182889,3,1,0,0,1,1,0,4,2,10,0,10,0,0000000,5,54,6,13,6,36,0,0,0,1,1
30,300102,2,2,0,0,0,6,6,29,0,7,8,2014,5,16,57,1,2,2,US-2,5TH ST WEST,1425,48.385675,-114.0712333,0,12,6,0,2,3,0,1,1,1,0,1,0,0000000,17,3,17,9,17,53,0,0,0,1,0
30,300103,1,1,0,0,0,2,2,97,0,7,8,2014,5,21,15,0,4,3,SR-10,,25,45.80607222,-109.8674528,0,11,0,0,1,1,0,1,2,1,0,1,0,0000000,21,24,21,29,22,17,0,0,0,1,0
30,300104,1,1,0,0,0,1,1,13,0,6,8,2014,4,14,55,0,4,3,SR-225,,20,47.56521944,-111.2818861,0,35,0,0,1,1,0,4,1,1,0,1,0,0000000,11,43,11,51,12,20,0,0,0,1,0
30,300105,1,1,0,0,0,2,2,91,0,8,8,2014,6,20,5,0,5,4,CR-MANN ROAD,,0,48.66073611,-104.6459333,0,1,0,0,1,1,0,4,1,1,0,1,0,0000000,20,15,20,32,21,4,0,0,0,1,1
30,300106,1,1,0,0,0,1,1,91,0,9,8,2014,7,17,55,0,4,3,SR-258,,24,48.60765833,-104.4091,0,34,0,0,1,1,0,4,1,1,0,1,0,0000000,5,58,6,16,88,88,0,0,0,1,1
30,300107,1,1,0,0,0,1,1,93,0,11,8,2014,2,10,29,1,1,1,I-90 W,,2305,45.93558611,-112.45365,0,24,0,0,1,1,0,4,1,1,0,1,0,0000000,10,30,10,38,88,88,0,0,0,1,0
30,300108,1,1,0,0,0,3,3,43,0,12,8,2014,3,16,45,1,1,1,I-90 W,,2572,45.87272222,-111.9363528,0,1,0,0,1,1,0,4,1,10,0,10,0,0000000,16,49,16,59,17,50,0,0,0,1,0
30,300109,1,1,0,0,0,1,1,67,0,12,8,2014,3,17,25,1,1,1,I-90,,3270,45.66305,-110.6907361,0,35,0,0,1,1,0,4,1,1,0,1,0,0000000,17,32,17,35,18,1,0,0,0,1,0
30,300110,1,1,0,0,0,2,2,3,0,13,8,2014,4,16,8,0,5,4,CR-91,,105,45.40782222,-108.3345917,3,1,0,0,1,1,0,4,1,1,0,1,0,0000000,16,8,16,57,18,13,0,0,0,1,1
30,300111,2,2,0,0,0,4,4,111,0,13,8,2014,4,18,56,0,16,5,PEMBERTON LANE,,0,45.84272778,-108.4764611,0,12,98,0,1,1,0,1,1,1,0,1,0,0000000,18,58,19,6,88,88,0,0,0,1,1
30,300112,1,1,0,0,0,1,1,63,0,17,8,2014,1,3,45,1,2,3,SR-200,,265,46.94438611,-113.4322972,0,52,0,0,1,1,0,4,2,10,0,10,0,0000000,3,45,4,16,88,88,0,0,0,1,1
30,300113,2,2,0,0,0,4,4,29,0,17,8,2014,1,17,40,1,2,2,US-2,WEST VALLEY DRIVE,0,48.18906111,-114.39545,0,12,6,0,2,2,0,1,1,1,0,1,0,0000000,17,44,17,55,18,12,0,0,0,1,0
30,300114,1,1,0,0,0,1,1,63,0,18,8,2014,2,18,43,1,1,1,I-90 E,,800,47.01188889,-114.4108972,0,31,0,0,1,1,0,3,1,1,0,1,0,0000000,99,99,99,99,88,88,0,0,0,1,0
30,300115,2,2,0,0,0,3,3,29,0,20,8,2014,4,12,0,1,2,2,US-93,,1381,48.4609,-114.4919,0,12,6,0,1,1,0,1,1,10,0,10,0,0000000,12,1,12,19,12,58,0,0,0,1,0
30,300116,1,1,0,0,0,1,1,103,0,29,8,2014,6,8,6,0,4,4,CR-OLD HIGHWAY 10,RR CROSSING,0,46.29464167,-107.1863306,0,10,0,0,6,1,0,1,1,1,0,1,0,087432R,88,88,88,88,88,88,0,0,0,1,0
30,300117,1,1,0,0,0,1,1,13,0,30,8,2014,7,4,0,0,5,4,CR-ARMINGTON ROAD,,0,47.37851667,-110.9225083,0,30,0,0,1,1,0,4,2,10,0,10,0,0000000,6,37,6,47,88,88,0,0,0,1,1
30,300118,1,1,0,0,0,1,1,41,0,31,8,2014,1,1,36,0,6,5,1ST STREET NORTH,,0,48.55429722,-109.6632111,0,1,0,0,1,1,0,4,2,1,0,1,0,0000000,1,32,1,35,88,88,0,0,0,1,1
30,300119,1,1,0,0,0,1,1,7,0,2,9,2014,3,16,35,0,4,3,SR-284,,215,46.583175,-111.586425,0,1,0,0,1,1,0,4,1,1,0,1,0,0000000,17,5,18,0,18,47,0,0,0,1,1
30,300120,1,1,0,0,0,2,2,31,0,6,9,2014,7,1,30,0,3,2,US-287,,84,44.87110833,-111.347925,0,35,0,0,1,1,0,4,2,1,0,1,0,0000000,2,18,99,99,99,99,0,0,0,1,1
30,300121,1,1,0,0,0,1,1,77,0,14,9,2014,1,10,6,1,1,1,I-90,,1757,46.5129,-112.7858083,0,52,0,0,1,1,1,4,1,10,0,10,0,0000000,10,6,10,25,11,7,0,0,0,1,0
30,300122,2,2,0,0,0,2,2,57,0,17,9,2014,4,10,45,0,3,3,SR-84,,68,45.59163889,-111.5716278,0,25,0,0,1,1,0,1,1,1,0,1,0,0000000,10,44,11,16,88,88,0,0,0,1,0
30,300123,2,2,0,0,0,4,4,89,0,19,9,2014,6,18,10,0,3,3,SR-200,,140,48.007425,-115.7889528,0,12,6,0,8,1,0,1,1,1,0,1,0,0000000,18,19,18,20,20,2,0,0,0,2,0
30,300124,1,1,0,0,0,1,1,87,0,20,9,2014,7,4,30,0,3,3,SR-39,,200,45.86170556,-106.6003583,0,1,0,0,1,1,0,4,2,1,0,1,0,0000000,88,88,88,88,88,88,0,0,0,1,0
30,300125,1,1,0,0,0,1,1,13,0,20,9,2014,7,16,45,0,5,4,CR-RAMBLE IN ROAD,,0,47.54573333,-111.8007028,0,1,0,0,1,1,0,4,1,1,0,1,0,0000000,16,51,17,2,88,88,0,0,0,1,0
30,300126,1,1,0,1,1,2,2,29,1240,14,8,2014,5,21,37,0,16,6,CR-EDGEWOOD PLACE ST.,,0,48.41529722,-114.341225,0,9,0,0,4,1,0,1,2,1,0,1,0,0000000,21,38,21,44,88,88,0,0,0,1,0
30,300127,2,2,0,0,0,2,2,47,0,23,9,2014,3,17,16,1,2,2,US-93,OLD US-93,507,47.58021667,-114.1128917,3,12,1,0,3,2,0,1,1,1,0,1,0,0000000,17,16,17,20,88,88,0,0,0,1,1
30,300128,2,2,0,0,0,4,4,63,0,26,9,2014,6,19,19,0,3,4,CR-FRENCHTOWN FRONTAGE RD,CR-MILL CREEK ROAD,0,47.01209167,-114.2213917,0,12,2,0,2,3,0,1,5,1,0,1,0,0000000,19,20,19,26,19,42,0,0,0,1,1
30,300129,1,1,0,0,0,1,1,53,0,26,9,2014,6,21,7,0,6,4,CR-HUNTS MILL ROAD,,0,48.48703056,-115.9044639,0,10,0,0,6,1,0,1,2,1,0,1,0,099093X,21,8,21,12,88,88,0,0,0,1,1
30,300130,1,1,0,0,0,1,1,13,0,27,9,2014,7,4,50,1,1,1,I-15 N,,2794,47.49241667,-111.3431917,0,52,0,0,1,1,0,4,2,10,0,10,0,0000000,4,42,4,48,88,88,0,0,0,1,0
30,300131,1,1,0,0,0,1,1,111,100,29,9,2014,2,15,44,0,16,6,CR-6TH AVENUE N,,0,45.79640278,-108.4892333,0,1,0,0,1,1,0,4,1,1,0,1,0,0000000,15,44,15,48,15,49,0,0,0,1,0
30,300132,1,1,0,0,0,2,2,33,0,29,9,2014,2,20,40,1,2,3,SR-200,,2470,47.32565833,-106.1963667,0,23,0,0,1,1,0,4,2,10,0,10,0,0000000,20,56,21,30,22,10,0,0,0,1,0
30,300133,1,1,0,0,0,3,3,111,0,30,9,2014,3,11,15,1,1,1,I-90,,4690,45.77867222,-108.1456389,0,1,0,0,1,1,0,3,1,1,0,1,0,0000000,11,20,11,43,12,8,0,0,0,3,1
30,300134,1,1,0,0,0,1,1,111,700,29,9,2014,2,19,8,0,13,6,1ST AVENUE,,0,45.67853333,-108.7716194,0,38,0,0,1,1,0,5,5,10,0,10,0,0000000,19,8,19,9,88,88,0,0,0,1,1
30,300135,2,2,0,0,0,2,2,31,0,5,10,2014,1,2,26,1,2,2,US-191,,805,45.65215278,-111.1898694,0,12,2,0,1,1,0,1,2,10,0,10,0,0000000,2,29,2,42,88,88,0,0,0,1,1
30,300136,1,1,0,0,0,1,1,45,0,7,10,2014,3,3,30,0,6,8,CR-FS-825,,0,46.84459444,-110.3432528,0,1,0,0,1,1,0,4,2,10,0,10,0,0000000,3,34,4,24,88,88,0,0,0,1,0
30,300137,2,2,0,0,0,2,2,3,0,9,10,2014,5,14,27,1,2,2,US-212,,251,45.530075,-106.9582917,3,12,6,0,4,1,0,1,1,1,0,1,0,0000000,14,31,14,47,99,99,0,0,0,1,0
30,300138,1,1,0,0,0,1,1,31,0,11,10,2014,7,13,45,1,1,1,I-90 W,,3175,45.64866667,-110.8718306,0,38,0,0,1,1,0,4,1,1,0,1,0,0000000,13,40,13,54,14,42,0,0,0,1,1
30,300139,1,1,0,1,1,1,1,85,0,13,10,2014,2,18,55,1,2,2,US-2,,6104,48.11496389,-105.2371972,3,8,0,0,1,1,0,1,2,1,0,1,0,0000000,19,1,19,7,19,11,0,0,0,1,0
30,300140,2,1,1,1,1,1,1,89,920,9,9,2014,3,16,0,0,16,5,CR-EAST STANTON ST,,0,47.45603333,-114.8820167,0,8,0,0,1,1,0,7,1,1,0,1,0,0000000,16,14,16,20,16,31,0,0,0,1,1
30,300141,1,1,0,0,0,2,2,3,0,15,10,2014,4,18,14,1,1,1,I-90 E,,4987,45.73128056,-107.5638833,0,1,0,0,1,1,0,1,1,1,0,1,0,0000000,18,10,18,19,18,55,0,0,0,1,1
30,300142,1,1,0,0,0,2,2,103,0,17,10,2014,6,15,24,1,1,1,I-94,,635,46.19806111,-107.261825,0,1,0,0,1,1,0,1,1,1,0,1,0,0000000,15,25,15,43,16,25,0,0,0,1,1
30,300143,1,1,0,2,2,1,1,3,0,17,10,2014,6,21,30,0,4,3,SR-463,,0,45.31497778,-107.3475944,3,8,0,0,1,1,0,1,2,10,0,10,0,0000000,21,51,22,9,88,88,0,0,0,2,0
30,300144,1,1,0,0,0,1,1,31,0,18,10,2014,7,20,37,0,4,3,SR-64,,20,45.26516944,-111.2932806,0,1,0,0,1,1,0,4,2,99,0,99,0,0000000,11,16,11,20,88,88,0,0,0,1,1
30,300145,1,1,0,0,0,1,1,13,0,20,10,2014,2,1,2,1,2,2,US-87,,50,47.29310833,-110.8271528,0,31,0,0,1,1,0,4,2,1,0,1,0,0000000,88,88,88,88,88,88,0,0,0,1,1
30,300146,2,2,0,0,0,3,3,91,0,21,10,2014,3,17,5,0,3,3,SR-5,,0,48.83841389,-104.1877694,0,12,2,0,1,1,0,1,1,1,0,1,0,0000000,17,13,99,99,18,5,0,0,0,1,0
30,300147,1,1,0,0,0,2,2,35,0,26,10,2014,1,6,7,0,4,3,SR-213,,53,48.70923611,-112.3202722,0,1,0,0,1,1,0,4,2,1,0,1,0,0000000,6,7,6,17,6,56,0,0,0,1,1
30,300148,1,1,0,0,0,1,1,89,0,28,10,2014,3,1,30,0,2,3,SR-87,,435,47.67922222,-115.4144889,0,34,0,0,1,1,0,4,2,5,0,5,0,0000000,1,54,2,8,88,88,0,0,0,1,1
30,300149,2,2,0,0,0,2,2,49,590,21,10,2014,3,7,39,1,13,2,US-12 EUCLID AVENUE,BENTON AVENUE,0,46.59813889,-112.0412694,0,12,6,0,2,2,0,1,1,1,0,1,0,0000000,7,39,99,99,8,21,0,0,0,1,0
30,300150,3,3,0,0,0,3,3,29,0,30,10,2014,5,8,56,1,2,2,US-93,,1013,48.06284444,-114.2414611,0,24,0,0,1,1,0,4,1,1,0,1,0,0000000,9,4,9,10,88,88,0,0,0,2,0
30,300151,1,1,0,0,0,1,1,105,0,19,9,2014,6,17,0,0,6,4,CR-GILBERTSON RD,CR-UN-NAMED DIRT ROAD,0,48.29165278,-106.5369778,0,18,0,0,3,3,0,4,9,99,0,99,0,0000000,88,88,88,88,88,88,0,0,0,1,0
30,300152,1,1,0,0,0,2,2,13,0,31,10,2014,6,2,30,1,1,1,I-15 N,,0,47.56063889,-111.5314694,0,1,0,1,20,1,0,1,3,1,0,1,0,0000000,2,36,2,51,3,29,0,0,0,1,1
30,300153,1,1,0,0,0,1,1,83,0,31,10,2014,6,0,1,0,4,3,SR-201,,480,47.86781667,-104.2537611,0,1,0,0,1,1,0,4,2,1,0,1,0,0000000,88,88,88,88,88,88,0,0,0,1,1
30,300154,1,1,0,0,0,1,1,111,100,4,11,2014,3,23,35,0,16,6,KING AVENUE WEST,OLYMPIC BOULEVARD,0,45.75498611,-108.613825,0,33,0,0,3,6,0,4,3,1,0,1,0,0000000,23,37,23,42,88,88,0,0,0,1,1
30,300155,1,1,0,0,0,2,2,105,0,8,11,2014,7,17,45,0,5,4,CR-WIOTA ROAD,,0,48.04454722,-106.2530194,3,38,0,0,1,1,0,5,2,10,0,10,0,0000000,17,53,18,21,99,99,0,0,0,1,1
30,300156,1,1,0,0,0,1,1,39,0,9,11,2014,1,15,15,0,6,4,CR-BEAR GULCH ROAD,,0,46.73353056,-113.3450278,0,43,0,0,1,1,0,4,1,2,0,2,0,0000000,15,21,16,2,88,88,0,0,0,1,0
30,300157,2,2,0,0,0,2,2,29,0,10,11,2014,2,16,24,1,2,3,SR-40,CR-DILLON ROAD,0,48.37064167,-114.2843583,0,12,6,0,2,2,0,1,1,10,0,10,0,0000000,16,25,17,4,88,88,0,0,0,1,0
30,300158,3,1,2,0,0,2,2,111,100,13,11,2014,5,0,45,0,13,2,US-87 /MAIN STREET,,0,45.799275,-108.4814944,0,33,0,0,1,1,0,3,3,1,0,1,0,0000000,0,46,0,50,1,17,0,0,0,1,1
30,300159,2,2,0,0,0,3,3,63,830,15,11,2014,7,8,18,0,6,5,SPURGIN ROAD,,0,46.85961111,-114.0452472,0,12,1,0,1,1,0,1,1,1,0,1,0,0000000,8,20,8,25,8,58,0,0,0,1,0
30,300160,2,2,0,0,0,4,4,63,0,1,11,2014,7,17,5,0,3,3,SR-HIGHWAY 10 W,CR-FLYNN LANE,0,46.90349444,-114.0481333,0,12,6,0,2,3,0,1,5,2,0,2,0,0000000,17,8,17,14,17,30,0,0,0,1,0
30,300161,1,1,0,0,0,1,1,89,0,17,11,2014,2,16,8,0,2,3,SR-200,,800,47.416475,-114.8320556,0,24,0,0,1,1,0,4,1,1,0,1,0,0000000,16,9,16,18,17,0,0,0,0,1,1
30,300162,1,1,0,0,0,1,1,77,0,11,11,2014,3,13,40,1,1,1,I-90 W,,1673,46.58562778,-112.9082972,0,38,0,0,1,1,0,4,1,1,0,1,0,0000000,99,99,2,11,3,2,0,0,0,1,0
30,300163,1,1,0,1,1,1,1,111,100,17,11,2014,2,15,45,0,16,6,S 24TH ST W,LAMPMAN DRIVE,0,45.75976111,-108.5762361,0,8,0,0,2,2,0,1,1,1,0,1,0,0000000,15,47,15,51,16,17,0,0,0,1,0
30,300164,1,1,0,0,0,1,1,87,0,22,11,2014,7,4,27,0,4,4,CR-HIGHWAY 4,,130,45.54564167,-106.5397389,0,1,0,0,1,1,0,4,2,10,0,10,0,0000000,88,88,88,88,88,88,0,0,0,1,1
30,300165,2,2,0,0,0,4,4,29,0,26,11,2014,4,11,0,1,2,2,US-2,,1095,48.1024,-114.4805056,0,12,6,0,1,1,0,1,1,4,0,4,0,0000000,11,2,11,10,12,3,0,0,0,1,0
30,300166,1,1,0,0,0,3,3,61,0,23,11,2014,1,23,33,1,1,1,I-90,,561,47.09783611,-114.7851056,0,1,0,0,1,1,0,3,2,1,0,1,0,0000000,23,41,0,1,1,20,0,0,0,1,0
30,300167,2,2,0,0,0,2,2,49,0,3,12,2014,4,10,58,0,4,3,SR-430,,0,46.61683889,-111.9309167,0,12,2,0,1,1,0,4,1,1,0,1,0,0000000,11,1,11,10,11,34,0,0,0,1,0
30,300168,2,2,0,0,0,2,2,29,0,4,12,2014,5,16,40,0,3,3,SR-82,,45,48.094975,-114.1402917,0,12,6,0,1,1,0,1,5,4,0,4,0,0000000,16,42,16,54,17,27,0,0,0,1,0
30,300169,1,1,0,0,0,1,1,3,0,19,11,2014,4,19,19,1,1,1,I-90 E,,5030,45.67490556,-107.5001778,0,1,0,0,1,1,0,1,2,1,0,1,0,0000000,19,19,19,30,19,54,0,0,0,1,1
30,300170,1,1,0,0,0,1,1,3,0,14,12,2014,1,11,25,0,5,4,CR-PRYOR GAP ROAD,,0,45.37546389,-108.562475,3,34,0,0,1,1,0,4,1,10,0,10,0,0000000,11,30,12,5,12,52,0,0,0,1,0
30,300171,1,1,0,0,0,1,1,63,0,13,12,2014,7,20,0,1,2,3,SR-200,,350,47.02285278,-113.3153972,0,25,0,0,1,1,0,4,2,10,0,10,0,0000000,88,88,88,88,88,88,0,0,0,1,0
30,300172,1,1,0,0,0,1,1,13,0,17,12,2014,4,3,50,1,1,1,I-315,,0,47.48515278,-111.3443639,0,33,0,0,1,1,0,3,3,1,0,1,0,0000000,3,54,4,17,88,88,0,0,0,1,1
30,300173,1,1,0,0,0,1,1,69,0,19,12,2014,6,12,19,1,2,3,SR-200,,1473,47.01258611,-108.1133556,0,31,0,0,1,1,0,4,1,1,0,1,0,0000000,12,40,12,56,88,88,0,0,0,1,0
30,300174,2,2,0,0,0,2,2,9,0,7,12,2014,1,19,40,1,2,2,US-310,LESLIE ROAD,360,45.42802778,-108.8751278,0,12,6,0,2,4,0,1,2,1,0,1,0,0000000,19,55,20,4,20,59,0,0,0,1,0
30,300175,1,1,0,0,0,3,3,29,0,19,12,2014,6,19,44,0,5,4,CR-HODGSON RD,,0,48.34174722,-114.2694222,0,35,0,0,1,1,0,4,2,10,0,10,0,0000000,19,46,19,56,20,24,0,0,0,1,0
30,300176,1,1,0,0,0,1,1,81,0,21,12,2014,1,99,99,1,2,2,US-93,,382,46.12283889,-114.1782972,0,38,0,0,1,1,0,5,9,99,0,99,0,0000000,17,4,17,18,88,88,0,0,0,1,1
31,310001,2,2,0,0,0,2,2,155,0,3,1,2014,6,13,40,0,4,3,SR-66,CR-CO RD 17,767,41.14771667,-96.62101667,0,12,6,0,2,2,0,1,1,1,0,1,0,0000000,88,88,88,88,88,88,0,0,0,1,1
31,310002,1,1,0,0,0,1,1,107,0,10,1,2014,6,1,54,0,4,4,CR-543 AVE,,0,42.68067778,-97.66234444,0,1,0,0,1,1,0,1,2,1,0,1,0,0000000,88,88,88,88,88,88,0,0,0,1,1
31,310003,1,1,0,1,1,1,1,55,3620,15,1,2014,4,18,1,1,13,2,US-6,,3642,41.26335556,-96.091475,0,8,0,0,1,1,0,1,3,10,0,10,0,0000000,88,88,88,88,88,88,23,0,0,1,0
31,310004,1,1,0,0,0,1,1,109,0,18,1,2014,7,99,99,0,4,4,CR-N 162ND ST,,0,41.01378611,-96.50207222,0,1,0,0,1,1,0,4,2,1,0,1,0,0000000,88,88,88,88,88,88,0,0,0,1,1
31,310005,1,1,0,0,0,4,4,43,0,19,1,2014,1,2,30,0,6,4,CR-BLYBURG ROAD,,0,42.29247222,-96.41115556,0,35,0,0,1,1,0,4,2,1,0,1,0,0000000,99,99,99,99,99,99,0,0,0,1,1
31,310006,2,2,0,0,0,6,6,55,3620,19,1,2014,1,0,39,0,14,6,FONTENELLE BLVD,LARIMORE AVE,0,41.30230278,-95.97814722,0,12,6,0,2,2,0,1,3,1,0,1,0,0000000,99,99,99,99,99,99,0,0,0,1,0
31,310007,1,1,0,0,0,1,1,19,0,19,1,2014,1,99,99,0,6,4,CR-100TH RD,,0,40.77148056,-98.87038056,0,1,0,0,1,1,0,4,2,1,0,1,0,0000000,88,88,88,88,88,88,0,0,0,1,1
31,310008,2,2,0,0,0,2,2,55,3620,20,1,2014,2,6,4,1,11,1,I-80,,4525,41.22627778,-95.96549722,0,12,1,0,1,1,0,1,3,1,0,1,0,0000000,99,99,99,99,99,99,0,0,0,1,0
31,310009,3,3,0,0,0,4,4,109,2830,28,1,2014,3,17,31,0,13,6,SUPERIOR STREET,,0,40.85714722,-96.68697222,0,12,6,0,1,1,0,1,1,1,0,1,0,0000000,99,99,99,99,99,99,0,0,0,1,0
31,310010,1,1,0,0,0,1,1,39,0,29,1,2014,4,17,25,0,6,4,CR-S,,0,42.01843333,-96.98875556,0,35,0,0,1,1,0,4,1,1,0,1,0,0000000,88,88,88,88,88,88,0,0,0,1,0
31,310011,3,3,0,0,0,4,4,177,0,29,1,2014,4,9,0,0,3,3,SR-133,,133,41.43850556,-96.12736389,0,12,6,0,1,1,4,1,1,1,0,1,0,0000000,99,99,99,99,99,99,0,0,0,2,0
31,310012,1,1,0,0,0,1,1,73,0,2,2,2014,1,99,99,0,6,4,CR-JOHNSON LAKE DR,,0,40.676325,-99.83730556,0,35,0,0,1,1,0,4,2,99,0,99,0,0000000,88,88,88,88,88,88,0,0,0,1,1
31,310013,2,2,0,0,0,2,2,155,0,4,2,2014,3,12,10,0,4,4,CR-ASHLAND ROAD,,0,41.0451,-96.43060278,0,12,6,0,8,1,0,1,1,4,0,4,0,0000000,88,88,88,88,88,88,0,0,0,1,0
31,310014,2,2,0,0,0,3,3,123,0,4,2,2014,3,14,30,0,4,3,SR-88,,440,41.58371389,-103.1703472,0,12,2,0,1,1,0,1,1,4,7,4,0,0000000,99,99,99,99,99,99,0,0,0,2,0
31,310015,1,1,0,0,0,1,1,167,0,16,2,2014,1,99,99,0,6,4,CR-576 AVE,,0,41.98244722,-97.01956667,0,42,0,0,1,1,0,4,2,10,0,10,0,0000000,88,88,88,88,88,88,0,0,0,1,1
31,310016,2,2,0,0,0,4,4,159,0,1,2,2014,7,8,18,1,1,1,I-80,,3670,40.82223056,-97.32867778,0,12,6,0,1,1,0,1,1,7,0,7,0,0000000,88,88,88,88,88,88,0,0,0,3,0
31,310017,2,2,0,0,0,4,4,19,2680,17,2,2014,2,17,18,0,16,6,6TH AVE,17TH ST,0,40.69151389,-99.09006389,0,12,6,0,2,2,0,1,1,1,0,1,0,0000000,99,99,99,99,99,99,0,0,0,1,0
31,310018,1,1,0,0,0,1,1,103,0,22,2,2014,7,3,55,0,4,4,CR-GREGORY AVE,,0,42.99002778,-99.43371111,0,1,0,0,1,1,0,4,2,10,0,10,0,0000000,88,88,88,88,88,88,0,0,0,1,1
31,310019,1,1,0,0,0,1,1,55,0,23,2,2014,1,2,28,0,4,4,CR-N 72ND ST,,0,41.38334444,-96.02381944,0,42,0,0,1,1,0,4,2,1,0,1,0,0000000,88,88,88,88,88,88,0,0,0,1,1
31,310020,1,1,0,0,0,2,2,13,0,24,2,2014,2,12,14,0,6,4,CR-HAYES ROAD,,0,42.23449167,-103.0974639,0,5,0,0,1,1,0,1,1,1,0,1,0,0000000,99,99,99,99,99,99,0,0,0,1,1
31,310021,1,1,0,0,0,1,1,131,0,25,2,2014,3,10,59,0,6,4,CR-C,,0,40.75501944,-95.92107778,0,10,0,0,6,1,0,1,1,10,0,10,0,432961A,88,88,88,88,88,88,0,0,0,1,0
31,310022,1,1,0,0,0,1,1,125,0,26,2,2014,4,23,0,0,3,3,SR-22,,631,41.39361111,-97.89622778,0,1,0,0,1,1,0,1,2,1,0,1,0,0000000,99,99,99,99,99,99,0,0,0,1,1
31,310023,1,1,0,1,1,1,1,55,3620,4,3,2014,3,10,38,1,11,1,I-80,,4508,41.22301944,-95.99309167,0,8,0,0,1,1,4,1,1,10,0,10,0,0000000,88,88,88,88,88,88,23,0,0,1,0