STATE,ST_CASE,VE_TOTAL,VE_FORMS,PVH_INVL,PEDS,PERNOTMVIT,PERMVIT,PERSONS,COUNTY,CITY,DAY,MONTH,YEAR,DAY_WEEK,HOUR,MINUTE,NHS,ROAD_FNC,ROUTE,TWAY_ID,TWAY_ID2,MILEPT,LATITUDE,LONGITUD,SP_JUR,HARM_EV,MAN_COLL,RELJCT1,RELJCT2,TYP_INT,WRK_ZONE,REL_ROAD,LGT_COND,WEATHER1,WEATHER2,WEATHER,SCH_BUS,RAIL,NOT_HOUR,NOT_MIN,ARR_HOUR,ARR_MIN,HOSP_HR,HOSP_MN,CF1,CF2,CF3,FATALS,DRUNK_DR
31,310024,2,2,0,0,0,3,3,3,0,1,3,2014,7,10,15,1,2,2,US-275,,250,42.21086389,-98.28439167,0,12,2,0,1,1,0,1,1,4,7,4,0,0000000,99,99,99,99,99,99,0,0,0,1,0
31,310025,1,1,0,0,0,1,1,157,0,7,3,2014,6,20,42,0,4,4,CR-HOLLOWAY ROAD,,0,41.98907778,-104.0471694,0,1,0,0,1,1,0,4,2,1,0,1,0,0000000,88,88,88,88,88,88,0,0,0,1,1
31,310026,2,2,0,0,0,2,2,93,0,7,3,2014,6,18,5,0,3,3,SR-11,,520,41.368875,-98.641075,0,12,6,0,1,1,0,1,1,4,0,4,0,0000000,99,99,99,99,99,99,0,0,0,1,1
31,310027,1,1,0,0,0,3,3,173,0,7,3,2014,6,6,40,0,4,3,SR-94,,150,42.14825278,-96.42933889,0,24,0,0,1,1,0,4,4,10,0,10,0,0000000,99,99,99,99,99,99,0,0,0,1,1
31,310028,2,2,0,0,0,2,2,111,0,11,3,2014,3,14,32,1,1,1,I-80,,1730,41.11731667,-100.8429889,0,12,6,0,1,1,0,1,1,10,0,10,0,0000000,88,88,88,88,88,88,0,0,0,1,0
31,310029,1,1,0,0,0,2,2,133,0,23,3,2014,1,99,99,0,6,4,CR-610TH AVE,,0,40.19701111,-96.38823333,0,1,0,0,1,1,0,4,9,1,0,1,0,0000000,88,88,88,88,88,88,0,0,0,2,0
31,310030,2,2,0,0,0,3,3,95,0,12,3,2014,4,15,33,0,6,4,CR-578 AVE,CR-724 ROAD,0,40.32048333,-96.9918,0,12,6,0,2,2,0,1,1,1,0,1,0,0000000,99,99,99,99,99,99,0,0,0,1,0
31,310031,1,1,0,0,0,3,3,159,0,13,3,2014,5,19,9,0,6,4,CR-175 RD,,0,40.74391667,-96.95874722,0,1,0,0,1,1,0,1,5,1,0,1,0,0000000,99,99,99,99,99,99,0,0,0,1,0
31,310032,1,1,0,1,1,1,1,55,0,13,3,2014,5,12,0,1,2,3,SR-92,,4646,41.2338,-96.32534167,0,9,0,0,8,1,0,2,1,1,0,1,0,0000000,99,99,99,99,99,99,0,0,0,1,0
31,310033,1,1,0,1,1,1,1,95,1790,16,3,2014,1,18,48,0,6,5,H STREET,,0,40.14016667,-97.17586389,0,8,0,0,1,1,0,1,1,1,0,1,0,0000000,99,99,99,99,99,99,0,0,0,1,0
31,310034,1,1,0,0,0,1,1,109,2830,20,3,2014,5,11,12,0,16,6,M STREET,16TH STREET,0,40.81133333,-96.69748611,0,42,0,0,3,2,0,4,1,1,0,1,0,0000000,99,99,99,99,99,99,0,0,0,1,0
31,310035,1,1,0,0,0,1,1,103,0,21,3,2014,6,15,30,0,4,3,SR-12,SR-183,561,42.89603333,-99.75008333,0,31,0,0,3,3,0,4,1,10,0,10,0,0000000,88,88,88,88,88,88,0,0,0,1,1
31,310036,1,1,0,0,0,3,3,159,0,18,7,2014,6,6,48,1,1,1,I-80 W,,3858,40.821475,-96.97695,0,35,0,0,1,1,0,4,4,1,0,1,0,0000000,99,99,99,99,99,99,0,0,0,2,0
31,310037,2,2,0,0,0,3,3,1,2280,22,7,2014,3,16,11,1,13,2,US-6 SOUTH ELM AVE,EAST D ST,0,40.5787,-98.37400833,0,12,6,0,2,2,0,1,1,1,0,1,0,0000000,99,99,99,99,99,99,0,0,0,1,0
31,310038,1,1,0,0,0,2,2,39,0,28,7,2014,2,2,45,1,2,2,US-275,,1201,41.80114722,-96.71019444,0,1,0,0,1,1,0,4,2,1,0,1,0,0000000,88,88,88,88,88,88,0,0,0,2,0
31,310039,1,1,0,0,0,1,1,109,0,6,7,2014,1,15,35,0,4,4,CR-SALTILLO RD,,0,40.69726667,-96.62254722,0,42,0,0,1,1,0,4,1,1,0,1,0,0000000,99,99,99,99,99,99,0,0,0,1,0
31,310040,1,1,0,0,0,1,1,141,1100,15,7,2014,3,8,41,0,9,9,SAPP BRO PARKING LOT ACCESS RD,,0,41.43706111,-97.32221111,0,38,0,0,1,1,0,5,1,1,0,1,0,0000000,88,88,88,88,88,88,0,0,0,1,0
31,310041,2,2,0,0,0,2,2,143,0,12,7,2014,7,16,38,0,9,4,CR-I ROAD,CR-125 ROAD,99998,41.10494167,-97.67546389,0,12,11,0,2,2,0,1,1,1,0,1,0,0000000,99,99,99,99,99,99,0,0,0,1,0
31,310042,2,2,0,0,0,2,2,33,0,31,7,2014,5,23,34,0,13,2,US-30,,652,41.15271111,-102.8644111,0,12,2,0,1,1,0,1,2,1,0,1,0,0000000,99,99,99,99,99,99,0,0,0,1,0
31,310043,2,2,0,0,0,2,2,93,0,20,7,2014,1,21,10,0,3,3,SR-92,,3467,41.220225,-98.50915556,0,12,2,0,1,1,0,1,5,1,0,1,0,0000000,99,99,99,99,99,99,0,0,0,1,0
31,310044,2,2,0,0,0,4,4,109,2830,19,7,2014,7,23,20,1,13,2,US-34 O STREET,S COTNER ST,3281,40.81336111,-96.64181667,0,12,6,0,2,2,0,1,3,1,0,1,0,0000000,99,99,99,99,99,99,0,0,0,1,2
31,310045,2,2,0,0,0,2,2,27,0,25,7,2014,6,11,21,1,2,2,US-20,,3845,42.41109722,-97.23293611,0,12,98,0,1,1,0,1,1,1,0,1,0,0000000,99,99,99,99,99,99,0,0,0,1,0
31,310046,2,2,0,0,0,3,3,139,0,30,7,2014,4,14,18,0,2,3,SR-13,852ND RD,70,42.17735,-97.50346111,0,12,1,0,3,2,0,1,1,1,0,1,0,0000000,99,99,99,99,99,99,0,0,0,1,0
31,310047,3,3,0,0,0,5,5,159,0,17,7,2014,5,16,38,1,1,1,I-80 W,,3786,40.822075,-97.11327222,0,12,1,0,1,1,1,1,1,1,0,1,0,0000000,99,99,99,99,99,99,26,0,0,1,0
31,310048,2,2,0,0,0,2,2,41,0,18,3,2014,3,13,11,0,4,3,SR-47,,766,41.10376944,-100.1840306,0,12,1,0,1,1,0,1,1,4,7,4,0,0000000,99,99,99,99,99,99,0,0,0,1,0
31,310049,2,2,0,0,0,2,2,43,0,27,3,2014,5,12,20,1,2,2,US-77,CR-ATOKAD DRIVE,1843,42.44543333,-96.43596389,0,12,6,0,2,2,0,1,1,2,0,2,0,0000000,99,99,99,99,99,99,0,0,0,1,0
31,310051,3,3,0,0,0,4,4,167,0,20,5,2014,3,9,16,0,3,3,SR-15,SR-32,1346,41.83009722,-97.05840556,0,12,6,0,2,2,4,1,1,1,0,1,0,0000000,99,99,99,99,99,99,0,0,0,3,0
31,310052,1,1,0,1,1,1,1,109,0,29,5,2014,5,99,99,0,9,4,CR-S 96TH ST,,0,40.61347222,-96.59120833,0,8,0,0,1,1,0,1,2,1,0,1,0,0000000,88,88,88,88,88,88,0,0,0,1,1
31,310053,2,2,0,0,0,2,2,55,0,30,5,2014,6,0,21,1,2,2,US-275,,1699,41.24301389,-96.29179722,0,12,6,0,1,1,0,1,3,1,0,1,0,0000000,88,88,88,88,88,88,0,0,0,1,2
31,310054,1,1,0,0,0,1,1,19,0,25,5,2014,1,1,30,1,1,1,I-80 E,,2593,40.68948889,-99.33614722,0,1,0,0,1,1,0,3,3,5,0,5,0,0000000,99,99,99,99,99,99,0,0,0,1,1
31,310055,2,2,0,0,0,3,3,141,4780,28,5,2014,4,14,30,0,16,6,310 AVENUE,385TH STREET,0,41.61333889,-97.523425,0,12,6,0,2,2,0,1,1,1,0,1,0,0000000,99,99,99,99,99,99,0,0,0,1,0
31,310056,1,1,0,0,0,4,4,55,3620,29,3,2014,7,0,11,1,11,1,I-680,,70,41.31926667,-96.070425,0,1,0,0,1,1,0,3,3,1,0,1,0,0000000,99,99,99,99,99,99,0,0,0,1,1
31,310057,2,2,0,0,0,3,3,55,0,16,5,2014,6,12,45,1,2,3,SR-92 W CENTER RD,S 240TH ST,4660,41.23388889,-96.29728889,0,12,6,0,3,3,0,1,1,1,0,1,0,0000000,99,99,99,99,99,99,0,0,0,1,0
31,310058,1,1,0,0,0,1,1,79,2090,23,5,2014,6,5,17,0,19,4,CR-4 SHADY BEND ROAD,,0,40.93530833,-98.30148611,0,59,0,0,1,1,0,4,2,1,0,1,0,0000000,88,88,88,88,88,88,0,0,0,1,1
31,310059,1,1,0,0,0,1,1,109,2830,30,3,2014,1,16,17,0,16,6,S FOLSOM,,0,40.78600833,-96.731025,0,35,0,0,1,1,0,4,1,1,0,1,0,0000000,99,99,99,99,99,99,0,0,0,1,0
31,310060,1,1,0,0,0,1,1,53,0,31,3,2014,2,2,30,0,6,4,CR-COUNTY ROAD 14,CR-COUNTY ROAD S,0,41.4809,-96.65486389,0,31,0,0,3,3,0,4,2,10,0,10,0,0000000,88,88,88,88,88,88,0,0,0,1,1
31,310061,2,2,0,0,0,3,3,153,0,9,5,2014,6,4,2,0,3,3,SR-50,SR-31,0,41.01619167,-96.15718056,0,12,6,0,2,3,0,1,6,1,0,1,0,0000000,99,99,99,99,99,99,0,0,0,2,1
31,310062,1,1,0,0,0,1,1,81,0,5,5,2014,2,23,18,0,9,4,CR-N ROAD,,0,40.86690833,-98.05464167,0,34,0,0,1,1,0,4,2,1,0,1,0,0000000,88,88,88,88,88,88,0,0,0,1,0
31,310063,1,1,0,0,0,2,2,157,0,27,5,2014,3,19,0,0,9,4,CR-D,,0,41.95763889,-103.7667056,0,1,0,0,1,1,0,1,1,1,0,1,0,0000000,99,99,99,99,99,99,0,0,0,1,1
31,310064,2,2,0,0,0,2,2,55,3620,25,5,2014,1,21,40,1,2,2,US-6/SR-31 204TH ST,PACIFIC ST,3560,41.24833333,-96.23440556,0,12,6,0,2,2,0,1,3,2,10,2,0,0000000,88,88,88,88,88,88,0,0,0,1,0
31,310065,1,1,0,0,0,1,1,61,0,28,5,2014,4,99,99,0,3,3,SR-10,,113,40.10773611,-98.952325,0,34,0,0,1,1,0,4,2,1,0,1,0,0000000,88,88,88,88,88,88,0,0,0,1,1
31,310066,2,2,0,0,0,2,2,41,0,8,5,2014,5,14,0,0,4,4,CR-CALLAWAY ROAD,,0,41.40911944,-99.69348611,0,12,6,0,8,1,0,1,1,10,0,10,0,0000000,88,88,88,88,88,88,0,0,0,1,0
31,310067,2,1,1,0,1,3,4,19,0,8,6,2014,1,8,24,1,1,1,I-80 E,,2690,40.67075278,-99.15869444,0,14,0,0,1,1,0,5,1,1,0,1,0,0000000,99,99,99,99,99,99,0,0,0,2,0
31,310068,1,1,0,0,0,1,1,173,5260,24,6,2014,3,19,30,0,6,4,CR-B AVENUE,,0,42.26347778,-96.48219167,3,10,0,0,6,1,0,1,1,1,0,1,0,070247V,88,88,88,88,88,88,0,0,0,1,0
31,310069,1,1,0,0,0,1,1,155,0,13,6,2014,6,20,10,0,4,4,CR-X,CR-25,0,41.39381667,-96.77455,0,34,0,0,3,3,0,4,1,10,0,10,0,0000000,88,88,88,88,88,88,0,0,0,1,1
31,310070,1,1,0,0,0,1,1,157,0,14,6,2014,7,0,15,0,3,3,SR-92,,344,77.77770000,777.77770000,0,11,0,0,1,1,0,1,2,1,0,1,0,0000000,88,88,88,88,88,88,0,0,0,1,0
31,310071,1,1,0,0,0,1,1,43,0,10,6,2014,3,20,26,0,6,4,CR-190TH ST,,0,42.39355833,-96.44035,0,10,0,0,6,1,0,1,1,1,0,1,0,070260J,99,99,99,99,99,99,0,0,0,1,0
31,310072,2,2,0,0,0,2,2,159,0,10,6,2014,3,15,46,1,1,1,I-80 W OFF RAMP,CR-238TH RD,6,40.82284722,-97.04463889,0,12,6,1,2,2,0,1,1,1,0,1,0,0000000,99,99,99,99,99,99,0,0,0,1,0
31,310073,1,1,0,0,0,1,1,55,3620,1,6,2014,1,14,10,1,12,2,US-75,,870,41.2259,-95.95234722,0,20,0,1,19,1,0,8,1,10,0,10,0,0000000,99,99,99,99,99,99,0,0,0,1,0
31,310074,1,1,0,0,0,1,1,109,0,3,4,2014,5,5,57,0,4,4,CR-WEST SPRAGUE ROAD,,0,40.62516667,-96.84462222,0,1,0,0,1,1,0,4,2,5,12,12,0,0000000,88,88,88,88,88,88,0,0,0,1,1
31,310075,1,1,0,0,0,1,1,31,0,3,6,2014,3,11,45,1,2,2,US-20,,2111,42.92791389,-100.8021389,0,1,0,0,1,1,2,2,1,2,0,2,0,0000000,88,88,88,88,88,88,0,0,0,1,1
31,310076,2,2,0,0,0,3,3,53,0,3,6,2014,3,13,14,1,2,2,US-77/275,SR-91,1207,41.53124722,-96.49716944,0,12,6,0,2,3,0,1,1,1,0,1,0,0000000,88,88,88,88,88,88,0,0,0,2,0
31,310077,2,2,0,0,0,4,4,47,0,5,6,2014,5,14,53,1,1,1,I-80,,2441,40.70000833,-99.6241,0,12,6,0,1,1,0,2,1,1,0,1,0,0000000,99,99,99,99,99,99,0,0,0,2,0
31,310078,2,2,0,0,0,2,2,53,0,6,6,2014,6,6,40,1,2,2,US-275/SR-91,CR-20,1384,41.59717778,-96.54082222,0,12,6,0,2,2,0,1,4,5,0,5,0,0000000,88,88,88,88,88,88,0,0,0,1,0
31,310079,1,1,0,0,0,3,3,25,0,16,6,2014,2,20,50,0,6,4,CR-REFUGE RD,,0,77.77770000,777.77770000,0,1,0,0,1,1,0,4,5,1,0,1,0,0000000,99,99,99,99,99,99,0,0,0,1,0
31,310080,2,2,0,0,0,2,2,55,3620,18,6,2014,4,13,35,0,16,6,N 40TH ST,,0,41.28697222,-95.97221111,0,12,6,0,1,1,0,1,1,1,0,1,0,0000000,99,99,99,99,99,99,0,0,0,1,1
31,310081,2,2,0,0,0,4,4,47,0,21,6,2014,7,17,58,0,3,2,US-30,,2203,40.87942778,-100.0458056,0,12,2,0,1,1,0,1,1,1,0,1,0,0000000,99,99,99,99,99,99,0,0,0,1,0
31,310082,1,1,0,0,0,1,1,111,0,22,6,2014,1,19,4,0,3,3,SR-23,,609,40.83006111,-100.9293778,0,1,0,0,1,1,0,4,1,1,0,1,0,0000000,88,88,88,88,88,88,0,0,0,1,1
31,310083,1,1,0,0,0,1,1,109,2830,24,6,2014,3,17,1,1,13,6,ROSA PARKS WAY,,0,40.8092,-96.71236389,0,25,0,0,1,1,0,4,1,1,0,1,0,0000000,88,88,88,88,88,88,0,0,0,1,0
31,310084,1,1,0,0,0,2,2,145,0,25,6,2014,4,23,50,1,2,2,US-83 N,,243,40.32003889,-100.6489167,0,1,0,0,1,1,0,4,2,2,0,2,0,0000000,99,99,99,99,99,99,0,0,0,1,1
31,310085,2,2,0,0,0,3,3,59,9997,22,6,2014,1,14,40,1,2,2,US-81 S,SR-74,306,40.42290278,-97.59631667,0,12,6,0,2,2,0,1,1,1,0,1,0,0000000,99,99,99,99,99,99,0,0,0,1,0
31,310086,2,2,0,1,1,3,3,55,3620,22,6,2014,1,16,34,1,13,2,US-6 DODGE ST,38TH ST,3709,41.25963889,-95.96888333,0,8,0,0,3,2,0,1,1,1,0,1,0,0000000,99,99,99,99,99,99,14,0,0,1,1
31,310087,2,2,0,0,0,2,2,55,3620,23,6,2014,2,0,3,1,11,1,I-480 W,,26,41.26309444,-95.94759444,0,12,2,1,18,1,0,1,3,1,0,1,0,0000000,99,99,99,99,99,99,0,0,0,1,1
31,310088,2,2,0,0,0,2,2,157,0,23,6,2014,2,17,35,0,6,4,CR-12,CR-B,0,41.98590278,-103.8531556,0,12,6,0,2,2,0,1,1,1,0,1,0,0000000,99,99,99,99,99,99,0,0,0,1,0
31,310089,1,1,0,0,0,1,1,29,0,5,4,2014,7,99,99,0,3,3,SR-61,,250,40.38338611,-101.5314889,0,1,0,0,1,1,0,1,1,1,0,1,0,0000000,88,88,88,88,88,88,0,0,0,1,0
31,310090,2,2,0,0,0,2,2,121,0,5,4,2014,7,17,3,1,2,2,US-30,,3210,40.96854722,-98.24591389,0,12,6,0,1,1,0,1,1,1,0,1,0,0000000,99,99,99,99,99,99,0,0,0,1,0
31,310091,1,1,0,0,0,1,1,55,3620,12,4,2014,7,12,1,0,14,6,9901 JOHN L PERSHING DR,,0,41.33486667,-95.95206389,0,42,0,0,1,1,0,4,1,10,0,10,0,0000000,88,88,88,88,88,88,0,0,0,1,0
31,310092,1,1,0,0,0,1,1,55,3620,13,4,2014,1,21,45,0,16,6,STORZ EXPRESSWAY,,0,41.30284722,-95.95159167,0,24,0,0,1,1,0,4,3,4,0,4,0,0000000,99,99,99,99,99,99,0,0,0,1,1
31,310093,2,2,0,0,0,3,3,179,0,13,4,2014,1,15,15,0,3,3,SR-35,,90,42.10507222,-97.2611,0,12,6,0,1,1,0,1,1,4,11,4,0,0000000,99,99,99,99,99,99,0,0,0,2,0
31,310094,2,2,0,0,0,2,2,99,0,13,4,2014,1,11,40,0,3,3,SR-44,,450,40.61875,-99.08478611,0,12,6,0,1,1,1,1,1,3,0,3,0,0000000,99,99,99,99,99,99,0,0,0,1,0
31,310095,1,1,0,0,0,3,3,109,0,14,4,2014,2,3,25,0,6,4,CR-SALTILLO ROAD,,0,40.69756667,-96.65579444,0,34,0,0,1,1,0,4,3,6,7,6,0,0000000,99,99,99,99,99,99,0,0,0,1,0
31,310096,2,2,0,0,0,2,2,53,0,17,4,2014,5,10,37,1,2,2,US-77,,1310,41.67544444,-96.50208611,0,12,6,0,1,1,0,1,1,1,0,1,0,0000000,99,99,99,99,99,99,0,0,0,1,0
31,310097,2,2,0,0,0,4,4,101,0,20,4,2014,1,5,50,1,1,1,I-80,,1430,41.10879167,-101.4219667,0,12,6,0,1,1,0,1,4,1,0,1,0,0000000,99,99,99,99,99,99,0,0,0,1,0
31,310098,1,1,0,0,0,1,1,55,3620,22,4,2014,3,1,7,0,4,6,S 72ND STREET,,0,41.24248056,-96.02394722,0,42,0,0,1,1,0,4,3,1,0,1,0,0000000,88,88,88,88,88,88,0,0,0,1,1
31,310099,1,1,0,0,0,2,2,47,0,26,4,2014,7,17,20,1,1,1,I-80,,2400,40.71978889,-99.68856667,0,1,0,0,1,1,0,1,1,1,0,1,0,0000000,99,99,99,99,99,99,0,0,0,1,1
31,310100,2,2,0,0,0,2,2,79,0,27,4,2014,1,16,9,1,2,2,US-30,CR-GUNBARREL ROAD,3189,40.948025,-98.28280278,0,12,6,0,2,2,0,1,1,10,0,10,0,0000000,99,99,99,99,99,99,0,0,0,1,1
31,310101,2,2,0,0,0,2,2,53,0,28,4,2014,2,6,8,1,2,2,US-275,,1310,41.64389444,-96.63804167,0,12,6,0,1,1,0,1,4,1,0,1,0,0000000,88,88,88,88,88,88,0,0,0,1,0
31,310102,1,1,0,0,0,1,1,173,0,17,1,2014,6,1,0,0,6,4,CR-BIA RD 17,,0,42.23511944,-96.42770833,3,1,0,0,1,1,0,1,2,1,0,1,0,0000000,88,88,88,88,88,88,0,0,0,1,1
31,310103,2,2,0,0,0,2,2,185,5360,13,1,2014,2,14,0,0,13,6,N LINCOLN AVE,,0,40.88196667,-97.59306667,0,12,6,0,4,1,0,1,1,1,0,1,0,0000000,99,99,99,99,99,99,0,0,0,1,0
31,310104,1,1,0,0,0,9,9,139,0,28,4,2014,2,6,56,1,2,2,US-81,,1770,42.33038056,-97.4259,0,1,0,0,1,1,0,4,1,1,0,1,0,0000000,99,99,99,99,99,99,0,0,0,3,0
31,310105,2,2,0,0,0,3,3,179,0,30,4,2014,4,0,12,0,3,3,SR-35,,130,42.11245833,-97.19260556,0,12,6,0,1,1,0,1,2,2,10,2,0,0000000,99,99,99,99,99,99,0,0,0,1,1
31,310106,1,1,0,0,0,2,2,161,0,2,7,2014,4,5,45,0,6,4,CR-320 LANE,,0,42.69763611,-102.4388306,0,34,0,0,1,1,0,4,4,1,0,1,0,0000000,99,99,99,99,99,99,0,0,0,1,1
31,310107,1,1,0,0,0,1,1,105,0,2,7,2014,4,22,28,1,2,3,SR-71,,92,41.10779167,-103.6630028,0,34,0,0,1,1,0,4,2,1,0,1,0,0000000,88,88,88,88,88,88,0,0,0,1,0
31,310108,1,1,0,0,0,2,2,125,0,19,7,2014,7,22,11,0,6,4,CR-NORTH 250TH AVENUE,,0,41.50298333,-98.00312778,0,1,0,0,1,1,0,4,2,99,0,99,0,0000000,99,99,99,99,99,99,0,0,0,1,0
31,310109,1,1,0,0,0,2,2,153,0,10,7,2014,5,21,19,0,6,4,CR-MAPLE ST,CR-WILLOW PARK DR,0,41.13557778,-96.23991111,0,5,0,0,2,3,0,1,3,1,0,1,0,0000000,99,99,99,99,99,99,0,0,0,1,1
31,310110,1,1,0,0,0,1,1,25,0,25,7,2014,6,15,38,0,4,3,SR-1,CR-BLUFF ROAD,71,40.913825,-96.28970833,0,32,0,0,3,4,0,4,1,1,0,1,0,0000000,88,88,88,88,88,88,0,0,0,1,1
31,310111,1,1,0,0,0,1,1,41,0,27,7,2014,1,17,30,0,5,4,CR-SUMNER RD,,0,41.35261667,-99.6246,0,38,0,0,1,1,0,4,1,1,0,1,0,0000000,88,88,88,88,88,88,0,0,0,1,1
31,310112,2,2,0,0,0,2,2,101,3600,3,7,2014,5,20,47,1,13,2,US-26,,1494,41.12327778,-101.7297722,0,12,6,0,4,1,0,1,5,1,0,1,0,0000000,88,88,88,88,88,88,0,0,0,1,1
31,310113,1,1,0,0,0,4,4,79,0,29,7,2014,3,19,40,1,2,2,US-34,,2202,40.73030278,-98.378325,0,1,0,0,1,1,4,3,1,1,0,1,0,0000000,99,99,99,99,99,99,0,0,0,1,0
31,310114,1,1,0,0,0,1,1,169,0,8,8,2014,6,99,99,0,6,4,CR-ROAD 5200,,0,40.34234444,-97.76493056,0,34,0,0,1,1,0,4,1,1,0,1,0,0000000,99,99,99,99,99,99,0,0,0,1,0
31,310115,1,1,0,0,0,1,1,111,4710,8,8,2014,6,18,39,0,6,5,E COUNTY ROAD,,0,41.15705556,-101.1175611,0,58,0,0,1,1,0,4,1,1,0,1,0,0000000,99,99,99,99,99,99,0,0,0,1,1
31,310116,2,2,0,0,0,2,2,109,2830,4,8,2014,2,18,55,1,13,2,US-34,52ND STREET,3278,40.81345278,-96.64862222,0,12,6,0,2,2,4,1,1,1,0,1,0,0000000,99,99,99,99,99,99,0,0,0,1,0
31,310117,2,2,0,0,0,2,2,161,0,8,8,2014,6,17,35,0,5,4,CR-570TH RD,CR-470TH LN,0,42.68518333,-102.7337306,0,12,6,0,2,2,0,1,1,1,0,1,0,0000000,88,88,88,88,88,88,0,0,0,1,0
31,310118,1,1,0,0,0,1,1,23,0,16,8,2014,7,11,2,0,6,4,CR-COUNTY ROAD O,,0,41.21009444,-97.10060556,0,38,0,0,1,1,0,4,1,10,0,10,0,0000000,99,99,99,99,99,99,0,0,0,1,0
31,310119,1,1,0,0,0,2,2,109,2830,24,8,2014,1,99,99,0,16,6,S 52ND ST,,0,40.76668889,-96.64905833,0,5,0,0,1,1,0,1,3,1,0,1,0,0000000,88,88,88,88,88,88,0,0,0,1,1
31,310120,1,1,0,0,0,2,2,41,0,17,8,2014,1,2,50,0,3,3,SR-92,,2473,41.42235833,-100.2269444,0,1,0,0,1,1,4,4,2,1,0,1,0,0000000,99,99,99,99,99,99,0,0,0,1,1
31,310121,1,1,0,0,0,2,2,109,2830,17,8,2014,1,16,50,0,14,6,N 27TH STREET,,0,40.83822222,-96.68218889,0,33,0,0,1,1,0,4,1,1,0,1,0,0000000,99,99,99,99,99,99,0,0,0,1,1
31,310122,2,2,0,0,0,2,2,139,0,11,8,2014,2,7,56,0,4,3,SR-121,,354,42.34151389,-97.60115,0,12,6,0,8,1,0,1,1,1,0,1,0,0000000,88,88,88,88,88,88,0,0,0,1,0
31,310123,3,3,0,0,0,3,3,19,0,1,8,2014,6,7,0,0,4,4,CR-ANTELOPE AVE,CR-56TH ST,0,40.72837222,-99.04573333,0,12,6,0,2,2,0,1,1,1,0,1,0,0000000,99,99,99,99,99,99,0,0,0,1,2
31,310124,2,2,0,0,0,4,4,155,0,14,8,2014,5,7,23,0,6,4,CR-COUNTY ROAD H,CR-COUNTY ROAD 29,0,41.16211389,-96.850825,0,12,6,0,2,2,0,1,1,1,0,1,1,0000000,99,99,99,99,99,99,0,0,0,1,0
31,310125,2,2,0,0,0,2,2,11,0,20,8,2014,4,17,52,0,3,3,SR-14,SR-56,1131,41.56811111,-97.98463056,0,12,6,0,2,2,0,1,1,1,0,1,0,0000000,99,99,99,99,99,99,0,0,0,1,0
31,310126,1,1,0,0,0,3,3,161,0,28,8,2014,5,12,35,0,3,3,SR-27,,2339,42.98122778,-102.2204778,0,34,0,0,1,1,0,4,1,1,0,1,0,0000000,99,99,99,99,99,99,0,0,0,1,1
31,310127,2,2,0,0,0,6,6,35,0,28,8,2014,5,99,99,1,2,2,US-6,SR-14,2337,40.5827,-97.99489444,0,12,6,0,2,2,0,1,3,10,0,10,0,0000000,99,99,99,99,99,99,0,0,0,3,1
31,310128,1,1,0,0,0,1,1,13,0,5,9,2014,6,16,35,0,3,3,SR-71,,1180,42.2606,-103.183,0,31,0,0,1,1,0,4,1,1,0,1,0,0000000,88,88,88,88,88,88,0,0,0,1,1
31,310129,1,1,0,0,0,1,1,109,2830,4,9,2014,5,99,99,0,16,6,HUNTINGTON ST,,0,40.83731944,-96.66230278,0,33,0,0,1,1,0,4,1,1,0,1,0,0000000,99,99,99,99,99,99,0,0,0,1,0
31,310130,2,2,0,0,0,6,6,79,0,9,9,2014,3,8,50,0,6,4,CR-90TH ROAD,CR-WOOD RIVER RD,0,40.8298,-98.51192778,0,12,6,0,2,2,0,1,1,10,0,10,0,0000000,99,99,99,99,99,99,0,0,0,1,0
31,310131,1,1,0,0,0,1,1,55,3620,12,9,2014,6,2,45,0,16,6,S 32ND AVENUE,WOOLWORTH AVENUE,0,41.24526389,-95.95976667,0,39,0,0,3,3,0,4,3,10,0,10,0,0000000,88,88,88,88,88,88,0,0,0,1,1
31,310132,1,1,0,0,0,1,1,25,0,20,9,2014,7,5,45,0,4,4,CR-CHICAGO AVE,,0,40.97827222,-95.89770833,0,35,0,0,1,1,0,4,2,2,0,2,0,0000000,88,88,88,88,88,88,0,0,0,1,0
31,310133,2,2,0,0,0,2,2,141,0,17,2,2014,2,5,10,1,2,2,US-30,,3850,41.43866111,-97.28054722,0,12,6,0,1,1,0,1,2,4,0,4,0,0000000,88,88,88,88,88,88,0,0,0,1,0
31,310134,2,2,0,0,0,2,2,55,0,11,9,2014,5,6,3,0,3,3,SR-36,CR-252ND ST,40,41.37915556,-96.31170556,0,12,6,0,2,2,1,1,2,2,10,2,0,0000000,88,88,88,88,88,88,0,0,0,1,0
31,310135,2,2,0,0,0,5,5,167,0,12,9,2014,6,18,59,0,3,3,SR-5,CR-835TH ROAD,1410,41.93170556,-97.05964722,0,12,6,0,2,2,1,1,1,1,0,1,0,0000000,99,99,99,99,99,99,0,0,0,1,1
31,310136,2,2,0,0,0,2,2,55,3620,13,9,2014,7,23,38,0,16,6,S 13TH STREET,,0,41.24109722,-95.93328611,0,12,2,0,1,1,1,1,3,1,0,1,0,0000000,99,99,99,99,99,99,0,0,0,1,1
31,310137,3,3,0,0,0,4,4,109,2830,2,9,2014,3,16,39,0,16,6,OLD CHENEY RD,16TH STREET,0,40.75563333,-96.69939722,0,12,6,0,2,2,1,1,1,1,0,1,0,0000000,99,99,99,99,99,99,0,0,0,1,0