STATE,ST_CASE,VE_TOTAL,VE_FORMS,PVH_INVL,PEDS,PERNOTMVIT,PERMVIT,PERSONS,COUNTY,CITY,DAY,MONTH,YEAR,DAY_WEEK,HOUR,MINUTE,NHS,ROAD_FNC,ROUTE,TWAY_ID,TWAY_ID2,MILEPT,LATITUDE,LONGITUD,SP_JUR,HARM_EV,MAN_COLL,RELJCT1,RELJCT2,TYP_INT,WRK_ZONE,REL_ROAD,LGT_COND,WEATHER1,WEATHER2,WEATHER,SCH_BUS,RAIL,NOT_HOUR,NOT_MIN,ARR_HOUR,ARR_MIN,HOSP_HR,HOSP_MN,CF1,CF2,CF3,FATALS,DRUNK_DR
33,330047,2,2,0,0,0,3,3,11,310,12,7,2014,7,16,16,0,15,6,GOFFSTOWN ROAD,MONTGOMERY STREET,0,43.00490556,-71.481225,0,12,6,0,2,3,0,1,1,1,0,1,0,0000000,16,16,16,20,16,31,0,0,0,2,0
33,330048,2,2,0,0,0,2,2,3,560,31,7,2014,5,8,25,0,3,6,CENTER STREET,NORTH LINE ROAD,0,43.61928056,-71.17154167,0,12,6,0,2,2,0,1,1,1,0,1,0,0000000,8,25,8,30,8,52,0,0,0,1,0
33,330049,1,1,0,0,0,1,1,15,153,17,5,2014,7,12,15,0,5,3,SR-111A,,0,42.9597,-71.11740278,0,39,0,0,1,1,0,5,1,1,0,1,0,0000000,12,15,12,23,12,49,0,0,0,1,0
33,330050,2,2,0,0,0,4,4,5,473,2,8,2014,7,14,13,0,2,3,SR-9,,0,43.05594444,-72.07785278,0,12,2,0,1,1,0,1,1,10,0,10,0,0000000,14,13,14,23,14,44,0,0,0,3,0
33,330051,1,1,0,0,0,4,4,19,50,10,8,2014,1,2,0,0,6,6,WEST UNITY ROAD,,0,43.28956389,-72.31720556,0,42,0,0,1,1,0,5,2,1,0,1,0,0000000,2,10,2,16,2,39,0,0,0,3,0
33,330052,1,1,0,0,0,1,1,7,51,20,8,2014,4,15,40,0,2,3,SR-302,,0,44.32374722,-71.56070556,0,5,0,0,1,1,0,4,1,10,0,10,0,0000000,15,40,15,44,16,12,0,0,0,1,0
33,330053,1,1,0,0,0,1,1,17,29,23,8,2014,7,5,34,0,4,3,SR-9,,0,43.20831944,-71.08778333,0,34,0,0,1,1,0,4,2,1,0,1,0,0000000,5,34,5,55,88,88,0,0,0,1,1
33,330054,2,2,0,0,0,2,2,3,80,25,8,2014,2,7,30,0,5,6,WEST SIDE ROAD,,0,43.99820556,-71.12231389,0,12,2,0,1,1,0,1,1,1,0,1,0,0000000,7,30,7,49,8,4,0,0,0,1,0
33,330055,1,1,0,1,1,1,1,17,100,16,8,2014,7,17,53,0,14,6,MAIN STREET,,0,43.13487222,-70.92796944,0,9,0,0,16,1,0,1,1,10,0,10,0,0000000,17,53,18,6,18,17,0,0,0,1,0
33,330056,1,1,0,0,0,1,1,11,220,16,8,2014,7,16,26,0,13,3,SR-202,WEST MAIN STREET,0,43.11203611,-71.91908333,0,33,0,0,3,2,0,4,1,1,0,1,0,0000000,16,26,16,36,16,58,0,0,0,1,1
33,330057,2,2,0,0,0,3,3,11,401,26,8,2014,3,20,12,0,15,6,MAMMOTH ROAD,TENNY ROAD,0,42.73895278,-71.34631667,0,12,6,0,2,3,0,1,2,1,0,1,0,0000000,20,12,20,17,20,55,0,0,0,1,0
33,330058,2,2,0,0,0,2,2,13,49,2,9,2014,3,17,50,0,3,3,SR-28,DEPOT ROAD,0,43.25792778,-71.37224444,0,12,6,0,2,2,0,1,1,10,0,10,0,0000000,17,50,17,57,88,88,0,0,0,1,0
33,330059,2,2,0,0,0,4,4,15,392,7,9,2014,1,17,19,0,2,3,SR-4,,0,43.20918889,-71.18498611,0,12,2,0,1,1,0,1,1,1,0,1,0,0000000,17,19,17,22,18,10,0,0,0,1,0
33,330060,2,2,0,0,0,3,3,15,12,10,9,2014,4,15,47,0,14,3,SR-111,HALL FARM ROAD,0,42.85485833,-71.19633611,0,12,6,0,2,2,0,1,1,1,0,1,0,0000000,15,47,15,53,16,31,0,0,0,1,0
33,330061,1,1,0,0,0,1,1,9,489,23,9,2014,3,18,30,0,6,6,WATERHORN ROAD,,0,43.93243056,-71.65828611,0,35,0,0,1,1,0,4,2,10,0,10,0,0000000,18,36,18,51,88,88,0,0,0,1,1
33,330062,1,1,0,0,0,1,1,15,201,26,9,2014,6,14,0,0,5,3,SR-84,DODGE ROAD,0,42.907025,-70.87466111,0,24,0,0,3,3,0,4,1,1,0,1,0,0000000,14,0,14,4,88,88,0,0,0,1,0
33,330063,2,2,0,0,0,2,2,17,29,6,10,2014,2,8,42,0,4,3,SR-9,RAMSDELL ROAD,0,43.219975,-71.03977778,0,12,2,0,3,4,0,1,1,1,0,1,0,0000000,8,42,8,47,9,36,0,0,0,1,0
33,330064,3,3,0,0,0,3,3,11,11,22,10,2014,4,12,34,1,13,3,SR-101A,,0,42.82053889,-71.60445833,0,12,6,0,1,1,0,1,1,2,0,2,0,0000000,12,34,12,42,13,27,0,0,0,1,0
33,330065,2,2,0,0,0,2,2,11,240,8,10,2014,4,18,53,0,13,6,CENTRAL STREET,,0,42.7718,-71.40753333,0,12,1,0,1,1,0,1,3,1,0,1,0,0000000,18,53,19,2,19,24,0,0,0,1,0
33,330066,1,1,0,0,0,4,4,13,41,12,10,2014,1,23,40,1,1,1,I-93,,448,43.29361111,-71.57436667,0,1,0,0,1,1,0,4,2,1,0,1,0,0000000,23,40,23,58,0,27,0,0,0,1,0
33,330067,1,1,0,0,0,1,1,9,300,17,10,2014,6,8,39,0,15,6,MANNS HILL ROAD,,0,44.35625556,-71.73334722,0,42,0,0,1,1,0,4,2,2,0,2,0,0000000,8,39,8,53,88,88,0,0,0,1,1
33,330068,1,1,0,0,0,3,3,1,260,2,11,2014,1,1,57,0,14,3,SR-106,,0,43.56583056,-71.48659167,0,42,0,0,1,1,0,4,3,1,0,1,0,0000000,1,57,2,3,2,49,0,0,0,1,1
33,330069,1,1,0,0,0,1,1,13,455,1,11,2014,7,15,52,0,4,3,SR-4,,0,43.39228333,-71.74673333,0,42,0,0,1,1,0,4,1,2,0,2,0,0000000,15,52,15,58,88,88,0,0,0,1,1
33,330070,2,2,0,0,0,2,2,13,150,6,10,2014,2,0,25,0,4,3,SR-3,,0,43.40198611,-71.65003889,0,12,2,0,1,1,0,1,2,10,5,5,0,0000000,0,26,0,36,1,17,0,0,0,1,0
33,330071,2,2,0,0,0,3,3,5,437,6,11,2014,5,18,42,0,3,3,SR-119,,0,42.73657778,-71.97598333,0,12,2,0,1,1,0,1,2,2,0,2,0,0000000,18,42,18,53,19,37,0,0,0,1,2
33,330072,3,3,0,1,1,7,7,17,440,6,11,2014,5,19,2,0,13,3,SR-16,,216,43.32443889,-70.98893889,0,9,0,0,1,1,0,1,2,2,0,2,0,0000000,19,2,19,13,19,38,15,0,0,1,0
33,330073,2,2,0,0,0,4,4,3,15,2,11,2014,1,12,0,0,2,3,SR-302,,0,44.07826389,-71.27121111,0,12,2,0,1,1,0,1,1,1,0,1,0,0000000,12,0,12,10,12,59,0,0,0,1,0
33,330074,3,2,1,0,0,2,2,19,173,18,11,2014,3,4,30,1,1,1,I-89,,416,43.52810833,-72.14035278,0,24,0,0,1,1,0,3,2,12,0,12,0,0000000,4,30,4,39,88,88,0,0,0,1,0
33,330075,1,1,0,1,1,2,2,3,487,19,11,2014,4,21,28,1,2,3,SR-16,,622,43.884475,-71.22705556,0,8,0,0,1,1,0,1,2,1,0,1,0,0000000,21,30,21,45,88,88,0,0,0,1,0
33,330076,1,1,0,0,0,1,1,11,350,19,11,2014,4,22,34,0,14,6,TINKER STREET,,0,42.79398889,-71.50102222,0,42,0,0,1,1,0,4,2,1,0,1,0,0000000,22,34,22,44,88,88,0,0,0,1,1
33,330077,2,1,1,0,0,1,1,15,448,21,11,2014,6,9,57,1,11,1,I-93,,38,42.76672778,-71.23889167,0,14,0,0,1,1,0,2,1,1,0,1,0,0000000,9,57,10,7,88,88,0,0,0,1,0
33,330078,1,1,0,0,0,1,1,15,305,24,11,2014,2,16,10,0,16,6,HALL ROAD,,0,42.90551667,-71.40755,0,52,0,0,1,1,0,4,1,1,0,1,0,0000000,16,10,16,15,16,58,0,0,0,1,0
33,330079,1,1,0,0,0,1,1,13,503,26,11,2014,4,6,59,1,1,1,I-89,,188,43.32274167,-71.89398333,0,35,0,0,1,1,0,4,1,10,0,10,0,0000000,7,0,7,12,88,88,0,0,0,1,0
33,330080,1,1,0,1,1,1,1,11,18,29,11,2014,7,17,22,0,16,6,COUNTRY ROAD,,0,42.93743611,-71.48071389,0,8,0,0,1,1,0,1,2,1,0,1,0,0000000,17,22,17,37,17,47,0,0,0,1,0
33,330081,1,1,0,1,1,1,1,11,310,28,11,2014,6,17,28,0,16,6,AUBURN STREET,TARRYTOWN ROAD,0,42.98525,-71.43527222,0,8,0,0,2,3,0,1,3,1,0,1,0,0000000,17,28,17,32,18,4,0,0,0,1,0
33,330082,1,1,0,1,1,1,1,11,350,29,10,2014,4,18,31,0,16,6,COTTON ROAD,SR-101A,0,42.78436667,-71.50779722,0,8,0,0,3,2,0,1,3,2,0,2,0,0000000,18,31,18,34,18,57,0,0,0,1,0
33,330083,1,1,0,0,0,1,1,3,346,20,12,2014,7,21,35,0,6,6,SKYLINE DRIVE,,0,43.76160278,-71.38828333,0,43,0,0,1,1,0,4,3,1,0,1,0,0000000,21,35,21,37,88,88,0,0,0,1,1
33,330084,1,1,0,0,0,1,1,13,410,19,12,2014,6,7,20,0,5,6,DOWBORO ROAD,,0,43.26785556,-71.32036389,0,39,0,0,1,1,0,4,4,1,0,1,0,0000000,7,20,7,26,8,14,0,0,0,1,0
33,330085,1,1,0,0,0,2,2,17,29,26,12,2014,6,15,52,0,6,6,TOLEND ROAD,,0,43.21441389,-70.95160556,0,30,0,0,1,1,0,4,1,1,0,1,0,0000000,15,52,16,0,88,88,0,0,0,1,1
33,330086,1,1,0,0,0,1,1,11,220,27,12,2014,7,22,17,0,6,6,CENTER ROAD,,0,43.13885556,-71.91671667,0,43,0,0,1,1,0,4,2,10,0,10,0,0000000,22,17,22,45,88,88,0,0,0,1,1
33,330087,1,1,0,0,0,1,1,15,32,28,12,2014,1,6,56,0,2,3,SR-101,,1080,43.04166111,-71.26693889,0,35,0,0,1,1,0,4,2,10,0,10,0,0000000,6,56,7,8,88,88,0,0,0,1,1
33,330088,1,1,0,0,0,1,1,15,305,29,12,2014,2,21,9,0,14,6,NASHUA ROAD,,0,42.82743611,-71.40406389,0,19,0,0,1,1,0,5,2,1,0,1,0,0000000,21,9,21,16,21,40,0,0,0,1,0
33,330089,1,1,0,0,0,1,1,13,49,20,12,2014,7,13,47,0,6,6,KING ROAD,,0,43.25786667,-71.42820278,0,35,0,0,1,1,0,4,1,1,0,1,0,0000000,13,48,13,57,14,39,0,0,0,1,0
34,340001,2,2,0,0,0,2,2,1,1105,15,2,2014,7,8,50,0,15,4,CR-614,CR-686,0,39.4997,-74.61353611,0,12,6,0,2,2,0,1,1,2,0,2,0,0000000,8,51,8,56,9,39,0,0,0,1,0
34,340002,1,1,0,0,0,1,1,1,1105,23,2,2014,1,19,52,0,14,4,CR-561,,0,39.52293611,-74.614925,0,42,0,0,1,1,0,4,3,1,0,1,0,0000000,19,59,20,11,20,30,0,0,0,1,0
34,340003,1,1,0,0,0,2,2,5,3691,23,2,2014,1,2,11,0,14,5,CHARLESTON ROAD,,0,40.03546111,-74.88518611,0,48,0,0,1,1,0,4,3,1,0,1,0,0000000,2,12,2,14,2,28,0,0,0,1,1
34,340004,3,3,0,0,0,3,3,5,3149,1,2,2014,7,17,49,1,13,3,SR-70,,201,39.88593889,-74.71316944,0,12,8,0,1,1,0,1,2,1,0,1,0,0000000,17,49,17,54,18,8,0,0,0,1,0
34,340005,1,1,0,0,0,3,3,3,950,28,2,2014,6,10,13,0,16,6,LYLE TERRACE,,0,40.94162778,-74.10359722,0,5,0,0,1,1,0,1,1,1,0,1,0,0000000,10,16,10,25,11,6,0,0,0,1,0
34,340006,1,1,0,1,1,1,1,7,2070,11,2,2014,3,23,23,0,13,3,SR-168,,79,39.87946111,-75.08523611,0,8,0,0,1,1,0,1,3,1,0,1,0,0000000,23,24,23,30,23,52,0,0,0,1,0
34,340007,1,1,0,0,0,2,2,9,0,25,2,2014,3,14,51,0,3,3,SR-47,,134,39.13256111,-74.85541111,0,30,0,0,1,1,0,4,1,4,0,4,0,0000000,14,52,15,3,15,35,0,0,0,1,1
34,340008,2,2,0,0,0,3,3,11,3460,27,2,2014,5,21,28,0,14,3,SR-47,,443,39.45422222,-75.04273333,0,12,2,0,1,1,0,1,3,1,0,1,0,0000000,21,28,21,49,22,16,0,0,0,1,0
34,340010,1,1,0,0,0,1,1,1,851,23,1,2014,5,8,22,1,12,8,GSP-444,,368,39.40731111,-74.55621944,0,1,0,1,5,1,0,5,1,1,0,1,0,0000000,8,24,8,33,8,48,0,0,0,1,0
34,340011,1,1,0,0,0,1,1,1,1105,30,1,2014,5,10,3,1,12,8,GSP-444,,425,39.48501111,-74.52218056,0,26,0,0,1,1,1,3,1,1,0,1,0,0000000,10,7,10,15,10,37,0,0,0,1,0
34,340012,3,3,0,0,0,10,10,21,3509,10,2,2014,2,0,35,1,11,1,I-95,,151,40.19151944,-74.60385,0,24,0,1,19,1,1,10,3,10,0,10,0,0000000,0,38,1,2,1,37,14,0,0,1,0
34,340013,3,3,0,0,0,3,3,19,0,5,2,2014,4,19,15,1,2,3,SR-31,,130,40.38918889,-74.83016111,0,12,8,0,1,1,0,1,2,1,0,1,0,0000000,19,21,19,32,19,57,0,0,0,1,1
34,340014,2,2,0,0,0,2,2,23,770,1,2,2014,7,13,33,0,15,4,CR-678,WEST FOURTH STREET,0,40.58671111,-74.45533056,0,12,2,0,2,2,0,1,1,1,0,1,0,0000000,13,35,13,47,14,23,0,0,0,1,0
34,340015,1,1,0,0,0,1,1,5,611,29,1,2014,4,20,3,0,15,4,CR-660,ORCHARD DR,0,40.12908889,-74.67039167,0,30,0,0,1,1,0,4,3,1,0,1,0,0000000,20,5,20,14,20,43,0,0,0,1,0
34,340016,1,1,0,1,1,1,1,1,2640,31,1,2014,6,22,23,1,13,2,US-40,MAIN ST,595,39.38993611,-74.52404722,0,8,0,0,2,2,0,1,3,1,0,1,0,0000000,22,18,22,29,22,46,0,0,0,1,0
34,340017,1,1,0,0,0,1,1,25,1925,1,2,2014,7,0,41,0,16,5,OAK HILL ROAD,,0,40.37245556,-74.0929,0,33,0,0,1,1,0,4,3,1,0,1,0,0000000,0,48,0,55,1,5,0,0,0,1,1
34,340018,1,1,0,0,0,3,3,21,935,11,1,2014,7,16,48,1,11,1,I-95,,1,40.2601,-74.84516111,0,18,0,0,1,1,0,5,1,2,0,2,0,0000000,16,52,17,5,17,39,0,0,0,1,0
34,340019,2,2,0,0,0,2,2,25,1798,11,2,2014,3,10,57,0,14,4,CR-522,,0,40.28298889,-74.33234167,0,12,6,0,8,1,0,1,1,1,0,1,0,0000000,11,1,11,5,11,24,0,0,0,1,0
34,340020,2,2,0,0,0,2,2,7,0,24,1,2014,6,11,38,1,13,3,SR-73,CROSS KEYS RD,176,39.80119444,-74.93153611,0,12,6,1,2,3,0,1,1,1,0,1,0,0000000,11,39,11,44,12,35,0,0,0,1,0
34,340021,1,1,0,1,1,1,1,25,430,5,2,2014,4,0,27,0,13,3,SR-35,,150,40.108675,-74.05698611,0,8,0,1,5,1,0,1,3,2,0,2,0,0000000,0,30,0,49,88,88,0,0,0,1,0
34,340022,1,1,0,0,0,2,2,29,0,8,2,2014,7,1,35,0,6,5,YELLOWBANK ROAD,VAUGHN AVENUE,0,39.98081667,-74.15311111,0,33,0,0,1,1,0,4,3,1,0,1,0,0000000,1,46,1,52,2,47,0,0,0,1,1
34,340023,2,2,0,0,0,2,2,31,660,11,2,2014,3,14,20,0,15,4,CR-509,,0,40.85191111,-74.17981111,0,12,6,0,4,1,0,1,1,1,0,1,0,0000000,14,19,14,26,14,53,0,0,0,1,0
34,340024,2,2,0,0,0,3,3,33,567,28,2,2014,6,18,32,1,11,1,I-295,,38,39.70328611,-75.45655,0,35,0,0,1,1,0,3,3,1,0,1,0,0000000,18,33,18,43,19,6,0,0,0,1,0
34,340025,1,1,0,0,0,1,1,17,1520,1,1,2014,4,3,29,0,6,6,MARIN BLVD,,0,40.71131111,-74.04353611,0,3,0,0,1,1,0,5,3,1,0,1,0,0000000,3,34,3,35,5,24,0,0,0,1,1
34,340026,2,2,0,0,0,2,2,35,0,28,2,2014,6,13,15,0,14,4,CR-512,,0,40.66461944,-74.53037222,0,12,2,0,1,1,0,1,1,1,0,1,0,0000000,13,22,13,50,14,4,0,0,0,1,0
34,340027,1,1,0,1,1,1,1,13,2130,28,2,2014,6,22,10,0,13,3,SR-27,,0,40.70452778,-74.19431389,0,8,0,0,1,1,0,1,2,1,0,1,0,0000000,22,13,22,16,22,37,0,0,0,1,0
34,340028,3,3,0,1,1,3,3,3,2740,6,2,2014,5,21,25,1,13,3,SR-17,,220,41.05485278,-74.12024444,0,8,0,0,1,1,0,1,3,1,0,1,0,0000000,99,98,99,98,88,88,0,0,0,1,0
34,340029,1,1,0,1,1,1,1,39,860,10,2,2014,2,21,53,0,13,3,SR-439,,0,40.68210833,-74.21266389,0,8,0,0,1,1,0,1,3,1,0,1,0,0000000,99,99,99,99,99,99,0,0,0,1,0
34,340030,1,1,0,2,2,1,1,1,1105,19,3,2014,4,9,38,0,15,4,CR-670,,0,39.48873889,-74.6149,0,31,0,0,1,1,0,5,1,1,0,1,0,0000000,9,38,9,54,10,19,0,0,0,1,0
34,340031,1,1,0,1,1,2,2,3,2200,18,3,2014,3,6,31,0,13,4,CR-507,,0,40.786275,-74.14566389,0,8,0,0,1,1,0,1,3,1,0,1,0,0000000,6,31,6,34,7,2,0,0,0,1,0
34,340032,2,2,0,0,0,2,2,39,3207,5,1,2014,1,14,5,1,11,1,I-78,,483,40.70586111,-74.34036111,0,12,1,0,1,1,0,1,1,3,0,3,0,0000000,14,9,14,23,14,50,0,0,0,1,0
34,340033,1,1,0,0,0,1,1,5,3325,23,3,2014,1,0,32,0,6,5,NEW ROAD,FOX CHASE ROAD,0,39.86388889,-74.70461111,0,30,0,0,3,4,0,4,3,1,0,1,0,0000000,0,33,0,40,1,11,0,0,0,1,1
34,340034,1,1,0,0,0,1,1,5,0,15,3,2014,7,17,38,1,2,3,SR-72,,25,39.87523056,-74.54828056,0,1,0,0,1,1,0,4,1,1,0,1,0,0000000,17,39,17,49,18,13,0,0,0,1,0
34,340035,1,1,0,0,0,5,5,7,3694,9,3,2014,1,14,39,1,12,8,446 (ACE),,346,39.68431111,-74.90946111,0,42,0,0,1,1,0,4,1,1,0,1,0,0000000,14,40,14,54,15,25,0,0,0,1,0
34,340036,1,1,0,1,1,1,1,7,3521,6,1,2014,2,8,28,0,16,6,AQUA LANE,LAKE DRIVE,0,39.75597222,-74.88435,0,8,0,0,3,3,0,1,1,2,0,2,1,0000000,8,29,8,34,8,45,0,0,0,1,0
34,340037,2,2,0,0,0,2,2,23,3705,6,1,2014,2,13,26,1,12,3,SR-440,,55,40.52108889,-74.2929,0,12,6,0,1,1,0,1,1,10,0,10,0,0000000,13,28,13,33,14,20,0,0,0,1,0
34,340038,2,2,0,0,0,6,6,5,1290,1,3,2014,7,18,33,0,14,4,CR-537,,0,39.98856944,-74.80744167,0,12,6,0,4,1,0,1,3,1,0,1,0,0000000,18,31,18,44,19,34,0,0,0,1,1
34,340039,2,2,0,0,0,2,2,7,3694,9,3,2014,1,14,9,1,13,2,US-30,,259,39.687775,-74.8343,0,12,2,0,1,1,0,1,1,1,0,1,0,0000000,14,10,14,13,15,10,0,0,0,1,0
34,340040,1,1,0,0,0,1,1,25,8,6,1,2014,2,16,1,1,12,8,GSP-444,,1196,40.42781944,-74.2247,0,42,0,0,1,1,0,5,1,1,0,1,0,0000000,16,14,16,43,88,88,0,0,0,1,0
34,340041,2,2,0,0,0,3,3,21,3509,8,1,2014,4,14,28,1,13,2,US-130,,663,40.25112778,-74.56266111,0,12,1,0,1,1,0,1,1,1,0,1,0,0000000,14,27,14,31,15,21,0,0,0,1,0
34,340042,1,1,0,1,1,1,1,11,0,24,3,2014,2,0,33,0,14,2,US-9,,275,39.42376389,-75.20176389,0,8,0,0,1,1,0,1,2,1,0,1,0,0000000,0,33,0,35,88,88,0,0,0,1,0
34,340043,3,3,0,0,0,3,3,25,1465,8,1,2014,4,7,5,0,3,3,SR-34,,96,40.23067778,-74.14732222,0,12,8,0,1,1,0,1,1,1,0,1,0,0000000,7,10,7,30,7,58,0,0,0,1,0
34,340044,1,1,0,0,0,1,1,13,2890,8,3,2014,7,4,5,1,11,1,I-280,,40,40.82424167,-74.31929722,0,33,0,1,5,1,0,8,3,1,0,1,0,0000000,99,99,99,99,99,99,0,0,0,1,1
34,340045,2,2,0,0,0,2,2,21,825,20,3,2014,5,19,33,0,13,4,CR-571,CR-535,0,40.284875,-74.562175,0,12,6,0,2,2,0,1,5,1,0,1,0,0000000,19,35,19,46,20,20,0,0,0,1,0
34,340046,2,2,0,0,0,2,2,5,1040,30,1,2014,5,20,53,1,13,2,US-130,FLORENCE COLUMBUS RD,508,40.10658056,-74.78297778,0,12,1,0,2,2,0,1,3,1,0,1,0,0000000,20,55,21,4,88,88,0,0,0,1,1
34,340047,1,1,0,1,1,1,1,3,640,9,1,2014,5,15,56,0,14,4,CR-S25,,0,40.81902778,-73.98831111,0,8,0,0,1,1,0,1,1,1,0,1,0,0000000,15,54,15,56,88,88,0,0,0,1,0
34,340048,4,4,0,1,1,3,3,29,415,10,1,2014,6,8,38,0,14,4,CR-630,PRINCETON AVE,0,40.05931667,-74.07201111,0,8,0,0,1,1,0,1,1,3,0,3,0,0000000,8,43,8,55,9,29,19,0,0,1,0
34,340049,1,1,0,0,0,1,1,21,3509,20,3,2014,5,3,21,0,16,5,HUTCHINSON ROAD,AMBLESIDE DRIVE,0,40.23071111,-74.62925556,0,33,0,0,3,2,0,4,3,2,0,2,0,0000000,3,20,3,24,88,88,0,0,0,1,1
34,340050,1,1,0,1,1,1,1,21,1265,5,3,2014,4,20,44,0,14,5,LIBERTY STREET,BERNADINE AVENUE,0,40.21340833,-74.733275,0,8,0,0,3,3,0,1,3,1,0,1,0,0000000,20,40,20,45,20,58,0,0,0,1,0
34,340051,1,1,0,1,1,1,1,13,1990,11,2,2014,3,12,24,0,14,4,CR-623,,0,40.81598333,-74.20703889,0,8,0,0,1,1,0,7,1,1,0,1,0,0000000,99,99,99,99,99,99,0,0,0,1,0
34,340052,1,1,0,1,1,1,1,13,3150,26,3,2014,4,20,15,0,16,6,WARD PLACE,,0,40.74220278,-74.25084167,0,8,0,0,1,1,0,1,2,1,0,1,0,0000000,20,17,20,31,21,8,0,0,0,1,0
34,340053,1,1,0,1,1,1,1,19,0,11,1,2014,7,21,19,1,13,2,US-202,SR-179,70,40.440175,-74.85813889,0,9,0,0,2,2,0,1,2,1,0,1,0,0000000,21,18,21,25,22,15,0,0,0,1,0
34,340054,2,2,0,0,0,22,22,7,2600,10,1,2014,6,7,10,0,14,4,CR-687,,46,39.8007,-75.00615556,0,12,6,0,1,1,0,1,1,3,0,3,0,0000000,7,11,7,18,8,30,0,0,0,1,0
34,340055,1,1,0,1,1,1,1,13,1480,29,3,2014,7,23,30,0,14,4,CR-509,,0,40.72857222,-74.22038889,0,8,0,0,1,1,0,1,3,2,0,2,0,0000000,23,38,23,40,23,52,0,0,0,1,0
34,340056,1,1,0,0,0,1,1,29,1590,18,3,2014,3,3,11,0,14,3,SR-88,CHERRY STREET,12,40.09051389,-74.19235278,0,33,0,0,3,3,0,4,3,1,0,1,0,0000000,3,16,3,19,3,54,0,0,0,1,1
34,340057,2,2,0,1,1,2,2,3,1210,16,1,2014,5,4,8,1,13,3,SR-17,,93,40.87868333,-74.06504722,0,8,0,0,1,1,0,1,2,1,0,1,0,0000000,4,12,4,23,88,88,0,0,0,1,0
34,340058,1,1,0,0,0,1,1,35,0,16,1,2014,5,6,26,1,13,2,US-206,,610,40.44275,-74.663175,0,11,0,0,1,1,0,1,2,10,0,10,0,0000000,6,28,6,44,7,30,0,0,0,1,0
34,340059,1,1,0,0,0,1,1,23,844,1,1,2014,4,15,32,1,11,1,I-95,,394,40.49361111,-74.39003889,0,25,0,0,1,1,0,3,1,1,0,1,0,0000000,99,99,99,99,99,99,0,0,0,1,0
34,340060,1,1,0,0,0,1,1,21,1265,21,1,2014,3,16,26,1,12,3,SR-29,,7,40.18471111,-74.73551944,0,24,0,0,1,1,0,3,1,4,0,4,0,0000000,16,30,16,41,16,58,0,0,0,1,0
34,340061,1,1,0,1,1,1,1,7,3694,30,1,2014,5,23,10,0,15,4,CR-720,,0,39.69788611,-74.91718056,0,8,0,0,1,1,0,1,2,1,0,1,0,0000000,23,8,23,18,88,88,0,0,0,1,0
34,340062,2,2,0,0,0,2,2,25,1465,21,3,2014,6,1,10,1,13,2,US-9,HULSES ROAD,1072,40.16721111,-74.23711389,0,12,7,0,3,2,0,1,3,1,0,1,0,0000000,1,10,1,21,1,59,0,0,0,1,0
34,340063,3,3,0,0,0,3,3,7,240,29,1,2014,4,13,46,1,12,8,700,,264,39.86036111,-75.07006944,0,12,1,0,1,1,0,1,1,1,0,1,0,0000000,13,52,13,54,14,27,19,14,0,1,0
34,340064,1,1,0,0,0,1,1,29,1505,12,3,2014,4,20,28,0,14,4,CR-547,,0,40.06025833,-74.27480278,0,59,0,0,1,1,0,4,2,2,0,2,0,0000000,20,31,20,47,21,40,0,0,0,1,1
34,340065,1,1,0,1,1,1,1,3,2170,30,1,2014,5,18,48,0,16,6,CENTER ST,BOULEVARD,0,40.94940833,-74.01608333,0,8,0,0,3,3,0,1,3,1,0,1,0,0000000,18,49,18,53,19,11,0,0,0,1,0
34,340066,1,1,0,1,1,1,1,25,1465,12,3,2014,4,14,2,0,3,4,CR-549,,0,40.148,-74.15002778,0,9,0,0,1,1,0,2,1,10,0,10,0,0000000,14,2,14,11,14,56,0,0,0,1,0
34,340067,1,1,0,1,1,1,1,23,2417,31,1,2014,6,19,30,1,13,3,SR-34,TRIANGLE RD,262,40.43235833,-74.29760556,0,8,0,0,1,1,0,1,3,1,0,1,0,0000000,19,36,19,46,20,15,0,0,0,1,0
34,340068,1,1,0,0,0,1,1,27,2498,3,3,2014,2,15,31,1,11,1,I-80,,420,40.86743889,-74.44834722,0,35,0,0,1,1,0,3,1,1,0,1,0,0000000,15,34,15,39,16,0,0,0,0,1,0
34,340069,1,1,0,0,0,1,1,39,705,20,1,2014,2,21,41,1,12,8,GSP-444,,1389,40.65108056,-74.28726111,0,42,0,0,1,1,0,5,3,1,0,1,0,0000000,21,43,21,49,88,88,0,0,0,1,0
34,340070,1,1,0,1,1,1,1,29,0,21,3,2014,6,20,10,0,16,4,CR-85,,0,39.87637222,-74.19233333,0,8,0,0,1,1,0,1,2,1,0,1,0,0000000,20,11,20,27,20,58,0,0,0,1,0
34,340071,1,1,0,0,0,1,1,29,0,27,3,2014,5,23,42,0,6,5,MATHISTOWN ROAD,,0,39.58666389,-74.37589167,0,42,0,0,1,1,0,4,2,1,0,1,0,0000000,23,45,23,50,0,5,0,0,0,1,1
34,340072,1,1,0,1,1,1,1,15,0,18,1,2014,7,18,40,0,14,2,US-322,,269,39.66026944,-74.96228889,0,8,0,0,1,1,0,1,3,1,0,1,0,0000000,18,47,18,56,88,88,0,0,0,1,0
34,340073,1,1,0,1,1,1,1,31,660,3,3,2014,2,2,59,1,12,3,SR-3,,29,40.83861944,-74.15708056,0,8,0,0,1,1,0,1,3,1,0,1,0,0000000,3,6,3,9,88,88,0,0,0,1,0