STATE,ST_CASE,VE_TOTAL,VE_FORMS,PVH_INVL,PEDS,PERNOTMVIT,PERMVIT,PERSONS,COUNTY,CITY,DAY,MONTH,YEAR,DAY_WEEK,HOUR,MINUTE,NHS,ROAD_FNC,ROUTE,TWAY_ID,TWAY_ID2,MILEPT,LATITUDE,LONGITUD,SP_JUR,HARM_EV,MAN_COLL,RELJCT1,RELJCT2,TYP_INT,WRK_ZONE,REL_ROAD,LGT_COND,WEATHER1,WEATHER2,WEATHER,SCH_BUS,RAIL,NOT_HOUR,NOT_MIN,ARR_HOUR,ARR_MIN,HOSP_HR,HOSP_MN,CF1,CF2,CF3,FATALS,DRUNK_DR
34,340189,1,1,0,0,0,1,1,31,660,21,6,2014,7,13,32,1,12,8,GARDEN STATE PARKWAY,,1551,40.86333056,-74.17211944,0,24,0,0,1,1,0,3,1,1,0,1,0,0000000,13,35,13,50,14,5,0,0,0,1,0
34,340190,2,2,0,1,1,1,1,3,1680,1,4,2014,3,13,14,1,11,1,I-95,,746,40.87561944,-73.98773889,0,8,0,0,1,1,0,1,1,1,0,1,0,0000000,13,31,13,44,88,88,14,0,0,1,0
34,340191,3,3,0,0,0,3,3,35,1417,2,4,2014,4,17,46,0,14,4,CR-677,,0,40.50844167,-74.68428333,0,12,8,0,1,1,0,1,1,1,0,1,0,0000000,17,47,17,50,18,15,0,0,0,1,1
34,340192,2,2,0,0,0,2,2,29,1801,21,6,2014,7,14,15,1,13,3,SR-37,COLONIAL DRIVE,0,40.00566111,-74.29740278,0,12,6,0,2,2,0,1,1,1,0,1,0,0000000,14,22,14,22,99,99,0,0,0,1,0
34,340193,1,1,0,0,0,1,1,29,1590,14,6,2014,7,1,56,0,14,4,CR-526,FERNWOOD AVENUE,0,40.10672778,-74.22904444,0,33,0,0,3,3,0,4,3,1,0,1,0,0000000,1,59,2,8,2,5,0,0,0,1,1
34,340194,1,1,0,1,1,1,1,27,0,3,6,2014,3,18,37,1,13,2,US-46,,318,40.89299722,-74.68840278,0,40,0,0,1,1,0,4,1,1,0,1,0,0000000,18,40,18,49,19,28,0,0,0,1,0
34,340195,2,2,0,0,0,3,3,17,1540,28,6,2014,7,0,48,1,13,2,US-1&9,S HACKENSACK AVE,15,40.72871111,-74.104075,0,12,6,0,2,2,0,1,3,1,0,1,0,0000000,0,46,0,51,1,38,0,0,0,1,1
34,340196,1,1,0,1,1,1,1,35,1081,17,6,2014,3,9,36,0,16,5,WESTON ROAD,,0,40.52201111,-74.58183889,0,9,0,0,1,1,0,1,1,1,0,1,0,0000000,9,38,9,53,99,99,0,0,0,1,0
34,340197,3,3,0,0,0,6,6,17,1520,13,6,2014,6,6,16,1,11,1,I-78,,645,40.70548889,-74.06313889,0,12,1,1,17,1,0,1,1,2,0,2,0,0000000,6,23,6,36,7,4,0,0,0,1,0
34,340198,1,1,0,1,1,1,1,15,3569,26,6,2014,5,7,10,0,14,4,CR-656,,0,39.81538611,-75.18859722,0,9,0,0,1,1,0,1,1,1,0,1,0,0000000,99,99,99,99,99,99,0,0,0,1,0
34,340199,1,1,0,0,0,1,1,37,0,22,6,2014,1,14,32,0,4,4,CR-560,,0,41.21623611,-74.82509167,0,30,0,0,1,1,0,4,1,1,0,1,0,0000000,2,35,2,40,88,88,0,0,0,1,0
34,340200,2,2,0,0,0,5,5,33,567,22,6,2014,1,13,38,0,14,3,SR-48,I-295,15,39.70978333,-75.4475,0,12,6,1,5,1,0,1,1,1,0,1,0,0000000,13,38,13,44,88,88,0,0,0,1,1
34,340201,2,2,0,0,0,3,3,15,0,3,6,2014,3,5,25,1,2,8,777,,141,39.76266667,-75.26108056,0,12,1,0,1,1,0,1,4,1,0,1,0,0000000,5,24,5,42,99,98,0,0,0,1,0
34,340202,1,1,0,0,0,6,6,15,1082,3,6,2014,3,6,12,1,12,3,SR-55,,401,39.59059444,-75.07291111,0,42,0,0,1,1,0,3,1,1,0,1,0,0000000,6,19,6,32,7,0,0,0,0,2,0
34,340203,1,1,0,1,1,1,1,25,2374,11,6,2014,4,7,48,0,13,3,SR-35,,274,40.26472778,-74.04208056,0,8,0,1,17,1,0,1,1,10,0,10,0,0000000,7,52,7,54,8,12,0,0,0,1,0
34,340204,2,2,0,0,0,2,2,35,425,11,6,2014,4,16,55,1,13,2,US-22,,352,40.57951389,-74.59675556,0,12,1,0,1,1,0,2,1,1,0,1,0,0000000,16,59,17,5,17,27,0,0,0,1,1
34,340205,2,2,0,0,0,3,3,1,1105,27,6,2014,6,18,14,1,13,2,US-30,BREMEN AVE,422,39.520025,-74.63498889,0,12,6,0,2,2,0,1,1,1,0,1,0,0000000,18,17,18,20,18,58,0,0,0,1,0
34,340206,2,2,0,0,0,2,2,33,45,14,6,2014,7,20,0,0,4,4,CR-540,,0,39.54343056,-75.35506111,0,12,7,0,1,1,0,1,1,1,0,1,0,0000000,20,8,20,13,88,88,0,0,0,1,1
34,340207,2,2,0,0,0,2,2,33,2617,10,6,2014,3,15,17,0,6,4,CR-613,,20,39.55006944,-75.13333056,0,12,6,0,4,1,0,1,1,1,0,1,0,0000000,15,16,15,40,16,4,0,0,0,1,0
34,340208,2,2,0,0,0,4,4,11,1845,27,6,2014,6,19,47,0,3,3,SR-49,,448,39.34396944,-74.8981,0,12,6,0,1,1,0,1,5,1,0,1,0,0000000,19,49,20,0,20,28,0,0,0,2,0
34,340209,2,2,0,0,0,2,2,3,3335,20,6,2014,6,22,36,1,11,1,I-80,,680,40.86473056,-74.01586111,0,12,1,1,18,1,0,1,3,1,0,1,0,0000000,22,38,22,45,88,88,0,0,0,1,1
34,340210,2,2,0,0,0,2,2,29,0,7,6,2014,7,17,15,0,16,5,JAMAICA BLVD,LELAMENTIN DRIVE,0,39.96533333,-74.2562,0,12,6,0,2,2,0,1,1,1,0,1,0,0000000,17,18,17,23,17,53,0,0,0,1,0
34,340211,1,1,0,0,0,6,6,1,1264,20,6,2014,6,7,7,1,2,8,ACE-446,,227,39.56841944,-74.75975,0,24,0,0,1,1,0,3,1,1,0,1,0,0000000,7,12,7,24,8,9,0,0,0,2,1
34,340212,2,2,0,0,0,2,2,29,1505,7,6,2014,7,17,55,0,14,4,CR-528,,0,40.08411667,-74.265675,0,12,6,0,7,1,0,1,1,1,0,1,0,0000000,17,57,18,11,18,36,0,0,0,1,0
34,340213,1,1,0,0,0,1,1,3,840,21,6,2014,7,9,45,0,16,6,COLONY RD,SHORE RD,0,40.84361944,-73.96578889,0,1,0,0,2,3,0,1,1,1,0,1,0,0000000,9,46,9,57,88,88,0,0,0,1,0
34,340214,2,2,0,0,0,2,2,31,3522,1,6,2014,1,9,53,0,14,4,CR-504,OAKWOOD DRIVE,0,40.94865,-74.25658056,0,12,6,0,2,3,0,1,1,1,0,1,0,0000000,9,57,10,4,10,23,0,0,0,1,0
34,340215,2,2,0,0,0,2,2,31,2510,20,6,2014,6,22,43,0,16,6,PARK AVE,E 18TH ST,0,40.91499722,-74.15666389,0,12,6,0,2,2,0,1,3,1,0,1,0,0000000,99,99,99,99,99,99,0,0,0,1,1
34,340216,2,2,0,0,0,2,2,13,800,22,6,2014,1,0,36,0,14,4,CR-509,MLK BLVD,0,40.75825278,-74.20361667,0,12,1,0,3,2,0,1,3,1,0,1,0,0000000,99,99,99,99,99,99,0,0,0,1,1
34,340217,3,3,0,0,0,3,3,3,1060,12,6,2014,5,2,7,1,11,1,I-95,,775,40.85249444,-73.95681389,0,12,1,0,1,1,1,1,3,1,0,1,0,0000000,2,25,2,28,3,10,0,0,0,1,0
34,340218,6,6,0,0,0,21,21,23,704,7,6,2014,7,1,0,1,11,1,I-95,,260,40.31755,-74.488,0,12,1,0,1,1,1,1,2,1,0,1,0,0000000,1,10,1,30,2,14,0,0,0,1,0
34,340219,1,1,0,1,1,1,1,3,1210,3,6,2014,3,12,21,0,14,4,CR-62-I,FIRST STREET,0,40.89375556,-74.04689722,0,8,0,0,2,2,0,1,1,1,0,1,0,0000000,12,21,12,26,88,88,0,0,0,1,0
34,340220,2,2,0,0,0,3,3,15,0,21,6,2014,7,14,0,0,14,4,CR-659,,0,39.68919167,-74.94568333,0,12,9,0,1,1,0,1,1,1,0,1,0,0000000,14,12,14,18,88,88,0,0,0,1,0
34,340221,8,8,0,0,0,11,11,3,560,9,6,2014,2,16,55,1,11,1,I-95 (NSW),,85,40.81733889,-74.0456,0,12,1,0,1,1,0,1,1,1,0,1,0,0000000,17,5,17,17,18,9,28,0,0,1,0
34,340222,1,1,0,0,0,3,3,3,2770,24,7,2014,5,1,30,1,13,2,US-1,HENDERICKS CAUSEWAY,619,40.83284444,-74.01018889,0,33,0,0,3,4,0,4,3,1,0,1,0,0000000,1,35,1,40,2,17,0,0,0,1,0
34,340223,2,2,0,0,0,3,3,11,3460,28,6,2014,7,13,13,0,14,4,CR-555,,0,39.42078889,-75.02671111,0,12,6,0,8,1,0,1,1,1,0,1,0,0000000,13,9,13,16,13,28,0,0,0,1,0
34,340224,1,1,0,0,0,1,1,15,747,2,7,2014,4,15,43,1,12,3,SR-55,,575,39.80751111,-75.10525,0,42,0,0,1,1,0,5,1,1,0,1,0,0000000,15,51,15,59,88,88,0,0,0,1,0
34,340225,1,1,0,1,1,1,1,29,1590,22,5,2014,5,14,8,0,16,5,ELEVENTH STREET,,0,40.10088611,-74.21662222,0,8,0,0,4,1,0,1,1,10,0,10,0,0000000,14,12,14,15,14,30,0,0,0,1,0
34,340226,1,1,0,1,1,1,1,3,840,9,5,2014,6,22,45,0,14,4,CR-505,,0,40.80374722,-73.9934,0,9,0,0,1,1,0,1,3,5,0,5,0,0000000,22,56,23,0,23,55,0,0,0,1,1
34,340227,3,2,1,0,0,4,4,25,250,20,4,2014,1,2,8,0,13,3,SR-35,SR-71,214,40.18200556,-74.02760278,0,12,6,0,2,3,0,1,3,1,0,1,0,0000000,2,14,2,24,2,33,0,0,0,1,1
34,340228,1,1,0,1,1,1,1,3,1330,26,6,2014,5,20,10,0,14,4,CR-57,LAWRENCE AVENUE,0,40.86852778,-74.07142222,0,8,0,0,2,2,0,1,1,1,0,1,0,0000000,20,9,20,14,20,32,0,0,0,1,0
34,340229,2,1,1,0,0,1,1,21,825,19,7,2014,7,15,55,0,16,5,LAKE DRIVE,,0,40.26658056,-74.49432778,0,33,0,0,1,1,0,4,1,1,0,1,0,0000000,16,4,16,10,16,31,0,0,0,1,0
34,340230,1,1,0,0,0,2,2,29,0,6,7,2014,1,17,4,1,2,8,GSP-444,,605,39.66738056,-74.31568056,0,1,0,0,1,1,0,3,1,1,0,1,0,0000000,17,4,17,20,18,1,0,0,0,1,0
34,340231,4,3,1,0,0,3,3,29,0,14,7,2014,2,0,54,1,2,8,GSP-444,,730,39.83141944,-74.22653056,0,12,1,0,1,1,0,1,2,1,0,1,0,0000000,1,20,1,26,88,88,19,0,0,1,0
34,340232,2,2,0,0,0,3,3,23,3705,10,7,2014,5,22,37,1,12,8,GSP-444,,1290,40.53121389,-74.29733333,0,12,2,1,5,1,0,1,2,1,0,1,0,0000000,22,42,22,56,99,99,0,0,0,2,2
34,340233,1,1,0,0,0,1,1,29,3360,27,7,2014,1,2,6,0,13,4,CR-549-SPUR2,,0,39.96994722,-74.13362778,0,33,0,0,1,1,0,3,3,1,0,1,0,0000000,2,7,2,12,88,88,0,0,0,1,1
34,340234,1,1,0,0,0,4,4,1,1105,20,7,2014,1,15,24,0,12,8,444 (GARDEN STATE PKWY),,420,39.47815,-74.52696944,0,24,0,0,1,1,0,4,1,1,0,1,0,0000000,15,25,15,48,15,54,0,0,0,1,0
34,340235,2,2,0,0,0,2,2,15,1814,25,7,2014,6,6,33,0,14,4,CR-603,CR-553,0,39.76976111,-75.13477222,0,12,2,0,2,2,0,1,1,1,0,1,0,0000000,6,32,6,38,7,5,0,0,0,1,0
34,340236,1,1,0,1,1,1,1,23,3144,10,7,2014,5,23,20,0,13,3,SR-27,HENDERSON RD,96,40.4364,-74.54036111,0,8,0,0,3,3,0,1,3,1,0,1,0,0000000,23,20,23,27,23,55,0,0,0,1,0
34,340237,1,1,0,0,0,1,1,1,1264,30,7,2014,4,7,32,0,3,2,US-322,,412,39.51474167,-74.78023056,0,35,0,0,1,1,0,5,1,1,0,1,0,0000000,7,36,7,34,88,88,0,0,0,1,0
34,340238,1,1,0,0,0,4,4,27,2745,26,7,2014,7,13,37,0,16,5,RANDOLPH TWP,,0,40.81861389,-74.62384167,0,24,0,0,1,1,0,4,1,1,0,1,0,0000000,13,37,13,53,99,99,0,0,0,2,0
34,340240,1,1,0,0,0,1,1,35,1081,14,7,2014,2,4,47,0,14,4,CR-518,,0,40.39828333,-74.61746944,0,34,0,0,1,1,0,4,2,10,0,10,0,0000000,4,52,4,58,5,35,0,0,0,1,1
34,340241,1,1,0,0,0,1,1,13,2130,21,7,2014,2,22,35,1,12,3,SR-21,,50,40.77435833,-74.15415556,0,25,0,0,1,1,0,3,3,1,0,1,0,0000000,22,40,22,50,88,88,0,0,0,1,0
34,340242,2,2,0,0,0,3,3,23,2417,16,7,2014,4,10,9,1,13,2,US-9,FERRY ROAD,1230,40.38415,-74.30836667,0,12,6,1,2,2,0,1,1,1,0,1,0,0000000,10,15,10,29,11,2,0,0,0,1,0
34,340243,1,1,0,0,0,1,1,3,1750,14,7,2014,2,1,31,0,16,6,ESSEX STREET,CR-17,0,40.88906389,-74.06816667,0,30,0,0,3,2,0,4,2,2,0,2,0,0000000,1,29,1,35,2,2,0,0,0,1,1
34,340244,3,3,0,0,0,6,6,31,3370,28,7,2014,2,16,58,0,13,4,CR-646,LINCOLN AVE,0,40.90887222,-74.20446667,0,12,1,0,3,2,0,1,1,1,0,1,0,0000000,16,20,16,36,17,0,0,0,0,1,0
34,340245,1,1,0,0,0,3,3,17,2205,3,7,2014,5,6,10,1,12,3,SR-3,SR-495,105,40.77668611,-74.04662222,1,33,0,1,5,1,0,3,4,10,0,10,0,0000000,88,88,88,88,88,88,0,0,0,3,1
34,340246,2,1,1,1,1,1,1,3,560,26,7,2014,7,4,36,0,13,3,SR-120,,21,40.82904722,-74.08157222,0,8,0,0,1,1,0,1,3,1,0,1,0,0000000,4,49,5,0,88,88,14,0,0,1,0
34,340247,3,3,0,0,0,8,8,5,481,22,6,2014,1,20,10,0,14,4,CR-541,CADILLAC RD,0,40.0489,-74.83865833,0,12,6,0,2,2,0,1,1,1,0,1,0,0000000,20,12,20,20,20,43,0,0,0,1,0
34,340248,3,3,0,0,0,5,5,25,1465,17,7,2014,5,8,9,0,15,4,CR-524A,WEST FARMS ROAD,0,40.20044167,-74.18376667,0,12,6,0,2,3,0,1,1,1,0,1,0,0000000,99,99,99,99,99,99,0,0,0,1,0
34,340249,2,2,0,0,0,2,2,5,481,12,7,2014,7,1,4,0,14,4,CR-541,,0,40.05206944,-74.841725,0,12,6,0,4,1,0,1,3,1,0,1,0,0000000,1,7,1,8,1,23,0,0,0,1,0
34,340250,1,1,0,1,1,1,1,13,2130,6,7,2014,1,4,30,0,14,6,ELIZABETH AVE,,0,40.70996389,-74.197175,0,8,0,0,1,1,0,1,2,1,0,1,0,0000000,99,99,99,99,88,88,0,0,0,1,0
34,340251,2,2,0,0,0,8,8,29,0,26,7,2014,7,14,46,1,12,8,GARDEN STATE PARKWAY-444,,636,39.70486944,-74.28693889,0,12,6,0,1,1,0,1,1,2,0,2,0,0000000,99,99,99,99,99,99,0,0,0,2,0
34,340252,2,2,0,0,0,3,3,29,3360,13,7,2014,1,16,3,1,13,3,SR-37,DOUGLAS STREET,119,39.94912222,-74.113575,0,12,1,0,1,1,0,1,1,1,0,1,0,0000000,16,5,16,13,17,7,0,0,0,1,0
34,340253,2,2,0,0,0,5,5,13,800,9,7,2014,4,20,50,0,14,4,CR-509,CENTRAL AVE,0,40.75118056,-74.20601389,0,12,2,0,3,2,0,1,5,1,0,1,0,0000000,20,54,20,58,21,29,0,0,0,3,1
34,340254,2,1,1,3,6,1,4,25,3357,22,7,2014,3,9,16,1,12,8,GARDEN STATE PARKWAY - 444,,1079,40.30226667,-74.09363056,0,14,0,0,1,1,0,10,1,1,0,1,0,0000000,9,19,9,23,10,26,23,0,0,1,0
34,340255,2,2,0,0,0,2,2,29,3360,29,7,2014,3,14,11,0,14,6,CR-623,WHITTY RD,0,40.001075,-74.20028889,0,12,2,0,1,1,0,1,1,1,0,1,0,0000000,14,12,14,14,14,42,0,0,0,1,0
34,340256,3,3,0,1,1,3,3,25,0,9,6,2014,2,23,36,1,13,2,US-9,,1118,40.22552778,-74.27112778,0,8,0,0,1,1,0,1,3,2,0,2,0,0000000,0,39,0,48,88,88,0,0,0,1,0
34,340257,1,1,0,0,0,1,1,27,0,22,6,2014,1,2,14,0,14,4,CR-513,,0,40.97238333,-74.48966667,0,24,0,0,1,1,0,4,2,1,0,1,0,0000000,2,18,2,34,88,88,0,0,0,1,1
34,340258,1,1,0,0,0,3,3,39,2630,2,3,2014,1,2,20,0,16,6,EAST 7TH ST,SCOTT AVE,0,40.62173611,-74.41055556,0,33,0,0,3,3,0,4,3,1,0,1,0,0000000,2,23,2,27,3,10,0,0,0,2,1
34,340259,4,2,2,3,3,3,3,3,1795,24,6,2014,3,12,38,1,11,1,I-287,,664,41.09805556,-74.16907222,0,12,7,0,1,1,0,2,1,1,0,1,0,0000000,12,44,12,54,99,99,23,14,0,3,0
34,340260,3,3,0,0,0,4,4,39,2730,10,5,2014,7,14,26,0,14,3,SR-27,W GRAND AVE,288,40.61616667,-74.28502778,0,12,6,0,4,1,0,1,1,1,0,1,0,0000000,2,26,2,28,2,38,0,0,0,1,1
34,340261,1,1,0,0,0,2,2,9,0,9,7,2014,4,6,55,0,5,3,SR-47,,159,39.16147778,-74.83277222,0,30,0,0,1,1,0,4,1,1,0,1,0,0000000,6,56,7,1,7,35,0,0,0,1,0
34,340262,1,1,0,1,1,1,1,1,1105,16,7,2014,4,1,24,0,15,4,CR-670,LIEBIG AVE,0,39.52625,-74.57123889,0,8,0,0,3,2,0,1,2,10,0,10,0,0000000,1,29,1,36,88,88,0,0,0,1,1
34,340263,1,1,0,0,0,2,2,33,45,15,8,2014,6,23,37,0,4,4,CR-657,,61,39.57056944,-75.37155,0,30,0,0,1,1,0,4,2,1,0,1,0,0000000,23,37,23,44,88,88,0,0,0,2,1
34,340264,2,2,0,0,0,4,4,25,250,18,7,2014,6,23,59,0,13,3,SR-71,SAILOR'S WAY,50,40.17658056,-74.03183611,0,12,6,0,3,3,0,1,3,1,0,1,0,0000000,23,59,0,9,0,38,0,0,0,1,0
34,340265,1,1,0,1,1,1,1,9,0,21,7,2014,2,18,58,0,14,2,US-9,,253,39.22101111,-74.69083889,0,8,0,0,1,1,0,1,1,1,0,1,0,0000000,19,0,19,3,99,99,0,0,0,1,0
34,340266,1,1,0,0,0,1,1,25,0,15,7,2014,3,16,32,0,3,4,CR-537,,0,40.17968889,-74.39643889,0,30,0,0,1,1,0,4,1,1,0,1,0,0000000,16,41,16,55,17,43,0,0,0,1,0
34,340267,2,2,0,0,0,2,2,13,800,27,8,2014,4,12,8,1,11,1,I-280,,124,40.75758889,-74.2041,0,12,1,0,1,1,0,1,1,1,0,1,0,0000000,12,18,12,25,88,88,0,0,0,1,0
34,340268,2,2,0,0,0,2,2,9,0,30,8,2014,7,12,43,0,3,3,SR-49,SECOND AVE,526,39.29606667,-74.77401111,0,12,6,0,3,3,0,2,1,1,0,1,0,0000000,12,42,12,51,13,50,0,0,0,1,0
34,340269,1,1,0,0,0,2,2,33,0,17,8,2014,1,3,15,0,6,4,CR-658,HELLS NECK RD,0,39.47624167,-75.39722778,0,42,0,0,3,3,0,5,3,1,0,1,0,0000000,1,55,2,12,3,20,0,0,0,1,1
34,340270,2,2,0,0,0,2,2,15,1075,25,8,2014,2,16,13,1,13,2,US-40,TUCKAHOE RD,327,39.54334444,-74.96495556,0,12,6,0,2,3,0,1,1,1,0,1,0,0000000,16,17,16,24,17,4,0,0,0,1,0
34,340271,2,2,0,0,0,2,2,27,2498,27,8,2014,4,11,38,1,11,1,I-80,,420,40.86706111,-74.44368056,0,12,1,0,1,1,0,1,1,1,0,1,0,0000000,11,39,11,57,88,88,0,0,0,1,0
34,340272,1,1,0,1,1,1,1,7,2545,16,3,2014,1,3,10,1,13,2,US-30,,28,39.93616111,-75.08685833,0,8,0,0,1,1,0,1,3,1,0,1,0,0000000,99,99,99,99,99,99,0,0,0,1,0
34,340273,1,1,0,1,1,1,1,21,1650,6,6,2014,6,22,11,1,13,2,US-1,BAKERS BASIN ROAD,60,40.27520278,-74.70593889,0,8,0,0,2,2,0,1,3,1,0,1,0,0000000,22,10,22,15,88,88,0,0,0,1,0
34,340274,1,1,0,0,0,1,1,11,3460,21,8,2014,5,18,9,1,12,3,SR-55,,303,39.45471111,-75.06806944,0,24,0,0,1,1,0,3,1,1,0,1,0,0000000,18,9,18,16,88,88,0,0,0,1,1
34,340275,5,5,0,0,0,9,9,3,2480,18,7,2014,6,13,39,1,13,3,SR-17,,146,40.95434167,-74.07325556,0,25,0,0,1,1,0,3,1,1,0,1,0,0000000,13,45,13,48,14,10,14,0,0,1,0
34,340276,1,1,0,1,1,1,1,29,0,4,8,2014,2,23,55,0,14,2,US-9,,809,39.83172222,-74.19793889,0,8,0,0,1,1,0,2,3,1,0,1,0,0000000,23,55,0,2,88,88,0,0,0,1,0
34,340277,2,2,0,0,0,2,2,3,1750,19,7,2014,7,1,12,1,11,1,I-80,,645,40.88858056,-74.07153056,0,12,7,0,1,1,0,1,3,1,0,1,0,0000000,1,14,1,34,88,88,0,0,0,1,1
34,340278,2,2,0,0,0,2,2,3,2780,26,9,2014,6,4,57,1,11,1,I-95,,732,40.85923056,-74.01151944,0,24,0,0,1,1,0,10,2,1,0,1,0,0000000,4,57,5,12,99,99,0,0,0,1,0
34,340279,1,1,0,1,1,5,5,11,3460,10,8,2014,1,20,40,0,14,3,SR-56,,91,39.48705278,-75.04428611,0,8,0,0,1,1,0,1,3,1,0,1,0,0000000,99,99,99,99,99,99,0,0,0,1,0
34,340280,2,2,0,0,0,3,3,21,935,14,9,2014,1,11,30,1,12,3,SR-29,RIVER ROAD CUTOUT,75,40.24479167,-74.82725278,0,12,6,0,7,1,0,1,1,1,0,1,0,0000000,11,31,11,36,12,3,0,0,0,1,0
34,340281,3,1,2,1,1,2,2,7,1190,19,8,2014,3,21,45,0,16,6,POWELL ST,4TH STREET,0,39.89498333,-75.12525,0,8,0,0,3,2,0,1,3,1,0,1,0,0000000,21,49,21,58,22,15,0,0,0,1,1
34,340282,1,1,0,0,0,1,1,23,3705,3,9,2014,4,11,14,1,12,8,444 GARDEN STATE PKWY,,1316,40.56701944,-74.32506944,0,42,0,0,1,1,0,5,9,99,0,99,0,0000000,88,88,88,88,88,88,0,0,0,1,0
34,340283,1,1,0,0,0,1,1,23,3160,1,9,2014,2,8,52,0,14,6,PLAINSFIELD AVENUE,,0,40.59843611,-74.42090556,0,33,0,0,1,1,0,4,1,1,0,1,0,0000000,88,88,88,88,88,88,0,0,0,1,1
34,340284,1,1,0,1,1,1,1,5,2081,10,8,2014,1,1,59,1,13,3,SR-73,,268,39.92753056,-74.95472222,0,8,0,0,1,1,0,1,2,1,0,1,0,0000000,2,1,2,5,2,46,0,0,0,1,0
34,340285,2,2,0,0,0,5,5,23,3144,26,9,2014,6,23,29,1,11,1,I-95,,299,40.37168056,-74.46405,0,12,1,1,17,1,0,1,3,1,0,1,0,0000000,23,23,23,35,0,15,0,0,0,1,0
34,340286,1,1,0,1,1,1,1,15,0,23,2,2014,1,1,12,0,14,4,CR-654,,0,39.72291667,-75.04695278,0,8,0,0,1,1,0,1,2,1,0,1,0,0000000,1,14,1,18,1,35,0,0,0,1,1
34,340287,1,1,0,0,0,2,2,13,1745,11,9,2014,5,5,44,1,11,1,I-280,,62,40.80791111,-74.28716111,0,33,0,1,19,1,0,8,4,1,0,1,0,0000000,5,49,6,1,6,32,0,0,0,1,0
34,340288,1,1,0,1,1,1,1,17,1520,3,8,2014,1,3,47,1,13,2,US-1 TRUCK,,20,40.72507222,-74.09327222,0,8,0,0,1,1,0,1,3,1,0,1,0,0000000,3,49,3,51,4,33,0,0,0,1,0
34,340289,2,2,0,0,0,16,16,1,2640,26,5,2014,2,13,49,0,15,6,FRANKLIN AVENUE,,0,39.39253333,-74.51841667,0,12,2,0,1,1,0,1,1,1,0,1,0,0000000,13,49,13,55,14,23,0,0,0,3,0
34,340290,1,1,0,1,1,1,1,35,2250,4,8,2014,2,5,33,1,13,2,US-22,WEST END AVE,437,40.61768333,-74.45202222,0,8,0,0,2,2,0,1,4,1,0,1,0,0000000,5,33,5,39,6,7,0,0,0,1,0
34,340291,1,1,0,0,0,3,3,25,80,10,8,2014,1,0,53,0,15,6,MEMORIAL DR,SECOND AVE,0,40.22277778,-74.01231111,0,1,0,0,3,2,0,1,3,1,0,1,0,0000000,0,54,0,57,1,29,0,0,0,1,1
34,340292,1,1,0,0,0,2,2,11,3460,12,9,2014,6,5,48,1,12,3,SR-55,,353,39.52708889,-75.06726111,0,1,0,0,1,1,0,3,2,1,0,1,0,0000000,0,53,99,99,99,99,0,0,0,1,0
34,340293,1,1,0,0,0,3,3,39,2975,13,9,2014,7,21,45,1,13,2,US-22,,478,40.65981111,-74.39690833,0,42,0,0,1,1,0,4,3,2,10,2,0,0000000,21,53,22,5,99,99,0,0,0,2,0
34,340294,1,1,0,0,0,2,2,17,1520,9,8,2014,7,4,17,1,13,3,SR-440,KELLOGG ST,249,40.7091,-74.09973889,0,33,0,0,3,3,0,4,3,1,0,1,0,0000000,4,13,4,15,4,40,0,0,0,1,0
34,340295,1,1,0,1,1,2,2,31,3522,9,8,2014,7,3,48,1,11,1,I-80,,538,40.89825,-74.24676944,0,8,0,1,5,1,0,1,2,1,0,1,0,0000000,3,49,3,58,4,10,0,0,0,1,0
34,340296,1,1,0,1,1,2,2,29,1590,9,8,2014,7,18,48,0,14,3,SR-88,LINDEN AVE,10,40.09059444,-74.19595556,0,8,0,0,2,3,0,1,1,1,0,1,0,0000000,18,11,18,15,18,40,0,0,0,1,0
34,340297,1,1,0,1,1,1,1,7,3694,6,9,2014,7,19,57,1,13,2,US-30,,257,39.69081389,-74.83735278,0,8,0,0,1,1,0,1,2,2,0,2,0,0000000,20,2,20,11,21,5,0,0,0,1,0
34,340298,1,1,0,0,0,1,1,29,0,5,8,2014,3,17,37,0,6,6,WHIPPANY RD,,0,39.77214722,-74.19883333,0,42,0,0,1,1,0,5,1,1,0,1,0,0000000,17,35,17,41,18,17,0,0,0,1,0
34,340299,1,1,0,0,0,1,1,5,0,6,8,2014,4,0,52,1,11,1,I-295,,556,40.11876944,-74.72183056,0,24,0,0,1,1,0,3,3,1,0,1,0,0000000,0,53,0,57,1,48,0,0,0,1,0
34,340300,3,3,0,0,0,6,6,27,2084,28,8,2014,5,9,54,1,13,2,US-206,,919,40.84622222,-74.70252778,0,12,1,0,1,1,0,1,1,1,0,1,0,0000000,9,55,10,0,10,34,0,0,0,1,0
34,340301,2,2,0,0,0,3,3,11,1845,7,9,2014,1,17,19,0,3,3,SR-49,,417,39.37278889,-74.94415,0,24,0,0,1,1,0,4,1,1,0,1,0,0000000,17,19,17,30,17,45,0,0,0,1,0
34,340302,1,1,0,1,1,2,2,1,3090,12,9,2014,6,20,28,0,14,4,CR-559,BROADWAY,0,39.30878056,-74.60051944,0,8,0,0,3,4,0,1,2,1,0,1,0,0000000,20,29,20,42,20,53,0,0,0,1,0
34,340303,2,2,0,0,0,3,3,25,692,22,8,2014,6,7,47,0,13,3,SR-34,CLOVER HILL RD,0,40.34530833,-74.19993333,0,12,6,0,2,3,0,1,1,1,0,1,0,0000000,7,57,8,9,8,53,0,0,0,1,1