STATE,ST_CASE,VE_TOTAL,VE_FORMS,PVH_INVL,PEDS,PERNOTMVIT,PERMVIT,PERSONS,COUNTY,CITY,DAY,MONTH,YEAR,DAY_WEEK,HOUR,MINUTE,NHS,ROAD_FNC,ROUTE,TWAY_ID,TWAY_ID2,MILEPT,LATITUDE,LONGITUD,SP_JUR,HARM_EV,MAN_COLL,RELJCT1,RELJCT2,TYP_INT,WRK_ZONE,REL_ROAD,LGT_COND,WEATHER1,WEATHER2,WEATHER,SCH_BUS,RAIL,NOT_HOUR,NOT_MIN,ARR_HOUR,ARR_MIN,HOSP_HR,HOSP_MN,CF1,CF2,CF3,FATALS,DRUNK_DR
35,350003,2,2,0,1,1,2,2,55,650,15,1,2014,4,17,40,0,2,3,SR-68,,420,36.36331389,-105.6037333,0,8,0,0,1,1,0,1,5,1,0,1,0,0000000,99,99,99,99,88,88,0,0,0,1,0
35,350004,1,1,0,0,0,3,3,35,20,21,1,2014,3,7,30,0,15,5,AIRPORT ROAD,,0,32.84119722,-105.9979611,0,59,0,0,1,1,0,4,2,1,0,1,0,0000000,99,99,99,99,88,88,0,0,0,3,1
35,350005,1,1,0,0,0,1,1,19,0,4,1,2014,7,10,5,1,1,1,I-40,,2841,34.99847778,-104.5333861,0,1,0,0,1,1,0,3,1,1,0,1,0,0000000,10,2,10,21,88,88,0,0,0,1,0
35,350006,2,2,0,0,0,2,2,49,0,4,1,2014,7,12,35,1,2,3,SR-14,,241,35.35403333,-106.1868222,0,1,0,0,1,1,0,4,1,1,0,1,0,0000000,12,39,13,6,88,88,14,0,0,1,0
35,350007,1,1,0,0,0,2,2,31,0,11,1,2014,7,10,30,1,1,1,I-40,,41,35.40315278,-109.0004833,3,1,0,0,1,1,0,2,1,1,0,1,0,0000000,10,30,10,46,99,99,0,0,0,1,0
35,350008,1,1,0,0,0,1,1,7,0,17,1,2014,6,13,29,1,1,1,I-25,,4191,36.44890278,-104.5956833,0,21,0,1,19,1,0,4,1,1,0,1,0,0000000,99,99,99,99,88,88,0,0,0,1,0
35,350009,1,1,0,0,0,1,1,17,0,15,1,2014,4,6,0,0,6,8,SOUTH RIDGE ROAD,,0,32.63037778,-108.1654639,0,43,0,0,1,1,0,6,2,1,0,1,0,0000000,7,20,7,28,88,88,0,0,0,1,0
35,350010,2,2,0,0,0,2,2,53,760,17,1,2014,6,16,50,1,1,1,I-25,,1390,33.91334722,-106.8816306,0,12,1,0,1,1,0,1,1,1,0,1,0,0000000,99,99,99,99,99,99,0,0,0,1,0
35,350011,1,1,0,0,0,1,1,31,0,21,1,2014,3,17,21,1,1,1,I-40,,55,35.42235556,-108.9869556,0,1,0,0,1,1,0,1,1,1,0,1,0,0000000,17,45,17,59,88,88,0,0,0,1,1
35,350012,1,1,0,0,0,1,1,1,30,19,1,2014,1,6,41,0,13,6,NE JUAN TEBO BLVD,,0,35.13720556,-106.5157472,0,17,0,0,1,1,0,3,4,1,0,1,0,0000000,6,42,6,45,99,99,0,0,0,1,1
35,350013,1,1,0,1,1,1,1,1,30,3,1,2014,6,7,18,0,13,6,MONTGOMERY BLVD,,0,35.13082778,-106.6022222,0,8,0,0,1,1,0,1,1,1,0,1,0,0000000,7,22,7,24,88,88,0,0,0,1,0
35,350014,2,2,0,1,1,5,5,49,0,4,1,2014,7,21,10,1,1,1,I-25,,2652,35.52166389,-106.1992972,0,8,0,0,1,1,0,1,2,1,0,1,0,0000000,99,99,99,99,88,88,0,0,0,1,0
35,350015,3,3,0,0,0,6,6,25,0,24,1,2014,6,6,47,0,3,2,US-82,,1672,32.94379722,-103.4203083,0,12,11,0,1,1,0,1,4,1,0,1,0,0000000,6,44,6,50,7,18,0,0,0,1,0
35,350016,1,1,0,1,1,1,1,19,0,27,1,2014,2,22,3,1,1,1,I-40,,2385,34.99111111,-105.287775,0,8,0,0,1,1,0,1,2,1,0,1,0,0000000,99,99,99,99,88,88,0,0,0,1,0
35,350017,1,1,0,1,1,1,1,1,30,22,1,2014,4,20,45,1,13,6,UNSER BLVD,BLUEWATER RD NW,99998,35.08246111,-106.724975,0,8,0,0,2,2,0,1,3,1,0,1,0,0000000,20,49,20,54,21,13,0,0,0,1,0
35,350018,2,2,0,0,0,3,3,61,450,25,1,2014,7,17,30,0,2,3,SR-109,,5,34.58275278,-106.7696556,0,12,6,0,1,1,0,2,1,1,0,1,0,0000000,17,26,17,29,99,99,0,0,0,1,1
35,350019,1,1,0,2,2,1,1,23,0,30,1,2014,5,4,16,1,1,1,I-10,,159,32.31976111,-108.8112028,0,8,0,0,1,1,0,2,2,1,0,1,0,0000000,8,53,9,0,88,88,0,0,0,2,0
35,350020,1,1,0,1,1,1,1,55,780,30,1,2014,5,18,27,1,2,3,SR-68,FLOYD AVE,441,36.38846667,-105.5837861,0,8,0,0,1,1,0,11,3,1,0,1,0,0000000,18,29,18,32,18,58,0,0,0,1,0
35,350021,2,2,0,0,0,3,3,15,0,31,1,2014,6,5,57,0,5,4,CR-605,US-180,99998,32.38615,-104.1314972,0,12,2,0,1,1,0,1,4,1,0,1,0,0000000,99,99,99,99,99,99,0,0,0,2,1
35,350022,1,1,0,0,0,1,1,25,0,3,2,2014,2,4,40,1,2,2,US-62-180,,669,32.54890278,-103.7454556,0,1,0,0,1,1,0,1,2,1,0,1,0,0000000,4,28,5,2,88,88,0,0,0,1,1
35,350023,2,2,0,0,0,3,3,31,205,3,2,2014,2,13,12,1,1,1,I-40,,450,35.43908611,-108.3471972,0,12,1,0,1,1,0,1,1,1,0,1,0,0000000,13,10,13,15,99,99,0,0,0,1,1
35,350024,1,1,0,0,0,2,2,29,0,7,2,2014,6,0,20,1,1,1,I-10,,766,32.25961389,-107.8498472,0,1,0,0,1,1,0,2,2,1,0,1,0,0000000,0,19,0,35,99,99,0,0,0,1,0
35,350025,1,1,0,0,0,1,1,37,0,9,2,2014,1,17,30,0,4,3,SR-252,,400,34.8079,-103.7773111,0,1,0,0,1,1,0,4,1,1,0,1,0,0000000,99,99,99,99,88,88,0,0,0,1,0
35,350026,2,2,0,0,0,2,2,49,0,7,2,2014,6,11,2,0,3,3,SR-300,,7,35.62983889,-105.9231056,0,12,2,0,1,1,0,1,1,1,0,1,0,0000000,11,4,11,15,11,48,0,0,0,2,0
35,350027,2,2,0,0,0,2,2,15,0,10,2,2014,2,6,38,1,13,2,US-285,,99998,32.32550833,-104.1379083,0,12,1,0,1,1,0,1,4,1,0,1,0,0000000,6,34,6,45,6,45,0,0,0,1,0
35,350028,1,1,0,0,0,1,1,19,0,10,2,2014,2,7,0,1,1,1,I-40,,2582,34.97481667,-104.9619444,0,1,0,0,1,1,0,3,1,5,0,5,0,0000000,6,59,7,30,88,88,0,0,0,1,0
35,350029,1,1,0,1,1,1,1,1,30,13,2,2014,5,19,44,0,13,6,MONTANO RD NE,,0,35.135375,-106.6203639,0,8,0,0,1,1,0,1,3,1,0,1,0,0000000,19,45,19,46,99,99,15,0,0,1,0
35,350030,1,1,0,0,0,1,1,1,30,18,1,2014,7,1,1,1,11,1,I-25,,2270,35.11895,-106.6240361,0,59,0,0,1,1,0,4,3,1,0,1,0,0000000,1,3,1,9,1,24,0,0,0,1,0
35,350031,1,1,0,1,1,1,1,31,340,16,2,2014,1,19,17,0,14,3,SR-602,OLD ZUNI RD,0,35.51380278,-108.7510667,0,8,0,0,3,3,0,1,2,1,0,1,0,0000000,99,99,99,99,99,99,0,0,0,1,0
35,350032,2,2,0,0,0,5,5,43,212,1,2,2014,7,8,16,1,2,2,US-550,,975,36.20830278,-107.4556167,0,12,98,0,1,1,0,1,1,3,0,3,0,0000000,8,18,8,56,99,99,0,0,0,1,0
35,350033,2,2,0,0,0,2,2,25,0,22,2,2014,7,8,36,0,4,3,SR-248,,50,32.506975,-103.1402056,0,12,8,0,1,1,0,1,1,1,0,1,0,0000000,8,33,8,45,88,88,0,0,0,1,1
35,350034,2,2,0,0,0,2,2,53,0,25,2,2014,3,3,7,1,1,1,I-25,,1725,34.38520278,-106.8607,0,12,2,0,1,1,0,1,2,1,0,1,0,0000000,99,99,99,99,99,99,0,0,0,1,1
35,350035,1,1,0,0,0,2,2,37,0,25,2,2014,3,11,11,1,1,1,I-40,,3277,35.14299722,-103.8147222,0,1,0,0,1,1,0,1,1,1,0,1,0,0000000,99,99,99,99,99,99,0,0,0,1,0
35,350036,1,1,0,0,0,1,1,59,0,27,2,2014,5,18,0,0,6,4,CR-B018,RIDGE RD,65,36.78579444,-103.7294361,0,38,0,0,1,1,0,4,1,1,0,1,0,0000000,18,0,18,17,88,88,0,0,0,1,1
35,350037,1,1,0,1,1,1,1,45,745,1,2,2014,7,18,13,1,2,2,US-64,,225,36.78256389,-108.6895639,3,8,0,0,1,1,0,1,3,1,0,1,0,0000000,18,14,18,17,18,28,0,0,0,1,0
35,350038,2,2,0,0,0,6,6,13,34,26,2,2014,4,8,25,0,3,3,SR-460,O'HARA ROAD,99998,32.02474444,-106.6032833,0,12,1,0,3,2,0,1,1,1,0,1,0,0000000,8,29,8,30,9,30,0,0,0,1,0
35,350039,1,1,0,0,0,2,2,31,9997,21,2,2014,6,7,9,1,1,1,I-40,,360,35.49193611,-108.4887806,3,1,0,0,1,1,1,2,4,1,0,1,0,0000000,7,10,7,24,99,99,0,0,0,1,0
35,350040,1,1,0,0,0,1,1,49,0,1,3,2014,7,5,20,1,13,8,AGUA FRIA,SAN FELIPE,0,35.63941389,-106.0522,0,24,0,0,3,4,0,4,2,1,0,1,0,0000000,5,26,5,33,88,88,0,0,0,1,1
35,350041,1,1,0,1,1,1,1,1,30,5,3,2014,4,18,24,0,14,6,SAN PEDRO DR NE,INDIAN SCHOOL RD NE,0,35.10379444,-106.5775444,0,8,0,0,3,2,0,1,3,1,0,1,0,0000000,18,25,18,27,88,88,0,0,0,1,0
35,350042,1,1,0,0,0,1,1,1,30,18,3,2014,3,3,22,0,15,7,PAN AMERICAN FY NE,CAMANCHE RD NE,99998,35.12291111,-106.6217583,0,1,0,0,3,2,0,4,3,1,0,1,0,0000000,3,24,3,25,88,88,0,0,0,1,1
35,350043,2,2,0,0,0,2,2,13,470,5,3,2014,4,18,49,0,14,6,SPRUCE AVE.,N VIRGINIA ST.,0,32.31938889,-106.7745222,0,12,2,0,3,2,0,1,3,1,0,1,0,0000000,18,29,18,35,99,99,0,0,0,1,1
35,350044,3,3,0,0,0,4,4,19,0,6,3,2014,5,4,10,1,1,1,I-40,,2535,34.979275,-105.0440972,0,12,1,0,1,1,0,1,2,1,0,1,0,0000000,4,13,4,39,99,99,23,0,0,1,0
35,350045,2,2,0,0,0,2,2,35,20,7,3,2014,6,15,12,0,14,6,WASHINGTON ST.,,0,32.891125,-105.9436667,0,1,0,0,8,1,0,1,1,1,0,1,0,0000000,15,13,15,20,88,88,0,0,0,1,0
35,350046,1,1,0,1,1,3,3,31,880,7,3,2014,6,20,14,0,4,3,SR-53,,155,35.08121667,-108.7858306,3,8,0,0,1,1,0,1,2,1,0,1,0,0000000,21,27,21,55,99,99,0,0,0,1,0
35,350047,1,1,0,0,0,1,1,5,250,9,3,2014,1,5,34,0,6,3,SR-2,CHEROKEE RD,0,33.19789444,-104.3877583,0,30,0,0,3,3,0,4,2,1,0,1,0,0000000,99,99,99,99,88,88,0,0,0,1,1
35,350048,2,2,0,0,0,2,2,25,0,12,3,2014,4,17,27,1,2,2,US-62/180,SR-483,935,32.69688889,-103.3508333,0,12,6,0,2,2,0,1,1,1,0,1,0,0000000,17,19,17,32,88,88,0,0,0,1,0
35,350050,1,1,0,0,0,4,4,31,557,22,3,2014,7,4,3,0,15,3,SR-400,,55,35.43144167,-108.5540806,0,42,0,0,1,1,0,4,2,1,0,1,0,0000000,3,50,4,25,99,99,0,0,0,1,0
35,350051,2,2,0,0,0,2,2,25,0,12,3,2014,4,19,22,1,13,2,US-62-180,,951,32.69702222,-103.2996417,0,12,1,0,1,1,0,1,2,1,0,1,0,0000000,19,19,19,23,99,99,19,0,0,1,0
35,350052,1,1,0,0,0,1,1,5,250,19,3,2014,4,0,57,0,4,3,SR-2,,292,33.26642778,-104.4228167,0,53,0,0,1,1,0,4,2,1,0,1,0,0000000,0,54,1,6,1,31,0,0,0,1,1
35,350053,1,1,0,0,0,8,8,53,275,23,3,2014,1,15,35,1,1,1,I-25,,1540,34.13209722,-106.9088667,0,1,0,0,1,1,0,1,1,1,0,1,0,0000000,15,34,15,38,16,22,0,0,0,1,0
35,350054,1,1,0,0,0,1,1,41,318,23,3,2014,1,23,0,0,15,3,SR-236,,75,34.24421667,-103.5039417,0,38,0,0,1,1,0,4,2,1,0,1,0,0000000,99,99,99,99,88,88,0,0,0,1,1
35,350055,1,1,0,1,1,2,2,1,30,26,3,2014,4,23,25,0,13,6,WYOMING BLVD NE,,0,35.09664167,-106.5506139,0,8,0,0,1,1,0,1,6,98,0,98,0,0000000,23,32,23,34,88,88,0,0,0,1,0
35,350056,1,1,0,0,0,1,1,15,0,30,3,2014,1,3,7,0,6,4,CR-704,CR-708,0,32.35631111,-104.1547167,0,30,0,0,1,1,0,4,2,1,0,1,0,0000000,3,3,3,11,88,88,0,0,0,1,1
35,350058,3,3,0,0,0,4,4,17,0,26,3,2014,4,6,18,1,1,1,I-10,,479,32.18641389,-108.3389639,0,12,1,0,1,1,0,1,2,1,0,1,0,0000000,6,18,6,55,99,99,19,0,0,1,0
35,350059,3,3,0,0,0,5,5,35,462,27,3,2014,5,19,17,0,15,6,CR-545,ALAMO STREET,0,32.97554444,-105.9617556,0,12,1,0,1,1,0,1,5,1,0,1,0,0000000,19,16,19,25,99,99,0,0,0,1,1
35,350060,1,1,0,0,0,2,2,19,730,28,3,2014,6,14,35,1,1,1,I-40,,2750,34.94988056,-104.7141333,0,1,0,0,1,1,0,4,1,1,0,1,0,0000000,14,30,14,40,88,88,0,0,0,1,1
35,350061,2,2,0,0,0,2,2,1,30,28,3,2014,6,14,11,0,14,6,UNIVERSITY BLVD NE,CENTRAL AVE,0,35.08067778,-106.626875,0,12,2,0,3,2,0,1,1,1,0,1,0,0000000,99,99,99,99,99,99,0,0,0,1,0
35,350062,1,1,0,0,0,6,6,45,0,3,2,2014,2,21,11,1,2,2,US-491,,99998,36.58386111,-108.7070111,3,1,0,0,1,1,0,3,2,1,0,1,0,0000000,21,13,21,29,22,20,0,0,0,1,1
35,350063,1,1,0,0,0,3,3,7,0,14,4,2014,2,22,54,0,5,3,SR-21,,260,36.37423056,-104.7578194,0,1,0,0,1,1,0,4,2,1,0,1,0,0000000,22,45,22,58,99,99,0,0,0,1,0
35,350064,1,1,0,0,0,1,1,31,340,5,4,2014,7,2,38,0,3,4,CR-1,SANOSTEE DR,0,35.50735,-108.8411306,0,35,0,1,3,3,0,4,3,1,0,1,0,0000000,99,99,2,43,88,88,0,0,0,1,1
35,350065,1,1,0,1,1,2,2,1,0,20,3,2014,5,22,42,1,1,1,I-40,,1390,35.02696944,-106.9677722,0,8,0,0,1,1,0,1,2,1,0,1,0,0000000,23,0,23,14,88,88,0,0,0,1,0
35,350066,1,1,0,1,1,1,1,13,0,1,4,2014,3,19,57,0,4,3,SR-192,SEQUOIA ROAD,0,32.161925,-106.7001806,0,8,0,0,3,3,0,2,5,1,0,1,0,0000000,19,58,20,1,99,99,20,0,0,1,0
35,350067,1,1,0,0,0,1,1,1,0,21,3,2014,6,13,29,0,4,3,SR-337,,210,34.99704444,-106.3339222,0,35,0,0,1,1,0,4,1,1,0,1,0,0000000,13,32,13,46,14,38,0,0,0,1,1
35,350068,1,1,0,0,0,1,1,55,47,16,4,2014,4,17,30,0,3,3,SR-522,CR-B-006,50,36.51846944,-105.6651222,0,58,0,0,1,1,0,4,1,1,0,1,0,0000000,17,31,17,36,88,88,0,0,0,1,0
35,350069,2,2,0,0,0,3,3,25,0,6,4,2014,1,23,41,0,4,3,SR-128,,280,32.21041944,-103.6041806,0,12,2,0,1,1,0,1,2,1,0,1,0,0000000,23,41,0,9,99,99,0,0,0,1,0
35,350070,2,2,0,0,0,4,4,15,0,21,4,2014,2,15,1,0,5,3,SR-200,CR-206,0,32.47193611,-104.2321361,0,12,6,0,2,2,0,1,1,1,0,1,0,0000000,14,54,15,0,15,16,0,0,0,2,0
35,350071,1,1,0,0,0,1,1,27,140,20,4,2014,1,8,0,0,3,2,US-380,,570,33.70884722,-105.9463028,0,35,0,0,1,1,0,4,1,1,0,1,0,0000000,99,99,99,99,88,88,0,0,0,1,1
35,350072,1,1,0,1,1,2,2,31,340,8,4,2014,3,13,32,1,1,1,I-40,,202,35.52739167,-108.7624028,0,8,0,0,1,1,0,1,1,1,0,1,0,0000000,13,34,13,40,88,88,0,0,0,1,0
35,350073,1,1,0,0,0,1,1,21,0,3,4,2014,5,8,56,0,3,3,SR-39,,400,35.79054444,-103.8220556,0,24,0,0,1,1,0,4,1,1,0,1,0,0000000,99,99,99,99,88,88,0,0,0,1,0
35,350074,2,1,1,0,1,1,2,39,0,1,4,2014,3,9,7,1,13,2,US-84/285,,1917,36.01099722,-106.0886417,3,24,0,0,1,1,0,4,1,1,0,1,0,0000000,9,9,9,13,99,99,0,0,0,1,0
35,350075,1,1,0,1,1,1,1,13,470,3,4,2014,5,8,50,0,16,5,FOOTHILLS RD,S TELSHORE BLVD,0,32.31302778,-106.7410556,0,8,0,0,1,1,0,1,2,1,0,1,0,0000000,99,99,99,99,99,99,0,0,0,1,0
35,350076,3,3,0,0,0,4,4,35,585,9,4,2014,4,15,5,1,2,2,US-70,,2583,33.27865,-105.69325,3,12,11,0,8,1,0,1,1,1,0,1,0,0000000,15,8,15,9,88,88,0,0,0,1,1
35,350077,1,1,0,0,0,1,1,13,669,20,4,2014,1,23,30,0,5,3,SR-390,,10,32.70793611,-107.2344944,0,34,0,0,1,1,0,4,2,1,0,1,0,0000000,99,99,99,99,88,88,0,0,0,1,1
35,350078,3,3,0,0,0,8,8,49,710,26,4,2014,7,19,7,1,13,3,SR-14,,0,35.61006389,-106.035125,0,12,7,0,1,1,0,1,1,2,0,2,0,0000000,19,6,19,10,19,15,0,0,0,1,1
35,350079,1,1,0,0,0,1,1,1,30,8,4,2014,3,18,50,1,1,1,I-40,,1560,35.10646944,-106.6943083,0,1,0,0,1,1,0,1,1,1,0,1,0,0000000,18,57,19,5,19,17,0,0,0,1,0
35,350080,2,2,0,0,0,6,6,15,0,14,4,2014,2,8,6,1,2,2,US-285,E DERRICK ROAD,263,32.34164722,-104.1581278,0,12,6,0,2,2,0,1,1,1,0,1,0,0000000,8,5,8,13,99,99,0,0,0,1,0
35,350081,1,1,0,1,1,1,1,15,130,25,4,2014,6,20,21,1,1,2,US-285,CALABAZA DRAW LANE,0,32.46950278,-104.2780778,0,8,0,0,1,1,0,1,2,1,0,1,0,0000000,20,9,20,14,20,19,0,0,0,1,0
35,350082,2,2,0,0,0,3,3,45,0,2,4,2014,4,7,34,0,9,8,BIA-5,,136,36.387575,-108.4853028,3,12,2,0,1,1,0,1,1,1,0,1,0,0000000,7,37,8,0,99,99,0,0,0,1,0
35,350083,1,1,0,0,0,1,1,15,0,8,4,2014,3,16,45,1,2,2,US-285,26TH STREET,0,32.90564722,-104.4301861,0,1,0,1,2,2,0,1,1,1,0,1,0,0000000,99,99,99,99,99,99,0,0,0,1,0
35,350084,2,2,0,0,0,2,2,15,0,24,4,2014,5,17,39,0,4,3,SR-31,,31,32.31275833,-104.0670806,0,12,2,0,1,1,0,1,1,1,0,1,0,0000000,17,38,17,50,18,19,0,0,0,1,1
35,350085,1,1,0,0,0,2,2,61,530,25,4,2014,6,1,33,0,6,5,TOME HILL ROAD,,0,34.75899444,-106.7173778,0,1,0,0,1,1,0,5,2,1,0,1,0,0000000,1,37,1,44,2,28,0,0,0,1,0
35,350086,2,2,0,0,0,2,2,31,807,7,4,2014,2,18,5,1,2,2,US-491,,290,35.89326389,-108.6611306,3,12,98,0,1,1,0,1,1,1,0,1,0,0000000,18,12,18,12,88,88,0,0,0,1,0
35,350087,1,1,0,0,0,2,2,1,0,26,4,2014,7,7,0,1,13,3,SR-45,DONA TERESA PL SW,0,35.00662222,-106.7169361,0,30,0,0,1,1,0,4,1,1,0,1,0,0000000,99,99,7,11,99,99,0,0,0,1,1
35,350088,1,1,0,1,1,1,1,45,456,10,4,2014,5,20,33,1,13,2,US-64,CR 6400,0,36.74300556,-108.3589028,0,8,0,0,1,1,0,1,3,1,0,1,0,0000000,20,33,20,37,20,50,0,0,0,1,0
35,350089,1,1,0,0,0,1,1,57,0,2,5,2014,6,15,40,1,2,2,US-285/60,,2590,34.62294167,-105.3870167,0,1,0,0,1,1,0,3,1,1,0,1,0,0000000,15,48,16,30,88,88,0,0,0,1,1
35,350090,1,1,0,0,0,1,1,3,644,3,5,2014,7,18,45,1,2,2,US-60,,50,34.16678056,-109.0423306,0,1,0,0,1,1,0,4,1,1,0,1,0,0000000,18,38,18,53,88,88,0,0,0,1,1
35,350091,1,1,0,0,0,3,3,51,258,4,5,2014,1,21,29,0,4,3,SR-195,,30,33.213725,-107.242225,0,1,0,0,1,1,0,4,2,1,0,1,0,0000000,21,27,21,36,99,99,0,0,0,1,1
35,350092,1,1,0,1,1,3,3,31,875,7,5,2014,4,20,45,0,2,3,SR-264,,120,35.63611667,-108.8519889,0,9,0,0,1,1,0,1,2,1,0,1,0,0000000,99,99,99,99,88,88,0,0,0,1,0
35,350093,1,1,0,0,0,2,2,7,21,9,5,2014,6,22,55,0,4,3,SR-434,,270,36.32650278,-105.2759139,0,24,0,0,1,1,0,4,2,1,0,1,0,0000000,23,16,23,28,88,88,0,0,0,2,1
35,350094,1,1,0,0,0,2,2,39,0,2,5,2014,6,19,9,0,3,2,US-64,,1670,36.78164722,-106.5556778,0,11,0,0,1,1,0,1,1,1,0,1,0,0000000,19,25,19,46,20,12,0,0,0,1,0
35,350095,1,1,0,0,0,1,1,31,804,29,1,2014,4,18,28,0,6,4,CR-27,,99998,35.43718611,-108.2912417,3,1,0,0,1,1,0,2,2,1,0,1,0,0000000,99,99,18,40,88,88,0,0,0,1,1
35,350097,2,2,0,0,0,4,4,31,159,5,5,2014,2,3,38,1,1,1,I-40,,295,35.53080278,-108.6243778,0,12,1,0,1,1,0,4,2,1,0,1,0,0000000,3,52,4,2,4,22,0,0,0,2,0
35,350098,1,1,0,1,1,4,4,1,30,15,5,2014,5,20,27,0,13,5,SAN MATEO BLVD,,0,35.13474722,-106.5863472,0,8,0,0,1,1,0,1,3,1,0,1,0,0000000,20,31,20,36,88,88,0,0,0,1,0
35,350099,1,1,0,0,0,1,1,53,760,3,5,2014,7,10,23,0,16,5,JO GALLEGOS,EL CAMINO,0,34.07549722,-106.8993556,0,1,0,0,3,3,0,4,1,1,0,1,0,0000000,10,24,10,24,10,38,0,0,0,1,0
35,350100,1,1,0,0,0,4,4,61,100,9,5,2014,6,21,35,1,1,1,I-25,,1960,34.714575,-106.7894778,0,1,0,0,1,1,0,4,3,1,0,1,0,0000000,21,36,21,46,22,20,0,0,0,1,0
35,350101,1,1,0,0,0,1,1,31,880,20,5,2014,3,19,52,0,3,3,SR-53,,0,35.06855833,-108.8516222,0,1,0,0,1,1,0,4,1,1,0,1,0,0000000,19,52,20,3,20,25,0,0,0,1,0
35,350102,1,1,0,1,1,1,1,6,702,26,5,2014,2,23,55,1,1,1,I-40,,992,35.07523611,-107.603975,0,8,0,0,1,1,0,1,2,1,0,1,0,0000000,23,58,99,99,88,88,0,0,0,1,0
35,350103,1,1,0,0,0,1,1,1,0,3,5,2014,7,20,56,0,4,3,SR-337,,210,34.99581944,-106.3318528,0,1,0,0,1,1,0,4,3,1,0,1,0,0000000,20,58,21,9,99,99,0,0,0,1,0
35,350104,1,1,0,0,0,2,2,45,310,20,5,2014,3,6,5,0,13,5,PINON HILLS BLVD,BECKLAND DR,0,36.774225,-108.1570083,0,1,0,0,1,1,0,1,1,1,0,1,0,0000000,6,5,6,11,6,37,0,0,0,1,0
35,350105,2,2,0,0,0,2,2,15,0,17,5,2014,7,8,38,1,2,2,US-62/180,,40,32.01775556,-104.4869472,0,12,6,0,1,1,0,1,1,1,0,1,0,0000000,8,26,9,5,88,88,0,0,0,1,1
35,350106,1,1,0,1,1,2,2,31,340,24,5,2014,7,23,2,0,13,3,SR-118,,265,35.53100833,-108.671025,0,8,0,0,1,1,0,1,2,1,0,1,0,0000000,99,99,99,99,88,88,0,0,0,1,0
35,350107,1,1,0,1,1,1,1,25,410,24,5,2014,7,20,34,0,13,3,SR-18,JOE HARVEY BLVD,0,32.74316111,-103.1637,0,8,0,0,1,1,0,1,3,1,0,1,0,0000000,20,36,20,40,88,88,0,0,0,1,1
35,350108,1,1,0,0,0,1,1,31,9997,6,3,2014,5,16,55,0,16,8,ROCK SPRINGS ROAD,,0,35.60654167,-108.8315639,3,32,0,0,1,1,0,4,1,1,0,1,0,0000000,17,0,17,11,88,88,0,0,0,1,0
35,350109,1,1,0,0,0,2,2,43,29,18,5,2014,1,21,13,0,9,4,CR-DITCH BANK RD,,0,35.377575,-106.4874,0,1,0,0,1,1,0,4,2,1,0,1,0,0000000,21,18,21,33,22,15,0,0,0,1,1
35,350110,2,1,1,0,1,1,2,1,30,31,5,2014,7,15,34,1,11,1,I-25,,2200,35.01824722,-106.6393139,0,14,0,0,1,1,0,2,1,1,0,1,0,0000000,99,99,99,99,99,99,0,0,0,1,0
35,350111,2,2,0,0,0,3,3,15,0,29,5,2014,5,19,23,0,4,3,SR-31,,200,32.49705,-103.9535472,0,12,2,0,1,1,0,1,5,1,0,1,0,0000000,19,17,19,34,99,99,0,0,0,1,0
35,350112,1,1,0,1,1,1,1,31,9997,6,3,2014,5,19,50,1,2,2,US-491,,141,35.71782778,-108.7737278,3,8,0,0,1,1,0,1,2,1,0,1,0,0000000,19,57,20,9,88,88,0,0,0,1,0
35,350113,8,8,0,0,0,16,16,23,500,22,5,2014,5,17,17,1,1,1,I-10,,66,32.24066667,-108.9486361,0,12,1,0,1,1,0,1,1,7,0,7,0,0000000,99,99,99,99,99,99,0,0,0,7,0
35,350114,2,2,0,0,0,3,3,61,530,17,5,2014,7,1,1,0,13,3,SR-314,ELAINE DR,99998,34.75433333,-106.7473694,0,12,99,0,7,1,0,1,2,1,0,1,0,0000000,1,10,1,16,99,99,0,0,0,1,1
35,350115,2,2,0,0,0,3,3,1,0,3,5,2014,7,13,49,1,1,1,I-40,,1430,35.04284722,-106.8995722,0,12,7,0,1,1,0,1,1,1,0,1,0,0000000,13,52,14,6,99,99,0,0,0,1,0
35,350116,2,2,0,0,0,5,5,45,335,30,5,2014,6,20,22,0,3,3,SR-371,CR-7010,997,36.64386944,-108.2313583,3,12,6,0,2,2,0,1,1,1,0,1,0,0000000,99,99,99,99,99,99,0,0,0,1,0
35,350117,2,2,0,0,0,2,2,45,0,16,5,2014,6,16,41,1,2,2,US-491,,959,36.84018889,-108.6970444,3,12,8,0,1,1,0,1,1,1,0,1,0,0000000,16,40,16,41,88,88,0,0,0,1,0
35,350118,1,1,0,1,1,1,1,49,710,4,5,2014,1,22,0,1,13,2,US-84/ 285,ST FRANCIS DR,0,35.64398056,-105.956175,0,8,0,0,1,1,0,1,2,1,0,1,0,0000000,99,99,99,99,88,88,0,0,0,1,0
35,350119,1,1,0,1,1,1,1,1,30,2,5,2014,6,0,11,0,14,5,UNIVERSITY BLVD,LOMAS,0,35.09073333,-106.6252167,0,8,0,0,3,2,0,1,3,1,0,1,0,0000000,0,3,0,3,0,7,0,0,0,1,0
35,350120,2,2,0,0,0,3,3,25,0,24,5,2014,7,11,18,1,2,2,US-62/180,SR-176,680,32.54995833,-103.7425417,0,12,6,0,2,2,0,1,1,1,0,1,0,0000000,11,20,11,48,88,88,0,0,0,1,0
35,350121,2,2,0,0,0,3,3,1,30,24,5,2014,7,14,55,1,11,1,I-40,4TH STREET,0,35.10629167,-106.6476444,0,54,11,0,1,1,0,1,1,1,0,1,0,0000000,15,2,15,10,15,22,14,0,0,1,1