STATE,ST_CASE,VE_TOTAL,VE_FORMS,PVH_INVL,PEDS,PERNOTMVIT,PERMVIT,PERSONS,COUNTY,CITY,DAY,MONTH,YEAR,DAY_WEEK,HOUR,MINUTE,NHS,ROAD_FNC,ROUTE,TWAY_ID,TWAY_ID2,MILEPT,LATITUDE,LONGITUD,SP_JUR,HARM_EV,MAN_COLL,RELJCT1,RELJCT2,TYP_INT,WRK_ZONE,REL_ROAD,LGT_COND,WEATHER1,WEATHER2,WEATHER,SCH_BUS,RAIL,NOT_HOUR,NOT_MIN,ARR_HOUR,ARR_MIN,HOSP_HR,HOSP_MN,CF1,CF2,CF3,FATALS,DRUNK_DR
35,350122,2,2,0,0,0,4,4,35,20,2,5,2014,6,23,35,0,16,6,INDIAN WELLS RD,PECAN DR,0,32.91528056,-105.9435194,0,12,7,0,3,3,0,1,3,1,0,1,0,0000000,21,37,21,41,99,99,0,0,0,1,0
35,350123,1,1,0,0,0,1,1,49,0,28,6,2014,7,4,28,0,4,3,SR-41,,476,35.27544444,-105.9410694,0,1,0,0,1,1,0,2,2,1,0,1,0,0000000,99,99,4,50,88,88,0,0,0,1,0
35,350124,1,1,0,1,1,1,1,1,0,6,6,2014,6,19,9,0,4,3,SR-333,,0,35.08274722,-106.2443694,0,9,0,0,1,1,0,2,1,1,0,1,0,0000000,99,99,99,99,99,99,0,0,0,1,0
35,350125,1,1,0,1,1,1,1,1,30,11,4,2014,6,13,47,0,15,6,10TH ST SW,CENTRAL AVE SW,0,35.08645,-106.6585722,0,8,0,0,2,2,0,1,1,1,0,1,0,0000000,99,99,99,99,99,99,0,0,0,1,0
35,350126,1,1,0,0,0,1,1,1,30,5,4,2014,7,19,27,0,15,5,PAJARITO RD,,0,34.99631111,-106.7491528,0,1,0,0,1,1,0,4,5,1,0,1,0,0000000,19,27,19,27,88,88,0,0,0,1,1
35,350127,2,2,0,0,0,2,2,1,30,23,6,2014,2,7,6,0,13,6,2ND ST NW,,0,35.16634722,-106.6292167,0,12,2,0,1,1,0,1,1,1,0,1,0,0000000,7,7,7,17,99,99,0,0,0,1,0
35,350128,1,1,0,0,0,1,1,49,710,4,6,2014,4,16,5,1,11,1,I-25,,2745,35.56329722,-106.1036,0,1,0,0,1,1,0,3,1,1,0,1,0,0000000,16,8,16,17,88,88,0,0,0,1,0
35,350129,1,1,0,0,0,2,2,43,29,9,6,2014,2,11,47,1,1,1,I-25,,2480,35.37370833,-106.4754444,0,1,0,0,1,1,0,2,1,1,0,1,0,0000000,99,99,99,99,99,99,0,0,0,2,0
35,350130,1,1,0,0,0,2,2,45,115,16,6,2014,2,18,23,0,6,5,WEST BLANCO BLVD,WILDERNESS PK,0,36.71866389,-108.00275,0,1,0,0,1,1,0,5,1,1,0,1,0,0000000,18,22,18,28,99,99,0,0,0,1,0
35,350131,1,1,0,0,0,5,5,7,570,26,6,2014,5,10,21,1,1,1,I-25,,4260,36.54115278,-104.539525,0,1,0,1,18,1,0,1,1,1,0,1,0,0000000,10,31,10,57,11,26,0,0,0,1,0
35,350132,1,1,0,1,1,1,1,31,340,14,6,2014,7,20,59,1,11,1,I-40,,200,35.52618611,-108.7678528,0,8,0,0,1,1,1,1,2,1,0,1,0,0000000,21,0,21,6,88,88,0,0,0,1,0
35,350133,1,1,0,0,0,1,1,5,390,21,6,2014,7,19,19,0,4,3,SR-2,,150,33.14722778,-104.3361056,0,1,0,0,1,1,0,6,5,1,0,1,0,0000000,99,99,99,99,88,88,0,0,0,1,1
35,350134,1,1,0,0,0,1,1,35,180,7,6,2014,7,18,14,0,6,3,SR-6563,,40,32.80146389,-105.7965,0,7,0,0,1,1,0,1,5,1,0,1,0,0000000,17,44,17,55,88,88,0,0,0,1,1
35,350135,1,1,0,0,0,2,2,13,342,17,6,2014,3,5,28,1,1,1,I-25,,500,32.77159722,-107.2498861,0,1,0,0,1,1,0,2,4,1,0,1,0,0000000,5,35,5,49,99,99,0,0,0,1,0
35,350136,1,1,0,0,0,1,1,55,780,8,6,2014,1,17,39,0,3,3,SR-68,,340,36.30463889,-105.741975,0,35,0,0,1,1,0,4,1,1,0,1,0,0000000,17,46,17,53,88,88,0,0,0,1,1
35,350137,2,2,0,0,0,2,2,1,30,13,6,2014,6,22,30,0,14,6,CANDELARIA RD,VERMONT ST,0,35.11649722,-106.5541472,0,12,1,0,1,1,0,1,3,1,0,1,0,0000000,99,99,99,99,88,88,0,0,0,1,1
35,350139,1,1,0,0,0,1,1,35,20,20,6,2014,6,3,50,1,2,2,US-70,,1960,32.76225278,-106.1849917,0,1,0,0,1,1,0,4,2,1,0,1,0,0000000,3,51,4,7,88,88,0,0,0,1,1
35,350140,2,2,0,0,0,3,3,39,9997,16,6,2014,2,16,40,1,2,2,US-64,,1490,36.90416944,-106.7970944,0,12,2,0,1,1,0,1,1,1,0,1,0,0000000,16,51,17,3,99,99,0,0,0,1,0
35,350141,1,1,0,1,1,1,1,1,30,1,5,2014,5,20,30,0,13,6,MENAUL BLVD NE,,0,35.10904167,-106.5425417,0,8,0,0,1,1,0,1,3,1,0,1,0,0000000,20,31,20,33,21,0,0,0,0,1,0
35,350142,1,1,0,0,0,1,1,25,0,25,6,2014,4,12,51,0,6,5,HEIDEL,MCDONALD,0,33.1554,-103.1451528,0,1,0,0,1,1,0,4,1,1,0,1,0,0000000,12,51,13,19,14,12,0,0,0,1,0
35,350143,2,2,0,0,0,3,3,1,30,20,6,2014,6,21,28,0,13,7,MONTGOMERY BLVD,,0,35.13058611,-106.5139472,0,12,6,0,7,1,0,1,3,1,0,1,0,0000000,21,29,21,31,21,53,0,0,0,1,0
35,350144,2,2,0,0,0,3,3,39,3,19,6,2014,5,18,50,0,3,2,US-84,,2060,36.192175,-106.2302056,0,12,6,0,8,1,0,1,1,1,0,1,0,0000000,99,99,99,99,88,88,0,0,0,2,1
35,350145,1,1,0,0,0,1,1,25,440,30,6,2014,2,8,19,0,6,5,BATTLE AXE,SR-128,0,32.18116389,-103.4405528,0,1,0,0,1,1,0,4,1,1,0,1,0,0000000,8,23,8,40,88,88,0,0,0,1,0
35,350146,1,1,0,0,0,2,2,45,0,18,6,2014,4,21,3,1,2,3,SR-516,,95,36.81426111,-108.0638722,0,35,0,0,1,1,0,4,5,1,0,1,0,0000000,20,48,20,56,21,21,0,0,0,1,0
35,350147,2,2,0,0,0,2,2,43,677,22,6,2014,1,16,4,1,13,2,US-550,SR-528,0,35.33048889,-106.5714139,0,12,2,0,2,2,0,1,1,1,0,1,0,0000000,14,11,14,11,99,99,0,0,0,1,0
35,350148,3,3,0,0,0,8,8,39,272,30,6,2014,2,15,41,0,2,3,SR-68,,190,36.20886667,-105.9454167,0,12,2,0,1,1,0,1,1,1,0,1,0,0000000,16,6,16,29,17,2,0,0,0,1,0
35,350149,1,1,0,1,1,1,1,1,30,22,6,2014,1,21,26,0,14,6,2014-141A,,0,35.09898889,-106.6042417,0,8,0,0,1,1,0,1,3,1,0,1,0,0000000,21,29,21,34,88,88,0,0,0,1,0
35,350150,1,1,0,0,0,2,2,49,0,29,6,2014,1,13,44,0,4,3,SR-14,,241,35.35344444,-106.1881722,0,1,0,0,1,1,0,2,1,1,0,1,0,0000000,99,99,99,99,99,99,0,0,0,1,0
35,350151,1,1,0,0,0,1,1,45,310,1,7,2014,3,17,16,1,13,2,US-64,,580,36.70112778,-108.0875583,0,30,0,0,1,1,0,4,1,1,0,1,0,0000000,99,99,99,99,99,99,0,0,0,1,0
35,350152,1,1,0,0,0,1,1,57,0,2,7,2014,4,4,12,1,1,1,I-40,,2170,35.01067222,-105.7012556,0,1,0,0,1,1,0,4,2,1,0,1,0,0000000,99,99,99,99,88,88,0,0,0,1,0
35,350153,1,1,0,1,1,1,1,31,0,5,7,2014,7,21,35,0,2,3,SR-264,,120,35.63600833,-108.8558028,0,8,0,0,1,1,0,1,2,1,0,1,0,0000000,99,99,99,99,88,88,0,0,0,1,0
35,350154,2,2,0,0,0,2,2,25,0,8,7,2014,3,12,40,1,2,2,US-62/180,,660,32.5452,-103.7572556,0,12,6,0,8,1,0,1,1,1,0,1,0,0000000,12,39,13,6,88,88,0,0,0,1,0
35,350155,1,1,0,0,0,3,3,19,0,11,7,2014,6,10,20,0,99,4,CR-3KA,,0,34.42482222,-105.2270139,0,1,0,0,1,1,0,1,1,1,0,1,0,0000000,99,99,10,33,88,88,0,0,0,1,0
35,350156,1,1,0,0,0,3,3,57,0,11,7,2014,6,23,18,1,1,1,I-40,,2260,35.00538889,-105.5078694,0,18,0,0,1,1,0,1,2,1,0,1,0,0000000,22,53,23,20,99,99,0,0,0,1,0
35,350157,1,1,0,0,0,6,6,37,0,11,7,2014,6,23,39,1,2,2,US-54,,3510,35.61187778,-103.0943111,0,1,0,0,1,1,0,1,2,1,0,1,0,0000000,1,54,2,33,99,99,0,0,0,2,1
35,350158,2,2,0,0,0,2,2,51,810,16,7,2014,4,4,52,1,1,1,I-25,,750,33.10911667,-107.2997889,0,12,1,0,1,1,0,1,2,2,0,2,0,0000000,3,57,4,7,99,99,0,0,0,1,1
35,350159,1,1,0,1,1,2,2,35,0,18,7,2014,6,21,37,1,2,2,US-54,,40,32.05219167,-106.2919139,0,8,0,0,1,1,0,1,2,1,0,1,0,0000000,99,99,99,99,88,88,0,0,0,1,0
35,350160,1,1,0,0,0,2,2,33,604,27,7,2014,1,3,18,0,4,3,SR-518,,275,35.96850278,-105.3063806,0,1,0,0,1,1,0,4,2,1,0,1,0,0000000,3,23,3,40,88,88,0,0,0,2,1
35,350161,1,1,0,0,0,1,1,49,280,19,7,2014,7,17,39,0,6,8,FOREST RD 559,,0,36.41314444,-106.2605528,0,1,0,0,1,1,0,4,1,1,0,1,0,0000000,99,99,99,99,88,88,0,0,0,1,1
35,350162,2,2,0,0,0,2,2,6,0,14,7,2014,2,0,3,1,1,1,I-40,,1040,35.05530833,-107.5207944,0,12,2,0,1,1,0,1,2,1,0,1,0,0000000,0,5,0,7,2,32,0,0,0,1,1
35,350163,1,1,0,0,0,4,4,55,780,22,7,2014,3,2,30,0,3,2,US-64,,2585,36.38179167,-105.5544056,0,32,0,0,1,1,0,4,2,1,0,1,0,0000000,99,99,2,42,2,54,0,0,0,1,1
35,350164,1,1,0,1,1,2,2,28,510,16,7,2014,4,11,16,0,16,6,MAIN STREET,CENTRAL,0,35.88166111,-106.3006,0,8,0,0,1,1,0,1,1,1,0,1,0,0000000,99,99,11,18,11,28,0,0,0,1,0
35,350165,1,1,0,0,0,2,2,49,0,21,7,2014,2,13,51,0,6,6,NANCY'S TRAIL,,0,35.59766389,-106.0957806,0,1,0,0,1,1,0,4,1,1,0,1,0,0000000,13,51,14,8,99,99,0,0,0,1,1
35,350166,2,2,0,0,0,4,4,25,410,18,7,2014,6,22,21,0,2,3,SR-18,N. WORLD DR.,574,32.77659167,-103.1963972,0,12,2,0,2,3,0,1,2,1,0,1,0,0000000,22,25,22,27,99,99,0,0,0,2,1
35,350167,1,1,0,0,0,3,3,27,210,23,7,2014,4,6,53,1,2,2,US-54,,1560,34.06393056,-105.7225389,0,1,0,0,1,1,0,4,1,1,0,1,0,0000000,99,99,7,15,8,12,0,0,0,1,0
35,350168,1,1,0,0,0,1,1,27,0,27,7,2014,1,0,25,0,5,3,SR-349,,60,33.72764722,-105.7624389,0,1,0,0,1,1,0,4,2,1,0,1,0,0000000,0,30,0,43,88,88,0,0,0,1,1
35,350169,1,1,0,0,0,2,2,9,190,13,7,2014,1,2,27,0,16,5,7TH STREET,MARLENE BLVD,0,34.40480556,-103.1785778,0,1,0,0,1,1,0,4,2,1,0,1,0,0000000,1,28,1,31,99,99,0,0,0,1,1
35,350170,1,1,0,1,1,1,1,49,710,27,7,2014,1,23,47,1,13,3,SR-14,CAMINO CONSUELO,0,35.65148056,-105.9977806,0,8,0,0,1,1,0,1,3,1,0,1,0,0000000,23,47,23,56,88,88,0,0,0,1,0
35,350171,1,1,0,0,0,1,1,27,0,29,7,2014,3,9,0,1,2,2,US-54,,1121,33.54685833,-106.0091917,0,1,0,0,1,1,0,2,1,10,0,10,0,0000000,99,99,99,99,88,88,0,0,0,1,1
35,350172,1,1,0,1,1,1,1,1,30,27,7,2014,1,21,45,0,13,6,CENTRAL AVE,CONCHAS ST,0,35.07235833,-106.5364667,0,8,0,0,1,1,0,1,3,1,0,1,0,0000000,21,48,21,48,22,4,0,0,0,1,0
35,350173,1,1,0,0,0,2,2,37,700,19,7,2014,7,9,21,1,1,1,I-40,,3540,35.11805278,-103.3711806,0,1,0,0,1,1,0,4,1,1,0,1,0,0000000,99,99,99,99,88,88,0,0,0,2,0
35,350174,1,1,0,0,0,1,1,1,30,3,6,2014,3,4,59,0,14,6,JEFFERSON STREET,OSUNA RD,0,35.15720556,-106.5933333,0,33,0,0,1,1,0,3,3,1,0,1,0,0000000,5,2,5,5,88,88,0,0,0,1,0
35,350175,1,1,0,1,1,1,1,35,585,22,6,2014,1,4,37,0,13,2,US-70,,2448,33.156675,-105.7884444,3,8,0,0,1,1,0,1,2,1,0,1,0,0000000,99,99,99,99,99,99,0,0,0,1,0
35,350176,1,1,0,0,0,1,1,31,0,23,5,2014,6,2,11,0,9,5,SWEETWATER RD,,0,35.52138333,-108.4540111,3,1,0,0,1,1,0,4,2,1,0,1,0,0000000,99,99,99,99,88,88,0,0,0,1,1
35,350177,1,1,0,1,1,1,1,1,30,1,7,2014,3,20,46,0,13,6,SAN MATEO,AZTEC RD,0,35.12032222,-106.5865528,0,8,0,0,1,1,0,1,2,1,0,1,0,0000000,13,32,13,40,14,13,0,0,0,1,0
35,350178,1,1,0,1,1,1,1,1,30,2,7,2014,4,23,15,0,13,6,CENTAL AVE,CONCHAS ST NE,0,35.072275,-106.5355861,0,8,0,0,1,1,0,1,3,2,0,2,0,0000000,99,99,99,99,99,99,0,0,0,1,0
35,350179,1,1,0,0,0,1,1,61,100,8,8,2014,6,8,13,1,1,1,I-25,,1950,34.71402778,-106.7901417,0,1,0,1,5,1,0,1,1,1,0,1,0,0000000,8,10,8,17,88,88,0,0,0,1,0
35,350180,1,1,0,1,1,1,1,1,30,7,8,2014,5,20,24,1,13,5,CENTRAL AVE,CALIFORNIA,0,35.07667778,-106.5751806,0,8,0,0,1,1,0,1,3,1,0,1,0,0000000,99,99,99,99,99,99,0,0,0,1,0
35,350181,1,1,0,1,1,2,2,1,30,29,8,2014,6,21,25,1,13,6,COORS BLVD NW,ILIFF RD NW,0,35.103375,-106.7059444,0,8,0,1,2,2,0,1,3,1,0,1,0,0000000,21,28,21,28,88,88,0,0,0,1,0
35,350182,1,1,0,0,0,3,3,47,0,23,8,2014,7,0,21,1,1,1,I-25,,3300,35.39371667,-105.3288778,0,1,0,0,1,1,0,4,3,1,0,1,0,0000000,0,21,0,37,1,20,0,0,0,1,0
35,350183,1,1,0,1,1,1,1,1,30,18,8,2014,2,21,33,1,13,6,CENTAL AVE,TENNESSEE ST SE,0,35.07455833,-106.5572389,0,8,0,0,1,1,0,1,3,1,0,1,0,0000000,21,35,21,36,88,88,0,0,0,1,0
35,350184,3,3,0,0,0,7,7,45,0,8,8,2014,6,20,39,1,2,2,US-550,,1300,36.47312778,-107.9106528,0,12,2,0,1,1,0,1,2,1,0,1,0,0000000,99,99,20,57,99,99,0,0,0,4,0
35,350185,2,2,0,0,0,2,2,25,0,1,8,2014,6,17,19,0,3,3,SR-18,,650,32.86981944,-103.2878667,0,12,2,0,1,1,0,1,1,1,0,1,0,0000000,17,17,17,23,99,99,0,0,0,2,0
35,350186,1,1,0,0,0,1,1,1,0,17,8,2014,1,14,47,0,6,5,POWERLINE RD SW,PAJARITO RD SW,0,34.98511667,-106.7998806,0,1,0,0,1,1,0,1,1,1,0,1,0,0000000,14,49,15,7,88,88,0,0,0,1,0
35,350187,2,2,0,0,0,2,2,13,253,18,8,2014,2,16,2,0,13,3,SR-185,THORPE RD,50,32.37820556,-106.8367583,0,12,6,0,2,3,0,1,1,1,0,1,0,0000000,15,51,16,5,17,5,0,0,0,1,0
35,350188,2,2,0,1,1,7,7,6,360,11,8,2014,2,21,46,1,11,1,I-40,,845,35.08897222,-107.7765083,0,8,0,0,1,1,0,1,2,1,0,1,0,0000000,99,99,21,48,88,88,0,0,0,1,0
35,350189,2,2,0,0,0,3,3,49,710,23,8,2014,7,10,19,1,13,3,SR-14,CAMNIO CARLOS REY,0,35.65793611,-105.9861944,0,12,6,1,2,2,0,1,1,1,0,1,0,0000000,16,19,16,24,16,33,0,0,0,1,0
35,350190,2,2,0,0,0,2,2,1,30,23,8,2014,7,14,0,0,14,6,ACADEMY RD NE,SEAGULL ST NE,0,35.14742222,-106.58305,0,12,6,1,2,2,0,1,1,1,0,1,0,0000000,14,3,14,9,14,22,0,0,0,1,0
35,350191,2,2,0,0,0,2,2,1,30,27,8,2014,4,18,40,0,15,6,BLAKE RD SW,98TH ST SW,0,35.03938333,-106.737,0,12,6,1,2,2,0,1,1,1,0,1,0,0000000,18,42,18,49,88,88,0,0,0,1,1
35,350192,2,2,0,0,0,3,3,13,0,8,8,2014,6,11,44,0,4,3,SR-478,E JOY RD,31,32.039525,-106.6217056,0,12,2,0,3,2,0,1,1,1,0,1,0,0000000,11,44,11,50,12,30,0,0,0,1,0
35,350193,2,2,0,0,0,4,4,31,642,30,8,2014,7,6,54,1,1,1,I-40,,630,35.36181944,-108.0482667,0,12,6,0,1,1,0,1,4,1,0,1,0,0000000,99,99,7,6,7,52,0,0,0,1,1
35,350194,1,1,0,0,0,2,2,7,660,3,8,2014,1,23,58,0,16,6,BRILLIANT ST,TIGER ST,0,36.88510278,-104.4449083,0,38,0,0,3,3,0,4,3,1,0,1,0,0000000,23,57,0,3,99,99,0,0,0,1,1
35,350195,1,1,0,0,0,1,1,61,100,15,8,2014,6,18,17,0,5,3,SR-346,,20,34.54539722,-106.7680167,0,38,0,0,1,1,0,4,1,1,0,1,0,0000000,99,99,18,38,88,88,0,0,0,1,1
35,350196,2,2,0,1,1,3,3,31,340,23,8,2014,7,6,57,1,1,1,I-40,,205,35.52938333,-108.7475111,0,8,0,0,1,1,0,1,1,1,0,1,0,0000000,99,99,7,3,88,88,0,0,0,1,0
35,350197,2,2,0,0,0,2,2,13,470,28,8,2014,5,9,30,0,14,6,E LOHMAN AVE,,0,32.31128333,-106.7565611,0,12,6,0,8,1,0,1,1,1,0,1,0,0000000,99,99,7,58,99,99,0,0,0,1,0
35,350198,2,2,0,0,0,2,2,25,0,28,8,2014,5,6,1,0,3,3,SR-529,LEA CR-126,70,32.78921944,-103.7626778,0,12,6,1,2,2,0,1,4,1,0,1,0,0000000,5,57,6,22,88,88,0,0,0,1,1
35,350199,1,1,0,0,0,2,2,55,664,12,8,2014,3,15,50,0,6,8,FR-486,SR-578,0,36.68926111,-105.4063694,0,42,0,0,1,1,0,4,1,1,0,1,0,0000000,99,99,16,4,16,8,0,0,0,1,0
35,350200,2,2,0,0,0,2,2,6,0,6,8,2014,4,8,47,1,1,1,I-40,,910,35.07206944,-107.7484444,0,12,1,0,1,1,0,2,1,1,0,1,0,0000000,99,99,99,99,88,88,19,0,0,1,0
35,350201,1,1,0,0,0,4,4,1,0,26,7,2014,7,22,9,0,13,6,COORS BLVD SW,,0,35.01893056,-106.7152139,0,33,0,0,1,1,0,3,3,1,0,1,0,0000000,99,99,99,99,99,99,0,0,0,2,1
35,350202,1,1,0,0,0,1,1,1,30,18,8,2014,2,19,5,0,15,6,4400 TOWER RD SW,,0,35.06683611,-106.7063194,0,35,0,0,1,1,0,4,1,1,0,1,0,0000000,19,9,19,16,19,34,0,0,0,1,1
35,350203,1,1,0,0,0,1,1,6,457,27,8,2014,4,0,0,1,1,1,I-40,,1159,35.03378333,-107.3404806,3,1,0,0,1,1,0,3,2,2,0,2,0,0000000,99,99,99,99,88,88,0,0,0,1,0
35,350204,1,1,0,1,1,1,1,31,340,19,8,2014,3,16,49,0,99,6,S 1ST STREET,W MESA AVE,0,35.52439444,-108.7397389,0,8,0,0,16,1,0,1,1,1,0,1,0,0000000,99,99,99,99,99,99,0,0,0,1,0
35,350205,1,1,0,1,1,1,1,1,30,5,7,2014,7,1,28,1,11,1,I-40,UNIVERSITY,0,35.10655278,-106.6247,0,8,0,0,1,1,0,1,3,2,0,2,0,0000000,1,36,1,48,88,88,0,0,0,1,0
35,350206,1,1,0,0,0,2,2,33,0,4,9,2014,5,13,26,1,1,1,I-25,,3960,36.12186667,-104.687175,0,1,0,0,1,1,0,3,1,1,0,1,0,0000000,13,31,14,12,15,12,0,0,0,1,0
35,350207,1,1,0,1,1,1,1,9,190,3,9,2014,4,3,16,1,2,2,US-60,MABRY DR,0,34.39453056,-103.1502694,0,8,0,0,1,1,0,1,2,1,0,1,0,0000000,2,17,2,24,88,88,0,0,0,1,0
35,350208,1,1,0,0,0,3,3,31,340,24,9,2014,4,13,25,1,1,1,I-40,,150,35.49733889,-108.8548806,0,1,0,0,1,1,0,4,1,1,0,1,0,0000000,99,99,99,99,99,99,0,0,0,2,0
35,350209,1,1,0,0,0,1,1,45,310,26,7,2014,7,13,48,0,16,6,E 2ND ST,,0,36.74958056,-108.1693972,0,1,0,0,1,1,0,5,1,1,0,1,0,0000000,13,48,13,54,99,99,0,0,0,1,1
35,350210,1,1,0,1,1,1,1,45,310,9,9,2014,3,22,53,0,9,5,INDIAN ROUTE 36,,285,36.71936111,-108.2402417,0,8,0,0,1,1,0,1,2,2,0,2,0,0000000,22,20,22,27,88,88,0,0,0,1,0
35,350211,3,3,0,0,0,3,3,1,30,10,9,2014,4,19,28,0,14,6,98TH ST SW,I 40 OVERPASS,0,35.08604444,-106.7466417,0,12,7,0,2,2,0,1,5,1,0,1,0,0000000,19,32,19,36,88,88,0,0,0,1,0
35,350212,1,1,0,0,0,1,1,31,159,11,9,2014,5,15,15,1,1,1,I-40,,291,35.53091111,-108.6207611,0,24,0,0,1,1,0,4,1,1,0,1,0,0000000,99,99,99,99,88,88,0,0,0,1,1
35,350213,1,1,0,0,0,1,1,21,0,13,9,2014,7,8,47,0,3,3,SR-39,,110,35.50729722,-103.5039472,0,1,0,0,1,1,0,1,4,1,0,1,0,0000000,99,99,99,99,99,99,0,0,0,1,0
35,350214,1,1,0,0,0,1,1,5,0,13,9,2014,7,22,35,0,4,3,SR-2,,190,33.147625,-104.3362333,0,1,0,0,1,1,0,4,2,2,0,2,0,0000000,99,99,99,99,88,88,0,0,0,1,1
35,350215,1,1,0,0,0,2,2,47,203,19,9,2014,6,13,22,0,4,3,SR-104,,820,35.36126667,-104.1587,0,1,0,0,1,1,0,4,1,1,0,1,0,0000000,99,99,99,99,99,99,0,0,0,1,1
35,350216,2,2,0,0,0,2,2,6,360,13,9,2014,7,10,16,0,13,6,W SANTA FE AVE,,0,35.15361667,-107.8573639,0,12,6,0,8,1,0,1,1,1,0,1,0,0000000,99,99,10,33,88,88,6,0,0,1,0
35,350217,1,1,0,1,1,1,1,35,0,27,9,2014,7,17,30,1,2,2,US-54,,999,33.44295833,-106.053875,0,9,0,0,1,1,0,1,1,1,0,1,0,0000000,17,53,19,8,99,99,0,0,0,1,0
35,350218,1,1,0,0,0,4,4,7,0,27,9,2014,7,5,25,1,1,1,I-25,,4484,36.83992222,-104.4429361,0,1,0,0,1,1,1,3,2,1,0,1,0,0000000,5,10,5,19,5,42,0,0,0,1,0
35,350219,1,1,0,1,1,1,1,55,780,24,9,2014,4,20,53,1,13,6,PASEO DEL PUEBLO SUR,ROY ROAD,0,36.375825,-105.5924917,0,8,0,0,1,1,0,1,2,1,0,1,0,0000000,20,54,20,57,21,9,0,0,0,1,0
35,350220,1,1,0,0,0,1,1,19,0,20,9,2014,7,6,16,1,1,1,I-40,I-40 OFF RAMP,2732,34.94786389,-104.7113611,0,43,0,1,5,1,0,4,4,5,0,5,0,0000000,5,50,6,5,88,88,0,0,0,1,0
35,350221,2,2,0,0,0,2,2,45,115,26,9,2014,6,5,48,0,13,6,W BROADWAY AVE,4TH STREET,0,36.71130278,-107.9833417,0,12,6,0,2,2,0,1,3,1,0,1,0,0000000,5,49,5,53,88,88,0,0,0,1,0
35,350222,3,3,0,0,0,4,4,25,0,19,9,2014,6,12,6,0,3,3,SR-529,,171,32.74983056,-103.6046778,0,12,2,0,1,1,0,1,1,2,0,2,0,0000000,99,99,99,99,88,88,0,0,0,1,0
35,350223,2,2,0,0,0,2,2,45,335,18,9,2014,5,11,51,1,1,2,US-64,N-563,280,36.7653,-108.5884472,0,12,1,0,1,1,0,1,1,1,0,1,0,0000000,99,99,11,50,12,13,0,0,0,1,0
35,350224,1,1,0,1,1,1,1,1,30,14,9,2014,1,19,15,1,13,3,SR-528,,0,35.21418333,-106.6629361,0,9,0,0,1,1,0,2,5,1,0,1,0,0000000,19,17,19,24,99,99,0,0,0,1,1
35,350225,1,1,0,0,0,1,1,55,780,27,9,2014,7,20,25,0,13,3,SR-68,,430,36.37837222,-105.5907444,0,1,0,0,1,1,0,1,2,1,0,1,0,0000000,99,99,99,99,88,88,0,0,0,1,1
35,350226,1,1,0,0,0,1,1,25,0,23,9,2014,3,21,56,0,9,4,CR-42 MONUMENT ROAD,,0,32.63853889,-103.143475,0,18,0,0,6,1,0,1,3,1,0,1,0,864670D,21,53,22,0,88,88,0,0,0,1,1
35,350227,2,2,0,0,0,4,4,45,115,25,9,2014,5,6,11,1,2,2,US-550,,1390,36.54555278,-107.9722778,0,12,99,0,8,1,0,1,2,1,0,1,0,0000000,6,11,6,11,6,36,19,0,0,3,0
35,350228,2,2,0,1,1,2,2,15,130,1,10,2014,4,20,17,0,13,6,3515 NATIONAL PARKS HIGHWAY,,0,32.38060278,-104.2255833,0,8,0,0,1,1,0,1,3,1,0,1,0,0000000,99,99,20,21,88,88,0,0,0,1,1
35,350229,2,2,0,0,0,2,2,13,470,2,10,2014,5,10,35,0,14,6,N TRIVIZ DR,MULBERRY AVE,0,32.33051667,-106.7581306,0,12,8,0,1,1,0,1,1,1,0,1,0,0000000,99,99,99,99,99,99,0,0,0,1,0
35,350230,1,1,0,0,0,2,2,25,0,2,10,2014,5,11,25,0,4,3,SR-8,,10,32.46970556,-103.2571639,0,18,0,0,1,1,0,1,1,1,0,1,0,0000000,99,99,99,99,88,88,99,99,99,1,0
35,350231,1,1,0,0,0,1,1,45,741,16,9,2014,3,21,24,1,2,2,US-491,,520,36.21023056,-108.7099222,3,11,0,0,1,1,0,3,2,1,0,1,0,0000000,99,99,99,99,88,88,0,0,0,1,0
35,350232,1,1,0,0,0,1,1,37,700,6,10,2014,2,17,48,0,4,3,SR-469,,130,34.98307222,-103.3666306,0,1,0,0,1,1,0,4,5,1,0,1,0,0000000,17,53,18,6,99,99,0,0,0,1,1
35,350233,2,2,0,0,0,6,6,13,470,16,10,2014,5,14,36,0,13,6,E UNIVERSITY AVE,S TRIVIZ DR,0,32.28600833,-106.7433778,0,12,6,1,2,2,0,1,1,1,0,1,0,0000000,14,20,14,30,15,13,0,0,0,1,0
35,350234,1,1,0,0,0,1,1,13,34,5,10,2014,1,20,15,0,5,3,SR-273,MCNUTT RD,120,31.91398889,-106.6437556,0,38,0,0,1,1,0,5,2,1,0,1,0,0000000,19,51,20,9,88,88,0,0,0,1,1
35,350235,1,1,0,0,0,1,1,45,70,28,10,2014,3,19,29,0,5,3,SR-574,,70,36.89990278,-108.0779972,0,1,0,0,1,1,0,4,6,1,0,1,0,0000000,19,38,19,45,88,88,0,0,0,1,1
35,350236,1,1,0,1,1,1,1,25,0,18,10,2014,7,11,33,0,3,3,SR-18,,470,32.66766667,-103.127475,0,9,0,0,1,1,0,1,1,1,0,1,0,0000000,99,99,99,99,88,88,0,0,0,1,0