STATE,ST_CASE,VE_TOTAL,VE_FORMS,PVH_INVL,PEDS,PERNOTMVIT,PERMVIT,PERSONS,COUNTY,CITY,DAY,MONTH,YEAR,DAY_WEEK,HOUR,MINUTE,NHS,ROAD_FNC,ROUTE,TWAY_ID,TWAY_ID2,MILEPT,LATITUDE,LONGITUD,SP_JUR,HARM_EV,MAN_COLL,RELJCT1,RELJCT2,TYP_INT,WRK_ZONE,REL_ROAD,LGT_COND,WEATHER1,WEATHER2,WEATHER,SCH_BUS,RAIL,NOT_HOUR,NOT_MIN,ARR_HOUR,ARR_MIN,HOSP_HR,HOSP_MN,CF1,CF2,CF3,FATALS,DRUNK_DR
36,360343,1,1,0,0,0,1,1,103,5255,18,5,2014,1,8,56,0,16,4,CR-21,SR-25A,0,40.94525,-72.94147778,0,42,0,0,1,1,0,4,2,1,0,1,0,0000000,99,99,99,99,88,88,0,0,0,1,1
36,360344,2,2,0,0,0,5,5,109,1590,1,6,2014,1,16,31,0,3,6,DRYDEN RD,,0,42.48156667,-76.36956944,0,12,2,0,1,1,0,1,1,1,0,1,0,0000000,16,31,16,37,99,99,0,0,0,1,0
36,360345,1,1,0,0,0,1,1,5,4170,15,6,2014,1,0,41,1,11,1,I-295,,0,40.81824444,-73.80725833,0,17,0,1,5,1,0,8,3,1,0,1,0,0000000,1,0,99,99,1,35,0,0,0,1,1
36,360346,1,1,0,0,0,2,2,71,1431,10,6,2014,3,12,12,1,2,2,US-209,,0,41.46041389,-74.59545833,0,42,0,0,1,1,0,4,1,1,0,1,0,0000000,12,15,12,20,12,30,0,0,0,1,0
36,360347,2,2,0,0,0,3,3,29,156,15,6,2014,1,10,56,0,14,6,489 NIAGARA FALLS BLVD,,0,42.967325,-78.82316389,0,12,1,0,1,1,0,1,1,1,0,1,0,0000000,10,57,11,2,11,35,0,0,0,1,0
36,360348,2,2,0,0,0,3,3,29,156,15,6,2014,1,8,30,0,2,3,SR-78 TRANSIT RD,,0,43.03817778,-78.69693889,0,12,6,0,8,1,0,1,1,1,0,1,0,0000000,8,28,8,33,8,53,0,0,0,1,0
36,360349,2,2,0,0,0,5,5,75,2344,17,6,2014,3,16,48,0,3,3,SR-3,,0,43.3338,-76.46568333,0,12,2,0,1,1,0,1,1,1,0,1,0,0000000,16,48,16,52,99,99,23,0,0,1,0
36,360350,1,1,0,1,1,1,1,59,4090,18,6,2014,4,22,30,0,16,5,MARCUS AVE,DELAWARE DR,0,40.75933056,-73.69438889,0,8,0,0,2,2,0,1,2,10,0,10,0,0000000,99,99,99,99,99,99,0,0,0,1,0
36,360351,2,2,0,0,0,3,3,75,2200,15,6,2014,1,11,47,1,2,3,SR-264,SR-3,0,43.35107222,-76.28175833,0,12,6,0,2,3,0,1,1,1,0,1,0,0000000,11,50,11,58,12,46,0,0,0,2,0
36,360352,1,1,0,1,1,3,3,59,2600,18,6,2014,4,15,5,0,16,5,EAGLE AVE,PARK AVE,0,40.68556111,-73.64538056,0,9,0,0,2,3,0,1,1,1,0,1,0,0000000,15,5,15,11,15,20,0,0,0,1,0
36,360353,2,2,0,0,0,5,5,59,2600,20,6,2014,6,9,20,0,16,6,CHESTNUT AVE,PROSPECT AVE,0,40.71128056,-73.56174444,0,12,8,0,2,3,0,1,1,1,0,1,0,0000000,9,26,9,28,9,45,0,0,0,1,0
36,360354,2,2,0,0,0,5,5,29,70,19,6,2014,5,9,53,0,6,5,COUNTY LINE RD,NORTH RD,0,42.92185556,-78.46385833,0,12,6,0,2,2,0,1,1,1,0,1,0,0000000,9,56,10,4,11,7,0,0,0,1,0
36,360355,1,1,0,1,1,1,1,47,4170,13,6,2014,6,11,44,0,16,6,FLUSHING AVE,BROADWAY,0,40.70073333,-73.94185278,0,8,0,0,3,2,0,1,1,10,0,10,0,0000000,99,99,99,99,99,99,0,0,0,1,0
36,360356,2,2,0,0,0,2,2,85,4170,5,6,2014,5,19,30,0,16,6,CLOVE RD,,0,40.62320556,-74.11366944,0,12,6,0,1,1,0,1,1,1,0,1,0,0000000,99,99,99,99,99,99,0,0,0,1,0
36,360357,2,2,0,0,0,2,2,113,3100,23,6,2014,2,11,45,1,11,1,I-87,,0,43.43246667,-73.72168056,0,12,6,0,5,1,0,1,1,1,0,1,0,0000000,11,49,11,59,12,33,0,0,0,1,0
36,360358,1,1,0,0,0,2,2,69,4770,24,6,2014,3,17,21,0,3,4,CR-6,,0,42.9307,-77.01265278,0,16,0,0,1,1,0,1,1,2,10,2,0,0000000,17,21,17,29,88,88,0,0,0,2,0
36,360359,1,1,0,0,0,1,1,7,1118,7,6,2014,7,18,29,1,2,2,US-11,,0,42.31970556,-75.95442222,0,30,0,0,1,1,0,4,1,1,0,1,0,0000000,18,29,18,32,88,88,0,0,0,1,1
36,360360,2,1,1,0,4,1,5,91,5860,24,6,2014,3,9,39,0,16,6,12 FEEDER DAM RD,,0,43.28363611,-73.64507222,0,14,0,0,1,1,0,2,1,2,10,2,0,0000000,9,41,9,43,99,99,0,0,0,1,0
36,360361,1,1,0,1,1,2,2,109,2940,20,6,2014,6,16,18,0,16,5,E STATE ST,AURORA ST,0,42.43965833,-76.49559722,0,19,0,0,3,2,0,4,1,1,0,1,0,0000000,16,8,99,99,88,88,0,0,0,1,0
36,360362,2,2,0,0,0,3,3,47,4170,25,6,2014,4,12,0,1,11,1,I-278,ATLANTIC AVE,0,40.69130556,-73.99847222,0,12,1,1,2,3,0,1,1,1,0,1,0,0000000,12,0,12,9,99,99,0,0,0,1,0
36,360363,1,1,0,1,1,3,3,63,4330,23,6,2014,2,14,5,0,16,5,PAYNE AVE,15TH AVE,0,43.04924722,-78.87724444,0,8,0,0,2,3,0,1,1,10,0,10,0,0000000,99,99,99,99,99,99,0,0,0,1,0
36,360364,3,3,0,0,0,5,5,99,5630,26,6,2014,5,10,13,1,1,1,I-90,,3150,99.99990000,999.99990000,0,12,1,0,1,1,0,1,1,10,0,10,0,0000000,10,13,10,19,14,0,0,0,0,1,0
36,360365,1,1,0,0,0,1,1,75,2569,26,6,2014,5,20,45,0,6,4,CR-12,,0,43.28277222,-76.16207778,0,31,0,0,1,1,0,4,5,1,0,1,0,0000000,20,45,20,50,21,23,0,0,0,1,0
36,360366,1,1,0,1,1,1,1,47,4170,25,6,2014,4,21,45,0,16,6,BRIGHAM ST,,0,40.58366667,-73.93189722,0,8,0,0,1,1,0,7,2,10,0,10,0,0000000,8,0,8,15,88,88,0,0,0,1,0
36,360367,2,2,0,0,0,3,3,99,5265,27,6,2014,6,19,23,0,2,3,SR-89,E VARICK ST,0,42.77046111,-76.76913333,0,12,2,0,2,3,0,1,1,1,0,1,0,0000000,19,26,19,37,99,99,0,0,0,1,0
36,360368,1,1,0,0,0,2,2,101,260,8,6,2014,1,12,6,0,2,3,SR-21,,0,42.43227222,-77.55854722,0,24,0,0,1,1,0,4,1,1,0,1,0,0000000,12,6,12,15,88,88,0,0,0,2,0
36,360369,1,1,0,0,0,1,1,67,1539,27,6,2014,6,13,4,1,1,1,I-90,,2792,99.99990000,999.99990000,0,31,0,0,1,1,0,4,1,10,0,10,0,0000000,13,5,13,14,88,88,0,0,0,1,0
36,360370,1,1,0,0,0,1,1,43,2120,23,6,2014,2,5,18,0,4,5,HIGBY RD,,0,43.03036389,-75.17103056,0,52,0,0,1,1,0,4,2,1,0,1,0,0000000,5,18,5,25,88,88,0,0,0,1,1
36,360371,1,1,0,0,0,1,1,91,3650,27,6,2014,6,4,4,0,6,6,PRYNE HILL RD,FARM TO MARKET RD,0,42.88969167,-73.71893611,0,59,0,0,3,2,0,4,2,1,0,1,0,0000000,4,4,4,10,5,0,0,0,0,1,1
36,360372,2,2,0,0,0,2,2,35,670,27,6,2014,6,6,10,0,6,4,CR-107,MIDLINE RD,0,43.02392222,-74.17304167,0,12,6,0,2,2,0,1,4,1,0,1,0,0000000,6,10,6,19,88,88,0,0,0,1,0
36,360373,1,1,0,0,0,1,1,123,4740,27,6,2014,6,18,32,0,3,3,SR-14A,,0,99.99990000,999.99990000,0,34,0,0,1,1,0,4,1,1,0,1,0,0000000,18,32,18,41,19,31,0,0,0,1,0
36,360374,1,1,0,1,1,2,2,47,4170,28,6,2014,7,2,45,0,13,6,GERRITSEN AVE,,0,40.59376667,-73.92613611,0,8,0,0,1,1,0,1,3,1,0,1,0,0000000,2,45,2,55,3,20,0,0,0,1,0
36,360375,2,2,0,0,0,3,3,103,5210,30,6,2014,2,15,33,1,13,3,SR-25A,DOGWOOD DR,0,40.94412778,-72.84693056,0,12,2,0,1,1,0,1,1,1,0,1,0,0000000,15,35,15,40,88,88,0,0,0,1,0
36,360376,1,1,0,0,0,2,2,121,230,28,6,2014,7,14,54,0,6,5,MAIN ST,SANFORD AVE,0,42.53445,-78.42206111,0,59,0,0,3,3,0,4,1,1,0,1,0,0000000,14,54,15,0,99,99,0,0,0,1,0
36,360377,1,1,0,0,0,1,1,91,9997,29,6,2014,1,5,8,1,1,1,I-87,,0,43.23744167,-73.692025,0,42,0,1,5,1,0,8,4,10,0,10,0,0000000,5,10,5,25,88,88,0,0,0,1,1
36,360378,2,2,0,0,0,3,3,81,4170,29,6,2014,1,22,22,0,13,6,JAMAICA AVE,SPRINGFIELD BLVD,0,40.71846944,-73.73519444,0,12,2,0,2,2,0,1,3,1,0,1,0,0000000,22,22,99,99,22,50,0,0,0,1,1
36,360379,2,1,1,3,3,1,1,47,4170,2,7,2014,4,16,42,0,16,6,FLATLANDS AVE,,0,40.62433889,-73.93050833,0,8,0,0,1,1,0,4,1,1,0,1,0,0000000,99,99,99,99,99,99,0,0,0,1,0
36,360380,1,1,0,1,1,1,1,61,4170,2,7,2014,4,9,59,0,15,6,W 15TH ST,,0,40.73993611,-74.000825,0,8,0,0,1,1,0,1,1,1,0,1,0,0000000,9,59,10,2,88,88,0,0,0,1,0
36,360381,1,1,0,1,1,1,1,1,1290,3,7,2014,5,20,50,1,13,3,SR-5 CENTRAL AVE,KNAPP TERR,0,42.69289167,-73.80466389,0,8,0,0,1,1,0,1,3,2,0,2,0,0000000,20,51,20,56,21,22,0,0,0,1,0
36,360382,6,6,0,0,0,8,8,55,3681,30,6,2014,2,16,30,1,1,1,I-90,,3556,99.99990000,999.99990000,0,24,0,0,1,1,0,3,1,1,0,1,0,0000000,16,30,16,30,99,99,14,0,0,2,0
36,360383,1,1,0,1,1,1,1,59,2240,21,3,2014,6,11,59,0,16,5,KENSINGTON RD,SALISBURY AVE,0,40.72141111,-73.65776944,0,8,0,0,3,2,0,1,1,1,0,1,0,0000000,99,99,99,99,99,99,0,0,0,1,0
36,360384,1,1,0,0,0,1,1,81,4170,4,7,2014,6,18,25,0,16,6,SEAGIRT BLVD,,0,40.59540556,-73.74706667,0,30,0,0,1,1,0,4,1,1,0,1,0,0000000,99,99,99,99,99,99,0,0,0,1,0
36,360385,2,1,1,1,1,2,2,81,4170,5,7,2014,7,4,38,0,16,6,ROOSEVELT AVE,92ND ST,0,40.74857778,-73.87448056,0,8,0,0,3,3,0,1,3,1,0,1,0,0000000,4,38,4,45,99,99,0,0,0,1,1
36,360386,1,1,0,1,1,3,3,65,3198,5,7,2014,7,22,51,0,6,5,STOKES WESTERNVILLE RD,,0,43.30292778,-75.45869167,0,9,0,0,1,1,0,1,2,1,0,1,0,0000000,99,99,99,99,99,99,0,0,0,1,0
36,360387,2,2,0,0,0,2,2,37,530,6,7,2014,1,2,32,0,3,3,SR-19,,0,43.10043333,-77.93232778,0,12,2,0,1,1,0,1,2,1,0,1,0,0000000,2,32,2,45,88,88,0,0,0,1,0
36,360388,1,1,0,1,1,2,2,29,156,5,7,2014,7,20,39,0,16,5,SHERIDAN DR,COUNTRY PKWY,0,42.97783611,-78.71376667,0,8,0,0,3,3,0,1,1,1,0,1,0,0000000,20,41,20,43,21,9,0,0,0,1,0
36,360389,1,1,0,1,1,3,3,53,6004,8,7,2014,3,21,34,0,3,3,SR-31,,0,43.15536111,-75.96472778,0,8,0,0,1,1,0,1,2,1,0,1,0,0000000,21,34,21,40,22,15,0,0,0,1,0
36,360390,2,2,0,0,0,2,2,91,3712,5,7,2014,7,22,22,0,6,4,CR-16,GLENWILD RD,0,43.09483611,-74.03852778,0,12,2,0,2,4,0,1,2,1,0,1,0,0000000,22,26,22,34,1,0,0,0,0,1,1
36,360391,2,2,0,0,0,5,5,47,4170,9,7,2014,4,1,35,0,16,6,UTICA AVE,AVE D,0,40.64211111,-73.92933611,0,12,6,0,2,2,0,1,3,1,0,1,0,0000000,99,99,99,99,99,99,0,0,0,2,1
36,360392,1,1,0,1,1,1,1,61,4170,10,7,2014,5,11,8,0,16,6,WEST END AVE,W 95TH ST,0,40.79459444,-73.97366944,0,8,0,0,2,2,0,1,1,1,0,1,0,0000000,11,8,99,99,99,99,0,0,0,1,0
36,360393,1,1,0,0,0,4,4,45,6450,12,7,2014,7,5,32,1,11,1,I-81,,0,43.99186111,-75.94092222,0,35,0,0,1,1,0,3,1,1,0,1,0,0000000,5,32,5,34,6,46,0,0,0,1,0
36,360394,1,1,0,0,0,2,2,1,1290,13,7,2014,1,16,9,0,15,5,OLD NISKAYUNA RD,,0,42.71517778,-73.76528889,0,18,0,0,1,1,0,4,1,1,0,1,0,0000000,16,11,16,21,16,43,0,0,0,1,0
36,360395,1,1,0,1,1,1,1,103,2920,11,7,2014,6,10,40,0,6,5,HECKSCHER STATE PARK,,0,40.70249444,-73.17024167,8,9,0,0,1,1,0,1,1,1,0,1,0,0000000,10,41,10,59,11,9,0,0,0,1,0
36,360396,1,1,0,0,0,1,1,117,3430,13,7,2014,1,3,18,1,13,3,SR-31,,0,43.07001667,-77.28655278,0,3,0,0,1,1,0,4,2,98,0,98,0,0000000,99,99,99,99,88,88,0,0,0,1,1
36,360397,1,1,0,0,0,1,1,1,2464,9,7,2014,4,16,0,1,11,1,I-87,,0,42.700075,-73.83582222,0,52,0,1,5,1,0,4,1,10,0,10,0,0000000,16,1,16,6,88,88,0,0,0,1,0
36,360398,2,2,0,0,0,2,2,71,1140,13,7,2014,1,15,43,0,3,3,SR-94,SR-17,0,41.35436111,-74.28519444,0,12,6,1,2,2,0,1,1,1,0,1,0,0000000,15,43,15,51,16,14,0,0,0,1,0
36,360399,2,2,0,0,0,2,2,1,2464,11,7,2014,6,19,9,0,14,6,WESTERN AVE,WINDING BROOK DR,0,42.70010833,-73.90219167,0,12,6,0,2,2,0,1,1,1,0,1,0,0000000,19,10,19,15,19,41,0,0,0,1,1
36,360400,1,1,0,1,1,1,1,47,4170,13,7,2014,1,12,42,0,15,5,BENSON AVE,BAY 40TH ST,0,40.59580833,-73.98816944,0,8,0,0,2,2,0,1,1,1,0,1,0,0000000,12,44,12,50,12,54,0,0,0,1,0
36,360401,1,1,0,1,1,3,3,105,3850,14,7,2014,2,22,2,0,16,6,BROADWAY,BANK ST,0,41.65459722,-74.68530278,0,8,0,0,2,3,0,1,3,2,0,2,0,0000000,22,2,22,5,23,11,0,0,0,1,1
36,360402,2,2,0,0,0,2,2,115,790,16,6,2014,2,12,50,0,2,3,SR-22,,0,43.02848333,-73.37613889,0,12,1,0,1,1,0,1,1,1,0,1,0,0000000,12,50,12,54,88,88,0,0,0,1,0
36,360403,2,2,0,0,0,3,3,67,4310,13,7,2014,1,13,44,0,16,6,SOUTH BAY RD,CENTERVILLE PL,0,43.13546944,-76.12565,0,12,6,0,2,2,0,1,1,10,0,10,0,0000000,13,44,13,48,99,99,0,0,0,1,0
36,360404,1,1,0,1,1,1,1,47,4170,14,7,2014,2,21,9,0,16,6,FLATBUSH AVE,,0,40.67401111,-73.96944444,0,8,0,0,1,1,0,1,3,2,10,2,0,0000000,99,99,99,99,88,88,0,0,0,1,0
36,360405,1,1,0,1,1,2,2,29,2485,15,7,2014,3,0,34,0,16,5,BIG TREE RD,,0,42.77206944,-78.84902778,0,8,0,0,1,1,0,2,3,1,0,1,0,0000000,0,38,0,44,1,8,0,0,0,1,0
36,360406,4,4,0,1,1,5,5,29,156,13,6,2014,6,15,53,0,13,3,SR-263,FLINT RD,0,42.9887,-78.79059722,0,12,6,0,2,2,0,1,1,10,0,10,0,0000000,15,58,16,6,16,25,0,0,0,1,0
36,360407,1,1,0,1,1,1,1,5,4170,14,7,2014,2,12,4,1,11,1,I-95,,0,40.84513611,-73.92788889,0,8,0,0,1,1,0,1,1,10,0,10,0,0000000,12,4,99,99,99,99,0,0,0,1,0
36,360408,1,1,0,1,1,1,1,63,4210,7,7,2014,2,23,25,1,13,2,US-62 NIAGARA FALLS BLVD,72ND ST,0,43.08812778,-78.98174444,0,8,0,0,2,2,0,1,3,1,0,1,0,0000000,23,27,23,31,0,5,0,0,0,1,0
36,360409,2,2,0,0,0,3,3,31,6070,15,7,2014,3,9,15,0,3,3,SR-74,HARRIS POINT WAY,0,43.87995,-73.56006944,0,12,1,0,2,3,0,1,1,10,0,10,0,0000000,9,23,9,34,99,99,0,0,0,1,0
36,360410,3,2,1,0,0,2,2,1,50,16,7,2014,4,11,37,0,16,6,SHERIDAN AVE,CHAPEL ST,0,42.65305556,-73.75165,0,12,1,0,2,2,0,1,1,10,0,10,0,0000000,11,37,11,42,99,99,0,0,0,1,0
36,360411,1,1,0,0,0,1,1,55,1160,15,7,2014,3,17,4,0,16,5,BUFFALO RD,CHESBROUGH DR,0,43.12274722,-77.79846389,0,19,0,0,3,3,0,4,1,1,0,1,0,0000000,17,1,17,13,17,51,0,0,0,1,0
36,360412,3,2,1,0,0,2,2,81,4170,18,7,2014,6,15,46,0,16,6,STANHOPE ST,ONERDONK AVE,0,40.707625,-73.91331111,0,12,2,0,2,2,0,1,1,1,0,1,0,0000000,15,46,16,10,16,20,0,0,0,1,0
36,360413,1,1,0,1,1,1,1,85,4170,18,7,2014,6,7,22,0,13,6,CLOVE RD,DELAFIELD AVE,0,40.62923333,-74.12318333,0,8,0,0,2,2,0,1,1,1,0,1,0,0000000,7,22,7,25,99,99,0,0,0,1,0
36,360414,1,1,0,0,0,1,1,25,5326,13,4,2014,1,14,45,0,2,3,SR-30,,0,42.365125,-74.48496944,0,24,0,0,1,1,0,4,1,1,0,1,0,0000000,99,99,99,99,99,99,0,0,0,1,0
36,360415,2,2,0,0,0,3,3,67,1166,23,5,2014,6,16,30,0,16,5,BARTEL RD,,0,43.23161944,-76.12832778,0,12,2,0,1,1,0,1,1,10,0,10,0,0000000,99,99,99,99,99,99,0,0,0,1,0
36,360416,1,1,0,1,1,2,2,61,4170,20,7,2014,1,15,2,0,16,6,MANHATTAN AVE,W 108TH ST,0,40.79985833,-73.96044444,0,9,0,0,3,2,0,1,1,1,0,1,0,0000000,99,99,99,99,99,99,0,0,0,1,0
36,360417,2,2,0,0,0,2,2,81,4170,9,7,2014,4,19,6,0,16,6,WOODHAVEN BLVD,101ST AVE,0,40.68424722,-73.84605556,0,12,6,0,2,2,0,1,1,1,0,1,0,0000000,99,99,99,99,99,99,0,0,0,1,0
36,360418,1,1,0,0,0,2,2,13,5730,20,7,2014,1,7,0,0,6,5,CASSADAGA RD,,0,42.34224444,-79.27346111,0,42,0,0,1,1,0,4,4,10,0,10,0,0000000,7,0,7,12,99,99,0,0,0,1,1
36,360419,1,1,0,3,3,1,1,3,200,10,6,2014,3,19,8,0,16,6,PARK CIRCLE,,0,42.30588611,-78.01656944,0,8,0,0,1,1,0,1,1,10,0,10,0,0000000,19,8,19,21,19,56,0,0,0,1,0
36,360420,1,1,0,2,2,1,1,49,3370,21,7,2014,2,17,29,0,6,5,GEORGE HILL RD,,0,43.75988889,-75.33803611,0,9,0,0,8,1,0,1,1,1,0,1,0,0000000,17,29,17,40,18,12,0,0,0,1,0
36,360421,2,2,0,0,0,2,2,43,3820,10,7,2014,5,8,50,0,15,3,SR-5S,WARREN ST,0,43.014,-75.00396667,0,12,6,0,2,3,0,1,1,1,0,1,0,0000000,9,5,99,99,99,99,0,0,0,1,0
36,360422,1,1,0,0,0,1,1,59,2600,21,7,2014,2,19,8,0,14,3,SR-24,,0,40.72376111,-73.56881667,0,59,0,0,1,1,0,3,1,1,0,1,0,0000000,19,10,19,12,19,25,0,0,0,1,0
36,360423,1,1,0,1,1,1,1,81,4170,23,7,2014,4,16,54,0,16,6,GRAND AVE,RUST ST,0,40.71957222,-73.91124722,0,15,0,0,3,2,0,7,1,1,0,1,0,0000000,16,55,16,59,99,99,0,0,0,1,0
36,360424,3,3,0,0,0,3,3,119,6040,25,5,2014,1,12,34,1,12,1,I-987F,,99,41.059675,-73.80846667,0,12,1,0,1,1,0,1,1,1,0,1,0,0000000,99,99,99,99,99,99,0,0,0,1,0
36,360425,3,3,0,0,0,7,7,123,4740,17,7,2014,5,16,55,1,2,3,SR-14,,0,42.61605833,-76.94386667,0,12,6,0,1,1,0,1,1,1,0,1,0,0000000,16,55,17,16,19,25,0,0,0,1,1
36,360426,3,3,0,1,1,5,5,47,4170,31,5,2014,7,13,20,0,13,6,CONEY ISLAND AVE,AVE N,0,40.61518889,-73.96333889,0,12,6,0,2,2,0,1,1,1,0,1,0,0000000,99,99,99,99,99,99,0,0,0,1,0
36,360427,1,1,0,0,0,1,1,103,2840,12,6,2014,5,22,0,0,16,6,NASSAU RD,ELM ST,0,40.87068056,-73.42267778,0,33,0,0,3,3,0,4,3,10,0,10,0,0000000,22,1,22,7,22,11,0,0,0,1,1
36,360428,2,2,0,0,0,2,2,103,5769,14,6,2014,7,3,55,0,13,3,SR-25,HAUPPAUGE RD,0,40.85546389,-73.18680833,0,12,6,0,2,2,0,1,3,1,0,1,0,0000000,99,99,99,99,99,99,0,0,0,1,1
36,360429,1,1,0,0,0,2,2,103,705,3,5,2014,7,1,10,0,15,4,CR-19,,0,40.81800833,-73.08767222,0,24,0,0,1,1,0,4,3,1,0,1,0,0000000,99,99,99,99,99,99,0,0,0,1,1
36,360430,1,1,0,1,1,1,1,103,360,17,5,2014,7,1,38,0,16,5,GREAT NECK RD,CAMPAGNOLI AVE,0,40.68251111,-73.4004,0,8,0,0,2,2,0,1,3,2,0,2,0,0000000,99,99,99,99,99,99,0,0,0,1,0
36,360431,1,1,0,0,0,1,1,103,705,20,6,2014,6,23,30,0,12,3,SR-27,,0,40.78386667,-72.97859167,0,52,0,0,1,1,0,4,2,1,0,1,0,0000000,99,99,99,99,88,88,0,0,0,1,1
36,360432,1,1,0,1,1,1,1,103,705,1,6,2014,1,11,43,0,16,5,MAPLE AVE,,0,40.81293333,-72.86026389,0,8,0,0,1,1,0,1,1,1,0,1,0,0000000,11,43,11,47,12,20,0,0,0,1,0
36,360433,2,2,0,0,0,2,2,103,2920,27,6,2014,6,12,55,0,14,6,PINE AIRE DR,CLEVELAND AVE,0,40.77041389,-73.28806944,0,12,6,0,2,3,0,1,1,1,0,1,0,0000000,99,99,99,99,99,99,0,0,0,1,0
36,360434,1,1,0,1,1,1,1,103,2840,20,6,2014,6,20,50,1,13,3,SR-110,W LYONS RD,0,40.80613333,-73.410525,0,8,0,0,3,3,0,1,3,1,0,1,0,0000000,99,99,99,99,99,99,0,0,0,1,0
36,360435,1,1,0,0,0,1,1,115,5420,23,7,2014,4,17,13,0,2,3,SR-22,,0,43.19663611,-73.32386944,0,18,0,0,1,1,0,1,1,2,0,2,0,0000000,17,13,17,18,88,88,0,0,0,1,0
36,360436,1,1,0,1,1,2,2,105,3314,13,7,2014,1,10,20,0,3,6,DEBRUCE RD,,0,41.91032778,-74.74848889,0,9,0,0,1,1,0,1,1,10,0,10,0,0000000,10,21,10,34,11,21,0,0,0,1,0
36,360437,1,1,0,0,0,1,1,71,1169,24,7,2014,5,1,42,0,6,5,POCATELLO RD,,0,41.41827222,-74.48813889,0,30,0,0,1,1,0,4,2,10,0,10,0,0000000,99,99,1,52,88,88,0,0,0,1,1
36,360438,2,2,0,0,0,4,4,81,4170,24,7,2014,5,23,47,0,13,6,GRAND CENTRAL PKY,,0,40.71666667,-73.82765833,0,12,1,0,1,1,0,1,3,1,0,1,0,0000000,99,99,23,58,99,99,0,0,0,1,0
36,360439,1,1,0,0,0,3,3,115,250,17,7,2014,5,16,30,0,4,3,SR-40,CR-49,0,43.18499444,-73.49304167,0,52,0,0,3,3,0,4,1,2,10,2,0,0000000,16,30,16,35,17,40,0,0,0,1,0
36,360440,2,2,0,0,0,3,3,61,4170,25,7,2014,6,9,41,0,16,6,LEXINGTON AVE,E 96TH ST,0,40.78586944,-73.95091667,0,12,6,0,2,2,0,1,1,1,0,1,0,0000000,9,41,9,52,10,0,0,0,0,1,1
36,360441,4,1,3,0,0,1,1,5,4170,24,7,2014,5,2,19,0,13,6,JEROME AVE,,0,40.87065833,-73.894525,0,21,0,0,1,1,0,4,3,1,0,1,0,0000000,2,19,99,99,88,88,0,0,0,1,1
36,360442,2,2,0,0,0,4,4,119,1420,24,7,2014,5,20,1,0,14,3,SR-9A,,0,41.23109444,-73.91047778,0,52,0,0,5,1,0,4,1,1,0,1,0,0000000,20,1,20,8,99,99,0,0,0,1,0
36,360443,1,1,0,0,0,1,1,1,50,27,7,2014,1,3,5,1,11,1,I-787 RAMP,,0,42.65474167,-73.74548056,0,33,0,1,20,1,0,1,2,10,0,10,0,0000000,3,5,3,11,3,26,0,0,0,1,1
36,360444,3,3,0,0,0,3,3,81,4170,27,7,2014,1,0,27,0,16,6,LIBERTY AVE,FARMERS BLVD,0,40.70295833,-73.76672222,0,33,0,0,3,2,0,4,3,1,0,1,0,0000000,0,27,0,36,88,88,0,0,0,1,2
36,360445,1,1,0,1,1,1,1,47,4170,25,7,2014,6,12,19,0,16,6,RUTHERFORD PL,BAY 16TH ST,0,40.60593333,-74.00635833,0,8,0,0,2,2,0,1,1,1,0,1,0,0000000,12,19,99,99,99,99,0,0,0,1,0
36,360446,2,2,0,0,0,2,2,1,1290,26,7,2014,7,1,48,1,2,3,SR-9 NEW LOUDON RD,,0,42.81106944,-73.73208611,0,12,1,0,1,1,0,1,2,1,0,1,0,0000000,1,51,1,57,99,99,0,0,0,1,1
36,360447,1,1,0,0,0,1,1,55,1930,22,6,2014,1,14,6,1,11,1,I-490,,0,43.07301389,-77.47917222,0,1,0,0,1,1,0,2,1,1,0,1,0,0000000,14,6,14,16,14,54,0,0,0,1,0
36,360448,1,1,0,0,0,2,2,65,650,29,7,2014,3,20,16,0,6,6,EAST ST,,0,42.91128889,-75.22241111,0,7,0,0,1,1,0,4,1,10,0,10,0,0000000,20,16,20,23,99,99,0,0,0,1,1
36,360449,1,1,0,1,1,1,1,81,4170,27,7,2014,1,20,28,0,13,6,PARSONS BLVD,82ND RD,0,40.71850278,-73.79951944,0,15,0,0,2,2,0,1,1,10,0,10,0,0000000,20,29,20,33,20,46,0,0,0,1,0
36,360450,2,2,0,0,0,2,2,59,4600,25,7,2014,6,8,58,1,12,3,SR-908G,,0,40.80201111,-73.46096111,0,12,9,0,1,1,0,1,1,1,0,1,0,0000000,8,58,9,5,88,88,0,0,0,1,0
36,360451,1,1,0,1,1,1,1,81,4170,28,7,2014,2,9,51,0,16,6,148TH ST,N CONDUIT AVE,0,40.66694167,-73.79122778,0,9,0,0,2,3,0,1,1,1,0,1,0,0000000,99,99,99,99,99,99,0,0,0,1,0
36,360452,1,1,0,0,0,1,1,103,5810,29,7,2014,3,15,24,1,13,3,SR-24 NUGENT DR,,0,40.91543611,-72.6763,0,59,0,0,1,1,0,3,1,10,0,10,0,0000000,15,24,15,33,88,88,0,0,0,1,0
36,360453,1,1,0,1,1,1,1,81,4170,29,7,2014,3,20,54,0,16,6,WILLETS POINT BLVD,,0,40.78205833,-73.80043611,0,8,0,0,1,1,0,1,3,1,0,1,0,0000000,99,99,99,99,99,99,0,0,0,1,0
36,360454,3,1,2,0,0,1,1,81,4170,1,8,2014,6,1,47,0,16,6,ASTORIA BLVD N,,0,40.76928611,-73.90936944,0,14,0,0,1,1,0,7,3,1,0,1,0,0000000,1,47,99,99,88,88,0,0,0,1,1