STATE,ST_CASE,VE_TOTAL,VE_FORMS,PVH_INVL,PEDS,PERNOTMVIT,PERMVIT,PERSONS,COUNTY,CITY,DAY,MONTH,YEAR,DAY_WEEK,HOUR,MINUTE,NHS,ROAD_FNC,ROUTE,TWAY_ID,TWAY_ID2,MILEPT,LATITUDE,LONGITUD,SP_JUR,HARM_EV,MAN_COLL,RELJCT1,RELJCT2,TYP_INT,WRK_ZONE,REL_ROAD,LGT_COND,WEATHER1,WEATHER2,WEATHER,SCH_BUS,RAIL,NOT_HOUR,NOT_MIN,ARR_HOUR,ARR_MIN,HOSP_HR,HOSP_MN,CF1,CF2,CF3,FATALS,DRUNK_DR
36,360680,2,2,0,0,0,3,3,71,3840,14,10,2014,3,5,15,0,16,6,UNION ST,,0,41.52023889,-74.24325556,0,33,0,0,1,1,0,4,3,5,0,5,0,0000000,5,17,5,36,6,13,0,0,0,2,1
36,360681,4,1,3,1,1,1,1,29,750,13,10,2014,2,10,34,0,16,5,GRANT ST,,0,42.92733611,-78.88938889,0,8,0,0,1,1,0,7,1,2,0,2,0,0000000,10,35,99,99,99,99,0,0,0,1,0
36,360682,1,1,0,0,0,1,1,45,3075,14,10,2014,3,6,0,0,3,3,SR-180,,0,44.15401667,-75.96915833,0,1,0,0,1,1,0,4,1,1,0,1,0,0000000,8,51,9,10,11,0,0,0,0,1,0
36,360683,1,1,0,1,1,2,2,59,378,15,10,2014,4,20,30,0,12,3,SR-27,,0,40.65653056,-73.614575,0,8,0,0,1,1,0,1,3,10,0,10,0,0000000,20,42,20,50,21,6,0,0,0,1,0
36,360684,1,1,0,0,0,2,2,47,4170,17,10,2014,6,2,4,1,11,1,I-278,PROSPECT EXP,0,40.66596667,-73.99597778,0,25,0,1,5,1,0,4,3,10,0,10,0,0000000,99,99,99,99,88,88,0,0,0,2,1
36,360685,2,2,0,0,0,3,3,35,2980,10,10,2014,6,16,11,0,3,3,SR-29,,0,43.03111389,-74.43344444,0,12,6,0,1,1,0,1,1,10,0,10,0,0000000,16,11,16,17,16,50,0,0,0,1,0
36,360686,2,2,0,0,0,2,2,53,4470,17,10,2014,6,15,26,0,2,3,SR-365A LENOX AVE,STONE ST,0,43.08496389,-75.67206389,0,12,6,0,2,2,0,1,1,1,0,1,0,0000000,15,28,15,32,15,59,0,0,0,1,0
36,360687,2,2,0,0,0,4,4,27,5110,19,10,2014,1,13,20,1,2,3,SR-199 W MARKET ST,BENNER RD,0,41.99757222,-73.88466389,0,12,6,0,2,2,0,1,1,1,0,1,0,0000000,13,20,13,24,99,99,0,0,0,1,0
36,360688,1,1,0,0,0,1,1,65,1220,19,10,2014,1,23,46,0,5,6,COLLEGE HILL RD,,0,43.05661667,-75.41771389,0,34,0,0,1,1,0,4,2,1,0,1,0,0000000,23,46,23,55,88,88,0,0,0,1,1
36,360689,1,1,0,0,0,1,1,19,1116,12,10,2014,1,12,26,0,6,5,LOVERS LANE,W CHURCH ST,0,44.82006389,-73.51360278,0,38,0,0,3,2,0,4,1,1,0,1,0,0000000,12,27,12,34,13,25,0,0,0,1,0
36,360690,1,1,0,0,0,1,1,11,3339,21,10,2014,3,11,16,0,6,5,FILMORE RD,,0,42.69519722,-76.33881111,0,34,0,0,1,1,0,4,1,10,0,10,0,0000000,11,16,11,26,88,88,0,0,0,1,0
36,360691,1,1,0,1,1,1,1,103,2920,15,9,2014,2,11,31,0,16,6,SUFFOLK AVE,,0,40.79145278,-73.19825278,0,8,0,0,1,1,0,1,1,1,0,1,0,0000000,99,99,99,99,99,99,0,0,0,1,0
36,360692,2,2,0,0,0,3,3,103,2920,28,9,2014,1,20,30,0,13,3,SR-454,SR-111,0,40.82235833,-73.20795,0,12,2,0,2,2,0,1,3,1,0,1,0,0000000,99,99,99,99,99,99,0,0,0,1,0
36,360693,3,3,0,0,0,3,3,103,360,27,8,2014,4,16,0,0,16,6,LONG ISLAND AVE,DOE ST,0,40.75471111,-73.35765,0,12,6,0,2,3,0,1,1,1,0,1,0,0000000,16,2,16,6,99,99,0,0,0,1,0
36,360694,3,3,0,1,1,4,4,103,2920,13,9,2014,7,22,13,0,13,3,SR-111,VANDERBILT AVE,0,40.79606111,-73.21868056,0,9,0,0,3,2,0,1,3,2,0,2,0,0000000,22,45,1,5,88,88,0,0,0,1,0
36,360695,2,2,0,0,0,2,2,81,4170,28,9,2014,1,4,10,0,16,6,CYPRESS AVE,CYPRESS HILLS ST,0,40.69226111,-73.882675,0,33,0,0,3,3,0,4,3,1,0,1,0,0000000,99,99,99,99,99,99,0,0,0,1,0
36,360696,1,1,0,0,0,2,2,65,800,21,1,2014,3,18,17,0,3,3,SR-69,,0,43.31600556,-75.70313056,0,42,0,0,1,1,0,5,2,10,0,10,0,0000000,18,20,18,28,19,36,0,0,0,1,0
36,360697,1,1,0,0,0,1,1,13,4987,14,10,2014,3,16,40,0,6,6,WALKER RD,,0,42.37864167,-79.48363333,0,10,0,0,6,1,0,1,1,1,0,1,0,471786S,16,41,16,45,88,88,0,0,0,1,0
36,360698,1,1,0,1,1,1,1,103,705,21,10,2014,3,6,20,0,6,4,CR-21,,0,40.93104167,-72.94063611,0,9,0,0,1,1,0,1,2,10,0,10,0,0000000,6,23,6,29,99,99,0,0,0,1,0
36,360699,1,1,0,1,1,3,3,5,4170,3,10,2014,6,1,37,0,13,6,WILLIS AVE,E 147TH ST,0,40.81476944,-73.91880556,0,8,0,0,2,2,0,1,2,1,0,1,0,0000000,99,99,99,99,99,99,0,0,0,1,0
36,360700,1,1,0,1,1,1,1,61,4170,10,10,2014,6,13,36,0,16,6,3RD AVE,E 96TH ST,0,40.78510278,-73.94935833,0,8,0,0,2,2,0,1,1,1,0,1,0,0000000,99,99,99,99,99,99,0,0,0,1,0
36,360701,1,1,0,1,1,1,1,81,4170,23,10,2014,5,5,56,0,16,6,80TH ST,COOPER AVE,0,40.70940556,-73.86966389,0,8,0,0,2,2,0,1,3,2,0,2,0,0000000,5,58,6,7,6,22,0,0,0,1,0
36,360702,1,1,0,0,0,1,1,105,1954,25,4,2014,6,22,30,0,6,6,DIVINE CORNERS RD,,0,41.79993611,-74.65678333,0,38,0,0,1,1,0,5,2,2,10,2,0,0000000,99,99,99,99,99,99,0,0,0,1,0
36,360703,1,1,0,2,2,1,1,71,4060,25,10,2014,7,15,57,0,16,5,WATER ST,,0,41.50113333,-74.00667778,0,30,0,0,1,1,0,4,1,1,0,1,0,0000000,15,58,16,4,16,31,0,0,0,1,0
36,360704,1,1,0,1,1,1,1,47,4170,5,5,2014,2,11,32,0,13,6,OCEAN PARKWAY,AVE O,0,40.61197778,-73.96810278,0,8,0,0,2,2,0,1,1,1,0,1,0,0000000,99,99,99,99,99,99,0,0,0,1,0
36,360705,1,1,0,2,2,1,1,61,4170,30,4,2014,4,14,30,0,16,6,7TH AVE,,0,40.74895556,-73.99210278,0,8,0,0,1,1,0,1,1,10,2,2,0,0000000,99,99,99,99,99,99,0,0,0,1,0
36,360706,1,1,0,1,1,1,1,81,4170,1,2,2014,7,20,42,0,15,6,120TH ST,107TH AVE,0,40.68464444,-73.82231944,0,8,0,0,2,2,0,1,3,1,0,1,0,0000000,99,99,99,99,99,99,0,0,0,1,0
36,360707,3,2,1,0,0,2,2,47,4170,21,5,2014,4,15,21,0,16,6,15TH AVE,81ST ST,0,40.61420833,-74.00654722,0,12,6,0,2,2,0,1,1,10,0,10,0,0000000,99,99,99,99,99,99,0,0,0,1,0
36,360708,1,1,0,1,1,1,1,81,4170,21,6,2014,7,9,40,0,16,6,34TH AVE,109TH ST,0,40.75636389,-73.85967778,0,8,0,0,2,2,0,1,1,1,0,1,0,0000000,99,99,99,99,99,99,0,0,0,1,0
36,360709,1,1,0,1,1,1,1,47,4170,26,10,2014,1,6,19,0,16,6,65TH ST,18TH AVE,0,40.619125,-73.990175,0,8,0,0,3,2,0,1,3,1,0,1,0,0000000,99,99,99,99,99,99,0,0,0,1,0
36,360710,1,1,0,1,1,1,1,47,4170,26,10,2014,1,7,4,0,13,6,RALPH AVE,E 65TH ST,0,40.62208889,-73.91751944,0,8,0,0,3,2,0,1,1,1,0,1,0,0000000,7,4,7,6,88,88,0,0,0,1,0
36,360711,1,1,0,0,0,2,2,7,4935,28,10,2014,3,20,2,1,1,1,I-88,,0,42.15961111,-75.78801944,0,1,0,0,1,1,0,2,2,1,0,1,0,0000000,20,3,20,9,99,99,0,0,0,1,0
36,360712,1,1,0,0,0,1,1,93,1592,28,10,2014,3,19,45,0,2,3,SR-160,FITZDOM RD,0,42.85786667,-74.143175,0,41,0,0,3,2,0,4,2,1,0,1,0,0000000,19,50,20,20,21,4,0,0,0,1,1
36,360713,1,1,0,0,0,1,1,55,2606,28,10,2014,3,11,40,1,11,1,I-390,,0,43.09519167,-77.602175,0,21,0,0,1,1,0,3,1,1,0,1,0,0000000,11,40,11,47,99,99,0,0,0,1,0
36,360714,2,1,1,1,1,2,2,81,4170,17,10,2014,6,18,57,0,16,6,LINDEN BLVD,FARMERS BLVD,0,40.69170278,-73.76213889,0,14,0,0,1,1,0,7,5,1,0,1,0,0000000,19,1,99,99,99,99,0,0,0,1,0
36,360715,2,2,0,0,0,4,4,19,4880,29,10,2014,4,7,14,0,6,4,CR-38 CHASM RD,TELEGRAPH RD,0,44.53447222,-73.48419722,0,12,2,0,2,4,0,1,4,3,12,3,0,0000000,7,15,7,20,99,99,0,0,0,1,0
36,360716,1,1,0,1,1,1,1,85,4170,29,10,2014,4,2,34,1,11,1,I-278,,0,40.61107222,-74.031575,0,8,0,0,1,1,2,1,3,1,0,1,0,0000000,99,99,99,99,99,99,0,0,0,1,0
36,360717,1,1,0,0,0,1,1,33,4685,10,10,2014,6,0,45,0,3,4,CR-60,MILL HILL RD,0,44.4455,-74.17754722,0,32,0,0,1,1,0,5,2,2,10,2,0,0000000,0,45,99,99,88,88,0,0,0,1,0
36,360718,2,2,0,0,0,3,3,65,5120,29,10,2014,4,19,12,1,2,3,SR-365,FAIRCHILD RD,0,43.34246111,-75.09533333,0,12,6,0,2,2,0,1,2,10,0,10,0,0000000,19,12,19,28,99,99,0,0,0,1,0
36,360719,1,1,0,0,0,1,1,29,1286,25,10,2014,7,1,31,0,3,3,SR-438,,0,42.47878889,-78.93808889,0,30,0,0,1,1,0,4,3,10,0,10,0,0000000,1,40,1,44,88,88,0,0,0,1,1
36,360720,1,1,0,1,1,1,1,61,4170,30,10,2014,5,21,28,0,16,6,CANAL ST,,0,40.71813611,-74.00001667,0,8,0,0,1,1,0,1,3,1,0,1,0,0000000,99,99,99,99,88,88,0,0,0,1,0
36,360721,1,1,0,1,1,1,1,71,4060,1,11,2014,7,19,19,0,16,6,WATER ST,,0,41.48862222,-74.00944722,0,8,0,0,1,1,0,1,2,2,10,2,0,0000000,19,19,19,25,88,88,0,0,0,1,0
36,360722,1,1,0,1,1,1,1,67,1166,30,10,2014,5,7,0,0,16,5,LAKESHORE RD,,0,43.19009722,-76.03106944,0,53,0,0,1,1,0,4,4,10,0,10,0,0000000,7,0,7,9,7,25,0,0,0,1,1
36,360723,1,1,0,1,1,1,1,47,4170,1,11,2014,7,2,26,0,14,6,ROCKAWAY PKY,,0,40.66193889,-73.92104444,0,8,0,0,1,1,0,1,3,2,10,2,0,0000000,99,99,99,99,99,99,0,0,0,1,0
36,360724,1,1,0,1,1,1,1,81,4170,30,10,2014,5,5,7,0,14,5,WYCKOFF AVE,PALMETTO ST,0,40.69956111,-73.91109444,0,8,0,0,2,7,0,1,3,1,0,1,0,0000000,99,99,99,99,99,99,0,0,0,1,0
36,360725,2,2,0,0,0,2,2,47,4170,15,9,2014,2,23,17,0,14,6,OCEAN PKY,AVE T,0,40.60008889,-73.96613889,0,12,6,0,2,2,0,1,3,1,0,1,0,0000000,23,17,99,99,99,99,0,0,0,1,0
36,360726,1,1,0,1,1,2,2,5,4170,7,9,2014,1,17,10,0,15,5,WHITE PLAINS RD,WATSON AVE,0,40.82838889,-73.86068611,0,8,0,0,3,2,0,1,1,1,0,1,0,0000000,17,10,99,99,99,99,0,0,0,1,0
36,360727,1,1,0,0,0,1,1,69,666,1,11,2014,7,3,56,0,3,4,CR-32 BRISTOL RD,SR-64 BRISTOL VALLEY RD,0,42.72981944,-77.39920833,0,35,0,0,1,1,0,4,2,2,0,2,0,0000000,4,2,99,99,88,88,0,0,0,1,0
36,360728,1,1,0,0,0,2,2,55,5230,2,11,2014,1,13,30,0,16,5,DEWEY AVE,,0,43.16671111,-77.63399167,0,5,0,0,1,1,0,1,1,1,0,1,0,0000000,99,99,99,99,99,99,0,0,0,1,0
36,360729,1,1,0,2,2,2,2,55,2395,31,10,2014,6,21,42,0,16,6,LATTA RD,,0,43.25293333,-77.63839444,0,8,0,0,1,1,0,1,3,2,10,2,0,0000000,99,99,99,99,99,99,0,0,0,1,0
36,360730,1,1,0,1,1,1,1,5,4170,6,8,2014,4,7,19,0,16,6,EDISON AVE,WESTCHESTER AVE,0,40.84697778,-73.83236667,0,8,0,0,2,7,0,1,1,1,0,1,0,0000000,99,99,99,99,99,99,0,0,0,1,0
36,360731,2,2,0,0,0,3,3,59,2600,2,11,2014,1,4,15,1,13,3,SR-24 HEMPSTEAD TURNPIKE,MEACHAM AVE,0,40.70811111,-73.69050278,0,12,2,0,2,2,0,1,3,10,0,10,0,0000000,4,16,4,18,88,88,0,0,0,2,1
36,360732,3,3,0,0,0,3,3,47,4170,3,11,2014,2,2,2,1,12,3,SR-907C,,0,40.6035,-73.89865,0,24,0,0,1,1,0,3,3,1,0,1,0,0000000,2,2,99,99,88,88,0,0,0,1,0
36,360733,2,2,0,0,0,2,2,63,3340,3,11,2014,2,11,29,0,2,3,SR-93 LOCKPORT BYPASS,,0,43.14735278,-78.71238056,0,12,2,0,1,1,0,1,1,1,0,1,0,0000000,11,29,11,37,99,99,0,0,0,1,0
36,360734,2,2,0,0,0,3,3,119,6670,3,11,2014,2,4,29,0,16,6,S LEXINGTON AVE,,0,41.030525,-73.77210278,0,12,2,0,1,1,0,1,3,10,0,10,0,0000000,4,29,4,33,99,99,0,0,0,1,1
36,360735,3,3,0,0,0,3,3,81,4170,4,11,2014,3,12,20,0,14,6,ROCKAWAY BLVD,GUY R BREWER BLVD,0,40.65626389,-73.76735833,0,12,6,0,2,2,0,1,1,1,0,1,0,0000000,12,20,99,99,99,99,0,0,0,1,0
36,360736,1,1,0,0,0,2,2,59,2600,22,9,2014,2,0,12,1,12,1,I-908E,,0,40.70162778,-73.57734722,0,25,0,0,1,1,0,3,3,10,0,10,0,0000000,0,12,0,21,88,88,0,0,0,2,0
36,360737,1,1,0,0,0,1,1,71,6163,7,11,2014,6,6,40,1,2,3,SR-17,,0,41.20053056,-74.18389167,0,35,0,0,1,1,0,4,4,1,0,1,0,0000000,6,40,6,45,7,27,0,0,0,1,0
36,360738,1,1,0,0,0,1,1,67,1539,11,10,2014,7,11,44,0,16,6,NOTTINGHAM RD,,0,43.01258889,-76.09300278,0,30,0,0,1,1,0,4,1,10,0,10,0,0000000,11,45,99,99,88,88,0,0,0,1,0
36,360739,1,1,0,1,1,1,1,71,1169,13,10,2014,2,4,30,0,14,3,SR-211,,0,41.45862222,-74.37855833,0,8,0,0,1,1,0,1,3,1,0,1,0,0000000,4,30,4,32,4,50,0,0,0,1,0
36,360740,1,1,0,1,1,1,1,81,4170,5,11,2014,4,22,53,0,13,6,NORTHERN BLVD,UNION ST,0,40.76383889,-73.82815,0,8,0,0,3,2,0,1,3,1,0,1,0,0000000,22,53,23,0,23,20,0,0,0,1,0
36,360741,1,1,0,0,0,2,2,71,2320,4,11,2014,3,18,40,0,2,3,SR-17M,,0,41.39765278,-74.37487222,0,18,0,0,1,1,0,4,3,1,0,1,0,0000000,18,45,18,50,19,0,0,0,0,1,1
36,360742,1,1,0,1,1,1,1,47,4170,8,11,2014,7,11,39,0,14,6,N CONDUIT BLVD,,0,40.675175,-73.86272222,0,8,0,0,1,1,0,1,1,1,0,1,0,0000000,11,39,11,44,11,58,0,0,0,1,0
36,360743,1,1,0,1,1,2,2,13,4987,8,11,2014,7,20,38,1,2,2,US-20,,0,42.37076944,-79.48659722,0,8,0,0,1,1,0,1,2,2,0,2,0,0000000,20,40,99,99,20,50,0,0,0,1,0
36,360744,1,1,0,1,1,1,1,5,4170,9,11,2014,1,0,3,1,11,1,I-87 MAJOR DEEGAN EXPRESSWAY,,0,40.85680556,-73.917325,0,8,0,0,1,1,0,1,3,1,0,1,0,0000000,0,3,99,99,88,88,0,0,0,1,0
36,360745,1,1,0,1,1,1,1,81,4170,4,11,2014,3,9,36,0,16,6,QUEENS BLVD,HILLYER ST,0,40.73814444,-73.88564167,0,8,0,0,3,2,0,1,1,1,0,1,0,0000000,99,99,99,99,99,99,0,0,0,1,0
36,360746,2,2,0,0,0,2,2,29,1844,24,9,2014,4,17,51,0,6,5,MAPLE RD,W BLOOD RD,0,42.79209167,-78.62137222,0,12,6,0,2,2,0,1,1,1,0,1,0,0000000,17,52,17,58,18,49,0,0,0,1,0
36,360747,1,1,0,0,0,1,1,71,4130,11,11,2014,3,8,54,0,14,2,US-9W,,0,41.45601111,-74.02601667,0,24,0,0,1,1,0,4,1,10,0,10,0,0000000,8,57,9,3,9,19,0,0,0,1,0
36,360748,2,2,0,0,0,3,3,117,4030,22,10,2014,4,10,34,0,6,5,FAIRVILLE STATION RD,,0,43.10975833,-77.07392778,0,12,6,0,1,1,0,1,1,10,0,10,0,0000000,10,37,99,99,88,88,0,0,0,1,0
36,360749,2,2,0,0,0,4,4,83,2974,21,10,2014,3,13,53,1,2,3,SR-7,,0,42.83953611,-73.48241111,0,12,2,0,1,1,0,1,1,10,0,10,1,0000000,13,53,16,0,17,30,0,0,0,1,1
36,360750,2,2,0,0,0,2,2,67,6010,24,10,2014,6,21,20,0,16,6,BELLEVUE AVE,PALMER AVE,0,43.03338056,-76.16239722,0,12,6,0,2,2,0,1,3,1,0,1,0,0000000,21,20,21,24,21,40,0,0,0,1,1
36,360751,1,1,0,1,1,1,1,47,4170,7,9,2014,1,10,27,0,16,6,GATES AVE,BEDFORD AVE,0,40.68579444,-73.95442778,0,8,0,0,3,2,0,1,1,1,0,1,0,0000000,99,99,99,99,88,88,0,0,0,1,0
36,360752,7,3,4,0,0,4,4,83,5130,9,11,2014,1,14,3,0,16,5,3RD AVE,,0,42.63695278,-73.739775,0,12,1,0,1,1,0,1,1,1,0,1,0,0000000,14,3,14,7,14,30,0,0,0,1,0
36,360753,2,2,0,0,0,2,2,87,5077,27,9,2014,7,19,38,0,12,3,SR-45,,0,41.08001389,-74.06186667,0,12,6,0,8,1,0,1,3,1,0,1,0,0000000,19,38,19,43,88,88,0,0,0,1,0
36,360754,2,2,0,0,0,4,4,113,5025,18,9,2014,5,14,20,0,3,3,SR-8,CR-30,0,43.67818056,-73.78011389,0,12,2,0,2,2,0,1,1,1,0,1,0,0000000,14,20,14,22,15,35,0,0,0,1,0
36,360755,1,1,0,0,0,1,1,103,5769,2,10,2014,5,2,25,0,16,6,LANDING AVE,,0,40.86553333,-73.20161667,0,42,0,0,1,1,0,5,3,10,2,2,0,0000000,99,99,99,99,99,99,0,0,0,1,0
36,360756,1,1,0,1,1,3,3,121,4750,28,9,2014,1,20,9,0,2,3,SR-246,,0,42.73418611,-78.00544167,0,15,0,0,1,1,0,1,2,1,0,1,0,0000000,20,12,20,15,99,99,0,0,0,1,0
36,360757,1,1,0,1,1,1,1,103,705,3,10,2014,6,5,30,0,16,5,EXPRESSWAY DR N,HAWKINS AVE,0,40.81399722,-73.10801944,0,8,0,0,3,2,0,1,3,1,0,1,0,0000000,99,99,99,99,99,99,0,0,0,1,0
36,360758,1,1,0,0,0,2,2,103,2920,4,10,2014,7,5,56,0,16,5,GRAND BLVD,NOBLE ST,0,40.77112778,-73.22133056,0,42,0,0,3,2,0,5,4,10,0,10,0,0000000,6,3,6,24,6,31,0,0,0,1,1
36,360759,1,1,0,1,1,2,2,105,1954,24,8,2014,1,15,5,0,6,5,TABACZYNSKI RD,,0,41.71040556,-74.58279444,0,8,0,0,1,1,0,1,1,1,0,1,0,0000000,15,12,15,17,15,53,0,0,0,1,0
36,360760,2,2,0,0,0,2,2,103,4670,1,10,2014,4,5,4,0,14,4,CR-83 N OCEAN AVE,VEHSLAGE ST,0,40.78903889,-73.01666667,0,12,6,0,2,2,0,1,3,2,0,2,0,0000000,99,99,99,99,99,99,0,0,0,1,0
36,360761,2,2,0,0,0,2,2,119,6825,25,10,2014,7,16,54,0,12,3,SR-987G,,0,41.29504722,-73.82216944,0,12,1,0,1,1,0,1,1,1,0,1,0,0000000,17,2,17,11,17,30,0,0,0,1,0
36,360762,2,2,0,0,0,2,2,25,5700,15,10,2014,4,11,29,0,3,4,CR-4,,0,42.28993889,-75.38674444,0,12,2,0,1,1,0,1,1,10,0,10,0,0000000,11,29,11,33,12,43,0,0,0,1,0
36,360763,1,1,0,1,1,1,1,103,3768,18,10,2014,7,23,13,0,16,6,362 N COUNTRY RD,,0,40.94945,-72.979875,0,8,0,0,1,1,0,1,3,10,0,10,0,0000000,99,99,99,99,99,99,0,0,0,1,0
36,360764,1,1,0,0,0,2,2,71,2695,27,10,2014,2,14,30,0,16,5,NININGER RD,,0,41.31730833,-74.13420278,0,24,0,0,1,1,0,4,1,1,0,1,0,0000000,14,30,99,99,88,88,0,0,0,2,1
36,360765,1,1,0,0,0,2,2,17,30,7,11,2014,6,9,4,0,6,4,CR-241,KATHY LANE,0,42.22545556,-75.43305556,0,1,0,0,1,1,0,4,1,10,0,10,0,0000000,9,8,9,26,10,38,0,0,0,1,0
36,360766,3,1,2,0,2,1,3,103,450,29,10,2014,4,12,34,1,12,3,SR-27,,0,40.735675,-73.24885833,0,14,0,0,1,1,0,2,1,1,0,1,0,0000000,99,99,99,99,99,99,23,0,0,1,0
36,360767,2,2,0,0,0,2,2,103,705,16,10,2014,5,12,45,0,16,5,MILL RD,,0,40.86186667,-72.98736111,0,12,6,0,1,1,0,1,1,10,0,10,1,0000000,99,99,99,99,99,99,0,0,0,1,0
36,360768,2,2,0,0,0,2,2,103,705,3,9,2014,4,21,24,0,13,3,SR-25A,,0,40.94064722,-73.00021389,0,12,6,0,1,1,0,1,3,1,0,1,0,0000000,99,99,99,99,88,88,0,0,0,1,0
36,360769,1,1,0,1,1,1,1,103,2840,30,10,2014,5,6,55,0,14,3,SR-25A W MAIN ST,SCUDDER PL,0,40.86983889,-73.4331,0,8,0,0,3,2,0,1,4,1,0,1,0,0000000,99,99,99,99,99,99,0,0,0,1,0
36,360770,1,1,0,0,0,2,2,59,2600,11,11,2014,3,0,35,0,12,3,SR-908M,,0,40.68311389,-73.68590556,0,24,0,0,1,1,0,4,3,1,0,1,0,0000000,0,35,0,40,88,88,0,0,0,2,0
36,360771,1,1,0,0,0,3,3,67,6010,25,9,2014,5,23,25,0,16,5,W SECECA TPKE,,0,43.00275833,-76.15697778,0,33,0,0,1,1,0,4,2,1,0,1,0,0000000,23,25,23,33,23,58,0,0,0,2,1
36,360772,1,1,0,0,0,2,2,55,5230,10,11,2014,2,0,53,0,16,5,ALEXANDER ST,,0,43.16198333,-77.59171667,0,30,0,0,1,1,0,4,3,10,0,10,0,0000000,99,99,99,99,88,88,0,0,0,2,0
36,360773,1,1,0,0,0,1,1,19,1817,12,11,2014,4,7,8,0,6,5,331 SPEAR HILL RD,,0,44.82819167,-73.98898056,0,30,0,0,1,1,0,4,3,2,0,2,0,0000000,7,8,7,29,99,99,0,0,0,1,0
36,360774,1,1,0,0,0,2,2,5,4170,13,11,2014,5,23,30,1,12,3,SR-908A HUTCHINSON RIVER PKWY,,0,40.85610278,-73.83273611,0,24,0,0,1,1,0,4,3,2,0,2,0,0000000,99,99,99,99,99,99,0,0,0,1,0
36,360775,1,1,0,1,1,1,1,5,4170,13,11,2014,5,21,40,0,16,6,VYSE AVE,E 174TH ST,0,40.83675833,-73.88596111,0,8,0,0,2,2,0,1,3,2,0,2,0,0000000,99,99,99,99,99,99,0,0,0,1,0
36,360776,2,2,0,0,0,4,4,59,2160,15,11,2014,7,9,22,0,16,5,W MERRICK RD,PARK AVE,0,40.651675,-73.59909722,0,12,6,0,2,3,0,1,1,1,0,1,0,0000000,99,99,99,99,99,99,0,0,0,1,0
36,360777,1,1,0,0,0,2,2,89,880,14,11,2014,6,11,20,0,3,4,CR-29,,0,44.54218889,-75.09053611,0,42,0,0,1,1,0,5,1,10,0,10,0,0000000,11,20,11,33,11,57,0,0,0,2,0
36,360778,2,2,0,0,0,3,3,79,630,14,11,2014,6,12,50,0,13,3,SR-22,,0,41.37456389,-73.63589167,0,12,2,0,1,1,0,1,1,1,0,1,0,0000000,12,55,13,8,13,32,0,0,0,2,0
36,360779,1,1,0,1,1,1,1,103,5810,14,11,2014,6,6,19,0,16,4,CR-39,,0,40.897875,-72.40638056,0,8,0,0,1,1,0,1,4,10,0,10,0,0000000,6,19,6,22,88,88,0,0,0,1,0
36,360780,1,1,0,0,0,1,1,67,3425,15,11,2014,7,13,50,0,6,6,9448 PENDERGAST RD,,0,43.22649167,-76.31249444,0,32,0,0,1,1,0,5,1,1,0,1,0,0000000,13,51,13,57,88,88,0,0,0,1,0
36,360781,1,1,0,1,1,2,2,95,1240,15,11,2014,7,17,47,0,2,3,SR-7 MAIN ST,,0,42.677825,-74.48528889,0,8,0,0,1,1,0,1,3,1,0,1,0,0000000,17,49,17,53,18,54,0,0,0,1,0
36,360782,2,2,0,0,0,2,2,67,6140,13,7,2014,1,13,50,0,4,3,SR-11,,0,42.77996111,-76.11463889,0,12,2,0,1,1,0,1,1,10,0,10,0,0000000,13,51,13,56,99,99,0,0,0,1,0
36,360783,2,2,0,0,0,3,3,55,2606,26,7,2014,7,23,12,0,16,5,CALKINS RD,HYLAN DR,0,43.068375,-77.62746667,0,12,6,0,2,2,0,1,3,1,0,1,0,0000000,23,14,23,17,99,99,0,0,0,1,1
36,360784,1,1,0,1,1,1,1,85,4170,15,11,2014,7,14,38,0,16,6,BAYVIEW AVE,HYLAN BLVD,0,40.51661944,-74.20278889,0,8,0,0,3,2,0,1,1,1,0,1,0,0000000,99,99,99,99,99,99,0,0,0,1,0
36,360785,1,1,0,0,0,1,1,59,2285,16,11,2014,1,21,40,0,16,6,GLEN COVE AVE,,0,40.82394167,-73.62659444,0,33,0,0,1,1,0,4,3,2,10,2,0,0000000,21,41,21,46,22,16,0,0,0,1,1
36,360786,1,1,0,1,1,1,1,55,652,16,11,2014,1,15,1,0,16,5,357 PELHAM RD,,0,43.13383333,-77.54858889,0,8,0,0,1,1,0,1,1,10,0,10,0,0000000,15,1,15,6,15,15,0,0,0,1,0
36,360787,1,1,0,0,0,2,2,37,42,18,11,2014,3,6,6,0,6,6,MEADVILLE RD,,0,43.08944722,-78.45327778,3,25,0,0,1,1,2,1,2,4,0,4,0,0000000,6,6,6,57,99,99,0,0,0,1,1
36,360788,1,1,0,1,1,2,2,119,1550,19,11,2014,4,18,31,0,12,6,SAW MILL RIVER PKY,LAWRENCE ST,0,41.00255,-73.85645,0,8,0,0,3,2,0,1,2,10,0,10,0,0000000,18,34,99,99,99,99,0,0,0,1,0
36,360789,1,1,0,0,0,1,1,103,360,6,9,2014,7,2,40,0,16,5,NEW HIGHWAY,CENTRAL AVE,0,40.75289722,-73.41466667,0,30,0,0,3,3,0,4,3,1,0,1,0,0000000,2,42,2,48,3,10,0,0,0,1,0