STATE,ST_CASE,VE_TOTAL,VE_FORMS,PVH_INVL,PEDS,PERNOTMVIT,PERMVIT,PERSONS,COUNTY,CITY,DAY,MONTH,YEAR,DAY_WEEK,HOUR,MINUTE,NHS,ROAD_FNC,ROUTE,TWAY_ID,TWAY_ID2,MILEPT,LATITUDE,LONGITUD,SP_JUR,HARM_EV,MAN_COLL,RELJCT1,RELJCT2,TYP_INT,WRK_ZONE,REL_ROAD,LGT_COND,WEATHER1,WEATHER2,WEATHER,SCH_BUS,RAIL,NOT_HOUR,NOT_MIN,ARR_HOUR,ARR_MIN,HOSP_HR,HOSP_MN,CF1,CF2,CF3,FATALS,DRUNK_DR
37,370385,1,1,0,1,1,2,2,27,9997,22,5,2014,5,21,26,1,2,2,US-321,,0,35.93814444,-81.5427,0,8,0,0,1,1,0,1,2,10,0,10,0,0000000,21,24,21,29,88,88,0,0,0,1,0
37,370386,1,1,0,0,0,1,1,53,0,26,5,2014,2,3,5,1,2,2,US-158,,0,99.99990000,999.99990000,0,53,0,0,1,1,0,4,2,1,0,1,0,0000000,99,99,99,99,99,99,0,0,0,1,1
37,370387,1,1,0,0,0,3,3,57,4590,29,5,2014,5,1,2,0,16,6,HASTY HILL RD,,0,35.92052778,-80.07844722,0,42,0,0,1,1,0,4,3,1,0,1,0,0000000,1,4,1,13,2,18,0,0,0,1,0
37,370388,1,1,0,0,0,4,4,63,1360,25,5,2014,1,16,24,1,13,3,SR-98,,0,35.98851944,-78.85090278,0,19,0,0,1,1,0,4,1,1,0,1,0,0000000,99,99,99,99,99,99,0,0,0,1,0
37,370389,1,1,0,0,0,1,1,75,0,27,5,2014,3,23,52,0,6,4,CR-1110,,0,35.28970833,-83.81469722,0,53,0,0,1,1,0,4,2,10,0,10,0,0000000,99,99,99,99,99,99,0,0,0,1,0
37,370390,1,1,0,1,1,1,1,109,0,21,5,2014,4,20,54,0,3,2,US-321,CR-1592,0,35.52708611,-81.22531389,0,8,0,0,3,3,0,2,2,1,0,1,0,0000000,99,99,99,99,99,99,0,0,0,1,0
37,370391,2,2,0,0,0,3,3,151,0,31,5,2014,7,13,54,0,4,3,SR-42,CR-1003,0,35.62893889,-79.64498333,0,12,6,0,2,2,0,1,1,10,0,10,0,0000000,99,99,99,99,99,99,0,0,0,1,0
37,370392,1,1,0,0,0,3,3,157,0,30,5,2014,6,18,15,1,2,2,US-29,,0,36.43735833,-79.57263611,0,1,0,0,1,1,0,3,1,1,0,1,0,0000000,18,5,18,15,18,51,0,0,0,1,0
37,370393,2,2,0,0,0,2,2,161,0,26,5,2014,2,18,23,0,5,4,CR-1006,CR-1745,0,35.44644722,-81.81011389,0,12,2,0,8,1,0,1,1,1,0,1,0,0000000,99,99,99,99,99,99,0,0,0,1,0
37,370394,1,1,0,0,0,2,2,161,0,31,5,2014,7,21,15,0,6,4,CR-1312,,0,35.51190833,-82.17082222,0,1,0,0,1,1,0,4,2,10,0,10,0,0000000,99,99,99,99,99,99,0,0,0,1,1
37,370395,1,1,0,1,1,1,1,199,0,23,5,2014,6,21,17,1,2,2,US-19,,0,35.91256389,-82.31711389,0,8,0,0,1,1,0,1,2,1,0,1,0,0000000,21,13,21,19,22,0,0,0,0,1,0
37,370396,2,1,1,2,2,1,1,23,0,28,5,2014,4,22,20,0,3,3,SR-18,,0,35.59934444,-81.50381389,0,8,0,0,1,1,0,1,2,1,0,1,0,0000000,22,17,22,36,23,11,23,0,0,1,0
37,370397,3,3,0,0,0,4,4,25,2063,17,5,2014,7,18,23,0,16,6,MOREHEAD RD,,0,35.35013056,-80.69244722,0,12,6,0,4,1,0,1,1,1,0,1,0,0000000,18,21,18,30,88,88,0,0,0,1,0
37,370398,2,2,0,0,0,2,2,65,0,10,5,2014,7,16,58,1,2,2,US-258,,0,35.88677778,-77.54764167,0,12,9,0,1,1,0,1,1,1,0,1,0,0000000,16,33,16,39,17,12,0,0,0,1,1
37,370399,2,2,0,0,0,2,2,71,0,19,5,2014,2,20,15,0,3,3,SR-279,,0,35.35968333,-81.29918611,0,12,6,0,4,1,0,1,1,1,0,1,0,0000000,99,99,99,99,99,99,0,0,0,1,1
37,370400,1,1,0,0,0,6,6,71,0,24,5,2014,7,2,16,1,2,2,US-74,,0,35.26219167,-81.18796111,0,5,0,0,1,1,0,1,2,1,0,1,0,0000000,99,99,99,99,99,99,0,0,0,1,0
37,370401,1,1,0,1,1,5,5,81,0,31,5,2014,7,22,12,1,1,1,I-85,,0,36.03941944,-79.68983333,0,8,0,0,1,1,0,1,2,1,0,1,0,0000000,22,33,22,51,99,99,0,0,0,1,0
37,370402,1,1,0,1,1,1,1,89,2130,31,5,2014,7,5,24,0,3,3,SR-191,,0,35.35735,-82.509,0,8,0,0,1,1,0,1,3,1,0,1,0,0000000,99,99,99,99,99,99,0,0,0,1,1
37,370403,2,2,0,0,0,4,4,119,870,25,5,2014,1,19,21,0,16,6,E INDEPENDENCE BLVD,,0,35.19788611,-80.76981667,0,12,1,0,1,1,0,1,1,1,0,1,0,0000000,19,21,19,26,20,0,0,0,0,1,1
37,370404,2,2,0,0,0,2,2,125,3600,6,5,2014,3,17,5,0,3,3,SR-2 W,PAGE RD,0,35.20338333,-79.481425,0,12,6,0,2,4,0,1,1,1,0,1,0,0000000,99,99,99,99,99,99,0,0,0,1,0
37,370405,1,1,0,0,0,4,4,173,0,29,5,2014,5,0,45,0,3,3,SR-1355,,0,35.47990556,-83.378025,0,1,0,0,1,1,0,4,2,1,0,1,0,0000000,2,4,2,15,99,99,0,0,0,1,1
37,370406,1,1,0,0,0,1,1,21,170,10,5,2014,7,22,56,0,14,6,RIVERSIDE DR,,0,35.59106111,-82.57123056,0,30,0,0,1,1,0,4,3,1,0,1,0,0000000,22,57,23,3,23,18,0,0,0,1,1
37,370407,2,2,0,0,0,3,3,25,3035,22,5,2014,5,8,1,0,14,3,SR-24,,0,35.24969167,-80.52893056,0,12,2,0,1,1,0,1,1,1,0,1,0,0000000,8,1,8,7,8,42,0,0,0,1,0
37,370408,1,1,0,1,1,1,1,47,0,31,5,2014,7,4,16,0,4,4,CR-1001,,0,34.43196111,-78.607125,0,8,0,0,1,1,0,1,2,1,0,1,0,0000000,4,10,4,28,88,88,0,0,0,1,0
37,370409,1,1,0,0,0,1,1,67,4797,22,5,2014,5,17,45,0,16,6,CR-2219 DIPPEN RD,,0,36.17716389,-80.19573056,0,42,0,0,1,1,0,4,1,1,0,1,0,0000000,17,32,17,41,19,1,0,0,0,1,1
37,370410,1,1,0,1,1,1,1,81,2170,28,5,2014,4,15,24,0,14,2,US-311 S MAIN ST,VAIL AVE,0,35.94553333,-80.00316111,0,8,0,0,3,3,0,1,1,1,0,1,0,0000000,15,25,15,31,15,45,0,0,0,1,0
37,370411,3,3,0,0,0,4,4,133,2330,6,5,2014,3,19,10,1,13,3,SR-24,BELL FORK RD,0,34.74403889,-77.387625,0,12,7,0,3,3,0,1,1,1,0,1,0,0000000,19,16,19,27,19,46,0,0,0,1,0
37,370412,1,1,0,0,0,1,1,7,0,2,6,2014,2,13,58,1,2,2,US-74,,0,34.95941944,-79.93800833,0,24,0,0,1,1,0,4,1,1,0,1,0,0000000,99,99,99,99,99,99,0,0,0,1,0
37,370413,1,1,0,0,0,1,1,61,0,1,6,2014,1,12,42,0,6,4,CR-1108,,0,35.00551389,-78.15003889,0,34,0,0,1,1,0,4,1,1,0,1,0,0000000,12,44,12,50,13,30,0,0,0,1,0
37,370414,1,1,0,0,0,2,2,63,1360,2,6,2014,2,3,44,1,12,2,US-501,,0,35.96562778,-78.96576389,0,25,0,1,5,1,0,3,2,1,0,1,0,0000000,99,99,99,99,99,99,0,0,0,1,1
37,370415,2,2,0,0,0,4,4,85,0,1,6,2014,1,12,55,0,6,5,CR-1222,CR-1221,0,35.39111667,-79.08871944,0,12,2,0,2,2,0,1,1,1,0,1,0,0000000,12,49,13,7,99,99,0,0,0,1,0
37,370416,1,1,0,0,0,3,3,101,0,5,6,2014,5,9,45,0,4,4,CR-1003,,0,35.73435833,-78.38825556,0,34,0,0,1,1,0,4,1,1,0,1,0,0000000,9,43,9,55,10,23,0,0,0,1,0
37,370417,2,2,0,0,0,2,2,119,870,4,6,2014,4,16,27,0,16,6,PINE HARBOR RD,RAINBARREL RD,0,35.12246389,-81.01437222,0,12,6,0,2,3,0,1,1,1,0,1,0,0000000,16,27,16,38,88,88,0,0,0,1,1
37,370418,2,2,0,0,0,2,2,119,870,8,6,2014,1,3,39,1,11,1,I-277,,0,35.22540833,-80.86034167,0,12,2,0,1,1,0,1,3,1,0,1,0,0000000,3,37,3,40,4,10,0,0,0,1,1
37,370419,3,3,0,0,0,4,4,127,0,7,6,2014,7,4,48,1,2,2,US-264,,0,99.99990000,999.99990000,0,12,1,0,1,1,0,1,2,1,0,1,0,0000000,4,44,4,53,88,88,0,0,0,1,1
37,370420,1,1,0,1,1,2,2,129,0,5,6,2014,5,20,58,1,2,2,US-421,SR-1247,0,34.14598611,-77.90063056,0,8,0,0,3,2,0,1,2,1,0,1,0,0000000,20,53,20,57,88,88,0,0,0,1,0
37,370421,2,2,0,0,0,3,3,133,0,1,6,2014,1,14,58,0,3,3,SR-1201,,0,34.763225,-77.66706111,0,12,6,0,4,1,0,1,1,1,0,1,0,0000000,14,55,15,9,15,43,0,0,0,1,0
37,370423,1,1,0,0,0,1,1,159,0,5,6,2014,5,18,38,0,3,3,SR-801,,0,35.74017778,-80.60691389,0,34,0,0,1,1,0,4,1,1,0,1,0,0000000,19,33,20,10,88,88,0,0,0,1,0
37,370424,2,2,0,0,0,4,4,163,0,3,6,2014,3,7,40,0,3,3,SR-1636,SR-1809,0,35.17296944,-78.4285,0,12,6,0,2,2,0,1,1,1,0,1,0,0000000,7,36,7,45,99,99,0,0,0,1,0
37,370425,1,1,0,0,0,1,1,179,0,1,6,2014,1,21,52,0,3,3,SR-1508,,0,35.08286944,-80.57899722,0,32,0,0,1,1,0,4,2,1,0,1,0,0000000,21,40,21,48,88,88,0,0,0,1,0
37,370426,1,1,0,0,0,1,1,181,0,2,6,2014,2,22,47,0,3,3,SR-1305,,0,36.37114722,-78.49540556,0,42,0,0,1,1,0,4,2,1,0,1,0,0000000,22,49,22,58,88,88,0,0,0,1,1
37,370427,2,2,0,0,0,2,2,193,0,2,6,2014,2,16,0,0,3,3,SR-16,,0,36.11739722,-81.1694,0,12,6,0,8,1,0,1,1,1,0,1,0,0000000,16,7,16,15,88,88,0,0,0,1,0
37,370428,1,1,0,1,1,1,1,13,4860,24,3,2014,2,14,51,0,16,6,JOHN SMALL AVE,,0,35.54713611,-77.03600833,0,8,0,0,1,1,0,1,1,1,0,1,0,0000000,99,99,99,99,99,99,0,0,0,1,0
37,370429,2,2,0,0,0,5,5,25,1040,29,3,2014,7,10,32,0,16,6,DAVIDSON HWY,BRANSON RD,0,35.43358056,-80.6479,0,12,6,0,2,3,0,1,1,2,0,2,0,0000000,10,32,10,39,11,2,0,0,0,1,0
37,370430,1,1,0,0,0,1,1,99,0,27,4,2014,1,11,45,1,2,2,US-64,,0,35.11343056,-82.95362222,0,24,0,0,1,1,0,4,1,1,0,1,0,0000000,12,4,12,18,12,51,0,0,0,1,0
37,370431,2,2,0,0,0,3,3,119,870,12,4,2014,7,9,37,0,16,6,WEDDINGTON RD,FINCHER FARM RD,0,35.08303889,-80.73135278,0,12,6,0,2,2,0,1,1,1,0,1,0,0000000,9,35,9,49,10,42,0,0,0,1,0
37,370432,1,1,0,0,0,1,1,7,3160,12,5,2014,2,17,58,0,16,6,ROBINSON BRIDGE RD,ROSEHAVEN RD,0,34.88826667,-80.06316667,0,35,0,0,3,3,0,4,1,1,0,1,0,0000000,99,99,99,99,99,99,0,0,0,1,1
37,370433,1,1,0,1,1,1,1,35,2850,23,5,2014,6,8,15,0,16,6,4TH AVE,MAIN ST,0,35.57380833,-81.20681667,0,8,0,0,2,3,0,1,1,1,0,1,0,0000000,99,99,99,99,99,99,0,0,0,1,0
37,370434,1,1,0,0,0,1,1,51,1670,26,5,2014,2,19,38,0,16,6,OWEN DR,,0,35.02418056,-78.92388611,0,33,0,0,1,1,0,4,3,1,0,1,0,0000000,19,40,99,99,99,99,0,0,0,1,1
37,370435,1,1,0,0,0,1,1,57,0,23,5,2014,6,12,45,0,3,3,SR-1222,,0,35.77938333,-80.29965,0,35,0,0,1,1,0,4,1,1,0,1,0,0000000,12,46,12,58,13,17,0,0,0,1,1
37,370436,2,2,0,0,0,2,2,65,0,29,5,2014,5,21,34,1,2,2,US-64,,0,35.93799722,-77.75154722,0,12,1,0,1,1,0,1,2,1,0,1,0,0000000,21,29,21,41,22,40,0,0,0,1,1
37,370437,2,2,0,0,0,2,2,111,2900,23,5,2014,6,10,9,1,2,2,US-221,,0,35.645675,-81.98564722,0,12,6,0,8,1,0,1,1,10,2,2,0,0000000,10,9,10,18,10,45,0,0,0,1,0
37,370438,1,1,0,0,0,1,1,125,0,6,5,2014,3,8,12,0,3,3,SR-1810,,0,35.30088333,-79.32562222,0,35,0,0,1,1,0,4,1,1,0,1,0,0000000,99,99,99,99,99,99,0,0,0,1,1
37,370439,1,1,0,1,1,1,1,127,0,8,5,2014,5,8,43,0,3,3,SR-1134,,0,35.8289,-78.09856667,0,9,0,0,1,1,0,1,1,1,0,1,0,0000000,8,40,8,46,99,99,0,0,0,1,0
37,370440,1,1,0,0,0,3,3,127,3930,16,5,2014,6,1,53,0,16,6,S GRACE ST,,0,35.94178333,-77.80291944,0,19,0,0,1,1,0,4,2,2,0,2,0,0000000,1,57,2,10,88,88,0,0,0,3,1
37,370441,2,2,0,0,0,6,6,145,0,25,5,2014,1,10,24,0,3,3,SR-1322,,0,36.455825,-79.01576111,0,12,2,0,1,1,0,1,1,1,0,1,0,0000000,10,24,10,36,88,88,0,0,0,1,0
37,370442,1,1,0,0,0,3,3,183,3750,29,5,2014,5,16,49,1,11,1,I-40,,0,35.75732222,-78.723175,0,1,0,0,1,1,0,4,1,1,0,1,0,0000000,16,50,17,2,17,57,0,0,0,1,0
37,370443,2,2,0,0,0,3,3,191,0,22,5,2014,5,1,38,0,3,3,SR-111,,0,99.99990000,999.99990000,0,12,2,0,1,1,0,1,2,1,0,1,0,0000000,1,35,1,45,99,99,0,0,0,1,0
37,370444,2,2,0,0,0,2,2,3,0,16,6,2014,2,15,51,0,3,3,SR-127,,0,35.89014722,-81.30585556,0,12,2,0,1,1,0,1,1,10,0,10,0,0000000,15,40,15,44,99,99,0,0,0,1,0
37,370445,1,1,0,1,1,1,1,25,1040,12,6,2014,5,5,11,1,11,1,I-85,,0,35.44501944,-80.61281944,0,8,0,0,1,1,0,1,2,10,0,10,0,0000000,5,13,5,26,88,88,0,0,0,1,0
37,370446,1,1,0,0,0,2,2,35,910,12,6,2014,5,13,5,0,15,4,CR-1722 S DEPOT ST,,0,35.71091667,-81.14617778,0,42,0,0,1,1,0,4,1,1,0,1,0,0000000,13,2,13,9,13,32,0,0,0,1,0
37,370447,2,2,0,0,0,2,2,37,4200,14,6,2014,7,12,56,0,4,3,SR-22,,0,35.55889722,-79.54786389,0,54,11,0,8,1,0,1,1,1,0,1,0,0000000,12,45,12,51,13,59,14,0,0,1,0
37,370448,2,2,0,0,0,3,3,59,0,3,6,2014,3,13,43,0,3,2,US-64,CR-1602,0,35.88848611,-80.53980278,0,12,6,0,2,3,0,1,1,1,0,1,0,0000000,13,42,14,5,14,36,0,0,0,1,0
37,370449,2,2,0,0,0,2,2,67,5120,10,6,2014,3,22,23,0,16,6,NINETH ST,CAMERON AVE,0,36.10569444,-80.22249722,0,12,6,0,2,2,0,1,3,10,0,10,0,0000000,22,24,22,30,22,43,0,0,0,1,0
37,370450,2,2,0,0,0,4,4,81,2170,7,6,2014,7,14,9,0,14,2,US-311 S MAIN ST,S COLLEGE DR,0,35.93909722,-79.99659444,0,12,6,0,2,2,0,1,1,1,0,1,0,0000000,14,10,14,15,14,36,0,0,0,1,0
37,370451,1,1,0,1,1,2,2,81,1940,8,6,2014,1,15,46,1,12,4,CR-2085 JOSEPH M BRYAN BLVD,,0,36.11825278,-79.86205278,0,8,0,0,1,1,0,1,1,2,0,2,0,0000000,15,48,15,52,16,10,0,0,0,1,0
37,370452,2,2,0,0,0,4,4,85,0,12,6,2014,5,10,39,0,3,2,US-401,,0,35.29529444,-78.77649444,0,12,6,0,1,1,0,1,1,2,0,2,0,0000000,10,42,10,51,11,15,0,0,0,1,0
37,370453,1,1,0,0,0,1,1,97,0,10,6,2014,3,11,47,0,3,3,SR-90,,0,35.82153056,-80.99568056,0,53,0,0,1,1,0,4,1,1,0,1,0,0000000,11,44,11,56,88,88,0,0,0,1,0
37,370454,1,1,0,0,0,1,1,99,0,9,6,2014,2,1,30,0,3,3,SR-107,,0,35.10355278,-83.09453056,0,52,0,0,1,1,0,4,2,1,0,1,0,0000000,99,99,99,99,99,99,0,0,0,1,1
37,370455,1,1,0,0,0,1,1,101,0,11,6,2014,4,18,17,0,6,4,CR-1720,,0,35.62702778,-78.29499167,0,34,0,0,1,1,0,4,1,10,0,10,0,0000000,18,14,18,21,19,20,0,0,0,1,0
37,370456,1,1,0,0,0,5,5,101,0,12,6,2014,5,18,26,0,5,4,CR-1309,,0,35.45111111,-78.609875,0,1,0,0,1,1,0,4,1,10,0,10,0,0000000,18,24,18,36,19,8,0,0,0,1,0
37,370457,1,1,0,0,0,3,3,109,0,12,6,2014,5,21,37,0,5,4,CR-1113,,0,35.515425,-81.36458611,0,42,0,0,1,1,0,4,2,2,0,2,0,0000000,21,44,21,46,22,56,0,0,0,2,0
37,370458,1,1,0,1,1,1,1,119,870,12,6,2014,5,8,35,1,11,1,I-85,,0,35.24197222,-80.90173056,0,8,0,0,1,1,0,1,1,1,0,1,0,0000000,8,34,8,41,9,5,19,0,0,1,0
37,370459,1,1,0,0,0,2,2,119,870,15,6,2014,1,13,10,1,13,3,SR-27 ALBEMARLE RD,,0,35.20273611,-80.73268056,0,42,0,0,1,1,0,4,1,1,0,1,0,0000000,13,10,13,20,13,43,0,0,0,1,1
37,370460,2,2,0,0,0,3,3,159,0,12,6,2014,5,14,21,0,4,3,SR-150,,0,35.62304444,-80.70889722,0,12,2,0,1,1,0,1,1,1,0,1,0,0000000,14,18,15,26,88,88,0,0,0,1,0
37,370461,1,1,0,0,0,1,1,169,0,13,6,2014,6,3,15,0,4,4,CR-1686,,0,36.40103889,-80.04136944,0,59,0,0,1,1,0,4,2,1,0,1,0,0000000,3,41,4,0,5,4,0,0,0,1,0
37,370462,1,1,0,1,1,1,1,183,2230,14,6,2014,7,22,48,1,13,3,SR-55,NEW HILL RD,0,35.65768889,-78.84867222,0,8,0,0,3,3,0,1,3,1,0,1,0,0000000,22,49,23,1,23,27,0,0,0,1,0
37,370463,1,1,0,0,0,1,1,191,0,15,6,2014,1,12,13,0,6,4,CR-1324,,0,35.49249444,-78.03333056,0,34,0,0,1,1,0,4,1,1,0,1,0,0000000,12,11,12,24,13,8,0,0,0,1,1
37,370464,1,1,0,0,0,1,1,191,0,14,6,2014,7,18,31,1,2,2,US-70,,0,35.4404,-78.08739444,0,59,0,0,1,1,0,3,1,1,0,1,0,0000000,18,16,18,24,99,99,20,0,0,1,0
37,370465,1,1,0,0,0,1,1,63,0,26,5,2014,2,11,33,1,2,2,US-70,,0,35.96638611,-78.84719444,0,38,0,0,1,1,0,4,1,1,0,1,0,0000000,11,16,11,26,11,47,0,0,0,1,1
37,370466,2,2,0,0,0,3,3,195,0,10,5,2014,7,14,44,1,1,1,I-95,,1165,35.70252778,-78.04596944,0,1,0,0,1,1,0,1,1,1,0,1,0,0000000,14,42,14,50,15,50,0,0,0,1,0
37,370467,1,1,0,0,0,2,2,35,0,15,6,2014,1,4,47,1,2,3,SR-16,,0,35.58371389,-81.07951667,0,53,0,0,1,1,0,4,2,1,0,1,0,0000000,4,46,4,53,99,99,0,0,0,1,1
37,370468,2,2,0,0,0,6,6,61,0,7,6,2014,7,21,32,1,1,1,I-40,,3675,34.9552,-78.09668333,0,24,0,0,1,1,0,3,2,1,0,1,0,0000000,21,28,21,44,22,11,14,0,0,2,0
37,370469,1,1,0,0,0,3,3,71,0,8,6,2014,1,17,0,0,6,4,CR-1934,,0,35.33736389,-81.02539167,0,42,0,0,1,1,0,4,1,1,0,1,0,0000000,17,0,17,11,99,99,0,0,0,1,0
37,370470,2,2,0,0,0,3,3,71,1800,21,6,2014,7,9,40,1,13,3,SR-7 OZARK AVE,GROVER ST,0,35.2775,-81.15395833,0,12,6,0,2,2,0,1,1,1,0,1,0,0000000,9,41,9,43,10,10,0,0,0,1,0
37,370471,1,1,0,0,0,4,4,81,0,16,6,2014,2,11,8,1,1,1,I-85,,0,35.98396389,-79.89189722,0,34,0,0,1,1,0,4,1,1,0,1,0,0000000,10,56,11,9,99,99,0,0,0,1,0
37,370472,1,1,0,0,0,1,1,101,0,21,6,2014,7,15,31,0,5,4,CR-1309,,0,35.50319444,-78.60720556,0,34,0,0,1,1,0,4,1,1,0,1,0,0000000,15,18,15,24,88,88,0,0,0,1,0
37,370473,1,1,0,1,1,1,1,141,0,8,6,2014,1,0,48,1,2,2,US-17,,0,34.44591667,-77.622825,0,15,0,0,1,1,0,1,2,1,0,1,0,0000000,99,99,99,99,99,99,0,0,0,1,0
37,370474,2,2,0,0,0,2,2,151,160,9,6,2014,2,13,57,0,15,3,SR-159,,0,35.67193611,-79.79796111,0,12,2,0,1,1,0,1,1,1,0,1,0,0000000,13,57,14,13,15,19,0,0,0,1,0
37,370475,1,1,0,0,0,1,1,155,0,17,6,2014,3,23,26,0,6,4,CR-2426,,0,34.56367222,-79.083625,0,23,0,0,1,1,0,4,2,1,0,1,0,0000000,23,27,23,41,88,88,0,0,0,1,1
37,370476,1,1,0,1,1,2,2,161,0,17,6,2014,3,15,37,0,6,4,CR-1111,,0,35.18954722,-81.89976944,0,8,0,0,1,1,0,1,1,1,0,1,0,0000000,15,35,15,49,88,88,0,0,0,1,0
37,370477,1,1,0,0,0,2,2,171,0,18,6,2014,4,15,31,0,6,4,CR-2022,,0,36.39595,-80.53333056,0,35,0,0,1,1,0,4,1,10,0,10,0,0000000,15,28,15,41,16,35,0,0,0,1,0
37,370478,3,1,2,0,0,1,1,183,3750,15,6,2014,1,4,0,0,15,4,CR-2544 SUNNYBROOK RD,EDISON RD,0,35.76699444,-78.58327222,0,32,0,0,1,1,0,4,2,1,0,1,0,0000000,99,99,99,99,88,88,0,0,0,1,1
37,370479,1,1,0,1,1,3,3,21,170,21,6,2014,7,15,37,0,16,6,W CHAPEL CIR,,0,35.55230556,-82.52768056,0,8,0,0,1,1,0,1,1,1,0,1,0,0000000,99,99,99,99,99,99,0,0,0,1,0
37,370480,1,1,0,0,0,1,1,49,0,21,6,2014,7,4,14,1,2,2,US-17,,0,35.19529444,-77.05410833,0,30,0,0,1,1,0,4,2,10,0,10,0,0000000,99,99,99,99,99,99,0,0,0,1,1
37,370481,1,1,0,0,0,1,1,49,0,23,6,2014,2,22,14,0,3,3,SR-1232,,0,35.17318889,-77.32127778,0,34,0,0,1,1,0,4,2,1,0,1,0,0000000,22,4,22,11,88,88,0,0,0,1,1
37,370482,1,1,0,1,1,1,1,51,0,22,6,2014,1,4,25,0,3,3,SR-2284,,0,34.92791944,-78.93879722,0,8,0,0,1,1,0,1,2,1,0,1,0,0000000,4,24,4,29,4,56,0,0,0,1,0
37,370483,2,2,0,0,0,3,3,61,0,20,6,2014,6,16,20,0,3,4,CR-1417,NC-50,0,35.12471111,-78.16672778,0,12,6,0,2,2,0,1,1,1,0,1,0,0000000,16,23,16,29,17,43,0,0,0,2,0
37,370484,2,2,0,0,0,4,4,77,0,20,6,2014,6,22,5,0,3,3,SR-56,OAK HILL RD,0,36.12590556,-78.69008889,0,12,6,0,2,3,0,1,2,1,0,1,0,0000000,99,99,99,99,99,99,0,0,0,1,0
37,370485,2,2,0,0,0,3,3,77,0,21,6,2014,7,13,52,0,3,3,SR-1195,SR-1170,0,36.29693611,-78.58691667,0,12,2,0,2,2,0,1,1,1,0,1,0,0000000,99,99,99,99,99,99,0,0,0,1,0
37,370486,1,1,0,0,0,2,2,81,0,11,6,2014,4,21,46,0,3,3,SR-3121,,0,35.97686667,-79.55740833,0,42,0,0,1,1,0,4,2,2,0,2,0,0000000,21,44,21,59,22,53,0,0,0,1,1
37,370487,1,1,0,1,1,1,1,81,1940,20,6,2014,6,10,44,0,16,6,RANDLEMAN RD,,0,36.04607778,-79.79970833,0,9,0,0,1,1,0,1,1,1,0,1,0,0000000,10,45,10,48,11,5,0,0,0,1,0
37,370488,3,3,0,0,0,5,5,89,2130,22,6,2014,1,16,51,0,16,6,ASHEVILLE HWY,,0,35.37100278,-82.49386111,0,12,6,0,4,1,0,1,1,1,0,1,0,0000000,17,50,17,53,18,36,0,0,0,1,0
37,370489,3,1,2,0,0,1,1,89,0,24,6,2014,3,22,4,1,2,2,US-176,,0,35.30666389,-82.45408611,0,59,0,0,1,1,0,4,2,10,0,10,0,0000000,22,26,22,36,88,88,0,0,0,1,0
37,370490,1,1,0,0,0,2,2,89,0,29,6,2014,1,6,40,1,2,2,US-25,,0,35.28579167,-82.39963611,0,24,0,0,1,1,0,3,4,10,0,10,0,0000000,7,4,7,12,8,24,0,0,0,1,1
37,370491,2,2,0,1,1,1,1,101,0,24,6,2014,3,5,18,0,4,3,SR-242,,0,35.26630278,-78.49174722,0,8,0,0,1,1,0,1,2,1,0,1,0,0000000,99,99,99,99,99,99,23,0,0,1,0
37,370493,4,4,0,0,0,4,4,119,870,14,6,2014,7,10,37,0,14,6,N WENDOVER RD,PROVIDENCE RD,0,35.17731111,-80.81753333,0,12,6,0,2,2,0,1,1,1,0,1,0,0000000,10,37,10,45,10,50,0,0,0,1,0
37,370494,1,1,0,1,1,1,1,119,870,22,6,2014,1,23,45,0,13,3,SR-49 S TRYON ST,,0,35.120125,-80.952025,0,9,0,0,1,1,0,1,3,1,0,1,0,0000000,23,45,23,54,23,56,0,0,0,1,1
37,370496,2,2,0,0,0,2,2,147,240,18,6,2014,4,10,28,1,13,3,SR-11,,0,35.46364722,-77.43556944,0,12,1,0,1,1,0,1,1,1,0,1,0,0000000,10,27,10,33,88,88,0,0,0,1,0
37,370497,2,1,1,0,0,2,2,151,0,26,6,2014,5,22,28,0,5,4,CR-2845,,0,35.60569722,-79.74253889,0,30,0,0,1,1,0,4,2,1,0,1,0,0000000,22,23,22,39,0,38,0,0,0,1,1
37,370498,2,2,0,0,0,3,3,153,0,22,6,2014,1,3,0,1,2,2,US-74,,0,34.85613056,-79.62569167,0,12,2,0,1,1,0,1,2,1,0,1,0,0000000,2,57,3,9,3,56,0,0,0,2,1
37,370499,1,1,0,0,0,1,1,181,0,5,6,2014,5,23,7,0,4,3,SR-39,,0,36.39688611,-78.41926667,0,42,0,0,1,1,0,4,2,1,0,1,0,0000000,22,53,23,1,88,88,0,0,0,1,1
37,370500,2,2,0,0,0,5,5,183,3750,25,6,2014,4,13,48,0,16,6,NEW FALLS OF THE NEUSE RD,FOREST PINES DR,0,35.94591111,-78.54494444,0,12,2,0,2,2,0,1,1,1,0,1,0,0000000,13,48,13,58,14,29,0,0,0,1,0
37,370501,2,2,0,0,0,2,2,183,3750,23,6,2014,2,13,12,1,13,2,US-70 GLENWOOD AVE,EDENBURGH RD,0,35.81928611,-78.66354167,0,12,6,0,2,3,0,1,1,1,0,1,0,0000000,13,13,13,21,13,37,0,0,0,1,0
37,370502,1,1,0,0,0,1,1,1,1900,21,6,2014,7,19,50,1,11,1,I-40,,0,36.05952778,-79.40194444,0,1,0,1,20,1,0,1,1,1,0,1,0,0000000,99,99,99,99,99,99,0,0,0,1,0