STATE,ST_CASE,VE_TOTAL,VE_FORMS,PVH_INVL,PEDS,PERNOTMVIT,PERMVIT,PERSONS,COUNTY,CITY,DAY,MONTH,YEAR,DAY_WEEK,HOUR,MINUTE,NHS,ROAD_FNC,ROUTE,TWAY_ID,TWAY_ID2,MILEPT,LATITUDE,LONGITUD,SP_JUR,HARM_EV,MAN_COLL,RELJCT1,RELJCT2,TYP_INT,WRK_ZONE,REL_ROAD,LGT_COND,WEATHER1,WEATHER2,WEATHER,SCH_BUS,RAIL,NOT_HOUR,NOT_MIN,ARR_HOUR,ARR_MIN,HOSP_HR,HOSP_MN,CF1,CF2,CF3,FATALS,DRUNK_DR
37,370622,1,1,0,0,0,1,1,189,0,4,8,2014,2,0,57,1,2,2,US-421,,0,36.22184167,-81.69972778,0,1,0,0,1,1,0,4,2,1,0,1,0,0000000,0,52,1,12,1,38,0,0,0,1,1
37,370623,2,2,0,0,0,3,3,189,0,7,8,2014,5,15,55,0,3,3,SR-194,,0,36.23253333,-81.65955556,0,12,2,0,1,1,0,1,1,1,0,1,0,0000000,15,51,16,0,16,38,0,0,0,1,0
37,370624,1,1,0,0,0,2,2,21,0,29,6,2014,1,17,32,1,2,2,US-25,,0,35.70655556,-82.57627778,0,1,0,0,1,1,0,3,1,10,0,10,0,0000000,17,37,17,44,18,16,0,0,0,1,0
37,370625,1,1,0,0,0,2,2,19,0,27,7,2014,1,14,23,1,2,2,US-17,,0,34.24133056,-77.95819722,0,24,0,0,1,1,0,3,1,1,0,1,0,0000000,14,24,14,37,15,3,0,0,0,1,1
37,370626,1,1,0,1,1,2,2,45,4180,18,7,2014,6,15,56,0,16,6,PINE ST,S WASHINGTON ST,0,35.278575,-81.54229167,0,8,0,0,3,3,0,1,1,10,0,10,0,0000000,15,58,16,4,16,18,0,0,0,1,0
37,370627,2,2,0,0,0,2,2,67,0,25,7,2014,6,11,1,0,3,3,SR-87,,0,99.99990000,999.99990000,0,12,8,0,1,1,0,1,1,10,0,10,0,0000000,10,53,10,58,99,99,0,0,0,1,0
37,370628,1,1,0,0,0,1,1,71,390,18,7,2014,6,6,14,0,16,6,CALDWELL FARM RD,,0,35.25573889,-81.04161667,0,33,0,0,1,1,0,4,1,1,0,1,0,0000000,6,12,6,29,6,52,0,0,0,1,0
37,370629,2,2,0,0,0,2,2,81,0,25,7,2014,6,5,53,0,3,3,SR-3056,,0,36.04671667,-79.60000556,0,12,1,0,1,1,0,1,4,1,0,1,0,0000000,5,51,5,56,88,88,0,0,0,1,0
37,370630,6,2,4,0,0,2,2,89,0,16,7,2014,4,8,53,1,2,2,US-176,,0,35.30680278,-82.45408611,0,12,1,0,1,1,0,1,1,1,0,1,0,0000000,8,52,9,1,99,99,0,0,0,1,0
37,370631,2,2,0,0,0,5,5,101,5080,5,7,2014,7,18,29,1,13,2,US-70,SWIFT CREEK RD,0,35.577575,-78.36295278,0,12,1,0,3,2,0,1,1,1,0,1,0,0000000,18,30,18,43,19,17,0,0,0,1,0
37,370632,1,1,0,0,0,2,2,101,930,16,7,2014,4,7,0,0,16,6,DAIRY RD,BARBER MILL RD,0,35.63784722,-78.47388889,0,34,0,0,3,3,0,4,1,10,0,10,0,0000000,7,3,7,11,8,6,0,0,0,1,0
37,370633,1,1,0,0,0,3,3,117,0,30,7,2014,4,16,0,1,2,2,US-64,,0,99.99990000,999.99990000,0,59,0,0,1,1,0,3,1,1,0,1,0,0000000,15,58,16,3,16,39,0,0,0,1,0
37,370634,1,1,0,1,1,1,1,129,5060,10,7,2014,5,21,10,0,16,6,MARKET ST,,0,34.23906944,-77.91249167,0,8,0,0,1,1,0,1,3,10,0,10,0,0000000,21,10,21,15,21,31,0,0,0,1,0
37,370635,2,2,0,0,0,3,3,163,0,6,7,2014,1,21,22,0,3,3,SR-1100,,0,34.67118611,-78.22221111,0,12,1,0,1,1,0,1,2,1,0,1,0,0000000,99,99,99,99,99,99,0,0,0,1,2
37,370636,1,1,0,0,0,1,1,1,0,9,8,2014,7,23,3,0,3,3,SR-1700,,0,36.10596944,-79.42468056,0,23,0,0,1,1,0,4,2,1,0,1,0,0000000,23,4,23,16,88,88,0,0,0,1,1
37,370637,1,1,0,0,0,1,1,7,0,15,8,2014,6,20,50,0,3,3,SR-1416,,0,99.99990000,999.99990000,0,1,0,0,1,1,0,4,2,1,0,1,0,0000000,99,99,99,99,99,99,0,0,0,1,0
37,370638,1,1,0,0,0,1,1,31,0,9,8,2014,7,5,50,0,3,3,SR-1101,,0,34.68350278,-77.09239722,0,42,0,0,1,1,0,4,2,1,0,1,0,0000000,5,48,6,6,7,43,0,0,0,1,1
37,370639,1,1,0,0,0,2,2,39,0,17,8,2014,1,21,47,0,3,3,SR-1106,,0,35.00923889,-84.27881389,0,35,0,0,1,1,0,4,2,10,0,10,0,0000000,21,45,22,6,22,42,0,0,0,1,1
37,370640,1,1,0,0,0,1,1,51,0,11,8,2014,2,18,46,0,3,3,SR-2013,,0,35.02760278,-78.77005278,0,42,0,0,1,1,0,4,1,10,2,2,0,0000000,18,39,18,45,19,16,0,0,0,1,0
37,370641,1,1,0,0,0,1,1,55,0,20,8,2014,4,22,55,0,3,3,SR-1116,,0,35.93196944,-75.6936,0,42,0,0,1,1,0,4,2,1,0,1,0,0000000,22,46,22,55,88,88,0,0,0,1,1
37,370642,1,1,0,0,0,3,3,65,0,17,8,2014,1,6,21,0,3,3,SR-42,,0,35.79316389,-77.64717778,0,34,0,0,1,1,0,4,4,10,5,5,0,0000000,6,16,6,23,6,58,0,0,0,1,1
37,370643,1,1,0,0,0,2,2,81,0,10,8,2014,1,22,34,1,1,1,I-85,,0,99.99990000,999.99990000,0,42,0,0,1,1,0,3,2,10,0,10,0,0000000,22,20,22,41,99,99,0,0,0,1,0
37,370644,1,1,0,0,0,1,1,83,0,6,8,2014,4,2,16,0,3,3,SR-97,,0,36.02540278,-77.42295,0,35,0,0,1,1,0,4,2,1,0,1,0,0000000,2,16,2,33,88,88,0,0,0,1,1
37,370645,1,1,0,1,1,2,2,85,2650,1,8,2014,6,15,47,0,16,6,E CORNELIUS HARNETT,,0,35.40791111,-78.76693333,0,8,0,0,1,1,0,1,1,2,0,2,0,0000000,15,50,15,56,16,7,0,0,0,1,0
37,370646,1,1,0,0,0,2,2,97,0,5,8,2014,3,16,34,0,6,4,CR-1311,,99999,35.65384167,-80.85936111,0,42,0,0,1,1,0,4,1,1,0,1,0,0000000,16,32,16,50,99,99,0,0,0,1,0
37,370647,1,1,0,1,1,1,1,107,0,15,8,2014,6,22,14,0,3,3,SR-11,SR-55,99999,35.29676389,-77.53888056,0,8,0,0,2,3,0,1,2,1,0,1,0,0000000,22,11,22,16,23,1,0,0,0,1,0
37,370648,1,1,0,0,0,2,2,115,0,1,8,2014,6,22,9,1,2,2,US-25,,99999,35.83986389,-82.71826667,0,59,0,0,1,1,0,4,2,1,0,1,0,0000000,22,11,22,27,23,54,0,0,0,1,1
37,370649,1,1,0,0,0,1,1,119,870,13,8,2014,4,20,4,0,16,6,HIGHLAND CREEK PARKWAY,,99999,35.38083611,-80.7662,0,33,0,0,1,1,0,4,3,1,0,1,0,0000000,99,99,99,99,99,99,0,0,0,1,1
37,370650,1,1,0,0,0,2,2,123,0,20,8,2014,4,16,19,0,5,4,CR-1516,,99999,35.27385556,-79.82304167,0,1,0,0,1,1,0,4,1,1,0,1,0,0000000,16,19,16,29,99,99,0,0,0,1,0
37,370651,1,1,0,1,1,1,1,129,5060,12,8,2014,3,10,14,0,16,6,3RD STREET,CASTLE STREET,99999,34.22798889,-77.94516667,0,8,0,0,2,2,0,1,1,1,0,1,0,0000000,10,41,10,45,11,0,0,0,0,1,0
37,370652,3,3,0,0,0,5,5,129,0,14,8,2014,5,8,18,0,3,4,CR-1492,CR-1620,99999,34.15273611,-77.869275,0,12,1,0,3,2,0,1,1,1,0,1,0,0000000,8,22,8,27,88,88,0,0,0,1,0
37,370653,3,3,0,0,0,7,7,131,0,9,8,2014,7,21,12,0,3,3,SR-46,SR-1222,99999,36.50315833,-77.66373611,0,12,2,0,1,1,0,1,2,2,0,2,0,0000000,99,99,99,99,99,99,0,0,0,1,0
37,370654,1,1,0,0,0,1,1,139,0,17,8,2014,1,3,24,1,2,2,US-17,,99999,36.25158889,-76.31501944,0,57,0,0,1,1,0,3,2,1,0,1,0,0000000,99,99,99,99,99,99,0,0,0,1,1
37,370655,1,1,0,0,0,1,1,149,0,13,8,2014,4,13,6,1,1,1,I-26,,99999,35.24633333,-82.31735,0,42,0,0,1,1,0,4,1,1,0,1,0,0000000,13,5,13,13,88,88,0,0,0,1,0
37,370656,1,1,0,0,0,1,1,151,0,10,8,2014,1,3,18,0,2,3,SR-49,,99999,35.65269722,-79.93196111,0,34,0,0,1,1,0,4,2,2,0,2,0,0000000,3,14,3,35,88,88,0,0,0,1,1
37,370657,1,1,0,0,0,1,1,151,0,20,8,2014,4,19,41,0,6,4,CR-2909,,99999,35.60620833,-79.7088,0,34,0,0,1,1,0,4,1,1,0,1,0,0000000,19,38,19,56,99,99,0,0,0,1,0
37,370658,1,1,0,0,0,2,2,155,0,21,8,2014,5,5,50,0,6,4,CR-1352,,99999,34.73503611,-79.2446,0,42,0,0,1,1,0,4,2,1,0,1,0,0000000,5,50,6,0,7,28,0,0,0,2,0
37,370659,1,1,0,0,0,2,2,161,0,9,8,2014,7,13,13,0,6,6,CR-1106,,99999,35.22390278,-81.93355556,0,42,0,0,1,1,0,4,1,1,0,1,0,0000000,13,12,13,25,88,88,0,0,0,1,0
37,370660,1,1,0,0,0,3,3,163,0,9,8,2014,7,22,28,0,4,3,SR-411,,99999,34.892875,-78.47534167,0,34,0,0,1,1,0,4,2,10,0,10,0,0000000,99,99,99,99,99,99,0,0,0,1,1
37,370661,1,1,0,1,1,1,1,175,600,12,8,2014,3,22,31,0,13,6,ASHEVILLE HIGHWAY,JACKSON COURT,99999,35.24708333,-82.72274167,0,8,0,0,2,2,0,1,3,1,0,1,0,0000000,22,34,22,36,22,46,0,0,0,1,0
37,370662,2,2,0,0,0,3,3,179,4922,16,8,2014,7,13,43,0,14,6,WEDDINGTON ROAD,,99999,35.00161667,-80.69215833,0,12,2,0,1,1,0,1,1,10,0,10,0,0000000,99,99,99,99,99,99,0,0,0,1,0
37,370663,1,1,0,0,0,1,1,181,0,12,8,2014,3,21,45,0,6,6,CR-1326,,99999,36.37796389,-78.44623611,0,42,0,0,1,1,0,4,2,1,0,1,0,0000000,21,54,22,0,88,88,0,0,0,1,1
37,370664,1,1,0,0,0,1,1,183,3750,7,8,2014,5,19,17,1,13,2,US-70,,99999,35.72797222,-78.64980833,0,42,0,0,1,1,0,10,1,1,0,1,0,0000000,99,99,99,99,99,99,0,0,0,1,0
37,370665,1,1,0,0,0,4,4,183,0,10,8,2014,1,2,31,0,6,6,LAKE VALLEY DRIVE,,99999,36.02501667,-78.62690833,0,34,0,0,1,1,0,4,2,10,2,2,0,0000000,99,99,99,99,99,99,0,0,0,1,1
37,370667,1,1,0,0,0,3,3,195,0,15,8,2014,6,19,6,1,1,1,I-95,,99999,35.70246389,-78.04618889,0,21,0,0,1,1,0,5,1,1,0,1,0,0000000,99,99,99,99,99,99,0,0,0,2,0
37,370668,2,2,0,0,0,2,2,167,60,8,7,2014,3,16,23,0,13,3,SR-24/27,,0,35.34711389,-80.16760556,0,12,8,0,1,1,0,1,1,1,0,1,0,0000000,16,24,16,32,88,88,0,0,0,1,0
37,370669,2,2,0,0,0,4,4,1,0,26,8,2014,3,15,24,0,3,3,SR-1936,,0,36.08993889,-79.356,0,12,8,0,1,1,0,1,1,1,0,1,0,0000000,15,20,15,28,99,99,0,0,0,1,0
37,370670,2,2,0,0,0,3,3,25,2063,6,8,2014,4,2,41,0,16,6,MOREHEAD RD,,0,35.35027222,-80.692275,0,12,1,0,1,1,0,1,3,1,0,1,0,0000000,99,99,99,99,99,99,0,0,0,1,1
37,370671,1,1,0,0,0,2,2,35,0,30,8,2014,7,0,21,0,3,3,SR-1003,,0,35.67947778,-81.09871389,0,34,0,0,1,1,0,4,2,1,0,1,0,0000000,0,19,0,25,99,99,0,0,0,1,1
37,370672,1,1,0,0,0,1,1,37,0,24,8,2014,1,11,53,0,3,3,SR-1554,,0,35.83049167,-79.35111944,0,1,0,0,1,1,0,4,1,1,0,1,0,0000000,11,47,12,5,88,88,0,0,0,1,0
37,370673,2,2,0,0,0,2,2,43,0,25,8,2014,2,13,2,1,2,2,US-64,,0,35.03568056,-83.83213889,0,12,2,0,1,1,0,1,1,1,0,1,0,0000000,12,58,13,6,88,88,0,0,0,1,0
37,370674,1,1,0,0,0,1,1,63,1360,26,8,2014,3,21,4,1,11,1,I-85,,0,36.01744444,-78.89765556,0,21,0,0,1,1,0,3,3,1,0,1,0,0000000,21,5,21,12,88,88,0,0,0,1,0
37,370675,1,1,0,1,1,1,1,63,1360,25,8,2014,2,21,21,0,16,6,DEARBORN DRIVE,,0,36.03832222,-78.87740278,0,8,0,0,1,1,0,1,3,1,0,1,0,0000000,21,21,21,25,21,41,0,0,0,1,0
37,370676,1,1,0,0,0,1,1,71,0,16,8,2014,7,5,24,0,3,3,SR-1431,,0,35.37246111,-81.35020833,0,42,0,0,1,1,0,4,2,1,0,1,0,0000000,5,9,5,18,88,88,0,0,0,1,1
37,370677,1,1,0,0,0,2,2,71,0,19,8,2014,3,22,29,0,3,3,SR-2050,,0,35.29735278,-81.05144167,0,42,0,0,1,1,0,4,2,1,0,1,0,0000000,22,23,22,30,23,0,0,0,0,1,1
37,370678,1,1,0,0,0,1,1,81,0,22,8,2014,6,2,41,0,3,3,SR-1837,,0,36.06406111,-79.98898056,0,53,0,0,1,1,0,4,2,1,0,1,0,0000000,2,16,2,27,3,18,0,0,0,1,1
37,370679,1,1,0,0,0,2,2,83,0,31,8,2014,1,8,2,0,3,3,SR-561,,0,36.20358611,-78.00154167,0,32,0,0,1,1,0,4,1,1,0,1,0,0000000,7,58,8,15,9,14,0,0,0,1,1
37,370680,2,1,1,0,0,1,1,85,2650,18,8,2014,2,11,0,0,16,6,FRONT ST,,0,35.39999722,-78.82055556,0,14,0,0,1,1,0,5,1,1,0,1,0,0000000,11,11,11,17,88,88,0,0,0,1,0
37,370681,2,2,0,0,0,2,2,85,0,27,8,2014,4,17,32,0,3,3,SR-1552,,0,35.44686389,-78.65490556,0,12,2,0,1,1,0,1,1,1,0,1,0,0000000,17,28,17,35,88,88,0,0,0,1,1
37,370682,1,1,0,1,1,2,2,89,0,3,8,2014,1,2,37,0,3,3,SR-1567,,0,35.43033611,-82.44808056,0,8,0,0,1,1,0,1,2,1,0,1,0,0000000,2,31,2,50,3,28,0,0,0,1,0
37,370683,2,2,0,0,0,2,2,93,0,22,8,2014,6,5,8,0,3,3,SR-1418,US-401,0,34.93581944,-79.30976389,0,12,8,0,2,3,0,1,1,1,0,1,0,0000000,99,99,99,99,88,88,0,0,0,1,0
37,370684,2,2,0,0,0,2,2,107,0,21,8,2014,5,16,11,0,3,3,SR-11,,0,35.25893889,-77.58038889,0,12,6,0,4,1,0,1,1,1,0,1,0,0000000,16,6,16,17,17,1,0,0,0,1,0
37,370685,2,2,0,0,0,2,2,107,2450,31,8,2014,1,19,1,0,16,6,INDEPENDENCE ST,,0,35.25802778,-77.578125,0,12,2,0,1,1,0,1,1,1,0,1,0,0000000,19,1,19,2,19,39,0,0,0,1,2
37,370686,1,1,0,0,0,1,1,111,0,26,8,2014,3,14,41,1,2,2,US-221,,0,35.64574444,-81.98564722,0,21,0,0,1,1,0,4,1,1,0,1,0,0000000,14,41,14,56,88,88,0,0,0,1,1
37,370687,1,1,0,0,0,2,2,119,2280,30,8,2014,7,2,2,0,16,6,MCCOY RD,,0,35.40446667,-80.86989167,0,32,0,0,1,1,0,4,2,1,0,1,0,0000000,2,1,2,14,99,99,0,0,0,1,1
37,370688,1,1,0,0,0,1,1,125,0,30,8,2014,7,5,15,0,3,3,SR-2024,,0,35.22791667,-79.28615556,0,42,0,0,1,1,0,4,2,1,0,1,0,0000000,99,99,99,99,99,99,0,0,0,1,1
37,370689,1,1,0,1,1,1,1,133,0,17,8,2014,1,3,12,0,3,3,SR-111,,0,34.81971389,-77.55221667,0,8,0,0,1,1,0,1,2,1,0,1,0,0000000,3,5,4,14,88,88,0,0,0,1,1
37,370690,1,1,0,0,0,1,1,137,0,26,8,2014,3,1,10,0,3,3,SR-1005,,0,35.02612222,-76.82615278,0,34,0,0,1,1,0,4,2,1,0,1,0,0000000,1,3,1,16,88,88,0,0,0,1,0
37,370691,1,1,0,0,0,1,1,141,0,13,8,2014,4,7,3,0,3,3,SR-1318,,0,34.617775,-77.83431111,0,42,0,0,1,1,0,4,1,1,0,1,0,0000000,99,99,99,99,99,99,0,0,0,1,1
37,370692,2,2,0,0,0,2,2,151,0,15,8,2014,6,8,50,1,2,2,US-421,,0,99.99990000,999.99990000,0,12,1,0,1,1,0,1,1,1,0,1,0,0000000,8,38,8,43,88,88,0,0,0,1,0
37,370693,2,2,0,0,0,3,3,155,0,15,8,2014,6,18,9,0,3,3,SR-72,,0,34.61834444,-79.01063611,0,12,6,0,4,1,0,1,1,1,0,1,0,0000000,18,7,18,14,18,46,0,0,0,1,0
37,370694,3,1,2,1,1,2,2,157,0,19,8,2014,3,23,42,1,2,2,US-220,,0,36.45622222,-79.92751389,0,14,0,0,1,1,0,4,2,1,0,1,0,0000000,23,30,23,44,88,88,19,0,0,1,0
37,370695,5,5,0,0,0,5,5,167,3280,22,8,2014,6,14,40,1,13,2,US-52,,0,35.41022778,-80.20341944,0,12,8,0,1,1,0,1,1,1,0,1,0,0000000,14,38,14,40,14,58,0,0,0,1,0
37,370696,4,4,0,0,0,7,7,183,3750,8,8,2014,6,18,16,0,16,6,LYNN RD,LEESVILLE RD,0,35.87204444,-78.70117222,0,12,7,0,2,2,0,1,1,1,0,1,0,0000000,18,27,18,33,99,99,0,0,0,1,0
37,370697,2,2,0,0,0,2,2,191,0,29,8,2014,6,11,8,0,3,3,SR-1915,SR-1914,0,35.24891667,-77.95416389,0,12,6,0,2,4,0,1,1,1,0,1,0,0000000,10,57,11,12,11,51,0,0,0,1,0
37,370698,1,1,0,0,0,1,1,195,5070,14,8,2014,5,19,58,0,16,6,KINCAIDE AVE SW,,0,35.74616667,-77.91397222,0,33,0,0,1,1,0,4,1,1,0,1,0,0000000,19,56,20,0,99,99,0,0,0,1,1
37,370699,3,3,0,0,0,9,9,81,1940,25,4,2014,6,16,21,1,12,2,US-29,,99999,36.06090278,-79.76786111,0,12,1,0,1,1,0,1,1,2,0,2,0,0000000,16,22,16,26,16,57,0,0,0,1,0
37,370700,2,2,0,0,0,3,3,141,0,12,5,2014,2,10,27,0,4,3,SR-210,,99999,34.37741111,-77.74095,0,12,2,0,8,1,0,1,1,1,0,1,0,0000000,10,30,10,39,11,32,0,0,0,1,0
37,370701,2,2,0,0,0,2,2,151,160,18,6,2014,4,13,20,1,13,2,US-220,,99999,35.74672222,-79.80666667,0,12,1,0,8,1,0,1,1,1,0,1,0,0000000,13,20,13,27,14,8,0,0,0,1,0
37,370702,1,1,0,1,1,1,1,51,1670,28,7,2014,2,17,40,1,13,6,RAEFORD ROAD,,99999,35.04428056,-78.97732778,0,8,0,0,1,1,0,1,1,1,0,1,0,0000000,19,29,19,38,20,6,0,0,0,1,0
37,370703,1,1,0,0,0,2,2,101,4230,3,7,2014,5,13,54,1,11,1,I-95,,99999,35.50216389,-78.32373056,0,42,0,0,1,1,0,4,1,10,2,2,0,0000000,13,52,13,58,15,2,0,0,0,1,0
37,370704,2,2,0,0,0,2,2,191,0,2,7,2014,4,7,33,0,4,3,SR-581,CR-1317,99999,35.45747778,-78.04490556,0,12,6,0,2,3,0,1,1,1,0,1,0,0000000,7,32,7,40,8,11,0,0,0,1,0
37,370705,1,1,0,1,1,1,1,15,0,10,8,2014,1,3,12,1,2,2,US-13,,99999,35.88113889,-77.02571944,0,8,0,0,1,1,0,1,2,10,0,10,0,0000000,99,99,99,99,99,99,0,0,0,1,0
37,370706,2,2,0,0,0,2,2,21,170,25,8,2014,2,21,3,0,14,6,CHARLOTTE STREET,WOODFIN PLACE,99999,35.59948611,-82.54693333,0,12,6,0,2,2,0,1,3,1,0,1,0,0000000,21,4,21,8,88,88,0,0,0,1,1
37,370707,1,1,0,1,1,1,1,35,0,18,8,2014,2,6,54,1,2,2,US-321,,99999,35.69509167,-81.35216111,0,8,0,0,1,1,0,1,2,1,0,1,0,0000000,6,52,7,2,88,88,0,0,0,1,0
37,370708,1,1,0,0,0,2,2,35,2150,31,8,2014,1,19,42,0,16,6,6TH STREET NW,,99999,35.74861667,-81.34805,0,33,0,0,1,1,0,4,2,1,0,1,0,0000000,19,40,19,49,20,7,0,0,0,1,1
37,370709,1,1,0,0,0,3,3,41,0,30,8,2014,7,19,12,0,6,4,CR-1218,,99999,36.19285278,-76.71371944,0,1,0,0,1,1,0,4,1,1,0,1,0,0000000,19,3,19,7,20,5,0,0,0,1,1
37,370710,2,2,0,0,0,3,3,45,4180,19,8,2014,3,20,47,0,16,6,GRAHAM STREET,PATTON STREET,99999,35.28926667,-81.53493889,0,12,6,0,2,2,0,1,2,1,0,1,0,0000000,20,46,20,48,99,99,0,0,0,1,0
37,370711,1,1,0,1,1,1,1,51,0,11,8,2014,2,22,12,0,3,4,CR-1141,,99999,35.01413333,-78.93563333,0,8,0,0,1,1,0,1,2,10,2,2,0,0000000,99,99,99,99,99,99,0,0,0,1,0
37,370712,2,2,0,0,0,2,2,51,1670,10,8,2014,1,12,10,0,16,6,CEDAR CREEK,,0,35.04028333,-78.84858889,0,12,6,0,1,1,0,1,1,2,0,2,0,0000000,12,10,12,22,12,40,0,0,0,1,0
37,370713,1,1,0,1,1,1,1,53,0,25,8,2014,2,23,20,0,3,3,SR-12,,0,36.37860278,-75.83047222,0,8,0,0,1,1,0,1,2,1,0,1,0,0000000,99,99,99,99,99,99,0,0,0,1,0
37,370714,1,1,0,0,0,1,1,67,2430,31,8,2014,1,4,28,1,13,2,US-421,,0,36.10951389,-80.08046944,0,24,0,0,1,1,0,3,2,1,0,1,0,0000000,4,27,4,36,88,88,0,0,0,1,1
37,370715,1,1,0,0,0,1,1,85,0,16,8,2014,7,21,57,0,3,3,SR-27,,0,35.40680833,-78.81298056,0,1,0,0,1,1,0,4,2,1,0,1,0,0000000,99,99,99,99,99,99,0,0,0,1,1
37,370716,1,1,0,0,0,1,1,97,0,10,8,2014,1,1,9,1,2,2,US-70,OLD US-70,0,35.75546944,-80.814775,0,26,0,0,3,3,0,3,3,10,5,5,0,0000000,1,8,1,19,88,88,0,0,0,1,1
37,370717,3,3,0,0,0,5,5,125,0,29,8,2014,6,11,57,0,3,3,SR-24,,0,35.40418611,-79.57424444,0,12,1,0,1,1,0,1,1,1,0,1,0,0000000,11,58,12,11,12,42,0,0,0,1,0
37,370718,1,1,0,0,0,1,1,127,3930,30,8,2014,7,13,59,1,2,2,US-64,US-301,0,35.96486111,-77.81766667,0,7,0,0,2,2,0,1,1,1,0,1,0,0000000,13,59,14,4,14,23,0,0,0,1,0
37,370719,2,2,0,0,0,3,3,141,0,27,8,2014,4,11,33,1,2,2,US-421,SR-1120,0,34.52418889,-78.021075,0,12,6,0,2,2,0,1,1,1,0,1,0,0000000,11,30,11,42,99,99,0,0,0,1,0
37,370720,1,1,0,0,0,1,1,159,0,26,8,2014,3,9,3,0,3,3,SR-1526,,0,35.64716667,-80.50345556,0,53,0,0,1,1,0,5,1,1,0,1,0,0000000,9,2,9,6,99,99,0,0,0,1,0
37,370721,1,1,0,0,0,2,2,175,0,27,8,2014,4,8,1,1,2,2,US-64,,0,35.27413056,-82.704375,0,24,0,0,1,1,0,4,1,1,0,1,0,0000000,99,99,99,99,99,99,0,0,0,2,0
37,370722,3,3,0,0,0,4,4,179,3100,20,8,2014,4,19,51,1,2,2,US-74,,0,34.98121111,-80.47625,0,12,2,0,1,1,0,1,3,1,0,1,0,0000000,19,54,19,58,20,42,0,0,0,2,1
37,370723,1,1,0,1,1,1,1,179,3100,24,8,2014,1,2,43,0,16,6,WALKUP AVE,,0,34.98954722,-80.50906389,0,8,0,0,1,1,0,1,3,1,0,1,0,0000000,99,99,99,99,99,99,0,0,0,1,0
37,370724,2,2,0,0,0,3,3,183,0,23,8,2014,7,14,20,0,3,3,SR-1101,,0,35.62258333,-78.84146111,0,12,2,0,1,1,0,1,1,10,0,10,0,0000000,14,18,14,21,99,99,0,0,0,1,0
37,370725,3,3,0,0,0,6,6,183,3140,29,8,2014,6,21,45,0,13,3,SR-3014,,0,35.81032778,-78.81664722,0,10,0,0,6,1,0,1,3,10,0,10,0,734753J,99,99,99,99,88,88,0,0,0,2,1
37,370726,1,1,0,1,1,1,1,165,2560,17,7,2014,5,22,33,0,14,6,TURNPIKE ROAD,,99999,34.74976944,-79.49635,0,9,0,0,1,1,0,1,2,1,0,1,0,0000000,99,99,99,99,99,99,0,0,0,1,1
37,370727,1,1,0,1,1,3,3,129,5060,30,8,2014,7,23,54,0,13,6,OLEANDER DRIVE,,99999,34.20930278,-77.84494444,0,9,0,0,1,1,0,1,3,1,0,1,0,0000000,23,52,23,56,88,88,0,0,0,1,0
37,370728,1,1,0,0,0,1,1,7,0,6,9,2014,7,19,51,0,5,4,CR-1812,,99999,34.92940278,-80.00290278,0,34,0,0,1,1,0,4,2,1,0,1,0,0000000,19,47,19,54,88,88,0,0,0,1,1
37,370729,1,1,0,0,0,1,1,19,0,3,9,2014,4,7,32,0,6,4,CR-1133,,99999,33.96260833,-78.31997778,0,34,0,0,1,1,0,4,1,1,0,1,0,0000000,7,28,7,31,8,0,0,0,0,1,0
37,370730,1,1,0,0,0,8,8,19,0,14,9,2014,1,1,32,0,4,3,SR-130,,99999,33.95903056,-78.32038611,0,34,0,0,1,1,0,4,2,1,0,1,0,0000000,1,33,1,43,2,49,0,0,0,1,0
37,370731,1,1,0,0,0,1,1,21,0,6,9,2014,7,7,36,0,6,4,CR-1607,,99999,35.68832778,-82.69352778,0,38,0,0,1,1,0,4,1,5,0,5,0,0000000,7,42,7,53,8,30,0,0,0,1,0
37,370732,1,1,0,0,0,1,1,23,0,4,9,2014,5,23,59,0,5,4,CR-1250,,99999,35.77388611,-81.76147222,0,42,0,0,1,1,0,4,2,2,0,2,0,0000000,23,56,0,2,88,88,0,0,0,1,0
37,370733,2,2,0,0,0,3,3,37,0,8,9,2014,2,12,5,0,4,4,CR-1012,,99999,35.638575,-79.10698056,0,12,2,0,1,1,0,1,1,2,0,2,0,0000000,11,53,11,57,12,46,0,0,0,1,0
37,370734,1,1,0,0,0,2,2,45,0,13,9,2014,7,1,48,0,3,3,SR-180,,99999,35.29975556,-81.4856,0,43,0,0,1,1,0,4,2,2,0,2,0,0000000,1,47,2,0,99,99,0,0,0,2,0
37,370735,1,1,0,0,0,2,2,47,0,1,9,2014,2,7,50,0,4,3,SR-905,CR-1936,99999,34.06499444,-78.63226389,0,34,0,0,1,1,0,4,1,1,0,1,0,0000000,99,99,99,99,99,99,0,0,0,1,0
37,370736,1,1,0,0,0,1,1,49,0,11,9,2014,5,20,21,0,6,4,CR-1627,CR-1003,99999,35.22486111,-77.05254167,0,34,0,0,3,3,0,4,2,1,0,1,0,0000000,20,15,20,27,88,88,0,0,0,1,1
37,370737,1,1,0,0,0,1,1,51,0,1,9,2014,2,0,45,0,6,4,CR-1123,CR-1122,99999,34.942875,-78.94678889,0,34,0,0,3,3,0,4,2,1,0,1,0,0000000,99,99,99,99,88,88,0,0,0,1,1
37,370738,1,1,0,0,0,1,1,59,0,2,9,2014,3,17,14,0,6,4,CR-1636,,99999,35.94765,-80.49644444,0,42,0,0,1,1,0,4,1,1,0,1,0,0000000,17,10,17,21,88,88,0,0,0,1,0