STATE,ST_CASE,VE_TOTAL,VE_FORMS,PVH_INVL,PEDS,PERNOTMVIT,PERMVIT,PERSONS,COUNTY,CITY,DAY,MONTH,YEAR,DAY_WEEK,HOUR,MINUTE,NHS,ROAD_FNC,ROUTE,TWAY_ID,TWAY_ID2,MILEPT,LATITUDE,LONGITUD,SP_JUR,HARM_EV,MAN_COLL,RELJCT1,RELJCT2,TYP_INT,WRK_ZONE,REL_ROAD,LGT_COND,WEATHER1,WEATHER2,WEATHER,SCH_BUS,RAIL,NOT_HOUR,NOT_MIN,ARR_HOUR,ARR_MIN,HOSP_HR,HOSP_MN,CF1,CF2,CF3,FATALS,DRUNK_DR
37,370854,1,1,0,0,0,1,1,21,0,7,10,2014,3,20,42,0,6,4,CR-3451,,99999,99.99990000,999.99990000,0,1,0,0,1,1,0,4,2,10,0,10,0,0000000,99,99,99,99,99,99,0,0,0,1,0
37,370855,1,1,0,0,0,1,1,23,0,10,10,2014,6,18,53,0,3,4,CR-1949,,99999,35.7014,-81.69819167,0,42,0,0,1,1,0,4,3,2,0,2,0,0000000,18,45,18,52,88,88,0,0,0,1,0
37,370856,1,1,0,0,0,1,1,33,0,11,10,2014,7,15,30,0,6,4,CR-1343,,99999,36.48798333,-79.51599167,0,34,0,0,1,1,0,4,1,10,0,10,0,0000000,15,45,16,6,16,27,0,0,0,1,1
37,370857,2,2,0,0,0,2,2,39,0,4,10,2014,7,12,22,1,2,2,US-19,,99999,35.153625,-83.95934444,0,12,6,0,7,1,0,1,1,1,0,1,0,0000000,12,24,12,33,13,12,0,0,0,1,0
37,370858,2,2,0,0,0,3,3,41,0,10,10,2014,6,17,35,0,3,3,SR-32,CR-1305,99999,36.26516389,-76.65525,0,12,6,0,2,2,0,1,1,1,0,1,0,0000000,17,40,17,43,18,4,0,0,0,1,0
37,370859,1,1,0,0,0,1,1,47,0,18,10,2014,7,11,14,1,2,2,US-74,,99999,34.32211944,-78.45502778,0,1,0,0,1,1,0,4,1,1,0,1,0,0000000,11,12,11,21,88,88,0,0,0,1,1
37,370860,1,1,0,1,1,2,2,53,0,9,10,2014,5,8,15,0,3,3,SR-168,CR-1516,99999,36.52475833,-76.17830556,0,9,0,0,2,2,0,1,3,1,0,1,0,0000000,99,99,99,99,99,99,0,0,0,1,0
37,370861,2,2,0,0,0,2,2,57,0,5,10,2014,1,4,57,1,1,1,I-85,,99999,35.78243611,-80.311725,0,12,6,0,1,1,0,1,2,1,0,1,0,0000000,4,53,5,0,88,88,19,0,0,1,0
37,370862,2,2,0,0,0,2,2,63,0,1,10,2014,4,12,10,0,4,4,CR-1632,,99999,36.092275,-78.83027778,0,12,2,0,1,1,0,1,1,1,0,1,0,0000000,99,99,99,99,99,99,0,0,0,1,0
37,370863,1,1,0,0,0,1,1,67,2614,2,10,2014,5,23,20,0,14,3,SR-1156,,0,36.09315,-80.41557222,0,53,0,0,1,1,0,4,2,1,0,1,0,0000000,99,99,99,99,99,99,0,0,0,1,1
37,370864,1,1,0,1,1,1,1,81,1940,1,10,2014,4,19,45,0,16,6,S EUGENE,,0,36.0723,-79.79407222,0,8,0,0,1,1,0,1,3,1,0,1,0,0000000,19,46,19,49,20,6,0,0,0,1,0
37,370865,1,1,0,0,0,1,1,81,2170,4,10,2014,7,1,46,0,16,6,SKEET CLUB RD,,0,36.032825,-79.97149444,0,53,0,0,1,1,0,4,3,1,0,1,0,0000000,1,48,1,57,2,40,0,0,0,1,1
37,370866,1,1,0,0,0,2,2,81,2807,10,10,2014,6,21,13,0,14,3,SR-2732,,0,36.15779167,-79.69085278,0,53,0,0,1,1,0,4,5,10,0,10,0,0000000,21,11,21,17,21,59,0,0,0,1,1
37,370867,1,1,0,0,0,1,1,81,0,13,10,2014,2,18,26,0,3,3,SR-1001,SR-2516,0,36.18311667,-79.78713611,0,1,0,0,3,3,0,4,5,1,0,1,0,0000000,18,16,18,32,18,59,0,0,0,1,0
37,370868,1,1,0,0,0,1,1,85,0,8,10,2014,4,2,8,0,3,3,SR-210,,0,35.51760278,-78.57958056,0,34,0,0,1,1,0,4,2,1,0,1,0,0000000,2,7,2,13,88,88,0,0,0,1,0
37,370869,2,2,0,0,0,2,2,89,0,13,10,2014,2,21,27,1,1,1,I-26,,0,35.34456944,-82.44359167,0,12,2,0,1,1,0,1,2,5,0,5,0,0000000,21,27,22,7,88,88,0,0,0,2,0
37,370870,2,2,0,0,0,4,4,107,0,1,10,2014,4,17,7,1,2,2,US-70,NC-11,0,35.25865833,-77.58098889,0,12,6,0,4,1,0,1,1,1,0,1,0,0000000,17,5,17,13,18,28,0,0,0,2,0
37,370871,2,2,0,0,0,3,3,107,0,11,10,2014,7,16,26,0,3,3,SR-1151,NC-903,0,35.18664722,-77.82778611,0,12,6,0,2,2,0,1,1,1,0,1,0,0000000,17,1,17,15,18,0,0,0,0,1,0
37,370872,1,1,0,0,0,1,1,111,0,11,10,2014,7,7,24,0,3,3,SR-1214,,0,99.99990000,999.99990000,0,1,0,0,1,1,0,4,1,2,10,2,0,0000000,7,18,7,28,88,88,0,0,0,1,0
37,370873,1,1,0,0,0,1,1,119,870,4,10,2014,7,17,2,0,16,6,ROBINSON CHURCH RD,,0,35.23070833,-80.70883056,0,42,0,0,1,1,0,4,1,1,0,1,0,0000000,17,8,17,16,88,88,20,0,0,1,0
37,370874,2,2,0,1,1,2,2,119,870,4,10,2014,7,21,12,1,1,1,I-77,,0,35.22805,-80.86121111,0,8,0,0,20,1,0,1,2,1,0,1,0,0000000,21,10,21,16,88,88,14,23,0,1,1
37,370875,1,1,0,0,0,1,1,119,870,8,10,2014,4,3,31,0,16,6,MT HOLLY-HUNTERSVILLE,,99999,35.32614722,-80.94549444,0,42,0,0,1,1,0,4,2,1,0,1,0,0000000,3,41,3,54,88,88,0,0,0,1,0
37,370876,1,1,0,1,1,1,1,119,870,9,10,2014,5,6,21,0,16,6,BROOKSHIRE BLVD,N HOSKINS RD,0,35.26636944,-80.88219444,0,8,0,0,2,2,0,1,3,1,0,1,0,0000000,6,21,6,22,88,88,0,0,0,1,0
37,370877,2,2,0,0,0,2,2,127,3930,4,10,2014,7,8,58,0,16,6,N GRACE ST,,0,35.951075,-77.79482222,0,12,2,0,1,1,0,1,1,1,0,1,0,0000000,9,0,9,12,9,45,0,0,0,1,0
37,370878,1,1,0,1,1,2,2,133,0,3,10,2014,6,19,32,0,3,3,SR-1212,,0,34.77850556,-77.49435556,0,8,0,0,1,1,0,1,2,1,0,1,0,0000000,19,22,19,27,88,88,0,0,0,1,0
37,370879,1,1,0,0,0,1,1,145,0,7,10,2014,3,6,13,0,3,3,SR-1125,,0,99.99990000,999.99990000,0,24,0,0,1,1,0,4,2,1,0,1,0,0000000,6,7,6,14,88,88,0,0,0,1,0
37,370880,1,1,0,0,0,1,1,151,0,5,10,2014,1,2,0,1,2,2,US-220,,0,99.99990000,999.99990000,0,30,0,0,1,1,0,4,2,1,0,1,0,0000000,1,58,2,37,99,99,0,0,0,1,1
37,370881,4,4,0,0,0,6,6,151,0,7,10,2014,3,13,50,1,2,2,US-64,SR-2237,0,35.70662222,-79.80602222,0,12,1,0,3,4,0,1,1,1,0,1,0,0000000,13,44,13,55,14,9,0,0,0,1,0
37,370882,1,1,0,0,0,1,1,155,0,4,10,2014,7,4,23,0,3,3,SR-1765,,0,34.72784722,-79.00615278,0,42,0,0,1,1,0,4,2,1,0,1,0,0000000,99,99,99,99,99,99,0,0,0,1,1
37,370883,1,1,0,1,1,1,1,155,0,6,10,2014,2,3,42,1,2,2,US-501,,0,34.79704444,-79.45808889,0,8,0,0,1,1,0,1,2,1,0,1,0,0000000,3,40,3,46,88,88,0,0,0,1,0
37,370884,2,2,0,0,0,2,2,155,0,15,10,2014,4,12,42,1,1,1,I-95,,0,34.59911667,-79.10523333,0,12,1,0,1,1,0,1,1,1,0,1,0,0000000,99,99,99,99,99,99,0,0,0,1,0
37,370885,1,1,0,1,1,1,1,159,4070,6,10,2014,2,19,41,0,16,6,STATESVILLE BLVD,LASH DR,0,35.69594444,-80.52253333,0,8,0,0,2,3,0,1,2,1,0,1,0,0000000,19,40,19,46,88,88,0,0,0,1,0
37,370886,1,1,0,0,0,2,2,161,4350,4,10,2014,7,15,53,1,12,2,US-74,,0,35.34737778,-81.93446667,0,7,0,0,1,1,0,1,1,1,0,1,0,0000000,15,54,16,0,88,88,0,0,0,1,0
37,370887,1,1,0,0,0,1,1,161,0,4,10,2014,7,20,21,1,2,2,US-221,,0,35.20356389,-81.83776389,0,43,0,0,1,1,0,4,2,1,0,1,0,0000000,20,18,20,21,88,88,0,0,0,1,1
37,370888,1,1,0,0,0,2,2,163,0,9,10,2014,5,7,46,1,1,1,I-40,,0,99.99990000,999.99990000,0,42,0,0,1,1,0,4,1,1,0,1,0,0000000,7,38,7,47,8,44,0,0,0,2,0
37,370889,2,2,0,0,0,2,2,175,0,11,10,2014,7,18,57,0,3,3,SR-1533,,0,35.25323056,-82.68340278,0,1,0,0,1,1,0,1,1,1,0,1,0,0000000,18,56,19,2,88,88,0,0,0,1,0
37,370890,1,1,0,0,0,1,1,181,0,4,10,2014,7,4,18,1,2,2,US-1,,0,36.36654167,-78.35978889,0,34,0,0,1,1,0,4,2,1,0,1,0,0000000,4,12,4,21,5,24,0,0,0,1,1
37,370891,1,1,0,2,2,1,1,181,0,7,10,2014,3,17,23,0,3,3,SR-1335,,0,36.42365556,-78.45596389,0,8,0,0,1,1,0,1,1,1,0,1,0,0000000,99,99,99,99,99,99,0,0,0,1,0
37,370892,2,2,0,0,0,3,3,183,2470,10,10,2014,6,19,13,0,16,6,KNIGHTDALE BLVD,MCKNIGHT DR,0,35.798675,-78.48232778,0,12,6,0,2,2,0,1,2,1,0,1,0,0000000,19,14,19,16,19,33,0,0,0,1,0
37,370893,1,1,0,0,0,2,2,183,3750,13,10,2014,2,15,43,0,16,6,CREEDMOOR RD,,0,35.89079444,-78.67822222,0,59,0,0,1,1,0,4,1,1,0,1,0,0000000,15,44,15,46,16,19,0,0,0,1,1
37,370894,2,2,0,0,0,2,2,191,0,10,10,2014,6,7,10,0,3,3,SR-111,,0,99.99990000,999.99990000,0,12,2,0,1,1,0,1,1,1,0,1,0,0000000,7,14,7,21,9,2,0,0,0,2,0
37,370895,1,1,0,1,1,1,1,19,4509,23,10,2014,5,7,18,0,4,3,SR-905,,0,33.89984722,-78.488125,0,8,0,0,1,1,0,1,4,1,0,1,0,0000000,99,99,99,99,99,99,0,0,0,1,0
37,370896,1,1,0,0,0,5,5,35,1060,3,10,2014,6,22,6,0,6,4,CR-1700,,0,35.79740833,-81.13643611,0,32,0,0,1,1,0,4,2,1,0,1,0,0000000,22,6,22,15,88,88,0,0,0,2,0
37,370897,2,2,0,0,0,6,6,37,4200,17,10,2014,6,22,57,0,4,3,SR-22,,0,35.54665278,-79.53700278,0,12,6,0,1,1,0,1,6,1,0,1,0,0000000,22,50,22,59,23,9,0,0,0,2,0
37,370898,1,1,0,0,0,1,1,47,0,12,10,2014,1,19,39,0,4,3,SR-242,,99999,34.38535278,-78.90641667,0,34,0,0,1,1,0,4,2,1,0,1,0,0000000,99,99,99,99,99,99,0,0,0,1,1
37,370899,2,2,0,0,0,2,2,59,3090,19,10,2014,1,1,3,1,1,1,I-40,,0,35.96471667,-80.51952222,0,12,2,0,1,1,0,1,6,1,0,1,0,0000000,99,99,99,99,99,99,0,0,0,2,1
37,370900,2,2,0,0,0,3,3,63,1360,5,10,2014,1,0,12,0,4,4,CR-2028,NC-54,0,35.91337222,-78.98196667,0,12,98,0,2,2,0,1,6,1,0,1,0,0000000,99,99,6,1,99,99,0,0,0,1,1
37,370901,1,1,0,0,0,1,1,63,0,6,10,2014,2,18,45,0,4,4,CR-1109,,99999,99.99990000,999.99990000,0,34,0,0,1,1,0,4,6,1,0,1,0,0000000,17,58,18,7,88,88,0,0,0,1,1
37,370902,2,2,0,0,0,5,5,131,1790,22,10,2014,4,18,24,1,2,2,US-74,CR-1249,0,36.49263333,-77.73705,0,12,8,1,2,3,0,1,6,1,0,1,0,0000000,18,19,18,26,18,54,0,0,0,2,0
37,370903,1,1,0,0,0,1,1,77,3460,12,10,2014,1,11,50,0,3,4,CR-1300,,0,36.411375,-78.64799722,0,35,0,0,1,1,0,4,1,1,0,1,0,0000000,99,99,99,99,99,99,0,0,0,1,0
37,370904,2,2,0,0,0,3,3,81,1985,4,10,2014,7,17,57,0,16,6,W. FLORIDA ST,VAN WERT ST,0,36.05233889,-79.818975,0,12,6,1,2,3,0,1,1,1,0,1,0,0000000,17,47,17,50,18,12,0,0,0,1,0
37,370905,1,1,0,0,0,1,1,85,0,19,10,2014,1,15,50,0,4,3,SR-27,,99999,35.31325278,-79.07940556,0,42,0,0,1,1,0,4,1,1,0,1,0,0000000,15,35,15,42,16,34,0,0,0,1,1
37,370906,2,2,0,0,0,3,3,99,4540,11,10,2014,7,14,29,1,2,2,US-23,SR-1305,0,35.3841,-83.24221667,0,12,8,0,2,7,0,1,1,1,0,1,0,0000000,14,32,14,35,15,33,0,0,0,1,0
37,370907,1,1,0,0,0,1,1,101,410,27,10,2014,2,14,14,0,5,4,CR-1309,,0,99.99990000,999.99990000,0,30,0,0,1,1,0,4,1,1,0,1,0,0000000,14,11,14,22,15,19,0,0,0,1,0
37,370908,2,2,0,0,0,3,3,111,0,22,10,2014,4,7,33,0,3,3,SR-226,,0,35.6577,-81.96141111,0,12,2,0,1,1,0,1,1,1,0,1,0,0000000,7,31,7,58,8,58,0,0,0,1,0
37,370909,3,3,0,0,0,3,3,111,0,22,10,2014,4,8,47,0,3,3,SR-1135,,0,35.610425,-82.09693333,0,12,8,0,1,1,0,1,1,1,0,1,0,0000000,8,41,8,53,99,99,0,0,0,1,0
37,370910,2,2,0,0,0,2,2,123,0,17,10,2014,6,11,14,0,3,3,SR-109,,0,35.32173333,-79.944625,0,12,2,0,1,1,0,1,1,1,0,1,0,0000000,11,15,11,22,12,5,0,0,0,1,0
37,370911,1,1,0,0,0,1,1,131,0,17,10,2014,6,0,49,0,3,3,SR-48,I-95,0,36.50016389,-77.64509722,0,42,0,0,3,2,0,4,2,1,0,1,0,0000000,0,38,1,1,88,88,0,0,0,1,0
37,370912,2,2,0,0,0,6,6,133,0,18,10,2014,7,16,24,0,6,6,LIBERTY POINTE,,0,34.74353889,-77.374375,0,12,1,0,4,1,0,1,1,1,0,1,0,0000000,16,8,16,19,99,99,0,0,0,1,1
37,370913,1,1,0,0,0,1,1,145,0,19,10,2014,1,2,21,1,2,2,US-501,,0,36.43503889,-78.96514444,0,24,0,0,1,1,0,4,2,1,0,1,0,0000000,2,14,2,22,2,45,0,0,0,1,1
37,370914,2,2,0,0,0,4,4,151,0,24,10,2014,6,18,32,0,3,3,SR-134,SR-1118,0,35.54026389,-79.84216111,0,12,6,0,2,2,0,1,1,1,0,1,0,0000000,18,31,18,42,99,99,0,0,0,1,0
37,370915,1,1,0,0,0,2,2,153,0,12,10,2014,1,14,27,0,3,3,SR-1486,,0,35.01123889,-79.66769167,0,42,0,0,1,1,0,4,1,10,0,10,0,0000000,14,23,14,35,88,88,0,0,0,2,0
37,370916,2,2,0,0,0,2,2,155,0,23,10,2014,5,15,40,0,3,3,SR-72,,0,34.617975,-79.01059722,0,12,2,0,1,1,0,1,1,1,0,1,0,0000000,15,42,15,58,16,30,0,0,0,1,0
37,370917,1,1,0,0,0,1,1,157,0,10,10,2014,6,18,23,0,3,3,SR-2437,,0,36.30654722,-79.70000278,0,42,0,0,1,1,0,4,2,2,0,2,0,0000000,18,21,18,29,88,88,0,0,0,1,1
37,370918,2,2,0,0,0,6,6,159,2390,13,10,2014,2,17,31,0,16,6,MOOSE RD,CHINA GROVE RD,0,35.50951667,-80.57706111,0,12,6,0,2,2,0,1,1,1,0,1,0,0000000,17,40,17,48,18,7,0,0,0,1,0
37,370919,1,1,0,1,1,1,1,171,0,18,10,2014,7,14,0,0,3,3,SR-1350,,0,36.48923889,-80.67907222,0,8,0,0,1,1,0,1,1,1,0,1,0,0000000,13,57,14,9,14,30,0,0,0,1,0
37,370920,1,1,0,0,0,1,1,191,1880,19,10,2014,1,2,21,0,16,6,ASH ST,N CENTER ST,0,35.38565556,-77.99602222,0,33,0,0,3,5,0,4,3,1,0,1,0,0000000,2,22,2,24,2,44,0,0,0,1,0
37,370921,1,1,0,0,0,4,4,195,0,21,10,2014,3,18,6,0,3,3,SR-1313,,0,35.81045833,-78.00791389,0,42,0,0,1,1,0,4,5,10,0,10,0,0000000,18,6,18,15,18,59,0,0,0,1,0
37,370922,2,2,0,0,0,4,4,171,0,16,9,2014,3,17,34,0,3,3,SR-1815,,0,36.40619444,-80.50181667,0,12,2,0,1,1,0,1,1,10,0,10,0,0000000,17,34,17,47,18,42,0,0,0,1,0
37,370923,1,1,0,1,1,1,1,21,170,17,10,2014,6,22,42,0,16,6,BILTMORE AVE,SHORT COXE AVE,0,35.58651111,-82.55196944,0,8,0,0,3,3,0,1,3,1,0,1,0,0000000,99,99,99,99,99,99,0,0,0,1,0
37,370924,1,1,0,0,0,1,1,23,3130,29,10,2014,4,16,31,0,16,6,REEP DR,,0,35.72211111,-81.76033611,0,42,0,0,1,1,0,4,2,1,0,1,0,0000000,5,13,5,20,88,88,0,0,0,1,0
37,370925,2,2,0,1,1,3,3,51,1670,22,10,2014,4,6,53,0,16,6,RAEFORD RD,,0,35.02721944,-79.05166111,0,8,0,0,1,1,0,1,1,1,0,1,0,0000000,99,99,99,99,99,99,0,0,0,1,0
37,370926,1,1,0,1,1,2,2,61,0,25,10,2014,7,1,28,0,3,3,SR-24,,0,34.92246111,-77.76693611,0,8,0,0,1,1,0,1,2,1,0,1,0,0000000,1,20,1,31,88,88,0,0,0,1,0
37,370927,2,2,0,0,0,3,3,71,1800,18,10,2014,7,10,21,0,16,6,GASTON AVE,SCRUGGS ST,0,35.26335,-81.20419444,0,12,6,0,2,2,0,1,1,1,0,1,0,0000000,10,22,10,27,11,3,0,0,0,1,0
37,370928,1,1,0,1,1,1,1,81,1940,15,10,2014,4,11,21,0,16,6,SPRING GARDEN ST,,0,36.06851667,-79.86803333,0,8,0,0,1,1,0,1,1,10,0,10,0,0000000,11,34,11,43,88,88,0,0,0,1,0
37,370929,1,1,0,1,1,1,1,81,1940,25,10,2014,7,2,47,0,16,6,BURLINGTON RD,,0,36.08728889,-79.72384167,0,8,0,0,1,1,0,1,2,1,0,1,0,0000000,2,50,2,54,99,99,0,0,0,1,0
37,370930,1,1,0,1,1,1,1,83,3860,24,10,2014,6,20,14,0,3,3,SR-48,,0,36.43922778,-77.66951389,0,8,0,0,1,1,0,1,3,1,0,1,0,0000000,20,14,20,20,20,35,0,0,0,1,0
37,370931,2,2,0,0,0,2,2,85,0,31,10,2014,6,11,51,1,2,2,US-301,,0,35.30403056,-78.61133611,0,12,2,0,1,1,0,1,1,1,0,1,0,0000000,11,49,11,54,12,46,0,0,0,1,0
37,370932,1,1,0,0,0,1,1,101,0,27,10,2014,2,11,55,1,1,1,I-95,,0,35.45825556,-78.38903333,0,24,0,0,1,1,0,3,1,1,0,1,0,0000000,11,56,12,1,88,88,0,0,0,1,0
37,370933,1,1,0,0,0,3,3,105,0,16,10,2014,5,0,15,0,3,3,SR-1521,,0,35.47382222,-79.14039167,0,43,0,0,1,1,0,4,2,1,0,1,0,0000000,0,20,0,24,0,45,0,0,0,1,0
37,370934,2,2,0,0,0,3,3,119,870,10,10,2014,6,13,42,0,16,6,MARVIN RD,VILLA CT,0,35.19349444,-80.80006667,0,12,2,0,2,3,0,1,1,1,0,1,0,0000000,13,41,13,46,88,88,0,0,0,1,0
37,370935,2,2,0,0,0,2,2,119,870,25,10,2014,7,8,37,0,16,6,WALLACE AVE,,0,35.20878889,-80.72726667,0,12,2,0,1,1,0,1,1,1,0,1,0,0000000,8,40,8,46,88,88,0,0,0,1,0
37,370936,1,1,0,0,0,3,3,119,870,26,10,2014,1,3,56,0,16,6,W ARROWOOD RD,,0,35.14781944,-80.93288056,0,42,0,0,1,1,0,4,2,1,0,1,0,0000000,3,57,4,9,4,40,0,0,0,2,1
37,370937,2,2,0,0,0,2,2,119,870,30,10,2014,5,18,22,0,16,6,BILLY GRAHAM PARKWAY,,0,35.21462778,-80.92329167,0,12,1,0,1,1,0,1,1,1,0,1,0,0000000,18,22,18,28,19,44,0,0,0,1,0
37,370938,1,1,0,1,1,1,1,129,5060,11,10,2014,7,20,39,0,16,6,MILTARY CUTOFF RD,,0,34.24645278,-77.82738333,0,8,0,0,1,1,0,1,3,1,0,1,0,0000000,20,38,20,43,88,88,0,0,0,1,0
37,370939,1,1,0,1,1,1,1,133,0,24,10,2014,6,2,49,1,2,2,US-258,,0,34.755125,-77.46215278,0,8,0,0,1,1,0,1,2,1,0,1,0,0000000,2,50,2,50,88,88,0,0,0,1,0
37,370940,2,2,0,0,0,3,3,147,0,28,10,2014,3,1,17,1,2,2,US-264,,0,35.62591944,-77.32768611,0,12,1,0,1,1,0,1,2,10,0,10,0,0000000,1,18,1,27,1,40,23,0,0,2,0
37,370941,1,1,0,0,0,2,2,147,0,29,10,2014,4,0,13,0,3,3,SR-1724,,0,35.45903889,-77.37217778,0,1,0,0,1,1,0,4,2,10,0,10,0,0000000,0,26,0,41,1,14,0,0,0,1,1
37,370942,2,2,0,0,0,3,3,159,0,18,10,2014,7,13,45,0,3,3,SR-1006,SR-1221,0,35.51080556,-80.44613889,0,12,6,0,2,3,0,1,1,1,0,1,0,0000000,13,41,13,59,14,40,0,0,0,1,0
37,370943,1,1,0,0,0,3,3,171,0,22,10,2014,4,12,40,0,3,3,SR-103,,0,36.50019444,-80.6056,0,53,0,0,1,1,0,4,1,1,0,1,0,0000000,12,42,12,52,99,99,0,0,0,1,0
37,370944,2,2,0,0,0,2,2,183,0,17,10,2014,6,22,57,0,5,5,RP-1004,RP-412,0,35.67680556,-78.50694167,0,12,2,0,2,3,0,1,2,1,0,1,0,0000000,99,99,99,99,99,99,0,0,0,1,2
37,370945,1,1,0,0,0,2,2,183,3750,28,10,2014,3,1,23,0,16,6,CENTENNIAL PKWY,,0,35.77404444,-78.66886111,0,42,0,0,1,1,0,4,2,1,0,1,0,0000000,99,99,99,99,99,99,0,0,0,1,1
37,370946,2,2,0,0,0,4,4,183,3750,27,10,2014,2,15,39,0,16,6,CLARK AVE,DANIELS ST,0,35.788925,-78.66118056,0,12,6,0,2,2,0,1,1,1,0,1,0,0000000,99,99,99,99,99,99,0,0,0,1,0
37,370947,1,1,0,0,0,1,1,193,0,9,10,2014,5,20,10,0,5,5,RP-1957,,0,36.22902778,-81.06799444,0,1,0,0,1,1,0,4,2,1,0,1,0,0000000,20,5,20,25,88,88,0,0,0,1,1
37,370948,2,2,0,0,0,3,3,19,0,19,8,2014,3,11,40,0,3,3,SR-1114,RIVERHOUSE RD,0,33.98463056,-78.23822222,0,12,6,0,2,2,0,1,1,1,0,1,0,0000000,11,26,11,45,12,27,0,0,0,1,0
37,370949,2,2,0,0,0,2,2,21,170,4,8,2014,2,13,55,1,11,1,I-240,,0,35.59007778,-82.57735556,0,12,6,0,1,1,0,1,1,1,0,1,0,0000000,13,56,14,0,14,17,0,0,0,1,0
37,370950,1,1,0,0,0,1,1,119,870,28,8,2014,5,18,25,0,16,6,DANBY RD,,0,35.05361667,-80.87978056,0,40,0,0,1,1,0,4,1,1,0,1,0,0000000,18,24,18,29,19,0,0,0,0,1,1
37,370951,3,3,0,0,0,5,5,13,4860,3,9,2014,4,10,26,0,16,6,W 15TH ST,MARKET ST,0,35.555325,-77.04603889,0,12,6,0,2,2,0,1,1,1,0,1,0,0000000,10,26,10,30,10,45,0,0,0,1,0
37,370952,1,1,0,1,1,2,2,23,9997,30,9,2014,3,13,40,0,6,6,34TH ST NW,,0,35.73167778,-81.39502778,0,8,0,0,1,1,0,1,1,1,0,1,0,0000000,99,99,99,99,99,99,0,0,0,1,0
37,370953,2,2,0,0,0,6,6,15,0,29,10,2014,4,8,8,1,2,2,US-13,,0,36.228825,-76.94135833,0,12,2,0,1,1,0,1,1,1,0,1,0,0000000,99,99,99,99,99,99,0,0,0,2,0
37,370954,1,1,0,1,1,1,1,51,1670,27,10,2014,2,19,44,0,14,3,SR-1007,,0,35.020375,-78.89055278,0,8,0,0,1,1,0,1,2,1,0,1,0,0000000,99,99,99,99,88,88,0,0,0,1,0
37,370955,1,1,0,0,0,1,1,57,4590,19,10,2014,1,0,57,1,2,2,US-29,,0,99.99990000,999.99990000,0,32,0,0,1,1,0,3,2,1,0,1,0,0000000,0,57,1,6,99,99,0,0,0,1,1
37,370956,2,2,0,0,0,2,2,61,0,18,10,2014,7,20,5,0,3,3,SR-1102,SR-1162,0,34.82164444,-77.95811667,0,12,2,0,2,2,0,1,2,1,0,1,0,0000000,99,99,99,99,99,99,0,0,0,1,1
37,370957,1,1,0,1,1,1,1,63,1360,18,10,2014,7,19,48,0,16,6,DUKE UNIVERSITY RD,CHAPEL HILL RD,0,35.99653889,-78.92112222,0,9,0,0,2,2,0,1,1,1,0,1,0,0000000,99,99,99,99,99,99,0,0,0,1,0
37,370958,6,6,0,0,0,12,12,67,0,30,10,2014,5,15,10,1,2,2,US-52,,0,36.22511667,-80.31736667,0,12,1,0,1,1,0,1,1,1,0,1,0,0000000,15,8,15,19,15,33,14,0,0,3,0
37,370959,1,1,0,1,1,1,1,71,0,24,10,2014,6,7,33,0,3,3,SR-279,,0,35.25198056,-81.14593889,0,8,0,0,1,1,0,1,1,1,0,1,0,0000000,7,26,7,38,7,58,0,0,0,1,0
37,370960,2,2,0,0,0,2,2,73,0,28,10,2014,3,20,5,1,2,2,US-13,SR-1128,0,36.44006111,-76.87706389,0,12,6,0,2,3,0,1,2,1,0,1,0,0000000,99,99,99,99,99,99,0,0,0,1,0
37,370961,2,2,0,0,0,2,2,81,1940,20,10,2014,2,8,29,0,16,6,W LEE ST,VAN WERT ST,0,36.06103333,-79.81858333,0,12,6,0,2,3,0,1,1,1,0,1,0,0000000,8,40,8,46,9,9,0,0,0,1,0
37,370962,2,2,0,0,0,3,3,97,4430,27,10,2014,2,13,4,1,2,2,US-70,,0,35.76149444,-80.83606389,0,12,2,0,1,1,0,1,1,1,0,1,0,0000000,99,99,99,99,99,99,0,0,0,1,1
37,370963,2,2,0,0,0,2,2,127,3930,29,10,2014,4,23,3,0,16,6,N WINSTEAD AVE,US-64 RAMP,0,35.97475833,-77.84781944,0,12,6,0,2,2,0,1,6,2,0,2,0,0000000,23,5,23,10,23,29,0,0,0,1,2
37,370964,1,1,0,0,0,2,2,127,3030,25,10,2014,7,18,58,0,6,4,CR-1158,,0,35.87147778,-78.16205,0,42,0,0,1,1,0,4,6,1,0,1,0,0000000,18,50,19,4,19,53,0,0,0,1,1
37,370965,2,2,0,0,0,5,5,127,3930,26,10,2014,1,14,45,1,11,2,US-64,,0,35.96917778,-77.82560556,0,12,6,0,1,1,0,1,1,1,0,1,0,0000000,14,48,14,54,88,88,0,0,0,1,0
37,370966,3,3,0,0,0,7,7,133,2330,11,10,2014,7,9,33,1,2,2,US-258,,0,34.755125,-77.46223889,0,12,8,0,1,1,0,1,1,1,0,1,0,0000000,9,35,9,40,10,2,0,0,0,1,0
37,370967,1,1,0,1,1,1,1,135,860,3,10,2014,6,9,39,0,16,6,MLK JR BLVD,,0,35.95615833,-79.0581,0,9,0,0,4,1,0,1,1,1,0,1,0,0000000,9,40,9,46,9,58,0,0,0,1,0
37,370968,2,2,0,0,0,3,3,147,5130,19,10,2014,1,20,33,0,16,6,OLD TAR,MAIN ST,0,35.52816944,-77.384975,0,12,6,0,2,2,0,1,3,1,0,1,0,0000000,99,99,99,99,99,99,0,0,0,1,1