STATE,ST_CASE,VE_TOTAL,VE_FORMS,PVH_INVL,PEDS,PERNOTMVIT,PERMVIT,PERSONS,COUNTY,CITY,DAY,MONTH,YEAR,DAY_WEEK,HOUR,MINUTE,NHS,ROAD_FNC,ROUTE,TWAY_ID,TWAY_ID2,MILEPT,LATITUDE,LONGITUD,SP_JUR,HARM_EV,MAN_COLL,RELJCT1,RELJCT2,TYP_INT,WRK_ZONE,REL_ROAD,LGT_COND,WEATHER1,WEATHER2,WEATHER,SCH_BUS,RAIL,NOT_HOUR,NOT_MIN,ARR_HOUR,ARR_MIN,HOSP_HR,HOSP_MN,CF1,CF2,CF3,FATALS,DRUNK_DR
38,380117,3,3,0,0,0,5,5,53,0,14,12,2014,1,18,0,1,2,2,US-85,,1550,47.80488889,-103.5548111,0,12,6,0,1,1,0,1,2,11,0,11,0,0000000,18,17,18,34,19,30,0,0,0,3,1
38,380118,1,1,0,0,0,1,1,9,0,17,12,2014,4,9,30,0,6,4,CR-35 AVE NW,,0,48.77753056,-101.475,0,1,0,0,1,1,0,4,1,1,0,1,0,0000000,9,36,9,46,88,88,0,0,0,1,1
38,380119,1,1,0,1,1,2,2,5,0,24,12,2014,4,23,20,0,6,4,CR-35 ST NE BIA 21,,0,47.92016111,-98.89993056,3,8,0,0,1,1,0,1,2,98,0,98,0,0000000,23,20,99,99,88,88,0,0,0,1,0
38,380120,1,1,0,0,0,4,4,25,0,25,12,2014,5,21,59,0,6,4,CR-14 ST SW,CR-111 AVE SW,0,47.21238056,-102.8314611,0,1,0,0,3,10,0,4,2,1,0,1,0,0000000,22,5,22,32,23,25,0,0,0,2,1
38,380121,1,1,0,0,0,1,1,61,0,27,12,2014,7,4,11,0,6,4,CR-46 ST NW,CR-86 1/2 AVE NW,0,48.08116944,-102.4846806,0,34,0,0,3,4,0,4,2,10,0,10,0,0000000,8,44,9,8,88,88,0,0,0,1,1
38,380122,1,1,0,0,0,1,1,17,0,29,12,2014,2,13,25,0,6,4,CR-88 AVE S,,0,46.75978889,-96.79418889,0,42,0,0,1,1,0,4,1,1,0,1,0,0000000,88,88,88,88,88,88,0,0,0,1,0
38,380123,2,2,0,0,0,2,2,17,1020,22,12,2014,2,12,55,0,14,6,7TH AVE N,39 ST N,0,46.88336944,-96.8435,0,12,6,0,2,2,0,1,1,10,0,10,0,0000000,12,59,13,4,13,27,0,0,0,1,0
39,390001,1,1,0,0,0,4,4,41,0,19,1,2014,1,18,18,0,4,3,SR-229,,20,40.42940278,-83.04208889,0,42,0,0,1,1,0,4,2,1,0,1,0,0000000,18,23,18,48,20,3,0,0,0,3,0
39,390002,2,2,0,0,0,3,3,3,0,16,1,2014,5,16,37,0,14,3,SR-117,,198,40.72425,-84.05727222,0,12,6,0,1,1,0,1,1,4,0,4,0,0000000,16,36,16,43,16,49,0,0,0,1,0
39,390003,1,1,0,0,0,2,2,37,0,22,1,2014,4,13,19,0,6,5,OSWALT GOOD,,0,40.29135833,-84.76614167,0,52,0,0,1,1,0,4,1,10,0,10,0,0000000,13,25,13,40,88,88,0,0,0,1,0
39,390004,1,1,0,0,0,3,3,139,0,23,1,2014,5,22,24,0,4,3,SR-603,,200,40.98000833,-82.63424722,0,34,0,0,1,1,0,4,2,1,0,1,0,0000000,22,24,22,30,23,8,0,0,0,1,0
39,390005,1,1,0,0,0,1,1,119,0,23,1,2014,5,8,50,1,1,3,SR-16,,39,40.12330278,-82.14065556,0,24,0,0,1,1,0,3,1,10,0,10,0,0000000,8,58,9,6,9,17,0,0,0,1,0
39,390006,2,2,0,0,0,3,3,151,0,22,1,2014,4,11,30,0,4,3,SR-44,,54,40.75314167,-81.24946667,0,12,2,0,1,1,0,1,1,10,0,10,0,0000000,11,43,11,48,99,99,0,0,0,1,1
39,390007,2,2,0,0,0,3,3,39,0,26,1,2014,1,11,30,0,4,3,SR-66,,108,41.36008333,-84.36065556,0,12,6,0,1,1,0,4,1,10,0,10,0,0000000,11,37,11,55,12,13,0,0,0,2,1
39,390008,2,2,0,0,0,5,5,7,0,2,2,2014,1,18,59,0,6,4,CR-16,CR-199,0,41.78180556,-80.80926389,0,12,6,0,2,2,0,1,3,10,0,10,0,0000000,18,59,19,5,19,38,0,0,0,1,0
39,390009,1,1,0,0,0,1,1,49,0,31,1,2014,6,8,30,0,6,5,BAUSCH RD.,,0,39.09048056,-83.01626111,0,31,0,0,1,1,0,4,1,10,0,10,0,0000000,8,35,8,41,9,5,0,0,0,1,0
39,390010,1,1,0,0,0,1,1,29,0,29,1,2014,4,0,41,0,4,3,SR-172,,107,40.79616667,-80.89713889,0,34,0,0,1,1,0,4,2,1,0,1,0,0000000,0,52,1,48,88,88,0,0,0,1,1
39,390011,1,1,0,0,0,2,2,7,0,30,1,2014,5,10,24,0,4,3,SR-46,,113,41.75520833,-80.76692222,0,42,0,0,1,1,0,4,1,1,0,1,0,0000000,10,30,10,30,10,53,0,0,0,1,0
39,390012,2,2,0,0,0,3,3,173,0,1,2,2014,7,10,25,0,4,3,SR-105,,13,41.37435278,-83.60360278,0,12,2,0,1,1,0,1,1,2,0,2,0,0000000,10,26,10,33,10,58,0,0,0,1,0
39,390013,1,1,0,0,0,1,1,35,2520,5,1,2014,1,3,58,1,11,1,I-90,,277,41.59341389,-81.515875,0,24,0,0,1,1,0,4,3,1,0,1,0,0000000,4,7,4,16,88,88,0,0,0,1,1
39,390015,1,1,0,0,0,1,1,49,1800,24,1,2014,6,7,39,0,15,6,SCHROCK RD,DOUBLETREE AVE,0,40.10302222,-82.98829167,0,24,0,0,1,1,0,4,1,1,0,1,0,0000000,7,42,7,46,8,24,0,0,0,1,0
39,390016,2,2,0,0,0,3,3,151,0,4,2,2014,3,20,46,1,12,2,US-30,,74,40.76188056,-81.49781667,0,12,2,0,1,1,0,1,2,10,0,10,0,0000000,20,51,21,0,21,22,0,0,0,1,1
39,390017,1,1,0,0,0,1,1,97,0,4,2,2014,3,13,26,0,3,2,US-40,,153,39.94631667,-83.25155556,0,59,0,0,1,1,0,4,1,10,0,10,0,0000000,13,24,13,29,99,99,0,0,0,1,1
39,390018,5,5,0,0,0,5,5,25,0,24,1,2014,6,6,37,0,4,2,US-50,,81,39.122025,-84.18770556,0,12,8,0,1,1,0,1,2,1,0,1,0,0000000,6,43,6,57,7,32,0,0,0,2,0
39,390019,1,1,0,0,0,1,1,97,0,6,2,2014,5,6,50,1,1,1,I-71,,65,39.74714444,-83.32704444,0,1,0,0,1,1,0,3,2,10,0,10,0,0000000,6,52,7,1,88,88,0,0,0,1,0
39,390021,2,2,0,0,0,4,4,129,0,9,2,2014,1,8,8,0,15,4,CR-40,,0,39.60104722,-82.88659444,0,12,6,0,1,1,0,1,1,3,0,3,0,0000000,8,3,8,16,8,32,0,0,0,1,0
39,390022,1,1,0,0,0,3,3,61,1610,20,2,2014,5,22,7,1,11,1,I-75,,90,39.10268889,-84.52413056,0,24,0,1,5,1,0,8,3,10,0,10,0,0000000,22,19,22,24,22,49,0,0,0,2,1
39,390023,1,1,0,1,1,1,1,25,0,21,2,2014,6,18,25,0,15,4,CR-106 ROUNDBOTTOM RD.,,0,39.15220278,-84.29906389,0,9,0,0,1,1,0,1,1,10,0,10,0,0000000,99,98,99,98,99,98,0,0,0,1,1
39,390024,1,1,0,0,0,4,4,53,0,1,2,2014,7,9,10,0,4,3,SR-233,,69,38.78724167,-82.45888611,0,24,0,0,1,1,0,4,1,1,0,1,0,0000000,9,37,10,8,10,38,0,0,0,1,0
39,390025,2,2,0,0,0,5,5,89,0,9,2,2014,1,10,12,0,4,2,US-62,,81,40.17289167,-82.64413056,0,12,6,0,1,1,0,1,1,3,0,3,0,0000000,9,48,9,54,11,0,0,0,0,1,0
39,390026,1,1,0,0,0,1,1,49,0,16,2,2014,1,20,30,1,11,1,I-670,,103,40.014725,-82.90421111,0,1,0,1,5,1,0,4,3,10,0,10,0,0000000,20,35,20,44,21,10,0,0,0,1,1
39,390027,2,2,0,0,0,1,1,49,1800,21,2,2014,6,20,29,1,11,1,I-270,,269,40.10699722,-82.95612222,0,12,1,1,5,1,0,1,3,1,0,1,0,0000000,20,32,20,39,88,88,0,0,0,1,0
39,390028,1,1,0,0,0,1,1,7,0,23,2,2014,1,1,10,0,4,2,US-6,,189,41.60694722,-80.63836944,0,32,0,0,1,1,0,4,2,2,0,2,0,0000000,1,21,1,21,88,88,0,0,0,1,1
39,390029,2,2,0,0,0,2,2,113,0,26,2,2014,4,2,33,1,11,1,I-75,,41,39.64444444,-84.23295278,0,12,1,0,1,1,0,1,3,1,0,1,0,0000000,2,34,2,40,2,55,0,0,0,1,1
39,390030,1,1,0,0,0,1,1,95,6213,23,2,2014,1,10,2,0,6,6,MILLARD AVE,OTTER CREEK RD,0,41.67118889,-83.46678333,0,24,0,0,3,3,0,4,9,10,0,10,0,0000000,10,13,10,20,88,88,0,0,0,1,1
39,390031,1,1,0,0,0,1,1,29,0,28,2,2014,6,6,10,0,4,3,SR-517,,71,40.81683611,-80.65848611,0,24,0,0,1,1,0,4,4,1,0,1,0,0000000,6,15,6,38,7,55,0,0,0,1,0
39,390032,2,2,0,0,0,2,2,143,0,2,3,2014,1,20,53,1,12,2,US-6,,158,41.36820833,-83.13718889,0,12,1,0,1,1,2,1,2,1,0,1,0,0000000,20,53,21,1,21,25,19,0,0,1,0
39,390033,1,1,0,0,0,4,4,61,1610,9,3,2014,1,17,16,1,11,1,I-275,,728,39.06013611,-84.42284444,0,24,0,0,1,1,0,3,1,1,0,1,0,0000000,17,27,17,28,17,49,0,0,0,1,1
39,390034,1,1,0,0,0,2,2,103,0,15,2,2014,7,16,21,0,4,3,SR-301,US-224,25,41.02758056,-82.12616667,0,53,0,0,1,1,0,4,1,1,0,1,0,0000000,16,23,16,25,88,88,0,0,0,2,0
39,390035,1,1,0,0,0,1,1,17,3260,1,1,2014,4,4,50,0,15,6,N WASHINGTON BLVD,,0,39.41216111,-84.59361389,0,43,0,0,1,1,0,3,3,1,0,1,0,0000000,5,20,5,32,6,29,0,0,0,1,1
39,390036,2,2,0,0,0,2,2,1,0,1,1,2014,4,12,30,0,6,5,TR-29 BRUSH CREEK RD,,0,38.73788611,-83.48558611,0,12,2,0,1,1,0,1,1,1,0,1,0,0000000,88,88,88,88,88,88,99,99,99,1,0
39,390037,2,2,0,0,0,2,2,25,0,2,1,2014,5,15,2,1,2,2,US-52,,103,38.90143333,-84.24303056,0,12,2,0,1,1,0,1,1,4,0,4,0,0000000,14,59,15,12,15,54,0,0,0,2,0
39,390038,2,2,0,0,0,2,2,151,0,2,1,2014,5,12,15,0,4,3,SR-173,,42,40.90347778,-81.18146111,0,24,0,0,1,1,0,4,1,4,0,4,0,0000000,88,88,88,88,88,88,99,99,99,1,0
39,390039,2,2,0,0,0,2,2,97,0,2,1,2014,5,10,56,0,4,3,SR-207,,8,39.70748056,-83.27008611,0,12,6,0,1,1,0,1,1,4,0,4,0,0000000,10,59,11,2,11,39,0,0,0,1,0
39,390040,2,2,0,0,0,2,2,169,240,2,1,2014,5,17,5,1,2,2,US-250,,178,40.75915278,-81.85629167,0,12,6,0,1,1,0,1,5,4,0,4,0,0000000,17,6,17,19,17,53,0,0,0,1,0
39,390041,2,2,0,0,0,3,3,151,0,4,1,2014,7,8,20,0,4,3,SR-44,ORCHARDVIEW DR,59,40.7589,-81.25445,0,12,6,0,2,2,0,1,1,1,0,1,0,0000000,8,27,8,40,9,0,0,0,0,1,0
39,390043,1,1,0,0,0,1,1,139,0,7,1,2014,3,16,15,0,4,3,SR-97,,43,40.67381667,-82.56796944,0,42,0,0,1,1,0,4,1,1,0,1,0,0000000,16,16,16,25,16,40,0,0,0,1,0
39,390044,1,1,0,0,0,2,2,45,0,8,1,2014,4,17,15,0,6,4,CR-24 CLEARPORT RD,,0,39.63416944,-82.67694722,0,42,0,0,1,1,0,4,1,10,0,10,0,0000000,17,24,17,31,18,22,0,0,0,1,0
39,390045,1,1,0,0,0,3,3,65,0,8,1,2014,4,8,10,0,6,4,CR-20,,0,40.80559722,-83.87342778,0,30,0,0,1,1,0,4,1,1,0,1,0,0000000,8,17,8,40,9,22,0,0,0,1,0
39,390046,1,1,0,0,0,1,1,155,0,9,1,2014,5,14,20,0,6,5,TR-284 GARDNER BARCLAY RD,,0,41.447125,-80.66290833,0,34,0,0,1,1,0,4,1,10,0,10,0,0000000,14,20,14,25,88,88,0,0,0,1,1
39,390047,1,1,0,0,0,2,2,15,0,9,1,2014,5,1,46,0,6,4,CR-1 NEW HARMONY SHILOH RD,,0,38.986625,-83.96153333,0,42,0,0,1,1,0,4,2,2,0,2,0,0000000,1,48,1,58,88,88,0,0,0,1,1
39,390048,1,1,0,0,0,1,1,49,1800,10,1,2014,6,14,30,0,14,6,OLENTANGY RIVER RD,,0,40.00620556,-83.02344722,0,42,0,0,1,1,0,4,1,10,0,10,0,0000000,14,32,14,42,14,52,0,0,0,1,0
39,390049,1,1,0,0,0,1,1,29,0,10,1,2014,6,7,10,0,4,3,SR-172,,29,40.78734722,-81.03581389,0,52,0,0,1,1,0,4,4,10,0,10,0,0000000,7,13,7,24,88,88,0,0,0,1,0
39,390050,2,2,0,0,0,2,2,155,0,10,1,2014,6,1,0,1,12,3,SR-82,,150,41.262575,-80.77045,0,12,6,0,1,1,0,1,2,4,0,4,0,0000000,0,50,0,58,1,15,0,0,0,1,0
39,390052,1,1,0,0,0,1,1,39,0,27,2,2014,5,6,20,0,15,6,KROUSE RD.,,63,41.27335,-84.43806111,0,30,0,0,1,1,0,4,2,12,0,12,0,0000000,6,21,6,28,88,88,0,0,0,1,0
39,390053,1,1,0,0,0,2,2,119,0,11,1,2014,7,9,32,0,4,2,US-40,,75,39.95506944,-82.07684167,0,53,0,0,1,1,0,5,1,2,0,2,0,0000000,9,32,9,37,9,57,0,0,0,1,1
39,390054,1,1,0,0,0,1,1,29,0,11,1,2014,7,15,40,0,3,3,SR-39,,115,40.61113611,-80.69847778,0,34,0,0,1,1,0,4,1,10,0,10,0,0000000,15,48,15,57,16,14,0,0,0,1,1
39,390055,1,1,0,0,0,1,1,49,1800,12,1,2014,1,4,27,0,16,6,S 4TH STREET,,0,39.96171944,-82.99634444,0,42,0,0,1,1,0,4,3,1,0,1,0,0000000,88,88,88,88,88,88,0,0,0,1,1
39,390056,1,1,0,0,0,2,2,57,7810,13,1,2014,2,13,17,0,5,4,CR-44 LOWER BELLBROOK RD,,0,39.63196667,-84.02602222,0,32,0,0,1,1,0,4,1,10,0,10,0,0000000,13,42,13,51,14,5,0,0,0,1,0
39,390058,2,2,0,0,0,3,3,135,0,15,1,2014,4,4,37,0,3,2,US-35,,70,39.78590556,-84.70376111,0,12,2,0,1,1,0,1,2,4,0,4,0,0000000,4,38,4,49,5,40,0,0,0,1,0
39,390059,1,1,0,0,0,2,2,85,8960,16,1,2014,5,23,52,0,16,6,E 290TH ST,,0,41.59613056,-81.47325,0,42,0,0,1,1,0,4,3,10,0,10,0,0000000,23,53,23,58,0,19,0,0,0,2,1
39,390060,1,1,0,2,2,3,3,61,1610,16,1,2014,5,15,5,0,16,6,VINE ST,,0,39.15578056,-84.50568889,0,8,0,0,1,1,0,4,1,4,0,4,0,0000000,15,15,15,40,16,1,0,0,0,1,0
39,390061,2,2,0,0,0,4,4,159,6339,16,1,2014,5,16,5,1,2,2,US-33,,82,41.23886667,-83.39985278,0,12,6,0,1,1,0,1,1,4,0,4,0,0000000,16,5,16,18,16,38,0,0,0,1,0
39,390062,2,2,0,0,0,3,3,9,0,16,1,2014,5,10,21,0,4,4,CR-33A,,0,39.25508889,-82.056125,0,12,6,0,1,1,0,1,1,10,0,10,0,0000000,10,19,10,26,11,2,0,0,0,1,0
39,390063,1,1,0,0,0,1,1,49,0,18,1,2014,7,11,21,0,14,2,US-62,,244,40.11885,-82.76728056,0,35,0,0,1,1,0,4,1,10,0,10,0,0000000,11,24,11,30,88,88,0,0,0,1,0
39,390064,2,2,0,0,0,2,2,107,0,11,3,2014,3,6,59,0,3,3,SR-29,,180,40.55731389,-84.4661,0,12,1,0,1,1,0,1,2,1,0,1,0,0000000,7,2,7,10,88,88,0,0,0,1,0
39,390065,2,2,0,0,0,5,5,7,0,12,3,2014,4,11,53,0,3,2,US-322,,108,41.53580278,-80.79301944,0,12,2,0,1,1,0,1,1,4,0,4,0,0000000,11,55,12,8,13,45,0,0,0,1,0
39,390066,2,2,0,0,0,11,11,29,0,19,1,2014,1,10,58,0,4,3,SR-518,,38,40.70681389,-80.815775,0,12,6,0,1,1,0,1,1,10,0,10,0,0000000,11,6,11,18,12,10,0,0,0,3,0
39,390067,2,2,0,0,0,2,2,103,0,24,1,2014,6,8,22,0,15,4,CR-22 MARKS RD,,0,41.23085278,-81.8783,0,12,6,0,1,1,0,1,1,1,0,1,0,0000000,8,22,8,30,9,0,0,0,0,1,0
39,390068,2,2,0,0,0,2,2,35,1680,29,1,2014,4,8,15,1,11,1,I-71,,113,41.43886944,-81.800525,0,12,1,0,1,1,0,1,1,1,0,1,0,0000000,8,27,8,37,8,52,19,0,0,1,0
39,390069,2,2,0,0,0,2,2,157,0,31,1,2014,6,7,5,1,2,2,US-36,CR-15,29,40.28603889,-81.56628056,0,12,6,0,2,2,0,1,4,10,0,10,0,0000000,7,8,7,18,88,88,0,0,0,1,0
39,390071,1,1,0,0,0,1,1,9,360,2,2,2014,1,0,48,0,15,4,CR-19 RADFORD RD,,0,39.31518333,-82.15195,0,42,0,0,1,1,0,4,2,10,0,10,0,0000000,0,51,0,57,1,20,0,0,0,1,1
39,390072,2,1,1,1,1,1,1,35,8540,2,2,2014,1,15,22,1,11,1,I-480 W,,240,41.42475278,-81.53382778,0,14,0,0,1,1,0,4,1,1,0,1,0,0000000,15,25,15,31,88,88,23,0,0,1,1
39,390073,1,1,0,0,0,2,2,25,8990,3,2,2014,2,8,51,0,4,3,SR-133,,232,39.078925,-84.05958889,0,42,0,0,1,1,0,4,1,10,0,10,0,0000000,88,88,88,88,88,88,0,0,0,2,0
39,390074,1,1,0,0,0,1,1,61,0,12,2,2014,4,11,21,1,11,1,I-275,,141,39.24446944,-84.61494444,0,48,0,0,1,1,0,3,1,1,0,1,0,0000000,16,22,16,29,17,2,0,0,0,1,0
39,390075,1,1,0,0,0,1,1,95,8120,9,3,2014,1,17,50,0,14,6,RICHARDS RD.,AMSTERDAM RD.,88888,41.6434,-83.6406,0,42,0,0,1,1,0,4,1,1,0,1,0,0000000,17,54,18,1,18,21,0,0,0,1,1
39,390076,3,3,0,0,0,4,4,113,2500,13,2,2014,5,9,6,1,11,1,I-70,,88,39.85891389,-84.33339722,0,12,1,0,1,1,1,1,1,1,0,1,0,0000000,88,88,88,88,88,88,0,0,0,1,0
39,390077,2,2,0,0,0,2,2,165,2105,11,3,2014,3,22,54,0,16,4,CR-2,,48,39.35831667,-84.34725278,0,12,1,0,1,1,0,1,2,1,0,1,0,0000000,23,4,23,11,88,88,0,0,0,1,1
39,390078,2,2,0,0,0,3,3,59,0,3,3,2014,2,21,22,0,4,3,SR-821,SR-146,4,39.90454722,-81.55061111,0,12,6,0,2,2,0,1,2,1,0,1,0,0000000,21,23,21,29,21,59,0,0,0,1,0
39,390079,1,1,0,1,1,1,1,91,610,16,2,2014,1,0,17,1,13,2,US-68,,75,40.3481,-83.76197778,0,8,0,0,1,1,0,1,3,10,0,10,0,0000000,0,20,0,22,0,38,0,0,0,1,1
39,390080,2,2,0,0,0,3,3,173,0,18,2,2014,3,1,49,1,1,1,I-75,,23,41.20335833,-83.64955,0,12,7,0,1,1,0,1,2,4,0,4,0,0000000,1,49,2,20,2,36,19,0,0,1,0
39,390081,1,1,0,0,0,3,3,25,0,20,2,2014,5,22,46,0,4,2,US-50,,122,39.127,-84.113475,0,41,0,0,1,1,0,4,2,2,0,2,0,0000000,23,10,23,26,23,48,0,0,0,2,0
39,390082,1,1,0,0,0,1,1,85,4580,21,2,2014,6,16,37,1,13,3,SR-528,,53,41.78787222,-81.04793889,0,41,0,0,1,1,0,5,1,1,0,1,0,0000000,16,34,16,39,16,56,0,0,0,1,0
39,390083,1,1,0,0,0,1,1,169,0,21,2,2014,6,1,18,0,4,3,SR-241 MASSILLON RD,,35,40.69840278,-81.69226667,0,30,0,0,1,1,0,4,2,1,0,1,0,0000000,1,18,1,22,88,88,0,0,0,1,0
39,390084,1,1,0,0,0,2,2,27,0,23,2,2014,1,1,7,0,4,3,SR-350,,112,39.35583333,-83.80750278,0,42,0,0,1,1,0,4,2,1,0,1,0,0000000,88,88,88,88,88,88,0,0,0,2,1
39,390085,2,2,0,0,0,3,3,45,0,23,2,2014,1,14,37,0,3,2,US-22,,89,39.68450278,-82.68926667,0,12,2,0,1,1,0,1,1,10,0,10,0,0000000,14,38,14,43,15,7,0,0,0,2,0
39,390086,1,1,0,0,0,1,1,5,0,25,2,2014,3,7,42,0,3,3,SR-60,,127,40.79379444,-82.268,0,31,0,0,1,1,0,4,1,4,0,4,0,0000000,7,46,7,55,8,7,0,0,0,1,0
39,390087,1,1,0,0,0,1,1,173,3070,26,2,2014,4,16,53,1,2,2,US-6,,7,41.37171111,-83.86686667,0,34,0,0,1,1,0,4,1,11,0,11,0,0000000,88,88,88,88,88,88,0,0,0,1,0
39,390088,1,1,0,0,0,2,2,157,0,28,2,2014,6,7,40,0,3,3,SR-39,,245,40.48419167,-81.28188611,0,34,0,0,1,1,0,4,1,1,0,1,0,0000000,7,45,8,0,8,13,0,0,0,1,0
39,390089,1,1,0,0,0,1,1,57,0,2,3,2014,1,3,37,1,13,3,SR-444,DAYTON YELLOW SPRINGS RD,35,39.79954722,-84.04000833,2,38,0,0,3,10,0,4,2,10,0,10,0,0000000,88,88,88,88,88,88,0,0,0,1,1
39,390090,1,1,0,0,0,1,1,5,0,4,3,2014,3,3,15,0,4,3,SR-89,,177,40.97984167,-82.21518889,0,34,0,0,1,1,0,4,2,1,0,1,0,0000000,3,15,3,27,88,88,20,0,0,1,1
39,390091,2,2,0,0,0,2,2,161,0,5,3,2014,4,14,55,0,4,3,SR-637,,28,40.97753611,-84.48309167,0,12,6,0,1,1,0,2,1,10,0,10,0,0000000,14,57,15,11,15,51,0,0,0,1,0
39,390092,1,1,0,0,0,1,1,49,1800,7,3,2014,6,23,6,1,11,1,I-70,,69,39.93426111,-82.84833056,0,21,0,1,5,1,0,4,3,1,0,1,0,0000000,88,88,88,88,88,88,0,0,0,1,1
39,390093,1,1,0,0,0,2,2,169,0,9,3,2014,1,1,5,0,6,5,TR-104,,0,40.66944444,-82.08694444,0,10,0,0,6,1,0,1,2,4,0,4,0,503081T,1,14,1,23,4,20,0,0,0,1,1
39,390094,1,1,0,1,1,2,2,49,1800,10,3,2014,2,21,39,0,15,6,REFUGEE RD,,0,39.92203056,-82.86016944,0,8,0,0,1,1,0,1,2,1,0,1,0,0000000,21,40,21,46,22,9,0,0,0,1,0
39,390096,1,1,0,0,0,1,1,61,1610,24,3,2014,2,2,38,1,13,6,2031 HARRISON AVE,,197,39.13318333,-84.56559722,0,30,0,0,1,1,0,4,3,1,0,1,0,0000000,88,88,88,88,88,88,0,0,0,1,1
39,390097,1,1,0,0,0,1,1,7,3381,16,3,2014,1,6,54,0,6,4,CR-9 WINDSOR MECHANICSVILLE RD,,0,41.59780833,-80.92341389,0,53,0,0,1,1,0,4,2,1,0,1,0,0000000,88,88,88,88,88,88,0,0,0,1,1
39,390098,1,1,0,0,0,1,1,143,0,19,3,2014,4,12,25,0,3,2,US-6,,223,41.39353056,-83.02579722,0,35,0,0,1,1,0,4,1,10,0,10,0,0000000,88,88,88,88,88,88,0,0,0,1,0
39,390099,1,1,0,0,0,2,2,131,0,21,3,2014,6,19,20,0,6,4,CR-54,,29,39.05893056,-82.91949167,0,34,0,0,1,1,0,4,1,1,0,1,0,0000000,19,35,19,51,20,41,0,0,0,1,1
39,390100,1,1,0,0,0,2,2,29,0,14,3,2014,6,23,15,0,4,2,US-62,,96,40.90095833,-80.89743611,0,34,0,0,1,1,0,4,2,10,0,10,0,0000000,23,27,23,50,0,18,0,0,0,1,1
39,390101,1,1,0,0,0,1,1,141,0,17,3,2014,2,8,57,0,5,4,CR-54,,50,39.29788056,-83.15983056,0,42,0,0,1,1,0,4,1,10,0,10,0,0000000,88,88,88,88,88,88,0,0,0,1,0
39,390102,1,1,0,1,1,2,2,153,70,31,1,2014,6,18,55,1,13,3,SR-91 DARROW RD,TYRO AVE,33,41.07715833,-81.44187222,0,8,0,0,2,3,0,1,3,4,0,4,0,0000000,18,59,19,5,19,26,0,0,0,1,0
39,390103,2,2,0,0,0,2,2,163,0,17,3,2014,2,6,18,0,3,3,SR-93,,145,39.33673056,-82.45684444,0,12,2,0,1,1,0,1,2,10,0,10,0,0000000,10,18,10,23,88,88,0,0,0,2,0
39,390104,2,1,1,0,0,1,1,3,0,20,3,2014,5,21,26,0,5,6,PIQUA RD.,,88888,40.786675,-84.32081667,0,14,0,0,1,1,0,2,2,1,0,1,0,0000000,21,25,21,57,22,0,0,0,0,1,1
39,390105,1,1,0,1,1,1,1,151,4820,21,3,2014,6,15,49,1,13,3,SR-172,LILLIAN GISH BLVD,65,40.79536389,-81.52662222,0,8,0,0,2,2,0,1,1,1,0,1,0,0000000,15,52,15,55,16,2,0,0,0,1,0
39,390106,3,3,0,0,0,3,3,173,0,18,2,2014,3,15,14,1,1,1,I-80,,86,41.52298056,-83.45525,0,12,1,0,1,1,0,1,1,1,0,1,0,0000000,15,14,15,24,88,88,0,0,0,1,0
39,390107,2,2,0,0,0,3,3,71,0,20,1,2014,2,9,55,0,3,2,US-62,,184,39.252225,-83.60213333,0,12,8,0,1,1,0,1,1,10,0,10,0,0000000,9,55,10,0,10,41,0,0,0,1,0
39,390108,2,2,0,0,0,2,2,45,0,24,3,2014,2,14,45,0,4,3,SR-158,TR-110,153,39.92340278,-82.60150833,0,12,6,0,2,2,0,1,1,1,0,1,0,0000000,14,48,14,55,15,30,0,0,0,1,0
39,390109,1,1,0,0,0,1,1,129,0,29,3,2014,7,23,57,0,5,4,CR-7,,0,39.66078889,-82.92382778,0,43,0,0,1,1,0,4,2,4,0,4,0,0000000,0,2,0,9,88,88,0,0,0,1,1
39,390110,2,2,0,0,0,5,5,61,0,22,2,2014,7,19,19,1,13,6,6580 HARRISON AVE.,RYBOLT RD.,0,39.19446111,-84.66083889,0,12,6,0,2,2,0,1,3,10,0,10,0,0000000,7,20,7,21,7,55,0,0,0,1,0
39,390111,1,1,0,0,0,1,1,105,0,1,1,2014,4,2,52,0,4,3,SR-681,,187,39.1658,-81.89163056,0,32,0,0,1,1,0,4,2,1,0,1,0,0000000,2,58,3,24,4,26,0,0,0,1,0
39,390112,1,1,0,1,1,1,1,49,4690,28,3,2014,6,21,38,1,13,2,US-33,W 5TH AVE,0,39.98967222,-83.06698333,0,8,0,0,3,2,0,1,3,1,0,1,0,0000000,21,40,21,44,22,14,0,0,0,1,0
39,390113,2,2,0,0,0,2,2,17,0,4,1,2014,7,17,10,1,13,3,SR-4,SR-747,139,39.42783611,-84.45016944,0,12,1,0,3,2,0,1,1,1,0,1,0,0000000,17,10,17,13,17,36,0,0,0,1,0
39,390114,1,1,0,0,0,1,1,169,1285,31,1,2014,6,8,15,0,3,3,SR-3,,249,40.95897778,-81.89897222,0,59,0,0,1,1,0,4,1,10,0,10,0,0000000,8,17,8,20,9,11,0,0,0,1,0
39,390115,2,2,0,0,0,3,3,71,0,9,2,2014,1,9,22,0,3,3,SR-73,,75,39.23829444,-83.64148056,0,12,6,0,1,1,0,1,1,4,0,4,0,0000000,9,22,9,27,9,58,0,0,0,1,0
39,390116,1,1,0,0,0,2,2,153,70,21,2,2014,6,10,0,0,16,6,AQUEDUCT ST,HURLBURT AVE,0,41.09459167,-81.53211111,0,42,0,0,3,3,0,4,1,10,0,10,0,0000000,10,1,10,6,10,44,0,0,0,1,1