STATE,ST_CASE,VE_TOTAL,VE_FORMS,PVH_INVL,PEDS,PERNOTMVIT,PERMVIT,PERSONS,COUNTY,CITY,DAY,MONTH,YEAR,DAY_WEEK,HOUR,MINUTE,NHS,ROAD_FNC,ROUTE,TWAY_ID,TWAY_ID2,MILEPT,LATITUDE,LONGITUD,SP_JUR,HARM_EV,MAN_COLL,RELJCT1,RELJCT2,TYP_INT,WRK_ZONE,REL_ROAD,LGT_COND,WEATHER1,WEATHER2,WEATHER,SCH_BUS,RAIL,NOT_HOUR,NOT_MIN,ARR_HOUR,ARR_MIN,HOSP_HR,HOSP_MN,CF1,CF2,CF3,FATALS,DRUNK_DR
39,390117,3,3,0,0,0,3,3,103,0,24,2,2014,2,15,57,0,14,3,SR-57 WADSWORTH RD,,107,41.11531389,-81.84476944,0,12,7,0,1,1,0,1,1,1,0,1,0,0000000,16,2,16,4,16,19,0,0,0,1,1
39,390118,1,1,0,0,0,2,2,153,70,3,3,2014,2,0,41,0,14,6,EASTLAND AVE,WELLINGTON AVE,0,41.07470556,-81.480925,0,30,0,0,3,3,0,4,3,10,0,10,0,0000000,0,45,0,52,1,15,0,0,0,1,1
39,390119,1,1,0,0,0,4,4,151,6565,7,3,2014,6,23,15,0,14,6,MIDDLEBRANCH AVE NE,,0,40.84679444,-81.33917778,0,34,0,0,1,1,0,4,2,1,0,1,0,0000000,23,17,23,21,0,3,0,0,0,1,1
39,390120,1,1,0,1,1,1,1,109,0,21,3,2014,6,11,8,0,15,6,TROY SIDNEY RD,,0,40.12131389,-84.19884722,0,9,0,0,1,1,0,1,1,10,0,10,0,0000000,1,13,1,18,88,88,0,0,0,1,0
39,390121,2,2,0,0,0,2,2,91,0,25,3,2014,3,16,6,0,16,4,CR-10,TR-179,0,40.34942778,-83.72731944,0,12,6,0,2,2,0,1,1,10,0,10,0,0000000,16,6,16,15,88,88,0,0,0,1,0
39,390122,1,1,0,0,0,1,1,99,383,25,3,2014,3,0,1,1,11,1,I-80,,38,41.125225,-80.77093611,0,24,0,1,5,1,0,4,3,1,0,1,0,0000000,88,88,88,88,88,88,0,0,0,1,1
39,390123,1,1,0,0,0,3,3,23,7800,26,3,2014,4,5,55,0,16,5,TR-230 RIDGE RD,,0,39.88765,-83.72588611,0,42,0,0,1,1,0,4,2,1,0,1,0,0000000,88,88,88,88,88,88,0,0,0,3,1
39,390124,1,1,0,0,0,1,1,61,1610,3,4,2014,5,2,31,0,13,6,COLUMBIA PARKWAY,,0,39.11126389,-84.490575,0,42,0,0,1,1,0,8,3,2,0,2,0,0000000,88,88,88,88,88,88,0,0,0,1,1
39,390125,4,4,0,0,0,6,6,143,0,12,3,2014,4,13,20,1,1,1,I-80,,230,41.36194444,-82.93138889,0,12,1,0,1,1,0,1,7,4,0,4,0,0000000,88,88,88,88,88,88,0,0,0,1,0
39,390126,2,2,0,0,0,4,4,143,0,12,3,2014,4,14,0,1,1,1,I-80,,225,41.36222222,-82.93527778,0,12,7,0,1,1,0,1,7,4,0,4,0,0000000,88,88,88,88,88,88,19,0,0,1,0
39,390127,8,8,0,1,1,13,13,143,0,12,3,2014,4,14,5,1,1,1,I-80,,227,41.36194444,-82.93138889,0,12,7,0,1,1,0,1,7,4,0,4,0,0000000,14,10,14,41,16,20,19,0,0,1,0
39,390128,3,3,0,0,0,5,5,51,0,16,1,2014,5,14,13,1,1,1,I-80,,23,41.58756944,-84.33981944,0,24,0,0,1,1,0,4,1,4,0,4,0,0000000,14,13,14,35,15,28,0,0,0,1,0
39,390129,2,2,0,0,0,2,2,129,0,16,1,2014,5,17,55,1,2,2,US-23,TR-271,55,39.55706944,-82.95881389,0,12,6,0,2,2,0,1,2,10,0,10,0,0000000,17,58,18,6,18,44,0,0,0,1,0
39,390130,1,1,0,0,0,1,1,171,0,22,1,2014,4,10,9,0,4,3,SR-49,,1,41.43171944,-84.75940833,0,43,0,0,1,1,0,4,1,10,0,10,0,0000000,10,9,10,14,88,88,0,0,0,1,0
39,390131,2,2,0,0,0,3,3,29,3310,22,1,2014,4,18,57,1,2,2,US-30,,70,40.73426111,-80.96206389,0,12,8,0,1,1,0,1,2,10,0,10,0,0000000,19,2,19,17,20,16,0,0,0,1,1
39,390132,1,1,0,0,0,1,1,137,6260,23,1,2014,5,16,22,0,15,3,SR-65,,97,41.03426944,-84.03743333,0,59,0,0,1,1,0,4,1,1,0,1,0,0000000,88,88,88,88,88,88,0,0,0,1,0
39,390133,2,1,1,0,1,1,2,13,0,23,1,2014,5,8,20,1,1,1,I-70,,84,40.05688056,-81.07517222,0,14,0,0,1,1,0,4,1,4,0,4,0,0000000,88,88,88,88,88,88,19,0,0,1,0
39,390134,2,2,0,0,0,2,2,55,0,2,4,2014,4,12,50,0,4,3,SR-700,,56,41.42866944,-81.14489722,0,1,0,0,1,1,0,1,1,1,0,1,0,0000000,13,39,13,57,88,88,14,0,0,1,1
39,390135,1,1,0,0,0,2,2,127,0,4,2,2014,3,20,50,0,4,4,CR-6,,0,39.72635,-82.15376667,0,52,0,0,1,1,0,4,2,4,0,4,0,0000000,20,56,21,8,88,88,0,0,0,1,0
39,390136,2,2,0,0,0,4,4,105,1539,14,2,2014,6,9,8,1,2,3,SR-7,,177,39.11472222,-81.89694444,0,12,8,0,1,1,0,1,1,10,0,10,0,0000000,9,10,9,22,9,46,0,0,0,1,1
39,390137,1,1,0,0,0,2,2,67,0,24,3,2014,2,18,33,0,6,4,CR-13,,0,40.32453056,-81.16979722,0,35,0,0,1,1,0,4,1,10,0,10,0,0000000,18,33,18,43,19,18,0,0,0,1,0
39,390138,2,2,0,0,0,5,5,93,3060,6,4,2014,1,17,45,0,3,3,SR-57,,68,41.26053889,-82.03761667,0,12,2,0,1,1,0,1,1,1,0,1,0,0000000,17,46,18,4,18,39,0,0,0,2,1
39,390139,2,2,0,0,0,3,3,49,1800,11,4,2014,6,20,8,1,11,1,I-70,,73,39.97563889,-83.11284722,0,12,11,1,20,1,0,1,5,1,0,1,0,0000000,88,88,88,88,88,88,0,0,0,1,1
39,390140,1,1,0,0,0,1,1,81,0,23,2,2014,1,20,55,0,15,4,CR-22A,,24,40.33239722,-80.842725,0,38,0,0,1,1,0,4,2,1,0,1,0,0000000,21,2,21,16,22,13,0,0,0,1,1
39,390141,2,2,0,0,0,5,5,131,0,10,4,2014,5,20,17,1,2,3,SR-32,CR-75 COAL DOCK RD,222,39.03382778,-82.91123056,0,12,6,0,2,2,0,1,5,1,0,1,0,0000000,20,22,20,37,21,25,0,0,0,1,0
39,390142,1,1,0,5,5,1,1,55,0,30,3,2014,1,20,55,0,4,3,SR-168,,71,41.45998056,-81.13885833,0,49,0,0,1,1,0,1,2,1,0,1,0,0000000,20,57,20,59,21,22,0,0,0,1,1
39,390143,2,2,0,0,0,2,2,101,0,4,4,2014,6,12,35,0,3,3,SR-309,,257,40.6312,-82.97855833,0,12,2,0,1,1,0,1,1,10,0,10,0,0000000,14,2,14,30,88,88,0,0,0,1,0
39,390144,7,1,6,0,0,4,4,61,0,13,4,2014,1,2,47,0,16,6,ROYAL GLEN DR,,0,39.21655556,-84.57563056,0,14,0,0,1,1,0,4,3,1,0,1,0,0000000,3,44,3,48,4,16,0,0,0,1,1
39,390145,1,1,0,0,0,1,1,25,0,12,4,2014,7,19,10,0,16,6,CR-393 IVY POINTE BLVD,,0,39.08700833,-84.28736389,0,33,0,0,1,1,0,4,1,1,0,1,0,0000000,19,10,19,14,88,88,0,0,0,1,0
39,390146,2,2,0,0,0,3,3,9,360,12,4,2014,7,15,11,0,16,5,TR-400,,0,39.29332778,-82.03283056,0,12,2,0,1,1,0,1,1,1,0,1,0,0000000,19,5,19,18,19,40,0,0,0,1,1
39,390147,2,2,0,0,0,2,2,169,0,14,4,2014,2,16,54,0,6,4,CR-95 COAL BANK RD,,0,40.88571944,-81.7059,0,12,6,0,8,1,0,1,1,10,0,10,0,0000000,88,88,88,88,88,88,0,0,0,1,0
39,390148,2,2,0,0,0,5,5,61,1610,12,4,2014,7,12,35,1,11,1,I-74,,191,39.154275,-84.5429,0,12,1,0,1,1,0,1,1,1,0,1,0,0000000,12,30,13,2,88,88,0,0,0,1,0
39,390149,1,1,0,1,1,1,1,149,0,18,3,2014,3,19,40,0,6,5,LOCK 2 RD.,,0,40.45378611,-84.26414167,0,9,0,0,1,1,0,1,5,1,0,1,0,0000000,88,88,88,88,88,88,0,0,0,1,0
39,390150,1,1,0,1,1,1,1,51,0,9,4,2014,4,20,35,0,4,3,SR-64 N MAIN ST.,,14,41.5975,-83.89769444,0,8,0,0,1,1,0,1,3,1,0,1,0,0000000,20,46,21,5,21,33,0,0,0,1,0
39,390151,1,1,0,0,0,1,1,35,7610,30,1,2014,5,21,4,1,11,2,US-422,,149,41.4234,-81.4821,0,24,0,0,1,1,0,4,2,10,0,10,0,0000000,21,6,21,10,21,37,0,0,0,1,0
39,390152,1,1,0,0,0,1,1,25,0,12,4,2014,7,4,15,0,4,3,SR-749,,2,39.01103333,-84.299275,0,32,0,0,1,1,0,4,2,1,0,1,0,0000000,4,31,4,37,5,45,0,0,0,1,0
39,390153,2,2,0,0,0,2,2,49,1800,8,4,2014,3,13,10,0,14,2,US-23 INDIANOLA AVE,ACTON ROAD,0,40.04026944,-83.00041111,0,12,99,0,2,3,0,1,1,1,0,1,0,0000000,13,13,13,17,13,35,0,0,0,1,0
39,390154,1,1,0,0,0,1,1,1,0,10,4,2014,5,2,35,0,4,3,SR-136,,117,38.84204167,-83.61784444,0,24,0,0,1,1,0,4,2,1,0,1,0,0000000,2,36,2,45,99,98,24,0,0,1,1
39,390155,1,1,0,0,0,2,2,49,1800,12,4,2014,7,2,46,1,11,1,I-670,,48,39.97187222,-82.99116944,0,20,0,0,1,1,0,3,3,1,0,1,0,0000000,2,48,2,55,88,88,0,0,0,1,1
39,390156,1,1,0,0,0,1,1,55,0,13,4,2014,1,0,13,0,4,3,SR-0086,,9,41.64778611,-81.08606667,0,34,0,0,1,1,0,4,2,1,0,1,0,0000000,0,16,0,21,88,88,24,0,0,1,1
39,390157,2,2,0,0,0,2,2,83,0,14,4,2014,2,12,2,1,13,3,SR-3,TR-1033,0,40.41194444,-82.47027778,0,12,6,0,2,2,0,1,1,2,0,2,0,0000000,12,2,12,8,12,30,0,0,0,1,0
39,390158,2,2,0,0,0,3,3,131,0,16,4,2014,4,7,57,1,2,3,SR-32,RED HOLLOW RD.,0,39.01963056,-82.87891111,0,12,6,0,2,2,0,1,1,1,0,1,0,0000000,8,3,8,15,9,13,0,0,0,1,0
39,390159,1,1,0,1,1,1,1,95,8120,9,2,2014,1,10,40,1,13,6,W. LASKEY RD.,,0,41.7065,-83.6081,0,8,0,0,1,1,0,1,1,10,4,4,0,0000000,10,42,10,44,11,7,0,0,0,1,0
39,390160,2,2,0,0,0,2,2,95,0,15,4,2014,3,7,23,1,13,3,SR-2,,47,41.59930833,-83.79641389,0,12,2,0,1,1,0,1,4,10,0,10,0,0000000,7,21,7,26,7,51,0,0,0,1,0
39,390161,1,1,0,0,0,1,1,43,0,19,4,2014,7,23,26,0,6,4,CR-35 WAHL RD.,,0,41.43759722,-82.85459722,0,30,0,0,1,1,0,4,2,1,0,1,0,0000000,23,23,23,30,23,56,24,0,0,1,1
39,390162,2,2,0,0,0,4,4,77,6070,15,4,2014,3,6,48,0,15,4,CR-49,,0,41.27983889,-82.62936111,0,12,6,0,1,1,0,1,4,4,0,4,0,0000000,7,5,7,8,7,45,0,0,0,1,0
39,390163,2,2,0,0,0,2,2,61,1610,24,4,2014,5,15,45,0,14,6,READING RD.,,0,39.14801389,-84.48867778,0,12,6,0,4,1,0,1,1,1,0,1,0,0000000,15,48,15,53,15,59,0,0,0,1,0
39,390164,2,2,0,0,0,2,2,101,0,16,4,2014,4,13,29,0,3,3,SR-309,,0,40.64355833,-83.41885278,0,12,8,0,1,1,0,1,1,1,0,1,0,0000000,13,33,13,38,88,88,0,0,0,1,0
39,390165,1,1,0,1,1,2,2,93,0,16,4,2014,4,7,30,0,6,5,TR-73 HUGHES RD,,0,41.25080556,-82.22292778,0,8,0,0,1,1,0,1,1,1,0,1,0,0000000,7,31,7,35,7,58,0,0,0,1,0
39,390166,2,2,0,0,0,2,2,153,3139,18,2,2014,3,15,51,0,14,3,SR-619,,73,40.97665,-81.51580833,0,12,2,0,1,1,0,1,1,1,0,1,0,0000000,15,54,15,58,16,21,0,0,0,1,0
39,390167,2,2,0,0,0,2,2,49,790,3,3,2014,2,16,29,1,13,3,SR-16 E BROAD ST,,36,39.969525,-82.93578056,0,12,2,0,1,1,0,1,1,1,0,1,0,0000000,16,36,16,42,17,12,0,0,0,1,0
39,390168,1,1,0,0,0,2,2,99,0,24,3,2014,2,16,23,0,6,4,CR-8 GARFIELD RD,,0,40.91593889,-80.94999722,0,34,0,0,1,1,0,4,1,1,0,1,0,0000000,16,21,16,27,17,15,0,0,0,1,0
39,390169,1,1,0,1,1,1,1,113,2090,9,4,2014,4,14,25,0,14,6,S EDWIN C MOSES BLVD,,0,39.74754167,-84.19752778,0,8,0,0,8,1,0,1,1,1,0,1,0,0000000,14,29,14,33,14,52,0,0,0,1,0
39,390170,1,1,0,1,1,1,1,89,2519,19,4,2014,7,2,0,1,1,1,I-70,,63,39.957125,-82.65842778,0,8,0,0,1,1,0,1,2,10,0,10,0,0000000,88,88,88,88,88,88,0,0,0,1,0
39,390171,1,1,0,0,0,1,1,17,0,1,3,2014,7,1,4,0,6,6,HAMILTON-EATON RD.,,420,39.5231,-84.6156,0,24,0,0,1,1,0,4,2,1,0,1,0,525190H,1,6,1,21,88,88,24,0,0,1,1
39,390172,2,2,0,0,0,6,6,55,5272,19,4,2014,7,10,25,0,4,3,SR-86,SR-528,53,41.60029444,-81.05232778,0,12,6,0,2,2,0,1,1,1,0,1,0,0000000,10,30,10,33,10,59,0,0,0,1,0
39,390173,1,1,0,0,0,1,1,25,0,26,4,2014,7,20,11,0,16,5,TR-2124 MUIRWOOD LANE,,0,39.10736944,-84.24836667,0,42,0,0,1,1,0,4,1,1,0,1,0,0000000,20,11,20,15,20,34,0,0,0,1,1
39,390174,1,1,0,0,0,2,2,35,2520,1,2,2014,7,0,47,1,11,1,I-90,,294,41.60409722,-81.49695556,0,34,0,0,1,1,0,4,3,1,0,1,0,0000000,1,1,1,9,1,39,0,0,0,1,1
39,390175,2,2,0,0,0,3,3,145,6700,27,4,2014,1,17,52,1,13,2,US-23,28TH STREET,0,38.7571,-82.99105,0,12,6,0,2,2,0,1,1,1,0,1,0,0000000,17,54,17,59,18,38,0,0,0,1,1
39,390176,2,2,0,0,0,3,3,143,0,26,4,2014,7,7,20,0,4,3,SR-19,CR-181,0,41.27113056,-83.05224722,0,12,6,0,2,2,0,1,4,10,0,10,0,0000000,7,30,7,35,8,35,0,0,0,1,0
39,390177,1,1,0,0,0,3,3,95,0,21,4,2014,2,21,50,0,6,6,HOWARD RD.,,0,41.65388611,-83.27357222,0,1,0,0,1,1,0,4,2,1,0,1,0,0000000,21,49,22,1,23,15,0,0,0,1,0
39,390178,1,1,0,0,0,1,1,83,0,25,4,2014,6,13,58,0,4,3,SR-229,,146,40.36026667,-82.378675,0,52,0,0,1,1,0,4,1,2,0,2,0,0000000,14,8,14,19,14,57,0,0,0,1,1
39,390179,1,1,0,0,0,1,1,155,0,28,4,2014,2,7,48,0,14,3,SR-193,,31,41.17942778,-80.66461389,0,35,0,0,1,1,0,4,4,10,0,10,0,0000000,7,48,7,55,8,22,0,0,0,1,0
39,390180,2,2,0,0,0,3,3,49,0,4,5,2014,1,21,47,0,14,6,BROWN RD,MARSDALE AVE,0,39.91790556,-83.03643333,0,12,8,0,2,3,0,1,2,10,0,10,0,0000000,21,47,21,51,22,18,0,0,0,1,1
39,390181,1,1,0,0,0,1,1,17,3260,30,1,2014,5,21,7,0,14,3,SR-177 MAIN ST.,HALDIMAND AVE,0,39.414,-84.5822,0,30,0,0,3,7,0,3,3,1,0,1,0,0000000,21,8,21,10,21,30,0,0,0,1,0
39,390182,2,2,0,0,0,3,3,17,2535,14,3,2014,6,15,18,0,15,6,NORTH GILMORE RD.,SYMMES RD.,0,39.34681389,-84.52008333,0,12,6,0,2,2,0,1,1,1,0,1,0,0000000,15,23,15,26,88,88,0,0,0,1,0
39,390183,2,2,0,0,0,2,2,103,0,22,4,2014,3,15,47,1,11,3,SR-57 WADSWORTH RD.,CR-97 GREENWICH RD.,0,41.02365833,-81.75800833,0,12,6,1,20,1,0,1,1,1,0,1,0,0000000,15,47,15,52,16,6,0,0,0,1,0
39,390184,2,2,0,1,1,2,2,49,1800,2,5,2014,6,22,19,1,13,6,MORSE RD.,,0,40.05566389,-82.87209444,0,8,0,0,1,1,0,1,3,1,0,1,0,0000000,22,21,22,30,88,88,0,0,0,1,0
39,390185,2,2,0,0,0,2,2,35,1050,27,1,2014,2,13,5,0,14,3,SR-17 BROOKPARK RD,,48,41.41866667,-81.8241,0,21,0,0,1,1,0,4,1,10,0,10,0,0000000,13,2,13,15,13,34,0,0,0,1,0
39,390186,2,2,0,0,0,2,2,55,0,21,4,2014,2,11,57,0,15,4,CR-8 WILSON MILLS RD,,0,41.54780833,-81.30549722,0,12,8,0,1,1,0,1,1,1,0,1,0,0000000,11,57,12,1,12,30,0,0,0,1,0
39,390187,2,2,0,0,0,3,3,95,8590,28,4,2014,2,14,33,0,6,4,CR-151 HELLER RD,NEAPOLIS WATERVILLE RD,0,41.49561667,-83.80739722,0,12,6,0,2,2,0,1,1,10,0,10,0,0000000,14,29,14,35,15,14,0,0,0,2,0
39,390188,2,2,0,0,0,2,2,9,0,30,4,2014,4,8,30,1,2,2,US-33,CR-89 RAINBOW LAKE RD,262,39.19860278,-82.05497222,0,12,6,0,2,2,0,1,1,2,0,2,0,0000000,88,88,88,88,88,88,0,0,0,1,0
39,390189,1,1,0,0,0,2,2,49,1800,4,5,2014,1,2,29,1,11,1,I-270,,461,39.90155556,-82.89725556,0,24,0,1,5,1,0,4,3,1,0,1,0,0000000,2,30,2,38,2,56,0,0,0,1,1
39,390190,1,1,0,0,0,1,1,29,0,2,5,2014,6,23,30,0,14,3,SR-267,,21,40.65053611,-80.60153333,0,30,0,0,1,1,0,4,2,10,0,10,0,0000000,23,33,23,37,23,55,0,0,0,1,1
39,390191,1,1,0,0,0,2,2,89,0,2,5,2014,6,14,56,0,6,5,TR-75 PRESTON RD,,0,40.17754444,-82.44961944,0,35,0,0,1,1,0,4,1,10,0,10,0,0000000,14,56,15,1,15,55,0,0,0,1,0
39,390192,1,1,0,0,0,1,1,173,6056,2,5,2014,6,23,8,0,15,3,SR-579,,16,41.60182778,-83.43156389,0,30,0,0,1,1,0,4,3,10,0,10,0,0000000,88,88,88,88,88,88,0,0,0,1,0
39,390193,2,2,0,0,0,2,2,89,0,2,5,2014,6,10,34,0,5,4,CR-21 NORTHRIDGE RD.,,0,40.122325,-82.61511111,0,12,2,0,1,1,0,1,1,10,0,10,0,0000000,10,35,10,39,11,25,0,0,0,1,1
39,390194,2,2,0,0,0,2,2,49,1800,11,5,2014,1,1,45,1,12,3,SR-315,KINNEAR RD,0,39.99764444,-83.02799444,0,12,1,1,2,3,0,1,3,5,0,5,0,0000000,1,47,1,54,88,88,0,0,0,1,1
39,390195,2,2,0,0,0,6,6,93,8660,2,5,2014,6,20,3,1,2,3,SR-18,CR-30 QUARRY RD,39,41.1694,-82.26883333,0,12,6,0,2,2,0,1,5,10,0,10,0,0000000,20,10,20,14,20,26,0,0,0,1,0
39,390196,1,1,0,0,0,1,1,17,0,1,5,2014,5,15,59,0,6,6,WAYNE TRACE RD.,,0,39.50186389,-84.56705833,0,1,0,0,1,1,0,4,1,1,0,1,0,0000000,16,0,16,14,88,88,24,0,0,1,0
39,390197,3,3,0,0,0,3,3,165,4810,1,5,2014,5,16,13,0,14,3,SR-741,APPALOOSA TRL,16,39.36420278,-84.2825,0,12,2,0,2,3,0,1,1,1,0,1,0,0000000,16,28,16,35,17,4,0,0,0,1,0
39,390198,3,3,0,0,0,3,3,135,0,6,5,2014,3,8,6,0,4,3,SR-122,,131,39.70484167,-84.59356389,0,12,11,0,1,1,0,1,1,10,0,10,0,0000000,8,10,8,15,9,18,0,0,0,1,0
39,390199,2,2,0,0,0,2,2,145,0,28,4,2014,2,22,11,0,4,3,SR-728,,12,38.879625,-82.97605,0,12,2,0,1,1,0,1,6,2,0,2,0,0000000,22,11,22,16,23,15,0,0,0,1,0
39,390200,1,1,0,0,0,3,3,35,7670,1,3,2014,7,12,58,9,99,6,TELHURST RD.,,0,41.52467778,-81.51269167,0,48,0,0,1,1,0,4,1,1,0,1,0,0000000,12,58,13,1,13,25,13,0,0,1,0
39,390201,2,2,0,0,0,2,2,133,0,12,5,2014,2,19,17,1,11,1,I-76,,21,41.10649444,-81.36823889,0,24,0,0,1,1,0,3,1,1,0,1,0,0000000,88,88,88,88,88,88,0,0,0,1,1
39,390203,2,2,0,0,0,3,3,95,8120,27,4,2014,1,5,36,1,11,1,I-75,,76,41.69005278,-83.52451111,0,12,7,0,1,1,0,1,3,1,0,1,0,0000000,5,57,6,3,6,29,0,0,0,1,0
39,390204,3,3,0,0,0,4,4,95,8120,26,4,2014,7,10,38,0,6,6,CENTRAL AVE,,0,41.67731389,-83.62546667,0,12,6,0,8,1,0,1,1,1,0,1,0,0000000,10,35,10,41,11,6,0,0,0,1,0
39,390205,2,2,0,0,0,2,2,23,3325,7,5,2014,4,18,2,0,16,4,CR-362 OLD COLUMBUS RD,BOWMAN RD,0,39.94189444,-83.68191667,0,12,6,0,2,2,0,1,1,1,0,1,0,0000000,18,32,18,48,19,5,0,0,0,1,0
39,390206,1,1,0,0,0,1,1,113,2090,2,5,2014,6,5,6,0,15,6,PHILADELPHIA DR.,,0,39.76963056,-84.23437778,0,33,0,0,1,1,0,4,3,1,0,1,0,0000000,88,88,88,88,88,88,0,0,0,1,1
39,390207,1,1,0,0,0,1,1,101,0,8,5,2014,5,17,36,0,4,3,SR-203,,40,40.49691944,-83.1904,0,30,0,0,1,1,0,4,1,1,0,1,0,0000000,17,36,17,43,88,88,0,0,0,1,0
39,390208,2,2,0,0,0,2,2,9,0,13,5,2014,3,12,46,1,13,2,US-50,CR-19 RADFORD RD.,0,39.28148056,-82.15271667,0,12,6,0,2,2,0,1,1,10,0,10,0,0000000,12,46,13,11,13,54,0,0,0,1,0
39,390209,1,1,0,0,0,1,1,35,7610,15,2,2014,7,2,23,9,99,6,ARTHUR RD,SOLON BL,0,41.37128889,-81.44605,0,33,0,0,3,2,0,10,3,10,0,10,0,0000000,2,26,2,31,2,56,20,0,0,1,1
39,390211,2,2,0,1,1,2,2,113,2090,8,3,2014,7,22,35,0,14,6,S GETTYSBURG AVE,,0,39.72889167,-84.25251389,0,8,0,0,1,1,0,1,3,1,0,1,0,0000000,88,88,88,88,88,88,0,0,0,1,1
39,390212,1,1,0,1,1,1,1,129,1620,15,5,2014,5,4,47,1,11,2,US-23,,75,39.58565833,-82.95323611,0,8,0,0,1,1,0,1,2,2,0,2,0,0000000,4,55,5,4,88,88,0,0,0,1,0
39,390213,1,1,0,0,0,1,1,69,0,8,3,2014,7,6,12,0,6,5,TR-T,,0,41.4426,-84.1632,0,42,0,0,1,1,0,4,4,10,0,10,0,0000000,6,13,6,28,88,88,0,0,0,1,0
39,390214,1,1,0,0,0,1,1,157,0,8,5,2014,5,0,6,0,3,3,SR-800,,54,40.36129444,-81.29013056,0,35,0,0,1,1,0,4,2,1,0,1,0,0000000,0,8,0,17,0,35,0,0,0,1,1
39,390215,2,2,0,0,0,3,3,27,0,9,5,2014,6,22,6,0,3,2,US-22,BORUM RD,226,39.4983,-83.58902222,0,12,6,0,2,2,0,1,2,10,0,10,0,0000000,22,12,22,24,23,20,0,0,0,1,0
39,390216,2,1,1,0,0,1,1,151,1320,12,5,2014,2,11,50,0,14,6,WHIPPLE AVE,,0,40.80366389,-81.42582778,0,14,0,0,1,1,0,5,1,10,0,10,0,0000000,11,53,11,58,12,13,0,0,0,1,0
39,390217,1,1,0,0,0,1,1,123,0,15,5,2014,5,12,49,0,4,3,SR-163,,332,41.53215278,-82.78881944,0,43,0,0,1,1,0,4,1,10,0,10,0,0000000,12,59,13,16,14,3,0,0,0,1,0
39,390218,2,2,0,0,0,2,2,27,0,16,5,2014,6,8,10,0,4,3,SR-124,,14,39.28707778,-83.7622,0,12,2,0,1,1,0,1,1,10,0,10,0,0000000,8,28,8,46,9,38,0,0,0,1,1
39,390219,2,2,0,0,0,2,2,63,0,22,1,2014,4,14,28,0,3,2,US-224,SR-235,52,41.051425,-83.78953611,0,12,6,0,2,2,0,1,1,10,0,10,0,0000000,14,31,14,41,15,27,0,0,0,1,0
39,390220,1,1,0,0,0,3,3,39,0,11,5,2014,1,2,39,0,6,6,COY RD,,0,41.33968333,-84.54476111,0,34,0,0,1,1,0,4,2,1,0,1,0,0000000,2,38,2,51,4,3,0,0,0,1,1
39,390221,1,1,0,0,0,1,1,27,0,14,5,2014,4,8,45,0,4,3,SR-380,,21,39.46246944,-83.942225,0,38,0,0,1,1,0,4,1,2,0,2,0,0000000,8,45,8,53,9,29,0,0,0,1,0
39,390222,2,2,0,0,0,2,2,165,0,14,5,2014,4,8,45,1,13,3,SR-48,CORWIN NIXON BLVD,94,39.37919444,-84.22320278,0,12,1,0,3,3,0,1,1,10,0,10,0,0000000,8,47,8,50,9,24,0,0,0,1,0
39,390223,2,2,0,0,0,2,2,27,0,15,5,2014,5,11,32,1,2,3,SR-73,,91,39.46428611,-83.82284722,0,12,2,0,1,1,0,1,1,10,0,10,0,0000000,11,32,11,39,12,7,0,0,0,1,0
39,390224,2,2,0,0,0,4,4,151,0,26,2,2014,4,12,14,0,15,6,HIGH MILL AVE,,0,40.9094,-81.5364,0,48,0,0,1,1,0,4,1,10,0,10,0,0000000,12,15,12,23,99,99,0,0,0,1,0
39,390225,1,1,0,1,1,1,1,61,1610,10,3,2014,2,15,35,0,14,6,RIDGE AVE,BROTHERTON RD,0,39.15384722,-84.422925,0,8,0,0,2,2,0,1,1,1,0,1,0,0000000,15,35,15,39,16,17,0,0,0,1,0
39,390226,2,2,0,0,0,3,3,35,1680,5,4,2014,7,23,50,1,11,1,I-480,,107,41.42218889,-81.77558333,0,12,2,0,1,1,0,1,3,1,0,1,0,0000000,23,52,0,4,0,26,0,0,0,1,1
39,390227,1,1,0,0,0,1,1,99,0,19,5,2014,2,0,40,0,5,4,CR-53 DUCK CREEK RD,,0,41.11512778,-80.90591944,0,11,0,0,1,1,0,1,2,1,0,1,0,0000000,88,88,88,88,88,88,0,0,0,1,1
39,390228,2,2,0,0,0,2,2,153,70,19,4,2014,7,18,0,0,15,6,DART AVE,W. EXCHANGE ST.,0,41.08018333,-81.52960556,0,12,6,1,2,2,0,1,1,1,0,1,0,0000000,18,1,18,8,18,16,0,0,0,1,0
39,390229,2,2,0,0,0,4,4,47,0,19,5,2014,2,9,52,0,3,2,US-62,BARGER RD.,0,39.39796944,-83.53314167,0,12,6,0,2,2,0,1,1,1,0,1,0,0000000,9,58,10,6,10,33,0,0,0,2,0
39,390230,1,1,0,1,1,1,1,95,8120,12,2,2014,4,20,50,0,14,6,W ALEXIS RD,,0,41.72037778,-83.62995,0,8,0,0,1,1,0,1,3,1,0,1,0,0000000,20,52,20,57,88,88,0,0,0,1,1
39,390231,1,1,0,0,0,1,1,113,0,18,5,2014,1,8,30,0,16,6,UPPER LEWISBURG SALEM RD,,0,39.84507778,-84.46459167,0,32,0,0,1,1,0,4,1,1,0,1,0,0000000,88,88,88,88,88,88,0,0,0,1,0
39,390232,3,3,0,0,0,7,7,171,0,18,5,2014,1,18,20,1,2,3,SR-15,US-20,25,41.66553611,-84.55349722,0,12,1,0,2,2,0,1,1,10,0,10,0,0000000,18,23,18,27,20,59,0,0,0,1,0