STATE,ST_CASE,VE_TOTAL,VE_FORMS,PVH_INVL,PEDS,PERNOTMVIT,PERMVIT,PERSONS,COUNTY,CITY,DAY,MONTH,YEAR,DAY_WEEK,HOUR,MINUTE,NHS,ROAD_FNC,ROUTE,TWAY_ID,TWAY_ID2,MILEPT,LATITUDE,LONGITUD,SP_JUR,HARM_EV,MAN_COLL,RELJCT1,RELJCT2,TYP_INT,WRK_ZONE,REL_ROAD,LGT_COND,WEATHER1,WEATHER2,WEATHER,SCH_BUS,RAIL,NOT_HOUR,NOT_MIN,ARR_HOUR,ARR_MIN,HOSP_HR,HOSP_MN,CF1,CF2,CF3,FATALS,DRUNK_DR
39,390718,2,2,0,0,0,4,4,49,1800,2,11,2014,1,2,48,1,11,1,I-70,,110,39.95688889,-83.04471944,0,12,2,1,5,1,0,1,3,1,0,1,0,0000000,2,50,2,57,3,23,0,0,0,2,1
39,390719,2,2,0,0,0,2,2,23,0,25,10,2014,7,2,45,1,1,1,I-675,,12,39.865575,-83.99364722,0,12,2,1,18,1,1,1,3,1,0,1,0,0000000,2,59,3,9,3,47,3,0,0,1,1
39,390720,7,7,0,0,0,8,8,51,0,19,10,2014,1,20,53,1,11,1,I-80,,258,41.5997,-83.88802778,0,12,1,0,1,1,0,1,2,10,0,10,0,0000000,20,56,21,3,23,0,0,0,0,1,0
39,390721,1,1,0,0,0,1,1,151,0,22,10,2014,4,22,45,0,5,6,MEESE RD.,,0,40.84943889,-81.23384444,0,42,0,0,1,1,0,4,2,10,0,10,0,0000000,22,54,23,0,88,88,0,0,0,1,1
39,390722,2,2,0,0,0,5,5,129,0,22,10,2014,4,13,55,1,2,2,US-23,SR-762,210,39.77358889,-82.98916944,0,12,6,0,2,2,0,1,1,10,0,10,0,0000000,14,0,14,7,14,48,0,0,0,2,0
39,390723,2,2,0,0,0,2,2,93,0,27,10,2014,2,15,24,0,15,4,CR-26,CR-12,0,41.32365278,-82.09064444,0,12,6,0,2,2,0,1,1,1,0,1,0,0000000,15,25,15,34,15,55,0,0,0,1,0
39,390724,1,1,0,1,1,2,2,61,1610,3,10,2014,6,7,0,0,14,6,W NORTH BEND RD,ARGUS RD,0,39.20221389,-84.53460556,0,8,0,0,2,3,0,1,3,2,0,2,0,0000000,7,1,7,9,88,88,0,0,0,1,0
39,390725,2,2,0,0,0,2,2,65,0,20,8,2014,4,21,1,0,4,3,SR-117,,34,40.54745,-83.83690278,0,12,6,0,8,1,0,1,5,1,0,1,0,0000000,88,88,88,88,88,88,0,0,0,1,0
39,390729,1,1,0,0,0,1,1,113,2090,2,9,2014,3,14,54,0,15,6,HILLCREST AV,HEPBURN AV,0,39.79081667,-84.23598611,0,33,0,0,3,3,0,4,1,2,0,2,0,0000000,14,54,14,55,88,88,0,0,0,1,1
39,390730,1,1,0,0,0,1,1,55,8046,2,11,2014,1,1,0,0,4,3,SR-528,,223,41.68990833,-81.05128889,0,1,0,0,1,1,4,1,3,10,0,10,0,0000000,88,88,88,88,88,88,0,0,0,1,1
39,390731,1,1,0,0,0,1,1,85,4920,19,8,2014,3,6,47,0,14,6,TYLER BL,,0,41.67598056,-81.36286944,0,35,0,0,1,1,0,4,1,1,0,1,0,0000000,6,50,6,56,7,17,0,0,0,1,0
39,390733,1,1,0,1,1,1,1,91,610,4,11,2014,3,22,52,0,15,6,COLUMBUS AVE,WEIMER AVE,0,40.35788611,-83.74408889,0,8,0,0,3,3,0,1,3,10,0,10,0,0000000,22,54,22,57,1,23,0,0,0,1,0
39,390734,3,3,0,2,2,3,3,95,4840,19,9,2014,6,2,41,1,13,2,US-24,,170,41.572875,-83.64119167,0,12,1,0,1,1,2,1,2,1,0,1,0,0000000,2,40,2,46,3,7,0,0,0,1,0
39,390735,1,1,0,0,0,2,2,163,0,27,10,2014,2,16,48,0,4,3,SR-56,,9,39.38794722,-82.49898889,0,34,0,0,1,1,0,4,1,1,0,1,0,0000000,16,54,17,24,18,17,0,0,0,1,0
39,390736,2,2,0,0,0,3,3,1,0,10,10,2014,6,14,6,1,2,3,SR-32,SR-73,199,38.98024167,-83.34352778,0,12,6,0,2,2,4,1,1,10,0,10,0,0000000,14,10,14,22,15,14,0,0,0,1,0
39,390737,3,3,0,0,0,3,3,25,0,27,10,2014,2,7,35,1,13,3,SR-125,,43,39.04586111,-84.24403611,0,12,6,0,8,1,0,1,4,10,0,10,0,0000000,7,48,8,2,8,32,0,0,0,1,0
39,390738,1,1,0,0,0,3,3,19,0,25,10,2014,7,16,26,0,6,4,CR-40,,0,40.59473611,-81.29461389,0,35,0,0,1,1,0,4,1,1,0,1,0,0000000,18,36,19,1,20,10,0,0,0,1,0
39,390739,1,1,0,0,0,1,1,19,379,22,6,2014,1,13,47,0,16,6,KENSINGTON RD NE,,0,40.69750556,-81.01060833,0,35,0,0,1,1,0,4,1,1,0,1,0,0000000,13,50,14,5,14,51,0,0,0,1,0
39,390740,1,1,0,0,0,1,1,143,1740,29,8,2014,6,3,22,0,15,4,CR-179 W MAPLE ST,WOODLAND ST,0,41.29850556,-82.98967778,0,1,0,0,3,2,0,4,3,1,0,1,0,0000000,88,88,88,88,88,88,20,0,0,1,0
39,390741,2,2,0,0,0,3,3,19,0,16,10,2014,5,17,57,0,3,3,SR-43 CANTON RD NW,,219,40.68815,-81.15267222,0,12,2,0,1,1,0,1,1,2,0,2,0,0000000,18,2,18,5,19,1,0,0,0,1,0
39,390742,1,1,0,0,0,2,2,169,0,1,11,2014,7,0,25,0,6,4,CR-133 BLACK DIAMOND RD,,0,40.90290833,-81.68593333,0,43,0,0,1,1,0,4,2,2,0,2,0,0000000,0,26,0,39,1,15,0,0,0,1,1
39,390743,2,2,0,0,0,3,3,133,0,2,11,2014,1,23,50,0,15,4,CR-167 PECK RD.,,0,41.17264167,-81.21341111,0,34,0,0,1,1,0,4,2,10,0,10,0,0000000,23,57,0,7,0,30,14,0,0,1,1
39,390744,1,1,0,0,0,2,2,147,0,7,11,2014,6,23,46,0,4,3,SR-228,,10,41.22762778,-83.01546389,0,59,0,0,1,1,0,4,2,1,0,1,0,0000000,88,88,88,88,88,88,0,0,0,2,1
39,390745,1,1,0,0,0,1,1,61,1610,11,11,2014,3,21,5,1,11,1,I-75,,8,39.09969167,-84.52031111,0,24,0,1,5,1,0,4,3,2,0,2,0,0000000,21,9,21,12,21,23,0,0,0,1,1
39,390746,1,1,0,0,0,1,1,121,0,13,7,2014,1,2,35,0,5,3,SR-564,,40,39.70000556,-81.45195833,0,35,0,0,1,1,0,4,2,1,0,1,0,0000000,88,88,88,88,88,88,0,0,0,1,1
39,390747,1,1,0,0,0,2,2,121,620,14,9,2014,1,13,54,0,15,3,SR-821,,120,39.78910833,-81.55343611,0,30,0,0,1,1,0,4,1,1,0,1,0,0000000,99,99,99,99,99,99,0,0,0,2,1
39,390748,1,1,0,0,0,1,1,61,0,22,10,2014,4,0,59,0,15,6,COLERAIN AVE,,0,39.26911944,-84.60740278,0,38,0,0,1,1,0,4,2,10,0,10,0,0000000,1,3,1,10,1,40,0,0,0,1,0
39,390749,2,2,0,0,0,2,2,85,2350,25,10,2014,7,16,28,0,14,3,SR-283,EDISON RD,40,41.66326111,-81.43428333,0,12,1,0,3,2,0,1,1,1,0,1,0,0000000,16,30,16,35,17,2,0,0,0,1,0
39,390750,2,2,0,0,0,2,2,59,0,6,11,2014,5,14,5,0,4,2,US-22,,16,39.99849722,-81.69533611,0,12,6,0,8,1,0,1,1,2,0,2,0,0000000,14,10,14,12,14,38,0,0,0,1,0
39,390751,2,2,0,0,0,5,5,25,0,18,10,2014,7,12,19,0,14,3,SR-132,CR-72,49,38.99110833,-84.21068056,0,12,6,0,2,2,0,1,1,10,0,10,0,0000000,12,25,12,34,13,15,0,0,0,1,0
39,390752,2,2,0,0,0,3,3,95,0,5,11,2014,4,15,46,1,11,1,I-475,,72,41.65140556,-83.69506111,0,1,0,0,1,1,0,3,1,1,0,1,0,0000000,15,46,16,0,88,88,0,0,0,1,1
39,390753,2,2,0,0,0,2,2,33,0,29,9,2014,2,11,12,0,4,3,SR-598,,59,40.73498611,-82.80188056,0,12,2,0,1,1,0,1,1,1,0,1,0,0000000,11,44,11,45,11,59,0,0,0,1,0
39,390755,1,1,0,0,0,1,1,77,0,7,11,2014,6,16,33,0,4,3,SR-162,,54,41.10545,-82.74876389,0,53,0,0,1,1,0,4,1,1,0,1,0,0000000,16,41,16,59,17,46,0,0,0,1,0
39,390756,2,2,0,0,0,3,3,165,0,4,11,2014,3,22,0,1,11,1,I-71,,25,39.32071944,-84.28833611,0,12,6,0,1,1,0,1,2,2,0,2,0,0000000,22,0,22,7,22,30,0,0,0,1,1
39,390757,3,3,0,0,0,4,4,47,0,9,11,2014,1,16,21,0,3,2,US-22,HESS RD.,137,39.54704167,-83.33458333,0,12,1,0,2,3,0,1,1,1,0,1,0,0000000,16,22,16,29,16,55,0,0,0,1,0
39,390759,2,2,0,0,0,3,3,35,3640,30,9,2014,3,13,33,0,14,3,SR-87 SOUTH WOODLAND RD,,170,41.45954167,-81.39629722,0,12,2,0,1,1,0,1,1,10,0,10,0,0000000,13,37,13,48,14,21,0,0,0,1,0
39,390760,1,1,0,0,0,2,2,35,6000,20,10,2014,2,23,13,1,11,1,I-480,,2,41.38873056,-81.96676111,0,25,0,1,5,1,0,3,3,2,0,2,0,0000000,23,17,23,21,23,53,0,0,0,1,0
39,390761,2,1,1,2,6,2,6,35,6000,24,9,2014,4,7,53,0,16,6,WESTLAWN DR.,MACKENZIE RD.,0,41.39584167,-81.93436667,0,15,0,0,3,3,0,1,1,1,0,1,0,0000000,7,57,8,0,8,31,14,0,0,1,0
39,390762,2,2,0,0,0,2,2,95,8120,24,10,2014,6,14,50,0,6,6,SYLVANIA AVE,OVERLAND PK,0,41.69235833,-83.57503611,0,12,1,0,3,3,0,1,1,1,0,1,0,0000000,14,52,14,59,88,88,0,0,0,1,0
39,390763,2,2,0,0,0,3,3,153,2030,26,10,2014,1,20,50,0,15,6,W BATH RD,,0,41.16496389,-81.54675278,0,12,2,0,1,1,0,1,2,1,0,1,0,0000000,20,53,20,56,21,13,0,0,0,1,1
39,390764,1,1,0,0,0,1,1,61,0,27,10,2014,2,17,10,0,4,3,SR-128,,18,39.19654722,-84.76117778,0,35,0,0,1,1,0,4,1,1,0,1,0,0000000,88,88,88,88,88,88,0,0,0,1,0
39,390765,1,1,0,0,0,2,2,95,8120,9,10,2014,5,2,41,0,15,6,ANGOLA RD.,,0,41.62371111,-83.64882222,0,30,0,0,1,1,0,4,3,1,0,1,0,0000000,2,42,2,48,99,99,0,0,0,1,1
39,390766,1,1,0,0,0,1,1,103,0,12,11,2014,4,6,5,0,3,3,SR-83,,69,41.08413333,-82.02448333,0,35,0,0,1,1,0,4,2,1,0,1,0,0000000,6,18,6,22,6,42,0,0,0,1,0
39,390767,1,1,0,0,0,4,4,151,0,5,11,2014,4,1,5,1,13,2,US-62,,243,40.83076944,-81.36103333,0,33,0,0,1,1,0,4,2,2,0,2,0,0000000,1,6,1,12,1,31,0,0,0,1,0
39,390768,2,2,0,0,0,2,2,99,9230,12,9,2014,6,12,59,0,15,6,S MERIDIAN RD,,0,41.0642,-80.7111,0,12,6,0,4,1,0,1,1,1,0,1,0,0000000,13,0,13,6,13,37,0,0,0,1,0
39,390769,2,2,0,0,0,2,2,99,9230,26,9,2014,6,18,35,1,13,3,SR-7 MARKET ST,W FLORIDA AVE,119,41.07006111,-80.65856111,0,12,6,0,2,2,0,1,1,1,0,1,0,0000000,18,37,18,39,19,2,0,0,0,1,0
39,390770,1,1,0,0,0,2,2,141,0,15,11,2014,7,10,55,0,4,4,CR-87 FRANKFORT CLARKSBURG PK,,0,39.48357222,-83.16631944,0,34,0,0,1,1,0,4,1,1,0,1,0,0000000,11,8,11,20,88,88,0,0,0,2,0
39,390771,1,1,0,0,0,1,1,131,0,11,11,2014,3,22,40,0,6,4,CR-84 WAKEFIELD MOUND RD,,0,39.01865,-83.02447778,0,35,0,0,1,1,0,4,2,2,0,2,0,0000000,22,44,22,48,88,88,0,0,0,1,1
39,390772,2,2,0,0,0,3,3,49,0,14,11,2014,6,12,42,1,13,3,SR-317,,11,39.83228056,-82.98507778,0,12,2,0,1,1,0,1,1,10,0,10,0,0000000,12,47,12,56,13,21,0,0,0,1,1
39,390773,2,2,0,0,0,2,2,13,0,13,11,2014,5,23,1,1,13,3,SR-7,KILGORE RD.,189,40.05809167,-80.73480278,0,12,6,0,3,3,0,1,3,1,0,1,0,0000000,23,2,23,10,88,88,0,0,0,1,0
39,390774,1,1,0,0,0,1,1,137,0,15,11,2014,7,3,15,0,6,4,CR-Y,,0,41.1559,-83.95261944,0,1,0,0,1,1,0,4,2,1,0,1,0,0000000,5,20,5,30,88,88,0,0,0,1,1
39,390775,1,1,0,0,0,1,1,123,0,15,11,2014,7,6,16,1,2,3,SR-2,,62,41.60358056,-83.16601389,0,34,0,0,1,1,0,4,2,1,0,1,0,0000000,88,88,88,88,88,88,0,0,0,1,1
39,390776,1,1,0,0,0,2,2,87,0,21,11,2014,6,13,45,0,3,3,SR-93,,250,38.83979167,-82.59402222,0,24,0,0,1,1,0,4,1,1,0,1,0,0000000,13,55,14,24,88,88,0,0,0,1,0
39,390777,1,1,0,0,0,1,1,17,5230,16,11,2014,1,6,11,0,15,3,SR-63,,24,39.44578611,-84.37545,0,38,0,0,1,1,0,4,2,1,0,1,0,0000000,6,47,6,50,88,88,20,0,0,1,1
39,390778,6,5,1,0,1,6,7,99,0,5,11,2014,4,11,26,1,11,1,I-76,,37,41.06993889,-80.79377222,0,12,1,0,1,1,0,1,1,1,0,1,0,0000000,11,42,11,53,12,31,19,0,0,1,0
39,390779,1,1,0,0,0,1,1,59,0,21,11,2014,6,20,59,0,5,3,SR-209,,54,40.04708333,-81.63041667,0,42,0,0,1,1,0,4,2,1,0,1,0,0000000,21,6,21,9,88,88,0,0,0,1,0
39,390780,1,1,0,1,1,1,1,167,0,3,11,2014,2,21,41,1,13,3,SR-7,CR-344 COUNTY HOUSE LN,29,39.40438056,-81.41272778,0,8,0,0,3,2,0,1,2,1,0,1,0,0000000,21,37,21,40,88,88,0,0,0,1,0
39,390781,2,2,0,0,0,2,2,95,8120,4,11,2014,3,15,10,0,14,2,US-24 S DETROIT AVE,,217,41.6265,-83.5946,0,33,0,0,1,1,0,4,1,2,0,2,0,0000000,88,88,88,88,88,88,0,0,0,1,0
39,390782,2,2,0,0,0,2,2,171,0,14,11,2014,6,20,29,1,2,2,US-20,,149,41.66561389,-84.54066667,0,12,6,0,1,1,0,1,2,10,0,10,0,0000000,20,28,20,41,21,50,0,0,0,1,1
39,390783,1,1,0,0,0,1,1,165,0,12,11,2014,4,0,15,0,4,3,SR-123,,157,39.42106944,-84.17159444,0,34,0,0,1,1,0,4,2,10,0,10,0,0000000,0,12,0,23,0,48,0,0,0,1,0
39,390784,2,2,0,0,0,4,4,87,0,16,11,2014,1,12,38,1,12,2,US-52,CR-15,136,38.46916667,-82.60227778,0,12,6,1,2,3,0,1,1,1,0,1,0,0000000,12,53,12,56,13,22,0,0,0,2,0
39,390785,1,1,0,1,1,3,3,49,0,21,11,2014,6,19,21,1,13,3,SR-3,,257,40.09782778,-82.92536944,0,8,0,0,1,1,0,1,3,1,0,1,0,0000000,99,99,99,99,99,99,0,0,0,1,0
39,390786,2,2,0,0,0,4,4,27,0,16,11,2014,1,18,13,0,4,3,SR-28,,10,39.29008889,-83.99822778,0,12,2,0,1,1,0,1,2,2,0,2,0,0000000,18,2,18,6,18,36,0,0,0,1,0
39,390787,1,1,0,1,1,2,2,113,0,17,11,2014,2,20,10,0,14,6,PHILADELPHIA DR.,,0,39.80375,-84.23505278,0,8,0,0,1,1,0,1,2,1,0,1,0,0000000,20,10,20,16,20,31,0,0,0,1,0
39,390788,5,5,0,0,0,6,6,35,530,3,10,2014,6,12,13,1,13,6,CEDAR RD.,,0,41.50123889,-81.49341111,0,12,8,0,1,1,0,1,1,2,0,2,0,0000000,12,14,12,18,12,43,0,0,0,1,0
39,390789,1,1,0,0,0,1,1,29,0,23,11,2014,1,22,45,0,4,3,SR-172,,145,40.78468333,-80.82752778,0,35,0,0,1,1,0,4,2,2,0,2,0,0000000,22,55,23,6,88,88,0,0,0,1,1
39,390790,3,3,0,0,0,7,7,131,0,17,11,2014,2,13,54,1,13,2,US-23,,83,39.06992222,-83.00663611,0,12,6,0,1,1,0,1,1,10,0,10,0,0000000,13,57,14,0,99,99,0,0,0,1,0
39,390791,1,1,0,0,0,1,1,155,0,20,11,2014,5,17,52,1,13,3,SR-5,,206,41.34991111,-80.72236667,0,42,0,0,1,1,0,4,2,1,0,1,0,0000000,17,56,18,1,18,36,0,0,0,1,0
39,390792,4,4,0,1,1,11,11,95,8120,18,10,2014,7,16,4,0,15,6,HAWLEY ST,INDIANA AVE,0,41.65033889,-83.56733611,0,54,11,0,3,2,0,1,1,10,0,10,0,0000000,16,5,16,11,99,99,14,15,0,1,0
39,390793,1,1,0,0,0,1,1,29,0,21,11,2014,6,9,0,0,5,4,CR-428,,0,40.78502222,-80.62455556,0,34,0,0,1,1,0,4,1,1,0,1,0,0000000,9,6,9,14,10,9,0,0,0,1,1
39,390794,2,2,0,0,0,2,2,57,2530,17,11,2014,2,7,23,0,15,6,TREBEIN RD.,,0,39.7944,-83.9893,0,12,2,0,1,1,0,1,1,4,0,4,0,0000000,7,23,7,27,8,3,0,0,0,1,0
39,390796,1,1,0,0,0,1,1,93,400,2,11,2014,1,2,30,1,11,1,I-90,,212,41.46363333,-81.98976667,0,34,0,1,5,1,0,4,3,10,0,10,0,0000000,2,31,2,37,3,18,0,0,0,1,1
39,390797,2,2,0,0,0,3,3,23,0,20,11,2014,5,22,39,1,1,1,I-70,,56,39.89229722,-83.95545833,0,12,1,0,1,1,1,1,2,1,0,1,0,0000000,88,88,88,88,88,88,0,0,0,1,0
39,390798,1,1,0,1,1,1,1,9,0,21,11,2014,6,21,39,0,15,4,CR-19,TR-1205,0,39.29082222,-82.15268611,0,8,0,0,2,2,0,1,2,1,0,1,0,0000000,21,39,21,41,22,1,0,0,0,1,0
39,390799,2,2,0,0,0,3,3,119,0,22,11,2014,7,0,0,1,13,2,US-22,,83,39.89200278,-82.04525556,0,12,2,0,1,1,0,1,2,1,0,1,0,0000000,0,0,0,14,0,41,0,0,0,1,0
39,390801,2,2,0,0,0,4,4,119,0,26,11,2014,4,14,29,0,4,4,CR-723,,0,40.05734167,-82.02260278,0,12,2,0,1,1,0,1,1,1,0,1,0,0000000,14,41,15,5,16,2,0,0,0,3,0
39,390802,1,1,0,0,0,1,1,113,1670,10,11,2014,2,22,47,0,16,6,DORCHESTER ST,,0,39.84891389,-84.268175,0,5,0,0,1,1,0,1,2,10,0,10,0,0000000,88,88,88,88,88,88,0,0,0,1,0
39,390803,2,2,0,0,0,3,3,173,0,22,11,2014,7,16,49,0,3,3,SR-25,,143,41.43678611,-83.65095556,0,12,6,0,1,1,0,1,2,10,0,10,0,0000000,16,51,16,54,18,47,0,0,0,1,0
39,390804,5,5,0,0,0,5,5,151,0,6,11,2014,5,14,8,0,4,3,SR-800,WESTBROOK ST,13,40.67179722,-81.34729167,0,12,1,0,3,2,0,1,1,2,0,2,1,0000000,14,25,14,39,15,11,0,0,0,1,0
39,390805,3,3,0,0,0,3,3,3,0,17,11,2014,2,8,41,0,4,3,SR-81 ADA RD,,267,40.77566389,-83.93001389,0,12,6,0,1,1,0,1,1,4,0,4,0,0000000,8,42,8,53,9,33,0,0,0,1,0
39,390806,1,1,0,0,0,2,2,63,2610,25,11,2014,3,18,55,0,15,6,LIMA AVE,,0,41.02378611,-83.66875278,0,24,0,0,1,1,0,4,3,10,0,10,0,0000000,18,57,19,4,19,24,0,0,0,1,1
39,390807,4,1,3,0,0,1,1,49,8940,26,11,2014,4,10,58,1,13,3,SR-317 S HAMILTON RD,,141,39.96096944,-82.87603611,0,33,0,0,1,1,0,4,1,10,0,10,0,0000000,10,59,11,2,11,20,0,0,0,1,0
39,390808,2,2,0,0,0,2,2,149,0,7,11,2014,6,10,46,0,4,3,SR-47,MILLER RD,12,40.271975,-84.415,0,12,6,0,2,2,0,1,1,10,0,10,0,0000000,10,48,11,4,11,39,0,0,0,1,0
39,390809,1,1,0,0,0,1,1,67,0,18,11,2014,3,15,11,0,5,4,CR-2 DEERSVILLE RIDGE RD.,,0,40.31150556,-81.17094167,0,24,0,0,1,1,0,4,1,10,0,10,0,0000000,15,12,15,32,17,14,0,0,0,1,0
39,390810,1,1,0,0,0,1,1,157,0,18,11,2014,3,16,0,0,6,6,MILL ST.,,0,40.50043889,-81.6607,0,34,0,0,1,1,0,4,1,11,0,11,0,0000000,16,13,16,20,99,99,0,0,0,1,0
39,390811,1,1,0,1,1,1,1,121,0,3,7,2014,5,22,35,0,14,3,SR-78 WOODSFIELD RD,,85,39.74417778,-81.49459444,0,8,0,0,1,1,0,1,6,1,0,1,0,0000000,22,35,22,39,88,88,0,0,0,1,0
39,390812,1,1,0,1,1,1,1,29,0,23,11,2014,1,18,10,0,4,2,US-30,,234,40.72633611,-80.72734167,0,15,0,0,1,1,0,1,2,1,0,1,0,0000000,18,12,18,20,20,22,0,0,0,1,0
39,390813,1,1,0,2,2,2,2,61,0,12,10,2014,1,18,29,0,4,6,MIAMI RIVER RD,,0,39.30464167,-84.638825,0,8,0,0,1,1,0,4,1,10,0,10,0,0000000,88,88,88,88,88,88,0,0,0,2,0
39,390814,1,1,0,0,0,1,1,27,9040,3,11,2014,2,22,48,0,16,6,W LOCUST ST,,0,39.44717778,-83.84646667,0,33,0,0,1,1,0,4,3,1,0,1,0,0000000,88,88,88,88,88,88,0,0,0,1,0
39,390815,2,2,0,0,0,2,2,133,6830,11,11,2014,3,8,0,0,15,4,CR-167 PECK RD,CR-163 LOVERS LANE,0,41.17841944,-81.21426667,0,12,2,0,2,3,0,1,1,1,0,1,0,0000000,8,3,8,13,88,88,0,0,0,1,0
39,390816,1,1,0,1,1,1,1,49,0,28,11,2014,6,2,17,1,11,1,I-270,,63,39.942475,-83.12171667,0,8,0,0,1,1,0,1,2,10,0,10,0,0000000,2,23,2,30,99,99,0,0,0,1,0
39,390817,2,2,0,0,0,3,3,113,3622,5,9,2014,6,22,13,1,11,1,I-70,,233,39.86508333,-84.05845556,0,12,1,1,18,1,0,1,3,10,0,10,0,0000000,22,14,22,20,23,14,0,0,0,1,0
39,390818,2,2,0,0,0,4,4,17,0,1,10,2014,4,17,51,1,2,2,US-27,,104,39.448,-84.68291111,0,50,0,0,1,1,0,1,1,1,0,1,0,0000000,18,24,18,43,18,51,0,0,0,1,0
39,390819,2,2,0,0,0,4,4,61,0,26,10,2014,1,14,20,0,15,3,SR-128,,55,39.20730278,-84.70766111,0,12,6,0,8,1,0,1,1,1,0,1,0,0000000,14,24,14,28,15,9,0,0,0,1,0
39,390820,1,1,0,0,0,1,1,97,0,25,11,2014,3,22,1,0,4,3,SR-665,,65,39.87978889,-83.32850278,0,34,0,0,1,1,0,4,2,1,0,1,0,0000000,22,0,22,4,88,88,0,0,0,1,0
39,390821,1,1,0,0,0,1,1,151,0,27,11,2014,5,3,1,0,15,6,ERIE AVE,,0,40.89863056,-81.60297222,0,24,0,0,1,1,0,4,3,10,0,10,0,0000000,3,12,3,14,3,52,0,0,0,1,1
39,390822,1,1,0,0,0,1,1,129,0,28,11,2014,6,23,47,0,5,4,CR-23 CHILLICOTHE PK,,0,39.59391389,-83.11495556,0,59,0,0,1,1,0,4,2,1,0,1,0,0000000,88,88,88,88,88,88,0,0,0,1,1
39,390823,2,2,0,0,0,2,2,13,0,28,11,2014,6,18,5,0,3,3,SR-800,,125,40.01536111,-81.16655556,0,12,2,0,1,1,0,1,2,10,0,10,0,0000000,18,7,18,14,19,1,0,0,0,1,0
39,390824,1,1,0,0,0,2,2,11,7240,29,11,2014,7,22,19,0,16,6,PLATTNER PIKE RD,,0,40.47926667,-84.35823333,0,42,0,0,1,1,0,4,2,10,0,10,0,0000000,22,18,22,31,23,3,0,0,0,1,0
39,390825,2,2,0,0,0,2,2,59,0,30,11,2014,1,13,0,0,5,3,SR-285,,97,40.05399722,-81.44318889,0,12,6,0,1,1,0,1,1,10,0,10,0,0000000,13,13,13,35,14,44,0,0,0,1,0
39,390826,3,3,0,0,0,3,3,37,3180,2,12,2014,3,7,37,1,2,3,SR-571,,96,40.11513889,-84.66951667,0,12,2,0,1,1,0,1,1,2,0,2,0,0000000,7,46,8,7,8,54,0,0,0,1,0
39,390827,1,1,0,0,0,1,1,89,0,3,12,2014,4,8,50,1,2,3,SR-16,,110,40.03996667,-82.57761944,0,34,0,0,1,1,0,4,1,2,0,2,0,0000000,9,52,10,1,88,88,0,0,0,1,0
39,390828,2,2,0,0,0,4,4,61,1610,7,12,2014,1,12,55,0,14,6,WESTWOOD NORTHERN BLVD,MCHENRY AVE,0,39.14621111,-84.57300833,0,12,2,0,2,2,0,1,1,1,0,1,0,0000000,12,57,13,5,13,24,0,0,0,1,0
39,390829,1,1,0,0,0,1,1,99,9230,6,10,2014,2,23,22,0,15,6,LANDSDOWNE BL,,0,41.10123056,-80.61608056,0,42,0,0,1,1,0,4,3,10,0,10,0,0000000,23,25,23,28,88,88,0,0,0,1,1
39,390830,1,1,0,1,1,4,4,103,0,21,11,2014,6,19,46,0,4,4,CR-97 GREENWICH RD,,0,41.02517778,-81.842925,0,8,0,0,1,1,0,1,2,10,0,10,0,0000000,19,46,19,49,20,1,0,0,0,1,1
39,390831,2,2,0,0,0,2,2,55,1490,1,12,2014,2,8,57,1,2,3,SR-44,,193,41.60678889,-81.23352222,0,12,2,0,1,1,0,1,1,2,0,2,0,0000000,8,57,9,2,9,34,0,0,0,1,0
39,390832,2,2,0,0,0,2,2,31,0,21,10,2014,3,20,12,0,3,3,SR-83,,177,40.23793333,-81.8618,0,12,1,0,1,1,0,1,3,10,0,10,0,0000000,20,13,20,18,20,34,0,0,0,1,1
39,390833,2,2,0,0,0,2,2,149,0,30,10,2014,5,9,29,0,5,3,SR-119,,127,40.39580278,-84.09690278,0,12,2,0,1,1,0,1,1,10,0,10,0,0000000,88,88,88,88,88,88,0,0,0,1,0
39,390834,1,1,0,0,0,2,2,151,1320,1,11,2014,7,1,46,0,14,6,HARRISON AVE,NAVARRE RD.,0,40.78614444,-81.39834722,0,59,0,0,3,2,0,4,3,2,0,2,0,0000000,2,9,2,17,88,88,0,0,0,1,1
39,390835,2,2,0,0,0,2,2,151,1320,7,11,2014,6,5,47,1,13,2,US-62,,237,40.82905833,-81.37238611,0,12,7,1,18,1,0,1,4,2,0,2,0,0000000,5,48,5,57,6,23,0,0,0,1,0
39,390836,2,2,0,0,0,2,2,35,1680,6,11,2014,5,23,26,1,13,3,SR-10 LORAIN AVE,,98,41.45184722,-81.80748056,0,12,2,0,1,1,0,1,3,2,0,2,0,0000000,23,33,23,40,23,49,0,0,0,1,1
39,390837,1,1,0,0,0,1,1,91,0,17,11,2014,2,20,11,0,16,4,CR-87,,0,40.49888889,-83.97278056,0,30,0,0,1,1,0,4,2,4,0,4,0,0000000,20,15,20,25,23,6,0,0,0,1,1
39,390838,2,2,0,0,0,4,4,29,0,22,11,2014,7,9,10,1,2,2,US-30,,41,40.74182778,-81.01286389,0,12,6,0,1,1,0,1,1,2,0,2,1,0000000,11,22,11,51,12,32,0,0,0,3,0
39,390839,1,1,0,0,0,2,2,145,0,24,11,2014,2,15,5,0,4,3,SR-104,,171,38.94931389,-83.04588889,0,24,0,0,1,1,0,4,1,1,0,1,0,0000000,15,25,15,43,16,37,0,0,0,1,0