STATE,ST_CASE,VE_TOTAL,VE_FORMS,PVH_INVL,PEDS,PERNOTMVIT,PERMVIT,PERSONS,COUNTY,CITY,DAY,MONTH,YEAR,DAY_WEEK,HOUR,MINUTE,NHS,ROAD_FNC,ROUTE,TWAY_ID,TWAY_ID2,MILEPT,LATITUDE,LONGITUD,SP_JUR,HARM_EV,MAN_COLL,RELJCT1,RELJCT2,TYP_INT,WRK_ZONE,REL_ROAD,LGT_COND,WEATHER1,WEATHER2,WEATHER,SCH_BUS,RAIL,NOT_HOUR,NOT_MIN,ARR_HOUR,ARR_MIN,HOSP_HR,HOSP_MN,CF1,CF2,CF3,FATALS,DRUNK_DR
40,400101,1,1,0,2,2,2,2,143,4780,30,3,2014,1,1,57,0,14,6,E 61ST ST S,,0,36.07544167,-95.87800278,0,8,0,0,1,1,4,1,2,1,0,1,0,0000000,1,56,2,1,2,16,0,0,0,1,0
40,400102,2,2,0,0,0,2,2,19,2858,4,3,2014,3,16,15,0,3,2,US-70,YOUNG RD,143,34.17285278,-97.31310833,0,12,6,0,2,3,0,1,1,1,0,1,0,0000000,16,14,16,26,88,88,0,0,0,2,0
40,400103,1,1,0,0,0,3,3,17,4830,17,1,2014,6,16,18,0,6,6,EVANS RD,,0,35.38596944,-97.88404444,0,34,0,0,1,1,0,4,1,1,0,1,0,0000000,16,21,16,30,17,26,0,0,0,1,0
40,400104,1,1,0,0,0,2,2,147,0,16,3,2014,1,17,57,0,4,4,CR-GAP RD,,0,36.68596111,-95.98749167,0,52,0,0,1,1,0,4,1,10,0,10,0,0000000,17,55,18,5,88,88,0,0,0,1,0
40,400105,2,2,0,0,0,2,2,147,0,24,3,2014,2,20,35,1,2,2,US-75,CR-2400,169,36.66692222,-95.93523056,0,12,6,0,2,2,0,1,2,10,0,10,0,0000000,20,36,20,42,88,88,0,0,0,1,1
40,400106,2,2,0,0,0,3,3,147,0,28,3,2014,6,17,2,1,2,2,US-75,,122,36.59891389,-95.93482778,0,12,6,0,8,1,0,1,1,10,0,10,0,0000000,16,59,17,11,17,35,0,0,0,1,0
40,400107,2,2,0,0,0,3,3,129,0,1,4,2014,3,12,20,0,3,2,US-283,,1,35.42231111,-99.65568056,0,12,6,0,1,1,0,1,1,10,0,10,0,0000000,99,99,99,99,88,88,0,0,0,2,0
40,400108,1,1,0,0,0,1,1,27,3430,1,3,2014,7,2,36,0,14,6,INDIAN HILLS RD,,0,35.29069722,-97.32675,0,34,0,0,1,1,0,4,2,10,0,10,0,0000000,99,99,99,99,88,88,0,0,0,1,1
40,400109,1,1,0,0,0,2,2,43,0,1,4,2014,3,16,22,1,2,2,US-270,,134,36.00051111,-98.76481389,0,42,0,0,1,1,0,4,1,10,0,10,0,0000000,16,20,16,35,17,8,0,0,0,1,0
40,400110,3,3,0,0,0,4,4,21,0,3,4,2014,5,13,43,0,3,2,US-62,,47,35.82236111,-95.05155833,0,12,2,0,1,1,0,1,1,1,0,1,0,0000000,13,53,14,11,14,56,14,0,0,1,0
40,400111,2,2,0,0,0,6,6,133,0,3,4,2014,5,18,36,0,4,3,SR-9A,CR-EW1390,27,34.999375,-96.75761111,0,12,6,0,2,2,0,1,1,1,0,1,0,0000000,18,42,19,11,19,46,0,0,0,2,1
40,400112,1,1,0,0,0,2,2,143,4780,3,4,2014,5,23,50,1,11,1,I-44 EXIT RAMP,,8,36.08884167,-96.02656944,0,1,0,1,5,1,0,4,3,1,0,1,0,0000000,23,52,23,57,0,42,20,0,0,1,0
40,400113,1,1,0,0,0,1,1,37,0,5,4,2014,7,3,35,0,4,3,SR-66,,114,35.81789444,-96.43851389,0,1,0,0,1,1,0,4,2,1,0,1,0,0000000,3,38,3,50,88,88,0,0,0,1,1
40,400114,2,2,0,0,0,2,2,121,0,6,4,2014,1,17,11,0,3,2,US-270,,34,34.93705833,-96.03768056,0,12,6,0,1,1,0,1,1,2,0,2,0,0000000,17,13,17,28,18,0,0,0,0,1,0
40,400115,1,1,0,0,0,1,1,85,0,12,4,2014,7,11,26,0,4,4,CR-EASTMAN RD,,0,34.01161111,-97.26513611,0,1,0,0,1,1,0,4,1,1,0,1,0,0000000,11,28,11,42,88,88,0,0,0,1,0
40,400116,4,2,2,0,0,3,3,65,120,20,3,2014,5,9,46,1,13,2,US-62,TODD LN,67,34.63771111,-99.30353889,0,12,6,0,2,3,0,1,1,1,0,1,0,0000000,9,2,9,6,9,29,0,0,0,1,0
40,400117,1,1,0,0,0,1,1,119,0,20,3,2014,5,18,42,0,4,4,CR-MCMURTRY,,0,36.18825278,-97.10378333,0,42,0,0,1,1,0,4,1,1,0,1,0,0000000,18,52,19,4,20,0,0,0,0,1,0
40,400118,1,1,0,0,0,1,1,107,0,5,4,2014,7,7,39,0,4,3,SR-56,,84,35.52868611,-96.26466667,0,59,0,0,1,1,0,4,2,1,0,1,0,0000000,99,99,99,99,88,88,0,0,0,1,1
40,400119,1,1,0,0,0,1,1,135,0,20,4,2014,1,8,4,1,11,1,I-40,,184,35.41506944,-94.50909444,0,42,0,0,1,1,0,4,1,1,0,1,0,0000000,8,38,8,46,88,88,0,0,0,1,0
40,400120,1,1,0,0,0,1,1,19,0,20,2,2014,5,13,28,1,2,2,US-70,,18,34.17273611,-97.53118889,0,38,0,0,1,1,0,4,1,1,0,1,0,0000000,13,24,13,37,88,88,0,0,0,1,0
40,400121,3,3,0,0,0,6,6,13,0,31,3,2014,2,19,0,1,2,2,US-70,,196,34.00672222,-96.04286944,0,12,6,0,1,1,0,1,5,1,0,1,0,0000000,19,4,19,23,20,25,0,0,0,1,1
40,400122,1,1,0,0,0,2,2,41,1990,7,3,2014,6,11,11,0,4,4,CR-293,,0,36.59371389,-94.82531944,0,42,0,0,1,1,0,4,1,10,0,10,0,0000000,11,11,11,16,12,22,0,0,0,1,0
40,400123,1,1,0,0,0,1,1,53,3120,10,3,2014,2,5,15,0,3,3,SR-11,,2,36.81063333,-97.73019722,0,10,0,0,6,1,0,1,3,1,0,1,0,595151H,5,23,5,28,88,88,0,0,0,1,0
40,400124,1,1,0,0,0,2,2,109,3550,17,3,2014,2,16,4,0,16,6,N SPENCER JONES RD,,0,35.54119722,-97.34891944,0,42,0,0,1,1,0,5,1,10,0,10,0,0000000,16,11,16,34,16,49,0,0,0,1,0
40,400125,1,1,0,0,0,2,2,109,3550,30,3,2014,1,12,30,1,13,3,SR-74 ON-RAMP,,36,35.51133611,-97.57349444,0,33,0,0,5,1,0,4,1,1,0,1,0,0000000,12,54,13,1,13,29,0,0,0,1,0
40,400126,1,1,0,0,0,1,1,143,4780,1,4,2014,3,20,37,1,11,1,I-44,,9,36.08883889,-96.02478889,0,30,0,0,1,1,0,4,3,10,0,10,0,0000000,20,38,20,44,21,9,0,0,0,1,0
40,400127,2,2,0,0,0,3,3,43,0,10,4,2014,5,7,50,1,2,2,US-183,,198,36.09084722,-98.95696389,0,12,6,0,1,1,0,1,1,1,0,1,0,0000000,7,54,8,5,8,29,0,0,0,1,0
40,400128,1,1,0,0,0,1,1,143,4780,12,4,2014,7,1,49,0,16,6,S GARNETT RD,E SKELLY DR,0,36.14617778,-95.85105,0,59,0,0,3,3,0,3,3,1,0,1,0,0000000,1,49,1,54,88,88,0,0,0,1,1
40,400129,1,1,0,0,0,1,1,129,0,17,4,2014,5,14,52,0,6,4,CR-1980,,0,35.54060278,-99.45259167,0,35,0,0,1,1,0,4,1,10,0,10,0,0000000,14,55,15,12,88,88,0,0,0,1,1
40,400130,2,2,0,0,0,2,2,73,0,18,4,2014,6,16,42,0,6,4,CR-E650,CR-N2820,0,36.07320278,-97.97955556,0,12,6,0,2,2,0,1,1,1,0,1,0,0000000,16,45,16,52,88,88,0,0,0,1,0
40,400131,2,2,0,0,0,7,7,109,3550,12,4,2014,7,7,27,1,13,3,SR-74,,60,35.59026111,-97.58443056,0,12,7,1,17,1,0,1,1,1,0,1,0,0000000,7,27,7,31,7,54,0,0,0,2,1
40,400132,1,1,0,0,0,1,1,109,3550,29,3,2014,7,21,52,1,11,1,I-40,I-235 ON-RAMP,58,35.46023333,-97.49151944,0,59,0,1,5,1,0,4,3,1,0,1,0,0000000,21,53,22,2,88,88,0,0,0,1,1
40,400133,2,2,0,0,0,2,2,97,3855,9,4,2014,4,12,21,1,13,2,US-69,CR-EW520,132,36.260725,-95.33354722,0,12,1,0,3,2,0,1,1,1,0,1,0,0000000,12,21,12,26,13,5,0,0,0,1,0
40,400134,2,2,0,0,0,2,2,109,3550,31,3,2014,2,9,23,0,14,6,E MEMORIAL RD,,0,35.60920556,-97.36975278,0,12,6,0,1,1,0,1,1,1,0,1,0,0000000,9,24,9,38,88,88,0,0,0,1,1
40,400135,2,1,1,0,0,1,1,153,5220,19,4,2014,7,2,56,0,15,6,13TH ST,KANSAS AVE,0,36.43669444,-99.39583889,0,14,0,0,3,2,0,5,2,1,0,1,0,0000000,2,57,3,2,3,23,20,0,0,1,1
40,400136,2,2,0,0,0,2,2,139,2010,17,3,2014,2,8,37,1,13,2,US-54,NE 4TH ST,7,36.68134167,-101.4713028,0,12,6,0,2,3,0,1,1,1,0,1,0,0000000,8,38,8,46,9,9,0,0,0,1,0
40,400137,2,2,0,0,0,2,2,37,0,14,4,2014,2,5,55,0,3,3,SR-48,,122,36.05115556,-96.38723611,0,12,2,0,1,1,0,2,2,2,0,2,0,0000000,5,53,6,15,7,1,0,0,0,1,0
40,400138,1,1,0,0,0,3,3,143,4780,21,4,2014,2,9,0,1,12,2,US-75,,25,36.18918611,-95.95926944,0,24,0,0,1,1,0,3,1,2,0,2,0,0000000,9,0,9,7,9,26,0,0,0,1,0
40,400139,1,1,0,0,0,2,2,81,0,28,4,2014,2,21,59,0,6,4,CR-3530,,0,35.58657778,-96.71598056,0,35,0,0,1,1,0,4,2,1,0,1,0,0000000,22,1,22,12,88,88,0,0,0,1,1
40,400140,2,2,0,0,0,4,4,13,0,11,4,2014,6,18,16,1,2,2,US-70,,113,33.99771667,-96.43753056,0,12,6,0,1,1,0,2,1,1,0,1,0,0000000,18,18,18,22,18,54,0,0,0,1,1
40,400141,2,2,0,0,0,3,3,49,0,15,4,2014,3,15,58,0,4,2,US-77,CR-3265,24,34.64258056,-97.18664167,0,12,6,0,3,2,0,1,1,1,0,1,0,0000000,16,0,16,6,16,36,0,0,0,1,0
40,400142,1,1,0,0,0,1,1,111,0,18,4,2014,6,22,27,0,4,4,CR-DENTONVILLE RD,,0,35.78153333,-96.13965556,0,53,0,0,1,1,0,4,2,1,0,1,0,0000000,22,28,22,37,88,88,0,0,0,1,1
40,400143,2,2,0,0,0,3,3,51,4800,8,4,2014,3,7,41,0,4,3,SR-37,,110,35.29090278,-97.76388056,0,12,1,0,1,1,0,1,1,1,0,1,0,0000000,7,41,7,45,8,31,0,0,0,1,0
40,400144,2,1,1,0,0,1,1,143,4780,12,4,2014,7,17,22,0,16,6,S 36TH W AVE,,0,36.09853889,-96.03290833,0,14,0,0,1,1,0,7,1,1,0,1,0,0000000,17,16,17,23,17,57,0,0,0,1,0
40,400145,1,1,0,0,0,2,2,131,0,25,4,2014,6,9,21,1,2,2,US-169,,138,36.55200833,-95.6923,0,38,0,0,1,1,0,4,1,1,0,1,0,0000000,9,21,9,29,10,17,0,0,0,2,0
40,400146,1,1,0,1,1,4,4,101,3310,13,4,2014,1,2,57,1,13,2,US-69,,8,35.76621389,-95.40247778,0,8,0,0,1,1,0,1,2,1,0,1,0,0000000,2,58,4,6,6,5,0,0,0,1,0
40,400147,2,2,0,0,0,2,2,17,3320,10,4,2014,5,11,44,1,13,3,SR-152,N COUNTY LINE RD,149,35.39166667,-97.67135833,0,12,6,0,2,2,0,1,1,1,0,1,0,0000000,11,45,11,49,12,29,0,0,0,1,0
40,400148,1,1,0,0,0,1,1,109,3550,6,5,2014,3,15,9,1,11,8,TURNER TURNPIKE,,97,35.63138889,-97.26256667,0,52,0,0,1,1,0,4,1,1,0,1,0,0000000,15,11,15,44,16,20,0,0,0,1,0
40,400149,1,1,0,0,0,1,1,109,3550,29,4,2014,3,10,50,1,11,1,I-44,,83,35.53118611,-97.49933611,0,1,0,0,1,1,0,3,1,10,0,10,0,0000000,10,53,10,58,88,88,0,0,0,1,0
40,400150,2,2,0,0,0,3,3,31,0,21,4,2014,2,16,26,0,4,4,CR-BISHOP,CR-SE 75TH,0,34.57960278,-98.29970556,0,12,6,0,2,2,0,1,1,1,0,1,0,0000000,16,24,16,33,17,30,0,0,0,1,0
40,400151,1,1,0,0,0,2,2,35,0,22,4,2014,3,14,57,1,11,1,I-44,,118,36.63409444,-95.13102222,0,24,0,0,1,1,0,4,1,1,0,1,0,0000000,14,56,15,3,15,54,0,0,0,1,0
40,400152,1,1,0,0,0,1,1,81,0,30,4,2014,4,99,99,0,6,4,CR-3520,,0,35.48889722,-96.73566944,0,42,0,0,1,1,0,4,1,10,0,10,0,0000000,99,99,99,99,88,88,0,0,0,1,1
40,400153,1,1,0,0,0,3,3,11,0,7,5,2014,4,21,52,0,6,4,CR-E1000,,0,35.56615556,-98.35225833,0,1,0,0,1,1,0,4,2,2,0,2,0,0000000,99,99,99,99,88,88,0,0,0,1,0
40,400154,1,1,0,0,0,1,1,41,0,10,5,2014,7,20,8,0,4,3,SR-85,,16,36.534125,-94.98904722,0,42,0,0,1,1,0,4,5,1,0,1,0,0000000,20,10,20,50,21,18,0,0,0,1,1
40,400155,2,2,0,0,0,5,5,109,3550,28,3,2014,6,13,33,0,16,6,S DOUGLAS BLVD,BRADLEY DR,0,35.42376944,-97.37082222,0,12,1,0,3,3,0,1,1,10,0,10,0,0000000,13,34,13,43,14,34,0,0,0,2,0
40,400156,2,2,0,0,0,2,2,17,3550,3,4,2014,5,21,2,0,16,6,S MUSTANG RD,,0,35.42553611,-97.7246,0,12,2,0,1,1,0,1,2,1,0,1,0,0000000,21,6,21,15,88,88,0,0,0,1,0
40,400157,2,2,0,0,0,3,3,143,4780,1,5,2014,5,6,20,1,13,2,US-64,,49,36.114075,-95.90930556,0,12,7,0,1,1,0,1,4,1,0,1,0,0000000,6,20,6,24,6,52,0,0,0,1,0
40,400158,2,2,0,0,0,4,4,49,0,4,5,2014,1,20,56,1,11,1,I-35,,169,34.73739167,-97.26111944,0,12,7,0,1,1,0,1,5,1,0,1,0,0000000,21,2,21,10,21,27,0,0,0,1,0
40,400159,2,2,0,0,0,2,2,51,90,5,5,2014,2,6,5,0,4,3,SR-19,,126,34.90018056,-97.76045,0,12,6,0,1,1,0,1,2,1,0,1,0,0000000,6,7,6,22,6,54,0,0,0,1,0
40,400160,1,1,0,1,1,2,2,143,4780,8,5,2014,5,17,45,0,16,6,RIVERSIDE PARKWAY,,0,36.03618056,-95.95774444,0,9,0,0,1,1,0,1,1,1,0,1,0,0000000,17,45,17,50,88,88,0,0,0,1,0
40,400161,1,1,0,0,0,2,2,135,0,22,4,2014,3,19,40,1,2,2,US-59,,35,35.38550833,-94.81196667,0,5,0,0,1,1,0,3,1,1,0,1,0,0000000,19,37,19,44,21,0,0,0,0,1,1
40,400162,1,1,0,0,0,1,1,125,0,30,4,2014,4,6,1,0,3,3,SR-39,,34,35.01475556,-97.08212778,0,42,0,0,1,1,0,4,2,1,0,1,0,0000000,6,9,6,21,88,88,0,0,0,1,0
40,400163,1,1,0,0,0,1,1,41,0,16,5,2014,6,3,31,0,3,3,SR-20,,8,36.41446111,-94.99234444,0,42,0,0,1,1,0,4,2,1,0,1,0,0000000,3,26,3,35,4,41,0,0,0,1,0
40,400164,1,1,0,1,1,1,1,149,0,10,5,2014,7,23,44,0,4,3,SR-54,,113,35.45449444,-98.72902222,0,8,0,0,1,1,0,1,2,1,0,1,0,0000000,23,45,0,0,0,20,0,0,0,1,0
40,400165,2,1,1,2,2,2,2,143,4780,28,4,2014,2,10,20,0,16,6,W 71ST ST S,,0,36.06103889,-95.992925,0,33,0,0,1,1,4,4,1,1,0,1,0,0000000,10,20,10,33,10,49,0,0,0,2,0
40,400166,1,1,0,0,0,1,1,143,4780,11,5,2014,1,2,19,1,12,2,US-75,,115,36.11063611,-96.01163889,0,24,0,0,1,1,0,3,3,1,0,1,0,0000000,1,49,2,8,2,30,0,0,0,1,1
40,400167,1,1,0,0,0,1,1,91,0,16,5,2014,6,22,56,1,1,1,I-40,,108,35.45308889,-95.69048056,0,1,0,0,1,1,0,3,2,1,0,1,0,0000000,22,58,23,17,88,88,0,0,0,1,0
40,400168,1,1,0,0,0,1,1,139,0,15,5,2014,5,19,45,0,4,3,SR-95,,1,36.50099444,-101.7526833,0,1,0,0,1,1,0,1,1,1,0,1,0,0000000,19,48,19,57,88,88,0,0,0,1,0
40,400169,2,2,0,0,0,4,4,119,0,4,5,2014,1,15,40,0,3,2,US-177,,40,36.04306111,-97.05114444,0,12,1,0,8,1,0,1,1,1,0,1,0,0000000,15,38,15,45,16,52,0,0,0,1,0
40,400170,1,1,0,0,0,2,2,89,0,19,5,2014,2,23,20,1,2,3,SR-3,,190,34.08080556,-94.86531111,0,35,0,0,1,1,0,4,2,1,0,1,0,0000000,23,26,23,36,1,33,0,0,0,1,0
40,400171,1,1,0,0,0,3,3,67,5050,25,3,2014,3,7,45,1,2,2,US-81,,2,34.16127778,-97.98195,0,59,0,0,1,1,0,4,1,1,0,1,0,0000000,7,45,7,50,8,5,0,0,0,1,1
40,400172,1,1,0,0,0,1,1,45,0,7,5,2014,4,6,36,0,4,4,CR-NS175,,0,36.05681944,-99.88110278,0,30,0,0,1,1,0,4,4,1,0,1,0,0000000,99,99,99,99,88,88,0,0,0,1,0
40,400173,2,2,0,0,0,3,3,143,4780,16,5,2014,6,23,35,0,16,6,S HARVARD AVE,,0,36.09442222,-95.94015833,0,12,6,0,4,1,0,1,3,2,0,2,0,0000000,23,22,23,38,88,88,0,0,0,1,0
40,400174,1,1,0,0,0,1,1,145,0,24,5,2014,7,22,34,0,4,3,SR-251A,,0,35.86935556,-95.23447222,0,33,0,0,1,1,0,4,2,1,0,1,0,0000000,22,20,22,32,23,2,0,0,0,1,1
40,400175,1,1,0,0,0,1,1,69,0,14,4,2014,2,18,58,0,6,4,CR-COBB RD,,0,34.22348333,-96.74803889,0,10,0,0,6,1,0,1,1,1,0,1,0,673060S,18,47,18,54,19,14,0,0,0,1,0
40,400176,1,1,0,0,0,1,1,87,0,21,5,2014,4,6,16,1,11,1,I-35,,103,34.99720556,-97.37464167,0,24,0,0,1,1,0,4,4,10,0,10,0,0000000,6,21,6,24,88,88,0,0,0,1,0
40,400177,1,1,0,0,0,1,1,123,0,24,5,2014,7,6,32,0,3,3,SR-19,,5,34.79663333,-96.92372222,0,38,0,0,1,1,0,4,4,1,0,1,0,0000000,6,31,6,44,8,33,0,0,0,1,0
40,400178,2,2,0,0,0,3,3,15,0,13,5,2014,3,15,37,1,1,1,I-40,,140,35.52912222,-98.37650833,0,12,1,0,1,1,0,1,1,10,0,10,0,0000000,15,40,16,4,17,9,0,0,0,1,0
40,400179,2,2,0,0,0,3,3,131,0,17,5,2014,7,9,53,0,4,3,SR-66,,119,36.45451667,-95.50121944,0,12,9,0,1,1,0,1,1,1,0,1,0,0000000,9,54,10,9,10,47,0,0,0,1,0
40,400180,2,2,0,0,0,4,4,105,0,23,5,2014,6,8,40,1,2,2,US-169,,49,36.66733889,-95.64732222,0,12,6,0,1,1,0,1,1,1,0,1,0,0000000,8,39,8,44,88,88,0,0,0,1,0
40,400181,1,1,0,0,0,1,1,149,0,23,5,2014,6,8,46,0,4,3,SR-55,,64,35.16010278,-99.06231111,0,34,0,0,1,1,0,4,1,2,0,2,0,0000000,8,45,9,0,88,88,0,0,0,1,0
40,400182,1,1,0,0,0,1,1,77,0,24,5,2014,7,22,45,0,4,4,CR-HULSEY PRAIRIE RD,,0,34.866575,-95.25791111,0,34,0,0,1,1,0,4,2,10,0,10,0,0000000,22,44,23,1,88,88,0,0,0,1,1
40,400183,1,1,0,0,0,2,2,13,0,28,5,2014,4,1,10,0,4,4,CR-PLATTER DIKE RD,,0,33.89352222,-96.55111111,0,1,0,0,1,1,0,4,2,10,0,10,0,0000000,1,11,1,23,2,1,0,0,0,1,0
40,400184,3,3,0,0,0,7,7,79,0,11,4,2014,6,20,20,1,2,2,US-270,CR-HICKS CHAPEL RD,20,34.95198611,-94.89250278,0,12,6,0,3,3,0,1,2,1,0,1,0,0000000,20,18,20,43,21,3,0,0,0,2,0
40,400185,3,3,0,0,0,3,3,33,0,4,5,2014,1,10,33,1,1,1,I-44,,192,34.4302,-98.40943889,0,12,7,0,1,1,0,1,1,1,0,1,0,0000000,10,33,10,50,11,45,14,0,0,1,0
40,400186,1,1,0,0,0,1,1,47,1550,6,5,2014,3,14,24,0,16,6,N 42ND ST,,0,36.40022778,-97.81891389,0,10,0,0,6,1,0,1,1,1,0,1,0,673830L,14,28,14,37,15,5,0,0,0,1,0
40,400187,1,1,0,0,0,2,2,5,0,16,5,2014,6,10,30,0,4,3,SR-7,,115,34.37491111,-96.21663889,0,1,0,0,1,1,0,1,1,1,0,1,0,0000000,10,29,10,34,88,88,0,0,0,1,0
40,400188,2,2,0,0,0,2,2,43,0,21,5,2014,4,7,11,1,2,2,US-183,,144,36.018775,-98.96440833,0,12,2,0,1,1,0,1,1,1,0,1,0,0000000,99,99,99,99,88,88,0,0,0,2,0
40,400189,1,1,0,0,0,1,1,83,2000,23,5,2014,6,12,35,1,11,1,I-35 ON-RAMP,,68,35.82346111,-97.4116,0,32,0,1,5,1,0,8,1,1,0,1,0,0000000,12,40,13,10,13,43,0,0,0,1,0
40,400190,1,1,0,0,0,1,1,109,3550,29,5,2014,5,6,37,0,16,6,N COLTRANE RD,,0,35.58420833,-97.44278333,0,42,0,0,1,1,0,4,1,1,0,1,0,0000000,6,35,6,46,7,37,0,0,0,1,0
40,400191,2,2,0,0,0,2,2,11,0,29,5,2014,5,12,3,1,2,2,US-270,CR-EW910,114,35.69543889,-98.35477222,0,12,6,0,2,2,0,1,1,1,0,1,0,0000000,12,6,12,23,13,25,0,0,0,1,0
40,400192,1,1,0,0,0,2,2,103,0,1,6,2014,1,12,31,0,4,2,US-77,,46,36.23113056,-97.37191389,0,38,0,0,1,1,0,4,1,10,0,10,0,0000000,12,32,12,43,13,10,0,0,0,1,0
40,400193,2,2,0,0,0,4,4,137,0,2,6,2014,2,23,4,0,4,3,SR-76,SR-29,0,34.63775278,-97.59793333,0,12,1,0,3,4,0,1,2,1,0,1,0,0000000,99,99,99,99,88,88,20,0,0,1,1
40,400194,2,2,0,0,0,2,2,5,0,8,5,2014,5,13,1,1,2,3,SR-3,,128,34.28066667,-95.95009167,0,12,6,0,1,1,0,1,1,2,0,2,0,0000000,13,1,13,15,13,45,0,0,0,1,0
40,400195,1,1,0,0,0,1,1,101,0,24,5,2014,7,11,56,1,1,8,MUSKOGEE TURNPIKE,,15,35.80441389,-95.32021111,0,1,0,0,1,1,0,4,1,10,0,10,0,0000000,12,4,12,15,12,54,0,0,0,1,0
40,400196,1,1,0,0,0,1,1,39,0,24,5,2014,7,16,17,1,1,1,I-40,,133,35.51182778,-98.92308333,0,35,0,0,1,1,0,4,1,10,0,10,0,0000000,16,26,16,33,88,88,0,0,0,1,0
40,400197,1,1,0,0,0,1,1,35,0,28,5,2014,4,21,30,0,4,4,CR-EW250,,0,36.51037222,-95.12912778,0,42,0,0,1,1,0,4,2,10,0,10,0,0000000,21,28,21,32,88,88,0,0,0,1,1
40,400198,2,2,0,0,0,7,7,81,0,31,5,2014,7,16,4,0,4,3,SR-105,CR-3310,20,35.86934444,-97.10592222,0,12,6,0,2,3,0,1,1,10,0,10,0,0000000,16,13,16,39,17,16,0,0,0,1,0
40,400199,1,1,0,0,0,1,1,51,0,15,5,2014,5,21,40,1,2,2,US-81,,10,34.6956,-97.95811389,0,59,0,0,1,1,0,3,2,10,0,10,0,0000000,21,40,21,52,88,88,0,0,0,1,1
40,400200,4,4,0,0,0,6,6,143,3630,22,5,2014,5,7,22,1,12,2,US-169,,92,36.27145833,-95.8479,0,12,1,0,1,1,0,1,1,1,0,1,0,0000000,7,21,7,24,8,0,0,0,0,1,0
40,400201,2,2,0,0,0,5,5,109,3550,20,5,2014,3,7,30,1,11,1,I-240,,41,35.39195278,-97.50289167,0,12,1,0,1,1,0,1,1,10,0,10,0,0000000,7,29,7,37,7,54,0,0,0,1,0
40,400202,1,1,0,0,0,1,1,31,0,29,5,2014,5,15,37,1,2,3,SR-7,,43,34.59408333,-98.30335833,0,1,0,0,1,1,0,3,1,1,0,1,0,0000000,99,99,99,99,88,88,0,0,0,1,0
40,400203,1,1,0,0,0,2,2,1,0,30,4,2014,4,19,37,0,6,4,CR-NO NAME,,0,35.85454444,-94.75972778,0,42,0,0,1,1,0,4,5,1,0,1,0,0000000,19,50,20,16,21,18,0,0,0,1,1
40,400204,1,1,0,0,0,2,2,49,0,28,2,2014,6,23,51,0,4,3,SR-19,,146,34.81725833,-97.41626111,0,42,0,0,1,1,0,4,3,1,0,1,0,0000000,23,47,0,0,0,46,0,0,0,1,1
40,400205,2,2,0,0,0,3,3,31,1650,1,3,2014,7,8,5,0,4,2,US-277,NORTH DR,98,34.82918889,-98.24565278,0,12,6,0,2,2,0,1,1,10,0,10,0,0000000,8,8,8,16,8,59,0,0,0,1,0
40,400206,2,2,0,0,0,6,6,23,0,20,4,2014,1,21,0,1,2,2,US-271,CR-2120,53,33.93996667,-95.52355556,0,12,6,0,2,2,0,1,2,2,0,2,0,0000000,20,59,21,7,21,42,0,0,0,4,1
40,400207,2,2,0,0,0,3,3,123,0,28,4,2014,2,23,15,1,13,8,CHICKASAW TURNPIKE,,44,34.63933056,-96.84168333,0,12,2,0,1,1,0,1,2,1,0,1,0,0000000,23,36,0,6,0,59,0,0,0,2,1
40,400208,1,1,0,1,1,1,1,109,4837,16,5,2014,6,18,41,0,6,6,COX AVE,,0,35.39996667,-97.48360278,0,15,0,0,1,1,0,1,1,1,0,1,0,0000000,18,42,18,46,18,59,0,0,0,1,0
40,400209,1,1,0,0,0,1,1,15,0,21,5,2014,4,16,59,1,1,1,I-40,,29,35.53628333,-98.57141944,0,34,0,0,1,1,0,4,1,1,0,1,0,0000000,17,2,17,11,88,88,0,0,0,1,0
40,400210,1,1,0,0,0,1,1,125,0,29,5,2014,5,18,1,0,4,4,CR-SLAUGHTERVILLE,,0,35.10895278,-97.06297778,0,38,0,0,1,1,0,4,1,8,0,8,0,0000000,18,0,18,24,19,10,0,0,0,1,0
40,400211,2,1,1,0,0,1,1,19,210,4,6,2014,4,1,27,0,16,6,10TH SE,,0,34.15850833,-97.13437222,0,42,0,0,1,1,0,4,3,1,0,1,0,0000000,1,29,1,36,88,88,0,0,0,1,1
40,400212,2,2,0,0,0,3,3,37,0,4,6,2014,4,10,42,0,3,3,SR-51,,78,36.10511111,-96.44021667,0,12,6,0,1,1,0,2,1,10,0,10,0,0000000,10,37,10,45,11,35,0,0,0,2,0
40,400213,2,2,0,0,0,2,2,105,0,6,6,2014,6,7,30,1,2,2,US-169,CR-E06,159,36.93023333,-95.62935278,0,12,6,0,2,2,0,1,1,10,0,10,0,0000000,99,99,99,99,99,99,0,0,0,1,0
40,400214,1,1,0,0,0,1,1,51,0,6,6,2014,6,18,34,0,4,4,CR-1520,,0,34.81189444,-97.69995,0,43,0,0,1,1,0,4,1,10,0,10,0,0000000,18,36,18,54,88,88,0,0,0,1,1
40,400215,1,1,0,0,0,1,1,35,0,11,6,2014,4,15,31,0,4,3,SR-82,,2,36.51315556,-95.05963056,0,58,0,0,1,1,0,4,1,1,0,1,0,0000000,99,99,99,99,88,88,0,0,0,1,0
40,400216,1,1,0,0,0,1,1,71,0,31,5,2014,7,17,17,0,4,4,CR-LAKE,,0,36.70949722,-96.988375,0,1,0,0,1,1,0,4,1,1,0,1,0,0000000,17,16,17,25,19,7,0,0,0,1,0