STATE,ST_CASE,VE_TOTAL,VE_FORMS,PVH_INVL,PEDS,PERNOTMVIT,PERMVIT,PERSONS,COUNTY,CITY,DAY,MONTH,YEAR,DAY_WEEK,HOUR,MINUTE,NHS,ROAD_FNC,ROUTE,TWAY_ID,TWAY_ID2,MILEPT,LATITUDE,LONGITUD,SP_JUR,HARM_EV,MAN_COLL,RELJCT1,RELJCT2,TYP_INT,WRK_ZONE,REL_ROAD,LGT_COND,WEATHER1,WEATHER2,WEATHER,SCH_BUS,RAIL,NOT_HOUR,NOT_MIN,ARR_HOUR,ARR_MIN,HOSP_HR,HOSP_MN,CF1,CF2,CF3,FATALS,DRUNK_DR
40,400217,1,1,0,1,1,3,3,109,3550,7,6,2014,7,2,48,0,16,6,I240 SERVICE RD,,0,35.39268611,-97.558075,0,8,0,0,1,1,0,1,2,2,0,2,0,0000000,2,47,2,55,88,88,0,0,0,1,0
40,400218,2,2,0,0,0,4,4,119,0,22,5,2014,5,10,30,0,4,3,SR-86,,24,36.15043611,-97.28280278,0,12,1,0,8,1,4,1,1,1,0,1,0,0000000,10,29,10,40,88,88,0,0,0,1,0
40,400219,2,2,0,0,0,4,4,97,0,10,5,2014,7,17,30,0,4,3,SR-82,,29,36.23818056,-95.14183611,0,12,2,0,8,1,0,1,1,1,0,1,0,0000000,17,37,17,43,18,53,0,0,0,1,0
40,400220,2,2,0,0,0,2,2,87,3378,31,5,2014,7,1,11,0,3,3,SR-62,,73,35.2029,-97.5996,0,12,1,0,1,1,0,1,2,1,0,1,0,0000000,1,11,1,16,88,88,0,0,0,1,1
40,400221,1,1,0,0,0,1,1,153,0,4,5,2014,1,17,5,0,6,4,CR-EW50,,0,36.289725,-99.375525,0,1,0,0,1,1,0,1,1,1,0,1,0,0000000,19,10,19,15,19,25,0,0,0,1,0
40,400222,2,2,0,0,0,2,2,45,0,8,6,2014,1,12,20,0,3,2,US-283,CR-EW62,181,36.11672778,-99.75702222,0,12,6,0,2,2,0,1,1,1,0,1,0,0000000,12,21,12,28,88,88,0,0,0,1,0
40,400223,1,1,0,0,0,1,1,145,0,12,6,2014,5,13,2,1,2,8,MUSKOGEE TURNPIKE,,62,36.00961944,-95.66046389,0,1,0,0,1,1,0,4,1,1,0,1,0,0000000,13,5,13,15,88,88,0,0,0,1,0
40,400224,2,2,0,0,0,3,3,61,0,27,5,2014,3,13,48,0,3,3,SR-9,SR-26,162,35.25718056,-94.95577222,0,12,6,0,2,2,0,1,1,2,0,2,0,0000000,13,46,13,58,88,88,0,0,0,2,0
40,400225,1,1,0,0,0,2,2,73,0,14,6,2014,7,21,16,0,6,4,CR-E710,,0,35.98611944,-97.88452778,0,35,0,0,1,1,0,4,2,1,0,1,0,0000000,21,12,21,25,22,34,0,0,0,1,1
40,400226,1,1,0,0,0,2,2,47,0,16,6,2014,2,23,54,0,6,4,CR-LONGHORN,,0,36.31814167,-97.58805556,0,5,0,0,1,1,0,1,2,1,0,1,0,0000000,0,1,0,12,99,99,18,0,0,1,1
40,400227,2,2,0,0,0,2,2,135,0,23,6,2014,2,18,49,1,1,1,I-40,,151,35.39611111,-94.5614,0,12,1,0,1,1,0,1,1,1,0,1,0,0000000,18,46,18,56,19,40,0,0,0,1,0
40,400229,1,1,0,0,0,1,1,13,0,19,6,2014,5,12,25,0,4,4,CR-CADDO HIGHWAY,,0,34.05841389,-96.33278611,0,30,0,0,1,1,0,4,1,10,0,10,0,0000000,12,36,12,39,13,10,0,0,0,1,0
40,400230,2,2,0,0,0,3,3,31,2750,9,4,2014,4,20,46,0,13,6,NW FORT SILL BLVD,NW SMITH AVE,0,34.63234167,-98.40470556,0,12,1,0,3,3,0,1,3,1,0,1,0,0000000,21,1,21,22,22,3,0,0,0,1,1
40,400231,2,2,0,0,0,3,3,111,3560,20,4,2014,1,2,22,1,13,2,US-75,,3,35.61354722,-95.96160833,0,12,2,0,1,1,0,1,2,1,0,1,0,0000000,2,22,2,29,4,5,0,0,0,2,1
40,400232,1,1,0,0,0,2,2,15,0,24,5,2014,7,5,50,0,5,4,CR-2660,,0,35.03468333,-98.25133611,0,38,0,0,1,1,0,4,2,10,0,10,0,0000000,5,45,5,50,88,88,0,0,0,2,1
40,400233,1,1,0,0,0,1,1,143,4780,21,6,2014,7,19,43,0,16,6,S 124TH E AVE,,0,36.14594722,-95.83745833,0,1,0,0,1,1,0,1,1,1,0,1,0,0000000,19,39,19,48,88,88,0,0,0,1,1
40,400234,3,3,0,0,0,3,3,143,400,3,4,2014,5,15,58,0,16,6,E 131ST ST S,,0,35.97379444,-95.87207778,0,12,2,0,1,1,0,1,1,10,0,10,0,0000000,15,19,15,30,88,88,20,0,0,1,0
40,400235,2,2,0,0,0,4,4,143,400,12,4,2014,7,16,23,1,13,2,US-64,E 141ST ST S,50,35.95358056,-95.88635833,0,12,6,0,2,2,0,1,1,10,0,10,0,0000000,16,11,16,21,17,9,0,0,0,1,0
40,400236,1,1,0,0,0,4,4,109,3550,27,3,2014,5,1,59,0,13,6,NW 23RD ST,N SHARTEL AVE,0,35.49323333,-97.525875,0,33,0,0,3,2,0,4,3,10,0,10,0,0000000,1,59,2,6,2,17,0,0,0,3,1
40,400237,1,1,0,0,0,1,1,131,0,20,4,2014,1,14,1,0,6,4,CR-NS419,,0,36.35809722,-95.54313333,0,30,0,0,1,1,0,4,1,10,0,10,0,0000000,14,10,14,22,15,16,0,0,0,1,0
40,400238,2,2,0,0,0,4,4,21,0,10,5,2014,7,15,7,0,4,3,SR-82,CR-FLOURNOY,179,35.82706667,-94.96756389,0,12,1,0,3,3,0,1,1,1,0,1,0,0000000,15,8,15,17,15,54,0,0,0,1,0
40,400239,2,1,1,1,3,1,3,143,4780,15,5,2014,5,22,30,1,12,2,US-169,,51,36.08211111,-95.85928611,0,8,0,0,1,1,0,3,2,10,0,10,0,0000000,22,30,22,56,0,4,23,0,0,1,0
40,400240,2,2,0,0,0,2,2,101,0,23,5,2014,6,18,22,0,3,3,SR-16,CR-204TH,40,35.74038611,-95.69511944,0,12,6,0,2,2,0,1,1,10,0,10,0,0000000,18,30,18,41,88,88,0,0,0,1,0
40,400241,1,1,0,1,1,2,2,119,0,31,5,2014,7,0,43,0,4,4,CR-19TH ST,,0,36.10198889,-96.98178056,0,8,0,0,1,1,0,1,2,10,0,10,0,0000000,99,99,99,99,88,88,0,0,0,1,0
40,400242,1,1,0,0,0,1,1,41,0,1,6,2014,1,16,47,0,4,3,SR-125,,14,36.58294167,-94.86508889,0,34,0,0,1,1,0,4,1,1,0,1,0,0000000,16,46,16,55,17,42,0,0,0,1,0
40,400243,1,1,0,0,0,1,1,83,2000,10,6,2014,3,21,46,1,11,1,I-35 OFF-RAMP,,69,35.82402778,-97.41104444,0,24,0,1,5,1,0,4,2,1,0,1,0,0000000,20,47,20,51,88,88,0,0,0,1,0
40,400244,2,2,0,0,0,3,3,123,0,11,6,2014,4,13,35,1,2,8,CHICKASAW TURNPIKE,SH-1W,77,34.65689167,-96.79530556,0,12,6,0,2,3,0,1,1,1,0,1,0,0000000,13,36,13,47,14,27,0,0,0,1,1
40,400245,2,2,0,0,0,2,2,17,3550,11,6,2014,4,23,47,1,13,3,SR-66,,145,35.51498056,-97.68256111,0,12,2,0,1,1,0,1,2,10,0,10,0,0000000,23,47,23,57,0,24,0,0,0,1,1
40,400246,3,3,0,0,0,4,4,39,0,13,6,2014,6,16,50,1,2,2,US-183,,67,35.611675,-98.96014167,0,12,6,0,1,1,0,2,1,1,0,1,0,0000000,16,51,17,0,18,16,0,0,0,2,0
40,400247,1,1,0,0,0,3,3,21,0,21,6,2014,7,17,46,0,4,3,SR-82B,,54,36.03408333,-94.91880278,0,42,0,0,1,1,0,4,1,1,0,1,0,0000000,17,48,18,1,18,36,0,0,0,1,1
40,400248,2,2,0,0,0,3,3,145,0,21,6,2014,7,19,22,0,4,4,CR-700,,0,36.00255833,-95.31830278,0,12,2,0,1,1,0,1,1,1,0,1,0,0000000,19,16,19,24,19,54,0,0,0,1,1
40,400249,1,1,0,0,0,1,1,143,4780,23,6,2014,2,1,15,0,14,6,S LEWIS AVE,,0,36.07468333,-95.95798889,0,33,0,0,1,1,0,4,3,10,0,10,0,0000000,1,18,1,18,1,45,0,0,0,1,1
40,400250,1,1,0,0,0,1,1,61,0,23,6,2014,2,7,28,0,6,4,CR-4564 RD,,0,35.21115278,-94.89563056,0,1,0,0,1,1,0,4,1,10,0,10,0,0000000,99,99,99,99,88,88,0,0,0,1,0
40,400251,1,1,0,0,0,5,5,89,0,23,6,2014,2,11,30,1,2,3,SR-3,,59,33.895625,-94.68650556,0,32,0,0,1,1,0,4,1,10,0,10,0,0000000,12,30,13,7,14,5,0,0,0,3,0
40,400252,2,2,0,0,0,2,2,119,0,23,6,2014,2,13,23,0,3,3,SR-51,,26,36.11614444,-97.00475,0,12,2,0,1,1,0,1,1,10,0,10,0,0000000,88,88,88,88,88,88,0,0,0,1,0
40,400253,1,1,0,0,0,1,1,39,1030,23,6,2014,2,14,58,1,11,1,I-40,,117,35.50078889,-98.94730833,0,1,0,0,1,1,0,3,1,1,0,1,0,0000000,15,3,15,7,88,88,0,0,0,1,0
40,400254,3,3,0,0,0,5,5,153,0,23,6,2014,2,19,15,1,2,2,US-183,,206,36.58755556,-99.59033056,0,12,6,0,1,1,0,1,1,1,0,1,0,0000000,19,14,19,33,20,35,0,0,0,1,0
40,400255,2,2,0,0,0,2,2,53,0,25,6,2014,4,5,58,0,3,3,SR-11,,42,36.81124722,-98.03479722,0,12,6,0,1,1,0,1,4,10,0,10,0,0000000,5,57,6,18,7,48,0,0,0,1,0
40,400256,1,1,0,0,0,2,2,61,0,26,6,2014,5,9,34,0,3,3,SR-2,,66,35.20357222,-95.24060278,0,35,0,0,1,1,0,4,1,10,0,10,0,0000000,9,21,9,34,10,44,0,0,0,1,0
40,400257,1,1,0,0,0,1,1,11,0,1,7,2014,3,99,99,0,4,3,SR-58,,39,35.89722222,-98.58373056,0,43,0,0,1,1,0,4,4,2,0,2,0,0000000,99,99,99,99,88,88,0,0,0,1,1
40,400258,2,1,1,0,1,1,2,49,0,3,7,2014,5,7,1,1,11,1,I-35,,157,34.72159722,-97.25248056,0,14,0,0,1,1,0,2,1,1,0,1,0,0000000,7,9,7,18,7,35,0,0,0,1,0
40,400259,2,2,0,0,0,5,5,145,0,25,5,2014,1,13,26,1,2,8,MUSKOGEE TURNPIKE,,117,35.95777222,-95.58958611,0,12,1,0,1,1,0,1,1,10,0,10,0,0000000,13,29,13,35,15,5,0,0,0,1,0
40,400260,1,1,0,1,1,2,2,69,1054,26,6,2014,5,11,55,0,4,3,SR-48,,72,34.27049444,-96.42473333,0,8,0,0,1,1,0,1,1,1,0,1,0,0000000,11,57,12,12,12,27,0,0,0,1,0
40,400261,2,2,0,0,0,4,4,9,0,27,6,2014,6,16,23,0,3,3,SR-6S,SR-152,0,35.29130278,-99.39961944,0,12,6,0,2,2,0,1,1,10,0,10,0,0000000,16,35,16,43,17,37,0,0,0,2,0
40,400262,2,2,0,0,0,3,3,127,0,26,6,2014,5,13,10,1,2,8,INDIAN NATION TURNPIKE,,43,34.21035,-95.62709722,0,12,6,0,1,1,0,1,1,10,0,10,0,0000000,99,99,99,99,88,88,0,0,0,3,0
40,400263,1,1,0,0,0,3,3,17,0,13,6,2014,6,7,11,1,1,1,I-40,,109,35.52950278,-98.11923889,0,24,0,0,1,1,0,4,1,10,0,10,0,0000000,7,15,7,24,8,11,0,0,0,1,0
40,400264,2,2,0,0,0,5,5,51,0,27,5,2014,3,12,30,0,3,3,SR-62,CR-2790,41,35.07991389,-98.02268611,0,12,6,0,2,2,0,1,1,1,0,1,0,0000000,12,30,12,37,13,0,0,0,0,2,0
40,400265,1,1,0,0,0,1,1,123,0,14,6,2014,7,19,5,0,4,4,CR-3470,,0,34.82585833,-96.82713889,0,32,0,0,1,1,0,4,1,10,0,10,0,0000000,19,7,19,20,88,88,0,0,0,1,1
40,400266,1,1,0,0,0,3,3,135,0,19,6,2014,5,12,29,1,11,1,I-40,,152,35.39660278,-94.55935278,0,1,0,0,1,1,0,4,1,10,0,10,0,0000000,12,29,12,39,13,3,0,0,0,1,0
40,400267,1,1,0,0,0,2,2,109,3550,28,6,2014,7,3,49,1,11,1,I-40,,40,35.45999167,-97.60095,0,25,0,0,1,1,0,4,3,10,0,10,0,0000000,3,48,4,2,4,18,0,0,0,1,1
40,400268,1,1,0,0,0,2,2,41,0,4,7,2014,6,21,4,0,3,3,SR-20,,122,36.43888611,-94.60819167,0,1,0,0,1,1,0,4,2,1,0,1,0,0000000,21,1,21,19,88,88,0,0,0,2,1
40,400269,2,2,0,0,0,3,3,119,0,7,7,2014,2,5,31,0,3,3,SR-33,CR-NORFOLK RD,29,35.98538056,-96.71617778,0,12,6,0,2,2,0,1,2,1,0,1,0,0000000,5,35,5,41,7,0,0,0,0,1,1
40,400270,1,1,0,0,0,1,1,143,4780,4,7,2014,6,20,0,0,16,6,S 129TH E AVE,,0,36.14889167,-95.83323333,0,33,0,0,1,1,0,3,5,1,0,1,0,0000000,19,51,20,2,88,88,0,0,0,1,1
40,400271,2,2,0,0,0,3,3,25,0,10,5,2014,7,14,35,0,4,3,SR-325,,330,36.73358889,-102.6040472,0,12,6,0,1,1,0,1,1,1,0,1,0,0000000,14,40,14,49,15,18,0,0,0,1,0
40,400272,1,1,0,0,0,1,1,143,4780,12,7,2014,7,10,40,0,16,6,E PINE ST,,0,36.17700278,-95.85973889,0,31,0,0,1,1,0,4,1,1,0,1,0,0000000,10,50,10,58,88,88,0,0,0,1,0
40,400273,2,2,0,0,0,2,2,55,0,28,5,2014,4,16,51,0,3,3,SR-6,,18,34.88252778,-99.37828889,0,12,6,0,1,1,0,1,1,1,0,1,0,0000000,16,52,17,8,17,25,0,0,0,1,0
40,400274,2,2,0,0,0,4,4,109,970,19,5,2014,2,13,30,1,13,2,US-62,,99999,35.49313889,-97.2544,0,12,2,0,1,1,0,2,1,1,0,1,0,0000000,13,17,13,45,14,2,0,0,0,3,0
40,400275,2,2,0,0,0,2,2,115,0,19,6,2014,5,7,49,1,1,1,I-44,,24,36.71344444,-94.95993333,0,12,1,0,1,1,0,1,1,10,0,10,0,0000000,99,99,99,99,88,88,0,0,0,1,0
40,400276,3,3,0,0,0,4,4,47,1550,26,6,2014,5,17,30,1,13,2,US-81,OXFORD,26,36.42803611,-97.89000833,0,12,6,0,2,2,0,1,1,1,0,1,0,0000000,17,21,17,28,17,44,0,0,0,1,0
40,400277,2,2,0,0,0,2,2,19,0,11,7,2014,6,8,33,1,2,3,SR-3,,123,34.49355833,-97.36761944,0,12,6,0,1,1,0,1,1,10,0,10,0,0000000,8,34,8,56,88,88,0,0,0,2,1
40,400278,2,2,0,0,0,2,2,137,0,16,6,2014,2,6,21,0,4,4,CR-N3050,,0,34.59263611,-97.5629,0,12,6,0,8,1,0,1,1,1,0,1,0,0000000,6,32,6,51,88,88,0,0,0,1,0
40,400279,1,1,0,1,1,1,1,109,3550,22,6,2014,1,15,0,0,13,6,NW 23RD ST,N GERALDINE,0,35.49328611,-97.59671944,0,8,0,0,2,3,0,1,1,10,0,10,0,0000000,15,0,15,4,15,19,0,0,0,1,0
40,400280,2,2,0,0,0,2,2,131,0,26,6,2014,5,6,57,0,4,3,SR-66,CR-EW380,130,36.46649167,-95.48821667,0,12,6,0,2,2,0,1,1,10,0,10,0,0000000,6,51,7,5,88,88,0,0,0,1,0
40,400281,2,2,0,0,0,2,2,17,3550,3,7,2014,5,20,51,0,13,6,RENO AVE,WESTHALL,0,35.46431389,-97.69187222,0,12,6,0,2,3,0,1,5,1,0,1,0,0000000,20,50,20,52,21,20,0,0,0,1,0
40,400282,1,1,0,1,1,1,1,31,2750,22,4,2014,3,0,8,0,14,6,NW CACHE RD,,0,34.62341944,-98.45698611,0,8,0,0,1,1,0,1,2,1,0,1,0,0000000,0,13,0,16,0,33,0,0,0,1,0
40,400283,1,1,0,0,0,1,1,31,2750,31,5,2014,7,3,3,1,2,2,US-62,,10,34.63772778,-98.49574444,0,33,0,0,1,1,0,3,2,1,0,1,0,0000000,99,99,99,99,88,88,0,0,0,1,1
40,400284,1,1,0,0,0,1,1,55,2990,20,5,2014,3,12,0,0,4,4,CR-E1470,N OKLAHOMA AVE,0,34.88566667,-99.50604444,0,32,0,0,3,2,0,4,1,1,0,1,0,0000000,99,99,99,99,88,88,0,0,0,1,1
40,400285,5,5,0,0,0,7,7,27,3550,18,7,2014,6,16,29,0,4,3,SR-77H,,40,35.31999722,-97.42362778,0,12,8,0,1,1,0,1,1,1,0,1,0,0000000,16,29,16,44,17,14,0,0,0,1,0
40,400286,2,2,0,0,0,2,2,35,370,16,6,2014,2,12,59,1,2,2,US-69,I-44,41,36.56589444,-95.22000556,0,12,6,0,2,2,0,1,1,1,0,1,0,0000000,12,58,13,6,88,88,0,0,0,1,0
40,400287,2,2,0,0,0,2,2,79,0,3,7,2014,5,13,2,1,2,2,US-59,,39,35.24198889,-94.73993056,0,12,6,0,8,1,0,1,1,1,0,1,0,0000000,12,57,13,9,88,88,0,0,0,1,0
40,400288,2,2,0,0,0,6,6,87,3870,3,7,2014,5,21,35,1,13,2,US-77,,99,34.97950833,-97.36468889,0,12,6,0,1,1,0,1,2,1,0,1,0,0000000,21,59,22,26,22,48,0,0,0,1,0
40,400289,2,2,0,0,0,5,5,13,0,6,7,2014,1,16,9,1,2,2,US-70,,27,33.99878889,-96.58746111,0,12,2,0,1,1,0,1,1,1,0,1,0,0000000,16,15,16,26,99,99,0,0,0,4,0
40,400290,1,1,0,0,0,1,1,93,0,15,7,2014,3,18,0,0,4,2,US-60,,125,36.21669444,-98.76606111,0,1,0,0,1,1,0,4,1,1,0,1,0,0000000,18,1,18,21,88,88,0,0,0,1,1
40,400291,2,2,0,0,0,3,3,109,3550,12,7,2014,7,9,27,0,14,6,S EASTERN AVE,SE GRAND BLVD,0,35.4296,-97.47695556,0,12,6,0,2,2,0,1,1,1,0,1,0,0000000,9,27,9,36,9,57,0,0,0,1,0
40,400292,1,1,0,0,0,1,1,143,4780,29,6,2014,1,5,54,1,11,1,I-44,,76,36.10318611,-95.91101667,0,59,0,0,1,1,0,4,4,10,0,10,0,0000000,5,52,5,55,6,24,0,0,0,1,0
40,400293,2,2,0,0,0,4,4,85,0,30,6,2014,2,20,53,1,1,1,I-35,,90,33.84818333,-97.13405556,0,12,1,0,1,1,0,1,5,1,0,1,0,0000000,21,6,21,26,22,16,0,0,0,2,0
40,400294,1,1,0,0,0,1,1,109,3550,3,7,2014,5,15,52,1,11,1,I-35,,11,35.55676667,-97.45445833,0,1,0,0,1,1,0,3,1,1,0,1,0,0000000,15,53,16,3,88,88,28,0,0,1,0
40,400295,1,1,0,0,0,1,1,121,0,8,7,2014,3,10,32,0,4,4,CR-RED OAK CEMETERY,,0,34.898475,-95.62012778,0,42,0,0,1,1,0,4,1,1,0,1,0,0000000,10,25,10,51,88,88,0,0,0,1,0
40,400296,1,1,0,0,0,1,1,109,3550,16,7,2014,4,6,13,0,16,6,NEWCASTLE RD,,0,35.42426389,-97.60253056,0,21,0,0,1,1,0,4,2,10,0,10,0,0000000,6,14,6,28,88,88,0,0,0,1,0
40,400297,3,3,0,0,0,4,4,31,0,23,5,2014,6,8,34,0,4,4,CR-NW CACHE RD,CR- NW DEYO MISSION RD,0,34.62345556,-98.545175,0,12,6,0,2,2,0,1,1,10,0,10,0,0000000,8,35,8,47,9,27,0,0,0,1,0
40,400298,1,1,0,1,1,1,1,109,3170,12,6,2014,5,6,16,0,13,6,SE 29TH ST,,0,35.43519167,-97.37593333,0,9,0,0,1,1,0,1,6,2,0,2,0,0000000,6,19,6,23,6,49,0,0,0,1,0
40,400299,2,2,0,0,0,3,3,113,0,16,7,2014,4,10,13,0,4,4,CR-52ND W AVE,CR-ROCKSCHOOL RD,0,36.26415556,-96.05323889,0,12,6,0,2,2,0,1,1,1,0,1,0,0000000,10,14,10,21,10,50,0,0,0,1,0
40,400300,1,1,0,0,0,1,1,27,0,26,7,2014,7,6,17,0,4,2,US-77,,25,35.03626389,-97.33558611,0,32,0,0,1,1,0,4,4,1,0,1,0,0000000,6,22,6,27,88,88,0,0,0,1,1
40,400301,1,1,0,1,1,1,1,97,0,17,7,2014,5,3,38,0,4,4,CR-N433,,0,36.10990556,-95.29673333,0,8,0,0,1,1,0,1,2,2,0,2,0,0000000,3,25,99,97,99,97,0,0,0,1,0
40,400302,1,1,0,0,0,1,1,137,1420,26,5,2014,2,15,37,1,13,2,US-81,,50,34.56266944,-97.96671667,0,59,0,0,1,1,0,4,1,10,0,10,0,0000000,15,41,15,45,88,88,0,0,0,1,1
40,400303,2,2,0,0,0,2,2,109,1480,23,6,2014,2,13,39,0,14,6,KELLY AVE,W EDMOND RD,0,35.65295833,-97.49600278,0,12,2,0,2,2,0,1,1,10,0,10,0,0000000,13,39,13,46,14,31,0,0,0,1,0
40,400304,2,2,0,0,0,3,3,47,1550,11,7,2014,6,0,35,1,13,2,US-60,S RALEIGH RD,20,36.39729167,-97.802675,0,12,6,0,2,2,0,1,3,1,0,1,0,0000000,0,27,0,33,88,88,0,0,0,2,1
40,400305,1,1,0,0,0,3,3,127,0,7,7,2014,2,8,19,1,2,3,SR-3,,261,34.18603333,-95.17176667,0,35,0,0,1,1,0,4,1,1,0,1,0,0000000,8,13,8,34,10,32,0,0,0,1,0
40,400306,2,2,0,0,0,2,2,145,590,18,7,2014,6,2,48,1,13,8,MUSKOGEE TURNPIKE,,31,36.03219167,-95.70688611,0,12,1,0,1,1,0,1,2,10,0,10,0,0000000,3,29,3,39,4,18,0,0,0,1,0
40,400307,1,1,0,0,0,1,1,49,0,30,7,2014,4,2,39,0,6,4,CR-N300,,0,34.74233333,-97.65101111,0,34,0,0,1,1,0,4,2,10,0,10,0,0000000,2,36,4,20,88,88,0,0,0,1,1
40,400308,2,2,0,0,0,3,3,153,0,15,7,2014,3,17,0,0,3,3,SR-34,CR-EW57,19,36.18800556,-99.31796667,0,12,6,0,3,3,0,1,1,1,0,1,0,0000000,16,1,16,21,17,2,0,0,0,1,0
40,400309,1,1,0,0,0,1,1,51,0,20,7,2014,1,5,30,0,3,3,SR-39,,41,35.04415556,-97.74974722,0,42,0,0,1,1,0,4,2,1,0,1,0,0000000,7,41,8,15,8,35,0,0,0,1,0
40,400310,1,1,0,0,0,3,3,75,0,22,7,2014,3,13,48,0,4,4,CR-NS2090,,0,34.96663611,-99.25445556,0,1,0,0,1,1,0,4,1,1,0,1,0,0000000,99,99,99,99,88,88,0,0,0,1,0
40,400311,1,1,0,0,0,2,2,27,3420,6,7,2014,1,4,49,0,16,6,MAGUIRE RD,,0,35.13130833,-97.32264722,0,53,0,0,1,1,0,4,2,1,0,1,0,0000000,4,26,4,34,88,88,0,0,0,1,1
40,400312,3,3,0,0,0,4,4,27,3430,24,5,2014,7,13,44,0,4,3,SR-77H,FRANKLIN RD,10,35.27621111,-97.4237,0,12,6,0,2,2,0,1,1,10,0,10,0,0000000,13,45,13,53,14,18,14,0,0,1,0
40,400313,2,2,0,0,0,2,2,131,0,18,7,2014,6,16,27,1,2,3,SR-20,RIDGE RD,55,36.31396389,-95.71690833,0,12,6,0,2,2,0,1,1,1,0,1,0,0000000,16,29,16,36,88,88,0,0,0,1,0
40,400314,1,1,0,0,0,1,1,121,0,9,8,2014,7,2,15,0,3,2,US-270,CR-LUDLOW,108,34.87869722,-95.60263333,0,34,0,0,1,1,0,4,2,1,0,1,0,0000000,2,15,2,21,88,88,0,0,0,1,1
40,400315,2,2,0,0,0,2,2,97,0,17,5,2014,7,11,0,1,2,2,US-412,,20,36.17451111,-95.30694722,0,12,6,0,1,1,0,1,1,10,0,10,0,0000000,10,59,11,3,88,88,0,0,0,1,1
40,400316,1,1,0,1,1,1,1,153,0,1,5,2014,5,21,9,1,2,2,US-183,,11,36.17626111,-98.97373889,0,8,0,0,1,1,0,1,2,10,0,10,0,0000000,21,1,21,9,88,88,0,0,0,1,0
40,400317,2,2,0,0,0,3,3,147,0,1,7,2014,3,20,50,1,2,2,US-75,,103,36.57183889,-95.92918056,0,12,1,0,1,1,0,1,5,1,0,1,0,0000000,20,49,21,2,21,26,0,0,0,1,1
40,400318,2,2,0,0,0,3,3,147,0,19,7,2014,7,6,25,1,2,2,US-75,,124,36.60119444,-95.93529167,0,12,6,0,8,1,0,1,1,5,0,5,0,0000000,6,35,6,52,8,0,0,0,0,1,0
40,400319,2,2,0,0,0,3,3,109,3550,31,7,2014,5,14,21,1,13,2,US-62,,28,35.49319444,-97.41539167,0,21,0,0,1,1,0,1,1,10,0,10,0,0000000,14,21,99,97,99,97,14,0,0,1,0
40,400320,2,1,1,1,1,1,1,109,3550,4,8,2014,2,22,16,0,13,6,N MAY AVE,NW 16TH ST,0,35.485825,-97.56571111,0,33,0,0,3,2,0,4,2,1,0,1,0,0000000,22,16,22,25,99,99,0,0,0,1,0
40,400321,2,2,0,0,0,5,5,15,0,4,8,2014,2,17,57,0,3,2,US-62,CR-2740,160,35.07721111,-98.10902222,0,12,6,0,2,2,0,1,1,10,0,10,0,0000000,18,0,18,19,19,5,0,0,0,1,0
40,400322,5,5,0,0,0,5,5,109,360,8,7,2014,3,16,13,0,14,6,ROCKWELL AVE,,0,35.49875,-97.63665278,0,12,6,0,1,1,0,1,1,1,0,1,0,0000000,16,15,16,28,88,88,0,0,0,1,0
40,400323,3,3,0,0,0,6,6,143,4780,27,7,2014,1,0,35,0,14,6,W 71ST ST,,0,36.06096944,-95.99086667,0,12,6,0,1,1,0,1,2,1,0,1,0,0000000,0,35,0,45,1,35,0,0,0,1,1
40,400324,1,1,0,1,1,2,2,119,0,8,8,2014,6,19,32,0,3,2,US-177,,35,36.03638889,-97.05117778,0,8,0,0,1,1,0,1,5,10,0,10,0,0000000,19,30,19,36,88,88,0,0,0,1,0
40,400325,2,2,0,0,0,3,3,5,0,1,8,2014,6,3,33,1,2,2,US-69,,245,34.67820833,-95.93307222,0,12,6,0,1,1,0,1,2,10,0,10,0,0000000,99,99,99,99,99,99,0,0,0,1,1
40,400326,2,2,0,0,0,3,3,17,0,9,8,2014,7,10,7,1,2,2,US-281,CR-OLD US HWY 66,0,35.55177778,-98.30657222,0,12,2,0,2,3,0,1,1,10,0,10,0,0000000,9,55,10,7,11,20,0,0,0,1,0
40,400327,2,2,0,0,0,7,7,143,4780,10,8,2014,1,23,6,0,14,6,E 21ST ST,US-169 ON-RAMP,86,36.13291667,-95.85975278,0,12,6,0,2,2,0,1,3,1,0,1,0,0000000,23,6,23,17,23,40,0,0,0,2,1
40,400328,2,2,0,0,0,3,3,71,0,12,8,2014,3,12,57,0,6,4,CR-TOWER,CR-W STREET,0,36.78198611,-97.12128889,0,12,6,0,2,2,0,1,1,1,0,1,0,0000000,12,54,13,4,13,53,0,0,0,1,0
40,400329,2,2,0,0,0,2,2,47,0,16,7,2014,4,14,50,0,14,6,SOUTHGATE RD,30TH ST,0,36.36178889,-97.83682222,0,12,6,0,2,2,0,1,1,2,0,2,0,0000000,14,44,14,53,15,20,0,0,0,1,0
40,400330,2,2,0,0,0,2,2,37,4190,24,7,2014,5,8,20,1,13,3,SR-66,,25,36.02118333,-96.09440833,0,12,2,0,1,1,0,1,1,1,0,1,0,0000000,8,24,8,27,8,50,0,0,0,2,0
40,400331,1,1,0,0,0,1,1,15,0,27,7,2014,1,7,25,0,4,2,US-277,,86,34.93206111,-98.13703056,0,43,0,0,1,1,0,4,1,1,0,1,0,0000000,99,99,99,99,88,88,0,0,0,1,0
40,400332,2,2,0,0,0,2,2,51,4800,31,7,2014,5,16,9,0,4,3,SR-37,,131,35.29095,-97.72636944,0,33,0,0,1,1,0,4,1,10,0,10,0,0000000,16,9,16,13,16,59,0,0,0,1,0