STATE,ST_CASE,VE_TOTAL,VE_FORMS,PVH_INVL,PEDS,PERNOTMVIT,PERMVIT,PERSONS,COUNTY,CITY,DAY,MONTH,YEAR,DAY_WEEK,HOUR,MINUTE,NHS,ROAD_FNC,ROUTE,TWAY_ID,TWAY_ID2,MILEPT,LATITUDE,LONGITUD,SP_JUR,HARM_EV,MAN_COLL,RELJCT1,RELJCT2,TYP_INT,WRK_ZONE,REL_ROAD,LGT_COND,WEATHER1,WEATHER2,WEATHER,SCH_BUS,RAIL,NOT_HOUR,NOT_MIN,ARR_HOUR,ARR_MIN,HOSP_HR,HOSP_MN,CF1,CF2,CF3,FATALS,DRUNK_DR
40,400448,1,1,0,0,0,2,2,111,0,24,10,2014,6,14,35,0,4,2,US-75,,111,35.84761667,-96.06889444,0,32,0,0,1,1,0,4,1,1,0,1,0,0000000,14,36,14,44,15,32,0,0,0,1,0
40,400450,1,1,0,0,0,1,1,153,0,19,10,2014,1,11,13,0,6,4,CR-NS202,,0,36.31421389,-99.40705,0,35,0,0,1,1,0,4,1,1,0,1,0,0000000,11,14,11,25,88,88,0,0,0,1,0
40,400451,1,1,0,0,0,1,1,153,0,25,10,2014,7,14,29,0,4,3,SR-34C,,40,36.45743889,-99.319,0,1,0,0,1,1,0,4,1,1,0,1,0,0000000,14,30,14,39,15,1,0,0,0,1,0
40,400452,1,1,0,0,0,1,1,109,3550,21,10,2014,3,22,25,1,12,3,SR-152,,31,35.41346944,-97.63775833,0,58,0,0,1,1,0,3,2,1,0,1,0,0000000,22,25,22,35,23,46,0,0,0,1,1
40,400453,1,1,0,0,0,1,1,27,3550,8,11,2014,7,4,37,0,16,6,BROOKWOOD DR,,0,35.37111111,-97.52652222,0,33,0,0,1,1,0,4,3,1,0,1,0,0000000,4,37,4,51,5,35,0,0,0,1,1
40,400454,2,2,0,0,0,2,2,47,1550,27,8,2014,4,14,0,1,13,2,US-81,BROADWAY,4,36.3968,-97.89004167,0,12,6,0,2,2,0,1,1,1,0,1,0,0000000,13,51,13,53,14,10,0,0,0,1,0
40,400455,2,2,0,0,0,6,6,145,0,18,9,2014,5,21,52,0,3,3,SR-51,,112,35.95903056,-95.45441111,0,12,2,0,1,1,0,1,2,1,0,1,0,0000000,21,54,22,2,23,4,0,0,0,1,0
40,400456,2,2,0,0,0,4,4,143,4780,11,10,2014,7,2,35,0,16,6,S PEORIA AVE,E 1ST ST,0,36.15870556,-95.97558611,0,12,6,0,2,2,0,1,3,2,0,2,0,0000000,2,33,2,38,2,52,0,0,0,1,2
40,400457,2,2,0,0,0,2,2,143,4780,11,10,2014,7,7,40,0,16,6,S LYNN LANE RD,E 31ST ST,0,36.11894444,-95.77956667,0,12,6,0,2,2,0,1,1,2,0,2,0,0000000,7,38,7,51,88,88,0,0,0,1,0
40,400458,1,1,0,0,0,1,1,73,0,29,10,2014,4,19,10,0,4,4,CR-EW790,,0,35.87111111,-97.97563889,0,34,0,0,1,1,0,4,2,1,0,1,0,0000000,19,5,19,10,88,88,0,0,0,1,1
40,400460,2,2,0,0,0,2,2,111,0,6,11,2014,5,4,52,1,2,2,US-75,HARRELD RD,110,35.7562,-96.013075,0,12,1,0,2,2,0,1,2,1,0,1,0,0000000,4,53,5,0,6,6,0,0,0,1,0
40,400461,1,1,0,0,0,1,1,31,0,26,10,2014,1,20,53,0,4,4,CR-GORE BLVD,,0,34.60837222,-98.2525,0,38,0,0,1,1,0,4,2,1,0,1,0,0000000,88,88,88,88,88,88,0,0,0,1,1
40,400462,1,1,0,0,0,1,1,101,0,6,11,2014,5,17,44,0,3,3,SR-16,,30,35.74020833,-95.58868056,0,1,0,0,1,1,0,1,5,10,0,10,0,0000000,17,41,17,53,88,88,0,0,0,1,1
40,400463,1,1,0,0,0,1,1,87,0,8,11,2014,7,4,20,0,4,3,SR-59,,206,34.88382778,-96.99462222,0,52,0,0,1,1,0,4,2,1,0,1,0,0000000,99,99,99,99,88,88,0,0,0,1,0
40,400464,3,3,0,0,0,4,4,109,3550,24,10,2014,6,0,23,1,11,1,I-35,,81,35.477625,-97.46543611,0,25,0,0,1,1,0,3,2,1,0,1,0,0000000,0,23,0,37,88,88,14,0,0,1,1
40,400465,2,2,0,0,0,2,2,109,3550,11,11,2014,3,18,3,0,16,6,SE 59TH ST,VENTURA DR,0,35.40629167,-97.41507778,0,12,6,0,2,3,0,1,3,1,0,1,0,0000000,18,4,18,10,88,88,0,0,0,1,1
40,400466,3,3,0,0,0,9,9,89,0,15,11,2014,7,10,33,1,2,2,US-259,,30,33.73663889,-94.72674444,0,12,8,0,1,1,0,1,1,10,0,10,0,0000000,10,37,11,13,11,48,0,0,0,2,0
40,400467,2,2,0,0,0,2,2,15,0,26,9,2014,6,18,30,1,1,1,I-40,,91,35.52928056,-98.46281667,0,12,2,0,1,1,0,1,1,1,0,1,0,0000000,99,99,99,99,88,88,0,0,0,2,0
40,400468,2,2,0,0,0,2,2,131,0,10,11,2014,2,16,0,1,2,2,US-412,CR-NS4190,105,36.16911667,-95.54540833,0,12,6,0,2,2,0,1,1,1,0,1,0,0000000,16,4,16,21,17,49,0,0,0,1,0
40,400469,1,1,0,0,0,1,1,35,0,27,10,2014,2,0,8,0,3,3,SR-2,,152,36.85054444,-95.12101667,0,32,0,0,1,1,0,4,2,1,0,1,0,0000000,0,13,0,16,88,88,0,0,0,1,0
40,400470,2,2,0,0,0,2,2,1,0,7,11,2014,6,13,6,1,2,2,US-59,,13,36.00654722,-94.58374167,0,12,2,0,1,1,0,1,1,1,0,1,0,0000000,12,59,13,6,13,46,0,0,0,1,0
40,400471,2,2,0,0,0,2,2,119,0,7,11,2014,6,11,32,0,4,4,CR-FAIRGROUNDS RD,,0,36.10469167,-96.99771111,0,12,2,0,1,1,0,1,1,1,0,1,0,0000000,11,33,11,39,12,12,0,0,0,1,0
40,400472,1,1,0,3,3,2,2,123,0,10,11,2014,2,7,31,0,4,4,CR-1538,,0,34.78326389,-96.708525,0,8,0,0,1,1,0,1,1,10,0,10,0,0000000,7,31,7,34,8,6,0,0,0,1,0
40,400473,1,1,0,0,0,1,1,91,0,19,11,2014,4,14,14,1,2,2,US-69 ON-RAMP,CR-N4210,67,35.31317778,-95.58953611,0,1,0,1,5,1,0,4,1,1,0,1,0,0000000,14,22,14,30,88,88,0,0,0,1,1
40,400474,1,1,0,0,0,1,1,143,4780,2,11,2014,1,19,15,1,11,1,I-44 OFF-RAMP,SR-51,83,36.11030833,-95.90094444,0,25,0,1,5,1,0,4,3,1,0,1,0,0000000,19,8,19,17,19,41,0,0,0,1,0
40,400475,2,2,0,0,0,2,2,109,3550,14,11,2014,6,23,35,0,16,6,S MAY AVE,,0,35.41477778,-97.56555278,0,12,1,0,1,1,0,1,3,1,0,1,0,0000000,23,36,23,40,0,4,0,0,0,1,1
40,400476,2,2,0,0,0,2,2,79,0,8,10,2014,4,10,26,1,2,2,US-59,,42,35.24484444,-94.743925,0,12,6,0,1,1,0,1,1,1,0,1,0,0000000,10,26,10,38,88,88,0,0,0,2,0
40,400477,2,2,0,0,0,3,3,101,0,9,11,2014,1,12,40,0,3,3,SR-2,CR-243RD ST,105,35.40713333,-95.27438333,0,12,2,0,2,2,0,1,1,1,0,1,0,0000000,12,33,12,43,13,49,0,0,0,1,0
40,400478,1,1,0,0,0,2,2,43,0,10,11,2014,2,16,49,1,2,2,US-270,,60,36.08300833,-98.84913333,0,1,0,0,8,1,0,4,1,10,0,10,0,0000000,16,50,16,59,17,17,0,0,0,1,0
40,400479,2,2,0,0,0,5,5,119,0,24,10,2014,6,23,47,0,3,3,SR-51,,57,36.11655833,-96.95004722,0,12,2,0,1,1,0,1,2,1,0,1,0,0000000,0,0,0,0,0,28,18,0,0,2,1
40,400480,2,2,0,0,0,3,3,119,0,27,10,2014,2,7,14,0,3,3,SR-33,,34,35.98505278,-97.17457222,0,12,6,0,1,1,0,1,4,1,0,1,0,0000000,7,30,7,49,8,31,0,0,0,2,0
40,400481,1,1,0,0,0,2,2,31,0,2,11,2014,1,17,26,0,4,3,SR-115,,11,34.77675278,-98.58009444,0,1,0,0,1,1,0,4,1,10,0,10,0,0000000,17,26,17,41,18,38,0,0,0,1,1
40,400482,1,1,0,0,0,3,3,35,0,8,11,2014,7,22,55,0,4,4,CR-S4430,,0,36.80264444,-95.10746667,0,38,0,0,1,1,0,4,2,1,0,1,0,0000000,22,53,23,7,0,51,0,0,0,1,0
40,400483,1,1,0,0,0,1,1,31,0,9,11,2014,1,21,10,0,4,4,CR-11TH ST,,0,34.50871667,-98.404475,0,1,0,0,1,1,0,4,2,1,0,1,0,0000000,21,12,21,50,22,36,0,0,0,1,1
40,400484,2,1,1,1,2,1,2,153,0,10,11,2014,2,9,0,1,2,2,US-183,,206,36.33161389,-99.25512222,0,14,0,0,1,1,0,2,1,1,0,1,0,0000000,9,3,9,14,9,38,23,0,0,1,0
40,400485,2,2,0,0,0,2,2,45,0,13,11,2014,5,16,45,0,6,4,CR-EW42,CR-NS172,0,36.40575278,-99.94585278,0,12,6,0,2,2,0,1,1,1,0,1,0,0000000,16,54,17,10,17,40,0,0,0,1,0
40,400486,2,2,0,0,0,2,2,125,0,17,11,2014,2,8,17,0,3,3,SR-177,,164,35.20221111,-96.93153889,0,12,6,0,1,1,0,1,1,10,0,10,0,0000000,8,21,8,32,88,88,0,0,0,1,0
40,400487,1,1,0,0,0,1,1,9,0,16,11,2014,1,9,53,1,1,1,I-40,,101,35.22895278,-99.82268889,0,1,0,0,1,1,0,3,1,11,0,11,0,0000000,99,99,99,99,88,88,0,0,0,1,0
40,400488,1,1,0,1,1,1,1,137,1420,21,11,2014,6,18,8,1,13,2,US-81,,7,34.50101944,-97.96854167,0,8,0,0,1,1,0,1,3,1,0,1,0,0000000,18,12,18,17,18,31,0,0,0,1,0
40,400489,1,1,0,1,1,3,3,143,4780,24,11,2014,2,17,52,0,16,6,E ADMIRAL PL,N BIRMINGHAM AVE,0,36.16070556,-95.95366944,0,8,0,0,3,3,0,1,2,1,0,1,0,0000000,17,50,17,56,18,6,0,0,0,1,0
40,400490,2,2,0,0,0,5,5,121,0,26,11,2014,4,13,46,0,3,2,US-270,,136,34.95102222,-95.86425556,0,12,6,0,1,1,4,1,1,1,0,1,0,0000000,13,48,14,0,14,45,0,0,0,1,0
40,400491,1,1,0,0,0,2,2,135,0,27,11,2014,5,3,34,0,4,4,CR-E1120,,0,35.39058056,-94.51865833,0,1,0,0,1,1,0,4,2,1,0,1,0,0000000,99,99,99,99,88,88,0,0,0,2,1
40,400492,2,2,0,0,0,2,2,97,2720,8,11,2014,7,20,41,0,4,3,SR-82,,12,36.49839444,-95.05964722,0,12,6,0,8,1,0,1,2,1,0,1,0,0000000,20,39,20,49,88,88,0,0,0,1,1
40,400493,2,2,0,0,0,4,4,79,0,31,10,2014,6,20,15,1,2,2,US-271,,99,35.27433333,-94.51093056,0,12,6,0,7,1,0,1,2,1,0,1,0,0000000,20,6,20,15,21,6,0,0,0,1,0
40,400494,2,2,0,0,0,3,3,109,3550,16,11,2014,1,21,42,1,11,1,I-44,,92,35.62996667,-97.26946667,0,12,6,0,1,1,0,1,3,10,0,10,0,0000000,99,99,99,99,99,99,0,0,0,1,0
40,400495,2,2,0,0,0,2,2,145,0,26,10,2014,1,21,59,1,2,8,MUSKOGEE TURNPIKE,,44,36.02280278,-95.68766667,0,11,0,0,1,1,0,1,2,1,0,1,0,0000000,21,44,22,4,22,34,14,0,0,1,1
40,400496,1,1,0,0,0,1,1,143,0,30,11,2014,1,21,14,1,13,2,US-412,,67,36.14251111,-96.14124167,0,25,0,0,1,1,0,4,2,1,0,1,0,0000000,21,17,21,25,88,88,0,0,0,1,0
40,400497,2,2,0,0,0,3,3,145,0,2,12,2014,3,15,29,0,4,3,SR-51B,SH-104,49,35.87121667,-95.60660833,0,12,6,0,2,2,0,1,1,1,0,1,0,0000000,15,30,15,38,16,52,0,0,0,1,0
40,400498,2,2,0,0,0,3,3,5,0,3,12,2014,4,11,45,1,2,2,US-69,,16,34.17846389,-96.24873889,0,12,1,0,1,1,0,1,1,5,0,5,0,0000000,11,47,12,8,13,8,0,0,0,2,0
40,400499,1,1,0,1,1,1,1,109,3550,4,12,2014,5,5,18,1,11,1,I-40,,40,35.45999167,-97.601125,0,8,0,0,1,1,0,1,3,8,0,8,0,0000000,5,15,5,21,88,88,0,0,0,1,0
40,400500,3,3,0,0,0,3,3,143,4780,2,10,2014,5,7,17,0,16,6,S RIVERSIDE DR,,0,36.0484,-95.96712778,0,12,6,0,1,1,0,1,1,10,0,10,0,0000000,7,17,7,27,7,39,0,0,0,1,0
40,400501,1,1,0,0,0,3,3,111,0,13,11,2014,5,12,36,0,4,3,SR-16,,18,35.74080556,-96.16057778,0,38,0,0,1,1,0,5,1,1,0,1,0,0000000,12,32,12,38,13,26,0,0,0,1,0
40,400502,1,1,0,1,1,1,1,109,3550,23,11,2014,1,3,32,1,11,1,I-44,,39,35.51137222,-97.5689,0,8,0,0,1,1,0,99,3,1,0,1,0,0000000,99,99,99,99,88,88,0,0,0,1,0
40,400503,2,1,1,1,1,1,1,143,4780,25,11,2014,3,12,50,0,16,6,N GARY AVE,,0,36.18650833,-95.94229167,0,8,0,0,1,1,0,4,1,1,0,1,0,0000000,12,49,12,53,13,15,0,0,0,1,0
40,400504,2,2,0,0,0,2,2,101,0,26,11,2014,4,17,20,1,2,2,US-69,CR-OKTAHA RD,102,35.67878056,-95.41926389,0,12,6,0,2,3,0,1,5,1,0,1,0,0000000,17,14,17,18,18,11,0,0,0,1,0
40,400505,2,2,0,0,0,3,3,101,0,30,11,2014,1,3,40,0,3,3,SR-16,,23,35.80246389,-95.33295833,0,12,6,0,1,1,0,1,2,1,0,1,0,0000000,3,12,3,24,4,23,0,0,0,1,1
40,400506,1,1,0,0,0,2,2,81,0,30,11,2014,1,14,15,0,4,3,SR-66,,11,35.67345833,-97.12531389,0,1,0,0,1,1,0,4,1,1,0,1,0,0000000,14,14,14,30,15,6,0,0,0,1,0
40,400507,2,2,0,0,0,3,3,119,0,8,12,2014,2,7,15,0,4,4,CR-NORFOLK RD,,0,36.03061111,-96.71411944,0,12,6,0,1,1,0,1,4,10,0,10,0,0000000,7,17,7,25,88,88,0,0,0,2,0
40,400508,1,1,0,1,1,1,1,143,4780,11,12,2014,5,18,20,0,16,6,E 21ST ST,,0,36.13342222,-95.90164444,0,15,0,0,1,1,0,1,2,10,0,10,0,0000000,18,19,18,28,18,50,0,0,0,1,0
40,400509,2,2,0,0,0,3,3,91,0,13,10,2014,2,20,19,0,4,3,SR-9,CR-NS412,179,35.28969167,-95.680575,0,12,6,0,2,2,0,1,3,10,0,10,0,0000000,20,19,20,29,21,5,0,0,0,1,0
40,400510,2,2,0,0,0,7,7,75,0,8,10,2014,4,17,45,0,4,3,SR-44,,14,34.87665556,-99.29668611,0,12,2,0,1,1,0,1,1,1,0,1,0,0000000,17,49,18,9,19,44,0,0,0,1,0
40,400511,2,2,0,0,0,2,2,121,2930,5,12,2014,6,17,35,1,12,2,US-69 SERVICE RD CROSSOVER,US-69,7,34.89400278,-95.77197778,0,12,6,0,7,1,0,1,3,10,0,10,0,0000000,17,41,17,43,17,59,0,0,0,1,0
40,400512,2,2,0,0,0,2,2,133,4240,4,9,2014,5,20,20,0,15,6,REID ST,,0,35.23931944,-96.67450833,0,12,2,0,1,1,0,1,5,1,0,1,0,0000000,19,7,19,11,19,29,0,0,0,1,0
40,400513,1,1,0,0,0,1,1,125,4650,12,11,2014,4,7,30,0,14,6,BROADWAY ST,,0,35.27077778,-96.93100278,0,59,0,0,1,1,0,4,1,1,0,1,0,0000000,7,28,7,39,88,88,0,0,0,1,0
40,400514,1,1,0,0,0,1,1,113,0,29,11,2014,7,11,20,0,4,4,CR-2101,,0,36.45281389,-96.07961111,0,32,0,0,1,1,0,4,1,1,0,1,0,0000000,11,26,11,48,12,17,0,0,0,1,0
40,400515,1,1,0,1,1,1,1,143,4780,3,12,2014,4,18,29,0,16,6,S HARVARD AVE,,0,36.11834722,-95.94029444,0,8,0,0,1,1,0,1,3,10,0,10,0,0000000,18,32,18,39,88,88,0,0,0,1,0
40,400516,2,2,0,0,0,2,2,5,0,10,12,2014,4,10,45,0,4,3,SR-7,,136,34.37463611,-96.180525,0,12,6,0,1,1,0,1,1,1,0,1,0,0000000,10,45,10,49,88,88,0,0,0,1,0
40,400517,2,2,0,0,0,2,2,65,0,2,10,2014,5,16,20,0,3,2,US-283,,50,34.71074167,-99.33455278,0,12,6,0,1,1,0,1,1,1,0,1,0,0000000,16,19,16,27,16,59,0,0,0,1,0
40,400518,3,2,1,0,0,7,7,9,1510,6,10,2014,2,16,26,0,14,3,SR-I40 BUSINESS LOOP,,53,35.41170278,-99.43069722,0,12,6,0,8,1,0,1,1,10,0,10,0,0000000,16,29,16,32,16,36,0,0,0,2,0
40,400519,1,1,0,0,0,1,1,143,0,19,11,2014,4,16,55,1,2,2,US-64,,5,36.1565,-96.24529444,0,57,0,0,1,1,0,3,1,1,0,1,0,0000000,16,52,17,1,88,88,0,0,0,1,0
40,400520,1,1,0,0,0,3,3,81,0,17,12,2014,4,8,25,0,6,4,CR-3430,,0,35.59115556,-96.8927,0,42,0,0,1,1,0,4,2,10,0,10,0,0000000,8,19,8,31,10,26,0,0,0,1,0
40,400521,2,2,0,0,0,3,3,109,1480,6,10,2014,2,14,58,0,14,6,W DANFORTH RD,,0,35.667475,-97.50048611,0,12,6,0,8,1,0,1,1,1,0,1,0,0000000,14,58,15,4,15,28,0,0,0,1,0
40,400522,1,1,0,0,0,1,1,33,0,14,12,2014,1,21,48,0,6,4,CR-SOUTH BOUNDARY,,0,34.34727222,-98.32741389,0,1,0,0,1,1,0,4,2,1,0,1,0,0000000,21,42,21,44,22,33,0,0,0,1,1
40,400523,1,1,0,0,0,1,1,97,0,7,12,2014,1,3,35,0,4,4,CR-INDIAN SPRINGS RD,,0,36.35080278,-95.093525,0,35,0,0,1,1,0,4,2,1,0,1,0,0000000,3,36,3,52,6,2,0,0,0,1,0
40,400524,2,2,0,0,0,3,3,17,3550,25,10,2014,7,0,45,0,4,3,SR-4,W BRITTON RD,40,35.56478611,-97.74525833,0,12,6,0,2,2,0,1,2,10,0,10,0,0000000,0,45,0,53,1,45,0,0,0,1,1
40,400525,1,1,0,1,1,4,4,109,3550,3,11,2014,2,19,15,0,13,6,W RENO AVE,S MERIDIAN AVE,0,35.46438056,-97.60120278,0,8,0,0,2,2,0,1,2,2,0,2,0,0000000,19,16,19,23,19,38,0,0,0,1,0
40,400526,2,2,0,0,0,3,3,23,4580,28,11,2014,6,12,5,1,2,2,US-70,,127,34.01945278,-95.26888611,0,12,6,0,1,1,0,1,1,1,0,1,0,0000000,12,7,12,23,13,14,0,0,0,1,0
40,400527,2,2,0,0,0,4,4,105,0,30,11,2014,1,13,43,1,2,2,US-60,,43,36.71358611,-95.73899722,0,12,2,0,1,1,0,1,1,1,0,1,0,0000000,13,44,13,51,14,56,0,0,0,1,0
40,400528,1,1,0,1,1,2,2,143,4170,10,9,2014,4,7,27,0,16,6,S RUSTIC RD E,,0,36.10452778,-96.113075,0,8,0,0,1,1,0,1,1,1,0,1,0,0000000,7,27,7,36,88,88,0,0,0,1,0
40,400529,2,2,0,0,0,3,3,143,4780,21,11,2014,6,21,8,1,13,2,US-75,,63,36.03598333,-96.00876389,0,12,1,0,1,1,0,1,2,1,0,1,0,0000000,21,5,21,15,21,45,0,0,0,1,1
40,400530,1,1,0,0,0,1,1,109,3550,1,12,2014,2,12,48,0,14,6,NE 36TH ST,I-235 ON-RAMP,38,35.508275,-97.51450833,0,21,0,0,5,1,0,4,1,10,0,10,0,0000000,12,40,12,50,13,4,0,0,0,1,0
40,400531,1,1,0,0,0,1,1,11,0,6,12,2014,7,11,15,1,2,2,US-270,,2,35.87204444,-98.63014444,0,10,0,0,6,1,0,1,1,5,0,5,0,671371L,99,99,99,99,88,88,0,0,0,1,0
40,400532,1,1,0,0,0,2,2,143,4170,6,11,2014,5,9,1,0,16,6,W 41ST ST S,NASSAU AVE,0,36.10471944,-96.13445,0,31,0,0,3,3,0,4,1,1,0,1,0,0000000,9,2,9,22,10,13,0,0,0,1,0
40,400533,1,1,0,0,0,2,2,115,0,5,12,2014,6,16,54,0,6,4,CR-EW210,,0,36.71393333,-94.92562222,0,10,0,0,6,1,0,1,5,2,0,2,0,670432W,16,55,17,8,18,1,0,0,0,1,0
40,400534,1,1,0,0,0,1,1,99,0,7,12,2014,1,12,7,0,4,2,US-77,,99999,34.53393889,-97.12355556,0,42,0,0,1,1,0,4,1,10,0,10,0,0000000,11,57,12,2,12,30,0,0,0,1,0
40,400535,2,2,0,0,0,2,2,73,0,10,12,2014,4,10,46,0,6,4,CR-NS2950,CS-EW740,0,35.94123333,-97.74736944,0,12,6,0,2,2,0,1,1,1,0,1,0,0000000,10,19,10,33,88,88,0,0,0,1,0
40,400536,1,1,0,0,0,1,1,5,260,11,12,2014,5,0,58,1,2,2,US-69,,43,34.42413611,-96.0917,0,42,0,0,1,1,0,4,2,1,0,1,0,0000000,0,57,1,3,88,88,0,0,0,1,0
40,400537,2,2,0,0,0,3,3,69,0,11,12,2014,5,16,45,0,4,3,SR-11,CR-RUSSETT RD,12,34.18356111,-96.81425833,0,12,2,0,3,2,0,1,5,2,0,2,0,0000000,16,50,17,2,17,43,0,0,0,1,0
40,400538,2,2,0,0,0,2,2,109,3550,12,12,2014,6,12,53,0,16,6,NW 150TH ST,SUGAR LOAF DR,0,35.623675,-97.5599,0,12,6,0,2,2,0,1,1,10,0,10,0,0000000,13,1,13,4,13,21,0,0,0,1,0
40,400540,1,1,0,0,0,1,1,19,0,19,12,2014,6,0,2,0,4,4,CR-DEESE RD,,0,34.26293333,-97.21288056,0,42,0,0,1,1,0,4,2,10,0,10,0,0000000,23,58,0,11,88,88,0,0,0,1,1
40,400541,2,2,0,0,0,2,2,143,4780,19,12,2014,6,16,40,1,12,2,US-64,,6,36.14276667,-95.9714,0,12,7,0,1,1,0,1,1,10,0,10,0,0000000,16,41,16,45,16,58,0,0,0,1,0
40,400542,2,2,0,0,0,6,6,105,0,22,11,2014,7,13,59,1,2,2,US-169,,26,36.63436389,-95.65143611,0,12,2,0,1,1,0,1,1,1,0,1,0,0000000,13,59,14,4,15,0,0,0,0,5,0
40,400543,1,1,0,1,1,1,1,75,0,1,12,2014,2,22,42,0,3,3,SR-9,,123,35.0947,-98.6563,0,8,0,0,1,1,0,1,2,1,0,1,0,0000000,22,35,22,48,88,88,0,0,0,1,0
40,400544,1,1,0,1,1,1,1,109,3550,18,12,2014,5,18,16,0,13,6,S PORTLAND AVE,,0,35.43558611,-97.58335,0,8,0,0,1,1,0,1,3,2,0,2,0,0000000,18,17,18,28,88,88,0,0,0,1,0
40,400545,1,1,0,1,1,2,2,109,3550,20,12,2014,7,20,54,1,13,3,SR-3,,30,35.55299722,-97.62717778,0,8,0,0,1,1,0,1,3,10,0,10,0,0000000,20,59,20,59,21,21,0,0,0,1,0
40,400546,1,1,0,0,0,2,2,109,3550,23,12,2014,3,0,27,0,13,6,S MERIDIAN AVE,,0,35.42531389,-97.60102778,0,10,0,0,6,1,0,1,3,1,0,1,0,669050E,0,28,0,37,1,37,0,0,0,1,1
40,400547,2,2,0,0,0,2,2,143,4780,29,12,2014,2,22,2,1,12,2,US-64 OFF-RAMP,E 31ST ST S,76,36.11938056,-95.92235556,0,12,6,1,2,3,0,1,3,98,0,98,0,0000000,21,59,22,8,22,31,0,0,0,1,1
40,400548,6,6,0,0,0,9,9,13,710,14,12,2014,1,22,1,1,2,2,US-69/75,MCKINLEY ST,107,33.93938056,-96.42113889,0,12,1,0,3,2,0,1,3,2,0,2,0,0000000,22,3,22,7,22,45,0,0,0,1,0
40,400549,2,2,0,0,0,2,2,1,0,20,10,2014,2,5,46,0,4,4,CR-BUNCH RD,,0,35.66179444,-94.78818889,0,12,6,0,1,1,0,1,2,2,0,2,0,0000000,5,48,6,18,7,29,0,0,0,1,0
40,400550,1,1,0,0,0,1,1,143,4780,1,12,2014,2,19,30,1,11,1,I-44 OFF-RAMP,,19,36.08878889,-96.00608889,0,1,0,1,5,1,0,4,3,1,0,1,0,0000000,19,30,19,37,19,56,0,0,0,1,0
40,400551,3,3,0,0,0,3,3,135,0,12,12,2014,6,7,46,0,4,2,US-64,,208,35.4014,-94.4463,0,12,6,0,1,1,0,1,1,10,0,10,0,0000000,7,46,7,57,8,18,14,0,0,1,0
40,400552,1,1,0,0,0,4,4,21,0,15,12,2014,2,14,59,0,3,3,SR-51,,99999,35.9309,-95.2336,0,42,0,0,1,1,0,4,1,10,0,10,0,0000000,15,24,15,40,16,15,20,0,0,1,1
40,400553,1,1,0,0,0,1,1,19,0,27,12,2014,7,13,17,0,4,3,SR-76,,69,34.3386,-97.4925,0,34,0,0,1,1,0,4,1,11,0,11,0,0000000,13,16,13,26,88,88,0,0,0,1,0
40,400554,1,1,0,0,0,2,2,51,0,13,12,2014,7,15,40,1,2,3,SR-4,,5,35.2125,-97.7076,0,1,0,0,1,1,0,1,1,1,0,1,0,0000000,15,46,15,57,16,34,0,0,0,1,0
40,400555,1,1,0,0,0,1,1,19,2858,17,12,2014,4,22,50,0,6,6,PRAIRIE VALLEY RD,,0,34.20194167,-97.27198889,0,32,0,0,1,1,0,4,2,10,0,10,0,0000000,22,50,23,4,88,88,0,0,0,1,1
40,400556,2,2,0,0,0,2,2,109,3170,24,12,2014,4,14,30,0,16,6,NE 10TH ST,N SOONER RD,0,35.47866944,-97.42395,0,12,6,0,2,2,0,1,1,1,0,1,0,0000000,14,32,14,38,15,3,0,0,0,1,0
40,400557,2,2,0,0,0,2,2,121,3920,3,5,2014,7,19,5,0,4,3,SR-31,D ST,278,35.12458611,-95.36011111,0,12,1,0,3,3,0,1,1,1,0,1,0,0000000,19,11,19,34,19,41,0,0,0,1,0
40,400558,1,1,0,0,0,1,1,109,3550,14,12,2014,1,3,40,0,16,6,NW 10TH ST,,0,35.47882778,-97.65229444,0,33,0,0,1,1,0,4,3,10,0,10,0,0000000,3,48,3,54,4,32,0,0,0,1,1
40,400559,2,2,0,0,0,5,5,17,3550,25,12,2014,5,20,37,0,3,3,SR-4,,5,35.61190556,-97.74525556,0,12,2,0,1,1,0,1,2,1,0,1,0,0000000,20,37,20,56,21,43,0,0,0,1,1
40,400560,1,1,0,0,0,2,2,49,0,27,12,2014,7,12,40,0,4,3,SR-19,,46,34.7853,-97.3356,0,35,0,0,1,1,0,4,1,4,0,4,0,0000000,99,99,99,99,99,99,0,0,0,1,0
40,400561,2,2,0,0,0,2,2,35,4900,29,12,2014,2,18,8,1,13,2,US-69,CR-280,74,36.61218056,-95.21556667,0,12,2,0,1,1,0,1,2,10,0,10,0,0000000,18,11,18,26,88,88,0,0,0,1,0
40,400562,2,2,0,0,0,2,2,131,930,30,9,2014,3,6,44,0,4,3,SR-66,CR-340,179,36.52417778,-95.43789722,0,12,6,0,2,2,0,1,3,1,0,1,0,0000000,6,49,7,8,88,88,0,0,0,1,0
40,400563,1,1,0,0,0,1,1,111,3560,17,10,2014,6,10,53,0,4,3,SR-56,,86,35.62729167,-96.08012222,0,35,0,0,1,1,0,4,1,1,0,1,0,0000000,11,1,11,29,11,58,0,0,0,1,0
40,400564,1,1,0,1,1,4,4,109,3170,21,10,2014,3,19,26,0,14,6,SE 15TH ST,,0,35.44965556,-97.41569167,0,8,0,0,1,1,0,1,3,1,0,1,0,0000000,19,31,19,34,88,88,0,0,0,1,0