STATE,ST_CASE,VE_TOTAL,VE_FORMS,PVH_INVL,PEDS,PERNOTMVIT,PERMVIT,PERSONS,COUNTY,CITY,DAY,MONTH,YEAR,DAY_WEEK,HOUR,MINUTE,NHS,ROAD_FNC,ROUTE,TWAY_ID,TWAY_ID2,MILEPT,LATITUDE,LONGITUD,SP_JUR,HARM_EV,MAN_COLL,RELJCT1,RELJCT2,TYP_INT,WRK_ZONE,REL_ROAD,LGT_COND,WEATHER1,WEATHER2,WEATHER,SCH_BUS,RAIL,NOT_HOUR,NOT_MIN,ARR_HOUR,ARR_MIN,HOSP_HR,HOSP_MN,CF1,CF2,CF3,FATALS,DRUNK_DR
40,400565,2,2,0,0,0,2,2,27,3430,15,7,2014,3,15,59,0,3,3,SR-9,108TH AVE SE,77,35.189475,-97.28353333,0,12,1,0,3,2,4,1,1,1,0,1,0,0000000,16,1,16,11,16,37,0,0,0,1,0
40,400566,1,1,0,1,1,1,1,115,0,11,10,2014,7,3,30,0,4,3,SR-10,,121,36.8711,-94.8322,0,8,0,0,1,1,0,1,2,10,0,10,0,0000000,88,88,88,88,88,88,0,0,0,1,0
40,400567,1,1,0,0,0,1,1,109,3550,6,12,2014,7,23,45,0,14,6,W MEMORIAL RD,,0,35.61013889,-97.58609167,0,33,0,0,1,1,0,4,3,2,0,2,0,0000000,23,48,23,53,0,17,0,0,0,1,0
40,400568,2,2,0,0,0,2,2,99,0,17,12,2014,4,23,45,0,3,2,US-177,,38,34.5661,-96.9674,0,12,6,0,1,1,0,1,2,10,0,10,0,0000000,23,44,23,51,0,35,0,0,0,1,0
40,400569,3,3,0,0,0,3,3,11,0,12,12,2014,6,9,37,0,4,3,SR-58,CR-74,70,35.9422,-98.5832,0,12,6,0,2,2,0,1,1,5,0,5,0,0000000,9,42,9,54,88,88,0,0,0,1,0
40,400570,1,1,0,0,0,1,1,13,0,22,12,2014,2,10,29,0,4,4,CR-N3660 RD,,0,33.9538,-96.5005,0,32,0,0,1,1,0,4,1,1,0,1,0,0000000,88,88,88,88,88,88,0,0,0,1,0
40,400571,2,2,0,0,0,3,3,39,0,12,12,2014,6,1,5,1,1,1,I-40,,27,35.4797,-99.1006,0,12,1,0,1,1,0,1,2,10,0,10,0,0000000,1,10,1,19,2,10,0,0,0,1,0
40,400572,2,2,0,0,0,3,3,119,4460,12,12,2014,6,23,1,0,13,3,SR-51,,19,36.11618333,-97.01658889,0,12,6,0,1,1,0,1,3,2,0,2,0,0000000,23,3,23,6,23,33,0,0,0,1,0
40,400573,1,1,0,1,1,1,1,27,3430,5,12,2014,6,21,22,0,6,6,INDIAN HILLS RD,,0,35.29074722,-97.52080278,0,8,0,0,1,1,0,1,2,10,0,10,0,0000000,21,22,21,35,22,0,0,0,0,1,0
40,400574,1,1,0,0,0,2,2,137,0,17,10,2014,6,5,18,1,2,3,SR-7,,62,34.5944,-98.0328,0,52,0,0,1,1,0,3,2,1,0,1,0,0000000,5,19,5,31,5,57,0,0,0,1,0
40,400575,1,1,0,0,0,1,1,99,1270,24,10,2014,6,0,2,0,6,6,W BENTON ST,,0,34.50463889,-97.12263056,0,10,0,0,6,1,0,1,3,1,0,1,0,020742X,0,8,0,10,88,88,0,0,0,1,0
40,400576,2,2,0,0,0,4,4,109,970,1,12,2014,2,17,30,0,14,6,S ANDERSON RD,,0,35.45667222,-97.31799722,0,12,2,0,1,1,0,1,2,1,0,1,0,0000000,17,20,17,26,18,11,0,0,0,1,1
40,400577,1,1,0,0,0,1,1,145,590,16,12,2014,3,23,37,0,16,6,81ST ST S,,0,36.04645,-95.73281667,0,32,0,0,1,1,0,4,2,10,0,10,0,0000000,23,38,23,47,88,88,0,0,0,1,1
40,400578,2,2,0,0,0,2,2,143,4780,31,12,2014,4,19,36,0,16,6,S SHERIDAN RD,,0,36.15056667,-95.90460278,0,12,6,0,8,1,0,1,3,10,0,10,0,0000000,19,35,19,39,19,56,0,0,0,1,1
40,400579,1,1,0,0,0,1,1,127,0,1,9,2014,2,18,44,0,4,3,SR-2,,99999,34.32203889,-95.65228333,0,34,0,0,1,1,0,4,1,1,0,1,0,0000000,18,50,19,26,20,57,23,0,0,1,0
40,400580,1,1,0,2,2,2,2,135,4880,7,10,2014,3,19,31,0,6,6,E SANDERS ST,MARTIN LUTHER KING BLVD,0,35.49306389,-94.96747222,0,8,0,0,2,2,0,1,5,1,0,1,0,0000000,19,32,19,36,20,18,0,0,0,1,1
40,400581,2,2,0,0,0,2,2,109,3550,25,11,2014,3,18,33,0,14,6,SE 15TH ST,S EASTERN AVE,0,35.44981944,-97.47697222,0,12,6,0,2,2,0,1,3,1,0,1,0,0000000,18,33,18,44,88,88,0,0,0,1,0
40,400582,2,2,0,0,0,4,4,137,1420,22,9,2014,2,16,57,1,13,2,US-81,,10,34.50578611,-97.96732222,0,12,2,0,1,1,0,1,1,1,0,1,0,0000000,17,0,17,2,17,22,0,0,0,1,0
40,400583,1,1,0,0,0,1,1,27,2800,31,10,2014,6,10,53,0,13,2,US-77,MOFFAT RD,20,35.02895833,-97.33560278,0,32,0,0,3,2,0,4,1,1,0,1,0,0000000,9,53,9,58,99,99,0,0,0,1,0
40,400584,1,1,0,0,0,1,1,27,3430,5,12,2014,6,22,34,0,16,6,POST OAK RD,,0,35.16036944,-97.27631667,0,1,0,0,1,1,0,1,2,10,0,10,0,0000000,88,88,88,88,88,88,0,0,0,1,0
40,400585,1,1,0,0,0,1,1,131,0,4,12,2014,5,16,31,0,4,4,CR-EW390,,0,36.45244167,-95.77646111,0,38,0,0,1,1,0,4,5,10,0,10,0,0000000,16,22,16,29,17,54,0,0,0,1,0
40,400586,1,1,0,0,0,1,1,143,4780,22,12,2014,2,17,47,1,11,1,I-244,,99999,36.163,-95.8765,0,43,0,0,1,1,0,3,3,1,0,1,0,0000000,17,43,17,51,18,42,0,0,0,1,0
40,400587,2,2,0,0,0,2,2,137,0,14,12,2014,1,10,7,0,3,3,SR-29,,131,34.6378,-97.7332,0,12,6,0,1,1,0,1,1,10,0,10,0,0000000,10,8,10,26,88,88,0,0,0,1,1
40,400588,1,1,0,0,0,1,1,27,3430,25,11,2014,3,23,51,0,15,4,CR-FRANKLIN RD,,0,35.27616667,-97.27950833,0,1,0,0,1,1,0,4,2,1,0,1,0,0000000,23,51,0,6,0,41,0,0,0,1,1
40,400589,1,1,0,0,0,1,1,65,0,24,12,2014,4,16,31,0,4,3,SR-6,,100,34.5693,-99.4214,0,34,0,0,1,1,0,4,1,1,0,1,0,0000000,16,32,16,45,88,88,0,0,0,1,0
40,400590,2,2,0,0,0,5,5,101,1690,31,10,2014,6,16,30,0,14,2,US-62,SCOTT ST,51,35.77839444,-95.25153056,0,12,6,0,2,2,0,1,1,1,0,1,0,0000000,15,49,15,54,16,50,0,0,0,1,0
40,400591,1,1,0,0,0,1,1,133,2650,24,9,2014,4,15,30,0,4,3,SR-39,,28,34.950575,-96.75168889,0,42,0,0,1,1,0,5,1,1,0,1,0,0000000,99,99,99,99,88,88,0,0,0,1,0
40,400592,2,2,0,0,0,4,4,15,160,30,10,2014,5,13,16,0,14,3,SR-8,PETREE,120,35.05794167,-98.23383056,0,12,6,0,2,2,0,1,1,1,0,1,0,0000000,13,18,13,37,14,13,0,0,0,2,0
40,400593,2,2,0,0,0,2,2,97,0,19,12,2014,6,14,2,1,2,2,US-412,SH-412B,36,36.1769,-95.2793,0,12,6,0,2,2,0,1,1,10,0,10,0,0000000,14,5,14,15,15,28,0,0,0,1,0
40,400594,2,2,0,0,0,3,3,27,3430,24,12,2014,4,13,29,0,3,3,SR-9,,95,35.19185556,-97.25233611,0,12,2,0,1,1,0,1,1,1,0,1,0,0000000,13,30,13,47,14,15,0,0,0,3,0
41,410001,1,1,0,1,1,1,1,67,0,13,1,2014,2,17,25,0,4,4,CR-SW ELWERT RD,,0,45.37966389,-122.8677361,0,8,0,0,1,1,0,1,2,1,0,1,0,0000000,17,25,17,32,88,88,0,0,0,1,0
41,410002,1,1,0,0,0,1,1,35,0,16,1,2014,5,8,47,1,2,2,US-97 (ODOT 4),,2451,42.63596389,-121.8796972,0,42,0,0,1,1,0,4,1,1,0,1,0,0000000,99,99,99,99,88,88,0,0,0,1,0
41,410003,2,2,0,0,0,3,3,53,0,23,1,2014,5,13,15,0,3,3,SR-223 (ODOT 191),,62,44.88388333,-123.3314222,0,12,2,0,1,1,0,1,1,1,0,1,0,0000000,13,20,13,30,88,88,0,0,0,1,0
41,410004,1,1,0,0,0,1,1,29,0,6,1,2014,2,23,0,0,3,3,SR-238 (ODOT 272),,303,42.28788611,-122.9935944,0,53,0,0,1,1,0,5,2,2,0,2,0,0000000,23,16,23,24,88,88,0,0,0,1,1
41,410005,2,2,0,0,0,2,2,35,0,8,1,2014,4,6,40,1,2,3,SR-140E (ODOT 20),,117,42.19495,-121.5987472,0,51,0,0,1,1,0,1,2,10,0,10,0,0000000,6,43,6,57,99,99,0,0,0,1,0
41,410006,1,1,0,1,1,1,1,5,1830,17,1,2014,6,23,28,0,16,6,BEERS AVE,HOOD ST,0,45.39873889,-122.2670083,0,8,0,0,3,2,1,1,3,1,0,1,0,0000000,23,28,23,30,0,25,0,0,0,1,1
41,410007,2,2,0,0,0,7,7,47,0,18,1,2014,7,9,39,1,1,1,I-5 RAMP,,2788,45.23926944,-122.8030111,0,12,1,1,5,1,0,1,1,5,0,5,0,0000000,9,39,9,46,99,99,0,0,0,1,0
41,410008,1,1,0,0,0,1,1,39,0,26,1,2014,1,18,17,0,5,4,CR-WARTHEN RD,,23,44.07309722,-123.4001972,0,34,0,0,1,1,0,4,2,98,0,98,0,0000000,18,12,18,19,88,88,0,0,0,1,1
41,410009,1,1,0,0,0,1,1,3,0,27,1,2014,2,2,0,0,4,4,CR-DAWSON RD,CR-BELLFOUNTAIN RD,33,44.36370833,-123.355775,0,42,0,0,3,2,0,4,2,1,0,1,0,0000000,4,10,4,20,88,88,0,0,0,1,1
41,410010,1,1,0,0,0,1,1,39,0,28,1,2014,3,6,30,1,1,1,I-5 RAMP,,1726,43.77261111,-123.0611667,0,1,0,1,5,1,0,8,4,10,0,10,0,0000000,6,36,6,42,88,88,0,0,0,1,0
41,410011,1,1,0,1,1,1,1,19,1780,29,1,2014,4,11,45,1,11,1,I-5,,1240,43.21419167,-123.3555472,0,8,0,1,18,1,0,1,1,10,0,10,0,0000000,11,45,11,45,88,88,0,0,0,1,0
41,410012,1,1,0,1,1,1,1,51,1650,30,1,2014,5,20,22,0,13,6,SE DIVISION ST,,0,45.50457778,-122.4864833,0,8,0,0,1,1,0,1,3,2,0,2,0,0000000,99,99,99,99,88,88,0,0,0,1,0
41,410013,2,2,0,0,0,2,2,5,0,31,1,2014,6,4,33,0,3,3,SR-213 (ODOT 160),S MACKSBURG RD,130,45.19256944,-122.5853583,0,12,2,0,2,2,0,1,2,10,0,10,0,0000000,4,34,4,42,88,88,0,0,0,1,0
41,410014,2,2,0,0,0,3,3,31,0,31,1,2014,6,14,25,1,2,2,US-20 (ODOT 16),,856,44.42262222,-121.7517944,0,12,2,0,1,1,0,1,1,1,0,1,0,0000000,14,28,14,40,99,99,0,0,0,2,0
41,410015,3,3,0,0,0,3,3,19,0,3,2,2014,2,10,30,0,3,4,CR-RIDDLE BYPASS RD,CR-WEAVER RD,10,42.97333333,-123.3502472,0,12,6,0,2,2,0,1,1,1,0,1,0,0000000,10,33,10,40,88,88,0,0,0,1,0
41,410016,1,1,0,1,1,1,1,39,0,5,2,2014,4,18,4,0,4,4,CR-JASPER-LOWELL RD,,106,43.96935833,-122.8517639,0,8,0,0,1,1,0,1,2,10,0,10,0,0000000,18,4,18,6,88,88,0,0,0,1,0
41,410017,2,2,0,0,0,2,2,3,0,5,2,2014,4,21,5,0,3,2,US-20 (ODOT 31),NE MERLOY AVE,39,44.6112,-123.2161139,0,12,1,0,3,3,0,1,2,1,0,1,0,0000000,21,5,21,5,88,88,0,0,0,1,0
41,410018,1,1,0,0,0,2,2,51,0,7,2,2014,6,14,9,1,1,1,I-84,,252,45.54213056,-122.2537889,0,42,0,0,1,1,0,4,1,4,0,4,0,0000000,14,9,14,16,99,99,0,0,0,1,0
41,410019,2,2,0,0,0,6,6,47,1810,11,2,2014,3,18,17,0,14,6,TURNER RD SE,,0,44.89456389,-122.9904333,0,12,2,0,1,1,0,1,2,2,0,2,0,0000000,18,17,18,22,99,99,0,0,0,2,0
41,410020,2,2,0,0,0,2,2,47,0,13,2,2014,5,19,42,0,3,3,SR-211 (ODOT 161),PUDDING RIVER RD,20,45.14925833,-122.78965,0,12,6,0,2,2,0,1,2,1,0,1,0,0000000,19,42,19,45,20,27,0,0,0,1,0
41,410021,1,1,0,2,2,1,1,51,1650,14,2,2014,6,11,26,0,15,6,SE DIVISION ST,SE 84TH AVE,0,45.50460833,-122.5765889,0,8,0,0,3,3,0,1,1,10,0,10,0,0000000,11,26,11,34,12,0,0,0,0,1,0
41,410022,1,1,0,1,1,2,2,51,1650,15,2,2014,7,18,23,1,13,2,US-26 (ODOT 26),,73,45.49714167,-122.5357778,0,8,0,0,1,1,0,1,3,2,0,2,0,0000000,99,99,99,99,88,88,0,0,0,1,1
41,410023,1,1,0,0,0,1,1,19,0,10,2,2014,2,13,15,1,2,2,US-101 (ODOT 9),,2198,43.61070833,-124.1807528,0,42,0,0,1,1,0,4,1,10,0,10,0,0000000,13,15,13,30,88,88,0,0,0,1,0
41,410024,2,2,0,0,0,3,3,59,0,20,2,2014,5,20,52,0,3,3,SR-204 (ODOT 330),,21,45.80889167,-118.3853861,0,12,2,0,1,1,0,1,2,1,0,1,0,0000000,20,52,21,1,99,99,0,0,0,1,0
41,410025,2,2,0,0,0,6,6,31,0,17,2,2014,2,16,55,0,4,4,CR-GUMWOOD LN,CR-BOISE DR,13,44.72261944,-121.1533556,0,12,6,0,2,2,0,1,1,10,0,10,0,0000000,16,59,17,5,99,99,0,0,0,1,0
41,410026,1,1,0,1,1,1,1,33,860,20,2,2014,5,19,13,1,13,2,US-199 (ODOT 482),,12,42.43674722,-123.3040333,0,8,0,0,1,1,0,1,3,10,0,10,0,0000000,19,13,99,99,88,88,0,0,0,1,0
41,410027,1,1,0,0,0,3,3,39,0,21,2,2014,6,23,0,0,4,4,CR-POODLE CREEK RD,,41,44.12064444,-123.4643667,0,1,0,0,1,1,0,4,2,5,0,5,0,0000000,23,8,23,27,0,32,0,0,0,2,1
41,410028,1,1,0,1,1,1,1,5,1580,3,1,2014,6,18,2,0,14,6,WASHINGTON ST,12TH ST,0,45.35993889,-122.6014861,0,8,0,0,3,2,0,1,3,10,0,10,0,0000000,18,2,18,6,99,99,0,0,0,1,0
41,410029,2,2,0,0,0,4,4,5,0,10,1,2014,6,8,4,0,14,4,CR-SW STAFFORD RD,,45,45.381675,-122.6957417,0,12,6,0,1,1,0,1,1,2,10,2,0,0000000,8,6,8,11,8,50,0,0,0,1,0
41,410030,2,2,0,0,0,3,3,5,0,17,1,2014,6,10,36,0,14,4,CR-JENNINGS AVE,CR-SE ADDY ST,16,45.39203056,-122.6110444,0,12,2,0,2,2,0,1,1,10,0,10,0,0000000,10,36,10,39,11,6,0,0,0,1,0
41,410031,2,2,0,0,0,2,2,59,0,7,3,2014,6,1,27,1,1,1,I-82,,38,45.88508889,-119.3299194,0,12,2,0,1,1,0,1,2,1,0,1,0,0000000,1,31,1,46,2,35,0,0,0,1,1
41,410032,1,1,0,0,0,1,1,5,0,7,3,2014,6,18,37,0,14,4,CR-S HOLLY LN,CR-MORTON RD,9,45.34793889,-122.57225,0,1,0,0,3,3,0,4,2,1,0,1,0,0000000,18,37,18,44,88,88,0,0,0,1,0
41,410033,1,1,0,0,0,2,2,71,0,9,3,2014,1,13,43,1,2,3,SR-18 (ODOT 39),,357,45.1006,-123.3431167,0,30,0,0,1,1,0,4,1,1,0,1,0,0000000,13,43,14,53,15,19,0,0,0,1,0
41,410034,2,2,0,0,0,6,6,45,1570,9,3,2014,1,1,55,1,11,1,I-84,,3775,44.036625,-116.9601611,0,12,7,0,1,1,0,1,2,2,0,2,0,0000000,2,4,2,10,99,99,0,0,0,1,0
41,410035,3,1,2,1,1,2,2,19,0,2,3,2014,1,22,56,1,1,1,I-5,,896,42.82311667,-123.260625,0,14,0,0,1,1,0,4,2,2,0,2,0,0000000,22,57,23,12,1,27,14,15,0,2,0
41,410036,2,2,0,0,0,3,3,29,0,9,3,2014,1,17,43,0,3,4,CR-FOOTHILL RD,,31,42.37506667,-122.8206722,0,12,6,0,1,1,0,1,1,2,0,2,0,0000000,17,44,17,52,18,9,0,0,0,1,0
41,410037,2,2,0,0,0,3,3,41,0,14,3,2014,6,18,40,1,2,2,US-20 (ODOT 33),,319,44.61443056,-123.6323056,0,12,6,0,8,1,0,1,1,1,0,1,0,0000000,18,41,19,5,88,88,0,0,0,1,1
41,410038,1,1,0,0,0,1,1,29,1310,15,3,2014,7,11,57,0,14,6,N PHOENIX RD,,0,42.33043611,-122.8230472,0,33,0,0,1,1,0,4,1,1,0,1,0,0000000,11,57,12,3,88,88,0,0,0,1,0
41,410039,2,2,0,0,0,2,2,41,0,17,3,2014,2,11,57,1,2,2,US-20 (ODOT 33),,312,44.61313333,-123.6307694,0,12,1,0,1,1,0,1,1,1,0,1,0,0000000,11,57,12,15,88,88,0,0,0,1,0
41,410040,2,2,0,0,0,2,2,67,0,18,3,2014,3,11,5,0,3,4,CR-NW ZION CHURCH RD,,0,45.57390278,-123.0233917,0,12,1,0,1,1,0,1,1,10,0,10,0,0000000,11,6,11,11,88,88,0,0,0,1,1
41,410041,2,2,0,0,0,5,5,59,0,19,3,2014,4,7,27,0,4,4,CR-FEEDVILLE RD,CR-S EDWARDS RD,209,45.80585556,-119.2045722,0,12,6,0,2,2,0,1,4,1,0,1,0,0000000,7,27,7,39,8,1,0,0,0,1,0
41,410043,3,3,0,0,0,4,4,59,0,19,3,2014,4,20,20,1,13,2,US-395 (ODOT 54),PUNKIN CENTER RD,38,45.86463611,-119.2911444,0,12,1,0,3,2,0,1,3,10,0,10,0,0000000,20,21,20,25,20,50,0,0,0,1,1
41,410044,2,2,0,0,0,4,4,5,650,21,3,2014,6,7,31,0,3,3,SR-224 (ODOT 161),SR-211 (ODOT 166),335,45.35758611,-122.3588889,0,12,6,0,2,3,0,1,1,5,0,5,1,0000000,7,31,7,35,9,5,0,0,0,1,0
41,410045,1,1,0,0,0,1,1,71,0,22,3,2014,7,18,38,1,2,3,SR-99 (ODOT 91),,278,45.25536944,-123.0324,0,34,0,0,1,1,0,4,1,1,0,1,0,0000000,18,39,18,45,19,7,0,0,0,1,1
41,410046,2,2,0,0,0,2,2,43,20,23,3,2014,1,19,9,1,13,3,SR-99E (ODOT 58),BELMONT AVE,54,44.59024444,-123.1098278,0,12,6,0,2,2,0,1,5,1,0,1,0,0000000,19,10,19,16,88,88,0,0,0,1,0
41,410047,2,2,0,0,0,2,2,5,0,23,3,2014,1,23,25,1,2,3,SR-212 (ODOT 174),,57,45.42246111,-122.3955278,0,12,2,0,1,1,0,1,2,1,0,1,0,0000000,23,27,23,42,0,37,0,0,0,1,0
41,410048,1,1,0,0,0,1,1,17,0,23,3,2014,1,16,25,0,6,8,USFS RD 9725,,0,43.82562222,-121.3436417,0,42,0,0,1,1,0,4,1,1,0,1,0,0000000,16,33,17,15,99,99,0,0,0,1,0
41,410049,2,2,0,0,0,2,2,67,0,26,3,2014,4,6,44,0,3,4,CR-ROY ROGERS RD,,0,45.38338611,-122.8523944,0,12,2,0,1,1,0,1,2,2,0,2,0,0000000,6,44,6,51,7,32,0,0,0,1,1
41,410050,2,2,0,0,0,2,2,29,0,27,3,2014,5,3,13,1,11,1,I-5,,235,42.27188333,-122.8052306,0,12,2,0,1,1,0,1,2,1,0,1,0,0000000,3,12,3,20,3,58,0,0,0,1,1
41,410051,1,1,0,0,0,1,1,51,1650,30,3,2014,1,2,2,1,14,6,N INTERSTATE AVE,,0,45.53793056,-122.6744583,0,33,0,0,1,1,0,3,3,10,0,10,0,0000000,99,99,99,99,88,88,0,0,0,1,1
41,410052,2,2,0,0,0,3,3,29,0,2,4,2014,4,13,15,0,4,4,CR-N RIVER RD,,37,42.41846667,-123.1575139,0,12,6,0,1,1,0,1,1,1,0,1,0,0000000,13,18,13,37,99,99,0,0,0,2,1
41,410053,2,2,0,0,0,4,4,53,0,4,4,2014,6,19,0,1,2,3,SR-22 (ODOT 30),,100,44.96555278,-123.2939917,0,12,2,0,1,1,0,1,5,10,0,10,0,0000000,19,1,19,10,19,40,0,0,0,2,0
41,410054,2,2,0,0,0,5,5,43,0,5,4,2014,7,1,22,1,13,3,SR-34 (ODOT 210),,170,44.54500833,-122.9316361,0,53,0,0,1,1,0,4,2,10,0,10,0,0000000,1,19,1,41,99,99,0,0,0,2,1
41,410055,1,1,0,0,0,1,1,41,0,5,4,2014,7,16,44,0,6,4,CR-E CANAL CREEK RD,,10,44.39466667,-123.9340889,0,18,0,0,1,1,0,4,1,2,0,2,0,0000000,16,45,17,1,88,88,0,0,0,1,0
41,410056,3,3,0,0,0,3,3,67,180,7,4,2014,2,8,31,0,14,6,SW CEDAR HILLS BLVD,SW HUNTINGTON AVE,0,45.50284722,-122.8035139,0,12,1,0,3,3,0,1,1,1,0,1,0,0000000,8,31,8,34,88,88,14,0,0,1,0
41,410057,4,4,0,0,0,9,9,19,1780,8,4,2014,3,16,29,1,13,3,SR-138 RAMP,,8,43.21328611,-123.3534194,0,41,0,0,5,1,0,4,1,1,0,1,0,0000000,16,29,16,40,99,99,0,0,0,1,0
41,410058,1,1,0,2,2,1,1,67,700,9,4,2014,4,7,30,0,16,6,18TH AVE,,0,45.51699167,-123.0916944,0,8,0,0,1,1,0,1,1,1,0,1,0,0000000,7,30,7,30,88,88,0,0,0,1,0
41,410059,1,1,0,0,0,2,2,29,70,9,4,2014,4,22,32,1,13,6,SISKIYOU BLVD,ASHLAND ST,0,42.18539444,-122.6916111,0,1,0,0,3,3,0,5,3,1,0,1,0,0000000,22,32,22,36,23,15,0,0,0,1,1
41,410060,1,1,0,0,0,1,1,39,0,11,4,2014,6,9,4,1,13,3,SR-99W (ODOT 91),IRVING RD,1179,44.103275,-123.1722167,0,30,0,0,3,2,0,4,1,1,0,1,0,0000000,9,4,99,99,88,88,0,0,0,1,0
41,410061,2,2,0,0,0,3,3,19,0,12,4,2014,7,6,0,1,13,3,SR-38 (ODOT 45),,183,43.67126389,-123.8101028,0,12,2,0,1,1,0,1,4,10,0,10,0,0000000,6,4,6,27,7,1,0,0,0,1,0
41,410062,2,2,0,0,0,3,3,67,0,16,4,2014,4,18,28,0,3,4,CR-SW SCHOLLS-SHERWOOD RD,,0,45.38400556,-122.8677778,0,12,2,0,1,1,0,1,1,10,0,10,0,0000000,99,99,18,36,88,88,0,0,0,1,1
41,410063,2,1,1,0,0,1,1,47,0,16,4,2014,4,14,43,0,3,3,SR-226 (ODOT 211),SR-22 (ODOT 162),257,44.79246944,-122.6182833,0,24,0,0,3,3,0,4,1,10,0,10,0,0000000,99,99,99,99,99,99,0,0,0,1,1
41,410064,1,1,0,1,1,1,1,11,390,17,4,2014,5,22,30,1,13,2,US-101 (ODOT 9),,2389,43.35812222,-124.2132083,0,8,0,0,1,1,0,1,2,2,0,2,0,0000000,22,30,22,32,88,88,0,0,0,1,0
41,410065,1,1,0,1,1,1,1,19,0,18,4,2014,6,22,40,0,4,4,CR-NON PAREIL RD,,33,43.410725,-123.2085639,0,8,0,0,1,1,0,1,2,1,0,1,0,0000000,22,40,22,50,23,21,0,0,0,1,0
41,410066,2,2,0,0,0,5,5,3,20,26,4,2014,7,15,41,1,13,2,US-20 (ODOT 31),,90,44.642025,-123.1343917,0,12,6,0,1,1,0,1,1,2,10,2,0,0000000,15,44,15,49,16,13,0,0,0,1,1
41,410067,2,2,0,0,0,3,3,31,0,28,4,2014,2,9,13,1,2,2,US-20 (ODOT 16),,816,44.42971111,-121.7140333,0,12,6,0,1,1,0,1,1,1,0,1,0,0000000,9,16,9,33,10,54,0,0,0,1,0
41,410068,2,2,0,0,0,3,3,67,0,7,4,2014,2,9,25,1,2,3,SR-47 (ODOT 102),NW VERBOORT RD,880,45.54781667,-123.1061222,0,12,6,0,2,2,0,1,1,1,0,1,0,0000000,9,25,9,27,88,88,0,0,0,2,0
41,410069,2,2,0,0,0,3,3,39,1960,29,4,2014,3,11,42,1,13,3,SR-126B (ODOT 15),SOUTH 10TH ST,21,44.04488611,-123.0128139,0,12,6,0,2,3,0,1,1,1,0,1,0,0000000,11,42,11,48,12,5,0,0,0,1,0
41,410070,3,3,0,0,0,4,4,47,0,30,4,2014,4,17,25,0,3,4,CR-RIVER RD,,41,45.05922778,-122.9826639,0,12,6,0,8,1,0,1,1,1,0,1,0,0000000,17,26,17,32,18,33,14,0,0,1,0
41,410071,1,1,0,1,1,2,2,51,1650,4,5,2014,1,4,1,1,13,6,N COLUMBIA BLVD,,0,45.59414722,-122.7202056,0,8,0,0,1,1,0,1,3,10,0,10,0,0000000,99,99,99,99,88,88,0,0,0,1,0
41,410072,1,1,0,0,0,2,2,41,0,4,5,2014,1,11,9,1,2,2,US-20 (ODOT 33),,175,44.65755833,-123.8299667,0,1,0,0,1,1,0,4,1,2,0,2,0,0000000,11,9,11,26,12,55,0,0,0,2,0
41,410073,1,1,0,0,0,1,1,59,0,9,5,2014,6,22,43,1,2,3,SR-11 (ODOT 8),,98,45.74676111,-118.5841667,0,1,0,0,1,1,0,4,2,10,0,10,0,0000000,22,44,22,54,23,52,0,0,0,1,1
41,410074,1,1,0,0,0,1,1,3,0,11,5,2014,1,15,15,0,4,4,CR-DECKER RD,,10,44.48013333,-123.4271806,0,34,0,0,1,1,0,4,1,1,0,1,0,0000000,15,16,15,25,88,88,0,0,0,1,0
41,410075,2,1,1,0,0,1,1,39,2145,12,5,2014,2,17,40,0,4,6,BOLTON HILL RD,,0,44.04250278,-123.3635222,0,33,0,0,1,1,0,4,1,1,0,1,0,0000000,17,43,17,58,88,88,0,0,0,1,0
41,410076,3,3,0,0,0,4,4,31,0,17,5,2014,7,12,0,1,2,2,US-97 (ODOT 4),,763,44.79639444,-120.9458861,0,12,6,0,1,1,0,1,1,1,0,1,0,0000000,12,0,12,30,12,50,14,0,0,1,0
41,410077,3,3,0,0,0,9,9,31,0,18,5,2014,1,12,37,1,2,2,US-20 (ODOT 16),,815,44.42374167,-121.8080222,0,24,0,0,1,1,0,4,1,2,0,2,0,0000000,12,39,13,1,99,99,0,0,0,1,0
41,410078,2,1,1,0,0,2,2,39,0,20,5,2014,3,7,8,1,11,1,I-5,,1891,43.99926389,-123.0105694,0,14,0,0,1,1,0,4,1,1,0,1,0,0000000,7,8,7,13,99,99,0,0,0,1,0
41,410079,2,2,0,0,0,2,2,41,0,20,5,2014,3,20,0,1,2,2,US-20 (ODOT 33),,228,44.65553889,-123.7931611,0,12,2,0,1,1,0,1,1,1,0,1,0,0000000,20,2,20,19,21,15,0,0,0,1,1
41,410080,1,1,0,1,1,1,1,39,660,24,5,2014,7,11,55,1,13,6,RIVER RD,,0,44.10481389,-123.13195,0,8,0,0,1,1,0,1,1,1,0,1,0,0000000,11,56,11,59,88,88,0,0,0,1,0
41,410081,4,4,0,0,0,5,5,59,0,2,3,2014,1,19,30,1,1,1,I-84,,2204,45.59732778,-118.6241639,0,24,0,0,1,1,0,4,2,5,0,5,0,0000000,19,43,20,8,88,88,0,0,0,2,0
41,410082,1,1,0,0,0,1,1,43,0,23,3,2014,1,99,99,0,4,4,CR-OAKVILLE RD,,23,44.58551944,-123.1482722,0,1,0,0,1,1,0,4,2,1,0,1,0,0000000,6,48,6,58,88,88,0,0,0,1,1
41,410083,2,2,0,0,0,6,6,53,1070,17,4,2014,5,16,55,0,15,6,STRYKER RD,STINSON ST,0,44.86703889,-123.1920389,0,12,6,0,2,3,0,1,1,10,2,2,0,0000000,16,55,17,2,17,25,0,0,0,1,0