STATE,ST_CASE,VE_TOTAL,VE_FORMS,PVH_INVL,PEDS,PERNOTMVIT,PERMVIT,PERSONS,COUNTY,CITY,DAY,MONTH,YEAR,DAY_WEEK,HOUR,MINUTE,NHS,ROAD_FNC,ROUTE,TWAY_ID,TWAY_ID2,MILEPT,LATITUDE,LONGITUD,SP_JUR,HARM_EV,MAN_COLL,RELJCT1,RELJCT2,TYP_INT,WRK_ZONE,REL_ROAD,LGT_COND,WEATHER1,WEATHER2,WEATHER,SCH_BUS,RAIL,NOT_HOUR,NOT_MIN,ARR_HOUR,ARR_MIN,HOSP_HR,HOSP_MN,CF1,CF2,CF3,FATALS,DRUNK_DR
42,420090,2,2,0,0,0,3,3,79,0,23,2,2014,1,6,41,0,14,3,SR-309 HUNTER HWY,,63,40.99979722,-75.98487222,0,12,6,0,1,1,0,1,1,1,0,1,0,0000000,6,44,6,55,7,33,0,0,0,1,0
42,420091,2,2,0,0,0,2,2,79,3515,17,2,2014,2,10,12,0,14,3,SR-415 LAKESIDE DR,,68,41.36508611,-76.04433611,0,12,1,0,1,1,0,1,1,1,0,1,0,0000000,10,22,10,27,10,52,0,0,0,1,0
42,420092,2,1,1,0,1,1,2,41,0,4,2,2014,3,23,6,1,1,1,I-76 EAST/WEST TPKE,,2380,40.19978889,-76.94389444,0,14,0,0,1,1,0,1,2,3,0,3,0,0000000,23,6,23,25,0,10,19,0,0,1,0
42,420093,2,2,0,0,0,2,2,125,163,13,2,2014,5,9,42,1,1,1,I-79,,234,40.02153611,-80.17482222,0,12,1,0,1,1,0,2,1,4,0,4,0,0000000,9,50,10,7,88,88,0,0,0,1,0
42,420094,3,3,0,0,0,3,3,67,0,11,2,2014,3,16,5,0,4,3,SR-35 JUNIATA TRWY,SR-3017 ACADEMIA RD,191,40.527775,-77.48598889,0,12,6,0,2,4,0,1,1,1,0,1,0,0000000,16,6,16,15,99,99,0,0,0,1,0
42,420095,1,1,0,1,1,1,1,101,6540,17,2,2014,2,17,3,0,14,3,SR-3023 KINGSESSING AVE,,5,39.92894722,-75.23535833,0,8,0,0,1,1,0,1,1,1,0,1,0,0000000,17,4,17,9,17,34,0,0,0,1,0
42,420096,3,3,0,0,0,5,5,71,0,22,2,2014,7,13,21,0,14,3,SR-462 KING ST,,121,40.03840278,-76.27676944,0,12,7,0,8,1,0,1,1,1,0,1,0,0000000,99,99,99,99,99,99,0,0,0,1,1
42,420097,1,1,0,1,1,2,2,45,1270,20,2,2014,5,19,40,1,13,2,US-13 NINTH ST,LINCOLN ST,44,39.84751667,-75.37376944,0,8,0,0,2,2,0,1,3,1,0,1,0,0000000,99,99,99,99,99,99,0,0,0,1,0
42,420098,1,1,0,0,0,1,1,15,0,1,2,2014,7,0,1,0,3,3,SR-14,,109,41.73518889,-76.81337222,0,24,0,0,1,1,0,4,2,1,0,1,0,0000000,88,88,88,88,88,88,0,0,0,1,1
42,420099,3,3,0,0,0,4,4,13,0,27,2,2014,5,14,27,0,5,3,SR-2004 CROSS COVE RD,,21,40.30268611,-78.34451667,0,12,6,0,1,1,0,1,1,11,0,11,0,0000000,14,26,14,31,99,99,0,0,0,1,0
42,420100,3,3,0,0,0,3,3,77,0,10,2,2014,2,9,33,1,13,2,US-222,,23,40.540775,-75.63936111,0,12,1,0,1,1,0,1,1,1,0,1,0,0000000,99,99,99,99,88,88,22,0,0,1,0
42,420101,1,1,0,0,0,1,1,19,0,23,2,2014,1,12,25,1,1,1,I-80 KEYSTONE SHORTWAY RD,,437,41.16955833,-79.70647778,0,24,0,0,1,1,0,4,1,1,0,1,0,0000000,99,99,99,99,88,88,0,0,0,1,1
42,420102,1,1,0,0,0,1,1,27,0,21,2,2014,6,22,0,1,2,3,SR-144,,26,40.82373333,-77.6544,0,42,0,0,1,1,0,4,2,1,0,1,0,0000000,22,7,22,16,99,99,0,0,0,1,0
42,420103,4,4,0,0,0,7,7,125,0,22,2,2014,7,12,55,1,1,1,I-70,,216,40.16558333,-80.18337222,0,12,6,0,1,1,0,1,1,1,0,1,0,0000000,12,57,13,4,13,48,0,0,0,1,0
42,420104,3,3,0,0,0,7,7,11,0,4,2,2014,3,14,4,0,15,3,SR-3021 PAPER MILL RD,MERIDIAN BLVD,11,40.35634167,-75.98363611,0,12,6,0,2,2,0,1,1,1,0,1,0,0000000,99,99,99,99,99,99,0,0,0,1,0
42,420105,1,1,0,0,0,5,5,69,7460,9,2,2014,1,21,9,1,12,2,US-11 JOSEPH M MCDADE EXPY,,75,41.42451944,-75.67090833,0,25,0,0,1,1,0,4,3,4,0,4,0,0000000,21,11,21,16,22,6,0,0,0,2,0
42,420106,1,1,0,0,0,1,1,129,0,19,2,2014,4,23,15,0,14,3,SR-981 LATROBE DERRY RD,,306,40.32286111,-79.37713889,0,30,0,0,1,1,0,4,3,1,0,1,0,0000000,99,99,99,99,99,99,0,0,0,1,0
42,420107,1,1,0,0,0,1,1,3,0,4,2,2014,3,2,28,1,11,1,I-6279 HOV LN TO/FR NORTHSH RD,,50,40.5055,-80.03086111,0,25,0,0,1,1,0,4,3,1,0,1,0,0000000,99,99,99,99,88,88,0,0,0,1,0
42,420108,1,1,0,0,0,1,1,131,5980,12,2,2014,4,13,7,0,5,3,SR-1021 MAIN ST,,3,41.63041667,-75.78196111,0,48,0,0,1,1,0,4,1,1,0,1,0,0000000,13,11,13,32,14,16,0,0,0,1,0
42,420109,1,1,0,0,0,1,1,77,0,28,2,2014,6,14,27,1,11,1,I-78,,604,40.55456111,-75.43309444,0,21,0,0,1,1,0,4,1,1,0,1,0,0000000,99,99,99,99,88,88,0,0,0,1,0
42,420110,1,1,0,0,0,2,2,129,5645,19,3,2014,4,22,52,1,13,2,US-22 WILLIAM PENN HWY,,63,40.40208056,-79.59157222,0,30,0,0,1,1,0,4,2,2,0,2,0,0000000,99,99,99,99,99,99,0,0,0,1,1
42,420111,2,2,0,0,0,3,3,77,110,12,2,2014,4,13,54,1,13,3,SR-145 FOURTH ST,,14,40.57091944,-75.45053611,0,12,2,0,1,1,0,1,1,1,0,1,0,0000000,88,88,88,88,88,88,0,0,0,1,1
42,420112,3,3,0,0,0,4,4,115,0,3,2,2014,2,12,35,0,4,2,US-11 LACKAWANNA TRL,,8,41.65408056,-75.78356944,0,12,2,0,1,1,0,1,1,4,0,4,0,0000000,88,88,88,88,88,88,0,0,0,1,1
42,420113,1,1,0,0,0,1,1,3,6600,2,3,2014,1,7,12,0,16,6,LIBERTY AVE,,0,40.44915556,-79.98542222,0,30,0,0,1,1,0,4,1,4,0,4,0,0000000,7,11,7,18,7,46,0,0,0,1,0
42,420114,1,1,0,0,0,1,1,95,0,11,3,2014,3,2,45,1,12,3,SR-8008 RAMP B RD,,1,40.68506944,-75.25140833,0,43,0,0,5,1,0,4,3,1,0,1,0,0000000,99,99,99,99,99,99,0,0,0,1,1
42,420115,2,1,1,0,0,2,2,85,0,2,3,2014,1,6,30,1,2,3,SR-18 HERMITAGE RD,,214,41.382525,-80.39656389,0,14,0,0,1,1,0,5,2,4,0,4,0,0000000,99,99,99,99,99,99,0,0,0,1,1
42,420116,1,1,0,1,1,1,1,11,6900,3,3,2014,2,11,20,0,16,6,PENN ST,SIXTH ST,0,40.33532778,-75.92587222,0,8,0,0,2,2,0,1,1,1,0,1,0,0000000,99,99,99,99,99,99,0,0,0,1,0
42,420117,1,1,0,0,0,2,2,101,6540,5,3,2014,4,21,32,1,13,3,SR-3010 MARKET ST,,15,39.95921667,-75.21836944,0,43,0,0,1,1,0,3,3,1,0,1,0,0000000,21,31,21,37,21,55,0,0,0,1,0
42,420118,1,1,0,0,0,1,1,133,0,14,3,2014,6,14,18,0,6,5,LEWISBERRY RD,,0,40.15968056,-76.96160278,0,42,0,0,1,1,0,4,1,1,0,1,0,0000000,14,15,14,29,88,88,0,0,0,1,1
42,420119,1,1,0,0,0,1,1,19,0,21,3,2014,6,18,25,0,14,3,SR-68,,129,40.84335278,-79.99382222,0,42,0,0,1,1,0,4,1,1,0,1,0,0000000,18,32,18,40,18,59,0,0,0,1,1
42,420120,2,2,0,0,0,2,2,45,1270,15,3,2014,7,17,17,0,16,6,W SEVENTH ST,JEFFREY ST,0,39.83904722,-75.38651667,0,12,6,0,2,2,0,1,1,1,0,1,0,0000000,99,99,99,99,99,99,0,0,0,1,0
42,420121,1,1,0,1,1,1,1,3,1335,12,3,2014,4,9,14,0,14,3,SR-2028 ST CLAIR AVE,,39,40.29298611,-79.88553611,0,8,0,0,1,1,0,99,1,99,0,99,0,0000000,9,15,9,17,9,30,0,0,0,1,0
42,420122,2,2,0,0,0,6,6,71,0,30,3,2014,1,18,27,0,5,3,SR-1011 RAILROAD AVE,,84,40.12495278,-76.10666389,0,12,6,0,1,1,0,1,1,3,4,4,0,0000000,99,99,99,99,99,99,0,0,0,1,0
42,420123,2,2,0,0,0,3,3,133,0,30,3,2014,1,16,51,0,3,3,SR-74 CARLISLE RD,,396,40.02540833,-76.87358056,0,12,6,0,1,1,0,1,1,4,0,4,0,0000000,16,53,16,58,17,30,0,0,0,2,0
42,420124,2,2,0,0,0,3,3,71,0,13,3,2014,5,20,20,0,14,3,SR-340 OLD PHILADELPHIA PIKE,,6,40.04024444,-76.25952778,0,33,0,0,1,1,0,4,3,1,0,1,0,0000000,20,22,20,31,20,47,0,0,0,1,1
42,420125,2,2,0,0,0,3,3,37,0,11,3,2014,3,17,33,1,13,2,US-11 MONTOUR BLVD,CROSS RD,25,40.98381667,-76.48309444,0,12,6,0,2,3,0,1,1,1,0,1,0,0000000,99,99,99,99,99,99,0,0,0,1,0
42,420126,2,2,0,0,0,4,4,11,0,30,3,2014,1,4,58,1,2,2,US-222 KUTZTOWN BYP,,249,40.49804444,-75.80844167,0,12,6,0,1,1,0,1,2,1,0,1,0,0000000,99,99,99,99,99,99,0,0,0,1,1
42,420127,1,1,0,0,0,2,2,81,9380,22,3,2014,7,23,15,0,16,6,W FOURTH ST,,0,41.24001667,-77.01113889,0,42,0,0,1,1,0,4,3,1,0,1,0,0000000,23,16,23,20,23,51,0,0,0,1,1
42,420128,1,1,0,0,0,3,3,41,0,1,3,2014,7,23,38,0,6,5,LEBO RD,,0,40.12033333,-77.30211111,0,42,0,0,1,1,0,4,2,1,0,1,0,0000000,23,39,23,48,99,99,0,0,0,1,1
42,420129,2,2,0,0,0,3,3,109,7470,15,3,2014,7,18,30,1,13,2,US-522,MOUNTAIN DR,270,40.80949444,-76.86801667,0,12,1,0,2,3,0,1,5,99,0,99,0,0000000,88,88,88,88,88,88,0,0,0,1,0
42,420130,2,2,0,0,0,3,3,41,0,28,3,2014,6,22,49,1,13,2,US-11 SUSQURHANNA TRL,,425,40.32469167,-76.91385556,0,12,6,0,1,1,0,1,2,1,0,1,0,0000000,22,49,23,10,99,99,0,0,0,1,1
42,420131,2,2,0,0,0,4,4,129,0,21,3,2014,6,16,23,1,13,2,US-30 LINCOLN HWY,,71,40.31281389,-79.66763056,0,12,2,0,1,1,0,1,1,1,0,1,0,0000000,16,24,16,31,17,11,0,0,0,1,0
42,420132,1,1,0,0,0,1,1,79,0,21,3,2014,6,2,1,0,4,3,SR-4016 MAIN RD,,68,41.22953611,-76.15835,0,30,0,0,1,1,0,4,2,1,0,1,0,0000000,2,3,2,21,88,88,0,0,0,1,1
42,420133,1,1,0,0,0,1,1,59,0,7,3,2014,6,21,50,0,6,3,SR-3007 BLOCKHOUSE RUN RD,,1,39.757825,-80.31870278,0,11,0,0,1,1,0,1,2,1,0,1,0,0000000,21,50,22,16,88,88,0,0,0,1,0
42,420134,1,1,0,0,0,2,2,133,0,14,3,2014,6,15,39,1,1,1,I-83 VFW OF US MEM HWY,,87,39.84471944,-76.68825833,0,25,0,0,1,1,0,4,1,1,0,1,0,0000000,15,47,16,1,16,36,0,0,0,1,0
42,420135,1,1,0,2,2,1,1,35,0,6,3,2014,5,2,55,1,1,1,I-80,,19,41.03079444,-77.52471944,0,8,0,0,1,1,0,1,2,1,0,1,0,0000000,3,3,3,16,3,16,0,0,0,2,0
42,420136,1,1,0,0,0,1,1,95,0,22,2,2014,7,13,20,0,6,5,RUTT RD,,0,40.86691667,-75.19366667,0,30,0,0,1,1,0,4,1,1,0,1,0,0000000,99,99,99,99,88,88,0,0,0,1,0
42,420137,1,1,0,0,0,1,1,125,0,7,3,2014,6,1,34,1,11,1,I-70,,129,40.14623611,-80.30653889,0,35,0,0,1,1,0,3,2,1,0,1,0,0000000,1,33,1,46,88,88,0,0,0,1,0
42,420138,1,1,0,1,1,1,1,77,0,12,3,2014,4,11,44,1,13,3,SR-873,,19,40.69971944,-75.60972222,0,8,0,0,1,1,0,2,1,1,0,1,0,0000000,99,99,99,99,99,99,0,0,0,1,0
42,420139,1,1,0,1,1,1,1,41,0,20,3,2014,5,13,19,0,3,3,SR-74 YORK RD,SR-2002 OLD STONHOUSE RD,26,40.15646944,-77.08581944,0,9,0,0,2,2,0,1,1,1,0,1,0,0000000,13,22,99,97,99,97,0,0,0,1,0
42,420140,2,2,0,1,1,2,2,71,4180,5,3,2014,4,12,37,0,16,6,WATER ST,LEMON ST,0,40.04400556,-76.309575,0,12,6,0,2,2,0,1,1,1,0,1,0,0000000,12,38,12,43,12,49,0,0,0,1,0
42,420141,1,1,0,0,0,1,1,35,0,29,3,2014,7,6,24,1,1,1,I-80 Z H CONFAIR MEMORIAL HWY,,1740,41.03703333,-77.50167778,0,42,0,0,1,1,0,5,2,1,0,1,0,0000000,6,34,6,47,7,35,0,0,0,1,0
42,420142,2,2,0,0,0,3,3,49,0,9,3,2014,1,21,0,1,2,2,US-6A RD,SR-215 KIDDERS CORNER RD,59,41.89126389,-80.40866111,0,12,6,0,3,2,0,1,2,1,0,1,0,0000000,99,99,99,99,88,88,0,0,0,1,0
42,420143,1,1,0,0,0,1,1,17,5212,26,3,2014,4,17,39,0,15,3,SR-4063COLD BETLEHEM PIKE,,26,40.47617222,-75.392625,0,34,0,0,1,1,0,4,5,1,0,1,0,0000000,17,57,18,7,18,43,0,0,0,1,0
42,420144,2,2,0,0,0,3,3,63,0,24,3,2014,2,15,58,1,13,2,US-119 PATRICK J. STAPLETO HWY,SR-9401 JUGHANDLE A RD,4,40.44900278,-79.21612778,0,12,6,0,2,2,0,1,1,1,0,1,0,0000000,99,99,99,99,99,99,0,0,0,1,0
42,420145,2,2,0,0,0,2,2,19,0,6,3,2014,5,22,18,0,4,2,US-19 PERRY HWY,,173,40.90745556,-80.13982778,0,12,1,0,1,1,0,1,2,1,0,1,0,0000000,22,19,22,27,88,88,0,0,0,1,0
42,420146,1,1,0,1,1,2,2,107,5340,6,3,2014,5,18,43,0,15,3,SR-4002 FRONT ST,,68,40.6938,-76.25784444,0,8,0,0,1,1,0,1,3,1,0,1,0,0000000,99,99,99,99,99,99,0,0,0,1,0
42,420147,1,1,0,0,0,1,1,101,6540,24,3,2014,2,23,0,1,13,2,US-1 ROOSEVELT BLVD,,940,40.02839722,-75.10042222,0,33,0,0,1,1,0,3,3,1,0,1,0,0000000,22,57,23,1,88,88,0,0,0,1,1
42,420148,2,2,0,0,0,2,2,63,0,9,3,2014,1,23,30,1,2,2,US-119,,217,40.71915556,-79.10715556,0,12,6,0,1,1,0,1,2,1,0,1,0,0000000,23,36,23,40,99,99,0,0,0,1,1
42,420149,2,2,0,0,0,3,3,103,0,29,3,2014,7,17,25,0,4,3,SR-739,,57,41.27893333,-74.92771944,0,12,2,0,1,1,0,1,1,2,0,2,0,0000000,17,7,17,22,18,28,0,0,0,1,1
42,420150,2,2,0,0,0,2,2,5,0,11,2,2014,3,15,23,0,14,3,SR-268 EAST BRADY RD,,25,40.828775,-79.54283889,0,12,8,0,1,1,0,1,1,1,0,1,0,0000000,99,99,99,99,88,88,0,0,0,1,1
42,420151,1,1,0,1,1,1,1,75,1440,16,3,2014,1,5,49,1,13,2,US-422 PENN AVE,,78,40.3379,-76.47144167,0,8,0,0,1,1,0,1,3,1,0,1,0,0000000,5,50,5,59,88,88,0,0,0,1,0
42,420152,1,1,0,0,0,1,1,101,6540,30,3,2014,1,2,35,0,16,6,MIDVALE AVE,,0,40.02379167,-75.17867778,0,30,0,0,1,1,0,4,3,2,0,2,0,0000000,2,35,2,50,88,88,0,0,0,1,1
42,420153,2,2,0,0,0,2,2,11,0,2,3,2014,1,6,59,0,3,3,SR-183 BERNVILLE RD,,112,40.42436944,-76.10852222,0,12,2,0,1,1,0,1,1,1,0,1,0,0000000,99,99,99,99,99,99,0,0,0,1,0
42,420154,2,2,0,0,0,5,5,1,0,20,3,2014,5,18,11,0,3,3,SR-234 HEIDLERSBURG RD,,139,39.939075,-77.22230833,0,12,2,0,1,1,0,1,1,1,0,1,0,0000000,99,99,99,99,99,99,0,0,0,1,0
42,420155,2,2,0,0,0,3,3,107,0,29,3,2014,7,8,25,1,1,1,I-81 AMERICAN LEGION MEM HWY,,995,40.53196667,-76.42978889,0,12,1,0,1,1,0,1,1,1,0,1,0,0000000,99,99,99,99,99,99,0,0,0,1,0
42,420156,1,1,0,0,0,1,1,49,2640,8,3,2014,7,3,47,1,13,3,SR-5 TWELFTH ST,,232,42.11235,-80.11174722,0,30,0,0,1,1,0,4,3,1,0,1,0,0000000,3,50,3,54,4,15,0,0,0,1,0
42,420157,2,2,0,0,0,3,3,33,0,9,3,2014,1,11,5,1,2,2,US-219 BELLS LANDING/GRAMPI RD,,215,40.92453333,-78.65153611,0,12,6,0,1,1,0,1,1,1,0,1,0,0000000,99,99,99,99,99,99,0,0,0,1,0
42,420158,2,2,0,0,0,4,4,83,0,13,3,2014,5,6,15,0,3,3,SR-446,,130,41.99893056,-78.34883889,0,12,6,0,1,1,0,1,2,4,0,4,0,0000000,99,99,99,99,99,99,0,0,0,1,0
42,420159,1,1,0,0,0,1,1,129,0,30,3,2014,1,0,36,0,14,3,SR-136 WEST NEWTON ST,SR-3079 MILLERSDALE RD,152,40.280125,-79.61510833,0,35,0,0,3,3,0,4,2,2,0,2,0,0000000,0,47,0,58,88,88,0,0,0,1,0
42,420160,1,1,0,1,1,1,1,119,0,20,3,2014,5,15,0,0,5,3,SR-3004 CREEK RD,SR-3006 DAVIS RD,56,40.87783611,-77.17375833,0,9,0,0,2,3,0,1,1,1,0,1,0,0000000,15,5,15,11,17,1,16,0,0,1,0
42,420161,1,1,0,1,1,1,1,101,6540,13,3,2014,5,16,44,1,13,2,US-1 ROOSEVELT BLVD,,92,40.02973889,-75.10475,0,8,0,0,1,1,0,1,1,1,0,1,0,0000000,16,59,16,59,17,0,0,0,0,1,0
42,420162,1,1,0,0,0,1,1,131,0,15,1,2014,4,14,19,1,2,2,US-6,,55,41.60424722,-76.09010278,0,24,0,0,1,1,0,4,1,5,0,5,0,0000000,14,20,14,33,88,88,0,0,0,1,1
42,420163,3,3,0,0,0,5,5,79,0,8,3,2014,7,20,37,0,14,3,SR-1036 CARVERTON RD,,10,41.31444444,-75.91858611,0,12,8,0,1,1,0,1,3,1,0,1,0,0000000,20,37,20,46,21,11,0,0,0,1,1
42,420164,3,3,0,0,0,7,7,81,0,7,3,2014,6,20,25,1,13,2,US-220,,39,41.21756667,-77.223875,0,12,2,0,1,1,0,1,2,1,0,1,0,0000000,99,99,99,99,99,99,0,0,0,1,0
42,420165,1,1,0,0,0,1,1,119,0,25,2,2014,3,15,0,0,3,3,SR-45 OLD TURNPIKE RD,,186,40.95128611,-76.94326111,0,31,0,0,1,1,0,5,1,1,0,1,0,0000000,15,5,15,9,16,6,0,0,0,1,0
42,420166,1,1,0,1,1,1,1,85,3390,20,3,2014,5,14,23,1,13,3,SR-18 MAIN ST,PENN AVE,234,41.40586667,-80.38649444,0,8,0,0,3,2,0,1,1,1,0,1,0,0000000,14,1,14,9,14,29,0,0,0,1,0
42,420167,2,2,0,0,0,4,4,91,0,11,3,2014,3,13,38,1,13,3,SR-611 OLD YORK RD,SR-2029 OLD WELSH RD,53,40.13471667,-75.11499444,0,12,6,0,2,2,0,1,1,1,0,1,0,0000000,13,39,13,42,14,17,0,0,0,1,0
42,420168,2,2,0,0,0,2,2,73,5800,29,1,2014,4,15,30,1,13,2,US-224 STATE ST,,92,41.00359167,-80.36436111,0,12,6,0,1,1,0,1,1,1,0,1,0,0000000,15,38,15,40,16,11,0,0,0,1,0
42,420169,2,1,1,0,1,2,3,77,0,17,3,2014,2,16,38,1,12,2,US-22 LEHIGH VALLEY TRWY,,3,40.58823333,-75.59100833,0,14,0,0,1,1,0,2,1,1,0,1,0,0000000,99,99,99,99,99,99,0,0,0,1,0
42,420170,1,1,0,0,0,2,2,9,0,29,3,2014,7,7,12,1,1,1,I-76 EAST/WEST TPKE,,1577,39.99055,-78.319375,0,35,0,0,1,1,0,4,1,1,0,1,0,0000000,7,12,7,25,99,99,0,0,0,1,0
42,420171,1,1,0,1,1,1,1,101,6540,25,3,2014,3,15,46,0,14,3,SR-1011 WELSH RD,BLUE GRASS RD,17,40.07018611,-75.03128056,0,8,0,0,3,3,0,1,1,1,0,1,0,0000000,15,47,15,52,16,9,0,0,0,1,0
42,420172,4,4,0,0,0,4,4,3,0,14,3,2014,6,7,38,1,13,3,SR-8 WILLIAM FLYNN HWY,SR-4067 EAST HARDIES RD,164,40.61387778,-79.94740556,0,12,6,0,2,2,3,1,1,1,0,1,1,0000000,7,40,7,47,8,28,0,0,0,1,0
42,420173,1,1,0,0,0,2,2,49,0,9,3,2014,1,0,25,0,14,3,SR-4030 NORCROSS RD,,16,42.11182222,-80.00055556,0,42,0,0,1,1,0,4,2,1,0,1,0,0000000,88,88,88,88,88,88,0,0,0,1,1
42,420174,1,1,0,1,1,1,1,45,1540,7,3,2014,6,21,43,0,15,3,SR-2013 CLIFTON AVE,SPRUCE ST,17,39.91836667,-75.28375556,0,8,0,0,3,2,0,1,3,1,0,1,0,0000000,99,99,99,99,99,99,0,0,0,1,0
42,420175,1,1,0,0,0,1,1,25,9997,29,3,2014,7,23,40,1,1,1,I-80 KEYSTONE SHORTWAY RD,,2736,41.05942222,-75.75678611,0,42,0,0,1,1,0,3,2,2,0,2,0,0000000,99,99,99,99,88,88,0,0,0,1,1
42,420176,1,1,0,0,0,1,1,41,0,30,3,2014,1,21,50,1,12,2,US-15 BLUE-GRAY HWY,,49,40.20855278,-76.95800278,0,21,0,0,1,1,0,4,2,3,0,3,0,0000000,22,30,22,38,88,88,0,0,0,1,0
42,420177,1,1,0,1,1,1,1,3,4710,6,3,2014,5,15,10,0,16,6,EDEN PARK BLVD,,0,40.34739722,-79.832375,0,8,0,0,1,1,0,1,1,1,0,1,0,0000000,15,11,15,14,15,56,21,0,0,1,0
42,420178,1,1,0,0,0,1,1,125,0,12,3,2014,4,4,0,0,6,5,TEMPLETON RUN RD,,0,40.03294722,-80.40932778,0,35,0,0,1,1,0,4,2,1,0,1,0,0000000,4,18,4,43,88,88,4,0,0,1,1
42,420179,1,1,0,0,0,1,1,33,0,18,3,2014,3,22,0,0,3,3,SR-255 PENFIELD RD,,119,41.20583889,-78.57978889,0,30,0,0,1,1,0,4,3,1,0,1,0,0000000,99,99,99,99,88,88,0,0,0,1,1
42,420180,2,2,0,0,0,2,2,107,0,29,3,2014,7,0,31,0,3,3,SR-54,,136,40.80858889,-76.15821111,0,12,2,0,1,1,0,1,2,1,0,1,0,0000000,99,99,99,99,99,99,0,0,0,1,0
42,420181,2,2,0,0,0,2,2,111,0,19,2,2014,4,9,20,0,4,3,SR-3015 WATER LEVEL RD,,16,39.93981389,-79.13816389,0,12,6,0,1,1,0,1,1,2,0,2,0,0000000,99,99,99,99,99,99,22,0,0,1,0
42,420182,2,2,0,0,0,2,2,15,0,13,3,2014,5,16,34,0,3,2,US-220,BROCKTOWN RD,114,41.70057778,-76.46315556,0,12,6,0,2,3,0,1,1,1,0,1,0,0000000,99,99,99,99,99,99,0,0,0,1,1
42,420183,1,1,0,0,0,2,2,47,0,14,3,2014,6,14,39,0,6,3,SR-2011 BRANDY CAMP RD,,43,41.36164167,-78.63443056,0,35,0,0,1,1,0,4,1,1,0,1,0,0000000,99,99,99,99,99,99,0,0,0,1,0
42,420184,3,3,0,0,0,4,4,59,3950,30,3,2014,1,17,41,0,3,3,SR-188 GREENE ST,SR-1011 PINE ST,68,39.93037222,-80.05953333,0,12,6,0,2,2,0,1,1,1,0,1,0,0000000,17,40,17,52,19,3,0,0,0,1,0
42,420185,3,3,0,0,0,6,6,41,0,28,1,2014,3,20,35,1,11,1,I-81 AMERICAN LEGION MEM HWY,,573,40.27185,-77.03591944,0,12,7,0,1,1,0,1,2,1,0,1,0,0000000,20,37,20,42,88,88,0,0,0,1,1
42,420186,1,1,0,0,0,1,1,117,0,9,3,2014,1,19,0,0,3,3,SR-287,,67,41.62895556,-77.29908333,0,35,0,0,1,1,0,4,5,1,0,1,0,0000000,18,34,18,46,88,88,0,0,0,1,1
42,420187,1,1,0,0,0,1,1,29,0,4,3,2014,3,9,7,1,12,2,US-30 COATESVLE DOWNINGTOW BYP,,99,40.00616944,-75.79015556,0,48,0,0,1,1,0,2,1,1,0,1,0,0000000,9,6,9,14,88,88,0,0,0,1,0
42,420188,1,1,0,0,0,1,1,133,0,23,3,2014,1,0,42,0,4,3,SR-216 BLOOMING GROVE RD,,53,39.76665278,-76.87706944,0,1,0,0,1,1,0,4,2,1,0,1,0,0000000,99,99,99,99,88,88,0,0,0,1,1
42,420189,2,2,0,0,0,2,2,17,0,21,3,2014,6,7,28,1,13,2,US-202 YORK RD,,115,40.34238333,-75.04224444,0,12,2,0,1,1,0,1,1,1,0,1,0,0000000,7,30,7,39,88,88,0,0,0,2,0
42,420190,2,2,0,0,0,5,5,51,0,12,3,2014,4,14,55,0,14,3,SR-3009 WALNUT HILL RD,,155,39.88164722,-79.74232778,0,12,6,0,1,1,0,1,1,2,0,2,0,0000000,14,53,14,57,15,35,0,0,0,2,0
42,420191,1,1,0,0,0,1,1,35,0,18,3,2014,3,18,55,0,6,5,SUMMER MOUNTAIN RD,,0,40.99173056,-77.445575,0,42,0,0,1,1,0,4,1,1,0,1,0,0000000,18,56,19,23,88,88,4,0,0,1,1
42,420192,3,3,0,0,0,7,7,55,0,5,1,2014,1,15,10,1,1,1,I-81 AMERICAN LEGION MEM HWY,,214,39.98398611,-77.56740278,0,12,6,0,1,1,0,1,1,8,0,8,0,0000000,99,99,99,99,99,99,0,0,0,3,0
42,420193,1,1,0,0,0,1,1,51,0,8,3,2014,7,14,27,0,4,3,SR-281 BRUCETON RD,,12,39.74723056,-79.446525,0,30,0,0,1,1,0,4,1,1,0,1,0,0000000,14,27,14,35,88,88,0,0,0,1,1
42,420194,1,1,0,0,0,3,3,61,0,30,3,2014,1,10,30,1,1,1,I-76 EAST/WEST TPKE,,1845,40.07716111,-77.87836667,0,1,0,0,1,1,0,4,1,4,3,4,0,0000000,99,99,99,99,99,99,0,0,0,1,0
42,420195,1,1,0,0,0,1,1,25,0,31,3,2014,2,18,50,0,4,3,SR-4004 OAK ST,,4,40.90482222,-75.97763333,0,34,0,0,1,1,0,4,5,1,0,1,0,0000000,88,88,88,88,88,88,0,0,0,1,1
42,420196,1,1,0,1,1,1,1,129,0,31,3,2014,2,2,10,1,11,1,I-70,,485,40.16637778,-79.73975556,0,8,0,0,1,1,0,1,2,1,0,1,0,0000000,88,88,88,88,88,88,19,0,0,1,0
42,420197,5,5,0,0,0,6,6,131,0,20,3,2014,5,11,15,1,2,2,US-6,,54,41.60382778,-76.09273611,0,12,8,0,1,1,0,1,1,1,0,1,0,0000000,11,15,11,35,11,48,14,0,0,2,0
42,420198,2,1,1,0,0,2,2,101,6540,23,3,2014,1,3,52,0,16,6,KREWSTOWN RD,,0,40.08744722,-75.04496389,0,14,0,0,1,1,0,4,3,1,0,1,0,0000000,3,51,4,0,4,35,14,0,0,1,0