STATE,ST_CASE,VE_TOTAL,VE_FORMS,PVH_INVL,PEDS,PERNOTMVIT,PERMVIT,PERSONS,COUNTY,CITY,DAY,MONTH,YEAR,DAY_WEEK,HOUR,MINUTE,NHS,ROAD_FNC,ROUTE,TWAY_ID,TWAY_ID2,MILEPT,LATITUDE,LONGITUD,SP_JUR,HARM_EV,MAN_COLL,RELJCT1,RELJCT2,TYP_INT,WRK_ZONE,REL_ROAD,LGT_COND,WEATHER1,WEATHER2,WEATHER,SCH_BUS,RAIL,NOT_HOUR,NOT_MIN,ARR_HOUR,ARR_MIN,HOSP_HR,HOSP_MN,CF1,CF2,CF3,FATALS,DRUNK_DR
42,420199,2,2,0,0,0,2,2,3,0,8,4,2014,3,11,50,1,13,3,SR-3109 UNIVERSITY BLVD,CAMPUS DR,14,40.519725,-80.21779722,0,12,6,0,2,3,0,1,1,1,0,1,0,0000000,99,99,99,99,99,99,0,0,0,1,0
42,420200,2,2,0,0,0,3,3,77,0,12,4,2014,7,8,30,1,13,3,SR-145 MACARTHUR RD,,115,40.71269167,-75.52345833,0,12,2,0,1,1,0,1,1,1,0,1,0,0000000,99,99,99,99,99,99,0,0,0,1,0
42,420201,2,2,0,0,0,2,2,71,0,21,4,2014,2,9,37,0,3,3,SR-272 NOTTINGHAM RD,,1,39.76734444,-76.06598333,0,12,8,0,1,1,0,1,1,1,0,1,0,0000000,99,99,99,99,99,99,0,0,0,1,0
42,420202,2,2,0,0,0,2,2,17,0,16,4,2014,4,14,26,1,13,3,SR-132 STREET RD,SR-532 BUSTLETON PIKE,90,40.15077222,-75.00250278,0,12,1,0,3,2,0,1,1,1,0,1,0,0000000,14,27,14,28,15,2,0,0,0,1,0
42,420203,2,2,0,0,0,3,3,77,110,27,4,2014,1,6,50,0,16,6,PENNSYLVANIA ST,N FIFTEENTH ST,0,40.61533889,-75.49634722,0,12,6,0,2,2,0,1,1,1,0,1,0,0000000,99,99,99,99,99,99,4,0,0,1,0
42,420204,2,2,0,0,0,7,7,5,0,16,4,2014,4,22,23,0,3,3,SR-56,,155,40.63365556,-79.35793056,0,12,6,0,1,1,0,1,2,1,0,1,0,0000000,22,28,22,45,23,31,0,0,0,5,0
42,420205,2,2,0,0,0,3,3,63,0,7,4,2014,2,13,53,0,3,3,SR-56,,57,40.53806944,-79.09853333,0,12,6,0,1,1,0,1,1,2,0,2,0,0000000,13,51,14,1,14,35,0,0,0,1,0
42,420206,2,2,0,0,0,3,3,85,0,13,4,2014,1,17,8,0,4,2,US-19 PERRY HWY,,224,41.43344722,-80.20917222,0,12,2,0,8,1,0,1,1,1,0,1,0,0000000,99,99,99,99,99,99,0,0,0,1,0
42,420207,1,1,0,0,0,1,1,11,0,23,4,2014,4,5,11,0,4,3,SR-10 MORGANTOWN RD,,49,40.19849444,-75.89681667,0,34,0,0,1,1,0,4,2,1,0,1,0,0000000,99,99,99,99,88,88,0,0,0,1,0
42,420208,2,2,0,0,0,2,2,119,0,10,4,2014,5,10,10,0,5,3,SR-3007 FOREST HILL RD,,8,40.93231667,-77.04103611,0,12,6,0,8,1,0,1,1,1,0,1,0,0000000,99,99,99,99,88,88,0,0,0,1,0
42,420209,2,2,0,0,0,2,2,3,9320,3,4,2014,5,18,16,1,13,3,SR-148 FIFTH AVE,,46,40.35975278,-79.83048056,0,12,2,0,1,1,0,1,1,2,0,2,0,0000000,99,99,99,99,99,99,0,0,0,2,0
42,420210,2,2,0,0,0,2,2,3,0,18,3,2014,3,13,28,0,14,3,SR-3048 W MAIN ST,CAMP HILL RD,66,40.39982222,-80.10121667,0,12,6,0,2,3,0,1,1,1,0,1,0,0000000,13,29,13,35,99,99,0,0,0,1,0
42,420211,2,2,0,0,0,3,3,3,2140,9,3,2014,1,21,28,0,13,3,SR-837 DUQUESNE BLVD,NORTH SECOND ST,116,40.37734167,-79.85070556,0,12,6,0,2,4,0,1,3,1,0,1,0,0000000,21,29,21,36,22,1,0,0,0,1,0
42,420212,1,1,0,0,0,2,2,39,0,12,4,2014,7,18,14,0,3,3,SR-18,SR-4004 DICKSONBURG RD,121,41.70461111,-80.32923889,0,7,0,0,2,2,0,1,1,1,0,1,0,0000000,99,99,99,99,99,99,0,0,0,1,1
42,420213,1,1,0,0,0,1,1,17,0,29,4,2014,3,20,48,1,13,3,SR-132 STREET RD,,128,40.11310278,-74.95551944,0,38,0,0,1,1,0,5,3,2,0,2,0,0000000,20,49,20,53,21,57,0,0,0,1,0
42,420214,2,2,0,0,0,2,2,87,0,15,4,2014,3,13,47,0,3,3,SR-655,,137,40.65134167,-77.63415278,0,12,2,0,1,1,0,1,1,2,0,2,0,0000000,13,48,13,58,14,44,0,0,0,2,0
42,420215,1,1,0,0,0,1,1,51,0,28,4,2014,2,9,1,1,12,2,US-40 GEO C MARSHALL PKWY,,136,39.88137222,-79.744825,0,32,0,0,1,1,0,4,1,1,0,1,0,0000000,88,88,88,88,88,88,0,0,0,1,0
42,420216,2,2,0,0,0,2,2,71,0,16,4,2014,4,11,35,0,6,5,AUCTION RD,,0,40.11994444,-76.42397222,0,12,2,0,1,1,0,1,1,1,0,1,0,0000000,11,37,11,45,99,99,0,0,0,1,0
42,420217,1,1,0,0,0,1,1,133,0,19,4,2014,7,16,45,0,4,3,SR-624 CRALEY RD,,71,39.95513611,-76.50058056,0,34,0,0,1,1,0,4,1,1,0,1,0,0000000,16,47,99,99,99,99,0,0,0,1,0
42,420218,2,2,0,0,0,2,2,17,0,17,4,2014,5,8,52,0,14,3,SR-2033 WOODBOURNE RD,GOLDENRIDGE DR,19,40.15155556,-74.85310833,0,12,6,0,2,3,0,1,1,1,0,1,0,0000000,8,53,8,56,9,34,4,0,0,1,0
42,420219,1,1,0,0,0,1,1,65,0,26,4,2014,7,2,35,1,2,2,US-119 BUFFALO PITTSBURGH HWY,,149,41.028,-78.82668333,0,42,0,0,1,1,0,4,2,1,0,1,0,0000000,88,88,88,88,88,88,0,0,0,1,0
42,420220,2,2,0,0,0,3,3,101,6540,6,4,2014,1,2,51,1,11,1,I-95 DELAWARE EXPY,,171,39.89926667,-75.16662778,0,12,1,0,1,1,1,1,3,1,0,1,0,0000000,2,57,3,2,3,33,0,0,0,2,2
42,420221,2,2,0,0,0,5,5,101,6540,14,4,2014,2,13,42,0,14,3,SR-3021 GRAYS FERRY AVE,FORTYEIGHTH ST,27,39.94124722,-75.21071389,0,12,8,0,3,4,0,1,1,1,0,1,0,0000000,13,42,13,44,14,1,0,0,0,1,0
42,420222,1,1,0,0,0,2,2,21,0,27,4,2014,1,12,11,1,2,2,US-22 WILLIAM PENN HWY,,41,40.45155278,-78.87363889,0,25,0,0,1,1,0,3,1,1,0,1,0,0000000,99,99,99,99,99,99,0,0,0,1,0
42,420223,2,2,0,0,0,2,2,15,0,14,4,2014,2,12,9,1,12,2,US-220,SR-199,304,41.93620278,-76.52525556,0,12,6,0,2,3,0,1,1,1,0,1,0,0000000,99,99,99,99,99,99,0,0,0,1,0
42,420224,1,1,0,1,1,2,2,41,0,23,4,2014,4,23,47,1,13,2,US-11 CARLISLE PIKE,,271,40.23218889,-77.09476667,0,9,0,0,1,1,0,1,2,1,0,1,0,0000000,99,99,99,99,88,88,0,0,0,1,0
42,420225,2,2,0,0,0,2,2,117,0,1,4,2014,3,5,18,0,3,3,SR-287,,204,41.84020556,-77.27868333,0,11,0,0,1,1,0,1,2,1,0,1,0,0000000,5,15,5,27,88,88,0,0,0,1,0
42,420226,2,1,1,0,0,2,2,41,0,30,4,2014,4,13,59,1,11,1,I-81 AMERICAN LEGION MEM HWY,,55,40.22323333,-77.14146944,0,42,0,0,1,1,0,4,1,2,0,2,0,0000000,99,99,99,99,99,99,0,0,0,2,0
42,420227,1,1,0,0,0,1,1,71,0,24,4,2014,5,0,29,0,6,5,MILLSTONE RD,,0,40.26719444,-76.23636111,0,24,0,0,1,1,0,4,2,1,0,1,0,0000000,0,33,0,47,88,88,0,0,0,1,1
42,420228,1,1,0,1,1,1,1,29,0,6,4,2014,1,11,36,0,14,3,SR-2014 PAOLI PIKE,,39,40.00237778,-75.53867222,0,8,0,0,1,1,0,1,1,1,0,1,0,0000000,11,36,11,42,11,54,0,0,0,1,0
42,420229,2,2,0,0,0,3,3,19,2383,29,4,2014,3,13,12,0,16,6,GARNER AVE,SR-38 WASHINGTON ST,0,41.13047778,-79.80047778,0,31,0,0,3,3,0,4,1,2,0,2,0,0000000,13,19,13,45,99,99,4,0,0,1,0
42,420230,1,1,0,1,1,1,1,89,0,1,4,2014,3,19,58,0,14,3,SR-611,,252,41.174425,-75.420975,0,8,0,0,1,1,0,1,5,1,0,1,0,0000000,99,99,99,99,99,99,0,0,0,1,0
42,420231,1,1,0,0,0,1,1,81,0,13,4,2014,1,18,21,0,14,3,SR-118 WATER ST,,5,41.238075,-76.716775,0,59,0,0,1,1,0,4,1,1,0,1,0,0000000,18,20,18,26,88,88,0,0,0,1,1
42,420232,2,1,1,0,0,1,1,3,0,13,1,2014,2,8,1,1,12,3,SR-28 ALLEGHENY VALLEY EXPY,,227,40.65266111,-79.72463889,0,14,0,0,1,1,0,2,1,8,0,8,0,0000000,7,54,7,54,88,88,0,0,0,1,0
42,420233,1,1,0,0,0,1,1,17,0,4,4,2014,6,20,0,1,13,3,SR-332 NEWTOWN BYP,,126,40.22742222,-74.90504444,0,24,0,0,1,1,0,3,3,2,0,2,0,0000000,20,1,20,9,20,23,0,0,0,1,0
42,420234,1,1,0,1,1,1,1,101,6540,4,4,2014,6,21,0,1,11,1,I-95 DELAWARE EXPY,,6,39.87978889,-75.24778056,0,8,0,0,1,1,0,1,3,1,0,1,0,0000000,22,12,22,16,88,88,0,0,0,1,0
42,420235,1,1,0,0,0,1,1,11,0,5,4,2014,7,13,45,0,6,5,HUNTZINGER RD,,0,40.32618611,-76.10919167,0,7,0,0,1,1,0,1,1,1,0,1,0,0000000,99,99,99,99,99,99,0,0,0,1,0
42,420236,2,2,0,0,0,2,2,5,0,17,1,2014,6,19,55,1,2,3,SR-28 ALLEGHENY VALLEY EXPY,,73,40.77483889,-79.60313889,0,12,6,0,7,1,0,1,2,4,0,4,0,0000000,20,4,20,32,20,55,0,0,0,1,0
42,420237,1,1,0,0,0,1,1,69,0,20,4,2014,1,2,36,1,12,2,US-6 ROBERT P CASEY HWY,,203,41.54616944,-75.50759167,0,1,0,0,1,1,0,1,2,1,0,1,0,0000000,99,99,99,99,99,99,0,0,0,1,1
42,420238,1,1,0,1,1,1,1,45,1270,12,4,2014,7,16,57,0,16,6,UPLAND ST,DORAN ST,0,39.85606111,-75.35848056,0,8,0,0,2,3,0,1,1,1,0,1,0,0000000,99,99,99,99,99,99,0,0,0,1,0
42,420239,1,1,0,0,0,2,2,11,0,21,4,2014,2,23,56,0,3,3,SR-183 BERNVILLE RD,,137,40.45003889,-76.13953889,0,42,0,0,1,1,0,4,2,1,0,1,0,0000000,99,99,99,99,99,99,0,0,0,1,0
42,420240,1,1,0,1,1,1,1,19,0,4,4,2014,6,22,23,0,3,3,SR-38 ONEIDA VALLEY RD,,155,41.06639167,-79.80587222,0,8,0,0,1,1,0,1,2,1,0,1,0,0000000,22,22,22,35,23,23,0,0,0,1,0
42,420241,1,1,0,0,0,1,1,11,6900,28,4,2014,2,11,45,0,16,6,BROOKLINE PLZ,CLIFTON AVE,0,40.31769722,-75.94611667,0,1,0,0,2,5,0,1,1,1,0,1,0,0000000,99,99,99,99,99,99,0,0,0,1,0
42,420242,2,2,0,0,0,2,2,101,6540,18,4,2014,6,1,34,1,13,3,SR-611 OLD YORK RD,SEVENTYFIRST AVE,88,40.06088889,-75.13730556,0,12,6,0,2,3,0,1,3,1,0,1,0,0000000,1,36,1,41,2,2,0,0,0,1,0
42,420243,3,3,0,0,0,3,3,29,0,14,4,2014,2,11,35,0,14,3,SR-1 OCTORARA TRL,,150,39.97646111,-75.9266,0,12,8,0,1,1,0,1,1,1,0,1,0,0000000,11,38,11,42,12,25,0,0,0,1,1
42,420244,1,1,0,1,1,2,2,77,0,23,4,2014,4,5,15,0,14,3,SR-1004 RACE ST,,20,40.66020278,-75.44140278,0,8,0,0,1,1,0,1,2,1,0,1,0,0000000,99,99,99,99,88,88,0,0,0,1,0
42,420245,3,3,0,0,0,5,5,73,5800,7,4,2014,2,8,5,1,13,3,SR-18 MORAVIA ST,,118,40.98963333,-80.34846944,0,12,6,0,8,1,0,1,1,1,0,1,0,0000000,99,99,99,99,99,99,0,0,0,1,0
42,420246,3,3,0,0,0,5,5,71,0,21,4,2014,2,19,10,0,5,3,SR-1024 SPRINGVILLE RD,SR-1047 SHOENECK RD,85,40.205675,-76.17522222,0,12,6,0,2,2,0,1,1,1,0,1,0,0000000,99,99,99,99,99,99,0,0,0,1,0
42,420247,1,1,0,0,0,2,2,49,0,6,4,2014,1,15,54,0,6,5,SMITH RD,,0,42.17624167,-79.84238611,0,1,0,0,1,1,0,1,1,1,0,1,0,0000000,99,99,99,99,99,99,4,0,0,1,0
42,420248,1,1,0,0,0,1,1,17,0,12,4,2014,7,23,56,0,15,3,SR-2043 BROWNSVILLE RD,,36,40.16457222,-74.95753611,0,42,0,0,1,1,0,4,3,1,0,1,0,0000000,99,99,99,99,99,99,0,0,0,1,1
42,420249,3,3,0,0,0,6,6,41,0,30,4,2014,4,22,58,1,1,1,I-76 EAST/WEST TPKE,,2106,40.19039722,-77.44725278,0,12,1,0,1,1,1,1,2,2,0,2,0,0000000,22,56,23,8,99,99,3,0,0,1,0
42,420250,3,3,0,0,0,4,4,41,0,9,4,2014,4,13,30,1,11,1,I-81 AMERICAN LEGION HWY,,470,40.18893889,-77.18269167,0,12,6,0,1,1,0,1,1,1,0,1,0,0000000,13,31,13,39,99,99,0,0,0,2,1
42,420251,1,1,0,0,0,2,2,83,0,27,4,2014,1,18,45,0,5,3,SR-3006 WESTLINE RD,,15,41.76601389,-78.74746667,0,24,0,0,1,1,0,4,1,1,0,1,0,0000000,99,99,99,99,88,88,0,0,0,1,1
42,420252,3,3,0,0,0,4,4,33,0,18,4,2014,6,13,45,0,3,3,SR-153 STATE PARK RD,,249,41.09423611,-78.54111111,0,12,8,0,1,1,0,1,1,1,0,1,0,0000000,99,99,99,99,99,99,0,0,0,1,0
42,420253,4,3,1,0,0,4,4,101,6540,26,4,2014,7,18,34,1,13,3,SR-3 CHESTNUT ST,FIFTYEIGHTH ST,7,39.95995833,-75.23715,0,12,6,0,2,2,0,1,1,1,0,1,0,0000000,18,34,18,39,19,33,0,0,0,1,0
42,420254,1,1,0,0,0,2,2,33,0,21,4,2014,2,17,24,1,2,2,US-219 CHERRY TREE TO PATCH RD,,34,40.76875833,-78.78026389,0,18,0,0,1,1,0,4,1,1,0,1,0,0000000,99,99,99,99,99,99,0,0,0,1,0
42,420255,1,1,0,1,1,1,1,101,6540,19,4,2014,7,20,50,1,13,3,SR-1009 BUSTLETON AVE,,45,40.06182222,-75.05181111,0,8,0,0,1,1,0,1,3,1,0,1,0,0000000,20,54,20,57,21,16,0,0,0,1,0
42,420256,1,1,0,1,1,4,4,71,0,24,4,2014,5,20,18,1,12,2,US-222,,351,40.11772222,-76.22995,0,8,0,0,1,1,0,1,2,1,0,1,0,0000000,20,20,20,30,20,56,0,0,0,1,0
42,420257,2,2,0,0,0,4,4,3,5413,10,4,2014,5,13,57,0,16,6,TURNPIKE RD,,0,40.43744444,-79.75461111,0,12,1,1,5,1,0,1,1,1,0,1,0,0000000,99,99,99,99,99,99,0,0,0,1,0
42,420258,2,2,0,0,0,5,5,3,9350,23,4,2014,4,1,17,0,14,3,SR-2058 ROBINSON BLVD,,13,40.455025,-79.86373889,0,12,7,0,1,1,0,1,3,1,0,1,0,0000000,1,17,1,26,99,99,0,0,0,1,0
42,420259,4,2,2,1,2,2,3,101,6540,12,4,2014,7,21,27,1,11,1,I-76 SCHUYKILL EXPY,,3415,39.98731667,-75.20762778,0,14,0,0,1,1,0,2,3,1,0,1,0,0000000,99,99,99,99,99,99,0,0,0,1,0
42,420260,1,1,0,0,0,1,1,71,0,15,4,2014,3,0,30,0,4,3,SR-625 READING RD,,37,40.16710833,-76.00812778,0,24,0,0,1,1,0,4,2,8,0,8,0,0000000,99,99,99,99,88,88,0,0,0,1,1
42,420261,1,1,0,0,0,1,1,107,0,5,4,2014,7,0,50,0,6,5,BIRDS HILL RD,,0,40.55383889,-76.35269444,0,42,0,0,1,1,0,4,2,2,5,2,0,0000000,99,99,99,99,88,88,2,0,0,1,0
42,420262,1,1,0,0,0,1,1,45,0,1,4,2014,3,5,19,1,11,1,I-476 MID COUNTY EXPY,,81,39.97135833,-75.33851667,0,24,0,0,1,1,0,3,2,1,0,1,0,0000000,99,99,99,99,88,88,0,0,0,1,1
42,420263,1,1,0,0,0,1,1,51,0,13,4,2014,1,15,0,1,2,2,US-40 NATIONAL PIKE,,191,39.85946111,-79.66218611,0,1,0,0,1,1,0,4,1,1,0,1,0,0000000,15,1,15,9,16,35,0,0,0,1,0
42,420264,1,1,0,0,0,1,1,69,2120,6,4,2014,1,0,45,1,11,1,I-81 AMERICAN LEGION MEM HWY,,1889,41.436275,-75.62966111,0,34,0,0,1,1,0,4,3,1,0,1,0,0000000,0,49,1,0,1,18,0,0,0,1,1
42,420265,1,1,0,0,0,1,1,17,0,12,4,2014,7,18,38,1,11,3,SR-8005 RAMP RD,,21,40.11164444,-74.887325,0,30,0,1,5,1,0,4,1,1,0,1,0,0000000,18,38,18,40,88,88,0,0,0,1,1
42,420266,3,3,0,0,0,5,5,97,0,12,4,2014,7,14,4,0,4,3,SR-890,,89,40.85765833,-76.765925,0,12,6,0,8,1,0,1,1,1,0,1,0,0000000,14,0,14,5,14,29,0,0,0,1,0
42,420267,1,1,0,0,0,1,1,127,0,4,5,2014,1,2,15,0,5,3,SR-196 TURNPIKE RD,,23,41.27125278,-75.36331389,0,34,0,0,1,1,0,4,2,1,0,1,0,0000000,2,18,2,23,88,88,0,0,0,1,0
42,420268,1,1,0,0,0,1,1,59,0,27,4,2014,1,0,50,0,4,3,SR-2011 BOBTOWN RD,,75,39.80798611,-80.00064167,0,41,0,0,1,1,0,4,2,1,0,1,0,0000000,0,58,1,12,88,88,22,0,0,1,1
42,420269,1,1,0,0,0,4,4,51,0,3,4,2014,5,1,45,0,4,3,SR-982 PLEASANT VALLEY RD,,15,40.06894722,-79.54099444,0,41,0,0,1,1,0,4,2,1,0,1,0,0000000,99,99,99,99,99,99,0,0,0,1,0
42,420270,2,2,0,0,0,2,2,17,0,30,5,2014,6,10,9,1,13,2,US-202 BUCKINGHAM RD,,77,40.31657778,-75.09935556,0,12,6,0,8,1,0,1,1,1,0,1,0,0000000,10,10,10,14,11,1,0,0,0,1,0
42,420271,2,2,0,0,0,6,6,83,0,24,5,2014,7,2,20,1,2,2,US-6 GRAND ARMY OF THE REP HWY,,479,41.79009167,-78.23882222,0,12,8,0,1,1,0,1,2,1,0,1,0,0000000,99,99,99,99,99,99,0,0,0,1,1
42,420272,1,1,0,0,0,1,1,75,0,31,5,2014,7,17,47,0,6,3,SR-2004 REISTVILLE RD,,16,40.33137778,-76.29016111,0,30,0,0,1,1,0,4,1,1,0,1,0,0000000,99,99,99,99,99,99,0,0,0,1,1
42,420273,1,1,0,0,0,1,1,41,1991,21,5,2014,4,13,0,1,1,1,I-81 AMERICAN LEGION MEM HWY,,414,40.16726111,-77.27623056,0,35,0,0,1,1,0,3,1,1,0,1,0,0000000,88,88,88,88,88,88,0,0,0,1,0
42,420274,1,1,0,1,1,1,1,73,0,4,2,2014,3,18,56,1,13,2,US-422 BENJAMIN FRANKLIN HWY,,58,41.046275,-80.42734722,0,8,0,0,1,1,0,1,3,1,0,1,0,0000000,19,0,19,5,19,30,0,0,0,1,0
42,420275,1,1,0,1,1,1,1,3,6600,3,5,2014,7,21,20,0,16,6,SIDNEY ST,TWENTYFIRST ST,0,40.42941389,-79.97616111,0,8,0,0,3,2,0,1,7,1,0,1,0,0000000,21,25,21,27,21,45,0,0,0,1,0
42,420276,1,1,0,0,0,2,2,63,9295,18,4,2014,6,22,49,0,14,3,SR-4005 INDIAN SPRINGS RD,,3,40.59995556,-79.14748611,0,34,0,0,1,1,0,4,2,1,0,1,0,0000000,22,50,23,2,23,16,20,0,0,1,0
42,420277,1,1,0,0,0,1,1,3,9320,21,5,2014,4,2,10,0,15,3,SR-2024 MUSE LN,,17,40.34083056,-79.7799,0,42,0,0,1,1,0,5,2,1,0,1,0,0000000,6,15,6,29,88,88,0,0,0,1,1
42,420278,2,2,0,0,0,2,2,125,0,8,5,2014,5,19,50,0,3,3,SR-844 JEFFERSON AVE,,37,40.24837778,-80.45055278,0,12,6,0,1,1,0,1,1,1,0,1,0,0000000,19,56,20,10,88,88,0,0,0,1,1
42,420279,1,1,0,0,0,2,2,79,6615,5,5,2014,2,16,37,0,6,5,BALTIMORE DR,,0,41.25112222,-75.80876944,0,24,0,0,1,1,0,8,1,1,0,1,0,0000000,16,37,16,49,16,57,0,0,0,1,0
42,420280,1,1,0,0,0,1,1,133,0,9,5,2014,6,9,42,1,2,2,US-30 LINCOLN HWY,,15,39.89613611,-76.95488056,0,30,0,0,1,1,0,4,1,1,0,1,0,0000000,9,46,10,0,10,35,0,0,0,1,0
42,420281,1,1,0,0,0,1,1,133,0,30,5,2014,6,14,41,0,6,5,PAULINE DR,SR-74 S QUEEN ST,0,39.93054167,-76.68751111,0,42,0,0,3,2,0,4,1,1,0,1,0,0000000,99,99,99,99,99,99,0,0,0,1,0
42,420282,2,2,0,0,0,2,2,5,0,3,5,2014,7,9,25,1,2,2,US-422 BENJAMIN FRANKLIN HWY,,247,40.68308333,-79.33008333,0,12,2,0,1,1,0,1,1,1,0,1,0,0000000,99,99,99,99,99,99,0,0,0,1,0
42,420283,2,2,0,0,0,2,2,3,0,19,5,2014,2,12,22,0,3,3,SR-1034 BULL CREEK RD,,34,40.62241667,-79.76282778,0,12,2,0,1,1,0,1,1,1,0,1,0,0000000,12,29,12,34,88,88,0,0,0,1,0
42,420284,2,2,0,0,0,2,2,107,0,15,5,2014,5,9,0,0,14,2,US-209,,268,40.70746667,-76.148275,0,12,8,0,1,1,0,1,1,2,0,2,0,0000000,99,99,99,99,88,88,0,0,0,1,0
42,420285,2,2,0,0,0,2,2,55,0,6,5,2014,3,5,36,1,13,2,US-30 LINCOLN WAY,,251,39.90676667,-77.53388611,0,59,0,0,1,1,0,4,4,1,0,1,0,0000000,99,99,99,99,99,99,0,0,0,1,0
42,420286,2,2,0,0,0,3,3,35,0,30,5,2014,6,15,35,1,2,2,US-220 FRANK O'REILLY HWY,SR-2008 AUCTION RD,9,41.06378611,-77.44637222,0,12,6,0,2,2,0,1,1,1,0,1,0,0000000,15,35,15,42,88,88,0,0,0,1,0
42,420287,1,1,0,0,0,1,1,59,0,20,5,2014,3,5,40,0,3,3,SR-21 ROY E FURMAN HWY,,140,39.88686667,-80.32150278,0,35,0,0,1,1,0,4,2,1,0,1,0,0000000,5,44,99,99,99,99,0,0,0,1,0
42,420288,1,1,0,0,0,2,2,39,0,23,5,2014,6,23,49,0,6,5,STATE LOT RD,,0,41.80767778,-79.64111111,0,1,0,0,1,1,0,2,2,1,0,1,0,0000000,23,48,99,99,99,99,0,0,0,1,1
42,420289,1,1,0,0,0,1,1,101,6540,25,5,2014,1,15,54,1,11,3,SR-8009 RAMP RD,,28,39.95713889,-75.14360278,0,25,0,1,5,1,0,4,1,1,0,1,0,0000000,15,53,15,59,16,12,0,0,0,1,1
42,420290,1,1,0,2,2,1,1,71,0,6,5,2014,3,16,4,0,6,5,WHITE OAK RD,,0,39.934025,-76.16767222,0,8,0,0,1,1,0,2,1,1,0,1,0,0000000,99,99,99,99,99,99,0,0,0,1,1
42,420291,1,1,0,0,0,1,1,133,0,13,5,2014,3,18,35,0,6,5,OAKLAND RD,,0,39.97533333,-76.82783333,0,35,0,0,1,1,0,4,1,1,0,1,0,0000000,18,23,18,43,19,4,0,0,0,1,0
42,420292,1,1,0,0,0,1,1,45,0,19,5,2014,2,9,39,0,14,3,SR-3007 CONCORD RD,,33,39.87060833,-75.44001389,0,35,0,0,1,1,0,4,1,1,0,1,0,0000000,99,99,99,99,88,88,0,0,0,1,0
42,420293,1,1,0,0,0,1,1,35,0,24,5,2014,7,19,59,0,6,5,PARK AVE,,0,41.19008333,-77.37005556,0,30,0,0,1,1,0,4,1,1,0,1,0,0000000,19,58,20,10,88,88,0,0,0,1,1
42,420294,1,1,0,0,0,1,1,11,0,11,5,2014,1,21,52,0,4,3,SR-662 MOSELEM SPRINGS RD,,187,40.50051389,-75.86656111,0,35,0,0,1,1,0,4,2,1,0,1,0,0000000,99,99,99,99,99,99,0,0,0,1,0
42,420295,2,2,0,0,0,3,3,71,0,6,5,2014,3,9,48,0,14,3,SR-23 NEW HOLLAND PIKE,EDEN RD,139,40.07035278,-76.26986111,0,12,6,0,2,2,0,1,1,1,0,1,0,0000000,9,50,9,56,10,30,0,0,0,1,0
42,420296,2,2,0,0,0,4,4,55,0,3,5,2014,7,14,38,0,14,3,SR-16 MAIN ST,,276,39.74144444,-77.54311389,0,12,6,0,8,1,0,1,1,1,0,1,0,0000000,99,99,99,99,99,99,0,0,0,1,0
42,420297,1,1,0,0,0,1,1,21,0,5,5,2014,2,0,5,0,6,5,ADAMS AVE,,0,40.43360278,-78.80473333,0,42,0,0,1,1,0,4,2,1,0,1,0,0000000,99,99,99,99,88,88,0,0,0,1,1
42,420298,1,1,0,1,1,2,2,91,3740,27,5,2014,3,22,24,1,13,3,SR-611 EASTON,HORSHAM RD,87,40.17766389,-75.12828056,0,8,0,0,2,3,0,1,3,1,0,1,0,0000000,22,25,22,28,23,0,0,0,0,1,1
42,420299,2,1,1,2,2,4,4,49,2640,11,5,2014,1,20,50,1,13,2,US-20 TWENTYSIXTH ST,,255,42.10628611,-80.08888611,0,8,0,0,1,1,0,1,3,1,0,1,0,0000000,20,54,21,1,21,17,14,0,0,1,1
42,420300,1,1,0,1,1,1,1,127,0,16,5,2014,6,20,34,0,3,3,SR-191 HANCOCK HWY,,605,41.95140556,-75.29383056,0,8,0,0,1,1,0,2,5,1,0,1,0,0000000,99,99,99,99,99,99,0,0,0,1,1
42,420301,2,2,0,0,0,3,3,91,0,23,5,2014,6,16,29,0,6,4,CR-RIDGE PIKE,,0,40.09358333,-75.28333056,0,12,6,0,8,1,0,1,1,1,0,1,0,0000000,16,29,16,36,16,57,0,0,0,1,0
42,420302,2,2,0,0,0,2,2,85,0,19,5,2014,2,23,40,1,2,3,SR-18 HERMITAGE RD,SR-3022 RUTLEDGE RD,168,41.31903889,-80.41136389,0,12,6,0,2,2,0,1,3,1,0,1,0,0000000,23,42,23,50,88,88,0,0,0,1,1
42,420303,1,1,0,1,1,1,1,71,0,28,5,2014,4,8,0,0,6,5,MAPLE GROVE RD,HORNING RD,0,40.07882778,-76.09753056,0,15,0,0,2,3,0,1,1,1,0,1,0,0000000,8,2,8,7,8,34,0,0,0,1,0
42,420304,2,2,0,0,0,2,2,91,0,26,5,2014,2,16,29,0,14,3,SR-2027 PENNSYLVANIA AVE,TWINING RD,17,40.11679722,-75.17860556,0,12,6,0,2,3,0,1,1,1,0,1,0,0000000,16,29,16,32,16,56,0,0,0,1,1
42,420305,1,1,0,0,0,1,1,17,7030,17,5,2014,7,20,4,0,2,3,SR-0611 EASTON RD,DURHAM ST,285,40.58620278,-75.19326111,0,24,0,0,1,1,0,4,5,1,0,1,0,0000000,99,99,99,99,99,99,0,0,0,1,0
42,420306,2,2,0,0,0,2,2,91,0,8,5,2014,5,16,26,0,14,3,SR-3006 WHITEHALL RD,SR-3019 MARSHALL ST,2,40.13170278,-75.369575,0,12,6,0,2,2,0,1,1,1,0,1,0,0000000,16,28,16,31,16,48,0,0,0,1,0