STATE,ST_CASE,VE_TOTAL,VE_FORMS,PVH_INVL,PEDS,PERNOTMVIT,PERMVIT,PERSONS,COUNTY,CITY,DAY,MONTH,YEAR,DAY_WEEK,HOUR,MINUTE,NHS,ROAD_FNC,ROUTE,TWAY_ID,TWAY_ID2,MILEPT,LATITUDE,LONGITUD,SP_JUR,HARM_EV,MAN_COLL,RELJCT1,RELJCT2,TYP_INT,WRK_ZONE,REL_ROAD,LGT_COND,WEATHER1,WEATHER2,WEATHER,SCH_BUS,RAIL,NOT_HOUR,NOT_MIN,ARR_HOUR,ARR_MIN,HOSP_HR,HOSP_MN,CF1,CF2,CF3,FATALS,DRUNK_DR
42,420307,1,1,0,0,0,1,1,17,0,4,5,2014,1,16,28,0,15,3,SR-2067 HOLLAND RD,,25,40.20945278,-74.98151389,0,33,0,0,1,1,0,4,1,1,0,1,0,0000000,16,31,16,33,16,54,0,0,0,1,0
42,420308,1,1,0,0,0,1,1,129,0,10,5,2014,7,3,25,0,4,3,SR-819 FIVE POINTS SLICKVIL RD,,249,40.41621111,-79.50764722,0,30,0,0,1,1,0,4,2,1,0,1,0,0000000,3,27,3,33,4,4,0,0,0,1,1
42,420309,1,1,0,0,0,1,1,85,0,7,5,2014,4,11,17,0,4,3,SR-4019 METHODIST RD,,41,41.43155278,-80.33441944,0,1,0,0,1,1,0,1,1,1,0,1,0,0000000,99,99,99,99,88,88,0,0,0,1,0
42,420310,2,2,0,0,0,4,4,3,6190,13,5,2014,3,11,27,0,14,3,SR-2082 HULTON RD,,13,40.52474167,-79.82708611,0,12,2,0,1,1,0,1,1,1,0,1,0,0000000,99,99,99,99,99,99,0,0,0,1,0
42,420311,1,1,0,0,0,1,1,21,0,8,5,2014,5,23,49,0,5,3,SR-4018 GREENWICH,,11,40.689925,-78.80996389,0,42,0,0,1,1,0,4,2,1,0,1,0,0000000,23,48,23,57,88,88,0,0,0,1,1
42,420312,2,2,0,0,0,2,2,133,0,9,5,2014,6,21,16,1,14,3,SR-1003 OLD YORK RD,,29,40.21198333,-76.85743056,0,12,2,0,1,1,0,1,3,1,0,1,0,0000000,21,16,21,24,88,88,0,0,0,1,1
42,420313,2,2,0,0,0,2,2,71,0,31,5,2014,7,8,10,1,12,3,SR-300 283RD FIELD ARTILLE HWY,,28,40.15776111,-76.57477222,0,12,1,0,1,1,0,1,1,1,0,1,0,0000000,8,15,8,22,88,88,0,0,0,1,0
42,420314,2,2,0,0,0,3,3,29,0,23,5,2014,6,20,34,0,15,3,SR-372 LOWER VALLEY RD,,19,39.94898333,-75.95975833,0,12,2,0,1,1,0,1,2,1,0,1,0,0000000,20,36,20,42,21,49,0,0,0,2,1
42,420315,1,1,0,0,0,2,2,107,0,9,4,2014,4,18,13,0,14,2,US-209 MARKET ST,,267,40.70724444,-76.14824167,0,42,0,0,1,1,0,4,1,1,0,1,0,0000000,99,99,99,99,99,99,0,0,0,1,1
42,420316,1,1,0,1,1,1,1,91,0,2,5,2014,6,20,12,0,15,3,SR-4037 MANATAWNY ST,SR-4042 GROSSTOWN RD,22,40.26816389,-75.67185556,0,15,0,0,2,3,0,1,5,1,0,1,0,0000000,99,99,99,99,99,99,16,0,0,1,0
42,420317,1,1,0,1,1,2,2,91,1257,25,5,2014,1,9,30,0,14,3,SR-2056 WASHINGTON LN,,8,40.08130556,-75.14453333,0,9,0,0,1,1,0,1,1,1,0,1,0,0000000,9,31,9,36,10,2,0,0,0,1,0
42,420318,2,2,0,0,0,2,2,91,0,3,5,2014,7,14,44,1,13,3,SR-100 POTTSTOWN BOYERTOWN BYP,,49,40.30682222,-75.63721111,0,12,1,0,1,1,0,1,1,1,0,1,0,0000000,14,44,14,48,88,88,0,0,0,1,0
42,420319,1,1,0,0,0,1,1,59,0,25,5,2014,1,13,55,0,6,5,BELLS RUN RD,,0,39.79172778,-80.25281389,0,42,0,0,1,1,0,4,1,1,0,1,0,0000000,13,46,14,7,88,88,4,0,0,1,0
42,420320,2,2,0,0,0,2,2,69,0,25,5,2014,1,21,21,0,4,3,SR-690,LAUREL RD,38,41.33342778,-75.55761111,0,12,6,0,2,3,0,1,3,1,0,1,0,0000000,21,19,21,17,88,88,0,0,0,1,1
42,420321,2,2,0,0,0,3,3,25,5740,12,5,2014,2,18,28,1,2,2,US-209 LEHIGH AVE,,83,40.87267778,-75.76374167,0,12,8,0,1,1,0,1,1,1,0,1,0,0000000,99,99,99,99,99,99,0,0,0,1,0
42,420322,1,1,0,1,1,2,2,101,6540,10,5,2014,7,2,33,1,13,3,SR-2008 GIRARD AVE,SECOND ST,28,39.96946944,-75.13957778,0,9,0,0,2,7,0,1,3,1,0,1,0,0000000,2,27,2,34,2,47,0,0,0,1,0
42,420323,2,2,0,0,0,2,2,29,9236,5,5,2014,2,11,17,0,6,5,MANLEY RD,,0,39.96352778,-75.53644444,0,12,7,0,1,1,0,1,1,1,0,1,0,0000000,11,16,99,97,99,97,0,0,0,1,0
42,420324,1,1,0,0,0,4,4,55,0,11,5,2014,1,19,18,0,15,3,SR-2015 TOMSTOWN RD,,19,39.78846667,-77.56460278,0,24,0,0,1,1,0,4,1,1,0,1,0,0000000,99,99,99,99,99,99,0,0,0,1,0
42,420325,1,1,0,0,0,1,1,101,6540,20,5,2014,3,1,18,0,16,6,BOUDINOT ST,WESTMORELAND ST,0,39.99920556,-75.12191111,0,39,0,0,3,3,0,4,3,1,0,1,0,0000000,1,18,1,20,88,88,0,0,0,1,1
42,420326,1,1,0,1,1,1,1,101,6540,19,5,2014,2,13,40,1,13,3,SR-2008 GIRARD AVE,,22,39.97048056,-75.15065278,0,8,0,0,1,1,0,1,1,1,0,1,0,0000000,13,39,13,41,88,88,0,0,0,1,1
42,420327,2,1,1,1,2,1,2,115,0,10,5,2014,7,18,56,1,1,1,I-81 AMERICAN LEGION MEM HWY,,2270,41.91794722,-75.73119167,0,14,0,0,1,1,0,2,1,1,0,1,0,0000000,99,99,99,99,99,99,0,0,0,1,0
42,420328,2,1,1,1,1,1,1,77,0,13,5,2014,3,14,56,1,12,2,US-22 LEHIGH VALLEY TRWY,,25,40.60234167,-75.55351944,0,8,0,0,1,1,0,2,1,1,0,1,0,0000000,99,99,99,99,88,88,14,0,0,1,0
42,420329,1,1,0,0,0,1,1,133,0,20,5,2014,3,14,37,0,3,3,SR-194 BALTIMORE PIKE,,96,40.00479722,-77.01033333,0,35,0,0,1,1,0,4,1,1,0,1,0,0000000,99,99,99,99,99,99,0,0,0,1,0
42,420330,1,1,0,0,0,1,1,19,0,3,5,2014,7,23,27,0,4,3,SR-528 ARBOR DR,,204,40.99824444,-80.01779167,0,42,0,0,1,1,0,4,2,1,0,1,0,0000000,23,27,23,36,0,12,0,0,0,1,1
42,420331,3,3,0,0,0,4,4,77,0,28,5,2014,4,20,24,1,12,2,US-22 LEHIGH VALLEY TRWY,,71,40.63134722,-75.46854444,0,12,1,0,1,1,0,1,3,1,0,1,0,0000000,99,99,99,99,99,99,0,0,0,1,1
42,420332,3,1,2,0,0,1,1,55,0,11,5,2014,1,1,29,0,4,3,SR-997 BLACK GAP RD,,148,39.91591944,-77.52099167,0,42,0,0,1,1,0,4,2,2,0,2,0,0000000,99,99,99,99,99,99,0,0,0,1,1
42,420333,3,3,0,0,0,3,3,3,0,22,5,2014,5,14,43,0,6,5,SILVER LN,,0,40.47366667,-80.13325,0,12,8,0,1,1,0,1,1,1,0,1,0,0000000,14,46,14,49,15,36,0,0,0,1,0
42,420334,3,3,0,0,0,3,3,121,0,21,5,2014,4,5,38,1,2,3,SR-8 RICHARD C FRAME HWY,,42,41.226475,-79.95903889,0,12,2,0,1,1,0,1,4,1,0,1,0,0000000,5,39,5,50,6,18,0,0,0,1,1
42,420335,1,1,0,0,0,1,1,95,0,31,5,2014,7,1,41,0,4,3,SR-1004 BELVIDERE RD,,12,40.78588611,-75.14669444,0,30,0,0,1,1,0,4,2,1,0,1,0,0000000,99,99,99,99,99,99,0,0,0,1,0
42,420336,3,3,0,0,0,5,5,45,0,16,5,2014,6,12,20,1,13,3,SR-2016 BALTIMORE PIKE,BEATTY RD,24,39.91500556,-75.37871389,0,12,11,0,3,2,0,1,1,2,0,2,0,0000000,99,99,99,99,99,99,0,0,0,1,0
42,420337,1,1,0,0,0,2,2,125,0,29,5,2014,5,23,45,0,6,5,SHIPE RUN RD,,0,40.12461667,-80.16840556,0,42,0,0,1,1,0,4,2,1,0,1,0,0000000,23,46,23,54,0,47,4,0,0,1,1
42,420338,1,1,0,0,0,1,1,7,0,26,5,2014,2,18,57,0,6,3,SR-3019 RACCOON CREEK RD,,14,40.63941389,-80.34383889,0,1,0,0,1,1,0,1,1,1,0,1,0,0000000,19,2,19,11,99,99,0,0,0,1,0
42,420339,1,1,0,0,0,1,1,71,0,31,5,2014,7,10,30,0,6,5,PENNSY RD,,0,39.91757778,-76.28512222,0,24,0,0,1,1,0,4,1,1,0,1,0,0000000,99,99,99,99,99,99,0,0,0,1,0
42,420340,2,2,0,0,0,2,2,43,3500,19,5,2014,2,12,48,0,13,3,SR-230 CAMERON ST,,18,40.25755278,-76.87070278,0,21,0,0,1,1,0,4,1,1,0,1,0,0000000,99,99,99,99,99,99,0,0,0,1,0
42,420341,2,2,0,0,0,2,2,45,0,9,5,2014,6,23,18,0,14,3,SR-2024 MARSHALL RD,CONERLY RD,7,39.950975,-75.26714722,0,12,6,0,2,2,0,1,3,1,0,1,0,0000000,88,88,88,88,88,88,0,0,0,1,1
42,420342,2,2,0,0,0,3,3,19,0,2,5,2014,6,15,15,1,1,1,I-79 RAYMOND P SHAFFER HWY,,213,40.957975,-80.13689444,0,26,0,0,1,1,1,1,1,1,0,1,0,0000000,15,15,15,31,16,3,0,0,0,1,1
42,420343,1,1,0,0,0,1,1,47,0,31,5,2014,7,23,35,0,6,5,SPRING RUN RD,,0,41.32661667,-78.46909722,0,42,0,0,1,1,0,6,2,1,0,1,0,0000000,99,99,99,99,88,88,4,0,0,1,1
42,420344,1,1,0,0,0,1,1,81,0,4,5,2014,1,4,53,0,6,5,MAHAFFEY HOLLOW RD,,0,41.26246667,-77.13140556,0,35,0,0,1,1,0,4,2,1,0,1,0,0000000,4,50,5,4,88,88,4,0,0,1,1
42,420345,1,1,0,1,1,1,1,125,0,11,5,2014,1,22,45,0,4,3,SR-4008 ELDERSVILLE RD,,32,40.35699444,-80.46633333,0,8,0,0,1,1,0,1,2,1,0,1,0,0000000,22,48,99,97,99,97,19,0,0,1,0
42,420346,2,2,0,0,0,3,3,77,0,11,5,2014,1,13,15,0,14,3,SR-1015 FULLERTON AVE,PERSHING BLVD,11,40.62929722,-75.46985556,0,12,6,0,2,2,0,1,1,1,0,1,0,0000000,99,99,99,99,88,88,0,0,0,1,0
42,420347,2,1,1,2,2,1,1,81,0,22,5,2014,5,14,35,1,13,2,US-15 MARINE CORPS MEM HWY,,12,41.15830833,-76.90765556,0,14,0,0,1,1,0,2,1,1,0,1,0,0000000,14,41,14,45,15,27,23,15,0,1,0
42,420348,2,2,0,0,0,4,4,33,0,12,5,2014,2,21,15,0,3,3,SR-53 HOUTZDALE TO OSCEO HWY,,209,40.84669167,-78.29503333,0,12,1,0,1,1,0,1,2,1,0,1,0,0000000,99,99,99,99,99,99,0,0,0,1,0
42,420349,2,2,0,0,0,2,2,101,6540,1,5,2014,5,19,7,1,13,3,SR-4004 OLNEY AVE,,28,40.03906111,-75.14585,0,12,6,0,1,1,0,1,5,1,0,1,0,0000000,19,2,19,14,19,38,0,0,0,1,0
42,420350,1,1,0,0,0,1,1,95,0,26,5,2014,2,9,54,0,14,3,SR-3004 HICKORY HILL RD,,18,40.58158056,-75.36624167,0,30,0,0,1,1,0,4,1,1,0,1,0,0000000,99,99,99,99,99,99,0,0,0,1,0
42,420351,1,1,0,0,0,1,1,133,0,30,5,2014,6,21,45,0,4,3,SR-74 CARLISLE RD,SR-4039 FICKES RD,452,40.05316944,-76.94734444,0,18,0,0,3,4,0,4,3,1,0,1,0,0000000,21,42,22,1,88,88,0,0,0,1,1
42,420352,7,7,0,0,0,18,18,11,0,12,5,2014,2,13,10,1,1,1,I-78 WILLIAM PENN HWY,,415,40.57644722,-75.77906944,0,12,1,0,1,1,2,1,1,1,0,1,0,0000000,99,99,99,99,99,99,0,0,0,3,0
42,420353,1,1,0,0,0,1,1,33,0,18,5,2014,1,0,50,0,6,5,LE CONTES MILLS RD,GILLINGHAM RD,0,41.08399722,-78.27695833,0,1,0,0,2,3,0,1,2,1,0,1,0,0000000,99,99,99,99,99,99,4,0,0,1,0
42,420354,2,2,0,1,1,2,2,101,6540,6,5,2014,3,9,54,1,13,3,SR-3 WALNUT ST,THIRTIETH ST,37,39.95184167,-75.18408889,0,12,6,0,2,3,0,1,1,1,0,1,0,0000000,9,54,9,58,10,15,0,0,0,2,0
42,420355,2,2,0,0,0,2,2,31,0,28,5,2014,4,13,28,0,3,3,SR-368,,61,41.12130278,-79.57035556,0,12,6,0,1,1,0,1,1,1,0,1,0,0000000,13,28,13,40,14,38,0,0,0,1,0
42,420356,1,1,0,0,0,1,1,49,0,30,5,2014,6,0,30,0,3,2,US-20 BUFFALO RD,,379,42.19505833,-79.89015,0,35,0,0,1,1,0,4,3,1,0,1,0,0000000,0,34,0,37,88,88,0,0,0,1,1
42,420357,1,1,0,0,0,2,2,3,0,16,5,2014,6,23,54,0,14,3,SR-4031 BABCOCK BLVD,,5,40.57740833,-80.01204167,0,17,0,0,1,1,0,4,2,2,0,2,0,0000000,99,99,99,99,88,88,0,0,0,2,1
42,420358,1,1,0,0,0,2,2,17,0,11,5,2014,1,15,15,1,12,2,US-13 BRISTOL PIKE,,147,40.19628056,-74.80191111,0,25,0,0,1,1,0,3,1,1,0,1,0,0000000,15,16,15,25,15,44,0,0,0,1,1
42,420359,1,1,0,0,0,1,1,129,0,31,5,2014,7,1,56,0,14,3,SR-4025 NIKE SITE RD,,21,40.354625,-79.68533333,0,35,0,0,1,1,0,4,2,1,0,1,0,0000000,1,56,2,1,88,88,0,0,0,1,1
42,420360,1,1,0,0,0,1,1,131,0,19,5,2014,2,3,30,0,6,5,BENNINGER RD,,0,41.628,-76.05088889,0,1,0,0,1,1,0,4,2,1,0,1,0,0000000,3,37,3,52,88,88,4,22,0,1,1
42,420361,1,1,0,0,0,1,1,133,0,8,5,2014,5,22,55,0,5,3,SR-4022 SIDDONSBURG RD,,38,40.13943056,-76.89417222,0,1,0,0,1,1,0,5,2,1,0,1,0,0000000,99,99,99,99,88,88,0,0,0,1,1
42,420362,2,2,0,0,0,2,2,101,6540,4,5,2014,1,15,39,1,13,3,SR-2009 ARAMINGO AVE,,42,40.01117222,-75.07008056,0,12,1,0,1,1,0,1,1,1,0,1,0,0000000,15,50,15,53,16,40,0,0,0,1,0
42,420363,2,2,0,0,0,3,3,31,0,18,5,2014,1,17,54,1,2,2,US-322 TWENTYEIGHTH DIVISION H,,127,41.22289722,-79.39141944,0,12,2,0,1,1,0,1,1,1,0,1,0,0000000,17,55,99,97,99,97,0,0,0,1,0
42,420364,2,1,1,0,0,1,1,129,25,8,5,2014,5,17,24,0,16,6,MAIN ST,,0,40.30926944,-79.65010278,0,43,0,0,1,1,0,5,1,1,0,1,0,0000000,17,24,17,27,18,33,14,0,0,1,0
42,420365,2,2,0,0,0,2,2,29,0,7,5,2014,4,10,52,1,13,2,US-322 HORSEHOE PIKE,,62,40.07428056,-75.83526389,0,12,2,0,1,1,0,1,1,1,0,1,0,0000000,10,46,10,51,11,28,0,0,0,1,0
42,420366,1,1,0,0,0,2,2,117,0,14,6,2014,7,16,51,0,5,3,SR-4017 LOCEY CREEK RD,,18,41.87756389,-77.33063889,0,1,0,0,1,1,0,1,1,1,0,1,0,0000000,99,99,99,99,99,99,4,0,0,1,1
42,420367,2,2,0,0,0,2,2,49,0,21,6,2014,7,22,55,1,13,3,SR-5 TWELFTH ST,,189,42.08246667,-80.18485833,0,12,2,0,1,1,0,1,3,1,0,1,0,0000000,99,99,99,99,99,99,0,0,0,1,0
42,420368,1,1,0,0,0,1,1,129,0,9,6,2014,2,19,22,0,4,3,SR-1006 CREEK RD,,12,40.38346389,-79.14343333,0,42,0,0,1,1,0,5,1,1,0,1,0,0000000,19,26,19,35,20,46,4,0,0,1,0
42,420369,2,2,0,0,0,2,2,19,0,18,6,2014,4,9,49,1,13,2,US-19 PERRY HWY,,34,40.72290556,-80.10640278,0,12,1,0,1,1,0,1,1,1,0,1,0,0000000,9,51,9,55,10,30,0,0,0,1,0
42,420370,2,2,0,0,0,4,4,13,0,28,6,2014,7,20,0,0,4,3,SR-164 JOHNSTOWN RD,,51,40.35664167,-78.50968333,0,12,8,0,1,1,0,1,1,1,0,1,0,0000000,20,6,20,20,99,99,0,0,0,1,0
42,420371,2,2,0,2,2,4,4,17,0,18,5,2014,1,0,12,1,11,1,I-95 DELAWARE EXPY,,474,40.22766667,-74.88172778,0,8,0,0,1,1,0,1,2,1,0,1,0,0000000,0,8,0,12,0,30,16,0,0,1,2
42,420372,1,1,0,0,0,1,1,103,0,7,6,2014,7,17,32,1,1,1,I-84 FALLEN TROOPER MEM HWY,,308,41.34086389,-74.77370278,0,20,0,0,1,1,1,3,1,1,0,1,0,0000000,99,99,99,99,99,99,0,0,0,1,0
42,420373,1,1,0,0,0,1,1,55,0,14,6,2014,7,17,57,0,4,3,SR-456 LITTLE COVE RD,,41,39.76803333,-78.01554167,0,11,0,0,1,1,0,1,1,1,0,1,0,0000000,99,99,99,99,99,99,0,0,0,1,0
42,420374,1,1,0,0,0,2,2,11,6238,21,6,2014,7,3,10,0,6,5,MAIN ST,,0,40.39952222,-75.80493333,0,11,0,0,1,1,0,1,2,1,0,1,0,0000000,99,99,99,99,99,99,0,0,0,1,1
42,420375,1,1,0,0,0,1,1,69,4262,28,6,2014,7,15,30,1,13,2,US-6 CHRISTY MORENSON HWY,,4,41.56336667,-75.76840556,0,33,0,0,1,1,0,3,1,1,0,1,0,0000000,15,28,15,28,16,2,0,0,0,1,0
42,420376,1,1,0,0,0,1,1,87,3300,27,6,2014,6,10,10,0,6,5,ANDERSON RD,,0,40.53983889,-77.64611667,0,10,0,0,6,1,0,1,1,1,0,1,0,506419L,10,12,10,24,11,0,0,0,0,1,0
42,420377,1,1,0,0,0,1,1,129,5645,2,6,2014,2,15,11,0,16,3,SR-4026 MANOR RD,,30,40.40705278,-79.58390833,0,42,0,0,1,1,0,5,1,1,0,1,0,0000000,15,15,15,16,88,88,0,0,0,1,0
42,420378,1,1,0,0,0,2,2,81,5440,18,6,2014,4,21,30,0,14,3,SR-405,,8,41.17764444,-76.86135556,0,30,0,0,1,1,0,4,3,1,0,1,0,0000000,21,37,21,43,88,88,0,0,0,2,1
42,420379,2,2,0,0,0,2,2,43,0,25,6,2014,4,15,33,0,15,3,SR-2019 NYES RD,,40,40.30844444,-76.77060833,0,12,2,0,1,1,0,1,1,1,0,1,0,0000000,15,39,15,46,99,99,0,0,0,1,0
42,420380,1,1,0,7,7,1,1,101,6540,1,5,2014,5,13,0,0,14,3,SR-2007 FRANKFORD AVE,,1,39.96516111,-75.13439722,0,10,0,0,1,1,0,1,1,1,0,1,0,0000000,12,57,13,6,13,43,0,0,0,1,0
42,420381,1,1,0,0,0,6,6,111,0,23,6,2014,2,14,38,0,3,3,SR-403,,132,40.24923056,-78.91758889,0,16,0,0,1,1,0,1,1,1,0,1,0,0000000,14,38,14,43,99,99,0,0,0,2,0
42,420382,1,1,0,0,0,1,1,71,0,17,6,2014,3,23,45,0,4,3,SR-897 SPRINGVILLE RD,,77,40.08046389,-76.01738056,0,42,0,0,1,1,0,4,2,1,0,1,0,0000000,99,99,99,99,88,88,0,0,0,1,0
42,420383,2,2,0,0,0,2,2,133,0,5,6,2014,5,14,42,0,5,3,SR-3072 MOULSTOWN RD,,21,39.83736111,-76.93884722,0,12,2,0,1,1,0,1,1,1,0,1,0,0000000,99,99,99,99,99,99,0,0,0,1,0
42,420384,2,2,0,0,0,2,2,9,0,20,6,2014,6,4,53,1,2,2,US-30 LINCOLN HWY,,343,40.00428056,-78.21460556,0,12,8,0,1,1,0,1,4,1,0,1,0,0000000,4,51,5,5,6,17,0,0,0,1,1
42,420385,2,2,0,0,0,4,4,49,0,18,6,2014,4,10,30,1,1,1,I-90 AMVET MEM HWY,,173,42.0153,-80.20965,0,12,1,0,1,1,0,1,1,1,0,1,0,0000000,10,36,10,38,11,0,0,0,0,1,0
42,420386,2,2,0,0,0,2,2,65,0,20,6,2014,6,16,52,1,1,1,I-80 KEYSTONE SHORTWAY RD,,902,41.15240833,-78.90326667,0,12,1,0,1,1,0,1,1,1,0,1,0,0000000,99,99,99,99,88,88,0,0,0,1,0
42,420387,2,2,0,0,0,2,2,51,0,30,6,2014,2,16,47,1,13,2,US-119 UNIVERSITY DR,,217,39.95361389,-79.65246111,0,12,2,0,1,1,0,1,1,1,0,1,0,0000000,16,40,16,44,17,43,0,0,0,1,0
42,420388,1,1,0,0,0,2,2,125,0,4,6,2014,4,19,34,1,1,1,I-70,,119,40.13553333,-80.32096944,0,1,0,0,1,1,0,3,5,2,0,2,0,0000000,19,36,19,45,20,35,0,0,0,1,0
42,420389,1,1,0,0,0,2,2,11,410,22,6,2014,1,16,5,1,13,3,SR-100 MAIN ST,,54,40.40119444,-75.58746667,0,33,0,0,1,1,0,4,1,1,0,1,0,0000000,99,99,99,99,99,99,0,0,0,1,1
42,420390,1,1,0,0,0,1,1,7,0,7,6,2014,7,2,5,1,11,1,I-376 BEAVER VALLEY EXPY,,140,40.59320278,-80.29531944,0,35,0,0,1,1,0,4,2,1,0,1,0,0000000,88,88,88,88,88,88,0,0,0,1,1
42,420391,1,1,0,1,1,1,1,101,6540,17,6,2014,3,4,45,0,14,3,SR-3004 SIXTYFIFTH ST,,2,39.92541111,-75.23413056,0,8,0,0,1,1,0,1,3,2,0,2,0,0000000,4,49,4,56,5,18,0,0,0,1,0
42,420392,1,1,0,1,1,1,1,9,0,20,6,2014,6,9,25,0,3,2,US-30 LINCOLN HWY,,228,40.01121667,-78.38969722,0,8,0,0,1,1,0,1,1,1,0,1,0,0000000,9,23,9,26,88,88,16,0,0,1,0
42,420393,1,1,0,1,1,1,1,11,0,20,6,2014,6,7,27,0,6,5,BOYER RD,,0,40.41045833,-75.75159444,0,8,0,0,1,1,0,1,1,1,0,1,0,0000000,88,88,88,88,88,88,0,0,0,1,0
42,420394,1,1,0,1,1,1,1,101,6540,6,6,2014,6,22,52,1,13,2,US-13 FRANKFORD AVE,SHEFFIELD AVE,104,40.03945833,-75.03336389,0,8,0,0,2,2,0,1,3,1,0,1,0,0000000,22,52,22,55,23,20,0,0,0,1,0
42,420395,2,2,0,0,0,2,2,89,0,16,6,2014,2,18,42,0,6,4,CR-STONE HILL RD,,0,40.87911111,-75.37066667,0,12,2,0,1,1,0,1,1,1,0,1,0,0000000,88,88,88,88,88,88,0,0,0,1,1
42,420396,2,2,0,0,0,2,2,11,0,12,6,2014,5,2,25,0,3,3,SR-183 BERNVILLE RD,,132,40.44657778,-76.13044722,0,12,2,0,1,1,0,1,2,2,0,2,0,0000000,99,99,99,99,99,99,0,0,0,1,1
42,420397,1,1,0,0,0,1,1,65,0,22,6,2014,1,22,23,0,3,3,SR-950,,29,41.124175,-78.85901111,0,34,0,0,1,1,0,4,2,1,0,1,0,0000000,99,99,99,99,88,88,0,0,0,1,1
42,420398,1,1,0,0,0,1,1,103,0,22,6,2014,1,3,0,0,4,3,SR-390 PROMISED LAND RD,,111,41.37089167,-75.19830278,0,1,0,0,1,1,0,4,2,1,0,1,0,0000000,99,99,99,99,88,88,0,0,0,1,1
42,420399,2,2,0,0,0,6,6,89,5590,20,6,2014,6,20,11,0,14,3,SR-611 POCONO BLVD,,196,41.11698056,-75.35264167,0,12,8,0,1,1,0,1,1,1,0,1,0,0000000,99,99,99,99,99,99,0,0,0,1,1
42,420400,2,2,0,0,0,5,5,43,0,8,6,2014,1,1,16,0,6,5,BOW CREEK RD,,0,40.38735833,-76.66689167,0,12,2,0,1,1,0,1,2,1,0,1,0,0000000,1,15,99,99,99,99,0,0,0,1,2
42,420401,2,2,0,0,0,2,2,15,0,26,6,2014,5,12,25,0,3,3,SR-414,,136,41.69756667,-76.61723889,0,12,2,0,1,1,0,1,1,1,0,1,0,0000000,99,99,99,99,99,99,0,0,0,1,0
42,420402,2,2,0,0,0,3,3,71,0,14,6,2014,7,21,20,0,3,3,SR-10 TWIN COUNTY RD,,0,40.12031944,-75.91688611,0,12,6,0,1,1,0,1,2,1,0,1,0,0000000,21,17,99,97,99,97,0,0,0,1,1
42,420403,2,2,0,0,0,2,2,77,0,28,6,2014,7,11,37,1,11,1,I-78,,590,40.561,-75.45486944,0,12,1,0,1,1,0,1,1,1,0,1,0,0000000,99,99,99,99,99,99,0,0,0,1,0
42,420404,1,1,0,0,0,1,1,91,3530,17,1,2014,6,20,53,0,15,3,SR-2040 WESTMINSTER RD,,13,40.16623056,-75.10473611,0,10,0,0,6,1,0,1,3,1,0,1,0,593136Y,20,56,21,1,21,50,0,0,0,1,1
42,420405,2,2,0,0,0,2,2,3,0,11,6,2014,4,15,59,0,14,3,SR-910 INDIANOLA RD,,177,40.55195556,-79.84333889,0,12,6,0,1,1,0,2,1,1,0,1,0,0000000,16,1,16,9,16,42,0,0,0,1,0
42,420406,2,2,0,0,0,2,2,121,0,1,6,2014,1,13,46,0,4,3,SR-965 JACKSON CTR POLK RD,,18,41.32555278,-79.96851944,0,12,2,0,1,1,0,1,1,1,0,1,0,0000000,13,46,13,58,15,5,0,0,0,2,1
42,420407,1,1,0,0,0,1,1,3,0,13,6,2014,6,8,40,1,11,1,I-79 RAYMOND P SHAFER HWY,,632,40.49293333,-80.12682222,0,5,0,0,1,1,0,5,1,1,0,1,0,0000000,8,44,8,54,9,18,0,0,0,1,0
42,420408,1,1,0,0,0,1,1,111,0,24,6,2014,3,11,50,0,3,3,SR-281 NEW CENTERVILLE RD,,181,39.96629444,-79.18036667,0,35,0,0,1,1,0,4,1,1,0,1,0,0000000,99,99,99,99,99,99,0,0,0,1,0
42,420409,2,2,0,0,0,6,6,111,0,20,6,2014,6,13,4,1,2,2,US-30 LINCOLN HWY,,64,40.14166667,-79.02321944,0,11,0,0,1,1,0,1,1,1,0,1,0,0000000,99,99,99,99,88,88,14,0,0,1,0
42,420410,2,2,0,0,0,2,2,133,0,5,6,2014,5,15,22,0,15,3,SR-624 CRALEY RD,ADAIR RD,47,39.934325,-76.53716111,0,12,6,0,2,4,0,1,1,1,0,1,0,0000000,15,15,15,34,16,11,0,0,0,1,0
42,420411,2,2,0,0,0,6,6,71,0,9,6,2014,2,15,17,0,3,3,SR-272 NOTTINGHAM RD,LITTLE BRITAIN CHURCH RD,52,39.77660556,-76.15272222,0,12,6,0,2,2,0,1,1,1,0,1,0,0000000,15,18,15,33,99,99,0,0,0,1,0
42,420412,2,2,0,0,0,2,2,33,1490,21,6,2014,7,8,34,0,3,3,SR-53 GLENDALE BLVD,WALNUT ST,15,40.74546944,-78.53429722,0,12,6,0,2,2,0,1,1,2,0,2,0,0000000,99,99,99,99,99,99,22,0,0,1,0
42,420413,1,1,0,0,0,1,1,89,0,2,6,2014,2,23,45,1,2,2,US-209,,86,40.92300556,-75.37347778,0,31,0,0,1,1,0,4,2,1,0,1,0,0000000,99,99,99,99,88,88,0,0,0,1,1
42,420414,1,1,0,0,0,1,1,117,0,5,6,2014,5,8,21,1,2,2,US-6 GRAND ARMY OF REPUBLI HWY,,131,41.77066111,-77.38187778,0,52,0,0,1,1,0,4,1,1,0,1,0,0000000,8,20,8,32,8,59,0,0,0,1,0