STATE,ST_CASE,VE_TOTAL,VE_FORMS,PVH_INVL,PEDS,PERNOTMVIT,PERMVIT,PERSONS,COUNTY,CITY,DAY,MONTH,YEAR,DAY_WEEK,HOUR,MINUTE,NHS,ROAD_FNC,ROUTE,TWAY_ID,TWAY_ID2,MILEPT,LATITUDE,LONGITUD,SP_JUR,HARM_EV,MAN_COLL,RELJCT1,RELJCT2,TYP_INT,WRK_ZONE,REL_ROAD,LGT_COND,WEATHER1,WEATHER2,WEATHER,SCH_BUS,RAIL,NOT_HOUR,NOT_MIN,ARR_HOUR,ARR_MIN,HOSP_HR,HOSP_MN,CF1,CF2,CF3,FATALS,DRUNK_DR
42,420631,1,1,0,0,0,1,1,55,0,15,8,2014,6,9,12,0,3,3,SR-75 PATH VALLEY RD,,278,40.09495278,-77.80265556,0,7,0,0,1,1,0,2,1,1,0,1,0,0000000,88,88,88,88,88,88,0,0,0,1,1
42,420632,1,1,0,0,0,1,1,111,0,24,8,2014,1,0,0,0,6,5,MONUMENT RD,,0,40.09747778,-78.85625,0,35,0,0,1,1,0,4,2,2,0,2,0,0000000,99,99,99,99,88,88,0,0,0,1,1
42,420633,2,2,0,0,0,2,2,133,0,24,8,2014,1,9,7,0,15,3,SR-382 LEWISBERRY RD,FRONT ST,87,40.13536944,-76.86522778,0,12,6,0,2,2,0,1,1,1,0,1,0,0000000,9,6,9,7,99,99,4,0,0,1,0
42,420634,3,3,0,1,1,3,3,101,6540,29,8,2014,6,4,46,1,13,3,SR-611 BROAD ST,COURTLAND ST,61,40.02287222,-75.14827222,0,8,0,0,3,7,0,1,3,1,0,1,0,0000000,4,47,4,51,5,31,14,0,0,1,0
42,420635,2,2,0,0,0,4,4,125,0,4,7,2014,6,11,49,0,14,3,SR-18 PARK AVE,SCENIC DR,143,40.149025,-80.26726944,0,12,6,0,2,3,0,1,1,1,0,1,0,0000000,11,52,11,57,13,4,0,0,0,1,0
42,420636,1,1,0,0,0,1,1,1,0,27,8,2014,4,6,57,0,6,3,SR-1019 PINE RUN RD,,46,39.91339444,-76.99677778,0,42,0,0,1,1,0,4,1,1,0,1,0,0000000,6,52,6,59,88,88,0,0,0,1,0
42,420637,1,1,0,0,0,1,1,101,6540,25,8,2014,2,20,55,0,16,6,POPLAR ST,VINEYARD ST,0,39.97097222,-75.16597778,0,30,0,0,3,2,0,4,3,1,0,1,0,0000000,21,0,21,15,21,29,0,0,0,1,0
42,420638,1,1,0,0,0,1,1,101,6540,8,8,2014,6,7,36,0,14,3,SR-3031 MARSHALL RD,,0,39.95733333,-75.24875278,0,59,0,0,1,1,0,4,1,1,0,1,0,0000000,7,35,7,39,8,8,0,0,0,1,0
42,420639,2,2,0,0,0,2,2,19,0,22,8,2014,6,13,33,1,13,3,SR-8 PITTSBURGH RD,,7,40.68253056,-79.93528056,0,12,6,0,8,1,0,1,1,1,0,1,0,0000000,99,99,99,99,99,99,0,0,0,1,0
42,420640,2,1,1,0,0,2,2,79,0,2,8,2014,7,15,0,0,14,3,SR-309,BUTLER DR,84,41.02196667,-75.96369722,0,1,0,0,3,2,0,5,1,1,0,1,0,0000000,15,2,15,9,15,33,0,0,0,1,1
42,420641,1,1,0,0,0,1,1,101,6540,30,8,2014,7,7,14,1,13,3,SR-2001 CHRISTOPHER COLUM BLVD,,19,39.91500833,-75.13778333,0,30,0,0,1,1,0,4,1,1,0,1,0,0000000,7,13,7,19,88,88,0,0,0,1,1
42,420642,1,1,0,0,0,1,1,119,0,22,8,2014,6,0,15,0,3,3,SR-45 PURPLE HEART HWY,,21,40.90366944,-77.24391667,0,1,0,0,1,1,0,4,2,1,0,1,0,0000000,99,99,99,99,88,88,0,0,0,1,0
42,420643,1,1,0,0,0,1,1,63,0,11,8,2014,2,12,36,0,6,5,HUTCHISON HOLLOW RD,,0,40.42215,-79.02916111,0,42,0,0,1,1,0,4,1,1,0,1,0,0000000,99,99,99,99,88,88,4,22,0,1,0
42,420644,1,1,0,0,0,1,1,123,0,8,8,2014,6,15,15,0,6,5,LONGHOUSE SCENIC DR,,0,41.83696944,-78.96336667,0,24,0,0,1,1,0,4,1,1,0,1,0,0000000,15,6,15,38,16,24,0,0,0,1,0
42,420645,1,1,0,1,1,1,1,17,0,10,8,2014,1,3,48,1,13,3,SR-313 DUBLIN PIKE,SR-4041 OLD BETHLEHEM RD,71,40.39801667,-75.24489444,0,9,0,0,2,4,0,1,2,1,0,1,0,0000000,3,59,4,11,4,41,0,0,0,1,1
42,420646,1,1,0,2,2,1,1,61,0,30,8,2014,7,14,14,1,2,2,US-22 WILLIAM PENN HWY,,99,40.498925,-78.06124167,0,15,0,0,1,1,0,1,1,1,0,1,0,0000000,3,59,4,11,4,41,0,0,0,2,1
42,420647,1,1,0,0,0,1,1,71,40,24,8,2014,1,19,0,0,16,6,HIGH ST,,0,40.14925,-76.205,0,7,0,0,1,1,0,1,1,1,0,1,0,0000000,21,45,21,52,22,20,0,0,0,1,0
42,420648,2,2,0,0,0,4,4,107,0,25,6,2014,4,12,37,0,15,3,SR-4030 FLICKER HILL RD,,29,40.79358889,-76.25392778,0,12,2,0,1,1,0,1,1,1,0,1,0,0000000,99,99,99,99,99,99,0,0,0,1,0
42,420649,2,2,0,0,0,2,2,13,0,2,5,2014,6,4,15,1,1,1,I-99 BUD SHUSTER HWY,,427,40.61787222,-78.30125,0,12,1,0,1,1,0,1,2,1,0,1,0,0000000,4,19,4,30,5,28,0,0,0,1,0
42,420650,2,2,0,0,0,2,2,107,0,21,5,2014,4,4,10,0,14,3,SR-901 SUNBURY RD,,71,40.71186944,-76.33785833,0,12,6,0,8,1,0,1,3,1,0,1,0,0000000,99,99,99,99,88,88,0,0,0,1,0
42,420651,2,2,0,0,0,4,4,111,0,8,3,2014,7,12,2,0,4,3,SR-3029 COPPER KETTLE HWY,CROSS RD,19,39.96660833,-79.20623611,0,12,6,0,2,2,0,1,1,1,0,1,0,0000000,99,99,99,99,99,99,0,0,0,2,1
42,420652,1,1,0,0,0,1,1,117,0,1,7,2014,3,20,40,0,6,5,RIDGE RD,,0,41.90463611,-77.169375,0,30,0,0,1,1,0,4,1,1,0,1,0,0000000,20,34,20,48,99,99,4,0,0,1,0
42,420653,1,1,0,0,0,1,1,9,0,11,7,2014,6,20,47,0,6,4,CR-MOSQUITO HOLLOW RD,,0,40.14675556,-78.22331111,0,42,0,0,1,1,0,4,2,1,0,1,0,0000000,20,43,21,4,99,99,4,0,0,1,1
42,420654,2,2,0,0,0,3,3,33,0,17,3,2014,2,16,9,0,3,3,SR-879 CLEARFIELD BYP,,114,41.01194722,-78.43020833,0,12,6,0,1,1,0,1,1,1,0,1,0,0000000,99,99,99,99,99,99,0,0,0,1,0
42,420655,2,2,0,0,0,3,3,17,0,24,7,2014,5,18,0,0,15,3,SR-4003 CALLOWHILL RD,,19,40.32828889,-75.21044167,0,12,2,0,1,1,0,1,1,1,0,1,0,0000000,18,0,18,8,18,49,0,0,0,1,1
42,420656,1,1,0,0,0,1,1,101,6540,31,8,2014,1,20,0,0,16,6,DELAWARE AVE,LEWIS ST,0,39.98654444,-75.07595278,0,30,0,0,3,3,0,4,3,2,0,2,0,0000000,20,13,20,25,20,51,0,0,0,1,1
42,420657,1,1,0,1,1,1,1,101,6540,15,8,2014,6,13,51,1,13,3,SR-232 OXFORD AVE,,1,40.03296389,-75.08492778,0,8,0,0,8,1,0,1,1,1,0,1,0,0000000,13,51,13,59,14,25,0,0,0,1,0
42,420658,1,1,0,0,0,2,2,49,0,1,8,2014,6,23,34,0,3,3,SR-18,,99,41.96407778,-80.34066111,0,24,0,0,1,1,0,4,3,1,0,1,0,0000000,99,99,99,99,99,99,0,0,0,1,0
42,420659,1,1,0,0,0,1,1,21,0,13,8,2014,4,12,57,0,6,5,OAK ALY,,0,40.37428056,-78.7877,0,7,0,0,1,1,0,5,1,1,0,1,0,0000000,99,99,99,99,99,99,0,0,0,1,0
42,420660,1,1,0,0,0,1,1,41,0,15,8,2014,6,6,45,1,13,3,SR-0114 HOGESTOWN RD,,34,40.23838333,-77.03122778,0,18,0,0,1,1,1,4,1,1,0,1,0,0000000,6,52,99,97,99,97,0,0,0,1,0
42,420661,1,1,0,0,0,1,1,19,0,19,8,2014,3,6,30,0,14,2,US-19 PERRY HWY,,71,40.77203889,-80.13025556,0,24,0,0,1,1,0,4,2,1,0,1,0,0000000,99,99,99,99,99,99,0,0,0,1,0
42,420662,3,3,0,0,0,6,6,55,0,15,8,2014,6,7,48,1,13,2,US-30 LINCOLN WAY,,234,39.91174167,-77.56461667,0,12,2,0,1,1,0,1,1,1,0,1,0,0000000,8,5,8,11,8,27,0,0,0,1,0
42,420663,1,1,0,0,0,1,1,17,0,31,8,2014,1,13,10,0,6,5,ROUNDHOUSE RD,,0,40.50083611,-75.25980278,0,42,0,0,1,1,0,4,1,1,0,1,0,0000000,13,14,13,20,88,88,4,0,0,1,1
42,420664,1,1,0,1,1,1,1,101,6540,8,4,2014,3,22,19,0,14,3,SR-1004 TORRESDALE AVE,,46,40.01053333,-75.07895556,0,9,0,0,1,1,0,1,3,1,0,1,0,0000000,22,19,22,23,22,43,0,0,0,1,0
42,420665,1,1,0,0,0,1,1,101,6540,31,8,2014,1,18,19,0,14,3,SR-3005 LANCASTER AVE,,11,39.96153889,-75.19930556,0,44,0,0,1,1,0,1,1,2,0,2,0,0000000,18,19,18,23,18,36,0,0,0,1,0
42,420666,2,2,0,0,0,2,2,91,0,6,8,2014,4,7,19,0,14,3,SR-3045 BELMONT AVE,,14,40.02255278,-75.23073056,0,12,6,0,8,1,0,1,1,1,0,1,0,0000000,7,20,7,29,7,43,0,0,0,1,0
42,420667,1,1,0,0,0,1,1,7,0,18,8,2014,2,22,34,0,16,3,SR-3038 HEIGHTS RD,,4,40.57012222,-80.24974444,0,42,0,0,1,1,0,4,3,1,0,1,0,0000000,99,99,99,99,99,99,0,0,0,1,0
42,420668,1,1,0,0,0,1,1,69,0,26,8,2014,3,0,22,0,3,3,SR-348 MT COBB RD,,32,41.411175,-75.500925,0,30,0,0,1,1,0,4,2,1,0,1,0,0000000,99,99,99,99,88,88,0,0,0,1,0
42,420669,3,3,0,0,0,7,7,109,7540,22,8,2014,6,17,18,1,12,3,SR-8007 RAMP RD,,9,40.85220556,-76.81640833,0,12,1,1,20,1,0,1,1,1,0,1,0,0000000,17,22,17,25,17,49,0,0,0,1,0
42,420670,3,3,0,0,0,4,4,13,130,1,8,2014,6,8,35,0,14,3,SR-1009 FRANKSTOWN RD,TENNYSON AVE,42,40.48136111,-78.40033056,0,12,6,0,2,3,0,1,1,1,0,1,0,0000000,99,99,99,99,88,88,0,0,0,1,0
42,420671,1,1,0,0,0,1,1,71,1970,26,8,2014,3,20,6,1,11,1,I-76 EAST/WEST TPKE,,2829,40.23964444,-76.13364722,0,25,0,0,1,1,1,3,2,1,0,1,0,0000000,99,99,99,99,88,88,0,0,0,1,0
42,420672,3,3,0,0,0,4,4,3,0,16,8,2014,7,16,27,0,14,3,SR-4024 BABCOCK BLVD,SR-4024 DUNCAN AVE,14,40.567175,-80.01646944,0,12,6,0,2,2,0,1,1,1,0,1,0,0000000,99,99,99,99,88,88,0,0,0,1,0
42,420673,1,1,0,0,0,2,2,91,0,24,8,2014,1,0,53,0,14,3,SR-2004 BROAD ST,,12,40.25488333,-75.27041389,0,30,0,0,1,1,0,4,2,1,0,1,0,0000000,99,99,99,99,99,99,0,0,0,1,1
42,420674,1,1,0,0,0,2,2,39,0,31,8,2014,1,1,20,1,2,2,US-322 TWENTYEIGHTH DIVISI HWY,,249,41.53243889,-80.067525,0,34,0,0,1,1,0,4,2,1,0,1,0,0000000,99,99,99,99,99,99,0,0,0,1,0
42,420675,3,3,0,0,0,3,3,37,0,24,7,2014,5,11,52,1,11,1,I-80 Z H CONFAIR MEMORIAL HWY,,2359,41.02649167,-76.42301667,0,12,1,0,1,1,1,1,1,1,0,1,0,0000000,99,99,99,99,99,99,0,0,0,1,0
42,420676,1,1,0,0,0,1,1,79,0,11,8,2014,2,4,50,0,3,3,SR-437 CHURCH ST,,32,41.09382222,-75.81875833,0,24,0,0,1,1,0,4,2,1,0,1,0,0000000,4,53,5,6,88,88,0,0,0,1,1
42,420677,1,1,0,1,1,1,1,77,110,20,8,2014,4,7,35,0,14,3,SR-2007 OXFORD RD,ALTON AVE,2,40.56094444,-75.49175278,0,8,0,0,2,2,0,1,1,1,0,1,0,0000000,99,99,99,99,99,99,0,0,0,1,0
42,420678,1,1,0,1,1,1,1,101,6540,30,8,2014,7,5,29,0,16,6,9TH ST,WYOMING AVE,0,40.02343333,-75.13936389,0,8,0,0,2,2,0,1,3,1,0,1,0,0000000,5,28,5,32,6,35,0,0,0,1,0
42,420679,2,2,0,0,0,2,2,43,3500,10,8,2014,1,21,1,1,13,3,SR-3014 STATE ST,,5,40.26799722,-76.87483333,0,33,0,0,1,1,0,4,3,1,0,1,0,0000000,99,99,99,99,99,99,0,0,0,1,0
42,420680,2,1,1,1,1,1,1,95,0,14,8,2014,5,20,54,1,2,3,SR-611 LACKAWANNA TER,,34,40.64748333,-75.20260833,0,8,0,0,1,1,0,4,2,1,0,1,0,0000000,99,99,99,99,99,99,0,0,0,1,0
42,420681,1,1,0,0,0,1,1,45,9580,18,8,2014,2,14,33,1,13,2,US-13 CHURCH LN,,145,39.93903056,-75.25599444,0,23,0,0,1,1,0,4,1,1,0,1,0,0000000,99,99,99,99,99,99,0,0,0,1,0
42,420682,1,1,0,0,0,4,4,115,0,29,8,2014,6,20,10,0,6,5,PLACE RD,,0,41.66502778,-76.08102778,0,38,0,0,1,1,0,5,5,1,0,1,0,0000000,99,99,99,99,99,99,0,0,0,1,1
42,420683,1,1,0,0,0,1,1,51,0,28,8,2014,5,19,36,0,14,3,SR-201 FAYETTE AVE,,170,40.11068333,-79.8422,0,24,0,0,1,1,0,4,5,1,0,1,0,0000000,99,99,99,99,99,99,0,0,0,1,0
42,420684,1,1,0,1,1,2,2,55,8920,18,1,2014,7,20,31,0,14,3,SR-316 POTOMAC ST,,29,39.75616944,-77.58080833,0,8,0,0,1,1,0,1,3,1,0,1,0,0000000,99,99,99,99,99,99,0,0,0,1,0
42,420685,2,2,0,0,0,2,2,17,0,19,8,2014,3,15,43,0,6,5,OAKTREE DR,MILL CREEK PKWY,0,40.14731389,-74.83955,0,12,6,0,2,3,0,1,1,1,0,1,0,0000000,15,45,15,49,16,17,0,0,0,1,1
42,420686,3,2,1,0,0,2,2,107,0,27,8,2014,4,19,14,1,13,3,SR-309,YE OLD HAUTO RD,130,40.81488333,-75.97818333,0,12,8,0,2,3,0,1,1,1,0,1,0,0000000,99,99,99,99,88,88,0,0,0,1,1
42,420687,1,1,0,0,0,1,1,37,0,13,8,2014,4,14,30,0,4,3,SR-339 MAIN MIFFLIN DR,,1092,40.98648333,-76.36009167,0,30,0,0,1,1,0,4,1,2,0,2,0,0000000,14,38,14,48,88,88,0,0,0,1,0
42,420688,1,1,0,1,1,1,1,3,4710,8,8,2014,6,22,31,0,16,6,STOCKHOLM ST,,0,40.33824444,-79.8379,0,8,0,0,1,1,0,1,2,1,0,1,0,0000000,99,99,99,99,99,99,0,0,0,1,0
42,420689,1,1,0,0,0,2,2,83,840,7,8,2014,5,21,48,0,14,3,SR-4005 MAIN ST,,24,41.9682,-78.62209167,0,33,0,0,1,1,0,4,3,1,0,1,0,0000000,99,99,99,99,99,99,0,0,0,1,1
42,420690,4,2,2,0,0,2,2,71,4180,14,6,2014,7,15,7,0,16,6,FAIRVIEW AVE,,0,40.02402778,-76.30705556,0,12,7,0,1,1,0,1,1,1,0,1,0,0000000,15,8,15,14,15,28,14,0,0,1,0
42,420691,1,1,0,0,0,1,1,3,6040,8,8,2014,6,2,16,0,14,2,US-30 LINCOLN HWY,,99999,99.99990000,999.99990000,0,43,0,0,1,1,0,4,2,1,0,1,0,0000000,2,26,2,31,88,88,0,0,0,1,1
42,420692,5,4,1,0,1,5,6,37,0,30,6,2014,2,13,11,1,11,1,I-80 Z H CONFAIR MEMORIAL HWY,,2356,41.027425,-76.42841389,0,12,1,0,1,1,1,1,1,1,0,1,0,0000000,99,99,99,99,99,99,14,0,0,1,0
42,420693,1,1,0,0,0,1,1,91,0,2,8,2014,7,0,36,0,6,5,MOYER RD,,0,40.29096944,-75.61800556,0,53,0,0,1,1,0,4,2,1,0,1,0,0000000,0,38,0,47,1,2,0,0,0,1,1
42,420694,1,1,0,0,0,1,1,45,0,1,8,2014,6,9,30,0,15,3,SR-4016 DILWORTHTOWN RD,,7,39.905575,-75.55584722,0,42,0,0,1,1,0,4,1,1,0,1,0,0000000,99,99,99,99,88,88,0,0,0,1,0
42,420695,2,2,0,0,0,3,3,51,0,29,8,2014,6,17,37,0,4,3,SR-281 BRUCETON RD,,11,39.74721944,-79.446525,0,12,8,0,1,1,0,1,1,1,0,1,0,0000000,99,99,99,99,99,99,0,0,0,1,0
42,420696,1,1,0,1,1,1,1,45,1270,10,8,2014,1,0,42,0,16,3,SR-3005 FLOWER ST,,1,39.838175,-75.38106944,0,8,0,0,1,1,0,1,3,1,0,1,0,0000000,99,99,99,99,99,99,0,0,0,1,0
42,420697,2,2,0,0,0,2,2,49,2640,27,8,2014,4,17,34,1,13,3,SR-5 TWELFTH ST,CHERRY ST,242,42.11856944,-80.09455278,0,1,0,0,3,2,0,1,1,1,0,1,0,0000000,99,99,99,99,88,88,14,0,0,1,0
42,420698,2,2,0,0,0,4,4,107,0,7,8,2014,5,11,55,0,4,3,SR-4002 VALLEY RD,SR -1006 MT LAFFEE RD,55,40.71088056,-76.24877222,0,12,6,0,2,3,0,1,1,1,0,1,0,0000000,99,99,99,99,99,99,0,0,0,1,0
42,420699,1,1,0,0,0,1,1,29,0,17,8,2014,1,2,47,0,14,3,SR-2022 KING RD,,34,40.02824722,-75.5568,0,42,0,0,1,1,0,4,2,1,0,1,0,0000000,2,47,2,52,88,88,0,0,0,1,1
42,420700,1,1,0,1,1,1,1,77,0,13,8,2014,4,15,35,0,5,3,SR-4024 MOUNTAIN RD,,79,40.75221944,-75.66935833,0,8,0,0,1,1,0,1,1,1,0,1,0,0000000,99,99,99,99,99,99,0,0,0,1,0
42,420701,2,2,0,0,0,2,2,101,6540,28,8,2014,5,12,4,0,14,3,SR-2007 FRANKFORD RD,ELKHART ST,22,39.99111111,-75.11427778,0,12,2,0,2,3,0,1,1,1,0,1,0,0000000,12,7,12,12,13,4,0,0,0,1,0
42,420702,2,2,0,0,0,3,3,69,6230,30,8,2014,7,20,44,0,14,3,SR-3011 KEYSER AVE,,17,41.38273611,-75.74296389,0,12,2,0,1,1,0,1,6,1,0,1,0,0000000,20,46,20,50,21,22,0,0,0,1,1
42,420703,1,1,0,0,0,1,1,3,0,19,8,2014,3,12,18,0,14,3,SR-3077 BRODHEAD RD,,96,40.54743056,-80.24254722,0,30,0,0,1,1,0,4,1,1,0,1,0,0000000,12,21,12,27,12,55,0,0,0,1,1
42,420704,2,2,0,1,1,2,2,101,6540,1,8,2014,6,3,8,0,14,3,SR-1013 ACADEMY RD,,24,40.07677222,-75.00028889,0,12,7,0,1,1,0,1,3,1,0,1,0,0000000,3,43,99,97,99,97,0,0,0,1,1
42,420705,1,1,0,0,0,1,1,63,0,24,8,2014,1,2,15,0,4,3,SR-403 DILLTOWN VINTONDALE RD,,118,40.53055278,-78.93518056,0,42,0,0,1,1,0,5,2,1,0,1,0,0000000,99,99,99,99,88,88,0,0,0,1,1
42,420706,1,1,0,0,0,1,1,85,0,30,8,2014,7,1,30,0,4,3,SR-965 JACKSON CTR POLK RD,,19,41.28589167,-80.09055833,0,42,0,0,1,1,0,4,2,1,0,1,0,0000000,1,34,1,46,88,88,0,0,0,1,1
42,420707,1,1,0,0,0,1,1,41,0,16,8,2014,7,1,13,0,6,5,KUHN RD,,0,40.12615278,-77.08001944,0,59,0,0,1,1,0,4,2,1,0,1,0,0000000,1,12,1,25,1,55,0,0,0,1,1
42,420708,2,2,0,0,0,2,2,51,0,4,9,2014,5,18,15,1,2,2,US-40 NATIONAL PIKE,FAYETTE SPRINGS RD,222,39.84422222,-79.61780833,0,12,6,0,2,3,0,1,1,1,0,1,0,0000000,99,99,99,99,99,99,0,0,0,1,1
42,420709,2,2,0,0,0,3,3,77,0,24,9,2014,4,18,55,1,2,3,SR-145 MACARTHUR RD,SR-1027 SECOND ST,109,40.70608333,-75.52056667,0,12,6,0,2,3,0,1,1,1,0,1,0,0000000,99,99,99,99,99,99,0,0,0,1,0
42,420710,2,2,0,0,0,2,2,81,0,18,9,2014,5,15,15,0,14,3,SR-405,GRIFFITH RD,65,41.21253611,-76.766175,0,12,6,0,2,3,0,1,1,1,0,1,0,0000000,15,18,15,25,15,57,0,0,0,1,0
42,420711,2,2,0,0,0,4,4,71,0,14,9,2014,1,18,24,0,4,3,SR-896 GEORGETOWN RD,SR-2035 BELMONT RD,78,39.96143333,-76.10274444,0,12,6,0,2,2,0,1,1,1,0,1,0,0000000,99,99,99,99,99,99,0,0,0,1,1
42,420712,2,2,0,0,0,2,2,13,0,9,9,2014,3,8,44,0,6,6,LOWER PINEY CREEK RD,,0,40.45402222,-78.24347778,0,12,2,0,1,1,0,1,1,1,0,1,0,0000000,99,99,99,99,99,99,4,22,0,1,0
42,420713,2,2,0,0,0,3,3,103,0,7,9,2014,1,14,55,0,3,3,SR-402,,1,41.14238333,-75.08254722,0,12,2,0,1,1,0,1,1,1,0,1,0,0000000,99,99,99,99,99,99,0,0,0,1,1
42,420714,2,2,0,0,0,2,2,123,0,14,9,2014,1,15,10,0,3,3,SR-27,,257,41.91973333,-79.33345,0,12,2,0,1,1,0,1,1,1,0,1,0,0000000,99,99,99,99,99,99,0,0,0,1,0
42,420715,2,2,0,0,0,2,2,37,0,14,9,2014,1,8,2,0,6,3,SR-1012 SHICKSHINNEY VALLEY RD,,81,41.11863333,-76.23711667,0,12,2,0,1,1,0,1,1,1,0,1,0,0000000,99,99,99,99,99,99,0,0,0,1,0
42,420716,2,2,0,0,0,3,3,49,0,24,9,2014,4,16,32,1,2,2,US-6A CROSSINGVILLE RD,,155,41.87983056,-80.20485833,0,12,6,0,8,1,0,1,1,1,0,1,0,0000000,16,20,16,35,99,99,14,0,0,1,0
42,420717,2,2,0,0,0,5,5,71,0,19,9,2014,6,8,25,0,4,3,SR-340 PLD PHILADELPHIA PIKE,CHURCHTOWN RD,170,40.02714722,-75.95408056,0,12,6,0,2,3,0,1,1,1,0,1,0,0000000,8,26,8,39,99,99,0,0,0,3,0
42,420718,1,1,0,0,0,1,1,125,0,8,9,2014,2,16,10,1,2,2,US-40 NATIONAL PIKE,,281,40.07774167,-80.04672222,0,34,0,0,1,1,0,5,1,1,0,1,0,0000000,16,12,16,20,17,21,0,0,0,1,0
42,420719,1,1,0,1,1,1,1,129,0,15,9,2014,2,1,40,0,5,3,SR-3016 LOWBER RD,,41,40.25890833,-79.73218611,0,8,0,0,1,1,0,1,2,1,0,1,0,0000000,99,99,99,99,88,88,0,0,0,1,0
42,420720,1,1,0,1,1,1,1,9,0,8,9,2014,2,12,13,0,3,2,US-30 LINCOLN HWY,,183,40.01645833,-78.467125,0,8,0,0,1,1,0,1,1,1,0,1,0,0000000,12,17,12,19,12,28,0,0,0,1,0
42,420721,4,2,2,0,0,2,2,103,0,11,9,2014,5,15,36,1,1,1,I-84 FALLEN TROOPER MEM HWY,,415,41.34479722,-74.92468889,0,12,7,0,1,1,1,1,1,1,0,1,0,0000000,15,49,16,10,88,88,14,0,0,1,0
42,420722,2,2,0,0,0,3,3,67,0,26,9,2014,6,15,12,0,4,3,SR-35 JUNIATA TRWY,,176,40.51588611,-77.50980278,0,12,6,0,8,1,0,1,1,1,0,1,0,0000000,15,25,99,99,88,88,0,0,0,1,1
42,420723,3,3,0,0,0,3,3,95,0,19,8,2014,3,17,0,0,14,3,SR-191 NAZARETH PIKE,W HECKTOWN RD,11,40.69342222,-75.33462778,0,12,6,0,2,2,0,1,1,1,0,1,0,0000000,99,99,99,99,99,99,0,0,0,1,0
42,420724,1,1,0,0,0,1,1,81,4608,13,9,2014,7,16,29,0,14,3,SR-2014 THIRD ST,SR-2016 WASHINGTON ST,67,41.25118611,-76.97396111,0,43,0,0,3,4,0,10,1,1,0,1,0,0000000,16,28,16,29,99,99,0,0,0,1,1
42,420725,1,1,0,0,0,1,1,29,0,13,9,2014,7,3,30,0,3,3,SR-10 CONESTOGA AVE,,238,40.08655556,-75.91511389,0,7,0,0,1,1,0,5,2,1,0,1,0,0000000,6,47,99,97,99,97,0,0,0,1,1
42,420726,1,1,0,0,0,1,1,87,0,15,9,2014,2,19,26,0,4,3,SR-103,,194,40.52191111,-77.64974444,0,1,0,0,1,1,1,1,5,1,0,1,0,0000000,19,28,19,39,20,32,0,0,0,1,0
42,420727,1,1,0,0,0,1,1,1,0,21,9,2014,1,3,0,0,3,3,SR-16 WAYNESBORO PIKE,,27,39.74201944,-77.41111944,0,35,0,0,1,1,0,4,2,1,0,1,0,0000000,88,88,88,88,88,88,0,0,0,1,0
42,420728,1,1,0,0,0,1,1,29,0,4,9,2014,5,18,0,1,12,3,SR-100 POTTSTOWN PIKE,,1,39.99079722,-75.58957778,0,7,0,0,1,1,0,2,1,1,0,1,0,0000000,18,1,18,7,18,31,0,0,0,1,0
42,420729,2,2,0,0,0,2,2,39,0,8,9,2014,2,11,24,1,13,2,US-6 GRAND ARMY OF THE REP HWY,HOLLIS RD,189,41.61829444,-80.2231,0,12,6,0,2,2,0,1,1,1,0,1,0,0000000,99,99,99,99,88,88,0,0,0,1,0
42,420730,1,1,0,0,0,1,1,29,0,13,9,2014,7,13,25,0,15,3,SR-372 LOWER VALLEY RD,,34,39.95249167,-75.93265556,0,38,0,0,1,1,0,4,1,2,0,2,0,0000000,13,30,13,38,14,35,0,0,0,1,0
42,420731,1,1,0,0,0,1,1,125,0,19,9,2014,6,18,3,1,2,2,US-22 WILLIAM PENN HWY,,107,40.42245278,-80.33346944,0,35,0,0,1,1,0,4,1,1,0,1,0,0000000,18,3,18,19,19,4,0,0,0,1,1
42,420732,2,2,0,0,0,4,4,17,0,20,9,2014,7,18,56,1,13,3,SR-2020 NEW TYBURN RD,SR-2018 TRENTON RD,1,40.19000278,-74.82343889,0,12,6,0,2,2,0,1,1,1,0,1,0,0000000,18,55,18,57,19,20,0,0,0,1,0
42,420733,2,2,0,0,0,6,6,85,0,8,9,2014,2,18,59,1,2,3,SR-18 HERMITAGE RD,SR-4003 GOOD HOPE RD,205,41.370425,-80.40329167,0,12,6,0,2,2,0,1,1,1,0,1,0,0000000,19,1,19,9,19,32,0,0,0,1,0
42,420734,1,1,0,0,0,2,2,129,5390,8,9,2014,2,16,0,0,14,3,SR-906 ELEVENTH ST,,29,40.16179722,-79.894975,0,33,0,0,1,1,0,4,1,1,0,1,0,0000000,99,99,99,99,99,99,0,0,0,1,0
42,420735,2,2,0,0,0,3,3,71,0,28,9,2014,1,8,35,0,6,5,WHITE OAK RD,HAMAKER RD,0,40.17669722,-76.38888611,0,12,6,0,2,2,0,1,1,1,0,1,0,0000000,8,35,8,52,9,33,0,0,0,1,0
42,420736,2,2,0,0,0,2,2,91,0,6,9,2014,7,12,36,0,14,3,SR-3014 JOSHUA RD,,44,40.12558611,-75.22869722,0,12,6,0,8,1,0,1,1,1,0,1,0,0000000,12,36,12,45,99,99,0,0,0,1,0
42,420737,2,2,0,0,0,2,2,95,0,30,9,2014,3,6,13,0,4,3,SR-946 COMMUNITY DR,ENGLISH RD,101,40.77989444,-75.41268333,0,12,11,0,2,3,0,1,4,5,0,5,0,0000000,99,99,99,99,88,88,0,0,0,1,0
42,420738,2,2,0,0,0,2,2,73,0,8,9,2014,2,8,30,0,4,3,SR-388 STATE RD,SR-1010 EASTBROOK HARLANSBU RD,80,41.04503056,-80.26761667,0,12,6,0,2,2,0,1,1,1,0,1,0,0000000,99,99,99,99,99,99,0,0,0,1,0