STATE,ST_CASE,VE_TOTAL,VE_FORMS,PVH_INVL,PEDS,PERNOTMVIT,PERMVIT,PERSONS,COUNTY,CITY,DAY,MONTH,YEAR,DAY_WEEK,HOUR,MINUTE,NHS,ROAD_FNC,ROUTE,TWAY_ID,TWAY_ID2,MILEPT,LATITUDE,LONGITUD,SP_JUR,HARM_EV,MAN_COLL,RELJCT1,RELJCT2,TYP_INT,WRK_ZONE,REL_ROAD,LGT_COND,WEATHER1,WEATHER2,WEATHER,SCH_BUS,RAIL,NOT_HOUR,NOT_MIN,ARR_HOUR,ARR_MIN,HOSP_HR,HOSP_MN,CF1,CF2,CF3,FATALS,DRUNK_DR
42,420954,1,1,0,0,0,1,1,89,0,28,10,2014,3,16,44,0,5,3,SR-3021 NEOLA RD,,7,40.93808333,-75.32663611,0,30,0,0,1,1,0,4,1,1,0,1,0,0000000,99,99,99,99,88,88,0,0,0,1,0
42,420955,1,1,0,0,0,1,1,99,0,3,10,2014,6,5,10,0,6,4,CR-CLOUSER HOLLOW RD,,0,40.40009444,-77.201625,0,30,0,0,1,1,0,4,2,1,0,1,0,0000000,5,9,5,35,5,46,0,0,0,1,0
42,420956,3,3,0,0,0,4,4,55,0,4,11,2014,3,9,36,1,13,2,US-30 LINCOLN WAY,,99998,39.93515278,-77.68886667,0,12,1,0,1,1,0,1,1,1,0,1,0,0000000,9,36,9,43,10,7,0,0,0,1,0
42,420957,1,1,0,0,0,1,1,79,0,6,10,2014,2,16,18,0,6,3,SR-4007 MCKENDREE RD,,16,41.18959722,-76.17223333,0,11,0,0,1,1,0,1,1,1,0,1,0,0000000,99,99,99,99,99,96,0,0,0,1,0
42,420958,2,2,0,0,0,2,2,95,0,3,11,2014,2,12,39,1,13,3,SR-248 LEHIGH DR,,99998,40.75699722,-75.54401667,0,12,8,0,1,1,0,2,1,1,0,1,0,0000000,99,99,99,99,99,99,0,0,0,1,0
42,420959,2,2,0,0,0,2,2,101,6540,12,11,2014,4,3,58,1,13,3,SR-73 COTTMAN AVE,ALGON AVE,99998,40.05531667,-75.07334722,0,12,2,0,2,2,0,1,3,1,0,1,0,0000000,3,57,3,59,4,43,0,0,0,1,1
42,420960,2,2,0,0,0,2,2,77,0,18,10,2014,7,3,7,0,15,3,SR-2021 BUCKEYE RD,,34,40.51821111,-75.5268,0,12,6,0,8,1,0,1,3,1,0,1,0,0000000,99,99,99,99,88,88,0,0,0,1,1
42,420961,2,2,0,0,0,4,4,19,9235,6,10,2014,2,14,20,0,4,3,SR-138 MAIN ST,,52,41.00836944,-79.89616389,0,12,6,0,8,1,0,1,1,1,0,1,0,0000000,99,99,99,99,99,99,0,0,0,1,0
42,420962,1,1,0,0,0,1,1,129,0,15,10,2014,4,20,30,0,6,5,FREEMAN FALLS RD,,0,40.14155556,-79.42635556,0,30,0,0,1,1,0,4,2,5,0,5,0,0000000,99,99,99,99,88,88,0,0,0,1,1
42,420963,1,1,0,0,0,1,1,9,0,3,10,2014,6,15,12,1,1,1,I-99 BUD SHUSTER HWY,,120,40.21859722,-78.47239444,0,31,0,0,1,1,0,4,1,1,0,1,0,0000000,15,9,15,29,88,88,0,0,0,1,0
42,420964,2,2,0,0,0,3,3,101,6540,25,10,2014,7,4,40,1,13,2,US-1 ROOSEVELT BLVD,SR-232 OXFORD CIR,35,40.03130278,-75.08500833,0,12,6,0,2,7,0,1,3,1,0,1,0,0000000,99,99,99,99,99,99,0,0,0,1,0
42,420965,3,3,0,0,0,6,6,89,0,13,10,2014,2,9,43,1,13,2,US-209 HAMILTON WEST RD,SHAFERS SCHOOL HOUSE RD,175,40.97324167,-75.24464167,0,12,1,0,3,2,0,1,1,1,0,1,0,0000000,99,99,99,99,99,99,0,0,0,2,0
42,420966,2,2,0,0,0,2,2,79,0,11,10,2014,7,3,43,1,1,1,I-81 AMERICAN LEGION MEM HWY,,226,41.18137222,-75.93053889,0,12,2,0,1,1,0,1,2,2,0,2,0,0000000,3,44,4,1,88,88,0,0,0,1,1
42,420967,2,2,0,0,0,4,4,107,0,31,10,2014,6,17,38,1,2,3,SR-309 HAZELTON AVE,,162,40.85641111,-76.00038889,0,12,6,0,4,1,0,1,1,1,0,1,0,0000000,99,99,99,99,99,99,0,0,0,1,0
42,420968,3,3,0,0,0,3,3,17,0,13,10,2014,2,14,9,0,13,3,SR-0309,WEST PUMPING STATION,141,40.4591,-75.36779167,0,12,6,0,2,2,0,1,1,1,0,1,0,0000000,14,9,14,15,14,28,0,0,0,1,0
42,420969,5,2,3,2,3,2,3,29,0,1,6,2014,1,8,11,1,11,1,I-76 EAST/WEST TPKE,,3143,40.06126111,-75.62530278,0,12,7,0,1,1,2,1,1,1,0,1,0,0000000,8,11,8,25,8,59,3,14,15,1,0
42,420970,1,1,0,0,0,1,1,21,3010,24,10,2014,6,8,44,0,14,3,SR-3029 BRIDGE ST,HILL DR,35,40.3411,-78.88541111,0,1,0,0,3,3,0,1,1,1,0,1,0,0000000,8,45,8,45,9,13,0,0,0,1,0
42,420971,2,2,0,0,0,2,2,77,0,22,12,2014,2,13,3,0,4,3,SR-143 KINGS HWY,BEHLER RD,33,40.67560833,-75.80518056,0,12,6,0,2,2,0,1,1,1,0,1,0,0000000,99,99,99,99,99,99,0,0,0,1,0
42,420972,1,1,0,0,0,1,1,71,5860,5,10,2014,1,6,56,0,14,3,SR-23 MAIN ST,,245,40.10411389,-76.08065556,0,33,0,0,1,1,0,4,1,1,0,1,0,0000000,6,59,7,1,88,88,0,0,0,1,0
42,420973,1,1,0,1,1,1,1,107,6790,4,10,2014,7,19,54,1,13,3,SR-61 CLAUDE LORD BLVD,ARCH ST,157,40.68718333,-76.19446667,0,8,0,0,3,7,0,1,3,1,0,1,0,0000000,99,99,99,99,99,99,0,0,0,1,0
42,420974,1,1,0,1,1,1,1,71,0,31,10,2014,6,9,0,0,6,3,SR-1019 SHIRKTOWN RD,,90,40.12368611,-75.93278333,0,9,0,0,1,1,0,1,1,1,0,1,0,0000000,9,0,9,15,88,88,0,0,0,1,0
42,420975,1,1,0,1,1,1,1,71,2225,7,10,2014,3,17,4,0,6,6,RANCK RD,,0,40.09691667,-76.05675,0,8,0,0,1,1,0,1,1,1,0,1,0,0000000,17,7,17,12,88,88,0,0,0,1,0
42,420976,1,1,0,0,0,1,1,71,0,12,10,2014,1,3,28,1,2,3,SR-72 LEBANON RD,,140,40.20291389,-76.42021944,0,53,0,0,1,1,0,4,2,1,0,1,0,0000000,3,32,3,38,88,88,0,0,0,1,1
42,420977,1,1,0,0,0,1,1,125,0,5,10,2014,1,11,58,0,6,6,GRANDVIEW AVE,SYLVAN DR,0,40.15473611,-80.27182222,0,43,0,0,3,2,0,5,1,1,0,1,0,0000000,99,99,99,99,99,99,0,0,0,1,0
42,420978,1,1,0,0,0,1,1,17,615,13,10,2014,2,15,43,1,11,1,I-95 DELAWARE EX,,17,40.07148333,-74.95726944,0,24,0,0,1,1,0,3,1,2,0,2,0,0000000,15,42,15,47,16,3,0,0,0,1,0
42,420979,1,1,0,0,0,1,1,49,2640,13,10,2014,2,2,38,0,16,6,CASCADE ST,,0,42.11463889,-80.10119444,0,10,0,0,6,1,0,1,2,1,0,1,0,524002m,2,38,2,49,3,11,0,0,0,1,0
42,420980,1,1,0,0,0,1,1,79,0,19,10,2014,1,22,43,0,14,3,SR-2020 JUMPER RD,,26,41.26277222,-75.81628611,0,5,0,0,1,1,0,1,2,1,0,1,0,0000000,22,44,22,51,23,1,0,0,0,1,1
42,420981,2,2,0,0,0,3,3,59,0,29,12,2014,2,22,53,1,2,3,SR-21 ROY E FURMAN HWY,,243,39.88971111,-80.04485278,0,12,2,0,1,1,0,1,2,1,0,1,0,0000000,99,99,99,99,99,99,0,0,0,2,1
42,420982,1,1,0,0,0,1,1,77,0,31,10,2014,6,16,20,0,14,3,SR-1015 FULLERTON AVE,,11,40.63008611,-75.47010556,0,33,0,1,19,1,0,4,1,1,0,1,0,0000000,99,99,99,99,99,99,0,0,0,1,0
42,420983,1,1,0,1,1,1,1,17,0,21,10,2014,3,6,38,1,14,3,SR-2033 WOODBOURNE RD,,54,40.19121389,-74.89045556,0,8,0,0,6,1,0,1,2,1,0,1,0,589964g,6,39,6,43,7,8,0,0,0,1,0
42,420984,1,1,0,0,0,1,1,41,0,22,10,2014,4,19,8,0,6,3,SR-3007 BIG SPRING RD,,49,40.15786111,-77.40674167,0,1,0,0,1,1,0,4,2,1,0,1,0,0000000,19,7,19,11,88,88,0,0,0,1,0
42,420985,2,2,0,0,0,4,4,107,0,1,10,2014,4,15,19,1,2,3,SR-309 CLAREMONT AVE,,147,40.83585833,-75.99218056,0,12,6,0,8,1,0,1,1,1,0,1,0,0000000,99,99,99,99,99,99,0,0,0,1,0
42,420986,2,2,0,0,0,4,4,71,0,5,10,2014,1,18,20,0,5,3,SR-4008 ELIZABETHTOWN RD,COLEBROOK RD,139,40.18268611,-76.46393889,0,12,6,0,2,2,0,1,5,1,0,1,0,0000000,18,24,18,33,19,26,0,0,0,1,0
42,420987,2,2,0,0,0,3,3,5,0,8,10,2014,4,10,55,0,3,3,SR-0268 EAST BRADY RD,,85,40.90091111,-79.59028333,0,12,1,0,8,1,0,1,1,1,0,1,0,0000000,10,53,10,58,11,25,0,0,0,1,0
42,420988,2,1,1,0,0,1,1,101,6540,12,10,2014,1,23,54,0,15,3,SR-1011 WILLITS RD,,13,40.06606389,-75.02613611,0,14,0,0,1,1,0,7,3,1,0,1,0,0000000,23,53,23,59,88,88,0,0,0,1,1
42,420989,2,2,0,0,0,2,2,3,9997,13,10,2014,2,16,55,1,13,3,SR-65 OHIO RIVER BLVD,,93,40.52405556,-80.15243333,0,12,2,0,1,1,0,1,1,1,0,1,0,0000000,17,5,17,13,88,88,0,0,0,1,0
42,420990,2,2,0,0,0,3,3,79,0,15,10,2014,4,15,4,0,3,3,SR-309 TUNKHANNOCK HWY,,383,41.38982778,-75.98295278,0,12,2,0,1,1,0,1,1,2,0,2,0,0000000,15,7,15,10,15,59,0,0,0,2,0
42,420991,2,2,0,0,0,2,2,91,0,16,10,2014,5,6,0,0,14,3,SR-2001 MORRIS RD,,45,40.17738056,-75.27363889,0,12,6,0,1,1,0,1,3,2,0,2,0,0000000,6,1,6,8,6,44,0,0,0,1,0
42,420992,2,2,0,0,0,2,2,101,6540,16,10,2014,5,5,13,1,11,1,I-76 SCHUYLKILL EXPY,,3422,39.98165,-75.20727222,0,12,7,0,1,1,0,1,3,2,0,2,0,0000000,5,15,5,21,88,88,0,0,0,1,0
42,420993,3,3,0,0,0,3,3,133,0,16,10,2014,5,10,30,0,3,3,SR-851 BRIDGEVIEW RD,,142,39.75846944,-76.61605,0,12,8,0,1,1,0,1,1,1,0,1,0,0000000,99,99,99,99,99,99,14,0,0,1,0
42,420994,2,2,0,0,0,2,2,101,6540,16,10,2014,5,17,55,1,13,3,SR-611 BROAD ST,BIGLER ST,11,39.91426667,-75.17188056,0,12,6,0,2,2,0,1,1,1,0,1,0,0000000,17,55,18,4,18,30,0,0,0,1,0
42,420995,2,2,0,0,0,4,4,41,0,17,10,2014,6,13,38,0,3,3,SR-233 CENTERVILLE RD,,145,40.15861667,-77.38487222,0,12,6,0,8,1,0,1,1,1,0,1,0,0000000,13,35,13,39,14,14,0,0,0,1,0
42,420996,2,2,0,0,0,3,3,55,0,20,10,2014,2,18,14,0,4,2,US-11 MOLLY PITCHER HWY,,113,39.87382778,-77.687275,0,12,2,0,1,1,0,1,2,1,0,1,0,0000000,18,6,18,18,18,28,0,0,0,1,0
42,420997,3,3,0,0,0,3,3,3,0,20,10,2014,2,11,21,0,14,3,SR-1001 FREEPORT RD,ROSS ST,194,40.62789167,-79.71926111,0,12,6,0,2,2,0,1,1,1,0,1,0,0000000,99,99,99,99,88,88,0,0,0,1,0
42,420998,2,2,0,0,0,2,2,77,0,21,10,2014,3,3,16,1,11,1,I-78,,622,40.569025,-75.4056,0,12,1,0,1,1,0,1,2,1,0,1,0,0000000,99,99,99,99,88,88,0,0,0,1,1
42,420999,2,2,0,0,0,2,2,77,0,21,10,2014,3,18,22,0,4,3,SR-143 KINGS HWY,,35,40.67652778,-75.80245,0,12,2,0,1,1,0,1,5,1,0,1,0,0000000,99,99,99,99,88,88,0,0,0,2,0
42,421000,2,2,0,0,0,2,2,3,5413,21,10,2014,3,11,45,1,11,1,I-76 EAST/WEST TPKE,,583,40.41534444,-79.73027778,0,12,1,0,1,1,0,1,1,2,0,2,0,0000000,11,47,11,56,88,88,19,0,0,1,0
42,421001,2,2,0,0,0,2,2,29,0,21,10,2014,3,6,55,0,3,3,SR-10 COMPASS RD,,198,40.03495,-75.93085833,0,12,8,0,1,1,0,1,4,1,0,1,0,0000000,6,56,7,7,7,56,0,0,0,1,0
42,421002,2,2,0,0,0,3,3,101,6540,22,10,2014,4,8,59,0,16,6,MARTIN LUTHER KING JR DR,,0,39.97523889,-75.19423056,0,12,2,0,1,1,0,1,1,2,0,2,0,0000000,8,59,9,15,9,35,0,0,0,1,0
42,421003,2,2,0,0,0,6,6,91,0,23,10,2014,5,0,30,1,11,1,I-276 EAST/WEST TPKE,,3347,40.11607778,-75.26219167,0,24,0,0,1,1,0,4,2,2,0,2,0,0000000,0,31,0,45,1,17,0,0,0,1,0
42,421004,2,2,0,0,0,2,2,75,0,24,10,2014,6,10,34,0,6,5,MAIN AVE,RAMONA RD,0,40.36855833,-76.334075,0,12,6,0,2,2,0,1,1,1,0,1,0,0000000,10,36,10,45,11,24,0,0,0,1,0
42,421005,2,2,0,0,0,2,2,47,0,28,10,2014,3,10,20,0,3,3,SR-255 MILLION DOLLAR HWY,,123,41.38780278,-78.55930556,0,12,2,0,1,1,0,1,1,1,0,1,0,0000000,99,99,99,99,99,99,0,0,0,1,0
42,421006,3,3,0,0,0,3,3,17,0,30,10,2014,5,23,49,1,12,2,US-13 BRISTOL PIKE,,136,40.18296111,-74.80709167,0,12,2,0,1,1,0,1,2,1,0,1,0,0000000,23,51,23,58,0,54,0,0,0,1,2
42,421007,3,3,0,0,0,3,3,91,0,31,10,2014,6,17,11,0,6,5,CONSHOHOCKEN STATE RD,,0,40.03391944,-75.27345278,0,12,2,0,1,1,0,1,5,1,0,1,0,0000000,17,11,17,17,17,45,0,0,0,1,0
42,421008,2,2,0,0,0,2,2,43,0,1,11,2014,7,13,8,1,11,1,I-83 VFW OF US MEM HWY,,472,40.26736667,-76.814825,0,12,6,0,1,1,0,1,1,1,0,1,0,0000000,99,99,99,99,88,88,0,0,0,1,0
42,421009,1,1,0,2,2,1,1,101,6540,1,11,2014,7,5,40,1,13,2,US-1 ROOSEVELT BLVD,,127,40.05018056,-75.05096944,0,8,0,0,1,1,0,1,3,2,0,2,0,0000000,5,51,5,58,6,35,0,0,0,2,0
42,421010,1,1,0,0,0,2,2,101,6540,1,11,2014,7,1,55,0,16,6,LOGAN ST,,0,40.03046944,-75.158575,0,30,0,0,1,1,0,4,3,2,0,2,0,0000000,1,57,2,2,2,20,0,0,0,1,1
42,421011,2,2,0,0,0,3,3,69,0,7,11,2014,6,17,6,0,4,3,SR-435 DRINKER TPKE,,7,41.24630278,-75.50215833,0,12,1,0,1,1,0,1,2,2,0,2,0,0000000,99,99,99,99,99,99,0,0,0,2,0
42,421012,1,1,0,0,0,1,1,39,0,7,11,2014,6,22,48,0,6,5,WAYLAND RD,,0,41.62371111,-80.06685278,0,42,0,0,1,1,0,4,2,1,0,1,0,0000000,22,45,22,54,88,88,0,0,0,1,1
42,421013,2,2,0,0,0,2,2,111,780,8,11,2014,7,18,0,0,4,3,SR-4025 MAIN ST,HOWER AVE,47,40.16057778,-79.02876389,0,12,6,0,2,2,0,1,3,1,0,1,0,0000000,99,99,99,99,99,99,22,0,0,1,2
42,421014,2,2,0,0,0,3,3,111,0,10,11,2014,2,5,41,1,13,3,SR-281 STOYSTOWN RD,,255,40.025275,-79.05238889,0,12,6,0,8,1,0,1,2,1,0,1,0,0000000,99,99,99,99,88,88,0,0,0,1,0
42,421015,2,2,0,0,0,2,2,41,0,11,11,2014,3,12,27,0,5,3,SR-174 WALNUT BOTTOM RD,,28,40.06655,-77.45845278,0,12,2,0,1,1,0,1,1,1,0,1,0,0000000,99,99,99,99,99,99,0,0,0,1,0
42,421016,1,1,0,1,1,1,1,101,6540,12,11,2014,4,18,11,0,16,6,SPRAGUE ST,GOWEN AVE,0,40.06505,-75.19039167,0,8,0,0,2,2,0,1,3,1,0,1,0,0000000,18,5,18,13,18,36,0,0,0,1,0
42,421017,1,1,0,0,0,1,1,95,0,12,11,2014,4,13,2,1,12,3,SR-8001 RAMP B RD,,1,40.68289722,-75.29367778,0,1,0,1,5,1,0,1,1,1,0,1,0,0000000,99,99,99,99,88,88,0,0,0,1,0
42,421018,2,2,0,0,0,4,4,117,0,14,11,2014,6,20,0,0,3,3,SR-287,,109,41.68375833,-77.29888056,0,12,6,0,1,1,0,1,5,4,0,4,0,0000000,20,4,99,99,20,28,0,0,0,1,0
42,421019,1,1,0,1,1,1,1,101,6540,15,11,2014,7,14,52,0,14,3,SR-2016 ALLEGHENY AVE,,48,39.98864167,-75.10650556,0,8,0,0,1,1,0,1,1,1,0,1,0,0000000,14,51,14,56,15,16,0,0,0,1,0
42,421020,1,1,0,0,0,1,1,101,6540,16,11,2014,1,2,30,1,13,3,SR-2001 CHRISTOPHER COLUM BLVD,,19,39.91390278,-75.13793056,0,30,0,0,1,1,0,4,3,1,0,1,0,0000000,2,30,2,32,88,88,0,0,0,1,1
42,421021,2,2,0,0,0,2,2,57,0,17,11,2014,2,13,0,1,2,2,US-30 LINCOLN HWY,,33,40.01416389,-78.14490833,0,12,2,0,1,1,0,1,7,2,5,2,0,0000000,12,59,13,23,14,7,0,0,0,2,0
42,421022,9,9,0,0,0,14,14,11,4777,19,11,2014,4,6,26,1,13,2,US-222 ALLENTOWN PIKE,,192,40.44955278,-75.89596944,0,12,1,0,1,1,0,1,3,1,0,1,0,0000000,99,99,99,99,99,99,0,0,0,2,0
42,421023,2,2,0,0,0,2,2,39,0,19,11,2014,4,17,25,0,3,3,SR-18,,133,41.71905833,-80.33473611,0,35,0,0,1,1,0,4,5,4,0,4,0,0000000,17,25,17,41,18,27,0,0,0,1,0
42,421024,2,2,0,0,0,3,3,55,3343,20,11,2014,5,17,10,1,14,3,SR-997 BLACK GAP RD,,211,39.97964167,-77.59718333,0,12,2,0,1,1,0,1,2,1,0,1,0,0000000,17,15,17,23,99,99,0,0,0,1,0
42,421025,2,2,0,3,3,2,2,45,1270,24,11,2014,2,3,0,1,11,1,I-95 VIETNAM VETERANS MEMO HWY,,60,39.86116389,-75.35194167,0,12,7,0,1,1,0,1,3,2,0,2,0,0000000,99,99,99,99,99,99,19,0,0,1,0
42,421026,1,1,0,0,0,1,1,27,0,24,11,2014,2,15,1,0,3,3,SR-350 SANDY RIDGE MOUNTAIN RD,,3,40.74427222,-78.19978056,0,35,0,0,1,1,0,4,1,1,0,1,0,0000000,16,2,16,22,88,88,0,0,0,1,0
42,421027,2,2,0,0,0,2,2,111,0,25,11,2014,3,10,49,0,4,3,SR-1001 STUTZMANTOWN RD,SR-1003 COLEMAN STATION RD,39,40.01309722,-78.95338611,0,12,6,0,2,2,0,1,1,1,0,1,0,0000000,10,50,10,58,11,14,0,0,0,1,0
42,421028,1,1,0,1,1,1,1,79,3570,25,11,2014,3,10,50,1,13,3,SR-309 CHURCH ST,CHAPEL ST,29,40.95183611,-75.97847222,0,8,0,0,3,2,0,1,1,1,0,1,0,0000000,99,99,99,99,99,99,0,0,0,1,0
42,421029,2,2,0,0,0,3,3,21,0,25,11,2014,3,16,6,0,6,4,CR-MINE RD,,0,40.69451111,-78.81921111,0,12,2,0,1,1,0,1,1,1,0,1,0,0000000,16,6,16,12,17,9,0,0,0,1,0
42,421030,1,1,0,1,1,1,1,101,6540,27,11,2014,5,3,30,0,16,6,5TH ST,64TH AVE,0,40.04895,-75.12776944,0,8,0,0,2,3,0,1,3,1,0,1,0,0000000,3,35,3,42,4,3,0,0,0,1,0
42,421031,2,2,0,0,0,2,2,49,2640,27,11,2014,5,15,15,0,16,6,10TH ST,SASSAFRAS ST,0,42.12418056,-80.086425,0,12,6,0,2,2,0,1,1,4,0,4,0,0000000,99,99,99,99,99,99,0,0,0,1,0
42,421032,2,2,0,0,0,2,2,43,0,29,11,2014,7,8,26,1,11,1,I-81 GEORGE N WADE BRG,,659,40.31234167,-76.90238056,0,25,0,0,1,1,0,3,1,4,0,4,0,0000000,99,99,99,99,99,99,19,0,0,1,0
42,421033,2,2,0,0,0,2,2,37,0,1,11,2014,7,3,3,0,4,3,SR-93,,99998,41.07755556,-76.3916,0,12,2,0,1,1,0,2,2,1,0,1,0,0000000,99,99,99,99,99,99,0,0,0,1,1
42,421034,3,3,0,0,0,4,4,27,0,22,11,2014,7,16,20,1,1,1,I-80,,99998,41.02324167,-77.56663333,0,12,1,0,1,1,0,1,1,3,0,3,0,0000000,99,99,99,99,99,99,0,0,0,2,0
42,421035,3,3,0,0,0,8,8,95,0,9,11,2014,1,13,42,1,2,3,SR-145 RIVERVIEW DR,,99998,40.72861667,-75.54579444,0,12,1,0,1,1,0,1,1,1,0,1,0,0000000,99,99,99,99,99,99,0,0,0,2,0
42,421036,4,4,0,0,0,8,8,133,0,8,11,2014,7,11,43,1,11,1,I-83 VETERANS MEMORIAL HWY,,99998,39.96638889,-76.68868889,0,12,1,1,17,1,0,1,1,1,0,1,0,0000000,99,99,99,99,99,99,28,0,0,1,1
42,421037,2,2,0,0,0,2,2,91,0,26,11,2014,4,9,56,0,6,8,GULPH RD,,0,40.09981667,-75.45889167,1,12,1,0,1,1,0,1,1,1,0,1,0,0000000,9,57,10,4,10,38,0,0,0,1,0
42,421038,2,2,0,0,0,2,2,95,0,14,11,2014,6,9,25,0,15,3,SR-3020 NEWBURG RD,,99998,40.7177,-75.36320556,0,12,1,0,8,1,0,1,1,1,0,1,0,0000000,99,99,99,99,99,99,0,0,0,1,0
42,421039,2,2,0,0,0,2,2,11,7710,16,11,2014,1,13,10,1,13,3,SR-724 SHILLINGTON RD,JAMES ST,99998,40.32356389,-76.01328333,0,12,6,0,2,3,0,1,1,1,0,1,0,0000000,99,99,99,99,99,99,0,0,0,1,0
42,421040,1,1,0,0,0,1,1,29,0,14,11,2014,6,22,50,0,3,3,SR-10 LIMESTONE RD,,99998,39.853575,-75.93323889,0,30,0,0,1,1,0,4,2,1,0,1,0,0000000,22,50,22,58,88,88,0,0,0,1,1
42,421041,1,1,0,1,1,2,2,55,7325,5,11,2014,4,20,3,1,13,2,US-30 LINCOLN WAY,,99998,39.92438611,-77.75955833,0,8,0,0,1,1,0,1,2,1,0,1,0,0000000,20,4,20,7,88,88,19,0,0,1,0
42,421042,1,1,0,0,0,2,2,55,0,9,11,2014,1,16,35,0,3,3,SR-75 PATH VALLEY RD,,99998,40.24831944,-77.70208056,0,30,0,0,1,1,0,4,5,1,0,1,0,0000000,16,35,16,53,17,9,0,0,0,1,0
42,421043,1,1,0,0,0,1,1,29,0,26,11,2014,4,13,5,1,13,2,US-30 BRANCH -  LINCOLN HWY,,99998,39.98163056,-75.90919722,0,23,0,0,1,1,0,4,1,4,0,4,0,0000000,13,8,13,22,13,56,0,0,0,1,0
42,421044,1,1,0,0,0,1,1,85,0,7,11,2014,6,23,46,0,3,3,SR-58 MERCED RD,,99998,41.37961944,-80.36404722,0,53,0,0,1,1,0,4,6,1,0,1,0,0000000,23,47,23,53,0,10,0,0,0,1,1
42,421045,1,1,0,0,0,1,1,27,0,2,11,2014,1,7,9,1,13,3,SR-26 COLLEGE AVE,,130,40.83456667,-77.79535,0,35,0,0,1,1,0,4,2,1,0,1,0,0000000,7,13,7,17,88,88,0,0,0,1,1
42,421046,1,1,0,1,1,1,1,17,615,8,11,2014,7,20,51,1,13,3,SR-132 STREET RD,BROOKWOOD DR,143,40.09278889,-74.94235278,0,8,0,0,2,3,0,1,3,1,0,1,0,0000000,20,51,20,55,88,88,0,0,0,1,0
42,421047,1,1,0,0,0,4,4,3,4710,15,11,2014,7,4,6,0,16,6,W FIFTH AVE,W D MANSFIELD BRIDGE,0,40.34443611,-79.88406111,0,25,0,0,3,3,0,3,3,1,0,1,0,0000000,4,6,4,11,5,10,0,0,0,1,1
42,421048,1,1,0,0,0,1,1,69,7460,15,11,2014,7,12,38,0,16,6,N REBECCA AVE,,0,41.42904722,-75.67298611,0,18,0,0,1,1,0,2,1,1,0,1,0,0000000,99,99,99,99,99,99,0,0,0,1,0
42,421049,1,1,0,0,0,1,1,3,6645,21,11,2014,6,7,0,1,13,3,SR-400 SALTSBURG RD,,158,40.47847778,-79.75366667,0,59,0,0,1,1,0,4,6,99,0,99,0,0000000,7,8,7,18,88,88,0,0,0,1,1
42,421050,1,1,0,0,0,1,1,43,0,20,11,2014,5,12,55,0,14,3,SR-39 LINGLESTOWN RD,,10,40.32653889,-76.88041389,0,24,0,0,1,1,0,4,1,1,0,1,0,0000000,12,55,12,59,88,88,0,0,0,1,0
42,421051,1,1,0,2,2,1,1,3,6600,19,11,2014,4,6,41,1,13,3,SR-837 EAST CARSON ST,SMITHFIELD ST BRIDGE,225,40.43202778,-80.00361667,0,8,0,0,3,3,0,4,3,1,0,1,0,0000000,6,41,6,51,7,1,0,0,0,1,0
42,421052,2,2,0,0,0,2,2,83,0,13,11,2014,5,7,4,1,3,3,SR-59,,112,41.824525,-78.7281,0,12,2,0,1,1,0,1,1,1,0,1,0,0000000,99,99,99,99,99,99,0,0,0,1,0
42,421053,2,2,0,0,0,2,2,27,0,16,11,2014,1,12,20,0,4,3,SR-150 EAGLE VALLEY RD,SR-26 WALNUT ST,272,41.02211389,-77.66979722,0,12,6,0,2,2,0,1,1,1,0,1,0,0000000,99,99,99,99,99,99,0,0,0,1,0
42,421054,2,2,0,0,0,2,2,71,0,19,11,2014,4,16,7,0,14,3,SR-23 NEW HOLLAND PIKE,,154,40.08056111,-76.2468,0,12,2,0,1,1,0,1,1,1,0,1,0,0000000,16,9,16,16,99,99,0,0,0,1,0
42,421055,2,1,1,0,0,1,1,39,5000,6,11,2014,5,20,33,0,15,3,SR-86 MAIN ST,,8,41.65235,-80.14355833,0,14,0,0,1,1,0,7,3,2,0,2,0,0000000,99,99,99,99,99,99,0,0,0,1,0
42,421056,2,2,0,0,0,2,2,71,0,11,11,2014,3,14,30,0,3,3,SR-230 MAIN ST,,53,40.12959167,-76.5589,0,12,6,0,8,1,0,1,1,1,0,1,0,0000000,14,34,14,40,15,15,0,0,0,1,0
42,421057,2,2,0,0,0,6,6,17,8855,21,11,2014,6,19,2,1,13,3,SR-611 EASTON RD,COUNTY LINE RD,0,40.2119,-75.1394,0,12,6,0,2,2,0,1,3,1,0,1,0,0000000,19,3,19,8,99,99,0,0,0,1,1
42,421058,1,1,0,1,1,1,1,29,0,3,12,2014,4,23,7,1,12,2,US-422 POTTSTOWN BP,,1715,40.24123056,-75.66466667,0,8,0,0,1,1,1,1,2,10,0,10,0,0000000,23,9,23,17,88,88,0,0,0,1,0
42,421059,2,2,0,0,0,5,5,125,9063,29,11,2014,7,23,20,0,6,4,CR-3029 BURNSVILLE RIDGE RD,,0,40.02269444,-80.44253889,0,12,6,0,1,1,0,1,2,1,0,1,0,0000000,23,22,23,51,0,44,0,0,0,1,1
42,421060,2,2,0,0,0,4,4,107,0,17,11,2014,2,7,40,0,5,3,SR-4007 HIGHRIDGE PARK RD,KEYSTONE BLVD,18,40.73268333,-76.29585278,0,12,6,0,2,2,0,1,1,5,0,5,0,0000000,99,99,99,99,99,99,0,0,0,3,0
42,421061,1,1,0,0,0,1,1,125,0,23,11,2014,1,19,28,0,4,3,SR-2011 LONE PINE RD,,95,40.05522778,-80.11066944,0,42,0,0,1,1,0,5,2,1,0,1,0,0000000,19,33,19,52,88,88,0,0,0,1,0