STATE,ST_CASE,VE_TOTAL,VE_FORMS,PVH_INVL,PEDS,PERNOTMVIT,PERMVIT,PERSONS,COUNTY,CITY,DAY,MONTH,YEAR,DAY_WEEK,HOUR,MINUTE,NHS,ROAD_FNC,ROUTE,TWAY_ID,TWAY_ID2,MILEPT,LATITUDE,LONGITUD,SP_JUR,HARM_EV,MAN_COLL,RELJCT1,RELJCT2,TYP_INT,WRK_ZONE,REL_ROAD,LGT_COND,WEATHER1,WEATHER2,WEATHER,SCH_BUS,RAIL,NOT_HOUR,NOT_MIN,ARR_HOUR,ARR_MIN,HOSP_HR,HOSP_MN,CF1,CF2,CF3,FATALS,DRUNK_DR
45,450013,1,1,0,0,0,3,3,3,0,8,1,2014,4,14,5,0,4,3,SR-46,,38,33.48261944,-81.86334167,0,35,0,0,1,1,0,4,1,1,0,1,0,0000000,99,99,99,99,99,99,0,0,0,2,0
45,450014,1,1,0,0,0,1,1,63,0,8,1,2014,4,13,55,0,13,3,SR-71,US-1,6,33.97564167,-81.12756944,0,10,0,0,6,1,0,1,1,1,0,1,0,715832U,13,57,14,5,14,21,0,0,0,1,0
45,450015,1,1,0,1,1,1,1,75,0,8,1,2014,4,7,9,0,3,2,US-178,,23,33.64141111,-81.13566111,0,8,0,0,1,1,0,1,1,1,0,1,0,0000000,88,88,88,88,88,88,0,0,0,1,0
45,450016,1,1,0,0,0,2,2,1,0,8,1,2014,4,14,25,0,3,3,SR-184,,115,34.31683056,-82.42003611,0,42,0,0,1,1,0,4,1,1,0,1,0,0000000,14,32,14,50,15,16,0,0,0,2,0
45,450017,1,1,0,0,0,3,3,29,0,10,1,2014,6,9,16,1,1,1,I-95,,423,32.738975,-80.84006111,0,42,0,0,1,1,0,3,1,10,0,10,0,0000000,99,99,99,99,99,99,0,0,0,1,0
45,450018,1,1,0,0,0,2,2,79,0,11,1,2014,7,20,20,1,11,1,I-77,,52,33.93841944,-81.00598056,0,24,0,0,1,1,0,3,2,5,0,5,0,0000000,99,99,99,99,99,99,0,0,0,1,1
45,450019,1,1,0,0,0,1,1,15,0,12,1,2014,1,0,30,0,9,3,SR-309,,38,33.16896389,-80.28863611,0,34,0,0,1,1,0,4,2,1,0,1,0,0000000,99,99,99,99,99,99,0,0,0,1,1
45,450020,1,1,0,1,1,1,1,41,1320,21,1,2014,3,19,10,1,2,2,US-52,,0,33.86985278,-79.76170278,0,8,0,0,1,1,0,1,3,1,0,1,0,0000000,88,88,88,88,88,88,0,0,0,1,0
45,450021,2,2,0,0,0,2,2,51,0,12,1,2014,1,6,10,0,3,3,SR-90,,178,33.86138333,-78.73088056,0,12,2,0,1,1,0,1,2,1,0,1,0,0000000,99,99,99,99,99,99,0,0,0,1,1
45,450022,2,2,0,0,0,2,2,63,0,12,1,2014,1,2,48,0,4,3,SR-34,,32,33.88794444,-81.47116389,0,1,0,0,1,1,0,4,2,1,0,1,0,0000000,99,99,99,99,99,99,0,0,0,1,2
45,450023,2,2,0,0,0,6,6,33,0,12,1,2014,1,20,10,0,4,3,SR-30,,0,34.37064167,-79.17246111,0,12,8,0,1,1,0,1,2,1,0,1,0,0000000,20,14,20,17,99,99,0,0,0,1,1
45,450024,2,2,0,0,0,2,2,73,0,12,1,2014,1,10,10,1,2,2,US-76,GRACE WAY,0,34.67907222,-83.01090278,0,12,7,0,3,3,0,1,1,1,0,1,0,0000000,99,99,99,99,99,99,0,0,0,1,0
45,450025,1,1,0,0,0,1,1,51,540,13,1,2014,2,9,55,0,14,2,US-701,,133,33.82842778,-79.06338333,0,33,0,0,1,1,0,4,1,1,0,1,0,0000000,88,88,88,88,88,88,0,0,0,1,0
45,450026,2,2,0,0,0,2,2,13,0,14,1,2014,3,9,40,1,2,2,US-278,,0,32.29065833,-80.90962222,0,12,6,0,1,1,0,1,1,2,0,2,0,0000000,99,99,99,99,99,99,0,0,0,1,0
45,450027,2,2,0,0,0,3,3,7,0,14,1,2014,3,15,38,0,15,3,SR-1146,SR-1156,21,34.74097222,-82.4831,0,12,6,0,2,3,0,1,1,1,0,1,0,0000000,15,38,15,40,16,29,0,0,0,1,0
45,450028,2,2,0,0,0,2,2,85,0,17,1,2014,6,22,48,0,3,2,US-15,SR-518,196,34.03933611,-80.32366667,0,12,6,0,2,3,0,1,2,1,0,1,0,0000000,99,99,99,99,99,99,0,0,0,1,1
45,450029,1,1,0,0,0,1,1,21,0,18,1,2014,7,18,30,0,6,4,CR-N GREEN RIVER RD,,0,35.14367778,-81.78453611,0,53,0,0,1,1,0,4,2,1,0,1,0,0000000,18,33,18,53,19,24,0,0,0,1,0
45,450030,1,1,0,1,1,1,1,51,0,18,1,2014,7,2,33,0,4,3,SR-23,,154,34.02836667,-79.15445,0,8,0,0,1,1,0,4,2,1,0,1,0,0000000,2,33,2,33,3,6,19,0,0,1,0
45,450031,1,1,0,0,0,1,1,51,1825,21,1,2014,3,23,24,0,6,4,CR-LONG BAY RD,,0,33.8173,-78.74047778,0,42,0,0,1,1,0,5,2,1,0,1,0,0000000,88,88,88,88,88,88,20,0,0,1,1
45,450032,2,2,0,0,0,4,4,39,0,23,1,2014,5,2,25,1,1,1,I-77,,407,34.41578611,-80.99548056,0,12,2,0,1,1,0,1,2,1,0,1,0,0000000,2,33,2,48,99,99,0,0,0,3,1
45,450033,1,1,0,0,0,1,1,7,0,24,1,2014,6,2,7,0,15,3,SR-77,,0,34.61725278,-82.50876111,0,1,0,0,1,1,0,4,2,1,0,1,0,0000000,2,7,2,10,2,39,0,0,0,1,1
45,450034,1,1,0,0,0,1,1,23,0,25,1,2014,7,4,0,0,2,3,SR-9,,3,34.78239722,-81.44469167,0,35,0,0,1,1,0,4,2,1,0,1,0,0000000,88,88,88,88,88,88,0,0,0,1,1
45,450035,2,2,0,0,0,2,2,17,0,25,1,2014,7,0,30,1,1,1,I-26,,1246,33.80296111,-81.00142778,0,26,0,0,1,1,4,3,2,1,0,1,0,0000000,99,99,99,99,99,99,0,0,0,1,1
45,450036,2,2,0,0,0,3,3,65,0,25,1,2014,7,20,25,0,3,3,SR-28,,60,33.659025,-82.16541667,0,12,2,0,1,1,0,1,2,1,0,1,0,0000000,99,99,99,99,99,99,0,0,0,3,1
45,450037,1,1,0,0,0,2,2,35,2530,25,1,2014,7,15,53,0,15,3,SR-881,,19,32.99735556,-80.1325,0,42,0,0,1,1,0,5,1,1,0,1,0,0000000,99,99,99,99,99,99,0,0,0,1,0
45,450038,1,1,0,1,1,1,1,45,1040,26,1,2014,1,3,10,1,2,2,US-276,,0,34.80844444,-82.33062222,0,9,0,0,1,1,0,1,2,1,0,1,0,0000000,88,88,88,88,88,88,0,0,0,1,0
45,450039,1,1,0,0,0,1,1,41,0,27,1,2014,2,15,30,0,15,3,SR-925,,43,34.17594444,-79.72025556,0,1,0,0,1,1,0,4,1,1,0,1,0,0000000,16,24,16,24,16,41,0,0,0,1,0
45,450040,1,1,0,1,1,3,3,45,0,27,1,2014,2,18,25,0,9,3,SR-270,,32,35.03731944,-82.4025,0,8,0,0,1,1,0,1,2,1,0,1,0,0000000,88,88,88,88,88,88,0,0,0,1,0
45,450041,1,1,0,0,0,1,1,45,1634,28,1,2014,3,16,55,0,4,3,SR-448,,0,34.75804167,-82.32244167,0,42,0,0,1,1,0,4,5,4,0,4,0,0000000,88,88,88,88,88,88,0,0,0,1,0
45,450042,2,2,0,0,0,2,2,45,0,31,1,2014,6,23,50,1,11,1,I-385,,356,34.82426389,-82.29148333,0,12,7,0,1,1,0,1,2,1,0,1,0,0000000,88,88,88,88,88,88,0,0,0,1,1
45,450043,1,1,0,0,0,1,1,79,0,1,2,2014,7,6,6,0,9,3,SR-1032,,0,33.80595,-80.69976389,0,34,0,0,1,1,0,4,2,1,0,1,0,0000000,88,88,88,88,88,88,0,0,0,1,1
45,450044,1,1,0,0,0,2,2,55,0,1,2,2014,7,6,43,1,1,1,I-20,,1051,34.20846667,-80.64894167,0,42,0,0,1,1,0,3,2,1,0,1,0,0000000,88,88,88,88,88,88,0,0,0,2,0
45,450045,1,1,0,0,0,1,1,19,0,1,2,2014,7,0,50,0,4,3,SR-317,,64,32.83869167,-80.25325556,0,42,0,0,1,1,0,5,2,99,0,99,0,0000000,88,88,88,88,88,88,0,0,0,1,1
45,450046,1,1,0,0,0,1,1,29,0,2,2,2014,1,17,30,0,9,3,SR-377,,10,32.83431111,-80.61492222,0,42,0,0,1,1,0,4,1,1,0,1,0,0000000,88,88,88,88,88,88,0,0,0,1,1
45,450047,2,2,0,0,0,4,4,85,0,3,2,2014,2,7,10,1,13,2,US-76,SR-370,91,33.95980278,-80.47498333,0,12,6,0,2,3,0,1,1,10,0,10,0,0000000,99,99,99,99,99,99,0,0,0,1,0
45,450048,1,1,0,1,1,1,1,77,0,7,2,2014,6,18,35,0,4,3,SR-36,,0,34.85498333,-82.49815556,0,8,0,0,8,1,0,1,2,1,0,1,0,0000000,18,37,18,46,19,5,0,0,0,1,0
45,450049,3,3,0,0,0,5,5,83,0,7,2,2014,6,12,57,0,3,3,SR-292,CR-HICKORY NUT RD,0,35.07609444,-82.06939722,0,12,6,0,2,2,0,1,1,1,0,1,0,0000000,99,99,99,99,99,99,0,0,0,1,0
45,450050,1,1,0,0,0,1,1,35,0,7,2,2014,6,5,50,1,2,2,US-15,,0,33.21097778,-80.54031111,0,1,0,0,1,1,0,4,2,1,0,1,0,0000000,99,99,99,99,99,99,0,0,0,1,0
45,450051,1,1,0,0,0,1,1,35,0,7,2,2014,6,11,35,1,2,2,US-78,,0,33.14001389,-80.39771389,0,34,0,0,1,1,0,4,1,1,0,1,0,0000000,11,38,11,45,99,99,0,0,0,1,0
45,450052,2,2,0,0,0,2,2,45,0,8,2,2014,7,11,24,0,4,3,SR-143,,0,34.75292222,-82.18756389,0,12,2,0,1,1,0,1,1,1,0,1,0,0000000,11,29,11,44,12,11,0,0,0,1,0
45,450053,1,1,0,1,1,1,1,85,0,8,2,2014,7,18,20,0,4,3,SR-49,,0,33.89779444,-80.13043056,0,15,0,0,1,1,0,1,2,1,0,1,0,0000000,18,27,18,42,99,99,0,0,0,1,1
45,450054,1,1,0,0,0,1,1,41,0,8,2,2014,7,1,30,1,11,1,I-20,,1411,34.19679722,-79.84923056,0,24,0,0,1,1,0,4,2,1,0,1,0,0000000,88,88,88,88,88,88,0,0,0,1,1
45,450055,1,1,0,0,0,1,1,15,0,8,2,2014,7,2,0,0,15,3,SR-46,,0,33.04779722,-80.18438889,0,34,0,0,1,1,0,4,2,1,0,1,0,0000000,88,88,88,88,88,88,0,0,0,1,1
45,450056,2,2,0,0,0,3,3,77,0,9,2,2014,1,9,30,0,14,3,SR-183,CR-SUNSET DRIVE,0,34.88923611,-82.68908056,0,12,6,0,2,2,0,1,1,1,0,1,0,0000000,9,35,9,41,10,4,0,0,0,1,0
45,450057,2,2,0,0,0,2,2,45,0,10,2,2014,2,13,18,0,15,3,SR-201,SR-1159,0,34.79765833,-82.37958889,0,12,6,0,2,4,0,1,1,2,0,2,0,0000000,13,18,13,23,13,49,0,0,0,1,0
45,450058,1,1,0,0,0,1,1,63,0,11,2,2014,3,22,40,0,4,3,SR-342,,0,33.77471389,-81.17535556,0,34,0,0,1,1,0,4,2,1,0,1,0,0000000,88,88,88,88,88,88,0,0,0,1,1
45,450059,1,1,0,0,0,1,1,3,0,11,2,2014,3,15,5,0,9,3,SR-57,,22,33.37677778,-81.76504722,0,35,0,0,1,1,0,4,1,2,0,2,0,0000000,88,88,88,88,88,88,0,0,0,1,0
45,450060,1,1,0,0,0,1,1,39,0,11,2,2014,3,9,35,0,4,3,SR-343,,0,34.289525,-80.98067778,0,34,0,0,1,1,0,4,1,4,0,4,0,0000000,88,88,88,88,88,88,0,0,0,1,0
45,450061,1,1,0,1,1,1,1,41,870,11,2,2014,3,18,38,0,14,3,SR-343,,9,34.21751667,-79.76299444,0,8,0,0,1,1,0,1,2,3,0,3,0,0000000,18,39,18,43,19,9,0,0,0,1,0
45,450062,2,1,1,0,0,1,1,27,0,12,2,2014,4,8,25,1,1,1,I-95,,1287,33.81126667,-80.15286944,0,24,0,0,1,1,0,4,1,3,0,3,0,0000000,88,88,88,88,88,88,0,0,0,1,0
45,450063,2,2,0,0,0,4,4,29,2720,13,2,2014,5,19,44,0,3,3,SR-64,SR-15,0,32.93149722,-80.69186667,0,12,6,0,2,2,0,1,3,1,0,1,0,0000000,20,48,20,48,21,8,0,0,0,1,0
45,450064,1,1,0,0,0,3,3,49,0,13,2,2014,5,2,0,0,4,3,SR-55,,44,32.75617778,-81.12118056,0,18,0,0,1,1,0,1,2,2,0,2,0,0000000,2,4,2,4,2,27,0,0,0,1,0
45,450065,2,2,0,0,0,2,2,91,0,14,2,2014,6,8,10,1,13,3,SR-161,,254,34.97557222,-81.04346667,0,12,6,0,1,1,0,1,1,3,0,3,0,0000000,8,11,8,21,8,51,0,0,0,1,0
45,450066,1,1,0,1,1,1,1,13,1145,14,2,2014,6,21,0,0,15,3,SR-327,,2,32.14563056,-80.74849444,0,8,0,0,1,1,0,1,2,1,0,1,0,0000000,88,88,88,88,88,88,0,0,0,1,0
45,450067,1,1,0,1,1,4,4,1,0,15,2,2014,7,21,5,0,3,3,SR-28,,210,34.29783333,-82.53786111,0,8,0,0,1,1,0,1,2,1,0,1,0,0000000,21,9,21,27,21,56,0,0,0,1,0
45,450068,1,1,0,0,0,1,1,53,0,15,2,2014,7,1,5,1,1,1,I-95,,0,32.40879167,-81.014875,0,42,0,0,1,1,0,3,2,1,0,1,0,0000000,88,88,88,88,88,88,0,0,0,1,0
45,450069,1,1,0,0,0,2,2,51,0,15,2,2014,7,18,33,0,6,4,CR-OLE KING STREET,,0,33.92152222,-79.06941667,0,34,0,0,1,1,0,4,5,1,0,1,0,0000000,99,99,99,99,99,99,0,0,0,1,1
45,450070,1,1,0,0,0,1,1,19,85,15,2,2014,7,16,40,1,2,2,US-17,,542,33.03022222,-79.62525,0,21,0,0,1,1,0,3,1,1,0,1,0,0000000,88,88,88,88,88,88,0,0,0,1,0
45,450071,1,1,0,0,0,1,1,53,0,15,2,2014,7,17,0,0,3,3,SR-119,,10,32.53624444,-81.26431944,0,1,0,0,1,1,0,5,1,1,0,1,0,0000000,88,88,88,88,88,88,0,0,0,1,0
45,450072,1,1,0,0,0,2,2,75,0,16,2,2014,1,6,0,0,3,2,US-301,SR-475,201,33.46589167,-80.78104167,0,35,0,0,3,3,0,4,2,1,0,1,0,0000000,99,99,99,99,99,99,0,0,0,1,1
45,450073,1,1,0,0,0,3,3,21,0,17,2,2014,2,13,45,0,9,3,SR-102,,27,35.01756944,-81.55789722,0,42,0,0,1,1,0,4,1,1,0,1,0,0000000,99,99,99,99,99,99,0,0,0,2,0
45,450074,2,2,0,0,0,6,6,59,0,18,2,2014,3,6,45,0,3,2,US-221,SR-574,124,34.44430556,-82.04850278,0,12,6,0,2,2,0,1,4,1,0,1,1,0000000,99,99,99,99,99,99,0,0,0,1,0
45,450075,2,2,0,0,0,2,2,7,0,19,2,2014,4,7,20,0,15,3,SR-34,,0,34.51879722,-82.73585833,0,12,2,0,1,1,0,1,1,1,0,1,0,0000000,7,26,7,29,99,99,0,0,0,1,0
45,450076,1,1,0,0,0,1,1,59,0,21,2,2014,6,6,0,0,4,3,SR-26,,0,34.48424167,-81.77629444,0,11,0,0,1,1,0,1,2,1,0,1,0,0000000,88,88,88,88,88,88,0,0,0,1,0
45,450077,1,1,0,0,0,2,2,63,0,24,1,2014,6,4,43,0,3,3,SR-3,,3,33.66013889,-81.18034167,0,30,0,0,1,1,0,4,2,1,0,1,0,0000000,4,46,4,58,5,24,20,0,0,1,1
45,450078,2,2,0,0,0,3,3,13,0,14,2,2014,6,13,6,1,2,2,US-21,,0,32.39795556,-80.59864444,0,12,2,0,1,1,0,1,1,1,0,1,0,0000000,99,99,99,99,99,99,0,0,0,1,0
45,450079,2,2,0,0,0,3,3,53,0,21,2,2014,6,18,40,0,3,2,US-321,,159,32.50088056,-81.13391111,0,12,2,0,1,1,0,1,2,1,0,1,0,0000000,99,99,99,99,99,99,0,0,0,1,1
45,450080,2,2,0,0,0,5,5,75,0,22,2,2014,7,10,45,0,3,3,SR-4,SR-73,190,33.521325,-81.04845556,0,12,6,0,2,2,0,1,1,1,0,1,0,0000000,99,99,99,99,99,99,0,0,0,1,0
45,450081,1,1,0,0,0,1,1,7,0,22,2,2014,7,5,20,0,6,4,CR-FIRETOWER RD,,0,34.71312222,-82.57403611,0,34,0,0,1,1,0,4,1,1,0,1,0,0000000,88,88,88,88,88,88,0,0,0,1,1
45,450082,1,1,0,1,1,3,3,19,0,9,1,2014,5,23,2,0,15,3,SR-2028,,0,32.91204722,-80.06933056,0,9,0,0,1,1,0,1,2,1,0,1,0,0000000,23,2,23,6,23,35,0,0,0,1,0
45,450083,1,1,0,0,0,2,2,13,0,28,1,2014,3,21,21,0,15,4,CR-BLUFFTON PARKWAY,,0,32.24790278,-80.85022778,0,42,0,0,1,1,0,5,3,2,0,2,0,0000000,99,99,99,99,99,99,0,0,0,1,1
45,450084,2,2,0,0,0,2,2,81,0,7,2,2014,6,20,53,0,3,3,SR-121,,206,34.14603611,-81.742525,0,12,2,0,1,1,0,1,2,1,0,1,0,0000000,21,1,21,11,21,41,0,0,0,1,0
45,450085,2,2,0,0,0,2,2,57,0,24,2,2014,2,18,31,0,3,2,US-601,SR-903,112,34.63486111,-80.52913056,0,12,2,0,2,4,0,1,2,1,0,1,0,0000000,99,99,99,99,99,99,0,0,0,1,0
45,450086,2,2,0,0,0,3,3,83,0,24,2,2014,2,1,45,1,11,1,I-85,,792,35.02470833,-81.88313889,0,12,2,0,1,1,0,1,2,1,0,1,0,0000000,3,3,3,26,3,48,0,0,0,1,1
45,450087,1,1,0,0,0,1,1,83,0,24,2,2014,2,2,50,0,6,4,CR-HAMMETT STORE RD,,0,34.97564444,-82.17484722,0,1,0,0,1,1,0,4,2,1,0,1,0,0000000,2,53,3,1,99,99,0,0,0,1,1
45,450088,3,3,0,0,0,3,3,21,0,24,2,2014,2,14,0,1,2,2,US-221,SR-110,0,35.14292778,-81.82041667,0,12,6,0,2,2,0,1,1,1,0,1,0,0000000,99,99,99,99,99,99,0,0,0,1,0
45,450089,2,2,0,0,0,2,2,39,0,25,2,2014,3,16,50,1,1,1,I-77,,407,34.42284167,-80.99588889,0,7,0,0,1,1,0,1,1,1,0,1,0,0000000,88,88,88,88,88,88,0,0,0,1,0
45,450090,1,1,0,1,1,2,2,89,50,27,2,2014,5,5,55,1,2,2,US-521,,0,33.45665,-79.57483611,0,8,0,0,1,1,0,1,2,1,0,1,0,0000000,88,88,88,88,88,88,0,0,0,1,0
45,450091,1,1,0,0,0,1,1,19,0,28,2,2014,6,22,15,0,4,3,SR-92,,0,32.75466111,-80.21599167,0,42,0,0,1,1,0,5,2,1,0,1,0,0000000,88,88,88,88,88,88,0,0,0,1,1
45,450092,1,1,0,1,1,2,2,45,0,28,2,2014,6,21,20,1,13,2,US-25,,0,34.84984444,-82.44898889,0,9,0,0,1,1,0,1,2,1,0,1,0,0000000,99,99,99,99,99,99,0,0,0,1,0
45,450093,1,1,0,1,1,1,1,21,0,1,3,2014,7,19,30,0,15,3,SR-661,,14,35.09892778,-81.64891111,0,8,0,0,1,1,0,1,2,1,0,1,0,0000000,88,88,88,88,88,88,0,0,0,1,0
45,450094,2,2,0,0,0,2,2,63,0,1,3,2014,7,23,15,0,4,3,SR-73,SR-868,72,33.84571667,-81.14726667,0,12,6,0,2,4,0,1,2,1,0,1,0,0000000,88,88,88,88,88,88,0,0,0,1,2
45,450095,1,1,0,0,0,1,1,37,0,2,3,2014,1,0,5,0,9,3,SR-118,,0,33.75853333,-82.12593333,0,42,0,0,1,1,0,4,2,1,0,1,0,0000000,88,88,88,88,88,88,0,0,0,1,1
45,450096,3,3,0,0,0,3,3,45,0,2,3,2014,1,17,50,1,2,2,US-276,,0,35.07395833,-82.44344167,0,12,1,0,1,1,0,1,1,1,0,1,0,0000000,88,88,88,88,88,88,0,0,0,1,1
45,450097,1,1,0,0,0,2,2,7,0,2,3,2014,1,23,0,0,4,3,SR-105,,0,34.33702222,-82.71987222,0,1,0,0,1,1,0,4,2,1,0,1,0,0000000,23,8,23,32,23,58,0,0,0,1,1
45,450098,2,2,0,0,0,6,6,83,0,4,3,2014,3,19,0,1,11,1,I-85,,678,34.95938611,-82.05695278,0,12,1,0,1,1,0,1,2,1,0,1,0,0000000,99,99,99,99,99,99,0,0,0,1,0
45,450099,2,2,0,0,0,3,3,69,0,4,3,2014,3,13,25,0,4,3,SR-79,,56,34.72216111,-79.67685833,0,12,2,0,1,1,0,1,1,10,0,10,0,0000000,99,99,99,99,99,99,0,0,0,2,0
45,450100,1,1,0,0,0,2,2,45,0,4,3,2014,3,17,55,0,4,3,SR-52,,0,34.66986389,-82.44563333,0,34,0,0,1,1,0,4,1,1,0,1,0,0000000,99,99,99,99,99,99,0,0,0,1,0
45,450101,2,2,0,0,0,2,2,45,0,6,3,2014,5,4,35,1,13,3,SR-253,,45,34.89065278,-82.40200833,0,12,1,0,1,1,0,1,2,1,0,1,0,0000000,4,20,4,27,4,50,0,0,0,1,1
45,450102,2,2,0,0,0,5,5,85,0,7,3,2014,6,16,5,1,13,2,US-378,SR-763,212,33.91594722,-80.29188056,0,12,6,0,2,2,0,1,1,2,0,2,0,0000000,16,40,16,47,99,99,0,0,0,1,0
45,450103,1,1,0,0,0,2,2,19,1805,10,3,2014,2,23,27,0,15,3,SR-894,,5,32.84264722,-79.96859167,0,39,0,0,1,1,0,4,3,1,0,1,0,0000000,99,99,99,99,99,99,0,0,0,2,0
45,450104,2,2,0,0,0,3,3,89,0,8,3,2014,7,17,40,0,4,3,SR-33,SR-113,14,33.85086389,-79.83893333,0,12,6,0,2,2,0,1,1,1,0,1,0,0000000,17,40,17,56,18,22,0,0,0,1,0
45,450105,2,2,0,0,0,2,2,75,0,9,3,2014,1,16,20,1,2,2,US-301,SR-2083,0,33.45971389,-80.93994167,0,12,6,0,2,2,0,1,1,1,0,1,0,0000000,99,99,99,99,99,99,0,0,0,1,0
45,450106,2,2,0,0,0,2,2,45,0,10,3,2014,2,23,3,0,4,3,SR-541,,0,34.68998056,-82.37185556,0,12,2,0,1,1,0,1,2,1,0,1,0,0000000,99,99,99,99,99,99,0,0,0,1,1
45,450107,1,1,0,0,0,1,1,3,0,10,3,2014,2,5,27,0,4,3,SR-389,,37,33.60625833,-81.267425,0,35,0,0,1,1,0,4,2,1,0,1,0,0000000,5,57,6,8,6,33,0,0,0,1,0
45,450108,2,2,0,0,0,2,2,61,0,13,3,2014,5,0,35,1,1,1,I-20,,1160,34.19476389,-80.28095,0,12,2,0,1,1,0,1,2,1,0,1,0,0000000,99,99,99,99,99,99,0,0,0,1,0
45,450109,1,1,0,0,0,1,1,51,0,15,3,2014,7,3,25,0,4,3,SR-31,,0,33.96505833,-78.84858611,0,42,0,0,1,1,0,4,2,1,0,1,0,0000000,88,88,88,88,88,88,0,0,0,1,1
45,450110,1,1,0,0,0,1,1,45,0,15,3,2014,7,11,10,1,12,2,US-276,,441,34.75544722,-82.29169167,0,21,0,0,1,1,0,4,1,1,0,1,0,0000000,88,88,88,88,88,88,0,0,0,1,1
45,450111,1,1,0,0,0,2,2,63,0,15,3,2014,7,13,31,0,6,4,CR-FOUNDERS RD,,0,33.85511389,-81.25154167,0,35,0,0,1,1,0,4,1,1,0,1,0,0000000,99,99,99,99,99,99,0,0,0,1,0
45,450112,1,1,0,0,0,1,1,71,0,16,3,2014,1,3,20,0,5,3,SR-44,,48,34.35400833,-81.54981667,0,42,0,0,1,1,0,4,2,10,0,10,0,0000000,3,25,3,35,99,99,0,0,0,1,1
45,450113,1,1,0,0,0,1,1,33,0,16,3,2014,1,12,18,1,1,1,I-95,,1843,34.35710278,-79.51009167,0,1,0,0,1,1,0,3,1,2,0,2,0,0000000,12,18,12,24,99,99,0,0,0,1,1
45,450114,1,1,0,0,0,1,1,57,0,17,3,2014,2,0,39,0,4,3,SR-36,,1,34.78617778,-80.70315556,0,30,0,0,1,1,0,4,2,1,0,1,0,0000000,88,88,88,88,88,88,0,0,0,1,0
45,450115,1,1,0,0,0,1,1,83,0,17,3,2014,2,18,24,0,15,3,SR-78,,19,34.95658889,-81.99576667,0,42,0,0,1,1,0,4,1,2,0,2,0,0000000,88,88,88,88,88,88,0,0,0,1,1
45,450116,1,1,0,0,0,2,2,13,1145,18,3,2014,3,2,19,1,2,2,US-278,,0,32.18524444,-80.71801667,0,33,0,0,1,1,0,3,2,2,0,2,0,0000000,99,99,99,99,99,99,0,0,0,1,0
45,450117,1,1,0,0,0,2,2,51,0,19,3,2014,4,7,45,0,4,3,SR-917,,92,34.10003056,-79.09576389,0,34,0,0,1,1,0,4,1,10,0,10,0,0000000,99,99,99,99,99,99,0,0,0,1,0
45,450118,1,1,0,0,0,2,2,33,0,23,3,2014,1,19,40,0,4,3,SR-155,,0,34.32460833,-79.23801111,0,34,0,0,1,1,0,4,5,1,0,1,0,0000000,19,40,19,46,20,0,0,0,0,1,1
45,450119,2,2,0,0,0,3,3,79,0,23,3,2014,1,1,0,0,4,3,SR-176,,48,34.17296111,-81.28411389,0,12,2,0,1,1,0,1,2,1,0,1,0,0000000,99,99,99,99,99,99,0,0,0,1,1
45,450120,1,1,0,0,0,1,1,69,0,15,3,2014,7,16,0,0,4,3,SR-165,,107,34.76713333,-79.67848333,0,1,0,0,1,1,0,1,1,1,0,1,0,0000000,16,1,16,1,16,50,0,0,0,1,0
45,450121,2,2,0,0,0,7,7,51,0,25,1,2014,7,17,20,0,3,2,US-701,SR-48,29,33.690875,-79.11748056,0,12,6,0,2,2,0,1,1,1,0,1,0,0000000,99,99,99,99,99,99,0,0,0,2,1
45,450122,2,2,0,0,0,2,2,85,0,10,2,2014,2,18,28,0,3,2,US-401,,51,33.99677778,-80.28927222,0,12,2,0,1,1,0,1,2,10,0,10,0,0000000,18,30,18,39,19,24,0,0,0,1,0
45,450123,2,2,0,0,0,3,3,79,0,23,2,2014,1,5,26,1,11,1,I-20,,683,34.06496389,-81.04320833,0,12,2,0,1,1,0,1,2,1,0,1,0,0000000,99,99,99,99,99,99,0,0,0,1,1
45,450124,2,1,1,0,1,6,7,75,0,5,3,2014,4,10,25,1,1,1,I-95,,904,33.35515833,-80.58694167,0,14,0,0,1,1,0,5,1,2,0,2,0,0000000,99,99,99,99,99,99,0,0,0,3,0
45,450125,2,2,0,0,0,3,3,63,0,16,3,2014,1,5,5,0,4,3,SR-625,,0,33.80288611,-81.27110556,0,12,2,0,1,1,0,1,2,2,0,2,0,0000000,5,11,5,15,5,38,0,0,0,1,2
45,450126,2,2,0,0,0,2,2,45,0,21,3,2014,6,16,35,0,15,3,SR-136,,18,34.91532222,-82.23946111,0,12,1,0,1,1,0,1,1,1,0,1,0,0000000,99,99,99,99,99,99,0,0,0,1,0
45,450127,1,1,0,0,0,2,2,51,0,22,3,2014,7,16,58,1,12,2,US-17,,61,33.66128611,-78.97239722,0,1,0,0,1,1,0,1,1,1,0,1,0,0000000,17,0,17,7,17,45,0,0,0,1,0
45,450128,1,1,0,0,0,3,3,45,0,25,3,2014,3,19,0,0,15,3,SR-869,,0,34.9902,-82.43835833,0,38,0,0,1,1,0,5,1,10,0,10,0,0000000,19,5,19,12,20,9,0,0,0,1,0
45,450129,1,1,0,0,0,4,4,13,1145,28,3,2014,6,6,50,0,3,3,SR-334,,0,32.21816667,-80.69890833,0,34,0,0,1,1,0,4,4,1,0,1,0,0000000,99,99,99,99,99,99,0,0,0,2,0
45,450130,1,1,0,0,0,1,1,31,0,31,3,2014,2,8,25,1,1,1,I-20,,1299,34.20797778,-80.04119444,0,24,0,0,1,1,0,3,1,1,0,1,0,0000000,88,88,88,88,88,88,0,0,0,1,0