STATE,ST_CASE,VE_TOTAL,VE_FORMS,PVH_INVL,PEDS,PERNOTMVIT,PERMVIT,PERSONS,COUNTY,CITY,DAY,MONTH,YEAR,DAY_WEEK,HOUR,MINUTE,NHS,ROAD_FNC,ROUTE,TWAY_ID,TWAY_ID2,MILEPT,LATITUDE,LONGITUD,SP_JUR,HARM_EV,MAN_COLL,RELJCT1,RELJCT2,TYP_INT,WRK_ZONE,REL_ROAD,LGT_COND,WEATHER1,WEATHER2,WEATHER,SCH_BUS,RAIL,NOT_HOUR,NOT_MIN,ARR_HOUR,ARR_MIN,HOSP_HR,HOSP_MN,CF1,CF2,CF3,FATALS,DRUNK_DR
45,450248,2,2,0,0,0,1,1,19,1805,25,5,2014,1,0,44,1,2,2,US-52,CR-GREENRIDGE DRIVE,99999,32.95499444,-80.04235556,0,12,6,0,2,2,0,1,3,1,0,1,0,0000000,88,88,88,88,88,88,0,0,0,1,0
45,450249,1,1,0,0,0,1,1,23,0,26,5,2014,2,18,15,0,4,3,SR-25,,82,34.60936389,-81.381175,0,11,0,0,1,1,0,1,1,1,0,1,0,0000000,18,18,18,38,19,35,0,0,0,1,1
45,450250,1,1,0,0,0,1,1,67,0,26,5,2014,2,14,24,0,4,3,SR-22,,29,34.28844167,-79.38073056,0,53,0,0,1,1,0,4,1,1,0,1,0,0000000,15,9,15,15,15,44,0,0,0,1,0
45,450251,1,1,0,0,0,2,2,69,0,26,5,2014,2,18,0,0,9,3,SR-23,,43,34.55249167,-79.57517778,0,32,0,0,1,1,0,4,1,1,0,1,0,0000000,18,4,18,14,18,38,0,0,0,1,0
45,450252,2,2,0,0,0,2,2,23,0,27,5,2014,3,14,30,0,4,3,SR-1,,46,34.77131667,-81.19658889,0,12,2,0,1,1,0,1,1,1,0,1,0,0000000,14,35,14,42,15,19,0,0,0,2,2
45,450253,1,1,0,0,0,1,1,45,0,30,5,2014,6,19,13,0,6,4,CR-GOLDSMITH RD,,0,34.72342222,-82.21055556,0,53,0,0,1,1,0,4,1,10,0,10,0,0000000,88,88,88,88,88,88,0,0,0,1,1
45,450254,2,2,0,0,0,2,2,25,0,30,5,2014,6,17,25,0,9,3,SR-538,,0,34.65116389,-79.93571667,0,12,6,0,8,1,0,1,1,1,0,1,0,0000000,99,99,99,99,99,99,0,0,0,1,0
45,450255,1,1,0,0,0,1,1,33,0,31,5,2014,7,11,18,1,11,1,I-95,,1931,34.44990833,-79.36023056,0,24,0,0,1,1,0,4,1,10,0,10,0,0000000,11,18,11,28,11,55,0,0,0,1,0
45,450256,2,2,0,0,0,3,3,91,2200,27,1,2014,2,15,50,0,6,4,CR-MARETT BLVD,CR-DEAS STREET,0,34.96271111,-81.01997778,0,12,6,0,2,2,0,1,1,1,0,1,0,0000000,16,1,16,6,16,20,0,0,0,1,0
45,450258,3,3,0,0,0,3,3,91,0,31,1,2014,6,18,45,0,13,2,US-21,,142,34.99138889,-80.97016944,0,12,1,0,1,1,0,1,2,1,0,1,0,0000000,99,99,99,99,99,99,0,0,0,1,1
45,450259,2,2,0,0,0,2,2,79,520,26,2,2014,4,11,48,0,3,3,SR-48,CR-HAMPTON STREET,0,34.00470833,-81.03699167,0,12,6,0,2,2,0,1,1,1,0,1,0,0000000,99,99,99,99,99,99,0,0,0,1,0
45,450260,1,1,0,1,1,1,1,19,410,12,2,2014,4,19,35,0,3,3,SR-7,,0,32.80800278,-80.00718333,0,8,0,0,1,1,0,1,2,2,0,2,0,0000000,19,39,19,41,20,1,0,0,0,1,0
45,450261,2,2,0,0,0,3,3,79,0,7,3,2014,6,22,0,0,15,3,SR-1834,,0,34.13035556,-80.88460556,0,12,8,0,1,1,0,1,2,10,0,10,0,0000000,99,99,99,99,99,99,0,0,0,1,1
45,450262,1,1,0,0,0,3,3,79,520,7,3,2014,6,3,40,0,15,3,SR-1534,,12,33.96760833,-80.96022222,0,53,0,0,1,1,0,4,2,2,0,2,0,0000000,99,99,99,99,99,99,0,0,0,1,1
45,450263,2,2,0,0,0,3,3,71,0,22,3,2014,7,6,19,0,3,3,SR-121,,0,34.49138056,-81.59306667,0,12,2,0,1,1,0,1,2,1,0,1,0,0000000,99,99,99,99,99,99,0,0,0,1,1
45,450264,3,3,0,0,0,4,4,3,0,19,5,2014,2,15,15,0,4,3,SR-5,SR-32,46,33.35995833,-81.84502222,0,12,6,0,2,2,0,1,1,1,0,1,0,0000000,15,26,15,41,16,14,0,0,0,1,0
45,450265,2,2,0,0,0,3,3,77,0,3,6,2014,3,4,15,0,15,3,SR-267,,30,34.860425,-82.69068056,0,1,0,0,1,1,0,1,2,1,0,1,0,0000000,88,88,88,88,88,88,0,0,0,1,0
45,450266,2,2,0,0,0,3,3,31,0,3,6,2014,3,17,6,0,4,3,SR-23,SR-39,91,34.40165556,-80.142525,0,12,6,0,2,2,0,1,1,1,0,1,0,0000000,99,99,99,99,99,99,0,0,0,2,0
45,450267,1,1,0,1,1,1,1,41,0,5,6,2014,5,18,30,0,4,3,SR-136,,0,34.10835,-79.82068889,0,34,0,0,1,1,0,4,2,10,0,10,0,0000000,88,88,88,88,88,88,0,0,0,1,1
45,450268,1,1,0,0,0,1,1,79,0,8,2,2014,7,16,50,1,11,1,I-77,SC-12,147,34.05020556,-80.92435278,0,24,0,0,1,1,0,3,1,1,0,1,0,0000000,88,88,88,88,88,88,0,0,0,1,0
45,450269,1,1,0,0,0,1,1,81,0,10,2,2014,2,6,55,0,4,3,SR-227,,0,34.078525,-81.91925278,0,59,0,0,1,1,0,4,4,1,0,1,0,0000000,88,88,88,88,88,88,0,0,0,1,1
45,450270,2,2,0,0,0,3,3,45,0,15,5,2014,5,6,49,1,13,2,US-25,,0,34.78401111,-82.40498056,0,12,6,0,1,1,0,1,1,2,0,2,0,0000000,6,51,7,7,7,29,0,0,0,1,0
45,450271,1,1,0,1,1,1,1,15,0,12,5,2014,2,21,30,0,4,3,SR-45,,189,33.42821667,-80.00110833,0,8,0,0,1,1,0,1,2,1,0,1,0,0000000,88,88,88,88,88,88,0,0,0,1,0
45,450272,1,1,0,0,0,1,1,59,0,21,5,2014,4,16,20,0,5,3,SR-99,,0,34.45668333,-81.81225278,0,42,0,0,1,1,0,4,1,1,0,1,0,0000000,16,22,16,31,99,99,0,0,0,1,0
45,450273,2,2,0,0,0,3,3,51,1730,24,5,2014,7,17,40,0,6,4,CR-HARRELL BLVD,,0,33.68124444,-78.91966389,0,33,0,0,1,1,0,3,1,1,0,1,0,0000000,17,49,17,57,18,20,0,0,0,1,0
45,450274,1,1,0,0,0,3,3,27,0,5,6,2014,5,12,45,1,1,1,I-95,,0,33.61553889,-80.31051667,0,42,0,0,1,1,0,3,1,1,0,1,0,0000000,12,56,13,26,14,17,0,0,0,2,0
45,450275,1,1,0,0,0,2,2,19,410,6,6,2014,6,23,20,0,4,3,SR-61,,179,32.90700278,-80.14754167,0,42,0,0,1,1,0,4,2,2,0,2,0,0000000,99,99,99,99,99,99,0,0,0,1,1
45,450276,1,1,0,0,0,1,1,83,0,6,6,2014,6,15,27,0,4,3,SR-189,,0,35.10481667,-81.89500278,0,35,0,0,1,1,0,4,1,1,0,1,0,0000000,99,99,99,99,99,99,0,0,0,1,0
45,450277,2,2,0,0,0,2,2,89,0,7,6,2014,7,13,10,1,2,2,US-52,,136,33.65179167,-79.88280833,0,12,1,0,1,1,0,1,1,1,0,1,0,0000000,99,99,99,99,99,99,0,0,0,1,0
45,450278,1,1,0,1,1,1,1,33,0,7,6,2014,7,23,10,0,9,3,SR-25,,21,34.40535833,-79.38294722,0,8,0,0,1,1,0,1,2,1,0,1,0,0000000,99,99,99,99,99,99,0,0,0,1,0
45,450279,1,1,0,0,0,2,2,3,0,7,6,2014,7,21,20,0,14,3,SR-126,,15,33.51531944,-81.90743611,0,1,0,0,1,1,0,1,2,1,0,1,0,0000000,21,23,21,28,21,55,0,0,0,1,1
45,450280,1,1,0,0,0,1,1,19,1245,7,6,2014,7,21,47,0,3,3,SR-20,,96,32.69324167,-80.07167778,0,1,0,0,1,1,0,5,2,1,0,1,0,0000000,88,88,88,88,88,88,0,0,0,1,1
45,450281,1,1,0,0,0,4,4,25,0,8,6,2014,1,1,0,0,6,4,CR-WL MELTON RD,,0,34.69878889,-80.18141944,0,34,0,0,1,1,0,4,2,1,0,1,0,0000000,99,99,99,99,99,99,0,0,0,1,0
45,450282,1,1,0,0,0,3,3,31,0,9,6,2014,2,13,0,0,4,3,SR-28,,36,34.27992222,-80.05172222,0,42,0,0,1,1,0,4,1,1,0,1,0,0000000,99,99,99,99,99,99,0,0,0,1,0
45,450283,1,1,0,0,0,1,1,45,0,10,6,2014,3,13,15,1,13,2,US-25,,280,34.84700556,-82.44716944,0,33,0,0,1,1,0,4,1,1,0,1,0,0000000,99,99,99,99,99,99,0,0,0,1,0
45,450284,1,1,0,0,0,1,1,7,0,10,6,2014,3,10,30,0,6,4,CR-CHUCK DRIVE,,0,34.42748056,-82.6334,0,38,0,0,1,1,0,4,1,1,0,1,0,0000000,99,99,99,99,99,99,0,0,0,1,0
45,450285,1,1,0,0,0,1,1,85,0,11,6,2014,4,18,0,0,4,3,SR-58,,57,33.84684167,-80.19681667,0,34,0,0,1,1,0,4,1,2,0,2,0,0000000,18,57,19,10,20,10,0,0,0,1,1
45,450286,1,1,0,0,0,1,1,79,0,11,6,2014,4,15,45,1,11,1,I-26,,1022,34.08846389,-81.16288056,0,1,0,1,20,1,0,1,1,1,0,1,0,0000000,99,99,99,99,99,99,0,0,0,1,1
45,450287,2,2,0,0,0,3,3,7,0,12,6,2014,5,9,15,0,6,4,CR-SHILOH RD,,0,34.68981111,-82.50306667,0,12,7,0,8,1,0,1,1,10,0,10,0,0000000,9,23,9,33,10,13,0,0,0,1,0
45,450288,1,1,0,0,0,1,1,51,0,13,6,2014,6,0,15,0,4,3,SR-323,,0,33.96561667,-78.98660278,0,42,0,0,1,1,0,4,2,1,0,1,0,0000000,88,88,88,88,88,88,0,0,0,1,1
45,450289,1,1,0,0,0,2,2,85,0,14,6,2014,7,20,18,0,15,3,SR-33,,0,33.89839444,-80.39773056,0,42,0,0,1,1,0,4,1,1,0,1,0,0000000,99,99,99,99,99,99,0,0,0,1,0
45,450290,2,2,0,0,0,6,6,7,0,14,6,2014,7,20,26,0,13,2,US-29,,190,34.51962778,-82.59478333,0,12,2,0,1,1,0,1,1,1,0,1,0,0000000,20,27,20,38,21,38,0,0,0,1,1
45,450291,1,1,0,1,1,1,1,69,0,14,6,2014,7,4,30,0,4,3,SR-165,,75,34.75729722,-79.73695,0,8,0,0,1,1,0,1,2,1,0,1,0,0000000,88,88,88,88,88,88,0,0,0,1,0
45,450292,2,2,0,0,0,2,2,7,0,17,6,2014,3,21,45,0,3,2,US-178,,77,34.63061111,-82.69000556,0,12,6,0,1,1,0,1,2,1,0,1,0,0000000,21,45,21,54,99,99,0,0,0,1,0
45,450293,2,2,0,0,0,3,3,63,0,19,6,2014,5,12,27,0,14,3,SR-6,,149,33.90003611,-81.220325,0,12,2,0,1,1,0,1,1,1,0,1,0,0000000,12,39,12,41,13,41,0,0,0,1,0
45,450294,1,1,0,0,0,1,1,3,20,19,6,2014,5,5,30,0,4,3,SR-936,,0,33.50377778,-81.742475,0,35,0,0,1,1,0,4,4,1,0,1,0,0000000,88,88,88,88,88,88,0,0,0,1,1
45,450295,1,1,0,1,1,1,1,91,0,20,6,2014,6,21,40,0,13,2,US-321,,262,35.15461111,-81.20398611,0,8,0,0,1,1,0,1,2,1,0,1,0,0000000,99,99,99,99,99,99,0,0,0,1,0
45,450296,2,2,0,0,0,2,2,51,0,20,6,2014,6,21,20,0,4,3,SR-19,,124,34.04717778,-78.97845278,0,12,2,0,1,1,0,1,3,10,0,10,0,0000000,88,88,88,88,88,88,0,0,0,2,1
45,450297,1,1,0,1,1,1,1,51,0,20,6,2014,6,23,50,0,4,3,SR-45,,124,34.05391667,-78.90933333,0,8,0,0,1,1,0,1,2,2,0,2,0,0000000,99,99,99,99,99,99,0,0,0,1,1
45,450298,1,1,0,0,0,1,1,43,0,21,6,2014,7,20,46,0,6,4,CR-BRICK CHIMNEY RD,,0,33.42204167,-79.32063333,0,35,0,0,1,1,0,4,2,10,0,10,0,0000000,99,99,99,99,99,99,0,0,0,1,1
45,450299,1,1,0,1,1,1,1,51,0,21,6,2014,7,2,10,0,15,3,SR-1113,,0,33.80647778,-78.71758611,0,8,0,0,1,1,0,1,2,2,0,2,0,0000000,88,88,88,88,88,88,0,0,0,1,1
45,450300,1,1,0,0,0,1,1,45,0,22,6,2014,1,3,53,0,14,3,SR-20,,42,34.71426111,-82.45301389,0,42,0,0,1,1,0,4,3,1,0,1,0,0000000,88,88,88,88,88,88,0,0,0,1,1
45,450301,1,1,0,0,0,2,2,51,0,25,6,2014,4,21,42,1,2,2,US-17,,0,34.05713611,-78.88759722,0,30,0,0,1,1,0,4,3,1,0,1,0,0000000,99,99,99,99,99,99,0,0,0,1,0
45,450302,1,1,0,0,0,1,1,15,0,26,6,2014,5,17,38,0,4,2,US-176,,145,33.14781667,-80.17138056,0,52,0,0,1,1,0,4,1,10,0,10,0,0000000,88,88,88,88,88,88,0,0,0,1,1
45,450303,1,1,0,0,0,1,1,91,0,28,6,2014,7,15,49,0,14,3,SR-901,,0,34.92345,-81.055925,0,33,0,0,1,1,0,4,1,1,0,1,0,0000000,88,88,88,88,88,88,0,0,0,1,1
45,450304,2,2,0,0,0,5,5,7,0,18,4,2014,6,23,58,1,13,2,US-76,,0,34.54953333,-82.67400556,0,12,6,0,1,1,0,1,3,2,0,2,0,0000000,99,99,99,99,99,99,0,0,0,1,0
45,450305,1,1,0,0,0,1,1,83,0,26,5,2014,2,16,25,0,4,3,SR-92,,31,34.6385,-81.90873056,0,34,0,0,1,1,0,4,1,1,0,1,0,0000000,16,25,16,33,17,16,0,0,0,1,0
45,450306,3,3,0,1,1,4,4,83,0,7,6,2014,7,1,18,0,3,3,SR-221,,329,35.0405,-81.89191111,0,8,0,0,1,1,0,1,2,1,0,1,0,0000000,88,88,88,88,88,88,0,0,0,1,1
45,450307,2,2,0,0,0,2,2,45,0,22,6,2014,1,5,10,1,13,2,US-25,,359,34.95021111,-82.43905556,0,12,2,0,1,1,0,1,2,1,0,1,0,0000000,99,99,99,99,99,99,0,0,0,1,1
45,450308,1,1,0,0,0,1,1,7,0,22,6,2014,1,2,13,0,15,3,SR-107,,35,34.35386389,-82.56070833,0,11,0,0,1,1,0,1,2,1,0,1,0,0000000,2,25,2,45,3,19,0,0,0,1,0
45,450309,1,1,0,0,0,3,3,45,0,27,6,2014,6,1,45,0,4,3,SR-277,,66,35.01685,-82.22806667,0,1,0,0,1,1,0,4,2,1,0,1,0,0000000,99,99,99,99,99,99,0,0,0,1,0
45,450310,1,1,0,1,1,1,1,59,0,28,6,2014,7,21,35,0,3,2,US-76,,200,34.49078056,-81.97278333,0,8,0,0,1,1,0,1,2,10,0,10,0,0000000,88,88,88,88,88,88,0,0,0,1,0
45,450311,2,2,0,0,0,4,4,35,0,27,5,2014,3,11,18,0,4,2,US-178,SR-47,34,33.26204444,-80.54601111,0,12,6,0,2,3,0,1,1,1,0,1,0,0000000,99,99,99,99,99,99,0,0,0,1,1
45,450312,1,1,0,0,0,1,1,57,0,13,6,2014,6,21,25,0,3,3,SR-97,,31,34.577975,-80.84105556,0,35,0,0,1,1,0,4,2,1,0,1,0,0000000,99,99,99,99,99,99,0,0,0,1,1
45,450313,2,2,0,0,0,3,3,83,0,13,6,2014,6,4,15,1,11,1,I-85,,721,34.98158056,-82.00300556,0,12,2,0,1,1,0,1,2,1,0,1,0,0000000,99,99,99,99,99,99,0,0,0,1,0
45,450314,1,1,0,0,0,2,2,39,0,28,6,2014,7,22,20,0,4,3,SR-213,,78,34.32450556,-81.25190556,0,42,0,0,1,1,0,4,2,1,0,1,0,0000000,99,99,99,99,99,99,0,0,0,1,1
45,450315,1,1,0,0,0,1,1,13,0,30,6,2014,2,17,25,0,4,3,SR-292,,0,32.56822778,-80.78582778,0,42,0,0,1,1,0,4,1,1,0,1,0,0000000,17,50,18,15,18,55,0,0,0,1,1
45,450316,2,2,0,0,0,3,3,85,0,10,5,2014,7,1,30,0,3,3,SR-261,,0,33.92569167,-80.51985556,0,12,2,0,1,1,0,1,2,1,0,1,0,0000000,1,47,2,1,99,99,0,0,0,1,1
45,450317,1,1,0,0,0,1,1,19,1710,19,6,2014,5,2,0,1,13,2,US-17,,398,32.84575833,-79.81232778,0,33,0,0,1,1,0,4,3,1,0,1,0,0000000,2,0,2,5,2,29,0,0,0,1,0
45,450318,1,1,0,0,0,2,2,59,0,1,7,2014,3,16,30,0,9,3,SR-355,,7,34.50915,-81.91595,0,42,0,0,1,1,0,4,1,1,0,1,0,0000000,99,99,99,99,99,99,0,0,0,1,1
45,450319,1,1,0,0,0,1,1,63,0,3,7,2014,5,7,15,1,11,1,I-20,,576,33.97341667,-81.19696111,0,24,0,0,1,1,0,4,1,1,0,1,0,0000000,88,88,88,88,88,88,0,0,0,1,0
45,450320,2,2,0,0,0,6,6,43,0,3,7,2014,5,20,0,1,13,2,US-17,SR-392,339,33.52846667,-79.06231667,0,12,6,0,2,2,0,1,1,1,0,1,0,0000000,20,6,20,11,20,48,0,0,0,1,1
45,450321,1,1,0,0,0,1,1,3,0,3,7,2014,5,22,10,0,9,3,SR-183,,41,33.67846389,-81.27079722,0,1,0,0,1,1,0,4,2,1,0,1,0,0000000,88,88,88,88,88,88,0,0,0,1,1
45,450322,1,1,0,0,0,1,1,19,1292,4,7,2014,6,2,16,0,6,4,CR-KIAWAH ISLAND PKWY,,0,32.59904722,-80.12145556,0,42,0,0,1,1,0,4,2,1,0,1,0,0000000,2,44,2,52,3,22,0,0,0,1,1
45,450323,1,1,0,0,0,2,2,9,0,4,7,2014,6,2,0,0,4,3,SR-362,,150,33.25185833,-80.99076111,0,42,0,0,1,1,0,4,2,1,0,1,0,0000000,99,99,99,99,99,99,0,0,0,1,1
45,450324,1,1,0,0,0,4,4,7,40,5,7,2014,7,18,25,1,2,2,US-76,,0,34.49145556,-82.61391667,0,1,0,0,1,1,0,1,1,1,0,1,0,0000000,18,28,18,34,18,52,0,0,0,1,0
45,450325,2,2,0,0,0,3,3,3,20,16,7,2014,4,8,0,0,13,3,SR-19,,93,33.51288333,-81.71387222,0,12,2,0,1,1,0,1,1,1,0,1,0,0000000,8,4,8,10,8,32,0,0,0,1,0
45,450326,1,1,0,0,0,3,3,77,0,12,4,2014,7,19,15,0,9,3,SR-115,,0,34.65430556,-82.82968056,0,42,0,0,1,1,0,4,1,1,0,1,0,0000000,99,99,99,99,99,99,0,0,0,2,1
45,450327,2,2,0,0,0,2,2,45,2615,23,4,2014,4,18,46,0,9,3,SR-0869,,23,34.98303889,-82.43686667,0,12,6,0,1,1,0,1,1,1,0,1,0,0000000,99,99,99,99,99,99,0,0,0,1,1
45,450328,1,1,0,0,0,3,3,53,0,23,6,2014,2,11,48,1,1,1,I-95,,81,32.30896389,-81.05873611,0,42,0,0,1,1,0,3,1,10,0,10,0,0000000,99,99,99,99,99,99,0,0,0,1,0
45,450329,1,1,0,1,1,1,1,51,0,21,6,2014,7,22,25,1,12,2,US-17,,2,33.79018056,-78.76584167,0,15,0,0,1,1,0,1,2,1,0,1,0,0000000,88,88,88,88,88,88,0,0,0,1,0
45,450330,1,1,0,0,0,1,1,1,0,22,6,2014,1,21,40,0,4,3,SR-112,,43,34.39975278,-82.42057778,0,11,0,0,1,1,0,1,2,1,0,1,0,0000000,21,45,21,54,22,37,0,0,0,1,0
45,450331,1,1,0,0,0,1,1,79,0,24,6,2014,3,6,55,1,11,1,I-20,,757,34.07299444,-80.97131667,0,42,0,0,1,1,0,4,1,2,0,2,0,0000000,88,88,88,88,88,88,0,0,0,1,1
45,450332,2,2,0,0,0,3,3,61,0,27,6,2014,6,12,15,0,3,3,SR-341,,28,34.32359167,-80.28547778,0,12,6,0,8,1,0,1,1,10,0,10,0,0000000,88,88,88,88,88,88,0,0,0,1,0
45,450333,1,1,0,0,0,1,1,65,0,28,6,2014,7,1,20,1,2,2,US-221,,0,33.74125,-82.20602778,0,34,0,0,1,1,0,4,2,1,0,1,0,0000000,88,88,88,88,88,88,0,0,0,1,0
45,450334,2,2,0,0,0,5,5,63,0,5,7,2014,7,22,0,0,4,3,SR-625,,15,33.79102222,-81.24977778,0,12,2,0,1,1,0,1,2,1,0,1,0,0000000,22,1,22,9,22,43,0,0,0,1,0
45,450335,1,1,0,0,0,3,3,45,1060,9,7,2014,4,6,11,0,4,3,SR-94,,0,34.906975,-82.24886389,0,42,0,0,1,1,0,4,4,1,0,1,0,0000000,99,99,99,99,99,99,0,0,0,2,0
45,450336,2,2,0,0,0,2,2,83,0,10,7,2014,5,7,6,0,9,3,SR-223,SR-135,12,34.87291667,-82.09930556,0,12,6,0,8,1,0,1,1,10,0,10,0,0000000,99,99,99,99,99,99,0,0,0,1,0
45,450337,1,1,0,1,1,1,1,45,0,11,7,2014,6,12,13,1,13,2,US-123,,0,34.83757778,-82.43101111,0,8,0,0,1,1,0,1,1,1,0,1,0,0000000,88,88,88,88,88,88,0,0,0,2,0
45,450338,2,2,0,0,0,2,2,71,0,4,6,2014,4,20,35,0,4,3,SR-58,GLADES RD,89,34.27633889,-81.76899167,0,12,6,0,2,3,0,1,2,1,0,1,0,0000000,88,88,88,88,88,88,0,0,0,1,0
45,450339,1,1,0,0,0,3,3,49,0,13,7,2014,1,18,45,0,4,3,SR-13,,116,32.82395556,-80.91647222,0,1,0,0,1,1,0,4,1,1,0,1,0,0000000,99,99,99,99,99,99,0,0,0,1,0
45,450340,1,1,0,0,0,1,1,29,0,12,7,2014,7,16,42,1,2,2,US-17,,0,32.79216111,-80.72487778,0,42,0,0,1,1,0,4,1,1,0,1,0,0000000,16,52,16,52,17,52,0,0,0,1,1
45,450341,1,1,0,0,0,1,1,15,0,14,7,2014,2,7,30,0,4,3,SR-40,,0,33.28719444,-79.90252778,0,34,0,0,1,1,0,4,1,1,0,1,0,0000000,88,88,88,88,88,88,0,0,0,1,1
45,450342,1,1,0,0,0,2,2,7,0,19,7,2014,7,13,0,0,3,3,SR-20,,0,34.42455556,-82.47475833,0,19,0,0,1,1,0,4,1,2,0,2,0,0000000,99,99,99,99,99,99,0,0,0,1,0
45,450343,1,1,0,0,0,1,1,7,0,22,7,2014,3,18,16,0,3,3,SR-20,,0,34.48579722,-82.48453056,0,34,0,0,1,1,0,4,1,1,0,1,0,0000000,18,16,18,23,99,99,0,0,0,1,0
45,450344,1,1,0,1,1,1,1,67,0,4,7,2014,6,23,20,1,2,2,US-501,,0,34.25392222,-79.41470278,0,8,0,0,1,1,0,1,2,1,0,1,0,0000000,88,88,88,88,88,88,0,0,0,1,0
45,450345,1,1,0,1,1,1,1,11,0,5,7,2014,7,0,50,0,4,3,SR-41,,44,33.30479722,-81.34716944,0,8,0,0,1,1,0,1,2,1,0,1,0,0000000,88,88,88,88,88,88,0,0,0,1,0
45,450346,2,2,0,0,0,6,6,33,0,6,7,2014,1,2,21,0,3,3,SR-9,S-23,75,34.47635,-79.40347778,0,12,2,0,3,2,0,1,2,1,0,1,0,0000000,2,21,2,36,99,99,0,0,0,1,1
45,450347,1,1,0,1,1,2,2,47,0,5,7,2014,7,11,15,0,6,4,CR-STATE PARK RD,,0,34.19716111,-81.94971389,8,8,0,0,8,1,0,1,1,1,0,1,0,0000000,11,19,11,30,12,9,0,0,0,1,0
45,450348,2,2,0,0,0,3,3,23,890,7,7,2014,2,5,30,0,4,2,US-21,,107,34.69038611,-80.89417222,0,12,2,0,1,1,0,1,2,1,0,1,0,0000000,99,99,99,99,99,99,0,0,0,1,1
45,450349,1,1,0,0,0,1,1,59,0,9,7,2014,4,21,35,1,1,1,I-385,,158,34.45851111,-81.79195833,0,1,0,0,1,1,0,4,2,1,0,1,0,0000000,88,88,88,88,88,88,0,0,0,1,1
45,450350,2,2,0,0,0,2,2,89,0,14,7,2014,2,9,40,0,3,3,SR-41,,356,33.73860278,-79.44823889,0,12,7,0,1,1,0,1,1,1,0,1,0,0000000,88,88,88,88,88,88,0,0,0,1,1
45,450351,1,1,0,0,0,1,1,75,0,17,7,2014,5,21,30,0,4,3,SR-210,SR-172,233,33.42288056,-80.49990556,0,42,0,0,3,3,0,4,2,1,0,1,0,0000000,21,30,21,38,22,4,0,0,0,1,0
45,450352,1,1,0,0,0,2,2,43,0,18,7,2014,6,0,5,0,4,3,SR-277,,0,33.52845556,-79.07118611,0,31,0,0,8,1,0,4,2,1,0,1,0,0000000,1,26,1,30,2,0,0,0,0,1,0
45,450353,1,1,0,1,1,1,1,15,0,18,7,2014,6,22,40,0,3,3,SR-45,,0,33.38136667,-80.14384444,0,8,0,0,1,1,0,1,2,1,0,1,0,0000000,99,99,99,99,99,99,0,0,0,1,0
45,450354,1,1,0,0,0,1,1,47,0,20,7,2014,1,22,15,0,3,3,SR-67,,0,34.11768056,-82.126625,0,53,0,0,1,1,0,4,2,1,0,1,0,0000000,22,17,22,25,23,2,0,0,0,1,1
45,450355,2,2,0,0,0,3,3,41,0,21,7,2014,2,16,19,0,4,3,SR-53,,0,34.090425,-80.04096111,0,12,2,0,1,1,0,1,1,2,0,2,0,0000000,99,99,99,99,99,99,0,0,0,1,0
45,450356,1,1,0,0,0,1,1,91,0,24,7,2014,5,7,15,0,4,3,SR-819,,0,35.04048889,-81.18136667,0,34,0,0,1,1,0,4,1,1,0,1,0,0000000,99,99,99,99,99,99,0,0,0,1,0
45,450357,2,2,0,0,0,2,2,15,0,25,7,2014,6,13,30,0,15,3,SR-62,SR-1172,0,32.99479167,-80.09737222,0,12,6,0,2,3,0,1,1,1,0,1,0,0000000,14,15,14,21,14,42,0,0,0,1,1
45,450358,2,2,0,0,0,2,2,15,0,7,6,2014,7,14,10,0,15,3,SR-366,,0,33.20791389,-79.99303889,0,1,0,0,8,1,0,1,1,10,0,10,0,0000000,88,88,88,88,88,88,0,0,0,1,0
45,450359,1,1,0,0,0,3,3,29,0,21,6,2014,7,2,30,0,3,3,SR-64,,316,32.83413056,-80.58203056,0,1,0,0,1,1,0,4,2,1,0,1,0,0000000,99,99,99,99,99,99,0,0,0,1,1
45,450360,1,1,0,0,0,1,1,79,0,12,7,2014,7,2,45,0,4,3,SR-330,,23,34.11176667,-81.05274167,0,42,0,0,1,1,0,4,6,1,0,1,0,0000000,88,88,88,88,88,88,0,0,0,1,1
45,450361,1,1,0,1,1,1,1,51,1825,12,7,2014,7,2,33,1,2,2,US-17,,250,33.80410556,-78.72249167,0,9,0,0,1,1,0,1,3,10,0,10,0,0000000,88,88,88,88,88,88,0,0,0,1,1
45,450362,1,1,0,0,0,3,3,85,0,23,7,2014,4,15,15,0,9,3,SR-543,,16,33.77296667,-80.37943611,0,34,0,0,1,1,0,4,1,1,0,1,0,0000000,16,15,16,35,99,99,0,0,0,2,1
45,450363,2,2,0,0,0,5,5,51,0,27,7,2014,1,14,50,1,13,2,US-17,SR-469,206,33.77885556,-78.79207778,0,1,0,0,2,2,0,1,1,1,0,1,0,0000000,88,88,88,88,88,88,0,0,0,1,0
45,450364,1,1,0,0,0,1,1,29,0,27,7,2014,1,19,50,0,4,3,SR-21,,74,33.00725278,-80.56183333,0,53,0,0,1,1,0,4,1,1,0,1,0,0000000,88,88,88,88,88,88,0,0,0,1,1
45,450365,1,1,0,0,0,3,3,79,0,28,7,2014,2,14,31,0,3,3,SR-215,,97,34.16425,-81.11808889,0,35,0,0,1,1,0,4,1,1,0,1,0,0000000,99,99,99,99,99,99,0,0,0,1,1
45,450366,2,2,0,0,0,3,3,51,0,29,7,2014,3,12,50,1,2,3,SR-9,SR-420,218,34.04978056,-78.83631667,0,12,6,0,2,2,0,1,1,1,0,1,0,0000000,99,99,99,99,99,99,0,0,0,1,0