STATE,ST_CASE,VE_TOTAL,VE_FORMS,PVH_INVL,PEDS,PERNOTMVIT,PERMVIT,PERSONS,COUNTY,CITY,DAY,MONTH,YEAR,DAY_WEEK,HOUR,MINUTE,NHS,ROAD_FNC,ROUTE,TWAY_ID,TWAY_ID2,MILEPT,LATITUDE,LONGITUD,SP_JUR,HARM_EV,MAN_COLL,RELJCT1,RELJCT2,TYP_INT,WRK_ZONE,REL_ROAD,LGT_COND,WEATHER1,WEATHER2,WEATHER,SCH_BUS,RAIL,NOT_HOUR,NOT_MIN,ARR_HOUR,ARR_MIN,HOSP_HR,HOSP_MN,CF1,CF2,CF3,FATALS,DRUNK_DR
45,450607,1,1,0,0,0,1,1,51,0,23,8,2014,7,18,52,0,3,3,SR-31,,0,33.82489722,-78.73279167,0,24,0,0,1,1,0,3,5,10,0,10,0,0000000,18,54,19,1,19,18,0,0,0,1,0
45,450608,1,1,0,0,0,1,1,43,0,23,8,2014,7,20,15,0,9,3,SR-22,,28,33.38158889,-79.46978333,0,34,0,0,1,1,0,4,2,10,0,10,0,0000000,88,88,88,88,88,88,0,0,0,1,0
45,450609,1,1,0,0,0,1,1,19,2515,15,6,2014,1,2,1,0,19,3,SR-30,,4,32.76802778,-79.82085278,0,42,0,0,1,1,0,4,3,1,0,1,0,0000000,2,1,2,15,2,40,0,0,0,1,1
45,450610,1,1,0,0,0,1,1,89,0,24,8,2014,1,14,50,0,3,3,SR-41,,0,33.66811111,-79.44068889,0,34,0,0,1,1,0,4,1,1,0,1,0,0000000,88,88,88,88,88,88,0,0,0,1,0
45,450611,2,2,0,0,0,3,3,27,0,30,8,2014,7,23,55,0,3,3,SR-261,,50,33.72508056,-80.31344722,0,12,1,0,1,1,0,1,3,1,0,1,0,0000000,99,99,99,99,99,99,0,0,0,1,2
45,450612,1,1,0,1,1,1,1,49,0,1,9,2014,2,4,5,0,3,3,SR-68,,5,32.78286111,-80.98360833,0,8,0,0,1,1,0,1,2,1,0,1,0,0000000,88,88,88,88,88,88,0,0,0,1,0
45,450613,1,1,0,0,0,1,1,31,0,5,9,2014,6,20,25,0,9,3,SR-112,,70,34.32300833,-79.98709444,0,34,0,0,1,1,0,4,2,1,0,1,0,0000000,20,25,20,25,20,57,0,0,0,1,0
45,450614,2,2,0,0,0,6,6,41,0,6,9,2014,7,0,30,0,4,3,SR-164,,0,33.94713333,-79.57305556,0,12,6,0,1,1,0,1,2,1,0,1,0,0000000,99,99,99,99,99,99,0,0,0,1,1
45,450615,1,1,0,0,0,3,3,53,1080,7,9,2014,1,13,54,1,1,1,I-95,,57,32.28021111,-81.07263611,0,34,0,0,1,1,0,4,1,1,0,1,0,0000000,99,99,99,99,99,99,0,0,0,1,0
45,450616,2,2,0,0,0,2,2,51,0,14,9,2014,1,20,0,0,14,3,SR-90,,0,33.85345,-78.67155,0,12,1,0,1,1,0,1,2,1,0,1,0,0000000,88,88,88,88,88,88,0,0,0,1,1
45,450617,2,2,0,0,0,2,2,79,0,15,9,2014,2,14,0,0,4,3,SR-54,,17,34.20587778,-80.95207778,0,12,2,0,1,1,0,1,1,1,0,1,0,0000000,99,99,99,99,99,99,0,0,0,1,0
45,450618,1,1,0,1,1,1,1,81,0,21,9,2014,1,23,20,0,3,3,SR-23,,33,33.85609722,-81.71967778,0,8,0,0,1,1,0,1,2,1,0,1,0,0000000,88,88,88,88,88,88,0,0,0,1,0
45,450619,1,1,0,0,0,2,2,75,0,3,10,2014,6,3,45,0,9,3,SR-607,,0,33.39345556,-80.42859444,0,32,0,0,1,1,0,4,2,1,0,1,0,0000000,3,58,4,11,99,99,0,0,0,1,1
45,450620,2,2,0,0,0,3,3,79,520,4,10,2014,7,19,38,0,3,3,SR-2890,SR-214,0,34.01654167,-81.08663611,0,12,2,0,2,3,0,1,3,1,0,1,0,0000000,19,50,19,54,20,13,0,0,0,2,1
45,450621,1,1,0,1,1,1,1,51,1825,7,10,2014,3,23,44,1,12,2,US-17,SR-226,247,33.80265556,-78.72698333,0,8,0,0,1,1,0,1,3,1,0,1,0,0000000,23,45,23,50,99,99,0,0,0,1,0
45,450622,1,1,0,1,1,1,1,35,2530,9,10,2014,5,6,20,0,3,3,SR-165,SR-708,0,33.00640556,-80.18140278,0,9,0,0,2,2,0,1,3,1,0,1,0,0000000,88,88,88,88,88,88,0,0,0,1,0
45,450623,1,1,0,0,0,1,1,35,0,14,10,2014,3,6,43,1,1,1,I-95,,716,33.11815,-80.641325,0,1,0,0,1,1,0,4,2,1,0,1,0,0000000,99,99,99,99,99,99,0,0,0,1,0
45,450624,2,2,0,0,0,2,2,47,0,16,10,2014,5,0,25,0,14,3,SR-34,,0,34.16378889,-82.11428056,0,12,2,0,1,1,0,1,3,1,0,1,0,0000000,99,99,99,99,99,99,0,0,0,1,1
45,450625,1,1,0,1,1,1,1,41,870,16,10,2014,5,21,34,1,13,2,US-52,,287,34.22755556,-79.79674722,0,8,0,0,1,1,0,1,6,1,0,1,0,0000000,21,38,21,45,21,57,0,0,0,1,0
45,450626,1,1,0,1,1,1,1,79,520,17,10,2014,6,14,41,0,13,2,US-76,SR-1998,220,34.006375,-81.01086389,0,8,0,0,2,2,0,1,1,1,0,1,0,0000000,99,99,99,99,99,99,0,0,0,1,0
45,450627,1,1,0,1,1,1,1,7,0,21,10,2014,3,20,5,0,14,3,SR-86,,0,34.70485278,-82.48470278,0,8,0,0,1,1,0,4,2,1,0,1,0,0000000,20,8,20,16,20,46,0,0,0,1,0
45,450628,1,1,0,1,1,1,1,13,0,23,10,2014,5,2,10,0,3,3,SR-170,CR- CHERRY POINT RD,0,32.32329167,-80.93281389,0,8,0,0,2,2,1,1,6,1,0,1,0,0000000,88,88,88,88,88,88,0,0,0,1,1
45,450629,2,2,0,0,0,2,2,51,0,24,10,2014,6,15,15,1,13,3,SR-9,,369,33.88358056,-78.68728611,0,12,6,0,8,1,0,1,1,1,0,1,0,0000000,15,23,15,28,15,56,0,0,0,1,0
45,450630,2,2,0,0,0,2,2,45,0,25,10,2014,7,4,38,0,14,3,SR-291,,0,34.77108889,-82.38627222,0,12,2,0,1,1,0,1,2,1,0,1,0,0000000,99,99,99,99,99,99,0,0,0,1,1
45,450631,4,4,0,0,0,8,8,79,0,26,10,2014,1,20,0,1,11,1,I-26,,965,34.14571111,-81.23712778,0,12,1,0,1,1,0,1,2,1,0,1,0,0000000,20,27,20,33,21,5,0,0,0,1,0
45,450632,2,2,0,0,0,2,2,19,410,28,10,2014,3,21,39,0,3,3,SR-700,,0,32.751875,-80.01773056,0,12,2,0,1,1,0,1,2,1,0,1,0,0000000,99,99,99,99,99,99,0,0,0,1,0
45,450633,2,2,0,0,0,4,4,51,0,29,10,2014,4,15,40,0,15,3,SR-137,CR- AMBROSIA LOOP,0,33.72547778,-78.95553333,0,12,2,0,2,3,0,1,1,1,0,1,0,0000000,15,44,15,45,16,13,0,0,0,1,0
45,450634,3,3,0,0,0,3,3,41,870,29,10,2014,4,5,0,0,15,3,SR-92,SR-12,9,34.19578889,-79.76187222,0,12,6,0,2,2,0,1,2,1,0,1,0,0000000,99,99,99,99,99,99,20,0,0,1,1
45,450635,2,2,0,0,0,3,3,15,0,30,10,2014,5,6,0,1,2,2,US-17,,0,33.28487222,-79.7103,0,12,1,0,1,1,0,1,2,1,0,1,0,0000000,88,88,88,88,88,88,0,0,0,2,0
45,450636,1,1,0,0,0,1,1,27,0,5,11,2014,4,14,25,1,2,2,US-521,,162,33.76985833,-80.23581944,0,42,0,0,1,1,0,4,1,1,0,1,0,0000000,14,28,14,57,15,2,0,0,0,1,0
45,450637,1,1,0,1,1,1,1,13,1145,5,11,2014,4,21,45,1,2,2,US-278,CR-YACHT COVE,0,32.17564444,-80.73100278,0,8,0,0,2,2,0,1,2,1,0,1,0,0000000,88,88,88,88,88,88,0,0,0,1,0
45,450638,1,1,0,0,0,1,1,55,0,7,11,2014,6,16,30,1,1,1,I-20,,1014,34.21095278,-80.487425,0,42,0,0,1,1,0,4,1,1,0,1,0,0000000,88,88,88,88,88,88,0,0,0,1,0
45,450639,1,1,0,0,0,1,1,3,0,7,11,2014,6,15,30,0,6,4,CR-WESTBROOK RD,,0,33.39764444,-81.88323611,0,35,0,0,1,1,0,4,1,1,0,1,0,0000000,88,88,88,88,88,88,0,0,0,1,0
45,450640,1,1,0,0,0,1,1,69,0,7,11,2014,6,18,45,0,9,3,SR-51,,22,34.57759722,-79.66829167,0,11,0,0,1,1,0,1,2,1,0,1,0,0000000,99,99,99,99,99,99,0,0,0,1,0
45,450641,1,1,0,0,0,1,1,43,0,8,11,2014,7,4,30,1,2,2,US-17,,0,33.23745556,-79.37583056,0,38,0,0,1,1,0,4,2,1,0,1,0,0000000,88,88,88,88,88,88,0,0,0,1,0
45,450642,1,1,0,0,0,1,1,51,0,8,11,2014,7,6,55,0,3,3,SR-130,,19,34.03324167,-79.19303889,0,34,0,0,1,1,0,4,4,1,0,1,0,0000000,88,88,88,88,88,88,0,0,0,1,0
45,450643,2,2,0,0,0,2,2,55,1290,8,11,2014,7,20,45,1,2,2,US-521,,0,34.55401667,-80.58691944,0,12,2,0,1,1,0,1,3,1,0,1,0,0000000,99,99,99,99,99,99,0,0,0,1,1
45,450644,1,1,0,1,1,1,1,5,0,8,11,2014,7,18,5,0,9,3,SR-344,,12,33.03773333,-81.35363333,0,8,0,0,1,1,0,1,2,1,0,1,0,0000000,88,88,88,88,88,88,0,0,0,1,0
45,450645,1,1,0,1,1,1,1,31,0,8,11,2014,7,18,25,0,3,3,SR-401,,12,34.14273333,-80.109275,0,8,0,0,1,1,0,1,2,1,0,1,0,0000000,99,99,99,99,99,99,0,0,0,1,0
45,450646,2,2,0,0,0,7,7,7,40,8,11,2014,7,0,17,1,2,2,US-29,,0,34.51208056,-82.63638333,0,12,2,0,1,1,0,1,3,1,0,1,0,0000000,99,99,99,99,99,99,0,0,0,3,1
45,450647,1,1,0,0,0,1,1,35,0,9,11,2014,1,16,30,0,3,3,SR-483,,0,33.24491389,-80.52342778,0,53,0,0,1,1,0,4,2,1,0,1,0,0000000,99,99,99,99,99,99,0,0,0,1,1
45,450648,3,3,0,0,0,7,7,13,0,9,11,2014,1,6,14,0,3,3,SR-170,,0,32.37655278,-80.79538056,0,23,0,0,1,1,0,3,2,1,0,1,0,0000000,88,88,88,88,88,88,0,0,0,1,1
45,450649,1,1,0,0,0,4,4,21,0,11,11,2014,3,15,11,0,3,3,SR-40,,24,34.99016389,-81.75815556,0,59,0,0,1,1,0,4,1,1,0,1,0,0000000,15,11,15,25,15,50,0,0,0,1,1
45,450650,1,1,0,0,0,1,1,57,0,12,11,2014,4,6,40,0,3,3,SR-39,,36,34.80944444,-80.85243889,0,1,0,0,1,1,0,4,4,1,0,1,0,0000000,88,88,88,88,88,88,0,0,0,1,0
45,450651,1,1,0,0,0,3,3,79,520,12,11,2014,4,14,42,0,15,4,CR-OLD LEESBURG RD,,0,33.98711111,-80.88181111,0,42,0,0,1,1,0,4,1,1,0,1,0,0000000,99,99,99,99,99,99,20,0,0,1,1
45,450652,1,1,0,0,0,1,1,13,0,13,11,2014,5,20,30,0,6,4,CR-STROBAN RD,,0,32.60075556,-80.70241389,0,34,0,0,1,1,0,4,2,1,0,1,0,0000000,88,88,88,88,88,88,0,0,0,1,1
45,450653,1,1,0,0,0,1,1,45,0,15,11,2014,7,6,35,0,3,3,SR-414,,105,35.08261944,-82.33632222,0,42,0,0,1,1,0,4,2,1,0,1,0,0000000,88,88,88,88,88,88,0,0,0,1,0
45,450654,1,1,0,1,1,1,1,3,0,16,11,2014,1,19,0,0,3,3,SR-19,,0,33.69645833,-81.78635,0,8,0,0,1,1,0,1,2,1,0,1,0,0000000,88,88,88,88,88,88,0,0,0,1,0
45,450655,1,1,0,0,0,2,2,51,0,18,11,2014,3,21,0,0,6,4,CR-PARTY PINE RD,,0,33.90586667,-79.12356389,0,42,0,0,1,1,0,4,2,1,0,1,0,0000000,99,99,99,99,99,99,0,0,0,1,0
45,450656,1,1,0,0,0,1,1,3,20,18,11,2014,3,12,58,0,13,3,SR-19,,93,33.51550278,-81.71531667,0,34,0,0,1,1,0,4,1,1,0,1,0,0000000,13,11,13,17,13,39,0,0,0,1,0
45,450657,2,2,0,0,0,2,2,73,0,19,11,2014,4,6,25,0,3,3,SR-130,,63,34.74843889,-82.90861944,0,12,2,0,1,1,0,1,2,1,0,1,0,0000000,99,99,99,99,99,99,0,0,0,1,0
45,450658,1,1,0,0,0,1,1,75,0,21,11,2014,6,11,30,1,1,1,I-26,,0,33.33815,-80.53614167,0,42,0,0,1,1,0,3,1,1,0,1,0,0000000,88,88,88,88,88,88,0,0,0,1,0
45,450659,1,1,0,0,0,1,1,83,0,22,11,2014,7,11,25,0,3,3,SR-11,,152,35.14463889,-81.97984444,0,35,0,0,1,1,0,4,1,1,0,1,0,0000000,12,2,12,8,99,99,0,0,0,1,0
45,450660,1,1,0,1,1,1,1,79,0,23,11,2014,1,0,5,1,11,1,I-20,,651,34.04462778,-81.08114444,0,8,0,0,1,1,0,1,2,2,0,2,0,0000000,88,88,88,88,88,88,0,0,0,1,0
45,450661,1,1,0,0,0,1,1,33,0,23,11,2014,1,16,52,0,3,3,SR-425,,0,34.35213333,-79.56794722,0,34,0,0,1,1,0,4,1,2,0,2,0,0000000,16,57,17,6,99,99,0,0,0,1,0
45,450662,2,2,0,0,0,3,3,41,0,23,11,2014,1,19,40,0,3,3,SR-57,,0,34.14161389,-79.69471389,0,12,6,0,1,1,0,1,2,2,0,2,0,0000000,99,99,99,99,99,99,0,0,0,1,0
45,450663,1,1,0,0,0,4,4,83,0,6,9,2014,7,16,30,1,11,1,I-85,,705,34.97702222,-81.98161111,0,1,0,0,1,1,0,4,1,1,0,1,0,0000000,99,99,99,99,99,99,0,0,0,1,0
45,450664,2,2,0,0,0,3,3,59,0,16,10,2014,5,9,55,1,1,1,I-26,,597,34.43985,-81.76173611,0,12,7,0,1,1,0,1,1,1,0,1,0,0000000,9,58,10,10,11,10,0,0,0,1,0
45,450665,2,2,0,0,0,2,2,83,0,24,10,2014,6,3,18,1,11,1,I-85,,598,34.89323611,-82.15895,0,12,1,0,1,1,0,1,2,1,0,1,0,0000000,88,88,88,88,88,88,0,0,0,1,0
45,450666,1,1,0,0,0,1,1,55,0,13,11,2014,5,18,2,0,3,3,SR-292,SC-346,0,34.42321111,-80.34846111,0,42,0,0,3,2,0,4,5,1,0,1,0,0000000,18,8,18,31,19,16,0,0,0,1,0
45,450667,2,1,1,1,2,2,3,43,0,12,11,2014,4,18,43,0,9,3,SR-351,,0,33.66841111,-79.38445556,0,14,0,0,1,1,0,1,2,1,0,1,0,0000000,88,88,88,88,88,88,0,0,0,1,0
45,450668,5,5,0,0,0,8,8,59,0,20,11,2014,5,15,38,1,2,2,US-76,SR-729,130,34.50919444,-82.08385,0,12,8,0,2,2,0,1,1,1,0,1,0,0000000,15,49,15,59,16,30,0,0,0,1,0
45,450669,1,1,0,0,0,1,1,67,0,12,11,2014,4,10,10,0,9,3,SR-41,,69,34.19636389,-79.31089722,0,32,0,0,1,1,0,4,1,1,0,1,0,0000000,99,99,99,99,99,99,0,0,0,1,0
45,450670,1,1,0,0,0,1,1,7,0,23,11,2014,1,2,0,1,13,2,US-76,,0,34.47887222,-82.59833056,0,30,0,0,1,1,0,4,2,1,0,1,0,0000000,88,88,88,88,88,88,0,0,0,1,1
45,450671,2,2,0,0,0,3,3,41,0,24,11,2014,2,18,42,0,3,3,SR-36,,35,33.86383611,-79.81905556,0,12,2,0,1,1,0,1,2,2,0,2,0,0000000,18,43,18,49,19,0,0,0,0,2,0
45,450672,2,2,0,0,0,7,7,15,0,24,11,2014,2,14,1,0,3,2,US-176,,110,33.20215,-80.24789444,0,12,2,0,1,1,0,1,1,2,0,2,0,0000000,99,99,99,99,99,99,0,0,0,1,0
45,450673,2,2,0,0,0,3,3,51,1500,25,11,2014,3,2,30,0,6,4,CR-CHURCH STREET,,0,34.064825,-78.89309167,0,12,6,0,8,1,0,1,3,2,0,2,0,0000000,99,99,99,99,99,99,0,0,0,1,1
45,450674,1,1,0,1,1,2,2,45,0,25,11,2014,3,20,17,0,14,3,SR-221,,0,34.76876667,-82.35306111,0,8,0,0,1,1,0,1,2,1,0,1,0,0000000,99,99,99,99,99,99,0,0,0,1,0
45,450675,1,1,0,0,0,1,1,7,0,25,11,2014,3,3,11,0,3,3,SR-252,,0,34.43066944,-82.45011111,0,42,0,0,1,1,0,4,2,1,0,1,0,0000000,3,17,3,26,99,99,0,0,0,1,1
45,450676,2,2,0,0,0,2,2,69,0,26,11,2014,4,17,29,0,3,2,US-15,,47,34.55050556,-79.79635278,0,12,6,0,1,1,0,1,5,1,0,1,0,0000000,99,99,99,99,99,99,23,0,0,1,0
45,450677,2,2,0,0,0,11,11,63,0,27,11,2014,5,5,0,1,1,1,I-20,,387,33.82316944,-81.44360833,0,12,1,0,1,1,0,1,2,1,0,1,0,0000000,5,6,5,20,99,99,0,0,0,1,0
45,450678,1,1,0,1,1,1,1,17,0,27,11,2014,5,0,30,1,1,1,I-26,,1363,33.6595,-80.8887,0,26,0,0,1,1,0,3,2,1,0,1,0,0000000,99,99,99,99,99,99,23,0,0,1,0
45,450679,2,2,0,0,0,3,3,55,0,28,11,2014,6,19,20,1,1,1,I-20,,917,34.18365556,-80.69710833,0,12,6,0,1,1,0,1,2,1,0,1,0,0000000,19,25,19,40,20,40,19,0,0,2,0
45,450680,1,1,0,0,0,1,1,59,0,29,11,2014,7,3,15,0,3,3,SR-92,,35,34.62896667,-82.06270833,0,34,0,0,1,1,0,4,2,1,0,1,0,0000000,99,99,99,99,99,99,0,0,0,1,1
45,450681,1,1,0,0,0,1,1,53,0,29,11,2014,7,4,30,1,1,1,I-95,,51,32.58606389,-80.92503611,0,18,0,0,1,1,0,4,2,1,0,1,0,0000000,88,88,88,88,88,88,0,0,0,1,0
45,450682,1,1,0,0,0,2,2,19,0,30,11,2014,1,13,0,0,4,3,SR-54,,140,32.76316944,-80.06067778,0,42,0,0,1,1,0,4,1,1,0,1,0,0000000,99,99,99,99,99,99,0,0,0,1,0
45,450683,1,1,0,0,0,1,1,79,0,30,11,2014,1,23,40,0,3,3,SR-769,,87,33.85934722,-80.76450278,0,1,0,0,1,1,0,1,2,1,0,1,0,0000000,88,88,88,88,88,88,0,0,0,1,1
45,450684,2,2,0,0,0,2,2,19,1805,23,9,2014,3,14,20,0,3,3,SR-642,,7,32.89736389,-80.07448056,0,12,7,0,1,1,0,1,1,2,0,2,0,0000000,99,99,99,99,99,99,0,0,0,1,0
45,450686,1,1,0,0,0,1,1,79,0,31,10,2014,6,2,1,0,15,3,SR-228,SR-1466,15,34.04623333,-81.0259,0,34,0,0,3,3,0,4,3,1,0,1,0,0000000,88,88,88,88,88,88,0,0,0,1,1
45,450687,2,2,0,0,0,5,5,59,0,1,12,2014,2,8,43,0,3,2,US-76,CR-COUNTRY CLUB RD,207,34.48648056,-81.95778889,0,12,1,0,3,3,0,1,1,1,0,1,0,0000000,99,99,99,99,99,99,0,0,0,3,0
45,450688,2,2,0,0,0,2,2,17,0,1,12,2014,2,12,40,0,3,3,SR-172,SR-29,23,33.66915556,-80.9606,0,12,6,0,2,2,0,1,1,1,0,1,0,0000000,88,88,88,88,88,88,0,0,0,1,0
45,450689,2,2,0,0,0,2,2,51,0,2,12,2014,3,15,15,0,14,3,SR-544,,0,33.76408056,-79.02000278,0,12,6,0,8,1,0,1,1,1,0,1,0,0000000,88,88,88,88,88,88,0,0,0,1,0
45,450690,2,2,0,0,0,2,2,41,0,3,12,2014,4,6,30,0,3,3,SR-67,,12,33.83001944,-79.6993,0,12,6,0,4,1,0,1,2,5,0,5,0,0000000,88,88,88,88,88,88,0,0,0,1,0
45,450691,2,2,0,0,0,4,4,15,0,20,10,2014,2,11,10,0,4,2,US-176,,145,33.15255833,-80.17745278,0,12,2,0,1,1,0,2,1,1,0,1,0,0000000,99,99,99,99,99,99,0,0,0,1,0
45,450692,1,1,0,1,1,2,2,7,0,5,12,2014,6,1,54,1,13,2,US-29,,0,34.61586667,-82.49380278,0,8,0,0,1,1,0,1,2,2,0,2,0,0000000,88,88,88,88,88,88,0,0,0,1,1
45,450693,2,2,0,0,0,3,3,79,0,6,12,2014,7,17,24,0,3,3,SR-222,SR-1858,55,33.91735556,-80.88938056,0,12,6,0,2,3,0,1,1,1,0,1,0,0000000,99,99,99,99,99,99,0,0,0,1,0
45,450694,1,1,0,1,1,1,1,51,0,10,12,2014,4,3,40,1,13,2,US-501,,0,33.775725,-78.98341389,0,8,0,0,1,1,0,1,3,1,0,1,0,0000000,88,88,88,88,88,88,0,0,0,1,0
45,450695,1,1,0,0,0,1,1,51,0,10,12,2014,4,0,54,0,2,3,SR-31,,138,33.79873333,-78.79870278,0,24,0,0,1,1,0,4,2,1,0,1,0,0000000,88,88,88,88,88,88,0,0,0,1,1
45,450696,3,3,0,0,0,4,4,5,0,10,12,2014,4,5,30,0,3,3,SR-321,,110,33.08807778,-81.20844444,0,12,8,0,1,1,0,1,2,1,0,1,0,0000000,99,99,99,99,99,99,0,0,0,1,0
45,450697,1,1,0,0,0,1,1,91,0,12,12,2014,6,1,40,0,15,3,SR-50,,47,34.96112222,-80.965825,0,1,0,0,1,1,0,4,2,1,0,1,0,0000000,88,88,88,88,88,88,0,0,0,1,1
45,450698,1,1,0,0,0,3,3,7,0,12,12,2014,6,17,57,0,15,4,CR-JASMIN DRIVE,,0,34.49320278,-82.68026667,0,53,0,0,1,1,0,4,2,1,0,1,0,0000000,99,99,99,99,99,99,20,0,0,3,1
45,450699,2,2,0,0,0,3,3,87,0,12,12,2014,6,11,36,0,2,3,SR-9,,165,34.79968611,-81.51531389,0,12,2,0,1,1,0,1,1,1,0,1,0,0000000,99,99,99,99,99,99,0,0,0,2,0
45,450700,2,2,0,0,0,2,2,17,0,13,12,2014,7,4,40,1,1,1,I-26,,1268,33.77986389,-80.984875,0,12,2,0,1,1,0,1,2,1,0,1,0,0000000,99,99,99,99,99,99,0,0,0,1,1
45,450701,2,2,0,0,0,2,2,63,0,13,12,2014,7,12,25,0,19,3,SR-1801,,5,33.925025,-81.07417778,0,1,0,0,1,1,0,1,1,1,0,1,0,0000000,12,30,12,38,12,56,0,0,0,1,0
45,450702,2,2,0,0,0,4,4,33,0,13,12,2014,7,17,40,0,3,2,US-301,,72,34.37518056,-79.39398611,0,35,0,0,1,1,0,4,2,1,0,1,0,0000000,99,99,99,99,99,99,0,0,0,2,0
45,450703,1,1,0,0,0,1,1,21,0,14,12,2014,1,2,30,0,3,3,SR-39,,31,35.05424444,-81.75168611,0,38,0,0,1,1,0,4,2,1,0,1,0,0000000,2,28,2,34,2,46,0,0,0,1,1
45,450704,2,2,0,0,0,5,5,63,0,14,12,2014,1,16,53,0,5,3,SR-278,SR-604,14,33.94906944,-81.33071389,0,12,6,0,2,2,0,1,5,1,0,1,0,0000000,16,57,17,5,17,46,0,0,0,2,1
45,450705,3,3,0,1,1,2,2,85,0,10,12,2014,4,16,15,0,14,3,SR-441,SR-370,14,33.93848333,-80.47467778,0,12,1,0,2,2,0,1,1,1,0,1,0,0000000,16,21,16,33,16,59,23,0,0,1,0
45,450706,1,1,0,0,0,2,2,75,0,16,12,2014,3,11,28,1,1,1,I-26,,1453,33.58465,-80.84836111,0,1,0,0,1,1,0,4,1,10,0,10,0,0000000,99,99,99,99,99,99,0,0,0,1,1
45,450707,1,1,0,0,0,1,1,77,700,13,8,2014,4,5,39,1,2,2,US-123,SR-28,0,34.82620556,-82.564425,0,43,0,0,3,2,0,4,3,1,0,1,0,0000000,99,99,99,99,99,99,0,0,0,1,0
45,450708,1,1,0,0,0,1,1,29,0,5,12,2014,6,3,55,0,3,3,SR-41,,91,32.83243889,-80.59449167,0,42,0,0,1,1,0,4,3,1,0,1,0,0000000,88,88,88,88,88,88,0,0,0,1,0
45,450709,2,2,0,0,0,2,2,85,0,16,12,2014,3,13,15,0,14,3,SR-441,CR-DAVID AUSTIN RD,0,33.94113889,-80.48437222,0,12,6,0,2,2,0,1,1,2,0,2,0,0000000,88,88,88,88,88,88,0,0,0,1,0
45,450710,1,1,0,0,0,1,1,77,0,17,12,2014,4,21,35,0,14,3,SR-93,,180,34.81378056,-82.64153333,0,43,0,0,1,1,0,4,2,1,0,1,0,0000000,99,99,99,99,99,99,0,0,0,1,1
45,450711,4,1,3,1,1,2,2,75,0,18,12,2014,5,16,18,1,2,2,US-601,,0,33.50781667,-80.84948056,0,8,0,0,8,1,0,4,1,1,0,1,0,0000000,99,99,99,99,99,99,0,0,0,1,0
45,450712,2,2,0,0,0,2,2,3,0,17,12,2014,4,20,12,0,14,3,SR-19,SR-1755,54,33.46300556,-81.68756944,0,12,6,0,2,3,0,1,2,1,0,1,0,0000000,20,14,20,21,21,6,0,0,0,1,0
45,450713,3,3,0,1,1,6,6,15,0,18,12,2014,5,18,42,1,2,2,US-17,,0,33.104375,-80.07511667,0,8,0,0,1,1,0,1,2,1,0,1,0,0000000,99,99,99,99,99,99,0,0,0,1,0
45,450714,1,1,0,1,1,1,1,15,0,18,12,2014,5,19,20,1,13,3,SR-529,,5,33.00013056,-80.03238333,0,9,0,0,1,1,0,1,2,1,0,1,0,0000000,19,20,19,20,19,51,0,0,0,1,0
45,450715,1,1,0,0,0,1,1,69,0,18,12,2014,5,0,50,1,2,2,US-1,,21,34.72952222,-79.86847222,0,35,0,0,1,1,0,4,2,1,0,1,0,0000000,1,24,1,39,99,99,0,0,0,1,0
45,450716,1,1,0,0,0,3,3,23,0,19,12,2014,6,5,50,1,2,3,SR-72,,37,34.62145556,-81.34140833,0,32,0,0,1,1,0,4,1,1,0,1,0,0000000,99,99,99,99,99,99,0,0,0,1,0
45,450717,2,2,0,0,0,2,2,13,0,18,12,2014,5,14,15,0,3,3,SR-46,,0,32.23758889,-80.96241944,0,12,2,0,1,1,0,1,1,1,0,1,0,0000000,99,99,99,99,99,99,0,0,0,1,0
45,450718,1,1,0,0,0,1,1,67,0,20,12,2014,7,2,0,0,3,3,SR-65,,0,34.15426667,-79.39439444,0,34,0,0,1,1,0,4,2,1,0,1,0,0000000,2,10,2,18,3,18,0,0,0,1,1
45,450719,1,1,0,0,0,1,1,27,0,20,12,2014,7,10,40,1,2,2,US-301,,0,33.66033056,-80.26463611,0,32,0,0,1,1,0,4,1,1,0,1,0,0000000,10,45,10,53,99,99,0,0,0,1,0
45,450720,1,1,0,0,0,1,1,1,0,20,12,2014,7,22,25,0,9,3,SR-212,,7,34.28429722,-82.56632222,0,35,0,0,1,1,0,4,2,1,0,1,0,0000000,88,88,88,88,88,88,0,0,0,1,1
45,450721,1,1,0,0,0,1,1,91,0,21,12,2014,1,10,55,0,13,2,US-21,,90,34.91511944,-80.98735,0,33,0,0,1,1,0,4,1,10,0,10,0,0000000,88,88,88,88,88,88,0,0,0,1,1
45,450722,2,2,0,0,0,7,7,51,0,22,12,2014,2,20,10,0,3,3,SR-31,,0,33.98631944,-78.85809444,0,12,2,0,1,1,0,1,2,2,0,2,0,0000000,99,99,99,99,99,99,0,0,0,2,1
45,450723,2,2,0,0,0,2,2,91,0,23,12,2014,3,5,5,0,3,3,SR-211,,87,34.95435278,-81.38755,0,12,2,0,1,1,0,1,2,2,0,2,0,0000000,88,88,88,88,88,88,0,0,0,1,0
45,450724,1,1,0,1,1,2,2,73,0,23,12,2014,3,5,55,1,2,2,US-76,,0,34.69403889,-82.87562222,0,8,0,0,1,1,0,1,2,5,0,5,0,0000000,88,88,88,88,88,88,0,0,0,1,0