STATE,ST_CASE,VE_TOTAL,VE_FORMS,PVH_INVL,PEDS,PERNOTMVIT,PERMVIT,PERSONS,COUNTY,CITY,DAY,MONTH,YEAR,DAY_WEEK,HOUR,MINUTE,NHS,ROAD_FNC,ROUTE,TWAY_ID,TWAY_ID2,MILEPT,LATITUDE,LONGITUD,SP_JUR,HARM_EV,MAN_COLL,RELJCT1,RELJCT2,TYP_INT,WRK_ZONE,REL_ROAD,LGT_COND,WEATHER1,WEATHER2,WEATHER,SCH_BUS,RAIL,NOT_HOUR,NOT_MIN,ARR_HOUR,ARR_MIN,HOSP_HR,HOSP_MN,CF1,CF2,CF3,FATALS,DRUNK_DR
46,460077,1,1,0,0,0,1,1,33,0,5,8,2014,3,13,0,0,5,3,SR-87,,430,43.60105278,-103.4948778,0,1,0,0,1,1,0,4,1,1,0,1,0,0000000,13,9,13,33,14,5,0,0,0,1,0
46,460078,1,1,0,0,0,3,3,93,0,6,8,2014,4,2,30,0,3,3,SR-73,,1731,45.00596667,-102.0451139,0,1,0,0,1,1,0,4,2,1,0,1,0,0000000,2,36,2,42,4,8,0,0,0,1,1
46,460079,1,1,0,0,0,1,1,103,1515,9,8,2014,7,22,8,0,4,3,SR-40,,326,43.90093333,-103.4142667,0,23,0,0,1,1,0,4,3,2,0,2,0,0000000,22,8,22,35,99,99,0,0,0,1,1
46,460080,1,1,0,0,0,3,3,9,0,8,8,2014,6,9,20,0,3,3,SR-25,,163,43.095575,-97.71522222,0,1,0,0,1,1,0,4,1,10,0,10,0,0000000,9,21,9,28,9,44,0,0,0,1,0
46,460081,1,1,0,0,0,2,2,81,0,12,8,2014,3,2,0,1,2,2,US-385,,1080,44.20296111,-103.6473278,0,42,0,0,1,1,0,4,2,1,0,1,0,0000000,2,50,4,15,88,88,0,0,0,1,1
46,460082,1,1,0,0,0,2,2,13,0,13,8,2014,4,1,0,0,3,3,SR-37,,2006,45.34491389,-98.10405278,0,7,0,0,1,1,0,4,2,1,0,1,0,0000000,2,20,2,42,99,99,0,0,0,1,0
46,460083,1,1,0,1,1,2,2,81,740,13,8,2014,4,20,47,1,2,2,US-14A,,415,44.38374444,-103.7216361,0,8,0,0,1,1,0,1,3,1,0,1,0,0000000,20,49,20,50,88,88,0,0,0,1,0
46,460084,2,2,0,0,0,3,3,103,0,23,8,2014,7,10,50,0,3,3,SR-44,,382,44.05371667,-103.3361,0,12,8,0,1,1,0,1,1,10,0,10,0,0000000,10,56,11,10,88,88,0,0,0,1,0
46,460085,1,1,0,0,0,1,1,87,0,24,8,2014,1,3,0,0,4,4,CR-435TH AVE,,0,43.83964722,-97.50921111,0,1,0,0,1,1,0,4,2,10,0,10,0,0000000,5,0,5,24,88,88,0,0,0,1,1
46,460086,1,1,0,0,0,2,2,103,2250,19,8,2014,3,13,13,0,15,6,SKYLINE DR,,0,44.07834444,-103.2424389,0,24,0,0,1,1,0,4,1,1,0,1,0,0000000,13,15,13,22,13,51,0,0,0,1,1
46,460087,1,1,0,0,0,1,1,91,0,26,8,2014,3,8,33,0,3,3,SR-10,,3380,45.72509167,-97.43201389,0,1,0,0,1,1,0,4,1,1,0,1,0,0000000,8,33,8,55,9,26,0,0,0,1,0
46,460088,1,1,0,0,0,1,1,103,0,17,8,2014,1,9,25,0,4,4,CR-NEMO RD,,0,44.14035556,-103.4405889,0,24,0,0,1,1,0,4,1,1,0,1,0,0000000,99,99,99,99,99,99,0,0,0,1,0
46,460089,1,1,0,0,0,1,1,103,285,4,9,2014,5,9,38,0,16,6,COTTONWOOD DR,,0,44.11224722,-103.0568056,0,10,0,0,6,1,0,1,1,1,0,1,0,190112V,88,88,88,88,88,88,0,0,0,1,0
46,460090,1,1,0,1,1,1,1,103,2250,11,8,2014,2,21,0,0,16,6,BROOKSIDE DR,,0,44.07999722,-103.2858028,0,8,0,0,1,1,0,1,3,99,0,99,0,0000000,1,32,1,43,2,32,0,0,0,1,0
46,460091,3,3,0,0,0,5,5,5,0,10,9,2014,4,11,28,1,2,2,US-14,411TH AVE,3565,44.36900556,-97.99308889,0,12,6,0,2,2,0,1,1,10,0,10,0,0000000,11,30,11,48,11,57,0,0,0,1,1
46,460092,1,1,0,0,0,1,1,51,0,17,9,2014,4,23,0,1,2,2,US-212,,3818,45.22310833,-96.77746667,0,31,0,0,1,1,0,4,2,1,0,1,0,0000000,7,44,7,53,88,88,0,0,0,1,1
46,460093,1,1,0,0,0,1,1,103,0,18,9,2014,5,10,59,0,5,4,CR-SILVER CITY RD,,0,44.09846667,-103.5566806,0,5,0,0,1,1,0,4,1,1,0,1,0,0000000,10,59,11,15,11,30,0,0,0,1,0
46,460094,2,2,0,0,0,3,3,109,0,20,9,2014,7,9,30,0,6,4,CR-112TH ST,CR-474TH AVE,0,45.76133056,-96.70905556,3,12,6,0,2,2,0,1,1,1,0,1,0,0000000,99,99,99,99,99,99,0,0,0,1,0
46,460095,2,2,0,0,0,4,4,83,0,20,9,2014,7,11,10,0,4,3,SR-17,CR-272ND ST,490,43.44661944,-96.88600833,0,12,6,0,2,2,0,1,1,1,0,1,0,0000000,11,13,11,22,99,99,0,0,0,1,0
46,460096,2,2,0,0,0,3,3,99,2450,5,9,2014,6,19,58,0,16,6,57TH ST W,CARAWAY DR S,0,43.50036389,-96.74418333,0,12,2,0,2,2,0,1,5,1,0,1,1,0000000,19,59,20,4,99,99,0,0,0,1,0
46,460097,1,1,0,0,0,2,2,11,0,28,9,2014,1,0,15,0,4,3,SR-324,,3630,44.23893889,-96.64642222,0,31,0,0,1,1,0,4,2,10,0,10,0,0000000,99,99,99,99,99,99,0,0,0,1,1
46,460098,2,2,0,0,0,3,3,121,0,28,9,2014,1,15,6,1,2,2,US-83,,130,43.18135556,-100.6105889,3,12,2,0,1,1,0,1,1,1,0,1,0,0000000,15,5,15,20,15,54,0,0,0,1,0
46,460099,2,2,0,0,0,2,2,29,2860,21,8,2014,5,5,2,1,13,2,US-212,SERVICE RD,3785,44.89004167,-97.08162778,0,12,6,0,2,3,0,1,3,10,0,10,0,0000000,5,4,5,9,88,88,0,0,0,1,0
46,460100,2,2,0,0,0,3,3,113,0,26,8,2014,3,19,46,0,3,3,SR-407,,10,43.01513056,-102.5547694,3,12,2,0,1,1,0,1,3,10,0,10,0,0000000,19,51,19,55,20,16,0,0,0,1,0
46,460101,1,1,0,1,1,1,1,7,0,9,9,2014,3,5,5,1,2,2,US-18,,1725,43.21491111,-101.2962722,0,8,0,0,1,1,0,1,6,10,0,10,0,0000000,5,33,6,0,6,44,0,0,0,1,0
46,460102,1,1,0,0,0,2,2,11,0,11,10,2014,7,5,29,0,4,4,CR-204TH ST,,0,44.42748056,-96.95451667,0,31,0,0,1,1,0,4,2,1,0,1,0,0000000,5,40,5,58,6,40,0,0,0,1,1
46,460103,1,1,0,0,0,1,1,51,1810,13,10,2014,2,14,40,0,6,5,LLOYD ST,,0,45.22454722,-96.624425,0,10,0,0,6,1,0,1,1,1,0,1,0,393633Y,14,43,14,50,15,2,0,0,0,1,0
46,460104,2,2,0,0,0,4,4,99,2450,17,10,2014,6,19,18,0,19,6,26TH ST,ST MICHAELS CIR S,0,43.52943611,-96.78893056,0,12,6,0,2,2,0,1,3,1,0,1,0,0000000,19,18,19,29,88,88,0,0,0,2,0
46,460105,2,2,0,0,0,3,3,37,0,23,10,2014,5,19,19,1,2,2,US-12 E,,3229,45.39243889,-97.85018333,0,12,1,0,1,1,0,1,2,1,0,1,0,0000000,99,99,99,99,88,88,0,0,0,1,0
46,460106,1,1,0,0,0,2,2,33,0,24,10,2014,6,3,22,1,2,2,US-16,,90,43.72601944,-103.89915,0,1,0,0,1,1,0,4,2,1,0,1,0,0000000,3,22,3,56,4,25,0,0,0,1,0
46,460107,2,2,0,0,0,2,2,109,0,29,10,2014,4,14,0,0,3,3,SR-15,470TH AVE,1958,45.41308333,-96.80125278,0,12,6,0,2,2,0,1,1,1,0,1,0,0000000,14,0,14,20,88,88,0,0,0,1,0
46,460108,1,1,0,0,0,4,4,33,0,1,11,2014,7,20,58,0,4,3,SR-40,,584,43.76846111,-103.0300944,0,1,0,0,1,1,0,4,2,1,0,1,0,0000000,20,58,21,17,99,99,0,0,0,1,1
46,460109,1,1,0,0,0,1,1,11,0,2,11,2014,1,23,11,0,6,4,CR-468TH AVE,,0,44.46560556,-96.84778611,0,34,0,0,1,1,0,4,2,1,0,1,0,0000000,23,13,23,34,88,88,0,0,0,1,1
46,460110,1,1,0,0,0,2,2,11,0,6,11,2014,5,17,35,0,4,4,CR-458TH AVE,,0,44.32030556,-97.04825833,0,1,0,0,1,1,0,4,2,1,0,1,0,0000000,17,40,18,13,18,28,0,0,0,1,1
46,460111,2,2,0,0,0,5,5,93,0,8,11,2014,7,19,14,1,1,1,I-90 W,,473,44.21171389,-103.3620194,0,1,0,0,1,1,0,1,2,10,0,10,0,0000000,19,14,19,28,88,88,14,0,0,1,1
46,460112,3,3,0,0,0,9,9,101,0,15,11,2014,7,10,29,1,1,1,I-29 S,,1190,44.11173056,-96.75904444,0,12,6,0,1,1,0,1,1,4,0,4,0,0000000,10,36,11,6,11,46,0,0,0,1,0
46,460113,1,1,0,0,0,1,1,123,0,26,11,2014,4,18,40,0,5,4,CR-332ND AVE,,0,43.08177222,-99.53349444,0,59,0,0,1,1,0,4,2,1,0,1,0,0000000,18,44,19,0,19,25,0,0,0,1,0
46,460114,1,1,0,0,0,1,1,23,0,28,11,2014,6,1,17,1,2,3,SR-46,,2827,43.08206389,-98.42118611,0,1,0,0,1,1,0,4,2,1,0,1,0,0000000,1,22,1,30,88,88,0,0,0,1,1
46,460115,2,2,0,0,0,3,3,135,0,14,8,2014,5,16,36,1,2,3,SR-50,,3866,42.87985,-97.3448,0,12,6,0,4,1,0,1,1,1,0,1,0,0000000,16,36,16,38,17,0,0,0,0,1,1
46,460116,2,2,0,0,0,2,2,135,0,21,10,2014,3,2,18,1,2,2,US-81,SR-46,153,43.08257778,-97.39892778,0,12,1,0,2,2,0,1,2,1,0,1,0,0000000,2,19,2,28,88,88,0,0,0,1,1
46,460117,2,2,0,0,0,2,2,111,0,3,12,2014,4,17,5,1,2,3,SR-37,,880,43.90049722,-98.030225,0,12,6,0,4,1,0,1,5,1,0,1,0,0000000,99,99,99,97,99,97,0,0,0,1,0
46,460118,2,2,0,0,0,2,2,83,2450,4,12,2014,5,18,12,0,14,6,57TH ST W,,0,43.50030833,-96.80619722,0,12,2,0,1,1,0,1,3,1,0,1,0,0000000,18,15,18,22,88,88,0,0,0,1,0
46,460119,3,3,0,0,0,7,7,103,0,19,12,2014,6,17,41,0,16,4,CR-SHERIDAN LAKE RD,,0,44.01462222,-103.275275,0,12,8,0,1,1,0,1,2,10,0,10,0,0000000,17,37,17,45,18,26,0,0,0,1,0
46,460120,2,2,0,0,0,2,2,9,0,21,12,2014,1,7,29,0,4,3,SR-37,SR-52,3150,42.90845278,-97.89181389,0,12,6,0,2,2,0,1,4,1,0,1,0,0000000,7,36,7,46,8,7,0,0,0,1,1
46,460121,1,1,0,1,1,4,4,3,0,24,12,2014,4,23,54,1,2,2,US-281,,721,43.72126944,-98.44502778,0,8,0,0,1,1,0,1,2,1,0,1,0,0000000,23,56,0,4,88,88,0,0,0,1,0
46,460122,2,2,0,0,0,2,2,55,0,26,12,2014,6,22,35,1,2,2,US-14,,1521,44.05131667,-101.4794806,0,12,2,0,1,1,0,1,2,10,0,10,0,0000000,22,47,22,59,23,23,0,0,0,1,1
46,460123,2,2,0,0,0,3,3,31,0,26,12,2014,6,7,25,0,6,4,CR-235TH AVE,,0,45.65544167,-101.4088667,3,12,2,0,1,1,0,1,4,1,0,1,0,0000000,7,53,8,10,10,10,0,0,0,1,0
46,460124,1,1,0,0,0,2,2,125,0,26,12,2014,6,10,52,0,4,4,CR-273RD ST,,0,43.42983333,-97.332275,0,1,0,0,1,1,0,4,1,10,0,10,0,0000000,10,50,11,1,11,21,0,0,0,2,0
46,460125,2,2,0,0,0,3,3,137,0,31,10,2014,6,23,22,1,2,2,US-212,,1300,45.05293056,-101.7313,3,12,2,0,1,1,0,1,2,1,0,1,0,0000000,23,22,23,35,23,58,0,0,0,2,0
47,470001,2,2,0,0,0,2,2,157,1620,1,1,2014,4,0,40,1,13,3,SR-175 E SHELBY DR,,100,35.02062222,-89.932275,0,12,6,0,8,1,0,1,3,1,0,1,0,0000000,99,99,99,99,88,88,0,0,0,1,0
47,470002,1,1,0,0,0,1,1,139,0,1,1,2014,4,4,30,1,2,2,US-411 SR-33,,84,35.1077,-84.72761944,0,1,0,0,1,1,0,4,2,1,0,1,0,0000000,99,99,99,99,99,99,0,0,0,1,1
47,470003,1,1,0,0,0,1,1,99,0,3,1,2014,6,18,0,0,5,4,CR-FIVE POINTS RD,,146,35.03638056,-87.36361111,0,42,0,0,1,1,0,4,2,1,0,1,0,0000000,99,99,99,99,88,88,0,0,0,1,1
47,470004,1,1,0,0,0,1,1,75,0,2,1,2014,5,99,99,0,5,4,CR-TIBBS RD,,63,35.67631944,-89.30456111,0,42,0,0,1,1,0,4,4,2,4,4,0,0000000,99,99,99,99,88,88,0,0,0,1,1
47,470005,1,1,0,0,0,5,5,149,1750,1,1,2014,4,3,21,0,14,6,N RUTHERFORD BLVD,,15,35.86126944,-86.35278889,0,33,0,0,1,1,0,3,3,1,0,1,0,0000000,99,99,99,99,99,99,0,0,0,1,1
47,470006,2,2,0,0,0,2,2,11,0,9,1,2014,5,16,58,0,4,3,SR-74 SPRING PLACE RD,,93,35.11061944,-84.82728056,0,12,2,0,1,1,0,1,1,1,0,1,0,0000000,99,99,99,99,99,99,0,0,0,1,0
47,470007,3,3,0,1,1,1,1,9,30,12,1,2014,1,8,15,1,11,1,I-140 PELLISSIPPI PKWY,,18,35.83913056,-83.97798056,0,12,2,0,1,1,0,1,1,1,0,1,0,0000000,99,99,99,99,99,99,23,0,0,1,0
47,470008,1,1,0,0,0,1,1,157,1620,1,1,2014,4,22,45,1,11,1,I-55,,55,35.06846667,-90.02555833,0,24,0,0,1,1,0,4,3,2,0,2,0,0000000,99,99,99,99,99,99,0,0,0,1,0
47,470009,1,1,0,1,1,2,2,157,1620,2,1,2014,5,17,55,0,14,6,PARK AVE,,14,35.10789444,-89.96388333,0,8,0,0,1,1,0,1,3,1,0,1,0,0000000,99,99,99,99,88,88,0,0,0,1,0
47,470010,1,1,0,0,0,6,6,157,1620,4,1,2014,7,2,52,0,14,6,N WATKINS ST,,56,35.16054722,-90.01113333,0,42,0,0,1,1,0,5,3,1,0,1,0,0000000,99,99,99,99,99,99,0,0,0,1,0
47,470011,1,1,0,2,2,4,4,157,1620,6,1,2014,2,21,38,1,13,2,US-64/70/79 SR-23 UNION AVE,,0,35.13724722,-90.02071667,0,8,0,0,1,1,0,1,3,1,0,1,0,0000000,99,99,99,99,99,99,23,0,0,1,0
47,470012,2,2,0,0,0,3,3,1,440,2,1,2014,5,11,15,0,16,6,RIDGEVIEW DR,CEDAR CIR,4,36.07733056,-84.13936944,0,12,2,0,2,2,0,1,1,2,0,2,0,0000000,99,99,99,99,99,99,0,0,0,1,0
47,470014,1,1,0,0,0,1,1,125,410,12,1,2014,1,0,41,0,14,6,PEACHERS MILL RD,,30,36.59128889,-87.39025833,0,33,0,0,1,1,0,4,3,1,0,1,0,0000000,99,99,99,99,88,88,0,0,0,1,1
47,470015,3,3,0,0,0,7,7,187,850,8,1,2014,4,18,57,1,13,3,SR-397 MACK C HATCHER MEM PKWY,,48,35.93896944,-86.83838889,0,12,6,0,1,1,0,1,2,1,0,1,0,0000000,99,99,99,99,99,99,0,0,0,1,0
47,470016,1,1,0,0,0,2,2,57,0,11,1,2014,7,12,55,0,5,4,CR-OWL HOLE GAP RD,,152,36.18838056,-83.5121,0,1,0,0,1,1,0,4,1,1,0,1,0,0000000,99,99,99,99,99,99,0,0,0,1,0
47,470017,1,1,0,1,1,4,4,157,1620,11,1,2014,7,22,50,1,13,6,WINCHESTER RD,,32,35.05357222,-90.00489167,0,8,0,0,1,1,0,1,3,1,0,1,0,0000000,99,99,99,99,88,88,0,0,0,1,0
47,470019,1,1,0,0,0,1,1,91,0,12,1,2014,1,11,42,0,6,4,CR-LOWELL STALCUP RD,,1,36.38563889,-81.97471944,0,35,0,0,1,1,0,4,1,1,0,1,0,0000000,99,99,99,99,99,99,0,0,0,1,0
47,470020,1,1,0,0,0,2,2,157,90,6,1,2014,2,16,5,1,11,1,I-40 ISAAC HAYES MEMORIAL HWY,,274,35.25191944,-89.6852,0,57,0,0,1,1,0,3,1,1,0,1,0,0000000,99,99,99,99,99,99,0,0,0,1,1
47,470021,2,2,0,0,0,3,3,157,1620,18,1,2014,7,12,30,0,14,6,W MITCHELL RD,,15,35.05595,-90.08556667,0,12,2,0,1,1,0,1,1,1,0,1,0,0000000,99,99,99,99,99,99,0,0,0,1,0
47,470022,1,1,0,0,0,1,1,65,1999,18,1,2014,7,1,10,0,14,6,ASHLAND TER,,2,99.99990000,999.99990000,0,39,0,0,1,1,0,4,3,1,0,1,0,0000000,99,99,99,99,88,88,0,0,0,1,1
47,470023,1,1,0,0,0,1,1,93,0,12,1,2014,1,4,15,0,3,3,SR-33 MAYNARDVILLE PK,,191,36.13491111,-83.91348056,0,42,0,0,1,1,0,4,2,1,0,1,0,0000000,99,99,99,99,88,88,0,0,0,1,1
47,470024,1,1,0,1,1,4,4,125,410,19,1,2014,1,21,15,0,16,6,ARROWOOD DR,,0,99.99990000,999.99990000,0,8,0,0,1,1,0,11,2,1,0,1,0,0000000,99,99,99,99,88,88,0,0,0,1,0
47,470025,1,1,0,0,0,1,1,171,0,15,1,2014,4,99,99,1,11,1,I-26 US-23 JAMES QUILLEN PKWY,,264,35.96113889,-82.55526944,0,52,0,0,1,1,0,4,2,1,0,1,0,0000000,99,99,99,99,99,99,0,0,0,1,0
47,470026,1,1,0,0,0,3,3,65,400,20,1,2014,2,8,40,0,15,6,ADAMS RD,,3,35.13731944,-85.23346944,0,1,0,0,1,1,0,4,1,1,0,1,0,0000000,99,99,99,99,99,99,0,0,0,1,0
47,470027,1,1,0,1,1,1,1,59,0,14,1,2014,3,19,40,0,5,4,CR-W ALLENS BRIDGE RD,,12,36.07323889,-82.88593056,0,8,0,0,1,1,0,1,2,1,0,1,0,0000000,99,99,99,99,88,88,0,0,0,1,0
47,470028,2,2,0,0,0,2,2,139,0,7,1,2014,3,14,40,1,2,2,US-64/74 SR-40,,180,35.0803,-84.48971111,0,12,6,0,1,1,0,1,1,1,0,1,0,0000000,99,99,99,99,88,88,0,0,0,1,1
47,470029,2,2,0,0,0,2,2,93,1300,15,1,2014,4,19,40,0,14,3,SR-169 MIDDLEBROOK PK,,86,35.96363889,-83.98598056,0,12,2,0,1,1,0,1,3,1,0,1,0,0000000,99,99,99,99,99,99,0,0,0,1,0
47,470030,2,2,0,0,0,3,3,65,400,22,1,2014,4,6,2,1,11,1,I-75 US-11/64/74 SR-2,,105,35.08081111,-85.08583889,0,12,1,0,1,1,0,1,2,1,0,1,0,0000000,99,99,99,99,88,88,23,0,0,1,0
47,470031,1,1,0,0,0,1,1,69,0,12,1,2014,1,99,99,0,3,3,SR-100,,157,35.36686111,-88.89731944,0,34,0,0,1,1,0,4,2,1,0,1,0,0000000,99,99,99,99,88,88,0,0,0,1,1
47,470032,1,1,0,0,0,1,1,187,0,9,1,2014,5,5,0,0,5,4,CR-HARPETH-PEYTONSVILLE RD,CR-HERBERT SMITHSON RD,19,35.80005,-86.81098889,0,32,0,0,1,1,0,4,2,1,0,1,0,0000000,99,99,99,99,88,88,0,0,0,1,0
47,470033,1,1,0,1,1,1,1,167,0,10,1,2014,6,18,30,0,5,4,CR-GLEN SPRINGS RD,,68,35.48346944,-89.88951944,0,8,0,0,1,1,0,1,2,10,0,10,0,0000000,99,99,99,99,99,99,0,0,0,1,0
47,470034,1,1,0,0,0,3,3,55,0,11,1,2014,7,13,45,0,6,4,CR-S CRESCENT VIEW RD,,7,35.16101111,-87.02343056,0,42,0,0,1,1,0,4,1,1,0,1,0,0000000,99,99,99,99,99,99,0,0,0,2,0
47,470035,1,1,0,0,0,1,1,167,0,13,1,2014,2,17,30,0,5,4,CR-SIMMONS RD,,36,35.4052,-89.91183056,0,1,0,0,1,1,0,1,5,1,0,1,0,0000000,99,99,99,99,88,88,0,0,0,1,1
47,470036,1,1,0,0,0,3,3,159,0,18,1,2014,7,1,50,0,3,2,US-70N SR-24 LEBANON HWY,,10,36.2526,-86.10206111,0,53,0,0,1,1,0,4,2,1,0,1,0,0000000,99,99,99,99,99,99,0,0,0,2,1
47,470037,1,1,0,0,0,1,1,55,0,21,1,2014,3,23,10,0,6,4,CR-HAPPY HILL RD,,2,35.3282,-86.98981944,0,1,0,0,1,1,0,1,2,1,0,1,0,0000000,99,99,99,99,99,99,0,0,0,1,1
47,470038,1,1,0,1,1,1,1,149,1750,24,1,2014,6,8,55,0,14,6,N TENNESSEE BLVD,GREENLAND DR,28,35.85501111,-86.37031944,4,15,0,0,2,2,0,1,1,1,0,1,0,0000000,99,99,99,99,99,99,0,0,0,1,0
47,470039,1,1,0,0,0,1,1,57,0,23,1,2014,5,16,45,0,6,4,CR-ELM SPRINGS RIDGE RD,,9,36.3291,-83.6101,0,42,0,0,1,1,0,4,1,1,0,1,0,0000000,99,99,99,99,88,88,0,0,0,1,1
47,470040,2,2,0,0,0,3,3,163,0,14,1,2014,3,17,10,0,14,3,SR-75 MC KELLER DR,CR-ROBINWOOD RD,5,36.4505,-82.43961944,0,12,6,0,2,3,0,1,1,1,0,1,0,0000000,99,99,99,99,99,99,0,0,0,1,0
47,470042,1,1,0,0,0,1,1,125,410,12,1,2014,1,23,5,1,13,2,US-41ABP SR-12 ASHLAND CITY RD,,125,36.50525,-87.35906111,0,42,0,0,1,1,0,4,3,1,0,1,0,0000000,99,99,99,99,88,88,0,0,0,1,0
47,470043,1,1,0,0,0,1,1,1,1850,22,1,2014,4,99,99,0,16,6,BETHEL VALLEY RD,,0,35.94168889,-84.29121111,0,42,0,0,1,1,0,4,2,1,0,1,0,0000000,99,99,99,99,88,88,0,0,0,1,0
47,470044,1,1,0,0,0,1,1,165,0,13,1,2014,2,4,28,1,3,2,US-31E SR-006,,203,36.44353333,-86.36763333,0,35,0,0,1,1,0,4,2,1,0,1,0,0000000,99,99,99,99,99,99,0,0,0,1,0
47,470045,1,1,0,0,0,1,1,49,0,9,1,2014,5,99,99,0,3,3,SR-52 LIVINGSTON HWY,,93,36.43691944,-84.97956944,0,42,0,0,1,1,0,4,2,2,0,2,0,0000000,88,88,88,88,88,88,0,0,0,1,0
47,470046,1,1,0,0,0,1,1,149,0,17,1,2014,6,1,25,0,6,4,CR-DOUBLE SPRINGS RD,CR-VEALS RD,11,35.8108,-86.33078889,0,42,0,0,3,3,0,4,2,1,0,1,0,0000000,99,99,99,99,99,99,0,0,0,1,1
47,470047,1,1,0,0,0,3,3,73,0,24,1,2014,6,23,10,0,4,3,SR-346 MAIN ST,,75,36.50238056,-82.80088889,0,53,0,0,1,1,0,4,2,1,0,1,0,0000000,99,99,99,99,99,99,0,0,0,2,0
47,470048,1,1,0,0,0,1,1,163,0,24,1,2014,6,17,20,1,13,3,SR-93 SULLIVAN GARDEN PKWY,SR-347 MILL CREEK RD,32,36.47098056,-82.59866944,0,52,0,0,3,2,0,4,1,1,0,1,0,0000000,99,99,99,99,99,99,0,0,0,1,0
47,470049,1,1,0,0,0,1,1,187,0,23,1,2014,5,17,20,1,2,3,SR-840 RAMP,,314,35.8298,-86.73398889,0,35,0,1,5,1,0,4,1,1,0,1,0,0000000,99,99,99,99,99,99,0,0,0,1,0
47,470050,2,2,0,0,0,3,3,133,0,21,1,2014,3,9,25,1,2,3,SR-111 COOKEVILLE HWY,CR-PARK RD,34,36.27773889,-85.38196111,0,12,6,0,2,3,0,1,1,4,0,4,0,0000000,99,99,99,99,99,99,0,0,0,1,0
47,470051,2,2,0,0,0,2,2,189,0,2,2,2014,1,7,50,1,1,1,I-40,,228,36.18738056,-86.16411111,0,12,2,0,1,1,0,1,1,2,0,2,0,0000000,99,99,99,99,99,99,0,0,0,1,0
47,470052,1,1,0,1,1,1,1,157,930,21,1,2014,3,6,55,1,13,2,US-72 SR-57 POPLAR AVE,KIRBY PKWY,100,35.09826111,-89.83946944,0,8,0,0,2,2,0,1,1,10,0,10,0,0000000,99,99,99,99,88,88,0,0,0,1,0
47,470053,2,2,0,0,0,2,2,119,470,27,1,2014,2,14,49,1,13,2,US-31 SR-6 NASHVILLE HWY,,278,35.69468889,-86.98791111,0,12,6,0,1,1,0,1,1,1,0,1,0,0000000,99,99,99,99,88,88,0,0,0,1,0
47,470054,1,1,0,0,0,1,1,1,1850,30,1,2014,5,9,21,0,14,6,LAFAYETTE DR,,3,36.00491944,-84.24105,0,42,0,0,1,1,0,3,1,1,0,1,0,0000000,99,99,99,99,88,88,0,0,0,1,0
47,470055,3,3,0,0,0,4,4,149,1750,27,1,2014,2,14,38,1,13,6,MEDICAL CENTER PKWY,I-24 RAMP,68,35.86738889,-86.45808056,0,12,6,1,2,2,0,1,1,1,0,1,0,0000000,99,99,99,99,99,99,0,0,0,1,0
47,470056,4,4,0,0,0,8,8,165,1085,30,1,2014,5,1,57,1,12,3,SR-386 VIETNAM VETERANS BLVD,,4,36.3124,-86.66586944,0,12,1,0,1,1,0,1,2,1,0,1,0,0000000,99,99,99,99,99,99,0,0,0,3,2
47,470057,1,1,0,0,0,1,1,159,0,30,1,2014,5,0,22,1,1,1,I-40,,164,36.13908056,-85.81661111,0,42,0,0,1,1,0,4,2,1,0,1,0,0000000,99,99,99,99,99,99,20,0,0,1,1
47,470058,1,1,0,0,0,1,1,65,400,31,1,2014,6,7,54,1,13,6,WILCOX BLVD,SR-58 RIVERSIDE DR,46,35.05853889,-85.27573889,0,31,0,0,3,3,0,4,1,1,0,1,0,0000000,99,99,99,99,88,88,0,0,0,1,0
47,470059,1,1,0,0,0,2,2,11,0,24,1,2014,6,13,38,1,13,2,US-11 SR-2 N LEE HWY,,169,35.24611944,-84.79981111,0,42,0,0,1,1,0,4,1,1,0,1,0,0000000,99,99,99,99,88,88,0,0,0,2,0
47,470060,2,2,0,0,0,3,3,157,1620,3,2,2014,2,23,46,1,13,3,SR-175 SHELBY DR,TCHULAHOMA RD,88,35.02069167,-89.954625,0,12,6,0,2,2,0,1,3,1,0,1,0,0000000,99,99,99,99,99,99,0,0,0,1,0
47,470061,1,1,0,0,0,1,1,157,1620,5,2,2014,4,23,31,0,15,6,W LEVI RD,,5,35.04258611,-90.08766389,0,23,0,0,1,1,0,4,3,1,0,1,0,0000000,99,99,99,99,99,99,0,0,0,1,0
47,470062,1,1,0,0,0,3,3,65,400,3,2,2014,2,20,58,1,11,1,I-24,,49,35.02868889,-85.35223889,0,24,0,0,1,1,0,3,2,10,0,10,0,0000000,99,99,99,99,99,99,0,0,0,1,1
47,470063,1,1,0,0,0,1,1,125,0,5,2,2014,4,14,2,0,6,4,CR-OUTLAW RD,,11,36.47721944,-87.50345,0,32,0,0,1,1,0,5,1,1,0,1,0,0000000,99,99,99,99,88,88,0,0,0,1,0
47,470065,1,1,0,1,1,4,4,125,410,2,2,2014,1,23,40,1,11,1,I-24,,61,36.57921111,-87.26478889,0,8,0,0,1,1,0,1,2,2,0,2,0,0000000,99,99,99,99,88,88,0,0,0,1,0
47,470066,2,2,0,0,0,2,2,93,1300,9,2,2014,1,3,50,1,13,2,US-25W SR-9 CLINTON PK,SCHAAD RD,35,36.00678056,-84.01961944,0,12,6,0,2,2,0,1,3,1,0,1,0,0000000,99,99,99,99,99,99,0,0,0,1,0
47,470067,1,1,0,0,0,1,1,157,1620,8,2,2014,7,11,7,1,13,3,SR-204 COVINGTON PK,YALE RD,37,35.22126944,-89.89418889,0,30,0,0,3,2,0,4,1,4,0,4,0,0000000,99,99,99,99,99,99,0,0,0,1,0