STATE,ST_CASE,VE_TOTAL,VE_FORMS,PVH_INVL,PEDS,PERNOTMVIT,PERMVIT,PERSONS,COUNTY,CITY,DAY,MONTH,YEAR,DAY_WEEK,HOUR,MINUTE,NHS,ROAD_FNC,ROUTE,TWAY_ID,TWAY_ID2,MILEPT,LATITUDE,LONGITUD,SP_JUR,HARM_EV,MAN_COLL,RELJCT1,RELJCT2,TYP_INT,WRK_ZONE,REL_ROAD,LGT_COND,WEATHER1,WEATHER2,WEATHER,SCH_BUS,RAIL,NOT_HOUR,NOT_MIN,ARR_HOUR,ARR_MIN,HOSP_HR,HOSP_MN,CF1,CF2,CF3,FATALS,DRUNK_DR
47,470179,2,2,0,0,0,2,2,179,9997,27,1,2014,2,5,53,0,3,3,SR-107 ERWIN HWY,,74,36.17535278,-82.52926944,0,12,6,0,1,1,0,1,2,3,0,3,0,0000000,99,99,99,99,88,88,0,0,0,1,0
47,470180,1,1,0,0,0,1,1,47,2597,31,3,2014,2,20,20,0,4,3,SR-193 MACON RD,,152,35.15871111,-89.37628056,0,32,0,0,1,1,0,4,2,1,0,1,0,0000000,99,99,99,99,99,99,0,0,0,1,1
47,470181,1,1,0,0,0,1,1,157,1620,6,4,2014,1,4,30,1,13,3,SR-277 AIRWAYS BLVD,SPOTTSWOOD AVE,6,35.11437778,-89.98460278,0,30,0,0,1,1,0,4,3,1,0,1,0,0000000,99,99,99,99,99,99,0,0,0,1,0
47,470182,3,3,0,0,0,5,5,63,0,7,4,2014,2,5,13,1,1,1,I-81,,76,36.19335,-83.1737,0,23,0,0,1,1,0,4,2,2,0,2,0,0000000,99,99,99,99,99,99,0,0,0,2,0
47,470183,2,2,0,0,0,2,2,157,1620,5,4,2014,7,22,57,0,14,3,SR-23 WALNUT GROVE RD,MENDENHALL RD,72,35.13078611,-89.89838611,0,12,6,0,2,2,0,1,3,1,0,1,0,0000000,99,99,99,99,88,88,0,0,0,1,0
47,470184,1,1,0,1,1,3,3,93,1300,5,1,2014,1,20,5,0,14,3,SR-169 UNIVERSITY AVE,CLYDE ST,114,35.96588056,-83.9411,0,8,0,0,3,3,0,1,3,2,0,2,0,0000000,99,99,99,99,99,99,0,0,0,1,0
47,470185,1,1,0,0,0,1,1,93,1300,10,4,2014,5,17,24,0,16,6,FERD HICKEY RD,,3,35.94688889,-84.045,0,42,0,0,1,1,0,4,1,1,0,1,0,0000000,99,99,99,99,99,99,0,0,0,1,0
47,470186,1,1,0,0,0,1,1,63,1700,22,3,2014,7,17,50,0,16,6,PANTHER CREEK PARK RD,,7,36.21448056,-83.40541111,8,42,0,0,1,1,0,5,1,1,0,1,0,0000000,99,99,99,99,99,99,0,0,0,1,0
47,470187,2,2,0,0,0,2,2,53,2430,8,4,2014,3,19,15,0,14,2,US-45W SR-5/54 JAMES A HADLEY,,151,35.98892222,-88.93065556,0,12,2,0,1,1,0,1,5,1,0,1,0,0000000,99,99,99,99,88,88,0,0,0,1,2
47,470188,1,1,0,0,0,1,1,131,0,12,4,2014,7,13,45,0,4,3,SR-89 MASON HALL-KENTON RD,,56,36.20423056,-89.06978889,0,32,0,0,1,1,0,4,1,1,0,1,0,0000000,99,99,99,99,88,88,0,0,0,1,0
47,470189,1,1,0,0,0,1,1,107,0,12,4,2014,7,17,57,0,5,4,CR-316 UNION GROVE RD,,15,35.59233056,-84.56886111,0,42,0,0,1,1,0,4,1,1,0,1,0,0000000,99,99,99,99,99,99,0,0,0,1,1
47,470190,1,1,0,0,0,1,1,111,0,4,4,2014,6,8,30,0,4,3,SR-262 UNION CAMP RD,,22,36.47421944,-85.95545,0,38,0,0,1,1,0,4,1,10,0,10,0,0000000,99,99,99,99,99,99,0,0,0,1,0
47,470191,2,2,0,0,0,5,5,155,0,6,4,2014,1,21,5,0,3,2,US-411 SR-35 NEWPORT HWY,,271,35.91618889,-83.3578,0,12,2,0,1,1,0,1,2,10,0,10,0,0000000,99,99,99,99,99,99,0,0,0,1,0
47,470192,1,1,0,0,0,1,1,45,0,28,3,2014,6,22,50,0,4,3,SR-210,,18,35.95486944,-89.3874,0,34,0,0,1,1,0,4,6,2,0,2,0,0000000,99,99,99,99,99,99,0,0,0,1,1
47,470193,2,2,0,0,0,2,2,85,2530,6,4,2014,1,9,30,0,14,2,US-70 SR-1,N CLYDETON RD,125,36.08726111,-87.80248889,0,12,6,0,2,2,0,1,1,10,0,10,0,0000000,99,99,99,99,99,99,0,0,0,1,0
47,470194,1,1,0,0,0,1,1,65,0,11,4,2014,6,22,22,1,2,2,US-27 SR-29,,269,35.38106944,-85.10963056,0,42,0,0,1,1,0,4,2,10,0,10,0,0000000,99,99,99,99,88,88,0,0,0,1,0
47,470195,2,1,1,2,2,2,2,149,0,10,4,2014,5,12,33,1,11,1,I-24,,32,35.97521111,-86.57141111,0,8,0,1,19,1,0,2,1,1,0,1,0,0000000,99,99,99,99,99,99,14,23,0,1,0
47,470196,1,1,0,0,0,1,1,157,1620,11,4,2014,6,2,44,1,11,1,I-40,,97,35.19093333,-89.93736667,0,52,0,0,1,1,0,4,3,1,0,1,0,0000000,99,99,99,99,88,88,0,0,0,1,0
47,470198,2,2,0,0,0,2,2,65,0,13,4,2014,1,9,39,0,3,3,SR-58,,190,35.21546944,-85.03056111,0,12,6,0,8,1,0,1,1,1,0,1,0,0000000,99,99,99,99,88,88,0,0,0,1,0
47,470199,2,2,0,0,0,3,3,31,0,14,4,2014,2,15,15,0,4,2,US-41 SR-2 MURFREESBORO HWY,,109,35.51395,-86.12745,0,12,6,0,8,1,0,1,1,1,0,1,1,0000000,99,99,99,99,99,99,0,0,0,1,0
47,470200,3,3,0,0,0,3,3,127,0,10,4,2014,5,10,49,0,6,4,CR-BUCKEYE RD,,4,35.31658889,-86.42041111,0,12,1,0,1,1,0,1,1,1,0,1,0,0000000,99,99,99,99,99,99,0,0,0,1,0
47,470201,2,2,0,0,0,3,3,179,1250,21,4,2014,2,16,49,0,14,3,SR-75 SUNCREST DR,SAM JENKINS RD,136,36.38690278,-82.49906944,0,12,6,0,2,3,0,1,1,1,0,1,0,0000000,99,99,99,99,99,99,0,0,0,1,0
47,470202,1,1,0,0,0,2,2,113,1200,13,4,2014,1,3,15,0,15,6,WHITEHALL ST,,11,35.62674444,-88.79816111,0,2,0,0,1,1,0,1,3,1,0,1,0,0000000,99,99,99,99,99,99,0,0,0,1,0
47,470203,2,2,0,0,0,3,3,155,0,13,4,2014,1,17,1,0,6,4,CR-HICKMAN RD,,22,35.97406111,-83.64578889,0,12,2,0,1,1,0,1,1,1,0,1,0,0000000,99,99,99,99,99,99,0,0,0,1,1
47,470204,10,10,0,0,0,13,13,157,1620,16,4,2014,4,16,50,1,13,3,SR-204 COVINGTON PK,RALEIGH-LAGRANGE RD,19,35.194175,-89.89606111,0,12,1,0,3,2,0,1,1,1,0,1,0,0000000,99,99,99,99,99,99,14,0,0,2,0
47,470205,1,1,0,0,0,1,1,37,1760,31,1,2014,6,99,99,0,14,6,31ST AVE S,,4,36.1388,-86.8118,0,1,0,0,1,1,0,1,3,1,0,1,0,0000000,99,99,99,99,88,88,0,0,0,1,1
47,470206,1,1,0,0,0,1,1,87,0,19,4,2014,7,1,0,0,4,3,SR-135 DODSON BRANCH HWY,,52,36.32418889,-85.54583056,0,41,0,0,1,1,0,4,2,1,0,1,0,0000000,99,99,99,99,88,88,0,0,0,1,0
47,470207,2,2,0,0,0,2,2,135,0,19,4,2014,7,16,50,0,6,4,CR-CROOKED CREEK RD,CR-TERRAPIN CREEK RD,15,35.77475,-87.8038,0,12,6,0,3,3,0,1,1,1,0,1,0,0000000,99,99,99,99,99,99,0,0,0,1,0
47,470208,1,1,0,1,1,2,2,25,2375,13,4,2014,1,21,23,0,14,3,SR-33 N BROAD ST,,120,36.44725,-83.58073889,0,8,0,0,1,1,0,2,3,1,0,1,0,0000000,99,99,99,99,88,88,0,0,0,1,0
47,470209,1,1,0,0,0,1,1,157,0,20,4,2014,1,16,9,0,16,4,CR-BYHALIA RD,,7,35.00626667,-89.68904722,0,42,0,0,1,1,0,4,1,1,0,1,0,0000000,99,99,99,99,88,88,0,0,0,1,0
47,470210,1,1,0,0,0,2,2,153,0,11,4,2014,6,13,0,0,5,4,CR-DAUS MOUNTAIN RD,,11,35.35016111,-85.49396111,0,34,0,0,1,1,0,4,1,1,0,1,0,0000000,99,99,99,99,99,99,0,0,0,1,1
47,470211,1,1,0,0,0,2,2,177,0,13,4,2014,1,16,44,0,6,4,CR-LAWSON MILL RD,,21,35.6289,-85.8191,0,32,0,0,1,1,0,4,1,1,0,1,0,0000000,99,99,99,99,88,88,0,0,0,1,1
47,470212,1,1,0,1,1,1,1,123,2502,14,4,2014,2,20,55,1,13,2,US-411 SR-33,TALLENT LN,132,35.57996944,-84.26776944,0,8,0,0,3,3,0,1,2,10,0,10,0,0000000,99,99,99,99,99,99,0,0,0,1,0
47,470213,1,1,0,0,0,1,1,113,0,8,4,2014,3,13,50,1,2,2,US-45 SR-5,,33,35.50825,-88.74705,0,32,0,0,1,1,0,4,1,10,0,10,0,0000000,99,99,99,99,88,88,0,0,0,1,0
47,470214,1,1,0,1,1,1,1,157,1620,18,4,2014,6,21,7,0,14,6,JEFFERSON AVE,,21,35.14161111,-90.01778611,0,8,0,0,1,1,0,1,3,1,0,1,0,0000000,99,99,99,99,99,99,0,0,0,1,0
47,470215,2,2,0,0,0,4,4,35,540,22,4,2014,3,7,5,1,13,2,US-70 SR-1 SPARTA HWY,DILLON ST,118,35.95743056,-85.06823889,0,12,6,0,2,3,0,1,1,2,0,2,0,0000000,7,9,7,14,99,99,0,0,0,1,1
47,470216,1,1,0,0,0,2,2,179,1250,26,4,2014,7,5,0,1,11,1,I-26 US-23 JAMES H QUILLEN PKW,,7,36.42566667,-82.51384444,0,57,0,0,1,1,0,3,2,1,0,1,0,0000000,99,99,99,99,99,99,0,0,0,1,1
47,470217,1,1,0,1,1,1,1,125,410,27,4,2014,1,2,29,1,13,2,US-79 SR-13 WILMA RUDOLPH BLVD,TERMINAL RD,255,36.58802778,-87.29368611,0,8,0,0,3,2,0,1,3,1,0,1,0,0000000,99,99,99,99,99,99,0,0,0,1,0
47,470218,3,3,0,0,0,7,7,165,890,22,4,2014,3,12,35,1,13,2,US-31E SR-6 NASHVILLE PK,LOCK-4 RD,129,36.37771111,-86.46946111,0,12,6,1,2,2,0,1,1,1,0,1,0,0000000,99,99,99,99,99,99,0,0,0,1,0
47,470219,3,1,2,3,3,2,2,93,1300,27,4,2014,1,10,10,1,11,1,I-40,,83,35.91585,-84.10151111,0,8,0,0,1,1,0,2,1,1,0,1,0,0000000,99,99,99,99,99,99,14,23,0,2,0
47,470220,1,1,0,0,0,2,2,93,0,11,4,2014,6,14,24,0,16,4,CR-BALL CAMP PK,,24,35.96436944,-84.0966,0,10,0,0,6,1,0,1,1,1,0,1,0,347522B,99,99,99,99,99,99,0,0,0,1,0
47,470221,2,2,0,0,0,2,2,37,1760,3,2,2014,2,17,6,1,13,2,US-41/70S SR-1 MURFREESBORO RD,FOSTER AVE,203,36.14156944,-86.74058056,0,12,1,0,3,3,0,1,5,10,0,10,0,0000000,99,99,99,99,99,99,0,0,0,1,0
47,470222,1,1,0,0,0,1,1,37,1535,1,3,2014,7,15,54,1,13,3,SR-45 OLD HICKORY BLVD,,69,36.2637,-86.71806944,0,53,0,0,1,1,0,4,1,1,0,1,0,0000000,99,99,99,99,99,99,28,0,0,1,0
47,470223,2,2,0,0,0,3,3,37,1245,11,4,2014,6,20,21,0,3,2,US-431 SR-65 WHITES CREEK PK,,133,36.35428056,-86.88128889,0,12,6,0,1,1,0,1,2,10,0,10,0,0000000,99,99,99,99,99,99,23,0,0,1,1
47,470224,1,1,0,1,1,1,1,51,2600,16,4,2014,4,4,57,0,15,6,LIBERTY RD,,5,35.1609,-86.10653056,0,8,0,0,1,1,0,1,2,1,0,1,0,0000000,99,99,99,99,99,99,0,0,0,1,0
47,470225,2,2,0,0,0,3,3,181,0,19,4,2014,7,17,25,0,3,3,SR-69,,37,35.01518889,-87.9846,0,12,1,0,1,1,0,1,1,1,0,1,0,0000000,99,99,99,99,88,88,0,0,0,1,1
47,470226,1,1,0,0,0,1,1,157,930,23,4,2014,4,15,39,0,14,6,KIMBROUGH RD,,0,35.1012,-89.79295,0,53,0,0,1,1,0,4,1,1,0,1,0,0000000,99,99,99,99,88,88,0,0,0,1,0
47,470227,2,2,0,1,1,3,3,37,1760,27,2,2014,5,13,16,0,16,6,CHURCH ST,7TH AVE N,1,36.1621,-86.78263056,0,12,6,0,2,2,0,1,1,1,0,1,0,0000000,99,99,99,99,88,88,0,0,0,1,0
47,470228,1,1,0,0,0,2,2,25,0,14,4,2014,2,13,5,1,2,2,US-25E SR-32 DIXIE HWY,,28,36.41093889,-83.49903889,0,30,0,0,1,1,0,4,1,2,0,2,0,0000000,99,99,99,99,99,99,0,0,0,1,0
47,470229,1,1,0,0,0,5,5,47,0,12,4,2014,7,23,54,0,4,3,SR-194 ROSSVILLE RD,,18,35.06656944,-89.53951111,0,34,0,0,1,1,0,4,2,10,0,10,0,0000000,99,99,99,99,99,99,0,0,0,1,1
47,470230,1,1,0,0,0,1,1,11,0,21,4,2014,2,9,51,1,11,1,I-75,,164,35.27816111,-84.81968056,0,24,0,0,1,1,0,4,1,1,0,1,0,0000000,99,99,99,99,99,99,0,0,0,1,0
47,470231,3,3,0,0,0,3,3,169,0,25,4,2014,6,17,10,1,2,2,US-231 SR-376 HWY 231N,,7,36.39901111,-86.26536944,0,12,2,0,1,1,0,1,1,1,0,1,0,0000000,99,99,99,99,99,99,0,0,0,1,0
47,470232,3,3,0,0,0,4,4,187,0,28,4,2014,2,13,25,1,2,3,SR-840,,351,35.84626944,-86.67448889,0,12,1,0,1,1,0,1,1,10,0,10,0,0000000,99,99,99,99,99,99,0,0,0,1,0
47,470233,2,2,0,0,0,2,2,93,0,29,4,2014,3,15,30,0,4,3,SR-170 E RACCOON VALLEY DR,,40,36.0988,-84.0325,0,53,0,0,1,1,0,5,1,1,0,1,0,0000000,99,99,99,99,99,99,0,0,0,1,1
47,470234,1,1,0,0,0,1,1,157,1620,30,4,2014,4,14,47,0,14,6,RALEIGH-LAGRANGE RD,,33,35.18960833,-89.89001944,0,5,0,0,1,1,0,1,1,1,0,1,0,348506D,99,99,99,99,88,88,0,0,0,1,0
47,470235,1,1,0,0,0,1,1,175,0,30,4,2014,4,11,12,0,4,3,SR-285 MOONEYHAM LONEWOOD RD,,92,35.73003889,-85.33963889,0,32,0,0,1,1,0,4,1,2,0,2,0,0000000,99,99,99,99,88,88,0,0,0,1,0
47,470236,2,2,0,0,0,6,6,113,0,19,4,2014,7,17,40,1,2,2,US-45 SR-5,CR-OZIER RD,14,35.49051111,-88.72045,0,12,6,0,2,2,0,1,1,1,0,1,0,0000000,99,99,99,99,99,99,0,0,0,1,0
47,470237,2,2,0,0,0,3,3,115,0,22,4,2014,3,16,38,0,3,3,SR-27 GRIFFITH HWY,,211,35.18418889,-85.45268889,0,12,6,0,1,1,0,1,1,2,0,2,0,0000000,99,99,99,99,88,88,0,0,0,1,0
47,470238,2,2,0,0,0,3,3,93,829,24,4,2014,5,13,6,0,15,6,EVERETT RD,,3,35.88241944,-84.23281944,0,12,6,0,8,1,0,1,1,1,0,1,0,0000000,99,99,99,99,99,99,0,0,0,1,0
47,470239,3,3,0,0,0,3,3,189,0,24,4,2014,5,15,40,0,3,2,US-231 SR-10 MURFREESBORO RD,SR-265 CHICKEN RD,66,36.10206944,-86.33131111,0,12,6,0,2,2,0,1,1,1,0,1,0,0000000,99,99,99,99,99,99,0,0,0,1,0
47,470240,1,1,0,0,0,1,1,149,0,28,4,2014,2,7,31,1,2,2,US-231 SR-10 SHELBYVILLE PK,,40,35.70671111,-86.41826111,0,1,0,0,1,1,0,3,1,2,0,2,0,0000000,99,99,99,99,99,99,0,0,0,1,0
47,470241,1,1,0,0,0,1,1,13,350,28,4,2014,2,16,25,0,15,6,ISLAND FORD RD,,25,36.31388056,-84.1797,0,42,0,0,1,1,0,4,1,2,0,2,0,0000000,99,99,99,99,99,99,0,0,0,1,0
47,470242,1,1,0,0,0,1,1,129,0,2,5,2014,6,15,30,0,4,3,SR-298 GENESIS RD,,19,36.1075,-84.812,0,53,0,0,1,1,0,4,1,1,0,1,0,0000000,99,99,99,99,88,88,0,0,0,1,0
47,470243,1,1,0,0,0,1,1,121,0,3,5,2014,7,19,50,0,4,3,SR-304 RIVER RD,,130,35.67458056,-84.72016111,0,42,0,0,1,1,0,4,5,1,0,1,0,0000000,99,99,99,99,88,88,0,0,0,1,1
47,470244,1,1,0,0,0,2,2,35,0,4,5,2014,1,15,2,1,1,1,I-40,,40,36.06471944,-85.18646111,0,1,0,0,1,1,0,1,1,1,0,1,0,0000000,99,99,99,99,99,99,0,0,0,1,0
47,470245,1,1,0,0,0,2,2,125,410,4,5,2014,1,18,40,0,15,6,DOTSONVILLE RD,,113,36.5269,-87.438,0,1,0,0,1,1,0,5,1,1,0,1,0,0000000,99,99,99,99,99,99,0,0,0,1,1
47,470246,2,2,0,0,0,2,2,89,1230,1,5,2014,5,17,46,1,13,2,US-11E SR-34/92 ANDREW JACKSON,,107,36.11018056,-83.514,0,12,6,0,8,1,0,1,1,1,0,1,0,0000000,99,99,99,99,99,99,0,0,0,1,0
47,470247,1,1,0,0,0,1,1,9,0,4,5,2014,1,99,99,0,3,2,US-129 SR-115 CALDERWOOD HWY,,195,35.54686944,-84.088,0,30,0,0,1,1,0,4,1,1,0,1,0,0000000,99,99,99,99,88,88,0,0,0,1,1
47,470248,1,1,0,1,1,1,1,37,1535,1,3,2014,7,16,47,1,13,2,US-31E SR-6 GALLATIN PK,,185,36.26197222,-86.71235278,0,8,0,0,8,1,0,1,1,1,0,1,0,0000000,99,99,99,99,99,99,0,0,0,1,0
47,470249,2,2,0,0,0,1,1,55,0,1,5,2014,5,9,35,0,5,4,CR-BIG DRY CREEK RD,,101,35.2158,-87.10973889,0,12,2,0,1,1,0,1,1,1,0,1,0,0000000,99,99,99,99,99,99,0,0,0,1,0
47,470250,2,2,0,0,0,2,2,71,0,17,4,2014,5,99,99,0,3,3,SR-69S,,26,35.02766944,-88.02705,0,12,6,0,1,1,0,1,2,10,0,10,0,0000000,99,99,99,99,99,99,0,0,0,1,0
47,470251,1,1,0,0,0,1,1,149,0,25,4,2014,6,18,27,0,5,4,CR-ARMSTRONG VALLEY RD,,20,35.76546944,-86.46633889,0,35,0,0,1,1,0,4,1,1,0,1,0,0000000,99,99,99,99,99,99,0,0,0,1,0
47,470252,1,1,0,1,1,1,1,157,1620,2,5,2014,6,0,30,1,11,1,I-240,,170,35.12126667,-89.86870833,0,8,0,0,1,1,1,1,3,1,0,1,0,0000000,99,99,99,99,88,88,23,0,0,1,0
47,470253,2,2,0,0,0,2,2,97,0,28,2,2014,6,11,30,0,5,4,CR-ARP-CENTRAL RD,,31,35.79931944,-89.5604,0,12,1,0,8,1,0,1,1,10,0,10,0,0000000,99,99,99,99,99,99,0,0,0,1,0
47,470254,2,2,0,0,0,3,3,53,0,3,5,2014,7,13,45,0,4,3,SR-186,SR-152 MEDINA HUMBOLDT HWY,86,35.81385,-88.82946111,0,12,6,0,2,2,4,1,1,1,0,1,0,0000000,99,99,99,99,88,88,0,0,0,2,1
47,470255,1,1,0,0,0,2,2,125,410,4,5,2014,1,3,10,1,13,3,SR-374 PURPLE HEART PKWY,,134,36.5823,-87.4414,0,52,0,0,1,1,0,4,2,1,0,1,0,0000000,99,99,99,99,99,99,0,0,0,1,1
47,470256,2,2,0,0,0,2,2,79,0,4,5,2014,1,16,49,1,2,2,US-79 SR-76/218 PARIS BYPASS,CR-ELKHORN RD,180,36.33291111,-88.25746944,0,12,6,0,2,3,0,1,1,1,0,1,0,0000000,99,99,99,99,99,99,0,0,0,1,0
47,470257,2,2,0,0,0,2,2,157,1620,6,5,2014,3,22,20,1,11,1,I-40,,53,35.19074167,-90.01223889,0,12,1,0,1,1,0,1,3,1,0,1,0,0000000,99,99,99,99,99,99,0,0,0,1,0
47,470258,1,1,0,0,0,1,1,139,0,8,5,2014,5,1,19,0,5,4,CR-BENTON STATION RD,,21,35.18731944,-84.68333056,0,35,0,0,1,1,0,4,2,1,0,1,0,0000000,99,99,99,99,88,88,0,0,0,1,1
47,470259,3,3,0,0,0,5,5,75,0,22,4,2014,3,21,56,1,1,1,I-40,,121,35.52351111,-89.25976111,0,12,1,0,1,1,1,1,2,1,0,1,0,0000000,99,99,99,99,99,99,3,0,0,1,0
47,470260,3,3,0,0,0,4,4,9,0,12,5,2014,2,11,10,1,2,2,US-411 SR-33,,45,35.68313056,-84.06613056,0,12,6,0,1,1,0,1,1,1,0,1,0,0000000,99,99,99,99,99,99,0,0,0,1,0
47,470261,1,1,0,0,0,1,1,175,0,8,5,2014,5,20,11,0,3,3,SR-30,,156,35.7282,-85.38125,0,1,0,0,1,1,0,1,2,1,0,1,0,0000000,99,99,99,99,99,99,0,0,0,1,0
47,470262,2,2,0,0,0,2,2,149,1750,10,5,2014,7,21,30,1,13,6,MEDICAL CENTER PKWY,,99,35.85626944,-86.40916944,0,33,0,0,1,1,0,4,3,1,0,1,0,0000000,99,99,99,99,99,99,0,0,0,1,1
47,470263,1,1,0,0,0,1,1,175,0,4,5,2014,1,21,48,0,6,4,CR-GILBERT RIDGE RD,CR-ROBERT HASTON RD,5,35.62941944,-85.42146111,0,1,0,0,3,3,0,1,2,1,0,1,0,0000000,99,99,99,99,88,88,0,0,0,1,1
47,470264,3,3,0,0,0,6,6,13,0,5,5,2014,2,23,13,1,2,3,SR-63 GENERAL CARL STINER HWY,,151,36.44383889,-83.98791944,0,12,6,0,1,1,0,1,2,1,0,1,0,0000000,99,99,99,99,99,99,14,0,0,1,0
47,470265,1,1,0,0,0,3,3,73,0,7,5,2014,4,15,15,0,5,4,CR-CLINCH VALLEY RD,,8,36.46625,-83.13056944,0,35,0,0,1,1,0,4,1,1,0,1,0,0000000,99,99,99,99,99,99,0,0,0,1,0
47,470266,1,1,0,0,0,1,1,43,0,5,5,2014,2,23,16,1,1,1,I-40,,167,36.03041944,-87.207,0,24,0,0,1,1,0,3,2,1,0,1,0,0000000,99,99,99,99,99,99,0,0,0,1,1
47,470267,2,2,0,0,0,4,4,65,400,9,5,2014,6,16,35,0,14,3,SR-58 W 40TH ST,,24,35.00816944,-85.3252,0,12,2,0,1,1,0,1,1,1,0,1,0,0000000,99,99,99,99,99,99,0,0,0,1,0
47,470269,3,3,0,0,0,4,4,189,1727,6,5,2014,3,20,53,1,13,2,US-70 SR-24 LEBANON,,44,36.23108611,-86.50561667,0,12,2,0,1,1,0,1,2,1,0,1,0,0000000,99,99,99,99,99,99,0,0,0,1,0
47,470270,1,1,0,1,1,2,2,145,1060,8,5,2014,5,21,25,0,14,6,PANSY HILL DR,,5,35.92288889,-84.55445,0,8,0,0,1,1,0,1,6,1,0,1,0,0000000,99,99,99,99,99,99,18,0,0,1,1
47,470271,2,2,0,0,0,2,2,123,0,12,5,2014,2,12,40,0,4,3,SR-165 CHEROHALA SKYWAY,,20,35.35688056,-84.27011944,0,12,2,0,1,1,0,1,1,10,0,10,0,0000000,99,99,99,99,99,99,0,0,0,1,0
47,470272,1,1,0,0,0,1,1,183,0,14,5,2014,4,17,15,0,4,3,SR-118,,51,36.36508056,-88.71371944,0,59,0,0,1,1,0,4,1,10,0,10,0,0000000,99,99,99,99,99,99,0,0,0,1,0
47,470273,1,1,0,0,0,2,2,165,2545,12,5,2014,2,18,25,0,16,6,HENRY HARRIS RD,,8,36.5732,-86.27186111,0,42,0,0,1,1,0,4,1,1,0,1,0,0000000,99,99,99,99,99,99,0,0,0,1,0
47,470274,2,2,0,0,0,4,4,11,420,7,5,2014,4,21,9,0,14,6,PEERLESS RD,SR-60 25TH ST NW,160,35.18606944,-84.87606944,0,12,1,0,3,2,0,1,3,1,0,1,0,0000000,99,99,99,99,99,99,0,0,0,1,0
47,470275,2,2,0,0,0,3,3,185,0,5,5,2014,2,20,50,1,2,3,SR-111 SPENCER HWY,,146,36.0219,-85.50865833,0,1,0,1,18,1,0,1,2,1,0,1,0,0000000,99,99,99,99,88,88,14,0,0,1,1
47,470276,1,1,0,0,0,1,1,187,0,3,5,2014,7,99,99,0,5,4,CR-LEIPERS CREEK RD,,24,35.83106111,-87.05421944,0,35,0,0,1,1,0,4,9,1,0,1,0,0000000,99,99,99,99,88,88,0,0,0,1,1
47,470277,2,2,0,0,0,3,3,177,0,8,5,2014,5,12,26,1,2,2,US-70S SR-1 NASHVILLE HWY,,81,35.70521944,-85.8456,0,12,6,0,1,1,0,1,1,1,0,1,0,0000000,99,99,99,99,99,99,0,0,0,1,0
47,470278,1,1,0,0,0,1,1,93,0,18,5,2014,1,20,2,0,5,4,CR-CLEAR SPRINGS RD,,33,36.10738056,-83.72143889,0,1,0,0,1,1,0,1,5,1,0,1,0,0000000,99,99,99,99,88,88,0,0,0,1,0
47,470279,2,2,0,0,0,2,2,9,0,19,5,2014,2,14,56,0,3,2,US-129 SR-115,,108,35.52008056,-83.98861944,0,1,0,0,1,1,0,1,1,1,0,1,0,0000000,99,99,99,99,88,88,0,0,0,1,0
47,470280,1,1,0,0,0,1,1,67,2255,16,5,2014,6,99,99,0,15,3,SR-66,,58,36.51811944,-83.20401111,0,35,0,0,1,1,0,4,9,1,0,1,0,0000000,99,99,99,99,88,88,18,0,0,1,0
47,470281,1,1,0,1,1,1,1,157,1620,18,5,2014,1,99,99,1,13,6,BROOKS RD,,23,35.06121389,-90.01634722,0,8,0,1,5,1,0,1,9,2,0,2,0,0000000,99,99,99,99,88,88,0,0,0,1,0
47,470282,1,1,0,1,1,2,2,37,1760,19,4,2014,7,21,55,1,13,2,US-31E SR-6 GALLATIN PK,BERKLEY DR,173,36.24665,-86.72118889,0,15,0,0,3,3,0,1,3,1,0,1,0,0000000,99,99,99,99,88,88,0,0,0,1,0
47,470283,1,1,0,0,0,1,1,155,0,14,1,2014,3,18,9,0,6,4,CR-REAGAN BRANCH RD,,9,35.85413889,-83.72891111,0,1,0,0,1,1,0,4,2,10,0,10,0,0000000,99,99,99,99,99,99,0,0,0,1,0
47,470284,2,2,0,0,0,3,3,133,0,11,5,2014,1,10,25,1,2,3,SR-111 COOKEVILLE HWY,CR-E TURKEY CREEK RD,8,36.23616111,-85.4014,0,12,6,0,2,2,0,1,1,1,0,1,0,0000000,99,99,99,99,99,99,0,0,0,2,0
47,470285,1,1,0,0,0,1,1,119,0,10,5,2014,7,23,25,1,2,2,US-43 SR-6 NEW LAWRENCEBURG HW,,17,35.45826944,-87.2685,0,1,0,0,1,1,0,3,2,1,0,1,0,0000000,99,99,99,99,99,99,0,0,0,1,1
47,470286,1,1,0,0,0,2,2,25,0,11,5,2014,1,14,20,0,5,4,CR-CAVE SPRINGS RD,,25,36.5048,-83.55883889,0,35,0,0,1,1,0,4,1,1,0,1,0,0000000,99,99,99,99,99,99,0,0,0,1,0
47,470287,4,4,0,0,0,6,6,37,1760,12,4,2014,7,20,41,1,13,3,SR-45 OLD HICKORY BLVD,,68,36.26378056,-86.71891944,0,12,6,0,1,1,0,1,2,1,0,1,0,0000000,99,99,99,99,99,99,0,0,0,1,0
47,470288,1,1,0,1,1,1,1,37,1760,16,4,2014,4,23,4,1,13,3,SR-255 RAMP,,43,36.08533889,-86.70145,0,8,0,1,5,1,0,1,3,1,0,1,0,0000000,99,99,99,99,99,99,0,0,0,1,1
47,470289,1,1,0,0,0,2,2,119,0,24,5,2014,7,99,99,0,6,4,CR-MCCLANAHAN RD,,15,35.58778889,-87.31803056,0,42,0,0,1,1,0,4,1,1,0,1,0,0000000,99,99,99,99,99,99,0,0,0,1,1