STATE,ST_CASE,VE_TOTAL,VE_FORMS,PVH_INVL,PEDS,PERNOTMVIT,PERMVIT,PERSONS,COUNTY,CITY,DAY,MONTH,YEAR,DAY_WEEK,HOUR,MINUTE,NHS,ROAD_FNC,ROUTE,TWAY_ID,TWAY_ID2,MILEPT,LATITUDE,LONGITUD,SP_JUR,HARM_EV,MAN_COLL,RELJCT1,RELJCT2,TYP_INT,WRK_ZONE,REL_ROAD,LGT_COND,WEATHER1,WEATHER2,WEATHER,SCH_BUS,RAIL,NOT_HOUR,NOT_MIN,ARR_HOUR,ARR_MIN,HOSP_HR,HOSP_MN,CF1,CF2,CF3,FATALS,DRUNK_DR
47,470621,2,2,0,0,0,5,5,121,0,29,8,2014,6,14,59,0,3,3,SR-58,,205,35.54831111,-84.77401111,0,12,2,0,8,1,0,1,1,1,0,1,0,0000000,99,99,99,99,99,99,0,0,0,1,0
47,470622,2,2,0,0,0,2,2,69,0,11,9,2014,5,15,20,0,3,3,SR-100,,138,35.36088056,-88.9293,0,12,2,0,1,1,0,1,1,10,0,10,0,0000000,99,99,99,99,99,99,0,0,0,1,0
47,470623,2,2,0,0,0,2,2,93,1300,5,8,2014,3,16,32,0,14,6,CENTRAL AVE PK,MURRAY DR,50,36.01846111,-83.98403889,0,12,2,0,3,3,0,1,1,10,0,10,0,0000000,99,99,99,99,99,99,0,0,0,1,0
47,470624,1,1,0,0,0,1,1,123,0,12,9,2014,6,99,99,0,4,3,SR-315 RELIANCE RD,,43,35.30516111,-84.38843056,0,42,0,0,1,1,0,4,1,1,0,1,0,0000000,99,99,99,99,88,88,0,0,0,1,0
47,470625,1,1,0,0,0,3,3,157,1620,16,9,2014,3,1,40,0,14,6,RHODES AVE,,28,35.09826111,-89.92181111,0,30,0,0,1,1,0,4,3,1,0,1,0,0000000,99,99,99,99,99,99,0,0,0,2,0
47,470626,1,1,0,0,0,1,1,171,2477,19,9,2014,6,20,12,0,16,6,SCIOTO RD,,23,36.21333056,-82.30766111,0,1,0,0,1,1,0,1,2,10,0,10,0,0000000,99,99,99,99,88,88,0,0,0,1,1
47,470627,2,2,0,0,0,4,4,35,1960,17,9,2014,4,20,26,0,3,2,US-70 SR-1 SPARTA HWY,,49,35.97415,-85.18148056,0,12,6,0,8,1,0,1,2,1,0,1,0,0000000,99,99,99,99,99,99,0,0,0,1,0
47,470628,2,2,0,0,0,2,2,157,1620,20,9,2014,7,22,5,1,13,3,SR-177 GERMANTOWN RD,CORDOVA RD,76,35.15815556,-89.79521111,0,12,2,0,2,2,0,1,3,1,0,1,0,0000000,99,99,99,99,88,88,0,0,0,1,0
47,470629,2,2,0,0,0,2,2,37,1760,8,9,2014,2,17,51,0,15,6,KNIGHT DR,EWING DR,6,36.23161944,-86.80396111,0,12,6,0,2,3,0,1,1,1,0,1,0,0000000,99,99,99,99,88,88,0,0,0,1,0
47,470630,1,1,0,0,0,1,1,9,0,21,9,2014,1,9,13,0,3,2,US-129 SR-115,,47,35.49898889,-83.94281944,0,1,0,0,1,1,0,1,1,1,0,1,0,0000000,99,99,99,99,88,88,0,0,0,1,0
47,470631,1,1,0,0,0,2,2,61,0,29,8,2014,6,17,57,0,3,3,SR-56,,96,35.30971111,-85.74031111,0,42,0,0,1,1,0,4,1,1,0,1,0,0000000,99,99,99,99,99,99,0,0,0,1,1
47,470632,1,1,0,0,0,1,1,149,0,10,9,2014,4,16,5,1,11,1,I-24,,261,35.71771944,-86.31701111,0,24,0,0,1,1,0,3,1,1,0,1,0,0000000,99,99,99,99,99,99,0,0,0,1,0
47,470633,1,1,0,0,0,1,1,135,0,16,9,2014,3,16,25,0,4,3,SR-438 HWY 438 W,,123,35.72295,-87.93418056,0,1,0,0,1,1,0,4,1,1,0,1,0,0000000,99,99,99,99,99,99,0,0,0,1,0
47,470634,2,2,0,0,0,4,4,149,0,13,9,2014,7,14,36,0,14,4,CR-VETERANS PKWY,CR-BARFIELD RD,43,35.78721944,-86.42776944,0,12,6,0,2,2,4,1,1,10,0,10,0,0000000,99,99,99,99,99,99,3,0,0,1,0
47,470635,1,1,0,0,0,1,1,107,0,14,9,2014,1,13,6,1,1,1,I-75,,8,35.32271944,-84.788,0,42,0,0,1,1,0,3,1,1,0,1,0,0000000,99,99,99,99,99,99,0,0,0,1,0
47,470636,1,1,0,0,0,1,1,107,0,17,9,2014,4,22,44,0,4,3,SR-307 OLD MADISONVILLE RD,,60,35.49393889,-84.5071,0,34,0,0,1,1,0,4,2,98,0,98,0,0000000,99,99,99,99,88,88,0,0,0,1,1
47,470637,1,1,0,1,1,1,1,125,410,22,9,2014,2,0,15,0,14,3,SR-236 TINY TOWN RD,,43,36.62651944,-87.362625,0,9,0,0,1,1,0,2,2,1,0,1,0,0000000,99,99,99,99,88,88,0,0,0,1,0
47,470638,1,1,0,0,0,1,1,3,0,19,9,2014,6,3,30,0,6,4,CR-WARNER BRIDGE RD FISHING FO,,8,35.48855,-86.49911111,0,42,0,0,1,1,0,4,2,1,0,1,0,0000000,99,99,99,99,99,99,0,0,0,1,1
47,470639,1,1,0,0,0,1,1,119,0,7,9,2014,1,13,0,0,3,3,SR-50 NEW LEWISBURG HWY,,269,35.51771944,-86.8964,0,42,0,1,19,1,0,4,1,1,0,1,0,0000000,99,99,99,99,99,99,0,0,0,1,0
47,470640,2,2,0,0,0,3,3,163,1280,25,9,2014,5,21,16,1,13,2,US-11W SR-1 W STONE DR,,29,36.55969722,-82.56448889,0,12,2,0,1,1,0,1,3,1,0,1,0,0000000,99,99,99,99,99,99,0,0,0,1,1
47,470641,2,2,0,0,0,2,2,93,1300,25,9,2014,5,22,53,1,11,1,I-40/75 RAMP,MONTVUE RD,5,35.92833889,-84.04281944,0,12,6,1,2,2,0,1,3,1,0,1,0,0000000,99,99,99,99,99,99,0,0,0,1,1
47,470642,1,1,0,0,0,2,2,183,0,20,9,2014,7,18,15,0,6,4,CR-WEBB RD,,34,36.42806111,-88.5426,0,34,0,0,1,1,0,4,1,1,0,1,0,0000000,99,99,99,99,88,88,0,0,0,1,1
47,470643,1,1,0,0,0,1,1,63,1700,23,9,2014,3,1,26,0,16,6,MCGINNIS RD,,3,36.19943889,-83.39343889,0,43,0,0,1,1,0,4,2,1,0,1,0,0000000,99,99,99,99,99,99,0,0,0,1,1
47,470644,2,2,0,0,0,3,3,151,0,18,9,2014,5,11,30,1,13,2,US-27 SR-29 SCOTT HWY,,150,36.46071111,-84.54803889,0,12,2,0,1,1,0,1,1,1,0,1,0,0000000,99,99,99,99,99,99,0,0,0,1,0
47,470645,4,4,0,0,0,5,5,93,1300,26,9,2014,6,16,23,1,11,1,I-40/75,,97,35.92118056,-84.07731944,0,12,1,0,1,1,0,1,1,1,0,1,0,0000000,99,99,99,99,99,99,0,0,0,1,0
47,470646,2,2,0,0,0,5,5,65,400,27,9,2014,7,3,23,0,14,6,CENTRAL AVE,MCCALLIE AVE,13,35.04188889,-85.29095,0,12,1,0,3,2,0,1,3,1,0,1,0,0000000,99,99,99,99,99,99,0,0,0,1,1
47,470647,1,1,0,0,0,4,4,9,1570,28,9,2014,1,21,21,0,15,6,BIG SPRINGS RD,,19,35.75036389,-84.00673056,0,42,0,0,1,1,0,4,2,1,0,1,0,0000000,99,99,99,99,99,99,0,0,0,1,0
47,470648,2,2,0,1,1,3,3,157,1620,27,9,2014,7,22,2,0,14,6,E HOLMES RD,,61,35.00644722,-89.99756389,0,8,0,0,1,1,0,1,3,1,0,1,0,0000000,99,99,99,99,88,88,0,0,0,1,0
47,470649,1,1,0,0,0,1,1,31,2470,27,9,2014,7,13,7,1,13,3,SR-55 NEW MANCHESTER HWY,,77,35.40136944,-86.13393056,0,1,0,0,1,1,0,3,1,10,0,10,0,0000000,99,99,99,99,99,99,0,0,0,1,0
47,470650,2,2,0,0,0,2,2,119,0,15,9,2014,2,20,59,0,3,3,SR-50 NEW LEWISBURG HWY,,230,35.53451944,-86.96121111,0,12,2,0,1,1,0,1,2,1,0,1,0,0000000,99,99,99,99,99,99,0,0,0,1,0
47,470651,2,2,0,0,0,3,3,93,0,30,9,2014,3,6,31,1,11,1,I-40,,3,35.87845,-84.23661111,0,12,1,0,1,1,0,1,2,5,0,5,0,0000000,99,99,99,99,99,99,23,0,0,1,0
47,470652,1,1,0,0,0,1,1,93,1300,29,9,2014,2,7,13,0,14,3,SR-169 MIDDLEBROOK PK,,59,35.94491944,-84.02711944,0,42,0,0,1,1,0,3,4,10,0,10,0,0000000,99,99,99,99,88,88,0,0,0,1,0
47,470654,2,2,0,0,0,3,3,123,0,18,9,2014,5,16,53,0,15,4,CR-SWEATWATER VONORE RD,,22,35.60666111,-84.42361944,0,12,6,0,8,1,0,1,1,1,0,1,0,0000000,99,99,99,99,99,99,0,0,0,2,1
47,470655,1,1,0,0,0,2,2,61,178,25,9,2014,5,13,13,0,16,6,STONE DOOR RD,,6,35.4597,-85.65208889,0,42,0,0,1,1,0,4,1,1,0,1,0,0000000,99,99,99,99,99,99,0,0,0,1,0
47,470656,2,2,0,0,0,2,2,93,0,5,7,2014,7,16,25,0,15,4,CR-HICKORY CREEK RD,,32,35.91175,-84.23003889,0,12,2,0,8,1,0,1,1,1,0,1,0,0000000,99,99,99,99,99,99,0,0,0,1,0
47,470657,1,1,0,1,1,1,1,105,0,28,9,2014,1,15,30,0,4,3,SR-444 TELLICO PKWY,,3,35.66226944,-84.28363889,0,8,0,0,1,1,0,2,1,10,0,10,0,0000000,99,99,99,99,99,99,0,0,0,1,0
47,470658,1,1,0,0,0,4,4,13,0,27,9,2014,7,22,15,1,1,1,I-75,,239,36.51228889,-84.19758889,0,24,0,0,1,1,0,3,2,1,0,1,0,0000000,99,99,99,99,99,99,0,0,0,1,0
47,470659,1,1,0,0,0,1,1,3,0,27,9,2014,7,13,45,0,6,4,CR-OLD NASHVILLE DIRT RD,,74,35.58758056,-86.52233056,0,32,0,0,1,1,0,4,1,1,0,1,0,0000000,99,99,99,99,99,99,0,0,0,1,0
47,470660,2,2,0,0,0,3,3,147,0,23,9,2014,3,22,30,1,1,1,I-65,,128,36.57841111,-86.61341111,0,12,2,0,1,1,0,1,2,1,0,1,0,0000000,99,99,99,99,99,99,0,0,0,1,1
47,470661,1,1,0,0,0,2,2,61,0,28,9,2014,1,0,40,0,6,4,CR-HOBBS RD,,8,35.4451,-85.81003889,0,35,0,0,1,1,0,4,2,1,0,1,0,0000000,99,99,99,99,99,99,0,0,0,1,1
47,470662,2,2,0,0,0,1,1,37,1760,9,8,2014,7,10,37,1,11,1,I-40,,209,36.14411111,-86.73888056,0,12,1,0,1,1,0,2,1,1,0,1,0,0000000,99,99,99,99,88,88,23,0,0,1,0
47,470663,1,1,0,0,0,5,5,115,0,30,9,2014,3,23,0,1,1,1,I-24,,276,35.0088,-85.52878889,0,24,0,0,1,1,0,3,2,1,0,1,0,0000000,99,99,99,99,99,99,0,0,0,1,0
47,470664,3,3,0,0,0,4,4,149,0,29,9,2014,2,16,35,1,11,1,I-24,,5,36.00265,-86.60726944,0,12,1,0,1,1,0,1,1,1,0,1,0,0000000,99,99,99,99,99,99,0,0,0,2,0
47,470665,1,1,0,0,0,1,1,111,0,28,9,2014,1,19,39,0,5,4,CR-NEW HARMONY RD,,25,36.47131111,-86.11573056,0,42,0,0,1,1,0,4,2,1,0,1,0,0000000,99,99,99,99,99,99,0,0,0,1,1
47,470666,1,1,0,0,0,2,2,183,0,30,9,2014,3,14,55,0,4,3,SR-124,,39,36.1598,-88.7339,0,23,0,0,1,1,0,4,1,1,0,1,0,0000000,99,99,99,99,88,88,0,0,0,1,0
47,470667,1,1,0,0,0,1,1,87,880,2,10,2014,5,22,30,0,5,4,CR-MCCOINSVILLE RD,,45,36.30501944,-85.64056944,0,1,0,0,1,1,0,4,2,10,0,10,0,0000000,99,99,99,99,88,88,0,0,0,1,1
47,470668,1,1,0,0,0,1,1,97,0,23,9,2014,3,22,54,0,4,3,SR-87,,125,35.69133056,-89.70138889,0,32,0,0,1,1,0,4,2,1,0,1,0,0000000,99,99,99,99,99,99,0,0,0,1,0
47,470669,2,2,0,0,0,4,4,125,410,27,9,2014,7,23,50,0,14,2,US-41A SR-112/76 MADISON ST,MEMORIAL DR,115,36.51388333,-87.31280833,0,12,2,0,2,2,0,1,3,1,0,1,0,0000000,99,99,99,99,99,99,0,0,0,1,1
47,470670,1,1,0,0,0,4,4,77,1390,26,9,2014,6,22,32,0,15,3,SR-104 MAIN ST,,181,35.63113889,-88.3879,0,34,0,0,1,1,0,4,3,1,0,1,0,0000000,99,99,99,99,99,99,0,0,0,1,1
47,470671,1,1,0,0,0,1,1,1,1850,6,10,2014,2,15,1,1,13,3,SR-95 OAK RIDGE TURNPIKE,,81,36.05391944,-84.20531944,0,35,0,0,1,1,0,4,1,2,0,2,0,0000000,99,99,99,99,99,99,0,0,0,1,0
47,470672,1,1,0,0,0,1,1,87,0,7,10,2014,3,99,99,0,4,3,SR-290 SHEPARDSVILLE HWY,,60,36.24936111,-85.67663056,0,42,0,0,1,1,0,4,9,99,0,99,0,0000000,99,99,99,99,88,88,0,0,0,1,1
47,470673,2,2,0,0,0,6,6,65,2260,1,10,2014,4,15,13,1,13,2,US-27 SR-29,DAYTON PK,216,35.3088,-85.14293056,0,12,6,0,2,3,0,1,1,1,0,1,0,0000000,99,99,99,99,99,99,0,0,0,1,0
47,470674,1,1,0,1,1,1,1,157,1620,9,10,2014,5,6,30,1,13,2,US-78 SR-4 LAMAR AVE,,65,35.07003056,-89.94535,0,8,0,0,1,1,0,1,4,1,0,1,0,0000000,99,99,99,99,99,99,0,0,0,1,0
47,470675,1,1,0,0,0,1,1,139,0,4,10,2014,7,5,0,1,2,2,US-64/74 SR-40,,16,35.11848889,-84.6989,0,35,0,0,1,1,0,4,2,1,0,1,0,0000000,99,99,99,99,88,88,0,0,0,1,1
47,470676,1,1,0,0,0,1,1,159,0,4,10,2014,7,19,45,0,3,3,SR-85 DEFEATED CREEK HWY,,34,36.31943056,-85.91355,0,24,0,0,1,1,0,4,2,1,0,1,0,0000000,99,99,99,99,99,99,0,0,0,1,1
47,470677,1,1,0,0,0,1,1,189,0,5,10,2014,1,99,99,0,5,4,CR-LEEVILLE RD,,11,36.1492,-86.41971111,0,23,0,0,1,1,0,4,2,99,0,99,0,0000000,99,99,99,99,88,88,0,0,0,1,1
47,470678,1,1,0,0,0,1,1,131,0,14,9,2014,1,19,30,0,4,3,SR-216 RIVES MT PELIA RD,,66,36.32021111,-88.98338889,0,11,0,0,1,1,0,1,6,1,0,1,0,0000000,99,99,99,99,99,99,0,0,0,1,0
47,470679,1,1,0,0,0,3,3,89,0,9,10,2014,5,14,25,0,6,8,CORP OF ENGINEERS,,0,36.09188056,-83.25213056,5,1,0,0,1,1,0,4,1,1,0,1,0,0000000,99,99,99,99,99,99,0,0,0,1,1
47,470680,1,1,0,0,0,1,1,49,0,11,10,2014,7,11,20,1,2,2,US-127 SR-28 S YORK HWY,,29,36.20855,-85.01663889,0,34,0,0,1,1,0,4,1,5,0,5,0,0000000,99,99,99,99,99,99,0,0,0,1,0
47,470681,1,1,0,0,0,1,1,93,0,12,10,2014,1,4,50,1,1,1,I-75,,101,36.07448889,-84.01013889,0,35,0,0,1,1,0,4,2,2,0,2,0,0000000,99,99,99,99,88,88,0,0,0,1,0
47,470682,1,1,0,0,0,3,3,165,1085,12,10,2014,1,6,48,0,15,6,ANDERSON LN,,83,36.3064,-86.59326111,0,32,0,0,1,1,0,4,1,10,0,10,0,0000000,99,99,99,99,99,99,0,0,0,1,1
47,470683,1,1,0,0,0,2,2,171,2477,5,10,2014,1,8,0,1,11,1,I-26 US-19W/23 JAMES H QUILLEN,,5,36.25181111,-82.32405,0,57,0,0,1,1,0,3,1,1,0,1,0,0000000,99,99,99,99,99,99,0,0,0,1,0
47,470684,2,2,0,0,0,4,4,9,1570,11,10,2014,7,10,28,1,13,2,US-129/411 SR-33 W BROADWAY AV,,95,35.72758056,-83.99873889,0,12,6,0,8,1,0,1,1,10,0,10,0,0000000,99,99,99,99,99,99,0,0,0,1,0
47,470685,2,2,0,0,0,2,2,163,250,11,10,2014,7,11,15,1,13,2,US-11E/19 SR-34 BRISTOL HWY,,58,36.46503889,-82.284425,0,12,6,0,4,1,0,1,1,10,0,10,0,0000000,99,99,99,99,99,99,0,0,0,1,0
47,470686,2,2,0,0,0,2,2,157,1620,12,10,2014,1,17,42,1,13,3,SR-177 N GERMANTOWN RD,,85,35.17079167,-89.79321111,0,12,6,0,8,1,0,1,1,1,0,1,0,0000000,99,99,99,99,99,99,0,0,0,1,0
47,470687,1,1,0,0,0,2,2,37,1760,18,8,2014,2,15,8,0,16,6,BULL RUN RD,,24,36.2386,-86.94513056,0,53,0,0,1,1,0,4,1,1,0,1,0,0000000,99,99,99,99,99,99,0,0,0,1,0
47,470688,2,2,0,0,0,2,2,37,1760,9,9,2014,3,14,57,1,11,1,I-24,,228,36.05723056,-86.67671944,0,12,6,0,1,1,0,1,1,1,0,1,0,0000000,99,99,99,99,88,88,0,0,0,1,0
47,470689,2,2,0,0,0,3,3,59,0,4,10,2014,7,9,36,0,4,3,SR-351 STATE HWY 107 CUTOFF,,96,36.1362,-82.7422,0,12,1,0,1,1,0,1,1,1,0,1,0,0000000,99,99,99,99,99,99,0,0,0,1,0
47,470690,1,1,0,0,0,1,1,37,0,24,9,2014,4,20,3,0,3,2,US-41A SR-112 CLARKSVILLE PK,,100,36.31738056,-86.88711111,0,42,0,0,1,1,0,4,2,1,0,1,0,0000000,99,99,99,99,88,88,0,0,0,1,1
47,470691,1,1,0,0,0,1,1,1,0,2,10,2014,5,15,13,1,1,1,I-75 US-25W,,120,36.23881111,-84.1715,0,1,0,0,1,1,0,4,1,1,0,1,0,0000000,99,99,99,99,88,88,0,0,0,1,0
47,470692,1,1,0,0,0,1,1,189,0,5,10,2014,1,99,99,0,16,4,CR-ANTHONY WAY,,1,36.17528889,-86.55971944,0,32,0,0,1,1,0,4,2,1,0,1,0,0000000,99,99,99,99,88,88,0,0,0,1,1
47,470693,2,1,1,0,0,2,2,157,1620,9,10,2014,5,17,54,0,16,6,CHISWOOD ST,,5,35.19815833,-89.89100556,0,33,0,0,1,1,0,4,3,1,0,1,0,0000000,99,99,99,99,99,99,0,0,0,1,0
47,470694,3,3,0,0,0,4,4,93,0,5,10,2014,1,11,56,0,3,2,US-11W SR-1 RUTLEDGE PK,CR-HIDDEN HAVEN WAY,361,36.12805,-83.72,0,12,6,0,2,3,0,1,1,1,0,1,0,0000000,99,99,99,99,88,88,0,0,0,1,0
47,470695,2,2,0,0,0,2,2,23,0,1,10,2014,4,16,40,1,2,2,US-45 SR-5,CR-HENDERSON RD,96,35.47698889,-88.70058889,0,12,6,0,2,3,0,1,1,1,0,1,0,0000000,99,99,99,99,99,99,0,0,0,1,0
47,470696,1,1,0,0,0,1,1,1,0,5,8,2014,3,14,25,0,4,3,SR-116,,108,36.1215,-84.228,0,53,0,0,1,1,0,4,1,1,0,1,0,0000000,99,99,99,99,99,99,0,0,0,1,0
47,470697,1,1,0,0,0,1,1,141,0,1,10,2014,4,10,0,0,4,3,SR-136 HILHAM RD,,107,36.25123056,-85.46873889,0,53,0,0,1,1,0,4,1,1,0,1,0,0000000,99,99,99,99,99,99,0,0,0,1,0
47,470698,1,1,0,0,0,1,1,177,0,14,10,2014,3,8,35,0,4,3,SR-287 JACKSBORO RD,,92,35.65768056,-85.93323056,0,35,0,0,1,1,0,4,1,2,0,2,0,0000000,99,99,99,99,99,99,0,0,0,1,0
47,470699,1,1,0,0,0,1,1,49,0,14,10,2014,3,18,0,1,2,2,US-127 SR-28 S YORK HWY,,46,36.23178056,-85.00843889,0,32,0,0,1,1,0,4,1,10,0,10,0,0000000,99,99,99,99,88,88,0,0,0,1,0
47,470701,1,1,0,0,0,2,2,157,1620,9,10,2014,5,13,35,1,13,3,SR-175 SHELBY DR,,84,35.02080833,-89.96045278,0,30,0,0,1,1,0,4,1,1,0,1,0,0000000,99,99,99,99,99,99,0,0,0,1,0
47,470702,1,1,0,0,0,1,1,159,0,12,10,2014,1,20,10,0,5,4,CR-YOUNG BRANCH RD,,3,36.36308056,-86.04926944,0,23,0,0,1,1,0,4,2,1,0,1,0,0000000,99,99,99,99,88,88,0,0,0,1,0
47,470703,2,2,0,0,0,5,5,37,1760,30,9,2014,3,16,21,0,15,6,BELL RD,,7,36.16131111,-86.59711944,0,24,0,0,1,1,0,4,1,1,0,1,0,0000000,99,99,99,99,99,99,0,0,0,1,0
47,470704,1,1,0,0,0,1,1,123,0,13,10,2014,2,2,9,0,5,4,CR-NILES FERRY RD,,25,35.52938056,-84.31738056,0,30,0,0,1,1,0,4,2,2,0,2,0,0000000,99,99,99,99,88,88,0,0,0,1,0
47,470705,3,3,0,0,0,5,5,163,0,19,10,2014,1,12,15,0,3,3,SR-394,,22,36.55051111,-82.33701111,0,30,0,0,1,1,0,4,1,1,0,1,0,0000000,99,99,99,99,99,99,14,0,0,1,0
47,470707,1,1,0,0,0,1,1,123,2369,18,10,2014,7,3,58,1,11,1,I-75,,11,35.60378889,-84.51128056,0,1,0,0,1,1,0,4,2,1,0,1,0,0000000,99,99,99,99,99,99,0,0,0,1,0
47,470708,3,3,0,0,0,4,4,37,1760,24,8,2014,1,11,0,1,11,1,I-440,,74,36.1251,-86.73309722,0,12,1,0,1,1,0,1,1,1,0,1,0,0000000,99,99,99,99,99,99,19,27,0,1,0
47,470709,1,1,0,0,0,1,1,93,0,21,10,2014,3,12,34,0,14,3,SR-332 S NORTHSHORE DR,,38,35.8587,-84.11301944,0,42,0,0,1,1,0,4,1,1,0,1,0,0000000,99,99,99,99,88,88,0,0,0,1,0
47,470710,1,1,0,0,0,3,3,9,0,22,10,2014,4,15,54,0,5,4,CR-MINT RD,,76,35.65376944,-84.03006111,0,34,0,0,1,1,0,4,1,1,0,1,0,0000000,99,99,99,99,99,99,0,0,0,1,0
47,470711,2,2,0,0,0,1,1,37,1760,4,9,2014,5,7,37,0,15,6,HERMAN ST,,2,36.16231944,-86.81507778,0,12,2,0,1,1,0,1,1,1,0,1,0,0000000,99,99,99,99,99,99,0,0,0,1,0
47,470712,1,1,0,0,0,1,1,77,0,17,10,2014,6,6,20,1,1,1,I-40,,237,35.81494722,-88.206,0,42,0,0,1,1,0,3,2,1,0,1,0,0000000,99,99,99,99,88,88,0,0,0,1,0
47,470714,2,2,0,0,0,2,2,187,0,17,10,2014,6,18,16,0,4,3,SR-247 DUPLEX RD,,29,35.74778889,-86.8619,0,1,0,0,1,1,0,1,5,1,0,1,0,0000000,99,99,99,99,99,99,0,0,0,1,1
47,470715,1,1,0,0,0,2,2,59,0,25,6,2014,4,20,22,0,6,4,CR-HENSLEY LN,,2,36.24140278,-82.66490833,0,1,0,0,1,1,0,1,5,10,0,10,0,0000000,99,99,99,99,99,99,0,0,0,1,1
47,470716,1,1,0,1,1,1,1,93,1300,18,10,2014,7,14,21,1,13,2,US-25W SR-9 CLINTON PK,,8,36.02308889,-84.05791944,0,8,0,0,1,1,0,2,1,1,0,1,0,0000000,99,99,99,99,88,88,0,0,0,1,0
47,470717,3,3,0,0,0,10,10,157,1620,25,10,2014,7,0,54,1,11,1,I-240,,107,35.08078056,-89.93785833,0,12,1,0,1,1,0,1,3,1,0,1,0,0000000,99,99,99,99,99,99,0,0,0,2,0
47,470718,2,2,0,0,0,3,3,125,410,24,10,2014,6,20,20,1,13,2,US-79 SR-13 WILMA RUDOLPH BLVD,,239,36.566675,-87.30760556,0,12,2,0,1,1,0,1,3,1,0,1,0,0000000,99,99,99,99,99,99,0,0,0,1,2
47,470719,1,1,0,0,0,1,1,113,0,21,10,2014,3,99,99,0,5,4,CR-LIBERTY CLAYBROOK RD,,57,35.68098889,-88.64411944,0,35,0,0,1,1,0,4,1,1,0,1,0,0000000,99,99,99,99,88,88,0,0,0,1,0
47,470721,1,1,0,0,0,2,2,115,0,19,10,2014,1,2,50,0,3,3,SR-108,,92,35.29583056,-85.56543889,0,38,0,0,1,1,0,4,2,1,0,1,0,0000000,99,99,99,99,88,88,0,0,0,2,1
47,470722,1,1,0,0,0,1,1,107,0,19,10,2014,1,22,30,0,5,4,CR-130,,30,35.44143056,-84.68335,0,42,0,0,1,1,0,4,2,1,0,1,0,0000000,99,99,99,99,99,99,0,0,0,1,0
47,470723,1,1,0,0,0,2,2,73,0,24,10,2014,6,13,16,0,4,3,SR-113,,10,36.30896944,-83.12751111,0,31,0,0,1,1,0,4,1,1,0,1,0,0000000,99,99,99,99,99,99,0,0,0,1,0
47,470724,1,1,0,0,0,1,1,107,0,26,10,2014,1,0,45,0,15,3,SR-39,,113,35.4254,-84.5528,0,32,0,0,1,1,0,4,2,1,0,1,0,0000000,99,99,99,99,88,88,0,0,0,1,1
47,470725,2,2,0,0,0,2,2,189,1360,15,10,2014,4,5,33,1,13,3,SR-109,,66,36.22065,-86.42433889,0,12,2,0,1,1,0,1,2,10,0,10,0,0000000,99,99,99,99,99,99,0,0,0,1,0
47,470726,2,2,0,0,0,3,3,31,2470,25,10,2014,7,22,13,1,13,3,SR-55 E CARROLL ST,S ANDERSON ST,30,35.35974722,-86.20005278,0,12,6,0,2,2,0,1,3,1,0,1,0,0000000,22,13,22,35,23,42,0,0,0,1,1
47,470727,1,1,0,0,0,1,1,37,1760,20,9,2014,7,23,0,0,14,6,BATTERY LN,,52,36.088,-86.78273056,0,42,0,0,1,1,0,4,3,1,0,1,0,0000000,99,99,99,99,99,99,0,0,0,1,1
47,470728,2,2,0,0,0,2,2,37,1760,18,10,2014,7,14,8,0,16,6,IVEY POINT RD,,31,36.34681111,-86.79631944,0,12,6,0,8,1,0,1,1,10,0,10,0,0000000,99,99,99,99,99,99,0,0,0,1,0
47,470729,2,2,0,0,0,2,2,37,1760,1,9,2014,2,13,55,1,11,1,I-40,,177,36.15396944,-86.78818056,0,12,7,0,1,1,0,1,1,1,0,1,0,0000000,99,99,99,99,99,99,0,0,0,1,0
47,470730,2,2,0,0,0,3,3,77,0,16,10,2014,5,9,50,1,1,1,I-40,,82,35.76466111,-88.47098889,0,12,8,0,1,1,0,1,1,1,0,1,0,0000000,99,99,99,99,99,99,0,0,0,1,0
47,470731,1,1,0,0,0,4,4,111,1310,23,10,2014,5,21,0,0,15,6,PUMPKINTOWN RD,,0,36.59446111,-85.91053889,0,42,0,0,1,1,0,4,6,1,0,1,0,0000000,99,99,99,99,99,99,0,0,0,1,0
47,470732,1,1,0,1,1,1,1,163,290,26,10,2014,1,23,0,0,14,3,SR-358 WEAVER PK,,49,36.53096944,-82.17528889,0,9,0,0,1,1,0,1,2,1,0,1,0,0000000,99,99,99,99,99,99,0,0,0,1,1
47,470733,2,2,0,0,0,1,1,103,0,25,10,2014,7,11,25,0,6,4,CR-HARBIN RD,,12,35.05588056,-86.54296944,0,12,1,0,1,1,0,1,1,1,0,1,0,0000000,99,99,99,99,99,99,0,0,0,1,1
47,470734,2,2,0,0,0,2,2,29,1780,29,10,2014,4,11,14,1,11,1,I-40,,51,35.95441111,-83.206,0,12,1,0,1,1,0,2,1,10,0,10,0,0000000,99,99,99,99,99,99,0,0,0,1,0
47,470735,1,1,0,0,0,1,1,93,0,29,10,2014,4,18,55,0,4,2,US-441 SR-71 NORRIS FRWY,,128,36.11818056,-83.98938056,0,42,0,0,1,1,0,4,2,1,0,1,0,0000000,99,99,99,99,88,88,0,0,0,1,0