STATE,ST_CASE,VE_TOTAL,VE_FORMS,PVH_INVL,PEDS,PERNOTMVIT,PERMVIT,PERSONS,COUNTY,CITY,DAY,MONTH,YEAR,DAY_WEEK,HOUR,MINUTE,NHS,ROAD_FNC,ROUTE,TWAY_ID,TWAY_ID2,MILEPT,LATITUDE,LONGITUD,SP_JUR,HARM_EV,MAN_COLL,RELJCT1,RELJCT2,TYP_INT,WRK_ZONE,REL_ROAD,LGT_COND,WEATHER1,WEATHER2,WEATHER,SCH_BUS,RAIL,NOT_HOUR,NOT_MIN,ARR_HOUR,ARR_MIN,HOSP_HR,HOSP_MN,CF1,CF2,CF3,FATALS,DRUNK_DR
47,470736,2,2,0,0,0,2,2,189,0,28,10,2014,3,8,1,1,2,3,SR-109,,117,36.29226111,-86.44381111,0,12,6,0,8,1,0,1,1,1,0,1,0,0000000,99,99,99,99,88,88,0,0,0,1,0
47,470737,1,1,0,0,0,3,3,13,0,27,10,2014,2,7,30,1,1,1,I-75,,170,36.44158889,-84.28198889,0,24,0,0,1,1,0,4,9,1,0,1,0,0000000,99,99,99,99,99,99,0,0,0,2,0
47,470738,1,1,0,1,1,1,1,113,1200,24,10,2014,6,1,35,0,14,6,N ROYAL ST,,7,35.61918889,-88.81318056,0,8,0,0,1,1,0,1,3,1,0,1,0,0000000,99,99,99,99,88,88,0,0,0,1,0
47,470739,1,1,0,1,1,1,1,167,520,27,10,2014,2,17,45,0,16,6,SOLO RD,,1,35.5593,-89.61423889,0,8,0,0,1,1,0,1,5,1,0,1,0,0000000,99,99,99,99,99,99,0,0,0,1,0
47,470740,2,2,0,0,0,2,2,5,330,24,10,2014,6,11,7,1,2,2,US-641 SR-69,,190,36.11138056,-88.11911944,0,12,6,0,1,1,0,1,1,1,0,1,0,0000000,99,99,99,99,99,99,0,0,0,1,0
47,470741,3,3,0,0,0,3,3,99,0,26,10,2014,1,13,50,0,5,4,CR-938 ETHRIDGE-RD HILL RD,,50,35.30946944,-87.37726111,0,12,2,0,1,1,0,1,1,1,0,1,0,0000000,99,99,99,99,99,99,0,0,0,1,0
47,470742,2,2,0,0,0,2,2,105,0,28,10,2014,3,10,1,1,13,2,US-11 SR-2 E LEE HWY,,101,35.77486111,-84.30284167,0,12,2,0,1,1,0,1,1,1,0,1,0,0000000,99,99,99,99,99,99,0,0,0,2,0
47,470743,1,1,0,0,0,1,1,57,0,7,10,2014,3,9,0,0,6,4,CR-HILLTOP VIEW LN,,1,36.30961111,-83.35885,0,35,0,0,1,1,0,4,1,1,0,1,0,0000000,99,99,99,99,99,99,0,0,0,1,0
47,470744,1,1,0,0,0,1,1,81,370,31,10,2014,6,10,30,0,16,6,COLUMBIA AVE,W WARD ST,34,35.77621944,-87.46321111,0,39,0,0,3,2,0,4,1,10,0,10,0,0000000,99,99,99,99,99,99,0,0,0,1,0
47,470745,2,2,0,0,0,5,5,131,0,26,10,2014,1,12,34,0,3,3,SR-78,,7,36.22145,-89.46991944,0,12,2,0,1,1,0,1,1,1,0,1,0,0000000,99,99,99,99,99,99,0,0,0,2,0
47,470747,2,2,0,0,0,2,2,83,0,3,11,2014,2,17,59,0,3,3,SR-49 STATE HWY 49E,,122,36.28011111,-87.57488889,0,12,2,0,1,1,0,1,2,1,0,1,0,0000000,99,99,99,99,99,99,0,0,0,1,1
47,470748,1,1,0,0,0,4,4,35,0,14,10,2014,3,10,35,0,4,3,SR-101 LANTANA RD,,13,35.78571944,-85.15698056,0,16,0,0,1,1,0,1,1,2,0,2,0,0000000,99,99,99,99,99,99,0,0,0,1,0
47,470749,2,2,0,0,0,3,3,37,0,3,10,2014,6,15,27,1,13,3,SR-45 OLD HICKORY BLVD,CR-DELAWARE AVE,76,36.263675,-86.70451111,0,12,6,0,2,2,0,1,1,10,0,10,0,0000000,99,99,99,99,99,99,0,0,0,1,0
47,470750,1,1,0,0,0,1,1,187,833,1,11,2014,7,17,3,0,16,4,CR-FERNVALE RD,,42,35.95563889,-87.07836111,0,41,0,0,1,1,0,4,1,10,0,10,0,0000000,99,99,99,99,88,88,0,0,0,1,0
47,470751,1,1,0,0,0,1,1,119,0,2,11,2014,1,19,9,0,5,4,CR-VALLEY CREEK RD,,33,35.47568889,-86.98978889,0,34,0,0,1,1,0,4,2,1,0,1,0,0000000,99,99,99,99,88,88,0,0,0,1,0
47,470752,1,1,0,0,0,1,1,119,470,4,11,2014,3,3,0,0,5,4,CR-CLARA MATHIS RD,,41,35.66366944,-86.90936111,0,35,0,0,1,1,0,4,2,1,0,1,0,0000000,99,99,99,99,88,88,20,0,0,1,0
47,470753,1,1,0,0,0,2,2,63,0,5,11,2014,4,13,5,0,6,4,CR-SHINEBONE RD,,22,36.23614167,-83.202725,0,42,0,0,1,1,0,4,1,2,0,2,0,0000000,99,99,99,99,99,99,0,0,0,1,0
47,470754,2,2,0,0,0,2,2,17,1510,22,10,2014,4,16,13,1,13,2,US-79 SR-76 S HIGHLAND DR,OAK ST,154,36.12515,-88.5153,0,12,6,0,2,4,0,1,1,1,0,1,0,0000000,99,99,99,99,88,88,0,0,0,1,0
47,470755,2,2,0,0,0,2,2,149,0,23,10,2014,5,23,11,1,1,1,I-24,,16,35.99226111,-86.59173056,0,12,1,0,1,1,0,1,2,1,0,1,0,0000000,99,99,99,99,99,99,0,0,0,1,0
47,470756,2,2,0,0,0,3,3,147,2565,29,10,2014,4,1,58,1,11,1,I-65 RAMP,,41,36.46636111,-86.68378056,0,12,9,1,5,1,0,2,2,2,0,2,0,0000000,99,99,99,99,99,99,0,0,0,1,0
47,470757,2,2,0,0,0,5,5,165,890,3,11,2014,2,18,14,1,13,3,SR-109,OLD HWY 109,75,36.42896111,-86.46351111,0,12,6,0,2,2,0,1,2,1,0,1,0,0000000,99,99,99,99,99,99,0,0,0,2,0
47,470758,1,1,0,0,0,2,2,31,0,3,11,2014,2,18,38,0,16,4,CR-BELMONT RD,,8,35.4336,-86.1202,0,35,0,0,1,1,0,4,2,1,0,1,0,0000000,99,99,99,99,99,99,0,0,0,1,0
47,470759,1,1,0,0,0,2,2,35,0,6,11,2014,5,5,20,0,4,2,US-70 SR-1,,177,35.95593889,-84.97538056,0,18,0,0,1,1,0,4,2,5,0,5,0,0000000,99,99,99,99,99,99,0,0,0,2,1
47,470760,6,1,5,0,0,2,2,157,1620,30,10,2014,5,10,39,0,16,6,ROZELLE ST,,4,35.10593056,-90.00619722,0,10,0,0,6,1,0,1,1,1,0,1,0,663400Y,99,99,99,99,99,99,14,0,0,1,0
47,470761,3,3,0,0,0,3,3,65,0,8,11,2014,7,4,44,1,2,2,US-27 SR-29 DAYTON PK,,272,35.38473889,-85.1084,0,12,8,0,1,1,0,1,3,1,0,1,0,0000000,99,99,99,99,99,99,0,0,0,1,1
47,470763,2,2,0,0,0,2,2,157,1620,29,10,2014,4,10,49,0,16,6,KAYE RD,S PERKINS RD,7,35.10416667,-89.90695,0,12,6,0,2,2,0,1,1,1,0,1,0,0000000,99,99,99,99,99,99,0,0,0,1,0
47,470764,2,2,0,4,4,5,5,157,1620,4,11,2014,3,17,10,0,16,6,SARATOGA AVE,GRAND ST,2,35.10915278,-89.98216389,0,12,6,0,2,2,0,1,1,1,0,1,0,0000000,99,99,99,99,99,99,0,0,0,1,0
47,470765,1,1,0,0,0,2,2,65,400,6,11,2014,5,7,7,0,16,6,LOWER MILL RD,,24,35.16251944,-85.2169,0,42,0,0,1,1,0,4,1,1,0,1,0,0000000,99,99,99,99,99,99,0,0,0,1,0
47,470766,2,2,0,0,0,2,2,125,410,4,11,2014,3,18,38,1,11,1,I-24,,83,36.55156944,-87.2456,0,12,7,0,1,1,0,1,2,1,0,1,0,0000000,99,99,99,99,99,99,0,0,0,1,0
47,470767,3,2,1,0,0,3,3,157,160,12,10,2014,1,15,41,1,13,3,SR-15 STAGE RD,BARTLETT BLVD,34,35.204725,-89.86423611,0,12,6,0,2,2,0,1,1,10,0,10,0,0000000,99,99,99,99,99,99,14,0,0,2,0
47,470768,1,1,0,1,1,1,1,29,0,10,11,2014,2,14,31,0,5,4,CR-GLENDALE RD,,26,36.11388056,-83.14616111,0,8,0,0,1,1,0,1,1,1,0,1,0,0000000,99,99,99,99,99,99,0,0,0,1,0
47,470769,2,2,0,0,0,2,2,149,0,4,11,2014,3,15,56,1,2,2,US-231 SR-10,ROCK SPRINGS MIDLAND RD,35,35.69953056,-86.41993889,0,12,6,0,2,3,0,1,1,1,0,1,0,0000000,99,99,99,99,99,99,0,0,0,1,0
47,470770,2,2,0,0,0,3,3,187,833,7,11,2014,6,22,50,0,14,3,SR-96 HWY 96,,23,36.01286944,-87.15153056,0,12,2,0,1,1,0,1,2,1,0,1,0,0000000,99,99,99,99,99,99,0,0,0,1,1
47,470771,2,2,0,0,0,4,4,149,1750,9,11,2014,1,13,30,1,13,3,SR-96 FRANKLIN RD,,83,35.84473056,-86.45366944,0,12,6,0,8,1,0,1,1,1,0,1,0,0000000,99,99,99,99,99,99,0,0,0,2,0
47,470772,1,1,0,0,0,3,3,157,1620,9,11,2014,1,22,27,1,13,2,US-64/70/79 SR-57 E PKWY N,,11,35.14250278,-89.98268889,0,42,0,0,1,1,0,3,3,1,0,1,0,0000000,99,99,99,99,99,99,0,0,0,1,0
47,470773,2,2,0,0,0,2,2,105,1460,11,11,2014,3,17,55,0,16,6,CARDING MACHINE RD,,1,35.72234722,-84.36758056,0,12,6,0,8,1,0,1,5,1,0,1,0,0000000,99,99,99,99,99,99,0,0,0,1,0
47,470774,2,2,0,0,0,3,3,119,0,24,10,2014,6,13,45,0,3,3,SR-50 NEW LEWISBURG HWY,,209,35.54908889,-86.99333056,0,12,2,0,1,1,0,1,1,10,0,10,0,0000000,99,99,99,99,99,99,0,0,0,1,0
47,470775,1,1,0,0,0,1,1,21,1933,27,10,2014,2,23,0,1,1,1,I-40,,53,36.08801111,-87.0689,0,52,0,0,1,1,0,3,2,1,0,1,0,0000000,99,99,99,99,88,88,0,0,0,1,1
47,470776,1,1,0,0,0,1,1,149,0,3,11,2014,2,17,30,1,2,3,SR-840,,20,35.85956944,-86.57151944,0,59,0,0,1,1,0,4,2,1,0,1,0,0000000,99,99,99,99,99,99,0,0,0,1,0
47,470777,2,2,0,0,0,4,4,145,0,7,11,2014,6,19,35,0,6,4,CR-BUCKNER RD,,3,35.65613056,-84.57616944,0,12,8,0,1,1,0,1,2,1,0,1,0,0000000,99,99,99,99,99,99,0,0,0,1,0
47,470778,2,2,0,0,0,6,6,53,0,12,11,2014,4,7,25,0,4,3,SR-152 SPRING CREEK HWY,,133,35.80476944,-88.7559,0,12,2,0,1,1,0,1,1,10,0,10,0,0000000,99,99,99,99,88,88,0,0,0,1,0
47,470779,2,2,0,0,0,2,2,119,0,12,11,2014,4,14,8,0,4,3,SR-246 CARTERS CREEK RD,,30,35.70698889,-87.01561111,0,12,6,0,8,1,0,1,1,1,0,1,0,0000000,99,99,99,99,99,99,0,0,0,1,0
47,470780,1,1,0,0,0,1,1,177,0,14,11,2014,6,20,10,0,5,4,CR-SHORT MOUNTAIN RD,,101,35.79746111,-85.90375,0,34,0,0,1,1,0,4,2,1,0,1,0,0000000,99,99,99,99,99,99,0,0,0,1,0
47,470781,1,1,0,0,0,1,1,137,0,16,11,2014,1,99,99,0,5,4,CR-KOGER MOUNTAIN RD,,21,36.59676111,-85.02501111,0,42,0,0,1,1,0,4,9,99,0,99,0,0000000,99,99,99,99,88,88,0,0,0,1,1
47,470782,1,1,0,0,0,3,3,25,2375,6,11,2014,5,22,45,0,3,3,SR-33 N BROAD ST,JAYCEE LN,123,36.44778889,-83.575,0,42,0,0,3,3,0,4,3,10,0,10,0,0000000,99,99,99,99,99,99,0,0,0,1,0
47,470783,2,2,0,0,0,3,3,97,0,9,11,2014,1,17,38,1,2,2,US-51 SR-3 JERE B FORD HWY,CR-CURVE NANKIPOO RD,144,35.81161944,-89.47986944,0,12,6,0,2,2,0,1,2,1,0,1,0,0000000,99,99,99,99,99,99,0,0,0,1,0
47,470784,2,2,0,0,0,7,7,145,0,6,11,2014,5,15,17,1,13,3,SR-61 HANNAH HWY,CR-SOURWOOD DR,158,36.02571944,-84.36961111,0,12,1,0,3,3,0,1,1,1,0,1,0,0000000,99,99,99,99,99,99,0,0,0,1,0
47,470785,1,1,0,1,1,2,2,173,0,7,11,2014,6,20,25,0,3,3,SR-33 MAYNARDVILLE HWY,,116,36.28198056,-83.76381944,0,8,0,0,1,1,0,1,2,1,0,1,0,0000000,99,99,99,99,99,99,0,0,0,1,0
47,470786,2,2,0,0,0,2,2,139,0,9,11,2014,1,18,0,1,2,2,US-411 SR-33,CR-YORK RD,111,35.14365,-84.70871944,0,12,6,0,2,2,0,1,5,1,0,1,0,0000000,99,99,99,99,88,88,0,0,0,1,1
47,470787,2,2,0,0,0,6,6,121,0,15,11,2014,7,11,21,0,3,3,SR-68,CR-439 OLD HICKORY FLAT RD,38,35.61998056,-84.71631944,0,12,2,0,3,3,0,1,1,1,0,1,0,0000000,99,99,99,99,99,99,0,0,0,1,0
47,470789,2,2,0,0,0,2,2,157,1620,18,11,2014,3,23,55,0,14,3,SR-23 WALNUT GROVE RD,,86,35.13102222,-89.8712,0,12,6,0,1,1,0,1,3,1,0,1,0,0000000,99,99,99,99,99,99,0,0,0,1,1
47,470790,2,2,0,0,0,3,3,157,0,21,10,2014,3,13,20,0,5,4,CR-W UNION RD,,8,35.36756667,-89.93777222,0,12,2,0,1,1,0,1,1,1,0,1,0,0000000,99,99,99,99,99,99,0,0,0,1,0
47,470792,2,2,0,0,0,3,3,157,1660,14,11,2014,6,12,30,1,13,2,US-51 SR-3,MICRO DR,261,35.31825278,-89.93429722,0,12,6,0,2,3,0,1,1,1,0,1,0,0000000,99,99,99,99,88,88,0,0,0,2,0
47,470793,1,1,0,0,0,2,2,17,0,5,11,2014,4,8,54,0,4,3,SR-77 GORDON BROWNING HWY,,179,36.0548,-88.40496111,0,53,0,0,1,1,0,4,1,2,0,2,0,0000000,99,99,99,99,99,99,0,0,0,1,1
47,470794,2,2,0,0,0,4,4,89,0,18,11,2014,3,13,53,0,4,2,US-25W/70 SR-9,SR-113 OAK GROVE RD,164,36.04353056,-83.34505,0,12,6,1,2,7,0,1,1,1,0,1,0,0000000,99,99,99,99,99,99,0,0,0,1,0
47,470795,2,2,0,0,0,4,4,157,1620,16,11,2014,1,10,30,0,14,6,SHELBY OAKS DR,,3,35.16697778,-89.86925556,0,12,1,0,1,1,0,1,1,2,0,2,0,0000000,99,99,99,99,99,99,0,0,0,1,0
47,470796,1,1,0,0,0,1,1,81,0,21,10,2014,3,9,34,0,3,3,SR-50,,311,35.72118056,-87.25738889,0,42,0,0,1,1,0,4,1,1,0,1,0,0000000,99,99,99,99,88,88,0,0,0,1,0
47,470797,1,1,0,0,0,1,1,91,0,15,11,2014,7,22,0,0,4,3,SR-167,,19,36.37933056,-81.94018056,0,1,0,0,1,1,0,4,2,1,0,1,0,0000000,99,99,99,99,88,88,0,0,0,1,0
47,470798,1,1,0,0,0,1,1,167,520,16,11,2014,1,99,99,1,13,2,US-51 SR-3,,205,35.61561944,-89.62533056,0,24,0,0,1,1,0,4,2,10,0,10,0,0000000,99,99,99,99,88,88,0,0,0,1,0
47,470799,1,1,0,0,0,1,1,135,0,27,10,2014,2,17,0,0,6,4,CR-AIRPORT RIDGE RD,,6,35.60011111,-87.86536111,0,42,0,0,1,1,0,4,1,1,0,1,0,0000000,99,99,99,99,99,99,0,0,0,1,0
47,470800,1,1,0,1,1,1,1,157,1620,21,11,2014,6,17,30,0,14,6,COLEMAN RD,,55,35.21008056,-89.91450278,0,8,0,0,1,1,0,1,3,1,0,1,0,0000000,99,99,99,99,99,99,0,0,0,1,0
47,470801,1,1,0,0,0,1,1,123,0,22,11,2014,7,1,18,0,6,4,CR-ROCKY SPRINGS RD,,11,35.50101111,-84.3519,0,42,0,0,1,1,0,4,2,1,0,1,0,0000000,99,99,99,99,99,99,0,0,0,1,1
47,470802,1,1,0,0,0,2,2,9,0,22,11,2014,7,2,44,0,6,4,CR-NEW BLOCKHOUSE RD,,4,35.7114,-83.9354,0,42,0,0,1,1,0,4,2,1,0,1,0,0000000,99,99,99,99,99,99,0,0,0,1,1
47,470803,1,1,0,0,0,1,1,103,0,22,11,2014,7,99,99,0,6,4,CR-SWEET SPRINGS RD,,10,35.10253889,-86.4702,0,1,0,0,1,1,0,4,2,1,0,1,0,0000000,99,99,99,99,99,99,0,0,0,1,1
47,470805,1,1,0,1,1,1,1,93,0,22,11,2014,7,18,43,1,13,2,US-25W SR-9 CLINTON PK,,21,36.01493889,-84.03918889,0,8,0,0,1,1,0,1,3,1,0,1,0,0000000,99,99,99,99,99,99,0,0,0,1,0
47,470806,2,2,0,0,0,2,2,51,0,19,11,2014,4,8,32,1,2,2,US-41A SR-15 SEWANEE HWY,,308,35.22268056,-85.87656944,0,12,2,0,1,1,0,1,1,1,0,1,0,0000000,99,99,99,99,99,99,0,0,0,1,0
47,470807,1,1,0,1,1,1,1,25,0,16,11,2014,1,18,45,1,2,2,US-25E SR-32,,137,36.51473056,-83.61028056,0,8,0,0,1,1,0,1,2,2,0,2,0,0000000,99,99,99,99,99,99,0,0,0,1,0
47,470808,2,2,0,0,0,2,2,59,1715,21,11,2014,6,15,58,1,13,2,US-11E SR-34 W ANDREW JOHNSON,S SPRING ST,80,36.18775833,-82.96022778,0,12,6,0,2,2,0,1,1,1,0,1,0,0000000,99,99,99,99,88,88,0,0,0,1,0
47,470809,1,1,0,1,1,1,1,163,0,25,11,2014,3,6,20,0,15,3,SR-44 HICKORY TREE RD,,137,36.53321111,-82.13331944,0,15,0,0,1,1,0,1,2,1,0,1,0,0000000,99,99,99,99,99,99,0,0,0,1,0
47,470810,1,1,0,0,0,1,1,173,1595,7,11,2014,6,2,29,0,14,3,SR-33/61 MAYNARDVILLE HWY,,79,36.24626944,-83.80898056,0,33,0,0,1,1,0,4,2,1,0,1,0,0000000,99,99,99,99,88,88,0,0,0,1,0
47,470811,1,1,0,0,0,1,1,31,0,24,11,2014,2,17,10,0,16,4,CR-OLD WOODBURY HWY,,19,35.5314,-86.09075,0,35,0,0,1,1,0,4,2,1,0,1,0,0000000,17,13,17,17,17,56,0,0,0,1,0
47,470812,1,1,0,0,0,1,1,37,1760,23,9,2014,3,11,45,1,13,2,US-70 SR-24 HERMITAGE AVE,,145,36.1538,-86.74766111,0,1,0,0,1,1,0,1,1,1,0,1,0,348622S,99,99,99,99,99,99,0,0,0,1,0
47,470813,1,1,0,0,0,3,3,93,0,23,11,2014,1,12,5,0,6,4,CR-BEAVER CREEK RD,,20,36.01261944,-84.05371944,0,30,0,0,1,1,0,4,1,2,0,2,0,0000000,99,99,99,99,99,99,0,0,0,1,1
47,470814,1,1,0,0,0,1,1,37,1760,26,10,2014,1,13,18,0,16,6,BAKERS GROVE RD,,6,36.10958889,-86.55633056,0,1,0,0,1,1,0,4,1,1,0,1,0,0000000,99,99,99,99,88,88,0,0,0,1,1
47,470815,2,2,0,0,0,3,3,63,1700,27,11,2014,5,2,0,1,1,1,I-81,,15,36.14226944,-83.26205,0,12,6,0,1,1,0,1,2,4,0,4,0,0000000,99,99,99,99,99,99,0,0,0,1,1
47,470816,2,2,0,0,0,5,5,187,850,24,11,2014,2,14,40,0,14,3,SR-96 NEW HWY 96W,,68,35.9325,-86.92895,0,12,2,0,1,1,0,1,1,1,0,1,0,0000000,99,99,99,99,99,99,0,0,0,1,0
47,470817,1,1,0,0,0,1,1,179,0,3,12,2014,4,9,10,0,3,3,SR-36 KINGSPORT HWY,,46,36.41156111,-82.42446667,0,18,0,0,8,1,1,4,1,1,0,1,0,0000000,99,99,99,99,99,99,0,0,0,1,0
47,470818,2,2,0,0,0,28,28,93,1300,2,12,2014,3,14,50,1,13,2,US-11E/25W/70 SR-9 ASHEVILLE H,,80,36.01541111,-83.8295,0,12,6,0,1,1,0,1,1,2,0,2,1,0000000,99,99,99,99,99,99,0,0,0,3,0
47,470819,2,2,0,1,1,1,1,149,0,26,11,2014,4,23,46,1,11,1,I-24,,36,35.97046944,-86.56843056,0,12,1,0,1,1,0,1,2,1,0,1,0,0000000,99,99,99,99,99,99,15,23,0,1,0
47,470820,2,2,0,0,0,2,2,9,9997,4,12,2014,5,7,15,1,2,2,US-411 SR-33,,1,35.64961111,-84.13368056,0,12,6,0,1,1,0,1,4,10,0,10,0,0000000,99,99,99,99,88,88,0,0,0,1,0
47,470821,2,2,0,0,0,2,2,11,0,1,12,2014,2,1,0,1,11,1,I-75,,160,35.27275,-84.82318889,0,12,1,0,1,1,0,1,2,1,0,1,0,0000000,99,99,99,99,88,88,0,0,0,1,1
47,470822,2,2,0,0,0,2,2,71,0,9,12,2014,3,9,30,0,4,4,CR-HOLLAND CREEK RD,,57,35.08061111,-88.10966111,0,12,2,0,1,1,0,1,1,1,0,1,0,0000000,99,99,99,99,99,99,0,0,0,2,0
47,470823,2,2,0,0,0,2,2,171,0,12,12,2014,6,13,35,0,4,2,US-19W SR-36 TEMPLE HILL RD,CR-MILL CREEK RD,0,36.09926111,-82.47075,0,12,1,0,2,3,0,1,1,1,0,1,0,0000000,99,99,99,99,88,88,0,0,0,1,0
47,470824,1,1,0,0,0,1,1,99,0,20,11,2014,5,99,99,0,6,4,CR-PATTERSHACK RD,CR-REVILO RD,0,35.14426944,-87.27085,0,38,0,0,3,3,0,5,9,99,0,99,0,0000000,99,99,99,99,88,88,0,0,0,1,0
47,470825,1,1,0,0,0,1,1,33,860,29,11,2014,7,1,5,0,15,6,HWY 189,,17,35.90498889,-89.24231944,0,32,0,0,1,1,0,4,3,1,0,1,0,0000000,99,99,99,99,88,88,0,0,0,1,1
47,470826,1,1,0,0,0,1,1,37,1760,28,11,2014,6,10,33,0,14,6,BLACKMAN RD,,7,36.07443056,-86.74595,0,30,0,0,1,1,0,4,1,1,0,1,0,0000000,99,99,99,99,99,99,0,0,0,1,0
47,470827,2,2,0,0,0,2,2,125,0,12,12,2014,6,0,3,1,11,1,I-24,,37,36.60863889,-87.28983056,0,12,1,0,1,1,0,1,2,10,0,10,0,0000000,99,99,99,99,99,99,0,0,0,1,0
47,470828,2,2,0,1,1,3,3,9,865,1,12,2014,2,5,24,1,13,2,US-321 SR-73 W LAMAR ALEXANDER,,29,35.75328056,-84.12656111,0,8,0,0,1,1,0,1,2,1,0,1,0,0000000,99,99,99,99,88,88,0,0,0,1,1
47,470829,1,1,0,1,1,2,2,119,0,1,12,2014,2,6,22,0,6,4,CR-BRYANT STATION RD,,14,35.5057,-86.8933,0,9,0,0,1,1,0,1,4,1,0,1,0,0000000,99,99,99,99,99,99,0,0,0,1,0
47,470830,1,1,0,0,0,2,2,89,0,2,12,2014,3,10,50,0,14,3,SR-92 MCCOWN MEMORIAL HWY,,202,36.1265,-83.51811944,0,30,0,0,1,1,0,4,1,2,0,2,0,0000000,99,99,99,99,99,99,0,0,0,1,0
47,470831,3,1,2,0,0,1,1,157,1620,3,12,2014,4,16,37,1,13,6,MT MORIAH RD,,23,35.07541667,-89.88009722,0,33,0,0,1,1,0,4,3,2,0,2,0,0000000,99,99,99,99,88,88,14,0,0,1,0
47,470832,1,1,0,1,1,1,1,157,1620,12,11,2014,4,20,8,0,14,6,SHELBY DR,,4,35.02063333,-90.09504167,0,8,0,0,1,1,0,1,3,1,0,1,0,0000000,99,99,99,99,99,99,0,0,0,1,0
47,470833,1,1,0,0,0,1,1,119,2350,30,11,2014,1,19,5,1,12,3,SR-396 SATURN PKWY,,40,35.73888056,-86.88123889,0,1,0,0,1,1,0,4,2,1,0,1,0,0000000,99,99,99,99,99,99,0,0,0,1,1
47,470834,2,2,0,0,0,2,2,113,1200,15,10,2014,4,23,22,0,16,6,LINDSEY ST,LEXINGTON AVE,5,35.61891111,-88.80233056,0,12,6,0,2,2,0,1,3,1,0,1,0,0000000,99,99,99,99,99,99,0,0,0,1,1
47,470835,1,1,0,0,0,1,1,121,0,2,12,2014,3,20,40,0,5,4,CR-207 COTTONPORT RD,,9,35.5028,-84.8415,0,32,0,0,1,1,0,4,2,1,0,1,0,0000000,99,99,99,99,88,88,0,0,0,1,0
47,470836,2,2,0,1,1,1,1,155,0,5,12,2014,6,6,35,0,14,2,US-411/441 SR-35/71 CHAPMAN HW,,40,35.85666111,-83.72236944,0,12,1,0,1,1,0,1,2,1,0,1,0,0000000,99,99,99,99,99,99,15,23,0,1,0
47,470837,2,2,0,0,0,2,2,93,0,24,11,2014,2,15,12,0,14,3,SR-131 E EMORY RD,,223,36.10193056,-83.89726944,0,12,2,0,1,1,0,1,1,1,0,1,0,0000000,99,99,99,99,99,99,0,0,0,1,0
47,470838,1,1,0,0,0,1,1,37,1760,23,8,2014,7,23,53,1,11,1,I-24,,219,36.06765,-86.6878,0,39,0,1,19,1,0,4,2,10,0,10,0,0000000,99,99,99,99,99,99,0,0,0,1,1
47,470839,1,1,0,0,0,1,1,37,1760,15,11,2014,7,2,16,1,11,1,I-40,,162,36.17281111,-86.80025,0,57,0,1,19,1,0,4,3,1,0,1,0,0000000,99,99,99,99,88,88,0,0,0,1,0
47,470840,1,1,0,0,0,1,1,89,0,6,12,2014,7,17,30,0,4,2,US-25W/70 SR-9,,94,36.02283889,-83.45808889,0,1,0,0,1,1,0,4,1,1,0,1,0,0000000,99,99,99,99,99,99,0,0,0,1,0
47,470841,1,1,0,0,0,3,3,29,0,8,12,2014,2,0,40,1,1,1,I-40,,175,35.8162,-83.14283889,0,52,0,0,1,1,0,4,2,1,0,1,0,0000000,99,99,99,99,99,99,0,0,0,1,0
47,470843,3,3,0,0,0,3,3,149,0,11,12,2014,5,6,30,1,2,3,SR-840,,179,36.01143056,-86.42733056,0,12,7,0,1,1,0,1,4,1,0,1,0,0000000,99,99,99,99,99,99,0,0,0,1,0
47,470844,1,1,0,1,1,1,1,37,1760,8,10,2014,4,3,38,0,14,6,MCGAVOCK PK,,11,36.20646944,-86.68033889,0,35,0,0,1,1,0,4,3,10,0,10,0,0000000,99,99,99,99,88,88,0,0,0,1,1
47,470845,2,2,0,0,0,3,3,71,0,17,12,2014,4,14,55,1,13,2,US-64 SR-15,CR-MOOSE LODGE LOOP,103,35.22793056,-88.1959,0,12,6,0,8,1,0,1,1,10,0,10,0,0000000,99,99,99,99,99,99,0,0,0,1,0
47,470846,1,1,0,0,0,4,4,155,0,4,10,2014,7,2,23,1,2,2,US-321/441 SR-71/73 PARKWAY,,179,35.73874444,-83.52246944,0,42,0,0,1,1,0,4,2,99,0,99,0,0000000,99,99,99,99,99,99,0,0,0,1,1
47,470847,1,1,0,0,0,2,2,155,0,9,10,2014,5,2,4,1,2,2,US-321/441 SR-71/73 PARKWAY,,180,35.73942778,-83.52217222,0,42,0,0,1,1,0,4,2,99,0,99,0,0000000,99,99,99,99,99,99,0,0,0,1,0
47,470848,2,2,0,0,0,3,3,17,0,21,11,2014,6,17,23,0,3,2,US-70 SR-1 BROADWAY OF AMERICA,,107,35.90298889,-88.52481111,0,12,2,0,1,1,0,1,2,1,0,1,0,0000000,99,99,99,99,99,99,0,0,0,1,0
47,470849,3,3,0,0,0,7,7,75,0,7,12,2014,1,4,28,0,3,2,US-70A/79 SR-76 HWY 79N,,162,35.62996111,-89.20813889,0,12,6,0,1,1,0,1,2,1,0,1,0,0000000,99,99,99,99,99,99,0,0,0,2,1
47,470850,2,2,0,0,0,8,8,159,0,26,11,2014,4,20,50,0,3,3,SR-25 DIXON SPRINGS HWY,SR-80 PLEASANT SHADE HWY,72,36.28736111,-85.99163889,0,12,6,0,2,3,0,1,2,2,0,2,0,0000000,99,99,99,99,99,99,0,0,0,1,0