STATE,ST_CASE,VE_TOTAL,VE_FORMS,PVH_INVL,PEDS,PERNOTMVIT,PERMVIT,PERSONS,COUNTY,CITY,DAY,MONTH,YEAR,DAY_WEEK,HOUR,MINUTE,NHS,ROAD_FNC,ROUTE,TWAY_ID,TWAY_ID2,MILEPT,LATITUDE,LONGITUD,SP_JUR,HARM_EV,MAN_COLL,RELJCT1,RELJCT2,TYP_INT,WRK_ZONE,REL_ROAD,LGT_COND,WEATHER1,WEATHER2,WEATHER,SCH_BUS,RAIL,NOT_HOUR,NOT_MIN,ARR_HOUR,ARR_MIN,HOSP_HR,HOSP_MN,CF1,CF2,CF3,FATALS,DRUNK_DR
48,480046,1,1,0,0,0,1,1,175,0,7,1,2014,3,8,2,1,2,2,US-59,,82,28.68500278,-97.29304722,0,1,0,0,1,1,0,1,1,10,0,10,0,0000000,8,2,8,11,8,44,0,0,0,1,0
48,480047,2,2,0,0,0,3,3,201,3280,7,1,2014,3,8,55,1,11,1,I-10,,88,29.78477778,-95.66837778,0,12,1,0,1,1,0,1,1,1,0,1,0,0000000,9,2,9,8,9,48,23,0,0,1,1
48,480048,2,2,0,0,0,9,9,201,3280,7,1,2014,3,14,55,0,13,8,FM 1960,,329,30.01141944,-95.1363,0,12,6,0,1,1,0,1,1,1,0,1,0,0000000,14,59,15,11,15,29,0,0,0,1,0
48,480049,1,1,0,1,1,1,1,439,2450,7,1,2014,3,6,40,1,11,1,I-820,,74,32.78179722,-97.46882778,0,8,0,0,1,1,0,1,1,1,0,1,0,0000000,6,27,6,31,6,58,23,0,0,1,0
48,480050,2,2,0,0,0,2,2,5,0,8,1,2014,4,19,52,0,3,3,SR-7,,52,31.43549722,-94.889,0,12,6,0,1,1,0,1,2,1,0,1,0,0000000,19,49,20,3,20,34,0,0,0,1,0
48,480051,1,1,0,0,0,2,2,29,6090,8,1,2014,4,23,50,0,16,5,SOUTHCROSS BLVD,,0,29.37541944,-98.45072778,0,30,0,0,1,1,0,4,3,2,0,2,0,0000000,99,99,99,99,99,99,0,0,0,1,1
48,480052,2,2,0,0,0,2,2,91,9997,8,1,2014,4,7,28,0,14,5,FM 2252,,61,29.62793333,-98.259875,0,12,6,0,1,1,0,1,1,10,0,10,0,0000000,99,98,99,98,88,88,0,0,0,1,0
48,480053,1,1,0,1,1,1,1,113,1730,8,1,2014,4,20,37,0,16,5,ABRAMS RD,,0,32.86549722,-96.74342222,0,8,0,0,1,1,0,1,3,10,0,10,0,0000000,20,40,20,45,21,10,0,0,0,1,0
48,480054,2,2,0,0,0,2,2,409,0,8,1,2014,4,6,12,1,12,3,SR-361,SP 202,1,27.91529722,-97.27789444,0,12,6,1,2,3,0,1,2,1,0,1,0,0000000,99,98,99,98,88,88,0,0,0,1,0
48,480055,1,1,0,0,0,1,1,475,0,8,1,2014,4,19,11,0,6,8,RM 2355,,177,31.56726389,-103.3198083,0,1,0,0,1,1,0,4,2,1,0,1,0,0000000,99,99,99,99,99,99,0,0,0,1,0
48,480056,2,2,0,0,0,2,2,97,0,9,1,2014,5,19,15,1,2,2,US-82,,307,33.64714167,-97.30086111,0,12,2,0,1,1,0,1,2,5,0,5,0,0000000,99,99,99,99,99,99,0,0,0,2,0
48,480057,1,1,0,1,1,1,1,201,3280,9,1,2014,5,6,59,0,16,5,GULF BANK RD,,0,29.88819722,-95.422075,0,8,0,0,1,1,0,1,3,2,0,2,0,0000000,99,98,99,98,88,88,0,0,0,1,0
48,480058,1,1,0,0,0,5,5,329,0,9,1,2014,5,13,30,1,11,1,I-20,,44,31.90338056,-102.2309028,0,1,0,0,1,1,0,10,1,1,0,1,0,0000000,13,20,13,44,14,7,0,0,0,1,0
48,480059,2,2,0,0,0,2,2,375,0,9,1,2014,5,16,48,1,13,3,SR-335,,46,35.24783889,-101.9304611,0,12,6,0,1,1,0,1,5,1,0,1,0,0000000,99,99,99,99,99,99,0,0,0,1,0
48,480060,1,1,0,0,0,2,2,473,0,9,1,2014,5,19,55,0,4,8,FM 359,,296,29.81588889,-95.98170278,0,11,0,0,1,1,0,1,2,10,0,10,0,0000000,20,2,20,24,21,5,0,0,0,1,0
48,480061,1,1,0,0,0,1,1,167,6860,10,1,2014,6,7,24,0,16,5,DIKE RD,,0,29.37238056,-94.83117222,0,17,0,0,1,1,0,4,2,10,0,10,0,0000000,99,98,99,98,88,88,0,0,0,1,0
48,480062,2,2,0,0,0,3,3,181,0,10,1,2014,6,8,10,0,3,3,SR-289,,140,33.71683889,-96.68302222,0,12,6,0,1,1,0,1,1,2,0,2,0,0000000,8,8,8,21,8,49,0,0,0,1,0
48,480063,1,1,0,1,1,1,1,201,3280,10,1,2014,6,2,3,1,11,1,I-10,,355,29.77360833,-95.24390833,0,8,0,0,1,1,0,1,2,10,0,10,0,0000000,99,98,99,98,88,88,0,0,0,1,0
48,480064,2,2,0,0,0,4,4,303,4140,10,1,2014,6,0,53,1,11,7,I-27,34TH ST,48,33.56337222,-101.8456444,0,12,6,1,2,2,0,1,3,1,0,1,0,0000000,0,56,1,1,1,19,0,0,0,1,1
48,480065,2,2,0,0,0,5,5,303,4140,10,1,2014,6,20,40,1,13,3,SR-114,,101,33.577775,-101.9931889,0,11,0,0,1,1,0,1,2,1,0,1,0,0000000,20,42,20,51,21,10,0,0,0,3,1
48,480066,2,2,0,0,0,4,4,453,9997,10,1,2014,6,21,22,1,13,8,FM 1431,,8,30.52168333,-97.77402222,0,1,0,0,1,1,0,1,2,1,0,1,0,0000000,21,24,21,31,21,50,0,0,0,2,0
48,480067,2,2,0,0,0,9,9,85,5390,11,1,2014,7,15,43,1,12,2,US-75,,87,33.07308056,-96.68713333,0,12,7,0,1,1,0,1,1,1,0,1,0,0000000,15,50,16,7,16,27,0,0,0,1,0
48,480068,3,3,0,0,0,4,4,113,1730,11,1,2014,7,12,52,1,13,3,SR-180,,66,32.749775,-96.92626389,0,12,6,0,1,1,0,1,1,1,0,1,0,0000000,12,53,13,0,13,25,0,0,0,1,1
48,480069,1,1,0,1,1,1,1,201,3280,11,1,2014,7,20,1,0,16,5,POST OAK RD,,0,29.64920278,-95.46370833,0,8,0,0,1,1,0,1,3,1,0,1,0,0000000,99,98,99,98,88,88,0,0,0,1,1
48,480070,2,2,0,0,0,2,2,233,0,11,1,2014,7,19,7,0,3,3,SR-136,,104,35.63453056,-101.5689556,0,12,2,0,1,1,0,1,2,1,0,1,0,0000000,99,98,99,98,88,88,0,0,0,2,1
48,480071,2,2,0,0,0,2,2,329,4560,11,1,2014,7,8,35,0,2,3,SR-349/FM1788,YOUNGER RD,119,31.924425,-102.2196111,0,12,6,0,2,2,0,1,2,1,0,1,0,0000000,8,36,8,44,8,58,0,0,0,1,0
48,480072,1,1,0,0,0,1,1,439,260,11,1,2014,7,2,13,1,12,2,US-287,,211,32.66841389,-97.20625556,0,21,0,1,19,1,0,3,3,1,0,1,0,0000000,99,98,99,98,88,88,0,0,0,1,1
48,480073,1,1,0,0,0,1,1,491,0,11,1,2014,7,2,19,1,3,3,SR-195,,245,30.78878056,-97.765625,0,35,0,0,1,1,0,4,2,1,0,1,0,0000000,2,19,2,31,3,8,0,0,0,1,1
48,480074,1,1,0,0,0,5,5,77,0,12,1,2014,1,1,43,0,6,4,CR-4 WIRE RD,,0,33.52851667,-97.99238333,0,17,0,0,1,1,0,4,2,1,0,1,0,0000000,1,43,2,29,3,3,0,0,0,1,1
48,480075,1,1,0,0,0,2,2,201,3280,12,1,2014,1,0,17,0,16,5,SWIFTWATER LN,,0,29.61976667,-95.27575278,0,53,0,0,1,1,0,4,3,1,0,1,0,0000000,1,55,2,6,3,10,0,0,0,1,1
48,480076,3,3,0,0,0,5,5,201,3280,12,1,2014,1,20,44,1,11,7,I-45 GULF FWY,,126,29.64671667,-95.24713889,0,12,1,0,1,1,0,1,3,2,0,2,0,0000000,20,48,20,55,21,17,0,0,0,2,2
48,480077,1,1,0,0,0,2,2,405,0,12,1,2014,1,1,3,0,4,8,FM705,,59,31.33451944,-94.15476389,0,1,0,0,1,1,0,4,2,1,0,1,0,0000000,1,5,1,22,2,30,0,0,0,1,0
48,480078,2,2,0,0,0,2,2,439,260,12,1,2014,1,5,47,1,12,3,SR-360 RAMP,,166,32.68373611,-97.0621,0,1,0,1,5,1,0,10,3,1,0,1,0,0000000,99,98,99,98,88,88,0,0,0,1,0
48,480079,2,2,0,0,0,2,2,453,330,12,1,2014,1,21,15,0,16,5,BURNET RD,,0,30.34075,-97.73888333,0,12,6,0,8,1,0,1,3,1,0,1,0,0000000,99,98,99,98,88,88,0,0,0,1,1
48,480080,2,2,0,0,0,2,2,499,0,12,1,2014,1,10,19,1,2,2,US-69,,84,32.72038889,-95.53319722,0,12,2,0,1,1,1,1,1,1,0,1,0,0000000,99,98,99,98,88,88,0,0,0,1,0
48,480081,1,1,0,0,0,1,1,113,1730,13,1,2014,2,23,45,0,16,5,DUNCANVILLE RD,,0,32.69278333,-96.90852778,0,30,0,0,1,1,0,4,3,1,0,1,0,0000000,99,98,99,98,88,88,0,0,0,1,0
48,480082,3,3,0,2,2,2,2,113,1730,13,1,2014,2,18,5,0,16,5,INWOOD RD,,0,32.79884444,-96.85458056,0,12,1,0,1,1,0,1,3,1,0,1,0,0000000,18,10,18,19,18,44,23,0,0,1,0
48,480083,1,1,0,1,1,5,5,183,4080,13,1,2014,2,18,58,0,16,5,MOBBERLY AVE,BUCHANAN AVE,0,32.48265833,-94.72890556,0,9,0,0,1,1,0,1,2,1,0,1,0,0000000,18,59,19,3,19,12,0,0,0,1,0
48,480084,1,1,0,1,1,1,1,201,3280,13,1,2014,2,19,25,0,16,5,HARRISBURG BLVD,,0,29.72750278,-95.27885,0,9,0,0,1,1,0,1,2,2,0,2,0,0000000,99,98,99,98,88,88,0,0,0,1,0
48,480085,2,2,0,0,0,4,4,201,3280,13,1,2014,2,8,14,1,11,7,I-610,GALVESTON RD,210,29.70566667,-95.27430833,0,12,6,1,2,3,0,1,1,10,0,10,0,0000000,8,15,8,24,8,57,0,0,0,1,0
48,480086,2,2,0,0,0,3,3,491,1242,13,1,2014,2,12,8,1,13,8,FM 1431,ARROW POINT DR,37,30.52944167,-97.80080556,0,12,2,0,2,2,0,1,1,1,0,1,0,0000000,12,8,12,20,13,5,0,0,0,1,0
48,480087,1,1,0,1,1,1,1,29,6090,14,1,2014,3,18,45,1,11,1,I-10,,178,29.50355278,-98.5493,0,8,0,0,1,1,0,1,3,1,0,1,0,0000000,99,98,99,98,88,88,16,0,0,1,0
48,480088,3,3,0,0,0,3,3,453,0,14,1,2014,3,18,43,1,13,2,US-183,MCKENZIE RD,321,30.14415,-97.69673056,0,12,6,0,2,2,0,1,2,1,0,1,0,0000000,18,43,18,48,19,36,14,0,0,1,0
48,480089,1,1,0,1,1,1,1,439,2450,16,1,2014,5,5,5,1,11,1,I-35,,19,32.67535,-97.32028056,0,8,0,0,1,1,0,1,2,1,0,1,0,0000000,99,98,99,98,88,88,0,0,0,1,0
48,480090,1,1,0,0,0,1,1,321,0,17,1,2014,6,17,48,0,6,4,CR-RIVER RD,,0,28.77420278,-96.14815556,0,23,0,0,1,1,0,4,5,1,0,1,0,0000000,99,98,99,98,88,88,0,0,0,1,0
48,480091,2,2,0,0,0,2,2,157,6660,19,1,2014,1,2,0,1,11,2,US-59,,36,29.61298611,-95.60795,0,12,1,0,1,1,0,1,3,5,0,5,0,0000000,99,98,99,98,88,88,0,0,0,1,1
48,480092,2,2,0,0,0,2,2,423,7070,19,1,2014,1,22,0,1,13,3,SR-64/ERWIN,SL 323,221,32.3533,-95.34343611,0,12,6,0,3,2,0,1,3,1,0,1,0,0000000,99,98,99,98,88,88,0,0,0,1,1
48,480093,2,2,0,0,0,2,2,439,260,19,1,2014,1,3,38,0,16,5,ARBROOK BLVD,ALLEN AVE,0,32.68439167,-97.08496667,0,12,6,0,2,2,0,1,3,1,0,1,0,0000000,3,41,3,46,4,11,0,0,0,1,2
48,480094,1,1,0,1,1,1,1,181,6350,1,1,2014,4,18,52,1,12,2,US-75,,121,33.69298333,-96.59963333,0,8,0,0,1,1,0,1,2,1,0,1,0,0000000,99,98,99,98,88,88,0,0,0,1,0
48,480095,2,2,0,0,0,2,2,257,4190,3,1,2014,6,7,55,1,2,2,US-175,BU-175/MASON ST,233,32.37618056,-96.12349722,0,12,6,0,2,2,0,1,1,1,0,1,0,0000000,99,98,99,98,88,88,0,0,0,1,0
48,480096,1,1,0,0,0,2,2,83,0,6,1,2014,2,22,30,0,4,3,SR-153,,14,31.89887778,-99.71087778,0,38,0,0,1,1,0,4,2,1,0,1,0,0000000,7,33,8,17,9,10,0,0,0,1,1
48,480097,1,1,0,0,0,1,1,37,6850,7,1,2014,3,0,5,1,12,8,SL 151/JARVIS PKWY,,7,33.38665833,-94.09195,0,1,0,1,19,1,0,4,2,1,0,1,0,0000000,99,98,99,98,88,88,0,0,0,1,1
48,480098,2,2,0,0,0,4,4,213,0,7,1,2014,3,13,35,1,2,2,US-175,,113,32.26553056,-95.93626944,0,12,7,0,1,1,0,1,1,1,0,1,0,0000000,13,41,13,47,15,11,0,0,0,1,0
48,480099,1,1,0,0,0,1,1,127,1180,1,1,2014,4,7,36,1,12,2,US-83/1ST STREET,,83,28.54256944,-99.84655,0,59,0,0,1,1,0,4,1,10,0,10,0,0000000,99,98,99,98,88,88,20,0,0,1,1
48,480100,1,1,0,1,1,1,1,201,0,1,1,2014,4,20,5,0,6,4,CR-WOODFOREST BLVD,CR-ONALEIGH,0,29.7887,-95.14201667,0,8,0,0,2,3,0,1,2,10,0,10,0,0000000,99,98,99,98,88,88,0,0,0,1,0
48,480101,3,3,0,1,1,4,4,201,0,1,1,2014,4,18,55,1,13,8,BU90U BEAUMONT HWY,,327,29.85932778,-95.14816111,0,8,0,0,1,1,0,1,2,10,0,10,0,0000000,99,98,99,98,88,88,0,0,0,1,0
48,480102,1,1,0,0,0,1,1,215,0,1,1,2014,4,21,55,0,6,4,CR-BRUSHLINE RD,,0,26.34591111,-98.07628056,0,53,0,0,1,1,0,4,2,10,0,10,0,0000000,99,98,99,98,88,88,19,0,0,1,1
48,480103,2,2,0,0,0,3,3,201,0,2,1,2014,5,6,35,1,13,8,FM521 ALMEDA RD,WHITE RD,59,29.59558333,-95.42697778,0,12,6,0,2,3,0,1,3,1,0,1,0,0000000,6,35,6,42,7,7,0,0,0,1,0
48,480104,3,3,0,0,0,4,4,135,5030,7,1,2014,3,13,37,1,12,7,SR-191 42ND ST,SS588 FAUDREE RD,94,31.91903889,-102.2916889,0,12,6,1,2,2,0,1,1,1,0,1,0,0000000,13,39,13,44,14,5,0,0,0,1,0
48,480105,1,1,0,0,0,1,1,491,5990,7,1,2014,3,2,26,0,16,5,UNIVERSITY BLVD,OAKMONT DR,0,30.55985,-97.68648889,0,59,0,0,3,2,0,4,3,1,0,1,0,0000000,99,98,99,98,88,88,0,0,0,1,1
48,480106,1,1,0,0,0,1,1,201,0,8,1,2014,4,2,15,0,6,4,CR-PARK ROW DR,,0,29.79203056,-95.74348889,0,59,0,0,1,1,0,3,2,1,0,1,0,0000000,99,98,99,98,88,88,0,0,0,1,1
48,480107,2,2,0,0,0,2,2,201,3280,8,1,2014,4,15,40,1,11,7,I-45,,122,29.64172222,-95.24353056,0,12,7,0,1,1,0,1,1,1,0,1,0,0000000,15,43,15,49,99,99,0,0,0,1,0
48,480108,3,3,0,0,0,3,3,329,0,8,1,2014,4,8,5,0,14,8,FM715,,12,31.9772,-102.0401444,0,12,1,0,1,1,0,1,1,1,0,1,0,0000000,8,16,8,24,8,49,0,0,0,1,0
48,480109,1,1,0,0,0,2,2,389,0,8,1,2014,4,8,49,1,1,1,I-10,,17,31.08466667,-104.0663889,0,1,0,1,5,1,0,3,1,1,0,1,0,0000000,99,99,99,99,99,99,0,0,0,1,0
48,480110,2,2,0,0,0,6,6,453,0,9,1,2014,5,17,4,0,15,8,FM812,,16,30.15195,-97.67046111,0,12,6,0,1,1,0,1,5,10,0,10,0,0000000,17,7,17,14,17,56,0,0,0,1,1
48,480111,1,1,0,0,0,1,1,101,0,10,1,2014,6,4,14,0,3,2,US-62,,311,34.24983056,-100.29395,0,35,0,0,1,1,0,4,2,5,0,5,0,0000000,99,98,99,98,88,88,0,0,0,1,0
48,480112,1,1,0,0,0,3,3,215,0,10,1,2014,6,3,45,0,6,4,CR-SIOUX RD,,0,26.20628889,-98.08929722,0,42,0,0,1,1,0,4,2,10,0,10,0,0000000,99,99,99,99,99,99,0,0,0,1,1
48,480113,2,2,0,0,0,2,2,221,0,10,1,2014,6,18,29,1,2,2,US-377,,31,32.508675,-97.63946667,0,12,1,0,8,1,0,1,2,1,0,1,0,0000000,99,98,99,98,88,88,0,0,0,1,0
48,480114,2,2,0,0,0,4,4,339,7500,10,1,2014,6,18,21,0,4,3,SR-75,,48,30.45813611,-95.49159167,0,12,6,0,1,1,0,1,2,2,0,2,0,0000000,99,99,99,99,99,99,0,0,0,1,1
48,480115,2,2,0,0,0,4,4,479,3899,10,1,2014,6,22,55,0,16,5,MCPHERSON RD,JACAMAN RD,0,27.56248611,-99.47355556,0,12,6,0,2,3,0,1,3,1,0,1,0,0000000,99,99,99,99,99,99,0,0,0,1,0
48,480116,2,2,0,0,0,5,5,491,3925,10,1,2014,6,15,48,0,16,7,183A TOLLROAD,HERO WAY,0,30.58752778,-97.83872778,0,12,6,0,2,2,0,1,1,1,0,1,0,0000000,99,99,99,99,99,99,0,0,0,1,0
48,480117,1,1,0,0,0,1,1,91,0,11,1,2014,7,19,38,0,6,4,CR-PURGATORY RD,,0,29.87075278,-98.106625,0,38,0,0,1,1,0,4,2,1,0,1,0,0000000,99,99,99,99,99,99,0,0,0,1,1
48,480118,1,1,0,0,0,1,1,189,0,11,1,2014,7,17,42,0,6,4,CR-WELL,,0,34.22765278,-101.6991111,0,30,0,0,1,1,0,4,1,1,0,1,0,0000000,99,99,99,99,99,99,0,0,0,1,0
48,480120,1,1,0,0,0,1,1,341,0,11,1,2014,7,23,58,1,2,2,US-87,,150,35.66703889,-101.9605167,0,1,0,0,1,1,0,3,2,1,0,1,0,0000000,99,98,99,98,88,88,0,0,0,1,1
48,480121,1,1,0,0,0,4,4,443,0,12,1,2014,1,6,0,1,2,2,US-285,,93,30.18064444,-102.4022583,0,1,0,0,1,1,0,1,2,1,0,1,0,0000000,6,24,6,38,8,0,0,0,0,1,0
48,480122,1,1,0,1,1,2,2,141,2190,13,1,2014,2,19,14,1,13,3,SR-20,,302,31.71537222,-106.3503694,0,8,0,0,1,1,0,1,3,1,0,1,0,0000000,19,14,19,17,19,35,0,0,0,1,0
48,480123,2,2,0,0,0,3,3,157,0,14,1,2014,3,13,24,0,4,8,FM2977 MINONITE RD,FM361 FAIRCHILDS-LONGPOINT RD,78,29.44565556,-95.7973,0,12,6,0,2,3,0,1,1,1,0,1,0,0000000,99,99,99,99,99,99,0,0,0,1,0
48,480124,1,1,0,0,0,2,2,439,2450,14,1,2014,3,22,30,1,11,1,I-30 EAST FWY,BRIDGEWOOD DR,203,32.76007222,-97.21755556,0,35,0,1,19,1,0,4,3,1,0,1,0,0000000,23,7,23,14,23,34,0,0,0,1,1
48,480125,1,1,0,1,1,1,1,485,7490,14,1,2014,3,6,32,1,11,1,I-44,,44,33.95005278,-98.52501389,0,8,0,0,1,1,0,1,2,10,0,10,0,0000000,99,98,99,98,88,88,0,0,0,1,0
48,480126,3,3,0,0,0,4,4,489,0,14,1,2014,3,12,50,0,3,8,FM490,,18,26.45149167,-97.89997778,0,12,2,0,1,1,0,1,1,1,0,1,0,0000000,12,54,13,21,13,51,0,0,0,2,0
48,480127,1,1,0,1,1,1,1,29,6090,15,1,2014,4,6,50,0,16,5,BRAESVIEW DR,,0,29.54648889,-98.5268,0,8,0,0,1,1,0,1,3,1,0,1,0,0000000,7,3,7,11,7,29,0,0,0,1,0
48,480128,2,2,0,0,0,2,2,157,0,15,1,2014,4,13,37,0,3,8,FM521,,15,29.44638611,-95.47591667,0,12,8,0,1,1,1,1,1,1,0,1,0,0000000,99,98,99,98,88,88,0,0,0,1,0
48,480129,1,1,0,1,1,1,1,201,3280,15,1,2014,4,9,55,0,16,5,BELLAIRE BLVD,KENDALIA DR,0,29.70479444,-95.54672222,0,8,0,0,2,3,1,1,1,1,0,1,0,0000000,99,98,99,98,88,88,0,0,0,1,0
48,480130,2,2,0,0,0,2,2,391,0,15,1,2014,4,8,12,0,4,8,FM2578,,63,28.208,-97.22038611,0,12,2,0,1,1,0,1,1,1,0,1,0,0000000,99,99,99,99,99,99,0,0,0,1,0
48,480131,2,2,0,0,0,2,2,121,1840,16,1,2014,5,7,8,1,13,2,US-380/UNIVERSITY DR,,141,33.22920833,-97.14698056,0,12,1,0,1,1,1,1,4,1,0,1,0,0000000,7,13,7,29,8,3,0,0,0,1,0
48,480132,2,2,0,0,0,2,2,141,2190,16,1,2014,5,14,9,0,16,5,VISTA DEL SOL DR,,0,31.75611944,-106.3326611,0,12,6,0,1,1,0,1,1,1,0,1,0,0000000,99,99,99,99,99,99,0,0,0,1,0
48,480133,2,2,0,0,0,2,2,279,0,16,1,2014,5,21,41,0,3,2,US-70,,69,34.23396944,-102.5045306,0,12,6,0,1,1,0,1,2,1,0,1,0,0000000,99,98,99,98,88,88,0,0,0,1,0
48,480134,2,2,0,0,0,2,2,73,0,17,1,2014,6,6,45,0,5,8,FM 856,FM 13,0,32.106675,-95.04227222,0,12,6,0,2,3,0,1,4,1,0,1,0,0000000,99,98,99,98,88,88,0,0,0,1,0
48,480135,2,2,0,0,0,7,7,111,0,17,1,2014,6,8,30,1,2,2,US-54,,98,36.12641944,-102.4208111,0,12,2,0,1,1,0,1,1,1,0,1,0,0000000,8,31,8,39,9,16,0,0,0,2,0
48,480136,3,3,0,0,0,4,4,143,0,17,1,2014,6,12,7,0,4,3,SR-220,,18,32.13251944,-97.93771111,0,12,8,0,1,1,0,1,1,1,0,1,0,0000000,99,98,99,98,88,88,14,0,0,1,0
48,480137,2,2,0,0,0,3,3,151,0,17,1,2014,6,19,10,0,3,2,US-180,FM 1657,108,32.74053333,-100.4913444,0,12,6,0,2,2,0,1,2,1,0,1,0,0000000,19,37,19,50,21,16,0,0,0,1,0
48,480138,2,2,0,0,0,5,5,55,0,18,1,2014,7,9,5,1,2,7,US-183,FM 1185,61,29.95120833,-97.67337778,0,12,6,0,2,2,0,1,1,1,0,1,0,0000000,99,99,99,99,99,99,0,0,0,3,0
48,480139,1,1,0,1,1,1,1,215,5330,18,1,2014,7,19,11,1,13,8,BU-83/LP 374/CENTER,PALM ST,97,26.19743056,-98.19763611,0,8,0,0,2,3,0,1,2,1,0,1,0,0000000,99,99,99,99,99,99,0,0,0,1,0
48,480140,1,1,0,0,0,2,2,273,3700,18,1,2014,7,2,12,0,16,5,SEALE ST,,0,27.52713333,-97.88567778,4,31,0,0,1,1,0,4,3,1,0,1,0,0000000,99,98,99,98,88,88,0,0,0,1,1
48,480141,2,2,0,0,0,2,2,351,0,18,1,2014,7,11,55,0,3,3,SR-62,,1,30.25573333,-93.89998333,0,12,2,0,1,1,0,1,1,1,0,1,0,0000000,99,98,99,98,88,88,0,0,0,2,0
48,480142,2,2,0,0,0,3,3,351,0,18,1,2014,7,17,40,0,3,3,SR-62,GAYLYNN DR,1,30.25573056,-93.89995,0,12,6,0,2,3,0,1,1,1,0,1,0,0000000,17,42,17,44,18,36,0,0,0,1,0
48,480143,1,1,0,0,0,1,1,439,590,18,1,2014,7,22,31,1,11,1,I-20,,67,32.68388611,-97.45746944,0,1,0,1,5,1,0,10,3,1,0,1,0,0000000,99,98,99,98,88,88,0,0,0,1,0
48,480144,2,2,0,0,0,3,3,459,0,18,1,2014,7,18,25,0,3,3,SR-155,,70,32.8272,-94.81643056,0,12,2,0,1,1,0,1,2,1,0,1,0,0000000,18,29,18,37,19,43,0,0,0,1,2
48,480145,1,1,0,0,0,3,3,83,0,19,1,2014,1,18,27,0,4,2,US-283,,122,31.90346944,-99.40648056,0,1,0,0,1,1,0,4,1,1,0,1,0,0000000,18,30,18,38,18,57,0,0,0,1,1
48,480146,1,1,0,0,0,1,1,85,5390,19,1,2014,1,0,39,0,16,5,MUNICIPAL AVE,,0,33.01368611,-96.69896667,0,59,0,0,1,1,0,4,3,1,0,1,0,0000000,0,41,0,46,1,12,0,0,0,1,1
48,480147,1,1,0,0,0,2,2,113,1730,19,1,2014,1,22,7,0,16,5,ROYAL LN,,0,32.89653611,-96.77511944,0,33,0,0,1,1,0,3,3,1,0,1,0,0000000,22,12,22,16,22,36,0,0,0,1,1
48,480148,2,2,0,0,0,7,7,121,9997,19,1,2014,1,17,25,1,13,3,SR-114,CHAMPIONSHIP PWY,64,33.02661944,-97.28780556,0,12,6,0,2,3,1,1,1,1,0,1,0,0000000,17,30,17,39,18,21,0,0,0,1,0
48,480149,1,1,0,0,0,2,2,253,0,19,1,2014,1,1,0,0,6,4,CR-372,,0,32.72893889,-99.72710833,0,1,0,0,1,1,0,4,2,1,0,1,0,0000000,10,41,11,6,11,40,0,0,0,1,1
48,480150,2,2,0,0,0,2,2,329,4560,19,1,2014,1,7,30,1,2,7,SR-191,,38,31.95811944,-102.2623111,0,12,2,0,1,1,0,1,2,1,0,1,0,0000000,7,21,7,32,7,58,0,0,0,1,1
48,480151,2,2,0,0,0,2,2,147,760,20,1,2014,2,16,8,1,13,2,US-82,THOMAS L HAYS BLVD,5,33.60387778,-96.16598056,0,12,6,0,2,2,0,1,1,1,0,1,0,0000000,99,98,99,98,88,88,0,0,0,1,0
48,480152,1,1,0,1,1,1,1,187,4870,20,1,2014,2,16,3,0,16,5,STRATFORD GRACE,CAMBRIDGE WAY,0,29.67321389,-98.09913333,0,15,0,0,2,3,0,1,1,1,0,1,0,0000000,99,98,99,98,88,88,0,0,0,1,0
48,480153,2,2,0,0,0,3,3,351,0,20,1,2014,2,15,10,0,4,3,SR-87,,58,30.55762222,-93.78633611,0,12,8,0,1,1,0,1,1,1,0,1,0,0000000,99,99,99,99,99,99,0,0,0,1,0
48,480154,1,1,0,1,1,1,1,355,1550,20,1,2014,2,23,7,0,14,8,FM2292 CLARKWOOD RD,,9,27.77178889,-97.53938889,0,8,0,0,1,1,0,1,2,1,0,1,0,0000000,99,98,99,98,88,88,0,0,0,1,0
48,480155,2,2,0,0,0,2,2,483,0,20,1,2014,2,6,30,0,3,3,SR-152 OKLAHOMA AVE,FM592,91,35.44445,-100.112075,0,12,6,0,2,2,0,1,2,1,0,1,0,0000000,99,99,99,99,99,99,0,0,0,1,0
48,480156,1,1,0,0,0,1,1,1,0,21,1,2014,3,18,0,0,4,3,SR-294,,33,31.65962778,-95.73362778,0,59,0,0,1,1,0,4,5,1,0,1,0,0000000,99,99,99,99,99,99,0,0,0,1,0
48,480157,1,1,0,1,1,1,1,29,6090,21,1,2014,3,17,26,0,16,5,BUCKEYE,HILDEBRAND AVE,0,29.46641111,-98.52083889,0,8,0,0,3,3,0,1,1,1,0,1,0,0000000,17,26,17,33,18,8,0,0,0,1,0
48,480158,1,1,0,0,0,1,1,441,0,21,1,2014,3,4,40,0,4,8,FM707,,23,32.48872222,-99.88179444,0,1,0,0,1,1,0,4,2,1,0,1,0,0000000,99,98,99,98,88,88,0,0,0,1,0
48,480159,1,1,0,0,0,1,1,27,0,22,1,2014,4,0,19,0,6,4,CR-WOLFRIDGE RD,,0,30.9347,-97.82081389,0,42,0,0,1,1,0,4,2,1,0,1,0,0000000,99,98,99,98,88,88,20,0,0,1,1