STATE,ST_CASE,VE_TOTAL,VE_FORMS,PVH_INVL,PEDS,PERNOTMVIT,PERMVIT,PERSONS,COUNTY,CITY,DAY,MONTH,YEAR,DAY_WEEK,HOUR,MINUTE,NHS,ROAD_FNC,ROUTE,TWAY_ID,TWAY_ID2,MILEPT,LATITUDE,LONGITUD,SP_JUR,HARM_EV,MAN_COLL,RELJCT1,RELJCT2,TYP_INT,WRK_ZONE,REL_ROAD,LGT_COND,WEATHER1,WEATHER2,WEATHER,SCH_BUS,RAIL,NOT_HOUR,NOT_MIN,ARR_HOUR,ARR_MIN,HOSP_HR,HOSP_MN,CF1,CF2,CF3,FATALS,DRUNK_DR
48,480510,1,1,0,0,0,1,1,139,7270,8,3,2014,7,11,44,1,11,1,I-35,,227,32.40731944,-96.87283889,0,35,0,0,1,1,0,3,1,98,0,98,0,0000000,99,98,99,98,88,88,0,0,0,1,1
48,480511,1,1,0,1,1,0,0,141,2190,8,3,2014,7,7,28,0,16,5,GLENWOOD ST,LAS BRISAS CIR,0,31.75555833,-106.4207556,0,8,0,0,8,1,0,1,1,1,0,1,0,0000000,7,29,7,35,7,46,0,0,0,1,0
48,480512,1,1,0,0,0,4,4,177,0,8,3,2014,7,17,1,0,3,2,US-90/UA-90,,7,29.53068611,-97.7133,0,42,0,0,1,1,0,4,1,2,0,2,0,0000000,99,99,99,99,99,99,0,0,0,2,0
48,480513,1,1,0,0,0,2,2,257,0,8,3,2014,7,0,51,0,6,4,CR-279,,0,32.64960556,-96.29188056,0,1,0,0,1,1,0,4,2,1,0,1,0,0000000,99,99,99,99,99,99,0,0,0,1,1
48,480514,2,2,0,0,0,2,2,375,0,8,3,2014,7,20,5,1,1,1,I-40,,104,35.18998611,-102.0039,0,12,2,0,5,1,0,1,2,1,0,1,0,0000000,99,98,99,98,88,88,0,0,0,2,1
48,480515,2,2,0,0,0,3,3,453,0,8,3,2014,7,21,35,0,6,4,CR-ROSS RD,,0,30.17784444,-97.61590278,0,12,6,0,1,1,0,1,2,2,0,2,0,0000000,21,31,21,38,22,10,0,0,0,1,1
48,480516,2,2,0,0,0,4,4,201,0,9,3,2014,1,0,22,0,13,8,FM 1960,LAKE HOUSTON PKWY,311,29.99853611,-95.16228333,0,12,6,0,2,2,0,1,2,2,0,2,0,0000000,0,27,0,39,1,2,0,0,0,1,1
48,480517,2,2,0,0,0,2,2,205,3036,9,3,2014,1,18,12,1,2,2,US-87 BROAD ST,,142,35.89828333,-102.4040389,0,12,6,0,1,1,0,1,1,1,0,1,0,0000000,18,25,18,56,19,38,0,0,0,1,0
48,480518,1,1,0,0,0,2,2,231,0,9,3,2014,1,19,40,0,6,4,CR-4205,,0,33.16732222,-95.96515556,0,34,0,0,1,1,0,4,2,1,0,1,0,0000000,19,52,20,23,21,0,0,0,0,1,0
48,480519,2,2,0,0,0,4,4,399,0,9,3,2014,1,6,29,1,2,2,US-67,,45,31.79906944,-99.78943056,0,12,8,0,1,1,0,1,4,1,0,1,0,0000000,6,56,7,20,7,54,0,0,0,2,1
48,480520,2,2,0,0,0,2,2,439,2255,9,3,2014,1,5,11,0,16,5,WESTPARK WAY,PIPELINE RD,0,32.82211111,-97.12291111,0,12,6,0,2,2,0,1,3,1,0,1,0,0000000,5,13,5,17,5,49,0,0,0,1,1
48,480521,2,2,0,0,0,2,2,439,2850,9,3,2014,1,4,2,1,11,1,I-635 LBJ FWY,,82,32.94595833,-97.03967778,0,12,2,0,1,1,0,1,2,10,0,10,0,0000000,99,98,99,98,88,88,0,0,0,1,1
48,480522,2,2,0,0,0,5,5,467,0,9,3,2014,1,17,10,0,3,3,SR-19 TRADEDAYS BLVD,,37,32.64655556,-95.84345,0,12,8,0,1,1,0,2,1,1,0,1,0,0000000,17,31,17,58,18,32,0,0,0,1,0
48,480523,1,1,0,1,1,2,2,1,0,10,3,2014,2,12,37,0,3,2,US-287/SR-19 CROCKETT RD,,46,31.71896111,-95.59259722,0,8,0,0,1,1,0,1,1,1,0,1,0,0000000,99,99,99,99,99,99,0,0,0,1,0
48,480524,1,1,0,1,1,1,1,113,1730,10,3,2014,2,6,30,1,13,3,SR-180 DAVIS ST,,98,32.74951667,-96.8705,0,8,0,0,1,1,0,1,2,10,0,10,0,0000000,99,98,99,98,88,88,0,0,0,1,0
48,480525,1,1,0,1,1,1,1,139,3430,10,3,2014,2,17,12,1,1,1,I-35E,,70,32.18371111,-96.905175,0,8,0,0,1,1,0,2,1,1,0,1,0,0000000,99,98,99,98,88,88,24,0,0,1,0
48,480526,1,1,0,0,0,1,1,291,0,10,3,2014,2,6,10,0,6,4,CR-605 SLEW RD,CR-611 HAMEL RD,0,30.02893889,-94.99283056,0,34,0,0,3,3,0,4,2,5,0,5,0,0000000,99,98,99,98,88,88,0,0,0,1,0
48,480527,3,3,0,0,0,9,9,339,0,10,3,2014,2,13,51,1,11,7,I-45,,66,30.207,-95.45644722,0,12,7,0,1,1,1,1,1,1,0,1,0,0000000,13,51,14,1,14,27,0,0,0,1,0
48,480528,1,1,0,0,0,3,3,355,0,10,3,2014,2,16,23,0,4,8,FM70,,294,27.58438056,-97.6267,0,34,0,0,1,1,0,4,1,2,0,2,0,0000000,16,31,17,1,17,34,0,0,0,1,0
48,480530,2,2,0,0,0,4,4,27,3690,11,3,2014,3,18,53,0,19,8,FM 439 RANCIER AVE,CROCKETT DR,99999,31.12202778,-97.71250833,0,12,6,0,2,3,0,1,1,1,0,1,0,0000000,99,99,99,99,99,99,0,0,0,1,0
48,480531,2,2,0,0,0,2,2,113,1730,11,3,2014,3,11,40,0,16,5,MARTIN LUTHER KING JR BLVD,,0,32.75803889,-96.77990278,0,12,6,0,1,1,0,1,1,1,0,1,0,0000000,11,39,11,44,12,11,0,0,0,1,1
48,480532,1,1,0,0,0,1,1,201,0,11,3,2014,3,4,15,0,6,5,TELGE RD,,0,29.90961389,-95.64895278,0,1,0,0,1,1,0,1,2,10,0,10,0,0000000,4,30,4,50,5,17,0,0,0,1,1
48,480533,2,2,0,0,0,2,2,277,0,11,3,2014,3,14,4,1,2,2,US-82,,9,33.60025278,-95.84045556,0,12,2,0,1,1,0,1,1,1,0,1,0,0000000,14,6,14,26,15,3,0,0,0,1,0
48,480534,1,1,0,0,0,4,4,329,4560,11,3,2014,3,22,16,1,2,3,SR-191,,76,31.98558889,-102.2046194,0,1,0,0,1,1,0,3,2,10,0,10,0,0000000,22,17,22,25,22,40,0,0,0,1,0
48,480535,2,2,0,0,0,2,2,355,1550,11,3,2014,3,20,32,1,13,3,SR-357,,123,27.68621389,-97.38548056,0,12,1,0,8,1,0,1,3,1,0,1,0,0000000,99,99,99,99,99,99,0,0,0,1,0
48,480536,1,1,0,0,0,1,1,409,0,11,3,2014,3,21,58,0,6,4,CR-325,,0,28.13159167,-97.85985556,0,43,0,0,1,1,0,4,2,10,0,10,0,0000000,99,98,99,98,88,88,0,0,0,1,1
48,480537,1,1,0,0,0,2,2,409,0,11,3,2014,3,23,37,0,4,3,SR-188,,134,28.04452778,-97.27305556,0,18,0,0,1,1,0,1,2,1,0,1,0,0000000,23,42,23,57,0,46,0,0,0,1,0
48,480538,1,1,0,0,0,1,1,499,4610,11,3,2014,3,15,59,0,3,2,US-80,,61,32.65944167,-95.47347222,0,1,0,0,1,1,0,1,1,1,0,1,0,0000000,15,58,16,23,16,55,0,0,0,1,0
48,480539,1,1,0,0,0,1,1,85,1535,12,3,2014,4,21,58,0,5,8,FM 1778,,16,33.08025,-96.40708333,0,30,0,0,1,1,0,4,2,1,0,1,0,0000000,99,98,99,98,88,88,0,0,0,1,0
48,480540,2,2,0,0,0,2,2,201,3280,12,3,2014,4,0,6,1,11,7,I-45,,343,29.89802778,-95.41193611,0,21,0,1,19,1,0,10,3,1,0,1,0,0000000,99,98,99,98,88,88,0,0,0,1,1
48,480541,1,1,0,0,0,4,4,265,0,12,3,2014,4,8,37,1,1,1,I-10,,111,30.20385833,-99.37954167,0,1,0,0,1,1,0,3,1,6,0,6,0,0000000,8,43,9,0,9,47,0,0,0,2,0
48,480542,1,1,0,0,0,1,1,339,0,12,3,2014,4,14,43,0,4,8,FM1097,CR-CEDAR HILL RD,145,30.43683889,-95.63993611,0,1,0,0,3,3,0,1,1,1,0,1,0,0000000,14,44,15,16,15,49,0,0,0,1,0
48,480543,1,1,0,0,0,1,1,339,4265,12,3,2014,4,10,50,1,2,8,FM1774,,1,30.22549167,-95.80121389,0,1,0,0,1,1,0,4,1,1,0,1,0,0000000,99,98,99,98,88,88,0,0,0,1,0
48,480544,2,2,0,0,0,2,2,453,330,12,3,2014,4,17,18,1,13,8,FM969 MLK JR BLVD,,128,30.28553889,-97.68454722,0,12,1,0,8,1,0,1,1,1,0,1,0,0000000,17,21,17,25,17,38,0,0,0,1,0
48,480545,1,1,0,0,0,6,6,29,6090,13,3,2014,5,17,28,1,11,1,I-35,,386,29.57073611,-98.32989167,0,25,0,0,1,1,0,3,1,1,0,1,0,0000000,17,28,17,34,18,14,0,0,0,2,0
48,480546,2,2,0,0,0,3,3,121,1190,13,3,2014,5,19,33,1,11,1,I-35E,,15,32.99235833,-96.94586944,0,12,1,0,1,1,0,1,1,1,0,1,0,0000000,99,98,99,98,88,88,0,0,0,1,0
48,480547,2,2,0,0,0,2,2,251,1030,13,3,2014,5,11,55,0,16,5,DOBSON ST,,0,32.51578056,-97.31746667,0,12,2,0,1,1,0,1,1,1,0,1,0,0000000,12,4,12,24,12,50,0,0,0,1,0
48,480548,1,1,0,0,0,1,1,23,0,14,3,2014,6,4,51,1,2,2,US-277,,5,33.561025,-99.28886111,0,1,0,0,1,1,0,4,2,1,0,1,0,0000000,99,98,99,98,88,88,0,0,0,1,1
48,480549,2,2,0,0,0,3,3,25,0,14,3,2014,6,21,0,1,3,3,SR-359,,52,28.22490833,-97.70425278,0,12,2,0,1,1,0,1,2,10,0,10,0,0000000,21,14,21,38,22,10,0,0,0,1,0
48,480550,1,1,0,1,1,1,1,141,2190,14,3,2014,6,20,26,1,13,8,BU54A DYER ST,SUN VALLEY DR,143,31.91012222,-106.4014167,0,8,0,0,2,2,0,1,3,10,0,10,0,0000000,99,98,99,98,88,88,0,0,0,1,1
48,480551,1,1,0,1,1,1,1,201,0,14,3,2014,6,1,50,1,11,1,I-10,,397,29.77035833,-95.17757222,0,8,0,0,1,1,0,1,3,1,0,1,0,0000000,99,98,99,98,88,88,0,0,0,1,0
48,480552,2,2,0,0,0,3,3,201,3280,14,3,2014,6,21,5,0,13,8,FM 1960/CYPRESS CREEK PKWY,,69,29.96520833,-95.54025,0,25,0,0,8,1,0,3,3,10,0,10,0,0000000,99,98,99,98,88,88,0,0,0,1,0
48,480553,3,3,0,0,0,8,8,259,0,14,3,2014,6,0,38,1,1,1,I-10/US-87,,149,29.83921944,-98.77516111,0,12,6,0,1,1,0,1,2,1,0,1,0,0000000,1,16,1,28,1,57,0,0,0,2,1
48,480554,1,1,0,0,0,1,1,461,0,14,3,2014,6,13,33,0,3,2,US-67,,86,31.23665,-101.9016194,0,1,0,0,1,1,0,4,1,1,0,1,0,0000000,88,88,88,88,88,88,0,0,0,1,0
48,480555,2,2,0,0,0,3,3,463,0,14,3,2014,6,20,47,1,2,2,US-90/MAIN ST,,117,29.28875556,-99.66269444,0,12,2,0,1,1,0,1,2,10,0,10,0,0000000,21,13,21,21,22,18,0,0,0,2,1
48,480556,1,1,0,0,0,2,2,29,6090,15,3,2014,7,2,20,1,11,1,I-410/LOOP 410,,334,29.43775278,-98.39068611,0,1,0,1,19,1,0,4,3,1,0,1,0,0000000,2,22,2,30,2,49,0,0,0,1,1
48,480557,2,2,0,0,0,6,6,425,0,15,3,2014,7,16,35,1,2,2,US-67,,109,32.15915,-97.90461944,0,12,6,0,1,1,0,1,1,2,0,2,0,0000000,16,51,17,2,17,32,0,0,0,1,0
48,480558,2,2,0,0,0,3,3,157,6660,15,3,2014,7,5,23,1,11,2,US-59/SOUTHWEST FWY,,66,29.58022778,-95.64880833,0,12,1,1,18,1,0,1,3,10,0,10,0,0000000,5,29,5,42,6,14,0,0,0,1,1
48,480559,2,2,0,0,0,4,4,183,7445,15,3,2014,7,10,38,1,13,2,US-80,,66,32.51768889,-94.85141944,0,12,2,0,1,1,0,1,1,10,0,10,0,0000000,99,99,99,99,99,99,0,0,0,1,0
48,480560,2,2,0,0,0,2,2,217,237,15,3,2014,7,2,56,0,4,8,FM 933,,84,31.8588,-97.2229,0,12,6,0,1,1,0,1,2,10,0,10,0,0000000,99,98,99,98,88,88,0,0,0,1,1
48,480561,2,2,0,0,0,2,2,221,0,15,3,2014,7,16,50,0,4,8,FM 167,,51,32.51659444,-97.72115,0,12,6,0,1,1,0,1,1,10,0,10,0,0000000,16,54,17,4,17,48,0,0,0,1,0
48,480562,1,1,0,0,0,6,6,229,0,15,3,2014,7,6,25,1,1,1,I-10,,342,31.19345,-105.5292361,0,1,0,0,1,1,0,1,2,1,0,1,0,0000000,6,30,6,54,10,6,0,0,0,2,0
48,480563,1,1,0,0,0,8,8,249,0,15,3,2014,7,8,2,0,4,8,BU-281 R,FM 1930,25,27.69703889,-98.07833611,0,1,0,0,3,3,0,4,1,5,0,5,0,0000000,99,99,99,99,99,99,0,0,0,1,0
48,480564,1,1,0,1,1,1,1,309,7210,15,3,2014,7,8,31,0,16,5,PARK LAKE DR,,0,31.578425,-97.17610833,0,8,0,0,1,1,0,2,1,2,0,2,0,0000000,99,99,99,99,99,99,0,0,0,1,0
48,480565,2,2,0,0,0,3,3,311,0,15,3,2014,7,8,56,0,3,3,SR-16,,27,28.6145,-98.54620833,0,12,2,0,1,1,0,1,1,10,0,10,0,0000000,99,99,99,99,99,99,0,0,0,1,0
48,480566,3,3,0,0,0,7,7,339,0,15,3,2014,7,11,35,0,3,3,SR-242,,102,30.21198333,-95.36185556,0,12,8,0,1,1,0,1,1,10,0,10,0,0000000,99,99,99,99,99,99,0,0,0,1,1
48,480567,1,1,0,0,0,1,1,355,1550,15,3,2014,7,18,20,1,11,1,I-37,,149,27.86551667,-97.62273611,0,25,0,0,1,1,0,3,1,1,0,1,0,0000000,99,98,99,98,88,88,0,0,0,1,0
48,480568,1,1,0,0,0,1,1,439,2450,15,3,2014,7,2,39,1,11,1,I-30,,148,32.74826111,-97.30613889,0,24,0,1,19,1,0,8,3,1,0,1,0,0000000,99,98,99,98,88,88,0,0,0,1,1
48,480569,1,1,0,0,0,1,1,113,1730,16,3,2014,1,2,50,1,14,3,SR-78,,150,32.81619722,-96.72086111,0,24,0,0,1,1,0,4,3,10,0,10,0,0000000,99,98,99,98,88,88,0,0,0,1,1
48,480570,2,2,0,0,0,5,5,201,0,16,3,2014,1,2,30,1,2,2,US-290,,109,29.99974722,-95.7713,0,12,2,0,1,1,0,1,2,2,0,2,0,0000000,2,44,2,54,4,10,0,0,0,1,1
48,480571,1,1,0,0,0,1,1,201,3280,16,3,2014,1,0,43,0,16,5,ALIEF CLODINE RD,,0,29.71285833,-95.61629167,0,38,0,0,1,1,0,4,3,10,0,10,0,0000000,99,98,99,98,88,88,0,0,0,1,1
48,480572,2,2,0,0,0,2,2,303,4140,16,3,2014,1,21,50,1,12,8,SL289,,150,33.55336667,-101.9395028,0,12,6,1,18,1,0,1,3,1,0,1,0,0000000,99,98,99,98,88,88,0,0,0,1,0
48,480573,2,2,0,0,0,2,2,351,0,16,3,2014,1,17,15,0,4,8,FM363,,67,30.71454167,-93.77407222,0,12,2,0,1,1,0,1,1,10,0,10,0,0000000,99,98,99,98,88,88,0,0,0,1,0
48,480574,1,1,0,1,1,1,1,361,5100,16,3,2014,1,21,23,0,16,5,BLUEBONNET,,0,30.09452222,-93.76865278,0,15,0,0,1,1,0,1,2,10,0,10,0,0000000,99,99,99,99,99,99,0,0,0,1,0
48,480575,1,1,0,1,1,1,1,113,1730,17,3,2014,2,2,30,0,16,5,HENDERSON AVE,,0,32.81843056,-96.78260556,0,15,0,0,1,1,0,1,3,1,0,1,0,0000000,2,38,2,41,3,7,0,0,0,1,0
48,480577,1,1,0,0,0,1,1,277,0,17,3,2014,2,17,45,0,6,4,CR-45600,,0,33.82810556,-95.31804722,0,3,0,0,1,1,0,1,1,1,0,1,0,0000000,99,98,99,98,88,88,5,0,0,1,1
48,480578,3,3,0,0,0,4,4,417,0,17,3,2014,2,8,6,0,3,3,SR-6,,138,32.62605556,-99.22252778,0,12,1,0,1,1,0,2,1,1,0,1,0,0000000,99,98,99,98,88,88,0,0,0,2,0
48,480579,1,1,0,1,1,5,5,439,260,17,3,2014,2,11,25,0,16,5,BOWEN RD,EL SALVADOR CT,0,32.66848333,-97.14979444,0,9,0,0,1,1,0,1,1,1,0,1,0,0000000,11,33,11,47,12,10,0,0,0,1,0
48,480580,2,2,0,0,0,2,2,469,7190,17,3,2014,2,20,42,1,12,2,US-77 ZAC LENTZ PKWY,,20,28.85591111,-97.02765556,0,12,1,0,1,1,0,1,3,1,0,1,0,0000000,99,99,99,99,99,99,0,0,0,1,0
48,480581,1,1,0,0,0,1,1,491,0,17,3,2014,2,21,35,1,3,3,SR-195,,246,30.79651111,-97.76720833,0,38,0,0,1,1,1,4,2,1,0,1,0,0000000,99,98,99,98,88,88,0,0,0,1,1
48,480582,3,2,1,0,0,3,3,29,6090,18,3,2014,3,21,56,0,16,5,LAREDO ST,,0,29.41437778,-98.53961944,0,1,0,0,1,1,0,1,3,1,0,1,0,0000000,21,56,22,5,22,34,14,0,0,1,0
48,480583,1,1,0,1,1,1,1,113,1730,18,3,2014,3,21,27,0,16,5,HEMLOCK AVE,,0,32.86880556,-96.76087222,0,8,0,0,1,1,0,1,3,1,0,1,0,0000000,99,98,99,98,88,88,0,0,0,1,0
48,480584,1,1,0,0,0,2,2,251,0,18,3,2014,3,23,59,0,15,8,FM2738 LILLIAN HWY,FM917 GEORGE RENFRO DR,43,32.50683611,-97.18615278,0,1,0,0,3,3,0,1,2,1,0,1,0,0000000,0,15,0,32,1,4,18,0,0,1,1
48,480585,1,1,0,0,0,1,1,257,0,18,3,2014,3,7,11,0,5,8,FM1390,,47,32.49375,-96.42253611,0,1,0,0,1,1,0,4,2,1,0,1,0,0000000,99,98,99,98,88,88,0,0,0,1,0
48,480586,1,1,0,0,0,5,5,285,0,18,3,2014,3,17,0,0,6,4,CR-198,,0,29.45936389,-96.95115556,0,1,0,0,1,1,0,1,1,1,0,1,0,0000000,17,13,17,26,17,44,0,0,0,1,0
48,480587,2,2,0,0,0,2,2,439,260,18,3,2014,3,13,41,1,12,3,SR-360,,138,32.72689722,-97.06240556,0,30,0,0,1,1,0,3,1,1,0,1,0,0000000,99,99,99,99,99,99,0,0,0,1,0
48,480588,2,2,0,0,0,4,4,167,6860,19,3,2014,4,17,41,1,13,8,FM1765,31ST ST,18,29.3825,-94.94065556,0,12,9,0,3,7,0,1,1,1,0,1,0,0000000,17,46,18,5,18,20,0,0,0,1,0
48,480589,2,2,0,1,1,2,2,201,3280,19,3,2014,4,20,25,0,16,5,YALE ST,,0,29.77606944,-95.39870556,0,8,0,0,1,1,0,1,3,1,0,1,0,0000000,20,25,20,33,21,1,14,0,0,1,0
48,480590,1,1,0,1,1,1,1,29,6090,20,3,2014,5,22,10,1,13,2,US-290 ROOSEVELT AVE,,17,29.31009444,-98.47397778,0,8,0,0,1,1,0,1,2,1,0,1,0,0000000,99,98,99,98,88,88,0,0,0,1,0
48,480591,1,1,0,0,0,1,1,35,0,20,3,2014,5,18,25,0,4,8,FM 56,CR-3615,22,31.83125,-97.36307778,0,59,0,0,3,4,0,4,1,1,0,1,0,0000000,99,98,99,98,88,88,0,0,0,1,1
48,480593,1,1,0,0,0,1,1,123,0,20,3,2014,5,17,40,0,4,8,FM 237,,73,28.94719722,-97.38651111,0,38,0,0,1,1,0,4,1,1,0,1,0,0000000,99,98,99,98,88,88,0,0,0,1,0
48,480594,1,1,0,1,1,1,1,183,4080,20,3,2014,5,19,46,1,13,2,US-80,,149,32.50433889,-94.71412778,0,8,0,0,1,1,0,1,3,10,0,10,0,0000000,19,46,19,48,19,53,0,0,0,1,0
48,480595,2,2,0,0,0,2,2,313,0,20,3,2014,5,18,3,1,2,2,US-190/21,,103,30.92265833,-96.07304444,0,54,11,0,1,1,0,1,1,1,0,1,0,0000000,99,98,99,98,88,88,14,0,0,1,0
48,480596,1,1,0,0,0,2,2,409,0,20,3,2014,5,1,38,0,6,4,CR-3567,,0,27.92147778,-97.35984167,0,30,0,0,1,1,0,4,2,1,0,1,0,0000000,1,42,1,50,2,24,0,0,0,1,1
48,480597,1,1,0,1,1,1,1,409,0,20,3,2014,5,12,54,1,2,2,US-77,,69,28.06588889,-97.49290833,0,8,0,0,1,1,1,1,1,1,0,1,0,0000000,99,99,99,99,99,99,0,0,0,1,0
48,480598,2,2,0,0,0,4,4,13,0,21,3,2014,6,2,25,0,4,2,US-281,,11,29.12523889,-98.48433333,0,12,2,0,1,1,0,1,2,1,0,1,0,0000000,2,47,3,5,3,32,0,0,0,1,1
48,480599,2,2,0,0,0,3,3,29,6090,21,3,2014,6,13,12,0,16,5,SAN PEDRO AVE,,0,29.49036389,-98.49929444,0,12,2,0,1,1,0,1,1,1,0,1,0,0000000,13,12,13,35,14,14,0,0,0,2,1
48,480600,2,2,0,0,0,2,2,201,3320,21,3,2014,6,13,29,1,11,7,I-69,,9,29.98531111,-95.27554167,0,12,7,0,1,1,0,1,1,1,0,1,0,0000000,99,98,99,98,88,88,0,0,0,1,0
48,480601,1,1,0,0,0,2,2,411,0,21,3,2014,6,19,39,0,5,8,FM1030,,1,31.20077778,-98.75808611,0,38,0,0,1,1,0,4,1,1,0,1,0,0000000,99,99,99,99,99,99,0,0,0,1,1
48,480602,1,1,0,0,0,5,5,1,0,22,3,2014,7,10,40,0,4,8,FM321,,182,31.86405,-95.77000833,0,1,0,0,1,1,0,1,1,5,0,5,0,0000000,99,99,99,99,99,99,0,0,0,1,0
48,480603,1,1,0,1,1,1,1,29,6090,22,3,2014,7,1,4,0,16,5,NEW BRAUNFELS AVE,,0,29.35595556,-98.44853056,0,8,0,0,1,1,0,1,2,1,0,1,0,0000000,99,98,99,98,88,88,0,0,0,1,0
48,480604,3,3,0,0,0,9,9,29,6090,22,3,2014,7,23,30,1,11,1,I-35,,314,29.49527778,-98.400775,0,12,1,0,1,1,0,1,3,10,0,10,0,0000000,23,45,23,54,0,23,28,0,0,1,0
48,480605,1,1,0,1,1,2,2,113,1730,22,3,2014,7,20,41,1,13,8,SL12 NORTHWEST HWY,,272,32.86399722,-96.75977222,0,8,0,0,1,1,0,1,3,10,0,10,0,0000000,99,98,99,98,88,88,0,0,0,1,0
48,480606,2,2,0,0,0,2,2,193,0,22,3,2014,7,17,15,0,3,3,SR-36,,123,31.68856944,-98.08515278,0,12,2,0,1,1,0,2,1,10,0,10,0,0000000,99,99,99,99,99,99,0,0,0,2,0
48,480607,1,1,0,0,0,1,1,193,0,22,3,2014,7,18,35,1,2,2,US-281,,36,31.93776667,-98.05956667,0,1,0,0,1,1,1,4,1,10,0,10,0,0000000,19,14,20,27,21,28,0,0,0,1,1
48,480608,1,1,0,1,1,1,1,201,3280,22,3,2014,7,5,40,1,11,7,I-45 GULF FWY,,159,29.68716667,-95.27883333,0,8,0,0,1,1,0,1,2,1,0,1,0,0000000,5,48,5,53,6,15,0,0,0,1,0
48,480609,2,2,0,0,0,2,2,339,1510,22,3,2014,7,7,56,0,14,8,FM3083,,36,30.35053889,-95.46405278,0,12,2,0,1,1,0,1,1,10,0,10,0,0000000,99,99,8,0,8,28,0,0,0,1,1
48,480610,2,2,0,0,0,5,5,329,4560,22,3,2014,7,17,8,1,13,7,BS349C RANKIN HWY,,87,31.976475,-102.0753583,0,12,6,0,8,1,0,1,1,1,0,1,0,0000000,17,9,17,13,17,25,0,0,0,1,1
48,480611,1,1,0,0,0,7,7,399,0,22,3,2014,7,4,50,1,2,2,US-83,,197,31.81146944,-99.93398611,0,32,0,0,1,1,0,4,2,1,0,1,0,0000000,5,0,5,12,99,99,0,0,0,1,0
48,480612,2,2,0,0,0,3,3,201,3280,26,2,2014,4,20,46,0,16,5,LITTLE YORK RD,ODONNELL DR,0,29.87007222,-95.37951667,0,12,6,0,2,3,0,1,3,1,0,1,0,0000000,99,98,99,98,88,88,0,0,0,1,0
48,480613,2,2,0,0,0,6,6,455,0,26,2,2014,4,9,23,0,3,3,SR-19,,156,30.86288056,-95.39598333,0,12,8,0,1,1,0,1,1,10,0,10,0,0000000,9,29,9,35,10,44,0,0,0,1,0
48,480614,2,2,0,0,0,2,2,339,0,20,3,2014,5,23,14,0,14,8,FM1488,,184,30.22470556,-95.53929722,0,12,7,0,1,1,0,1,2,1,0,1,0,0000000,99,98,99,98,88,88,0,0,0,1,1
48,480615,1,1,0,0,0,1,1,1,5170,21,3,2014,6,2,53,1,13,8,SL256,,101,31.74206944,-95.64770278,0,1,0,0,1,1,0,4,3,10,0,10,0,0000000,99,99,99,99,99,99,0,0,0,1,1
48,480616,2,2,0,0,0,3,3,73,0,22,3,2014,7,22,33,0,4,3,SR-110,,94,32.00285556,-95.09993889,0,12,1,0,1,1,0,1,2,10,0,10,0,0000000,99,98,99,98,88,88,20,0,0,1,1
48,480617,1,1,0,0,0,3,3,21,0,23,3,2014,1,23,19,0,4,8,FM969,HOWARD LN,61,30.17866667,-97.41959167,0,34,0,0,1,1,0,4,2,1,0,1,0,0000000,23,19,23,32,0,26,0,0,0,1,1
48,480618,1,1,0,0,0,2,2,27,0,23,3,2014,1,9,50,0,3,8,FM436,,155,30.99541389,-97.39884167,0,34,0,0,1,1,0,4,1,1,0,1,0,0000000,10,4,10,18,10,58,0,0,0,1,0
48,480619,2,2,0,0,0,2,2,29,6090,23,3,2014,1,2,41,1,12,2,US-90,,75,29.38595,-98.68297778,0,12,2,0,1,1,0,1,2,1,0,1,0,0000000,2,41,2,51,3,31,0,0,0,2,2
48,480620,2,2,0,0,0,5,5,113,1730,23,3,2014,1,20,24,1,13,8,SL12,,56,32.691175,-96.83420278,0,12,1,0,1,1,0,1,2,1,0,1,0,0000000,20,28,20,33,20,48,0,0,0,2,0
48,480621,2,2,0,0,0,3,3,121,1840,23,3,2014,1,23,2,0,14,8,FM 428,,46,33.27355278,-97.09816389,0,12,2,0,1,1,0,1,2,10,0,10,0,0000000,23,5,23,26,23,55,0,0,0,1,1
48,480622,1,1,0,0,0,2,2,201,0,23,3,2014,1,2,20,0,6,4,CR-KUYKENDAHL RD,,0,30.02876667,-95.47946389,0,58,0,0,1,1,0,4,2,1,0,1,0,0000000,99,99,99,99,99,99,0,0,0,1,1
48,480623,1,1,0,1,1,1,1,347,0,23,3,2014,1,21,50,1,2,2,US-259,,114,31.68811111,-94.67008611,0,8,0,0,1,1,0,1,2,1,0,1,0,0000000,99,99,99,99,99,99,0,0,0,1,0
48,480624,2,2,0,0,0,6,6,349,1570,23,3,2014,1,6,9,1,11,1,I-45,,211,32.096925,-96.44073333,0,12,1,0,1,1,0,1,2,1,0,1,0,0000000,6,12,6,19,6,47,0,0,0,1,0
48,480625,1,1,0,0,0,2,2,499,0,23,3,2014,1,16,15,0,4,3,SR-154,,73,32.79130556,-95.32139722,0,35,0,0,1,1,0,4,1,1,0,1,0,0000000,99,99,99,99,99,99,0,0,0,1,1
48,480626,1,1,0,0,0,4,4,29,6090,24,3,2014,2,2,14,1,11,1,I-10 RAMP,,111,29.39444167,-98.51053889,0,1,0,1,20,1,0,1,3,1,0,1,0,0000000,99,98,99,98,88,88,0,0,0,4,1