STATE,ST_CASE,VE_TOTAL,VE_FORMS,PVH_INVL,PEDS,PERNOTMVIT,PERMVIT,PERSONS,COUNTY,CITY,DAY,MONTH,YEAR,DAY_WEEK,HOUR,MINUTE,NHS,ROAD_FNC,ROUTE,TWAY_ID,TWAY_ID2,MILEPT,LATITUDE,LONGITUD,SP_JUR,HARM_EV,MAN_COLL,RELJCT1,RELJCT2,TYP_INT,WRK_ZONE,REL_ROAD,LGT_COND,WEATHER1,WEATHER2,WEATHER,SCH_BUS,RAIL,NOT_HOUR,NOT_MIN,ARR_HOUR,ARR_MIN,HOSP_HR,HOSP_MN,CF1,CF2,CF3,FATALS,DRUNK_DR
48,480743,2,2,0,0,0,5,5,309,0,4,4,2014,6,23,42,1,12,7,SR-6,,117,31.56751111,-97.28468889,0,12,2,0,5,1,0,1,2,1,0,1,0,0000000,23,50,23,58,0,42,0,0,0,1,1
48,480744,1,1,0,0,0,2,2,423,0,4,4,2014,6,23,50,1,2,3,SR-155,,214,32.20129722,-95.42640833,0,43,0,0,1,1,0,4,2,1,0,1,0,0000000,0,3,0,15,0,44,18,0,0,1,0
48,480745,2,2,0,0,0,5,5,439,2450,4,4,2014,6,16,0,0,16,5,BEACH ST,PEPPERBUSH DR,0,32.87864167,-97.28956389,0,12,6,0,2,3,0,1,1,1,0,1,0,0000000,16,1,16,19,16,59,0,0,0,1,0
48,480746,2,2,0,0,0,4,4,71,0,5,4,2014,7,3,0,1,1,1,I-10,,22,29.82356667,-94.87706389,0,12,1,0,1,1,0,1,2,1,0,1,0,0000000,3,9,3,18,4,6,0,0,0,1,1
48,480747,2,2,0,0,0,3,3,355,0,5,4,2014,7,10,50,0,6,4,CR-44,,0,27.81846389,-97.68829167,0,12,6,0,1,1,0,1,1,1,0,1,0,0000000,10,50,10,51,11,30,5,0,0,1,0
48,480748,1,1,0,0,0,2,2,439,1654,5,4,2014,7,3,47,0,16,5,HAMPTON RD,,0,32.55763611,-97.35751944,0,52,0,0,1,1,0,4,2,1,0,1,0,0000000,4,3,4,8,4,39,0,0,0,1,1
48,480749,1,1,0,0,0,1,1,5,4160,6,4,2014,1,5,18,1,13,8,BU69J DENMAN AVE,,10,31.32383333,-94.709,0,42,0,0,1,1,0,4,6,1,0,1,0,0000000,99,98,99,98,88,88,0,0,0,1,0
48,480750,3,3,0,0,0,4,4,27,0,6,4,2014,1,20,39,0,3,3,SR-95,,161,31.01791667,-97.33609722,0,12,1,0,8,1,0,1,2,1,0,1,0,0000000,20,45,20,53,21,16,0,0,0,1,0
48,480751,1,1,0,1,1,1,1,133,0,6,4,2014,1,5,22,0,4,8,FM2214,,31,32.362,-98.72397778,0,8,0,0,1,1,0,1,2,2,0,2,0,0000000,99,98,99,98,88,88,0,0,0,1,0
48,480752,1,1,0,0,0,1,1,187,0,6,4,2014,1,0,5,0,4,8,FM2438,,17,29.62254167,-97.82945556,0,1,0,0,1,1,0,4,2,1,0,1,0,0000000,99,98,99,98,88,88,0,0,0,1,1
48,480753,1,1,0,1,1,1,1,201,0,6,4,2014,1,21,30,1,12,3,SR-249 MOUNT HOUSTON RD,,207,29.89765556,-95.44856389,0,9,0,0,1,1,0,1,2,10,0,10,0,0000000,99,98,99,98,88,88,0,0,0,1,0
48,480754,1,1,0,0,0,4,4,391,0,4,4,2014,6,1,15,0,4,3,SR-239,,3,28.51852778,-97.04159722,0,1,0,0,1,1,0,4,3,2,0,2,0,0000000,1,25,1,44,2,4,0,0,0,1,0
48,480755,2,2,0,0,0,2,2,201,3280,6,4,2014,1,6,0,1,11,1,I-610,,135,29.77687222,-95.26388333,0,12,9,1,18,1,0,1,2,2,0,2,0,0000000,6,8,6,19,6,42,0,0,0,1,0
48,480756,2,2,0,0,0,2,2,201,3280,6,4,2014,1,22,35,0,16,5,BEECHNUT ST,COOK RD,0,29.68902222,-95.59595556,0,12,6,0,2,2,0,1,3,1,0,1,0,0000000,22,36,22,43,23,9,0,0,0,1,2
48,480757,1,1,0,0,0,1,1,401,0,6,4,2014,1,2,55,0,4,8,FM782,,161,32.32741111,-94.60815278,0,32,0,0,1,1,0,4,2,2,0,2,0,0000000,99,98,99,98,88,88,0,0,0,1,1
48,480758,1,1,0,0,0,1,1,477,0,6,4,2014,1,1,15,1,2,2,US-290,,211,30.1389,-96.35336944,0,57,0,0,1,1,0,3,2,10,0,10,0,0000000,1,18,1,25,2,46,0,0,0,1,1
48,480759,2,2,0,0,0,2,2,201,3280,7,4,2014,2,17,10,1,11,1,I-10 RAMP,,16,29.76834167,-95.34664444,0,25,0,1,5,1,0,4,1,1,0,1,0,0000000,17,10,17,20,17,35,0,0,0,1,1
48,480760,1,1,0,0,0,1,1,335,0,7,4,2014,2,22,57,0,6,4,CR-309,,0,32.35790278,-100.9008167,0,38,0,0,1,1,0,4,2,1,0,1,0,0000000,99,98,99,98,88,88,0,0,0,1,1
48,480761,1,1,0,0,0,1,1,399,0,6,4,2014,1,23,5,0,4,8,FM2111,,82,31.84998333,-100.0351306,0,1,0,0,1,1,0,4,2,1,0,1,0,0000000,99,98,99,98,88,88,0,0,0,1,1
48,480762,1,1,0,0,0,1,1,459,0,7,4,2014,2,17,0,0,4,8,FM1649,,61,32.77064444,-94.77827778,0,53,0,0,1,1,0,4,1,1,0,1,0,0000000,99,98,99,98,88,88,0,0,0,1,0
48,480763,2,2,0,0,0,2,2,113,1730,8,4,2014,3,20,38,0,16,5,KIEST BLVD,COOMBS CREEK DR,0,32.70581111,-96.88095833,0,12,6,0,2,2,0,1,3,1,0,1,0,0000000,20,41,20,46,21,19,0,0,0,1,0
48,480764,1,1,0,0,0,2,2,201,0,8,4,2014,3,0,30,1,13,2,US-290 NORTHWEST FWY,,185,29.94915278,-95.66822778,0,52,0,0,5,1,0,8,2,1,0,1,0,0000000,0,33,0,42,1,35,0,0,0,1,0
48,480765,2,2,0,1,1,3,3,201,0,8,4,2014,3,20,37,1,12,3,SR-249 TOMBALL PKWY,,170,29.92567222,-95.501575,0,8,0,0,1,1,0,1,2,1,0,1,0,0000000,99,98,99,98,88,88,0,0,0,1,0
48,480766,1,1,0,0,0,2,2,435,0,8,4,2014,3,10,40,1,1,1,I-10,,13,30.62193333,-100.77805,0,1,0,0,1,1,0,3,1,1,0,1,0,0000000,10,40,10,53,11,12,0,0,0,1,0
48,480767,1,1,0,0,0,2,2,439,2450,8,4,2014,3,17,0,1,11,1,I-30 WEST FWY,,199,32.73276389,-97.38404167,0,30,0,0,1,1,0,3,1,1,0,1,0,0000000,17,4,17,11,17,47,0,0,0,1,1
48,480768,1,1,0,1,1,1,1,453,330,8,4,2014,3,6,5,1,12,2,US-183 BASTROP HWY,VARGAS RD,104,30.2397,-97.68833056,0,8,0,0,2,3,0,1,3,1,0,1,0,0000000,99,98,99,98,88,88,0,0,0,1,0
48,480769,2,2,0,0,0,3,3,29,0,9,4,2014,4,1,5,1,1,1,I-10,,192,29.48729167,-98.22511111,0,12,1,0,1,1,0,1,2,1,0,1,0,0000000,99,99,99,99,99,99,0,0,0,1,1
48,480770,1,1,0,0,0,1,1,169,0,9,4,2014,4,15,16,1,2,2,US-84,,295,33.06035278,-101.2176611,0,1,0,0,1,1,0,4,1,1,0,1,0,0000000,99,98,99,98,88,88,0,0,0,1,0
48,480771,2,2,0,0,0,2,2,201,3280,9,4,2014,4,5,0,0,16,5,SAKOWITZ,FARMER ST,0,29.77503056,-95.31349722,0,24,0,0,3,10,0,4,3,1,0,1,0,0000000,99,98,99,98,88,88,0,0,0,1,0
48,480772,1,1,0,1,1,1,1,201,3280,9,4,2014,4,15,32,1,13,8,FM-1093 WESTHEIMER RD,,114,29.73755,-95.50750278,0,8,0,0,4,1,0,1,1,1,0,1,0,0000000,15,38,15,55,16,18,0,0,0,1,0
48,480773,2,1,1,0,1,4,5,283,0,9,4,2014,4,6,20,1,1,1,I-35,,52,28.49705556,-99.22173056,0,14,0,0,1,1,1,2,2,1,0,1,0,0000000,99,98,99,98,88,88,0,0,0,4,0
48,480774,2,2,0,0,0,3,3,355,0,9,4,2014,4,1,22,1,2,3,SR-44,,63,27.79191944,-97.84878056,0,12,6,0,1,1,0,1,2,1,0,1,0,0000000,99,98,99,98,88,88,0,0,0,1,0
48,480775,1,1,0,0,0,1,1,479,3899,6,2,2014,5,10,58,0,13,8,SL 20 BOB BULLOCK LOOP,,156,27.572,-99.44118889,0,33,0,0,1,1,0,4,1,10,0,10,0,0000000,99,98,99,98,88,88,0,0,0,1,0
48,480776,2,2,0,0,0,3,3,63,0,4,4,2014,6,10,5,0,4,3,SR-11 QUITMAN ST,DH ABERNATHY BLVD,0,33.00532778,-94.99376389,0,12,6,0,2,2,0,1,1,1,0,1,0,0000000,10,18,10,35,11,18,0,0,0,1,0
48,480777,1,1,0,0,0,1,1,369,0,9,4,2014,4,17,22,1,2,2,US-60,,155,34.54724722,-102.8522389,0,1,0,0,1,1,0,3,1,1,0,1,0,0000000,99,98,99,98,88,88,0,0,0,1,0
48,480778,1,1,0,1,1,1,1,441,30,9,4,2014,4,7,36,1,13,8,BI 20R 1ST ST,,54,32.45061944,-99.76043333,0,8,0,0,1,1,0,2,1,1,0,1,0,0000000,7,35,7,39,7,55,0,0,0,1,0
48,480779,1,1,0,0,0,1,1,29,6090,10,4,2014,5,0,8,1,12,3,SR-151,,10,29.47683056,-98.69969722,0,1,0,0,1,1,0,3,3,1,0,1,0,0000000,0,9,0,16,0,53,0,0,0,1,1
48,480780,2,2,0,0,0,3,3,39,0,10,4,2014,5,15,55,1,2,3,SR-288,,230,29.28338333,-95.43585833,0,12,1,0,1,1,0,1,1,1,0,1,0,0000000,15,56,16,6,16,38,0,0,0,1,0
48,480781,2,2,0,0,0,2,2,185,0,10,4,2014,5,17,25,0,3,3,SR-90,,200,30.56956944,-95.95408889,0,12,6,0,1,1,0,1,1,1,0,1,0,0000000,17,23,17,37,18,49,0,0,0,1,0
48,480782,1,1,0,0,0,1,1,297,0,10,4,2014,5,18,0,1,1,1,I-37 RAMP,,334,28.53223056,-98.18736944,0,1,0,1,20,1,0,1,1,1,0,1,0,0000000,18,25,18,58,19,33,0,0,0,1,0
48,480783,1,1,0,0,0,1,1,381,1160,10,4,2014,5,8,20,1,13,2,US-87/23RD STREET,2ND AVENUE,104,34.98195556,-101.9193194,0,46,0,0,3,2,0,4,1,1,0,1,0,0000000,99,98,99,98,88,88,0,0,0,1,0
48,480784,2,2,0,0,0,2,2,59,0,11,4,2014,6,14,8,0,3,3,SR-36,,234,32.18264722,-99.29946111,0,12,6,0,1,1,0,1,1,1,0,1,0,0000000,99,98,99,98,88,88,0,0,0,1,0
48,480785,1,1,0,0,0,1,1,97,2550,11,4,2014,6,16,58,1,1,1,I-35,,197,33.69946111,-97.1624,0,1,0,0,1,1,0,1,1,1,0,1,0,0000000,99,98,99,98,88,88,0,0,0,1,0
48,480786,1,1,0,3,3,1,1,201,3280,11,4,2014,6,11,45,0,16,5,LORRAINE ST,ELYSIAN ST,0,29.77835833,-95.35063889,0,8,0,0,2,2,0,1,1,1,0,1,0,0000000,11,48,11,58,12,9,0,0,0,1,0
48,480787,1,1,0,1,1,1,1,439,2450,11,4,2014,6,2,10,1,13,8,BU-287P/RIVERSIDE DR,POWELL AVE,41,32.71903611,-97.30432778,0,8,0,0,2,2,0,1,3,1,0,1,0,0000000,2,14,2,18,2,52,0,0,0,1,0
48,480788,1,1,0,1,1,1,1,439,2450,11,4,2014,6,20,43,0,16,5,TEIRNEY RD,,0,32.73624722,-97.24508889,0,8,0,0,1,1,0,1,2,1,0,1,0,0000000,20,44,20,53,21,23,0,0,0,1,0
48,480789,3,3,0,0,0,6,6,21,0,12,4,2014,7,16,33,1,2,3,SR-71/95,CR-COTTLE TOWN RD,212,30.06596944,-97.21565,0,12,6,0,2,3,0,1,1,10,0,10,0,0000000,99,99,99,99,99,99,0,0,0,1,1
48,480790,1,1,0,0,0,1,1,35,0,12,4,2014,7,14,10,0,4,8,FM 7650,,137,31.72451111,-97.69758056,0,38,0,0,1,1,0,4,1,10,0,10,0,0000000,99,98,99,98,88,88,0,0,0,1,0
48,480791,1,1,0,0,0,1,1,39,0,12,4,2014,7,21,26,0,6,4,CR-48S,,0,29.27442778,-95.43162222,0,1,0,0,1,1,0,4,2,1,0,1,0,0000000,99,99,99,99,99,99,0,0,0,1,1
48,480792,2,2,0,0,0,4,4,139,0,12,4,2014,7,21,29,1,11,1,I-45,,34,32.29273056,-96.55815,0,12,1,0,1,1,0,1,3,1,0,1,0,0000000,99,99,99,99,99,99,0,0,0,1,1
48,480793,1,1,0,0,0,1,1,157,0,12,4,2014,7,4,24,0,15,8,FM 1093 ALIEF CLODENE RD,,32,29.70556667,-95.71460556,0,33,0,0,1,1,0,4,3,1,0,1,0,0000000,4,31,4,48,6,25,0,0,0,1,0
48,480794,1,1,0,0,0,1,1,201,3280,12,4,2014,7,21,0,0,16,5,OREM DR,,0,29.62587778,-95.30775833,0,24,0,1,19,1,0,3,2,10,0,10,0,0000000,21,13,21,20,21,53,0,0,0,1,1
48,480795,1,1,0,0,0,1,1,201,0,12,4,2014,7,23,47,1,11,7,I-45 NORTH FWY,,469,30.08158333,-95.43656944,0,59,0,0,1,1,0,10,2,10,0,10,0,0000000,99,98,99,98,88,88,0,0,0,1,0
48,480796,5,5,0,0,0,10,10,201,3280,12,4,2014,7,13,19,1,11,1,I-45 GULF FWY SR,EDGEBROOK,121,29.64114444,-95.24293611,0,12,6,1,2,2,0,1,1,1,0,1,0,0000000,99,98,99,98,88,88,0,0,0,2,0
48,480797,1,1,0,1,1,1,1,201,3280,12,4,2014,7,22,46,1,12,3,SR-288 SOUTH FWY,,39,29.70074722,-95.37544167,0,8,0,0,1,1,0,1,3,1,0,1,0,0000000,22,48,22,55,23,19,0,0,0,1,0
48,480798,1,1,0,0,0,4,4,217,0,12,4,2014,7,23,40,0,3,3,SR-22 JEFFERSON AVE,,77,31.95716667,-97.30634444,0,1,0,0,8,1,0,4,2,1,0,1,0,0000000,23,43,0,0,0,59,0,0,0,1,1
48,480799,1,1,0,0,0,2,2,231,0,12,4,2014,7,22,50,1,2,2,US-380,,18,33.14958333,-96.25639167,0,24,0,0,1,1,0,3,2,1,0,1,0,0000000,22,57,23,23,0,5,0,0,0,1,1
48,480800,2,2,0,0,0,3,3,241,0,12,4,2014,7,14,2,0,3,3,SR-63,,120,30.94911111,-94.10153056,0,12,2,0,1,1,0,1,1,1,0,1,0,0000000,99,99,99,99,99,99,0,0,0,1,0
48,480801,1,1,0,1,1,1,1,441,30,12,4,2014,7,16,57,0,16,5,MOCKINGBIRD ST,14TH ST,0,32.46535556,-99.75783056,0,9,0,0,2,2,0,1,1,1,0,1,0,0000000,16,57,17,3,17,18,0,0,0,1,0
48,480802,2,2,0,0,0,4,4,29,6090,13,4,2014,1,2,46,0,16,5,36TH ST,OLD US-90W,0,29.42684444,-98.57245,0,12,6,0,2,2,0,1,3,1,0,1,0,0000000,2,47,2,57,3,29,0,0,0,1,1
48,480803,1,1,0,0,0,1,1,63,0,13,4,2014,1,20,40,0,4,8,SL179,,8,33.01050556,-94.98130833,0,32,0,0,1,1,0,4,2,10,0,10,0,0000000,20,40,20,43,21,7,0,0,0,1,1
48,480804,2,2,0,0,0,3,3,143,0,13,4,2014,1,12,55,1,2,2,US-67,,0,32.15813333,-97.90520833,0,12,2,0,1,1,0,1,1,2,0,2,0,0000000,99,99,99,99,99,99,0,0,0,2,0
48,480805,2,2,0,0,0,3,3,201,0,13,4,2014,1,3,0,1,12,7,SAM HOUSTON PKWY,,44,29.93825833,-95.43757222,0,12,1,0,1,1,0,1,2,10,0,10,0,0000000,3,2,3,8,3,34,0,0,0,1,1
48,480806,1,1,0,0,0,8,8,277,0,13,4,2014,1,0,47,0,4,8,FM906,,17,33.85617778,-95.568175,0,42,0,0,1,1,0,4,2,1,0,1,0,0000000,0,56,1,44,2,55,0,0,0,3,1
48,480807,1,1,0,1,1,1,1,329,4560,13,4,2014,1,13,32,1,13,8,BS349C RANKIN HWY,,88,31.97574167,-102.0750028,0,15,0,0,4,1,0,1,1,1,0,1,0,0000000,13,36,13,43,13,59,0,0,0,1,0
48,480808,2,2,0,0,0,5,5,381,150,13,4,2014,1,4,5,1,11,1,I-27,,137,35.17538889,-101.8554111,0,12,2,0,1,1,0,1,3,1,0,1,0,0000000,4,7,4,13,4,59,0,0,0,1,1
48,480809,1,1,0,1,1,1,1,29,6090,14,4,2014,2,17,19,0,16,5,JUDSON RD,INDEPENDENCE AVE,0,29.56117222,-98.36117222,0,8,0,0,3,2,0,1,1,1,0,1,0,0000000,99,99,99,99,99,99,0,0,0,1,0
48,480810,2,2,0,0,0,2,2,201,3280,15,3,2014,7,2,29,0,16,5,AIRPORT BLVD,SANDPIPER DR,0,29.64422778,-95.50313889,0,12,6,0,2,2,0,1,3,1,0,1,0,0000000,99,98,99,98,88,88,0,0,0,1,1
48,480811,1,1,0,0,0,1,1,113,31,29,3,2014,7,1,18,0,16,5,WESTGROVE DR,,0,32.97722778,-96.83873056,0,33,0,0,1,1,0,4,2,1,0,1,0,0000000,1,20,1,23,1,38,0,0,0,1,1
48,480812,1,1,0,0,0,1,1,329,0,8,4,2014,3,6,40,0,6,4,CR-60,,0,32.06656944,-101.9885417,0,1,0,0,1,1,0,4,1,1,0,1,0,0000000,99,98,99,98,88,88,0,0,0,1,1
48,480813,1,1,0,0,0,1,1,127,0,9,4,2014,4,12,15,0,5,8,FM 186,FM 3252,111,28.40467222,-99.96613056,0,1,0,0,1,1,0,1,1,1,0,1,0,0000000,99,98,99,98,88,88,0,0,0,1,0
48,480814,3,3,0,0,0,3,3,113,1730,14,4,2014,2,20,16,1,13,2,US-175,,32,32.75076944,-96.76236667,0,12,99,0,1,1,0,1,3,1,0,1,0,0000000,99,98,99,98,88,88,0,0,0,1,0
48,480815,6,1,5,2,2,1,1,215,4197,14,4,2014,2,12,43,1,13,8,SP 115,HOUSTON AVE,139,26.19815833,-98.24646667,0,14,0,0,3,3,0,5,1,1,0,1,0,0000000,99,99,99,99,99,99,14,15,0,1,0
48,480816,1,1,0,0,0,1,1,217,0,14,4,2014,2,9,0,0,4,8,FM 309,,43,32.063525,-97.24031944,0,38,0,0,1,1,0,4,1,1,0,1,0,0000000,99,98,99,98,88,88,0,0,0,1,0
48,480817,1,1,0,0,0,1,1,229,0,14,4,2014,2,22,3,1,2,2,US-62/180,,317,31.78529167,-105.5052,0,38,0,0,1,1,0,4,2,1,0,1,0,0000000,99,98,99,98,88,88,0,0,0,1,1
48,480818,2,2,0,0,0,4,4,313,0,14,4,2014,2,16,5,0,3,3,SR-90,,22,30.91877778,-95.90618333,0,12,2,0,1,1,0,1,1,1,0,1,0,0000000,99,99,99,99,99,99,0,0,0,1,1
48,480819,2,2,0,0,0,3,3,375,0,14,4,2014,2,14,45,0,3,3,SR-136,,81,35.50803889,-101.641775,0,12,2,0,1,1,0,1,1,10,0,10,0,0000000,99,98,99,98,88,88,0,0,0,1,1
48,480820,1,1,0,0,0,1,1,389,0,14,4,2014,2,11,35,1,2,2,US-285,,487,31.47591667,-103.5206917,0,1,0,0,1,1,0,4,1,1,0,1,0,0000000,99,99,99,99,99,99,0,0,0,1,0
48,480821,1,1,0,0,0,1,1,423,0,14,4,2014,2,13,55,0,6,4,CR-2177 MIXON RD,,0,32.14436111,-95.20153333,0,42,0,0,1,1,0,4,1,10,0,10,0,0000000,99,98,99,98,88,88,0,0,0,1,0
48,480822,1,1,0,0,0,1,1,23,0,15,4,2014,3,22,22,0,3,2,US-183,,69,33.74327222,-99.14443333,0,38,0,0,1,1,0,4,2,1,0,1,0,0000000,99,98,99,98,88,88,0,0,0,1,1
48,480823,3,3,0,0,0,5,5,113,1730,15,4,2014,3,8,15,0,16,5,MONTICELLO AVE,HOMER ST,0,32.82643056,-96.78233056,0,12,6,0,2,2,0,1,1,1,0,1,0,0000000,8,17,8,21,8,44,20,0,0,1,0
48,480824,2,2,0,0,0,2,2,151,0,15,4,2014,3,7,30,0,3,2,US-180,,46,32.73338889,-100.592775,0,12,2,0,1,1,0,1,4,1,0,1,0,0000000,7,37,7,58,9,20,0,0,0,1,0
48,480825,1,1,0,0,0,1,1,367,0,15,4,2014,3,9,20,0,4,8,FM3325,,74,32.79658889,-97.59761111,0,58,0,0,1,1,1,4,1,1,0,1,0,0000000,99,98,99,98,88,88,0,0,0,1,0
48,480826,2,2,0,0,0,2,2,389,0,15,4,2014,3,1,0,1,2,2,US-285,,756,31.15098056,-103.2796528,0,12,2,0,1,1,0,1,2,1,0,1,0,0000000,99,98,99,98,88,88,0,0,0,2,0
48,480827,1,1,0,0,0,2,2,113,1730,16,4,2014,4,1,27,1,13,2,US-175 SM WRIGHT FWY,,20,32.76709444,-96.77713889,0,38,0,1,19,1,0,4,3,1,0,1,0,0000000,1,34,1,58,2,16,0,0,0,1,0
48,480828,1,1,0,0,0,1,1,113,1730,16,4,2014,4,5,25,1,13,8,SL12 LEDBETTER DR,,340,32.68377778,-96.81022778,0,1,0,0,1,1,0,4,3,1,0,1,0,0000000,99,98,99,98,88,88,0,0,0,1,1
48,480829,2,2,0,1,1,3,3,201,3280,16,4,2014,4,0,15,1,11,1,I-45 NORTH FWY,,383,29.952,-95.41771667,0,8,0,0,1,1,0,1,2,1,0,1,0,0000000,99,98,99,98,88,88,0,0,0,1,0
48,480830,2,2,0,0,0,3,3,387,0,16,4,2014,4,20,41,1,2,2,US-82,,304,33.56853333,-94.81433333,0,12,6,0,1,1,0,1,2,1,0,1,0,0000000,99,99,99,99,99,99,0,0,0,1,1
48,480831,2,2,0,0,0,2,2,503,0,16,4,2014,4,7,14,0,3,3,SR-67,,119,33.03005278,-98.63685556,0,12,2,0,1,1,0,1,1,1,0,1,0,0000000,99,99,99,99,99,99,0,0,0,1,0
48,480832,2,2,0,0,0,3,3,85,2520,17,4,2014,5,12,51,1,13,2,US-380 UNIVERSITY DR,SH-289 PRESTON RD,21,33.21881111,-96.80198056,0,12,1,0,3,2,0,1,1,10,0,10,0,0000000,99,98,99,98,88,88,0,0,0,1,0
48,480833,3,3,0,1,1,6,6,113,1730,17,4,2014,5,22,47,1,11,1,I-35E R L THORNTON FWY,,151,32.75723333,-96.80985833,0,8,0,0,1,1,1,1,3,2,0,2,0,0000000,99,98,99,98,88,88,0,0,0,1,0
48,480834,2,2,0,0,0,2,2,113,2590,17,4,2014,5,23,48,0,16,5,JUPITER RD,KINGSLEY RD,0,32.87889722,-96.68313889,0,12,6,0,2,2,0,1,3,2,0,2,0,0000000,23,49,23,53,0,14,0,0,0,1,1
48,480835,2,2,0,0,0,2,2,139,4570,17,4,2014,5,14,11,1,13,2,US-287,,54,32.489275,-97.03102222,0,12,1,0,7,1,0,1,1,1,0,1,0,0000000,14,22,14,45,15,3,0,0,0,1,0
48,480836,1,1,0,0,0,1,1,209,0,17,4,2014,5,21,45,0,4,8,RM12,,68,30.09790556,-98.09625,0,42,0,0,1,1,0,4,2,10,0,10,0,0000000,21,47,21,56,22,36,0,0,0,1,0
48,480837,1,1,0,1,1,2,2,215,2110,17,4,2014,5,4,29,1,11,7,I-69C/US-281,,43,26.256775,-98.16854167,0,9,0,0,1,1,0,1,2,1,0,1,0,0000000,99,98,99,98,88,88,0,0,0,1,1
48,480838,4,4,0,0,0,6,6,217,0,17,4,2014,5,18,10,1,2,3,SR-31,,92,31.81605,-96.83520833,0,12,1,0,1,1,0,1,1,1,0,1,0,0000000,18,13,18,33,18,55,0,0,0,2,0
48,480839,1,1,0,0,0,1,1,329,4560,17,4,2014,5,16,27,1,11,1,I-20,,135,31.97008611,-102.0826722,0,1,0,0,1,1,0,10,1,1,0,1,0,0000000,99,98,99,98,88,88,0,0,0,1,0
48,480840,2,2,0,0,0,7,7,355,0,17,4,2014,5,11,46,1,2,3,SR-44,FM3386,27,27.78407222,-97.57206667,0,12,6,0,2,2,0,1,1,2,0,2,0,0000000,11,48,12,0,12,30,0,0,0,1,0
48,480841,1,1,0,0,0,1,1,367,0,17,4,2014,5,23,38,0,6,4,CR-DENNIS RD,,0,32.70643056,-97.874925,0,53,0,0,1,1,0,4,2,2,0,2,0,0000000,99,99,99,99,99,99,0,0,0,1,0
48,480842,1,1,0,0,0,4,4,21,0,18,4,2014,6,1,38,0,6,4,CR-297 JEDDO RD,,0,29.90885,-97.29071667,0,38,0,0,1,1,0,4,2,10,0,10,0,0000000,99,99,99,99,99,99,0,0,0,1,1
48,480843,1,1,0,0,0,2,2,113,1730,18,4,2014,6,22,48,1,12,7,US-75,RIDGEDALE AVE,123,32.82545,-96.78388333,0,25,0,0,3,3,0,10,3,1,0,1,0,0000000,22,50,22,54,23,14,0,0,0,1,1
48,480844,1,1,0,1,1,1,1,167,3920,18,4,2014,6,22,41,0,14,8,FM 270 EGRET BAY BLVD,,19,29.53446111,-95.09550556,0,8,0,0,1,1,0,1,2,1,0,1,0,0000000,99,99,99,99,99,99,0,0,0,1,0
48,480845,3,3,0,0,0,3,3,201,0,18,4,2014,6,16,55,0,6,4,CR-FURAY RD,CAYEY DR,0,29.88538056,-95.27683889,0,12,6,0,2,3,0,1,1,1,0,1,0,0000000,99,98,99,98,88,88,0,0,0,1,0
48,480846,2,2,0,0,0,3,3,201,0,18,4,2014,6,16,50,0,6,4,CR-HUFFMEISTER RD,WHISPERING VALLEY DR,0,29.96249167,-95.63174722,0,12,6,0,2,3,0,1,1,1,0,1,0,0000000,99,98,99,98,88,88,0,0,0,1,0
48,480847,2,2,0,0,0,8,8,201,0,18,4,2014,6,14,10,1,13,2,US-90 RAMP,,298,29.82259722,-95.19926389,0,12,7,0,20,1,0,1,1,1,0,1,0,0000000,14,13,14,23,14,56,0,0,0,1,0
48,480848,2,2,0,0,0,2,2,237,0,18,4,2014,6,14,20,1,2,3,SR-199,FM 2210,104,33.06403611,-97.93930833,0,12,1,0,3,2,0,1,1,1,0,1,0,0000000,99,98,99,98,88,88,0,0,0,1,0
48,480849,2,2,0,0,0,4,4,339,0,18,4,2014,6,21,32,0,6,4,CR-DOBBIN HUFFSMITH RD,,0,30.18911667,-95.63560833,0,12,2,0,1,1,0,1,2,10,0,10,0,0000000,21,29,21,43,22,31,0,0,0,1,1
48,480850,3,3,0,0,0,7,7,439,2450,18,4,2014,6,13,38,1,11,1,I-820,,319,32.72273056,-97.22507778,0,24,0,0,1,1,0,3,1,1,0,1,0,0000000,99,98,99,98,88,88,0,0,0,2,0
48,480851,2,2,0,0,0,3,3,113,387,19,4,2014,7,15,37,0,16,5,BELTLINE RD,,0,32.73602778,-96.60154444,0,12,2,0,1,1,0,1,1,1,0,1,0,0000000,15,46,16,3,16,40,0,0,0,1,1
48,480852,1,1,0,0,0,1,1,201,0,19,4,2014,7,6,55,1,13,2,US-90/BEAUMONT HWY,,203,29.89951111,-95.05471944,0,24,0,0,1,1,0,10,1,1,0,1,0,0000000,99,98,99,98,88,88,0,0,0,1,1
48,480853,2,2,0,0,0,7,7,201,5230,19,4,2014,7,1,29,1,13,3,SR-NASA PKWY/NASA RD 1,,84,29.56663889,-95.06080833,0,12,6,0,1,1,0,1,3,1,0,1,0,0000000,21,2,21,18,21,41,0,0,0,5,1
48,480854,1,1,0,0,0,3,3,229,0,19,4,2014,7,2,30,1,1,1,I-10,,167,31.23654444,-105.7862222,0,1,0,0,1,1,0,1,3,10,0,10,0,0000000,99,99,99,99,99,99,0,0,0,1,0
48,480855,1,1,0,0,0,1,1,233,0,19,4,2014,7,15,36,0,4,8,FM 280,,70,35.66146944,-101.2770194,0,1,0,0,1,1,0,4,1,1,0,1,0,0000000,99,98,99,98,88,88,0,0,0,1,0