STATE,ST_CASE,VE_TOTAL,VE_FORMS,PVH_INVL,PEDS,PERNOTMVIT,PERMVIT,PERSONS,COUNTY,CITY,DAY,MONTH,YEAR,DAY_WEEK,HOUR,MINUTE,NHS,ROAD_FNC,ROUTE,TWAY_ID,TWAY_ID2,MILEPT,LATITUDE,LONGITUD,SP_JUR,HARM_EV,MAN_COLL,RELJCT1,RELJCT2,TYP_INT,WRK_ZONE,REL_ROAD,LGT_COND,WEATHER1,WEATHER2,WEATHER,SCH_BUS,RAIL,NOT_HOUR,NOT_MIN,ARR_HOUR,ARR_MIN,HOSP_HR,HOSP_MN,CF1,CF2,CF3,FATALS,DRUNK_DR
48,480856,1,1,0,0,0,2,2,259,0,19,4,2014,7,12,49,0,3,2,US-87,,84,30.01471111,-98.9057,0,1,0,0,8,1,0,1,1,1,0,1,0,0000000,99,99,99,99,99,99,0,0,0,1,0
48,480857,2,2,0,0,0,4,4,289,0,19,4,2014,7,11,20,1,2,2,US-79,,51,31.4007,-96.1151,0,12,6,0,8,1,0,1,1,1,0,1,0,0000000,11,29,11,55,12,54,0,0,0,1,0
48,480858,1,1,0,0,0,1,1,303,0,19,4,2014,7,8,16,0,6,4,CR-1200/CR-ZEELAND AVE,,0,33.53641944,-102.0437194,0,1,0,0,1,1,0,4,1,1,0,1,0,0000000,99,98,99,98,88,88,0,0,0,1,1
48,480859,1,1,0,0,0,1,1,303,0,19,4,2014,7,9,0,0,4,8,FM 179/CLOVIS RD,,24,33.67688889,-102.0095806,0,42,0,0,1,1,0,4,1,1,0,1,0,0000000,99,98,99,98,88,88,0,0,0,1,1
48,480860,1,1,0,0,0,1,1,339,0,19,4,2014,7,1,53,0,6,4,CR-LAKE VIEW DR,,0,30.38621944,-95.64213056,0,32,0,0,1,1,0,4,3,1,0,1,0,0000000,99,98,99,98,88,88,20,0,0,1,1
48,480861,1,1,0,0,0,5,5,419,0,19,4,2014,7,14,0,0,3,3,SR-7,,76,31.76280278,-94.2073,0,1,0,0,1,1,0,1,1,1,0,1,0,0000000,14,11,14,42,15,29,0,0,0,1,0
48,480862,1,1,0,0,0,5,5,439,260,19,4,2014,7,2,46,1,13,8,FM 157,,159,32.72053611,-97.11466944,0,5,0,0,1,1,0,1,3,1,0,1,0,0000000,2,47,2,49,3,20,0,0,0,1,0
48,480863,2,2,0,0,0,4,4,453,330,19,4,2014,7,3,25,1,12,7,US-290,SPRINGDALE RD,36,30.32904167,-97.65473333,0,12,1,1,3,2,0,1,3,1,0,1,0,0000000,99,99,99,99,99,99,0,0,0,1,1
48,480864,2,2,0,0,0,7,7,477,0,19,4,2014,7,15,20,1,2,2,US-290,FM 1948,88,30.18948889,-96.54977778,0,12,6,0,2,2,0,1,1,1,0,1,0,0000000,15,26,15,35,16,17,0,0,0,1,0
48,480865,1,1,0,0,0,1,1,39,4306,20,4,2014,1,18,10,0,16,5,MASTERS RD,,0,29.445325,-95.36358889,0,24,0,0,1,1,0,4,1,1,0,1,0,0000000,99,99,99,99,99,99,0,0,0,1,0
48,480866,1,1,0,0,0,3,3,185,4830,20,4,2014,1,1,10,0,3,8,FM 379,,19,30.372625,-96.09138056,0,1,0,0,1,1,0,4,2,1,0,1,0,0000000,1,15,1,29,2,9,0,0,0,1,0
48,480867,2,2,0,0,0,5,5,199,0,20,4,2014,1,8,50,0,3,8,FM 418,,81,30.36914167,-94.20731389,0,12,2,0,1,1,0,1,1,1,0,1,0,0000000,99,99,99,99,99,99,0,0,0,1,0
48,480868,2,2,0,0,0,2,2,201,5230,20,4,2014,1,2,12,0,16,5,RED BLUFF RD,UNDERWOOD RD,0,29.61679444,-95.08800833,0,12,6,0,3,2,0,1,2,1,0,1,0,0000000,99,98,99,98,88,88,0,0,0,1,1
48,480869,2,2,0,0,0,3,3,217,0,20,4,2014,1,21,30,1,1,1,I-35E,,212,32.10035556,-97.016175,0,12,1,0,1,1,0,1,2,10,0,10,0,0000000,99,99,99,99,99,99,0,0,0,2,0
48,480870,2,2,0,0,0,8,8,265,0,20,4,2014,1,13,58,0,3,3,SR-27,,138,29.94125278,-98.97835278,0,12,6,0,1,1,0,1,1,2,0,2,0,0000000,14,2,14,14,15,9,0,0,0,1,0
48,480871,2,2,0,0,0,2,2,347,0,20,4,2014,1,6,40,1,2,2,US-59,,326,31.4618,-94.72636389,0,12,2,0,1,1,0,1,1,1,0,1,0,0000000,99,99,99,99,99,99,0,0,0,2,0
48,480872,1,1,0,0,0,2,2,361,0,20,4,2014,1,13,50,0,4,8,FM 1442,,79,30.10409722,-93.90413333,0,38,0,0,1,1,0,4,1,1,0,1,0,0000000,99,99,99,99,99,99,0,0,0,1,0
48,480873,1,1,0,0,0,3,3,439,2450,20,4,2014,1,2,26,1,11,1,I-35,,77,32.75856667,-97.31864722,0,25,0,1,5,1,0,3,3,1,0,1,0,0000000,3,17,3,24,3,39,0,0,0,1,1
48,480874,1,1,0,1,1,1,1,439,2450,20,4,2014,1,20,47,1,12,3,SR-360,,70,32.82465556,-97.0613,0,8,0,0,1,1,0,1,2,2,0,2,0,0000000,99,98,99,98,88,88,0,0,0,1,0
48,480875,1,1,0,0,0,6,6,479,3899,20,4,2014,1,17,1,1,13,2,US-83,,43,27.45863611,-99.47719167,0,1,0,0,1,1,0,4,1,10,0,10,0,0000000,16,59,17,10,17,23,20,0,0,1,0
48,480876,1,1,0,1,1,1,1,55,0,21,4,2014,2,5,50,1,1,1,I-10,,50,29.65379444,-97.56847222,0,8,0,0,1,1,0,1,2,1,0,1,0,0000000,99,98,99,98,88,88,0,0,0,1,0
48,480877,1,1,0,0,0,1,1,65,0,21,4,2014,2,20,51,1,1,1,I-40,,38,35.20751667,-101.1986111,0,1,0,0,1,1,0,3,2,1,0,1,0,0000000,99,98,99,98,88,88,0,0,0,1,0
48,480878,2,2,0,0,0,3,3,121,3192,21,4,2014,2,20,29,0,14,8,FM 407 JUSTIN RD,FM 2499 VILLAGE PARKWAY,107,33.07198333,-97.08349722,0,12,6,0,2,2,0,1,5,1,0,1,0,0000000,21,2,21,18,21,41,0,0,0,1,0
48,480879,1,1,0,0,0,1,1,201,3280,21,4,2014,2,14,31,1,12,8,SL 8 RAMP,,143,29.82693333,-95.56348056,0,25,0,0,5,1,0,10,1,1,0,1,0,0000000,14,44,14,50,15,40,0,0,0,1,0
48,480880,1,1,0,0,0,1,1,113,3420,22,4,2014,3,10,46,0,16,5,WALNUT HILL LN,,0,32.87030556,-96.97079444,0,42,0,0,1,1,0,3,1,1,0,1,0,0000000,99,98,99,98,88,88,0,0,0,1,0
48,480881,2,2,0,0,0,2,2,201,0,22,4,2014,3,14,11,1,13,8,BU90U BEAUMONT HWY,PINELAND RD,309,29.84824444,-95.17391389,0,12,6,0,2,2,0,1,1,1,0,1,0,0000000,99,98,99,98,88,88,0,0,0,1,0
48,480882,2,2,0,0,0,3,3,245,0,22,4,2014,3,5,41,0,14,8,SP93 PORT ARTHUR RD,,61,29.95453333,-94.04218889,0,12,2,0,1,1,0,1,2,1,0,1,0,0000000,5,43,5,51,6,48,0,0,0,1,0
48,480883,1,1,0,0,0,1,1,313,0,22,4,2014,3,16,33,1,1,1,I-45,,171,31.07009167,-95.95341667,0,21,0,1,19,1,0,3,1,1,0,1,0,0000000,16,37,16,50,17,55,0,0,0,1,0
48,480884,2,2,0,0,0,8,8,307,0,22,4,2014,3,16,48,0,3,2,US-377,,131,31.29856389,-99.23704167,0,12,2,0,1,1,0,1,1,1,0,1,0,0000000,16,48,17,3,17,47,0,0,0,3,0
48,480885,3,3,0,0,0,4,4,439,2450,22,4,2014,3,23,24,0,16,5,MEACHAM BLVD,,0,32.82448611,-97.31974167,0,12,98,0,1,1,0,1,3,10,0,10,0,0000000,99,98,99,98,88,88,0,0,0,1,1
48,480886,2,2,0,0,0,2,2,85,5390,23,4,2014,4,1,8,0,16,5,LEGACY DR,HEDGCOXE RD,0,33.07681667,-96.80774722,0,12,6,0,2,3,0,1,3,1,0,1,0,0000000,99,98,99,98,88,88,0,0,0,1,1
48,480887,1,1,0,1,1,1,1,375,150,23,4,2014,4,6,53,0,14,8,SL 395 10TH ST,,11,35.20304444,-101.8343583,0,8,0,0,1,1,0,1,4,1,0,1,0,0000000,6,53,6,57,99,99,0,0,0,1,0
48,480888,2,2,0,0,0,4,4,471,0,23,4,2014,4,5,34,1,1,1,I-45/US190,,236,30.796875,-95.68058611,0,12,1,0,1,1,0,1,2,1,0,1,0,0000000,5,34,5,44,6,9,0,0,0,1,0
48,480889,1,1,0,1,1,1,1,61,940,24,4,2014,5,20,40,1,14,8,FM313 MINNESOTA AVE,,12,25.92415556,-97.43166389,0,8,0,0,1,1,0,1,2,1,0,1,0,0000000,99,98,99,98,88,88,0,0,0,1,0
48,480890,1,1,0,0,0,5,5,167,0,24,4,2014,5,12,7,1,11,1,I-45 GULF FWY,,157,29.32101111,-94.92098889,0,1,0,0,1,1,0,10,1,10,0,10,0,0000000,99,99,99,99,99,99,0,0,0,1,1
48,480891,1,1,0,0,0,2,2,225,0,25,4,2014,6,19,15,0,3,8,BU 287/MARKET ST,,38,31.51083889,-95.4796,0,1,0,0,1,1,0,4,1,1,0,1,0,0000000,99,98,99,98,88,88,0,0,0,1,1
48,480892,2,2,0,0,0,2,2,499,0,25,4,2014,6,22,45,0,4,8,FM 14/BEAULAH ST,,235,32.57808056,-95.19968056,0,12,2,0,1,1,0,1,2,1,0,1,0,0000000,99,99,99,99,99,99,0,0,0,1,0
48,480893,2,2,0,0,0,3,3,29,6090,26,4,2014,7,16,47,0,16,5,UHR LN,THOUSAND OAKS DR,0,29.55218889,-98.40976111,0,12,6,0,2,2,0,1,1,1,0,1,0,0000000,16,47,16,59,17,20,0,0,0,1,0
48,480894,1,1,0,0,0,4,4,187,4870,26,4,2014,7,1,37,0,16,5,WALNUT AVE,,0,29.661625,-98.11424167,0,33,0,0,1,1,0,3,3,1,0,1,0,0000000,1,51,1,57,2,38,0,0,0,1,1
48,480895,1,1,0,0,0,2,2,439,2450,26,4,2014,7,23,7,0,16,5,BOWMAN ROBERTS RD,,0,32.83906111,-97.41756111,0,24,0,0,1,1,0,4,2,10,0,10,0,0000000,99,98,99,98,88,88,0,0,0,1,1
48,480896,1,1,0,1,1,1,1,453,330,26,4,2014,7,6,47,1,12,7,LOOP 1/MOPAC EXPY,,158,30.26831111,-97.77865278,0,8,0,0,1,1,0,2,6,10,0,10,0,0000000,99,98,99,98,88,88,0,0,0,1,0
48,480897,1,1,0,0,0,1,1,215,5330,27,4,2014,1,23,2,1,13,2,US-281/CAGE BLVD,,439,26.15781667,-98.19015,0,42,0,0,1,1,0,4,2,1,0,1,0,0000000,23,25,23,27,23,47,0,0,0,1,0
48,480898,2,2,0,0,0,7,7,249,0,27,4,2014,1,0,22,1,2,2,US-281,,71,27.9577,-98.09208889,0,12,1,0,1,1,0,1,2,10,0,10,0,0000000,99,98,99,98,88,88,0,0,0,1,0
48,480899,1,1,0,0,0,1,1,441,30,27,4,2014,1,22,0,1,14,2,US-84/BU20/1ST,,18,32.45475,-99.81914444,0,1,0,0,1,1,0,3,2,1,0,1,0,0000000,99,98,99,98,88,88,13,0,0,1,0
48,480900,1,1,0,1,1,1,1,439,1654,28,4,2014,2,20,44,1,13,8,FM 1187,,13,32.56530556,-97.35780833,0,8,0,0,1,1,0,1,2,1,0,1,0,0000000,99,98,99,98,88,88,0,0,0,1,0
48,480901,2,2,0,0,0,2,2,29,0,30,4,2014,4,17,43,0,14,8,FM 471 CULEBRA RD,STILLWATER PKWY,84,29.50843333,-98.74186111,0,12,6,0,2,3,0,1,1,1,0,1,0,0000000,99,98,99,98,88,88,0,0,0,1,0
48,480902,1,1,0,1,1,1,1,323,2030,29,1,2014,4,20,40,0,5,8,FM 2030 EL INDIO HWY,,4,28.65117778,-100.4258722,0,8,0,0,1,1,0,1,2,1,0,1,0,0000000,99,98,99,98,88,88,0,0,0,1,0
48,480903,1,1,0,1,1,1,1,355,1550,29,3,2014,7,2,14,1,12,2,US-181/SR-35,,19,27.8376,-97.37884722,0,8,0,0,1,1,0,2,3,1,0,1,0,0000000,2,17,2,23,2,47,0,0,0,1,1
48,480904,1,1,0,0,0,3,3,29,6090,6,4,2014,1,1,51,0,16,5,HARDING BLVD,,0,29.35170556,-98.487525,0,42,0,0,1,1,0,4,2,1,0,1,0,0000000,99,99,99,99,99,99,0,0,0,1,0
48,480905,1,1,0,0,0,1,1,201,3280,10,4,2014,5,11,45,0,16,5,MARKET ST,,0,29.769625,-95.18848333,0,33,0,0,1,1,0,3,1,1,0,1,0,0000000,99,98,99,98,88,88,0,0,0,1,0
48,480906,1,1,0,0,0,1,1,141,2190,12,4,2014,7,12,8,1,11,1,I-10 RAMP,,233,31.77850278,-106.4419806,0,25,0,1,19,1,0,4,1,1,0,1,0,0000000,99,98,99,98,88,88,0,0,0,1,0
48,480907,4,4,0,0,0,6,6,423,0,12,4,2014,7,16,35,1,1,1,I-20,,312,32.44159444,-95.07337778,0,12,9,0,1,1,0,1,1,1,0,1,0,0000000,99,98,99,98,88,88,19,0,0,2,0
48,480908,3,3,0,0,0,12,12,481,7410,12,4,2014,7,21,52,1,2,2,US-59,,79,29.36523611,-96.09263611,0,12,6,0,1,1,0,1,3,10,0,10,0,0000000,22,16,22,39,23,31,0,0,0,1,1
48,480909,1,1,0,0,0,2,2,39,0,13,4,2014,1,1,13,0,6,4,CR-185,,0,29.3825,-95.28318611,0,42,0,0,1,1,0,5,2,1,0,1,0,0000000,1,33,1,48,2,14,0,0,0,1,1
48,480910,2,2,0,0,0,2,2,469,0,17,4,2014,5,20,45,0,2,2,US-59,,76,28.74285556,-97.12078056,0,12,1,0,1,1,0,1,2,10,0,10,0,0000000,99,99,99,99,99,99,0,0,0,1,0
48,480911,4,4,0,0,0,6,6,201,0,18,4,2014,6,17,41,1,2,2,US-290/SR-6 NORTHWEST FWY,,117,29.99641944,-95.76288056,0,12,1,0,1,1,1,1,1,1,0,1,0,0000000,17,59,18,18,18,40,0,0,0,1,0
48,480912,1,1,0,0,0,1,1,309,0,18,4,2014,6,12,40,1,11,1,I-35,,215,31.63565278,-97.09573611,0,1,0,0,1,1,0,10,1,1,0,1,0,0000000,12,40,12,42,13,11,0,0,0,1,0
48,480913,1,1,0,0,0,1,1,5,0,19,4,2014,7,22,30,1,2,2,US-69,,116,31.19189167,-94.45751667,0,11,0,0,1,1,0,1,2,1,0,1,0,0000000,99,98,99,98,88,88,0,0,0,1,0
48,480914,1,1,0,0,0,2,2,73,0,19,4,2014,7,19,30,0,4,3,SR-110,,22,32.10431111,-95.11562222,0,35,0,0,1,1,0,4,1,1,0,1,0,0000000,19,33,19,55,20,19,0,0,0,1,0
48,480915,2,2,0,1,1,6,6,201,0,20,4,2014,1,15,35,1,12,7,SL8 SAM HOUSTON PKWY,,209,29.59818056,-95.37511944,0,8,0,0,1,1,0,1,1,1,0,1,0,0000000,99,98,99,98,88,88,0,0,0,1,0
48,480916,1,1,0,0,0,1,1,401,0,20,4,2014,1,12,45,0,6,4,CR-3271,,0,31.86302222,-94.70148611,0,11,0,0,1,1,0,1,1,1,0,1,0,0000000,99,99,99,99,99,99,0,0,0,1,0
48,480917,2,2,0,0,0,2,2,23,0,21,4,2014,2,14,10,1,2,2,US-82/SR-114,,58,33.60816944,-99.37578611,0,12,2,0,1,1,0,1,1,1,0,1,0,0000000,16,17,17,4,17,46,0,0,0,1,0
48,480918,1,1,0,0,0,2,2,113,2800,24,4,2014,5,19,32,0,16,5,WILDLIFE BLVD,,0,32.77762222,-97.00679722,0,42,0,0,1,1,0,4,1,1,0,1,0,0000000,19,39,19,57,20,27,0,0,0,2,0
48,480919,2,2,0,1,1,2,2,361,0,24,4,2014,5,5,52,1,3,3,SR-62/73 DORMAN RD,,134,30.08083889,-93.821775,0,8,0,0,1,1,0,1,2,1,0,1,0,0000000,99,98,99,98,88,88,14,0,0,1,0
48,480920,1,1,0,0,0,1,1,113,1730,25,4,2014,6,20,34,1,11,7,I-35E R L THORNTON FWY,,65,32.64257222,-96.82262222,0,1,0,1,19,1,0,4,3,1,0,1,0,0000000,20,36,20,42,21,10,0,0,0,1,0
48,480921,2,2,0,0,0,2,2,201,0,25,4,2014,6,12,0,1,12,2,US-90/CROSBY FWY,,146,29.83528889,-95.16994722,0,12,6,0,1,1,0,1,1,1,0,1,0,0000000,99,98,99,98,88,88,0,0,0,1,0
48,480922,2,2,0,0,0,2,2,221,0,25,4,2014,6,6,10,0,5,8,FM 1189/BROCK HWY,,84,32.53236111,-98.03095,0,12,2,0,1,1,0,1,2,1,0,1,0,0000000,6,18,6,43,7,25,0,0,0,1,0
48,480923,1,1,0,0,0,2,2,323,0,25,4,2014,6,17,18,0,4,8,FM 481,,89,28.97186111,-100.2186139,0,1,0,0,1,1,0,4,1,1,0,1,0,0000000,99,99,99,99,99,99,0,0,0,1,0
48,480924,1,1,0,0,0,1,1,383,0,25,4,2014,6,5,19,0,3,2,US-67/2ND ST,,41,31.16505,-101.3404889,0,42,0,0,1,1,0,4,2,1,0,1,0,0000000,99,98,99,98,88,88,0,0,0,1,0
48,480925,2,2,0,0,0,6,6,201,3280,26,4,2014,7,2,30,1,11,1,I-45/GULF FWY,,129,29.71421389,-95.31420833,0,12,1,0,1,1,0,1,3,10,0,10,0,0000000,2,31,2,39,3,30,19,0,0,1,1
48,480926,1,1,0,1,1,2,2,453,330,26,4,2014,7,1,12,1,11,7,I-35,8TH ST,179,30.26742778,-97.73355,0,8,0,0,3,2,0,1,3,1,0,1,0,0000000,1,13,1,15,1,21,0,0,0,1,1
48,480927,1,1,0,0,0,1,1,113,1730,27,4,2014,1,5,42,1,11,1,I-35E/STEMMONS FWY,,218,32.81630278,-96.86761944,0,24,0,1,19,1,0,8,3,10,0,10,0,0000000,99,98,99,98,88,88,0,0,0,1,1
48,480928,2,2,0,0,0,2,2,161,0,27,4,2014,1,19,0,0,4,8,FM 80/HOUSTON AVE,,7,31.86966944,-96.32226944,0,12,2,0,1,1,0,1,1,1,0,1,0,0000000,19,8,19,29,20,14,0,0,0,1,1
48,480929,1,1,0,1,1,2,2,187,0,27,4,2014,1,3,0,0,6,4,CR-SCHWAB RD,,0,29.55823056,-98.10163056,0,8,0,0,1,1,0,1,3,1,0,1,0,0000000,99,98,99,98,88,88,0,0,0,1,0
48,480930,2,2,0,0,0,5,5,339,0,27,4,2014,1,1,3,1,2,3,SR-105,NAVAJO ST,131,30.36205,-95.6062,0,12,1,0,3,3,0,1,3,10,0,10,0,0000000,1,3,1,13,1,49,0,0,0,1,1
48,480931,1,1,0,0,0,2,2,381,0,27,4,2014,1,19,25,0,4,8,FM2186 HOLLYWOOD RD,,31,35.11735278,-102.0076639,0,32,0,0,1,1,0,4,1,6,1,6,0,0000000,99,99,99,99,99,99,0,0,0,1,0
48,480932,2,2,0,0,0,2,2,401,0,27,4,2014,1,15,17,1,2,2,US-259,CR-103 CAMERON RD,23,32.23656944,-94.85271944,0,12,6,0,8,1,0,1,1,1,0,1,0,0000000,99,99,99,99,99,99,0,0,0,1,0
48,480933,1,1,0,0,0,1,1,453,0,27,4,2014,1,19,8,0,15,8,RM2769 VOLENTE RD,,50,30.44591389,-97.86090278,0,42,0,0,1,1,0,4,1,1,0,1,0,0000000,99,98,99,98,88,88,0,0,0,1,1
48,480934,2,2,0,0,0,3,3,467,0,27,4,2014,1,13,3,0,14,8,FM1504,,66,32.62378333,-95.93123889,0,12,6,0,1,1,0,1,1,10,0,10,0,0000000,99,99,99,99,99,99,0,0,0,1,0
48,480935,3,3,0,0,0,4,4,469,0,27,4,2014,1,22,15,1,2,2,US-59,BECK RD,71,28.86698611,-96.86265556,0,12,6,0,2,3,0,1,2,10,0,10,0,0000000,99,98,99,98,88,88,14,0,0,1,1
48,480936,2,2,0,0,0,2,2,201,3280,28,4,2014,2,17,45,0,16,5,LAWNDALE ST,EVERGREEN DR,0,29.71660556,-95.29025,0,12,6,0,2,2,0,1,1,1,0,1,0,0000000,99,99,99,99,99,99,0,0,0,1,0
48,480937,2,2,0,0,0,3,3,5,4160,29,4,2014,3,21,12,1,13,2,US-69 ELLEN TROUT DR,FM2251 SAYERS ST,81,31.37180278,-94.73381944,0,12,6,0,2,2,0,1,3,1,0,1,0,0000000,21,12,21,20,21,49,0,0,0,1,0
48,480938,1,1,0,0,0,1,1,201,0,29,4,2014,3,22,47,0,6,4,CR-MARKET ST,,0,29.782875,-95.1026,0,1,0,0,1,1,0,1,2,1,0,1,0,0000000,99,98,99,98,88,88,0,0,0,1,1
48,480939,1,1,0,0,0,1,1,235,0,29,4,2014,3,22,49,0,4,3,SR-163,,85,31.40423056,-101.0966667,0,23,0,0,1,1,0,4,2,10,0,10,0,0000000,99,98,99,98,88,88,0,0,0,1,0
48,480940,1,1,0,0,0,2,2,367,7280,29,4,2014,3,2,30,1,11,1,I-20,,204,32.73334167,-97.77404722,0,59,0,0,5,1,0,8,2,1,0,1,0,0000000,99,99,99,99,99,99,0,0,0,1,1
48,480941,2,2,0,0,0,4,4,29,6090,30,4,2014,4,19,54,1,13,8,FM 3487/CULEBRA,,204,29.47887222,-98.66477222,0,1,0,0,1,1,0,1,1,10,0,10,0,0000000,19,54,19,59,20,21,0,0,0,1,0
48,480942,2,2,0,0,0,2,2,201,0,30,4,2014,4,0,29,0,6,4,CR-FARRELL RD,,0,29.97830556,-95.39005,0,12,1,0,1,1,0,1,2,1,0,1,0,0000000,99,98,99,98,88,88,0,0,0,1,1
48,480943,1,1,0,0,0,1,1,223,0,30,4,2014,4,20,45,0,3,3,SR-11,,208,33.05380278,-95.46648611,0,32,0,0,1,1,0,4,2,1,0,1,0,0000000,20,40,20,49,21,39,0,0,0,1,0
48,480944,2,2,0,0,0,3,3,81,0,3,4,2014,5,15,45,0,3,3,SR-158,,117,31.90436111,-100.6313111,0,1,0,0,1,1,0,1,1,1,0,1,0,0000000,99,99,99,99,99,99,0,0,0,1,1
48,480945,1,1,0,1,1,1,1,215,1970,3,4,2014,5,20,46,0,15,8,FM 493/SALINAS BLVD,,265,26.11262222,-98.05367222,0,8,0,0,1,1,0,1,2,1,0,1,0,0000000,99,98,99,98,88,88,0,0,0,1,0
48,480946,1,1,0,0,0,1,1,201,3280,18,4,2014,6,21,0,1,11,7,I-45/GULF FWY,ALMEDA GENOA RD,108,29.62778611,-95.22817222,0,46,0,1,3,2,0,4,1,1,0,1,0,0000000,21,4,21,8,21,46,0,0,0,1,0
48,480947,3,1,2,0,0,1,1,29,9997,25,4,2014,6,6,5,1,11,1,I-10 RAMP,,173,29.47599167,-98.25799722,0,38,0,1,5,1,0,5,2,2,0,2,0,0000000,99,98,99,98,88,88,14,0,0,1,0
48,480948,2,2,0,1,1,1,1,113,2800,26,4,2014,7,2,3,1,11,1,I-30,,25,32.75856389,-96.99353333,0,12,1,0,1,1,0,1,2,1,0,1,0,0000000,99,99,99,99,99,99,19,15,23,1,1
48,480949,1,1,0,0,0,1,1,141,0,26,4,2014,7,17,12,0,6,5,FLAGER ST,,0,31.84446389,-106.1989111,0,1,0,0,1,1,0,4,1,6,0,6,0,0000000,17,16,17,31,17,59,0,0,0,1,1
48,480950,2,2,0,0,0,5,5,439,4965,26,4,2014,7,13,52,1,13,3,SR-26/GRAPEVINE HWY,SCRUGGS DR,35,32.81838611,-97.234975,0,12,6,0,2,3,0,1,1,1,0,1,0,0000000,13,54,13,59,14,18,0,0,0,1,0
48,480951,2,2,0,0,0,7,7,123,0,28,4,2014,2,16,23,1,2,2,US-183,,30,29.2959,-97.29310556,0,12,8,0,1,1,1,1,1,1,0,1,0,0000000,99,99,99,99,99,99,0,0,0,2,0
48,480952,3,3,0,0,0,3,3,29,6090,29,4,2014,3,13,40,1,11,1,I-410,,369,29.38419444,-98.39083333,0,12,1,0,1,1,0,1,1,1,0,1,0,0000000,99,99,99,99,99,99,27,0,0,1,0
48,480953,2,2,0,0,0,6,6,289,0,29,4,2014,3,20,5,0,3,3,SR-7,,43,31.27909722,-95.91205278,0,54,11,0,1,1,0,1,2,1,0,1,0,0000000,99,99,99,99,99,99,14,0,0,1,0
48,480954,1,1,0,0,0,1,1,141,0,30,4,2014,4,2,14,0,4,8,FM258 SOCORRO RD,,139,31.53031111,-106.1990194,0,34,0,0,1,1,0,4,2,1,0,1,0,0000000,99,98,99,98,88,88,0,0,0,1,1
48,480955,2,2,0,0,0,2,2,157,3280,30,4,2014,4,12,45,0,14,8,FM2234 MCHARD RD,,33,29.580075,-95.51459167,0,12,2,0,1,1,1,1,1,1,0,1,0,0000000,99,99,99,99,99,99,0,0,0,1,0
48,480956,1,1,0,1,1,2,2,121,4007,5,4,2014,7,0,47,1,2,2,US-380 UNIVERSITY DR,,263,33.22054167,-96.92719722,0,8,0,0,1,1,0,1,2,10,0,10,0,0000000,99,98,99,98,88,88,19,0,0,1,0
48,480957,2,2,0,0,0,4,4,121,3960,13,4,2014,1,9,27,0,14,8,FM3040 ROUND GROVE RD,BS121H RAMP,122,33.00361944,-96.99488056,0,12,1,0,3,2,0,1,1,2,0,2,0,0000000,9,27,9,33,10,12,0,0,0,1,0
48,480958,2,2,0,0,0,2,2,481,7410,16,4,2014,4,21,50,1,2,2,US-59,CR-224,90,29.35495278,-96.107525,0,12,6,0,2,2,0,1,2,1,0,1,0,0000000,22,11,22,39,23,25,0,0,0,1,0
48,480959,1,1,0,0,0,1,1,453,330,18,4,2014,6,9,49,1,12,2,US-183 RESEARCH BLVD,,74,30.347425,-97.71242778,0,39,0,1,19,1,0,4,1,10,0,10,0,0000000,99,98,99,98,88,88,24,0,0,1,0
48,480960,1,1,0,0,0,1,1,201,3280,28,4,2014,2,14,40,1,11,7,I-45 NORTH FWY,,264,29.78663611,-95.37012222,0,39,0,0,1,1,0,4,1,1,0,1,0,0000000,14,42,14,54,15,8,0,0,0,1,0
48,480961,1,1,0,0,0,33,33,479,0,20,4,2014,1,7,15,1,1,1,I-35,,177,27.90310833,-99.39488333,0,24,0,0,1,1,0,4,1,2,0,2,0,0000000,7,18,7,54,8,55,0,0,0,2,0
48,480962,2,2,0,0,0,4,4,83,1430,27,4,2014,1,11,21,1,13,2,US-84/283 COLORADO ST,,34,31.83769167,-99.42206944,0,12,2,0,1,1,0,1,1,1,0,1,0,0000000,11,21,11,25,12,32,0,0,0,1,0
48,480963,2,2,0,0,0,3,3,135,5030,29,4,2014,3,13,40,0,16,5,UNIVERSITY BLVD,WINDSOR DR,0,31.87313889,-102.3586944,0,12,6,0,2,2,0,1,1,1,0,1,0,0000000,13,41,13,44,13,55,0,0,0,1,0
48,480964,1,1,0,0,0,1,1,331,0,29,4,2014,3,14,32,0,4,8,FM485,,42,30.91552778,-96.93091944,0,52,0,0,1,1,0,4,1,1,0,1,0,0000000,99,99,99,99,99,99,0,0,0,1,0
48,480965,2,2,0,0,0,2,2,461,0,30,4,2014,4,22,52,0,3,2,US-67,,60,31.23191111,-101.8598389,0,12,2,0,1,1,0,1,2,1,0,1,0,0000000,99,98,99,98,88,88,0,0,0,1,0
48,480966,2,2,0,0,0,2,2,141,2190,12,2,2014,4,9,13,0,16,5,DELTA DR,,0,31.75985833,-106.4091389,0,12,6,0,8,1,0,1,1,1,0,1,0,0000000,9,19,9,22,9,50,0,0,0,1,0
48,480967,2,2,0,0,0,4,4,113,1730,13,3,2014,5,23,33,1,11,1,I-35E/US-67 RL THORNTON FWY,,152,32.75953611,-96.80943889,0,12,1,0,1,1,0,1,2,10,0,10,0,0000000,23,35,23,39,23,58,0,0,0,1,0