STATE,ST_CASE,VE_TOTAL,VE_FORMS,PVH_INVL,PEDS,PERNOTMVIT,PERMVIT,PERSONS,COUNTY,CITY,DAY,MONTH,YEAR,DAY_WEEK,HOUR,MINUTE,NHS,ROAD_FNC,ROUTE,TWAY_ID,TWAY_ID2,MILEPT,LATITUDE,LONGITUD,SP_JUR,HARM_EV,MAN_COLL,RELJCT1,RELJCT2,TYP_INT,WRK_ZONE,REL_ROAD,LGT_COND,WEATHER1,WEATHER2,WEATHER,SCH_BUS,RAIL,NOT_HOUR,NOT_MIN,ARR_HOUR,ARR_MIN,HOSP_HR,HOSP_MN,CF1,CF2,CF3,FATALS,DRUNK_DR
48,480968,1,1,0,0,0,4,4,239,2120,21,3,2014,6,16,30,1,2,2,US-59 MAIN ST,,133,28.98242222,-96.66051944,0,1,0,0,1,1,0,10,1,1,0,1,0,0000000,16,40,17,25,18,19,0,0,0,1,0
48,480969,1,1,0,1,1,1,1,215,3165,27,3,2014,5,21,44,1,13,8,SP281 COMA AVE,1ST ST,42,26.10765833,-98.26001944,0,8,0,0,3,2,0,1,2,1,0,1,0,0000000,99,99,99,99,99,99,0,0,0,1,0
48,480970,3,3,0,0,0,3,3,13,5400,1,4,2014,3,13,0,0,13,3,SR-97 OAKLAWN DR,,39,28.95476944,-98.49457778,0,12,2,0,1,1,0,1,1,1,0,1,0,0000000,99,99,99,99,99,99,0,0,0,1,0
48,480971,3,3,0,0,0,4,4,141,2190,3,4,2014,5,1,33,1,12,2,US-54 PATRIOT FWY,,110,31.85860556,-106.4403222,0,12,1,0,1,1,0,1,3,1,0,1,0,0000000,99,98,99,98,88,88,0,0,0,1,1
48,480972,1,1,0,0,0,2,2,53,0,20,4,2014,1,19,5,0,6,4,CR-123,CR-120 FAIRLAND RD,0,30.64336944,-98.34186389,0,38,0,0,3,3,0,4,1,1,0,1,0,0000000,19,10,19,15,21,5,0,0,0,1,0
48,480973,1,1,0,0,0,2,2,339,0,21,4,2014,2,22,15,0,6,4,CR-WHITE OAK ORCHARD,CR-HILL TOP,0,30.31755833,-95.30300833,0,38,0,0,3,2,0,4,2,1,0,1,0,0000000,22,15,22,23,22,48,0,0,0,1,0
48,480974,1,1,0,0,0,1,1,181,6350,22,4,2014,3,23,24,1,12,2,US-75,,238,33.68070278,-96.60785833,0,52,0,1,19,1,1,3,3,1,0,1,0,0000000,99,98,99,98,88,88,0,0,0,1,0
48,480976,2,2,0,0,0,4,4,181,6501,25,4,2014,6,7,14,1,2,3,SR-289,,221,33.60405833,-96.69962778,0,12,2,0,1,1,0,1,1,1,0,1,0,0000000,7,28,7,32,8,10,0,0,0,1,1
48,480977,1,1,0,0,0,1,1,85,4230,26,4,2014,7,16,25,0,16,5,HARDIN BLVD,,0,33.19898056,-96.66579722,0,33,0,0,1,1,0,3,1,1,0,1,0,0000000,99,98,99,98,88,88,0,0,0,1,0
48,480978,2,2,0,0,0,3,3,113,4530,26,4,2014,7,21,24,0,16,5,GALLOWAY AVE,,0,32.80243333,-96.61114167,0,12,2,0,1,1,0,1,3,1,0,1,0,0000000,21,25,21,33,22,7,0,0,0,1,0
48,480979,1,1,0,0,0,1,1,339,0,26,4,2014,7,2,4,0,6,4,CR-DECKER WOODS DR,,0,30.16123611,-95.63511944,0,30,0,0,1,1,0,4,2,10,0,10,0,0000000,2,8,2,17,3,6,0,0,0,1,1
48,480980,2,2,0,0,0,5,5,497,0,26,4,2014,7,17,50,1,2,2,US-81,,44,33.18373333,-97.55043056,0,12,2,0,1,1,0,1,1,1,0,1,0,0000000,18,6,18,27,18,54,0,0,0,4,0
48,480981,2,2,0,0,0,3,3,29,6090,1,5,2014,5,22,48,0,16,5,SOUTHCROSS BLVD,,0,29.3754,-98.45226389,0,12,6,0,1,1,0,1,3,1,0,1,0,0000000,22,47,22,56,23,31,0,0,0,1,1
48,480982,1,1,0,1,1,1,1,67,0,1,5,2014,5,10,11,1,2,2,US-59,,198,33.06237778,-94.26716111,0,8,0,0,1,1,0,1,1,1,0,1,0,0000000,99,98,99,98,88,88,0,0,0,1,0
48,480983,1,1,0,0,0,2,2,113,1730,1,5,2014,5,0,55,0,16,5,ARAPAHO RD,,0,32.96206667,-96.77935,0,33,0,0,1,1,0,3,3,1,0,1,0,0000000,1,0,1,6,1,57,0,0,0,1,1
48,480984,2,2,0,0,0,2,2,121,4007,1,5,2014,5,15,28,1,2,2,US-380,,268,33.22098889,-96.93423056,0,12,6,0,8,1,0,1,1,1,0,1,0,0000000,15,34,15,35,15,58,0,0,0,1,0
48,480985,2,2,0,0,0,2,2,173,0,1,5,2014,5,6,40,0,4,8,RM 2401,FM 1357,20,31.65511389,-101.7412028,0,12,6,0,2,2,0,1,2,1,0,1,0,0000000,99,99,99,99,99,99,0,0,0,1,0
48,480986,1,1,0,0,0,5,5,229,0,1,5,2014,5,6,40,1,1,1,I-10,,422,31.18518056,-105.4015583,0,1,0,0,1,1,0,3,4,10,0,10,0,0000000,6,56,8,2,8,42,0,0,0,3,0
48,480987,2,2,0,0,0,2,2,257,0,1,5,2014,5,11,38,0,4,3,SR-274,,60,32.37282222,-96.24051389,0,12,2,0,1,1,0,1,1,1,0,1,0,0000000,99,98,99,98,88,88,0,0,0,2,0
48,480989,4,4,0,0,0,8,8,27,6810,2,5,2014,6,21,53,0,14,3,SR-36,,100,31.1547,-97.41976667,0,12,2,0,1,1,0,1,2,1,0,1,0,0000000,21,54,22,2,22,18,0,0,0,2,1
48,480990,2,2,0,1,1,2,2,29,0,2,5,2014,6,20,50,0,4,2,US-281,,134,29.14183611,-98.48395278,0,8,0,0,1,1,0,1,2,1,0,1,0,0000000,99,98,99,98,88,88,0,0,0,1,0
48,480991,2,1,1,0,2,2,4,41,0,2,5,2014,6,18,48,1,2,3,SR-6,,152,30.52785,-96.2246,0,14,0,0,1,1,0,4,1,1,0,1,0,0000000,18,54,19,4,19,24,0,0,0,1,0
48,480992,1,1,0,1,1,1,1,113,1730,2,5,2014,6,22,55,0,16,5,MARSALIS AVE,,0,32.70973333,-96.81465833,0,8,0,0,1,1,0,1,2,1,0,1,0,0000000,99,99,99,99,88,88,0,0,0,1,0
48,480993,2,2,0,0,0,4,4,113,4530,2,5,2014,6,3,39,1,11,1,I-30/RL THORNTON FWY,,237,32.81709722,-96.63971667,0,12,1,0,1,1,0,1,3,1,0,1,0,0000000,3,39,3,48,4,49,0,0,0,1,1
48,480994,2,2,0,0,0,3,3,115,0,2,5,2014,6,14,15,1,2,3,SR-137,FM 1064/CR-11,113,32.82786944,-102.0286194,0,12,6,0,2,2,0,1,1,1,0,1,0,0000000,14,33,15,15,16,4,0,0,0,1,0
48,480995,2,2,0,0,0,4,4,157,0,2,5,2014,6,16,45,0,4,8,FM 762/TADPOLE RD,,182,29.40453056,-95.65296944,0,12,6,0,1,1,0,1,1,1,0,1,0,0000000,99,99,99,99,99,99,0,0,0,2,0
48,480996,2,2,0,0,0,4,4,167,6860,2,5,2014,6,21,30,1,12,8,FM 1764/PALMER HWY,,106,29.395225,-94.94775278,0,12,2,0,1,1,0,1,3,1,0,1,0,0000000,99,99,99,99,99,99,0,0,0,1,0
48,480997,3,3,0,0,0,5,5,201,0,2,5,2014,6,21,55,0,13,8,FM 1960,,212,30.00711389,-95.31894444,0,12,7,0,1,1,0,1,2,10,0,10,0,0000000,21,59,22,5,22,23,0,0,0,1,0
48,480998,2,1,1,0,1,1,2,201,3280,2,5,2014,6,19,35,1,12,7,SL-8/SOUTH SAM HOUSTON PKWY,,176,29.59983333,-95.32151944,0,14,0,0,1,1,0,2,5,1,0,1,0,0000000,99,98,99,98,88,88,0,0,0,1,1
48,480999,2,1,1,0,0,1,1,409,0,2,5,2014,6,0,36,1,2,2,US-77,,68,28.06751944,-97.49033889,0,24,0,0,1,1,1,3,2,10,0,10,0,0000000,99,98,99,98,88,88,3,0,0,1,0
48,481000,1,1,0,0,0,1,1,123,0,18,3,2014,3,3,36,0,4,8,BU 77Q/HUCK ST,,22,29.27653611,-97.16330278,0,31,0,0,1,1,0,4,2,1,0,1,0,0000000,7,11,7,38,8,34,0,0,0,1,0
48,481001,1,1,0,0,0,3,3,453,330,2,5,2014,6,10,49,0,16,5,BARTON HILLS DR,,0,30.25666944,-97.78173333,0,42,0,0,1,1,0,4,1,1,0,1,0,0000000,10,49,10,53,11,15,0,0,0,2,0
48,481002,1,1,0,0,0,4,4,29,0,3,5,2014,7,0,25,0,6,4,CR-ELLISON DR,,0,29.40912778,-98.67771111,0,1,0,0,1,1,0,5,2,1,0,1,0,0000000,99,99,99,99,99,99,20,0,0,1,1
48,481003,1,1,0,1,1,1,1,29,6090,3,5,2014,7,0,42,0,16,5,COMMERCE ST,,0,29.42815278,-98.52770278,0,9,0,0,1,1,0,4,3,1,0,1,0,0000000,99,99,99,99,88,88,0,0,0,1,0
48,481004,2,2,0,0,0,5,5,73,6040,3,5,2014,7,19,38,1,13,2,US-69/DICKINSON DR,BONNER ST,342,31.79640833,-95.14109167,0,12,6,0,2,2,0,1,1,1,0,1,0,0000000,99,99,99,99,99,99,0,0,0,1,0
48,481005,1,1,0,0,0,3,3,109,0,3,5,2014,7,12,7,1,1,1,I-10,,14,31.06993056,-104.3728306,0,35,0,0,1,1,0,3,1,1,0,1,0,0000000,99,99,99,99,99,99,0,0,0,2,0
48,481006,1,1,0,0,0,1,1,157,0,3,5,2014,7,15,31,0,4,8,FM 360,,16,29.46806111,-95.92078889,0,1,0,0,1,1,0,5,1,1,0,1,0,0000000,99,99,99,99,99,99,0,0,0,1,0
48,481007,1,1,0,0,0,1,1,201,0,3,5,2014,7,18,29,1,11,2,US-59/EASTEX FWY,,50,29.93063889,-95.29926111,0,25,0,0,1,1,0,3,1,1,0,1,0,0000000,99,99,99,99,88,88,0,0,0,1,1
48,481008,2,2,0,0,0,4,4,209,0,3,5,2014,7,10,33,0,3,8,RM 32,,29,29.93955,-98.10555,0,12,6,0,8,1,0,1,1,1,0,1,0,0000000,99,99,99,99,99,99,0,0,0,1,0
48,481009,1,1,0,0,0,1,1,243,0,3,5,2014,7,13,0,0,4,3,SR-118,,265,30.70408056,-104.1138,0,18,0,0,1,1,0,4,1,1,0,1,0,0000000,99,98,99,98,88,88,0,0,0,1,0
48,481010,1,1,0,0,0,1,1,343,0,3,5,2014,7,12,12,0,3,3,SR-49,,19,33.08042222,-94.78920556,0,38,0,0,1,1,0,5,1,1,0,1,0,0000000,99,98,99,98,88,88,0,0,0,1,0
48,481011,1,1,0,0,0,1,1,439,2450,3,5,2014,7,2,18,1,11,1,I-820 EAST LOOP,,353,32.67743611,-97.24052778,0,24,0,0,1,1,0,3,3,1,0,1,0,0000000,99,98,99,98,88,88,0,0,0,1,1
48,481012,2,2,0,0,0,4,4,457,0,3,5,2014,7,14,29,0,4,8,FM 92,,199,30.58313611,-94.17613333,0,12,1,0,1,1,0,1,1,1,0,1,0,0000000,99,99,99,99,99,99,0,0,0,1,0
48,481013,1,1,0,1,1,1,1,29,6090,4,5,2014,1,7,20,0,16,5,OLD HWY 90,,0,29.43107778,-98.56264444,0,8,0,0,1,1,0,1,1,1,0,1,0,0000000,99,99,99,99,99,99,0,0,0,1,0
48,481014,2,2,0,0,0,2,2,161,0,4,5,2014,1,21,33,0,4,3,SR-179,,41,31.61200833,-96.21018333,0,12,1,0,8,1,0,1,2,10,0,10,0,0000000,99,99,99,99,99,99,0,0,0,1,0
48,481015,1,1,0,1,1,1,1,201,3280,4,5,2014,1,20,14,0,16,5,LENORE,,0,29.67825278,-95.2611,0,9,0,0,8,1,0,1,1,1,0,1,0,0000000,20,14,20,37,20,56,0,0,0,1,1
48,481016,1,1,0,0,0,1,1,257,0,4,5,2014,1,7,5,0,4,8,FM 2728,,114,32.66726944,-96.21229444,0,1,0,0,1,1,0,1,1,1,0,1,0,0000000,99,98,99,98,88,88,0,0,0,1,0
48,481017,1,1,0,0,0,2,2,349,0,4,5,2014,1,9,30,0,6,4,CR-220,,0,32.09693889,-96.22711944,0,1,0,0,1,1,0,4,1,1,0,1,0,0000000,99,98,99,98,88,88,0,0,0,2,1
48,481018,1,1,0,0,0,1,1,361,5100,4,5,2014,1,14,7,0,15,8,FM 1130,,281,30.17889444,-93.80083611,0,1,0,0,1,1,0,4,1,1,0,1,0,0000000,99,98,99,98,88,88,0,0,0,1,0
48,481019,1,1,0,0,0,1,1,85,5730,5,5,2014,2,23,30,0,16,5,LOOKOUT DR,PRAIRIE CREEK DR,0,32.987,-96.71879722,0,42,0,0,3,3,0,4,3,1,0,1,0,0000000,99,98,99,98,88,88,0,0,0,1,1
48,481020,1,1,0,0,0,1,1,181,0,5,5,2014,2,15,4,0,4,8,FM 902,,52,33.53522778,-96.84394167,0,1,0,0,1,1,0,4,1,1,0,1,0,0000000,99,98,99,98,88,88,0,0,0,1,0
48,481021,1,1,0,1,1,1,1,245,0,5,5,2014,2,4,13,1,13,3,SR-87 GULFWAY DR,,46,29.9343,-93.89804722,0,8,0,0,1,1,0,1,2,1,0,1,0,0000000,99,98,99,98,88,88,0,0,0,1,0
48,481022,2,2,0,0,0,4,4,303,0,5,5,2014,2,3,46,1,2,2,US-87,FM 41,106,33.41439722,-101.8247333,0,12,6,0,2,2,0,1,2,1,0,1,0,0000000,3,37,3,47,99,99,0,0,0,3,0
48,481023,2,2,0,0,0,2,2,329,0,5,5,2014,2,22,0,1,2,3,SR-158,,73,32.00623056,-102.1932806,0,12,2,0,1,1,0,1,2,1,0,1,0,0000000,22,5,22,13,22,34,0,0,0,1,1
48,481024,2,2,0,0,0,3,3,331,0,5,5,2014,2,21,29,1,2,3,SR-36,,54,30.64691667,-96.80695833,0,12,6,0,1,1,0,1,2,1,0,1,0,0000000,99,99,99,99,99,99,0,0,0,1,2
48,481025,2,2,0,0,0,2,2,339,7500,5,5,2014,2,15,37,0,4,3,SR-75,,46,30.45998056,-95.49095833,0,12,2,0,1,1,0,1,1,1,0,1,0,0000000,15,28,15,44,16,18,0,0,0,1,1
48,481026,2,2,0,0,0,3,3,407,0,5,5,2014,2,11,4,0,3,3,SR-150,LEWIS LN,28,30.52549444,-95.32881667,0,12,2,0,2,2,0,1,1,1,0,1,0,0000000,11,15,11,20,12,7,0,0,0,1,0
48,481027,1,1,0,1,1,1,1,439,2450,5,5,2014,2,10,43,1,11,1,I-820 EAST LOOP,,302,32.74627222,-97.22194167,0,8,0,1,18,1,0,1,1,1,0,1,0,0000000,99,98,99,98,88,88,0,0,0,1,0
48,481028,1,1,0,1,1,1,1,113,1730,6,5,2014,3,0,40,0,16,5,CREST RIDGE DR,,0,32.83030556,-96.66914167,0,8,0,0,1,1,0,1,3,1,0,1,0,0000000,0,45,0,50,1,24,0,0,0,1,0
48,481030,1,1,0,1,1,1,1,399,0,6,5,2014,3,13,30,0,4,3,SR-153,,33,32.05048333,-100.1131472,0,8,0,0,1,1,0,1,1,1,0,1,0,0000000,99,98,99,98,88,88,0,0,0,1,0
48,481031,1,1,0,0,0,3,3,439,260,6,5,2014,3,9,59,0,16,5,WINTER PASS TRL,,0,32.63599167,-97.08084444,0,42,0,0,1,1,0,4,1,1,0,1,0,0000000,9,59,10,5,10,55,0,0,0,1,0
48,481032,1,1,0,0,0,2,2,439,2450,6,5,2014,3,0,50,0,16,5,DIAMONDBACK LN,SENDRA RANCH BLVD,0,32.98339167,-97.38041389,0,44,0,0,3,2,0,1,3,1,0,1,0,0000000,99,99,99,99,99,99,0,0,0,1,1
48,481033,1,1,0,0,0,1,1,471,0,6,5,2014,3,2,31,0,3,3,SR-30,,66,30.68450278,-95.72890833,0,32,0,0,1,1,0,4,2,1,0,1,0,0000000,99,98,99,98,88,88,0,0,0,1,1
48,481034,2,2,0,0,0,2,2,79,0,7,5,2014,4,20,55,0,4,3,SR-114 LEVELLAND HWY,,264,33.63010556,-102.6439028,0,12,2,0,1,1,0,1,5,1,0,1,0,0000000,99,99,99,99,99,99,0,0,0,1,0
48,481035,2,2,0,0,0,3,3,113,2590,7,5,2014,4,6,19,0,16,5,NORTHWEST HWY,TOWNGATE BLVD,0,32.86411944,-96.65791667,0,12,6,0,2,3,0,1,4,1,0,1,0,0000000,99,99,99,99,99,99,0,0,0,1,0
48,481036,1,1,0,0,0,2,2,151,0,7,5,2014,4,17,50,0,5,8,FM608,,45,32.563775,-100.5568778,0,38,0,0,1,1,0,4,1,10,0,10,0,0000000,18,9,18,17,19,15,0,0,0,2,1
48,481037,1,1,0,0,0,1,1,177,2720,7,5,2014,4,11,43,0,14,8,SS146 ST LOUIS ST,,22,29.51066389,-97.42216944,0,59,0,0,1,1,0,4,1,1,0,1,0,0000000,99,98,99,98,88,88,0,0,0,1,0
48,481038,1,1,0,0,0,1,1,201,0,7,5,2014,4,22,30,0,6,4,CR-VARNELL ST,CR-NORTHINGTON DR,0,29.89382778,-95.30616111,0,32,0,0,3,3,0,4,3,8,0,8,0,0000000,22,33,22,42,23,15,0,0,0,1,0
48,481039,1,1,0,1,1,1,1,201,3280,7,5,2014,4,23,0,1,13,8,FM1093 WESTHEIMER RD,,83,29.73696111,-95.55663056,0,8,0,0,1,1,0,1,3,2,0,2,0,0000000,99,98,99,98,88,88,0,0,0,1,0
48,481040,1,1,0,1,1,1,1,361,885,7,5,2014,4,2,40,1,2,3,SR-73/87 TEXAS AVE,,68,30.01202778,-93.85529167,0,8,0,0,1,1,0,1,2,1,0,1,0,0000000,99,98,99,98,88,88,0,0,0,1,0
48,481042,2,2,0,0,0,2,2,27,6810,8,5,2014,5,10,28,1,13,7,US-190/HK DODGEN LOOP,SR-95,10,31.05473889,-97.3307,0,12,6,1,2,2,0,1,1,10,0,10,0,0000000,10,29,10,36,11,3,0,0,0,1,0
48,481043,2,2,0,0,0,2,2,29,6090,8,5,2014,5,1,32,1,11,1,I-35N,,317,29.49850556,-98.40031389,0,12,1,0,1,1,1,1,3,1,0,1,0,0000000,99,98,99,98,88,88,3,0,0,1,1
48,481044,1,1,0,0,0,1,1,55,0,8,5,2014,5,19,29,0,6,4,CR-SANDHILL RD,,0,29.83531111,-97.4878,0,42,0,0,1,1,0,4,1,1,0,1,0,0000000,99,98,99,98,88,88,0,0,0,1,1
48,481045,1,1,0,0,0,2,2,113,1730,8,5,2014,5,8,42,0,16,5,ROYAL LN,,0,32.89504167,-96.8624,0,42,0,0,1,1,0,4,1,2,0,2,0,0000000,8,45,8,48,10,1,0,0,0,1,0
48,481046,3,1,2,0,0,1,1,113,1730,8,5,2014,5,13,30,1,14,3,SR-78/GARLAND RD,,126,32.84149722,-96.69268611,0,30,0,0,1,1,0,4,1,2,0,2,0,0000000,13,32,13,37,14,6,0,0,0,1,0
48,481047,2,2,0,0,0,3,3,291,1770,8,5,2014,5,16,24,0,13,3,SR-321/CLEVELAND ST,,257,30.05311667,-94.89607778,0,12,6,0,1,1,0,1,1,10,0,10,0,0000000,99,98,99,98,88,88,0,0,0,1,0
48,481048,5,5,0,0,0,5,5,339,1510,8,5,2014,5,4,58,1,11,1,I-45,,194,30.39020833,-95.48668333,0,12,1,0,1,1,1,1,2,1,0,1,0,0000000,4,57,5,3,6,32,0,0,0,1,1
48,481049,2,2,0,0,0,3,3,365,0,8,5,2014,5,13,38,0,4,8,FM 31,,63,32.27686944,-94.16211111,0,12,6,0,1,1,0,1,1,2,0,2,0,0000000,13,55,14,15,15,21,0,0,0,2,0
48,481050,2,2,0,0,0,3,3,19,0,9,5,2014,6,21,30,0,3,3,SR-173,,79,29.76613056,-99.05808056,0,12,2,0,1,1,0,1,2,10,0,10,0,0000000,21,31,21,35,22,46,0,0,0,2,1
48,481051,1,1,0,0,0,2,2,211,0,10,5,2014,7,16,37,1,2,2,US-60,,222,35.99320278,-100.3061222,0,1,0,0,1,1,0,4,1,1,0,1,0,0000000,16,43,17,16,18,32,0,0,0,1,0
48,481052,1,1,0,0,0,1,1,241,1015,10,5,2014,7,21,20,0,4,8,BU96E,,1,30.42648611,-93.980825,0,35,0,0,1,1,0,4,2,10,0,10,0,0000000,99,98,99,98,88,88,0,0,0,1,1
48,481053,1,1,0,0,0,1,1,113,1730,9,5,2014,6,14,12,0,16,5,CEDARDALE RD,,0,32.64309167,-96.77402222,0,30,0,0,1,1,0,4,1,10,0,10,0,0000000,99,98,99,98,88,88,0,0,0,1,0
48,481054,2,2,0,0,0,4,4,113,2590,9,5,2014,6,12,34,0,16,5,WALNUT ST,GARLAND AVE,0,32.91625278,-96.64816111,0,12,1,0,3,2,0,1,1,1,0,1,0,0000000,12,34,12,39,12,47,0,0,0,1,0
48,481055,3,2,1,0,0,3,3,201,0,9,5,2014,6,8,50,0,6,4,CR-CYPRESS N HOUSTON RD,,0,29.946925,-95.63913056,0,12,7,0,1,1,0,1,1,2,0,2,0,0000000,9,5,9,10,10,3,0,0,0,1,0
48,481056,2,2,0,0,0,2,2,293,0,9,5,2014,6,8,54,0,3,3,SR-14 B EKKUS ST,CR-456,120,31.58984167,-96.52355833,0,12,6,0,2,3,0,1,1,10,0,10,0,0000000,9,3,9,18,9,35,0,0,0,1,0
48,481057,1,1,0,0,0,1,1,353,0,9,5,2014,6,4,0,1,1,1,I-20,,274,32.49056944,-100.2248083,0,1,0,0,1,1,0,4,2,1,0,1,0,0000000,99,98,99,98,88,88,0,0,0,1,0
48,481058,1,1,0,1,1,1,1,451,6080,10,5,2014,7,23,25,1,13,2,US-87/277 ABE ST,J AVE,274,31.44734167,-100.4421667,0,8,0,0,3,2,0,1,3,1,0,1,0,0000000,23,26,23,30,23,45,0,0,0,1,0
48,481059,2,2,0,0,0,5,5,477,0,9,5,2014,6,15,25,1,2,3,SR-105,,99,30.33405556,-96.17319722,0,12,6,0,1,1,0,1,1,2,0,2,0,0000000,15,28,15,59,16,53,0,0,0,1,0
48,481060,3,3,0,1,1,6,6,113,1730,10,5,2014,7,23,11,1,12,2,US-75 CENTRAL EXPY,,42,32.93642222,-96.75004167,0,8,0,0,1,1,0,1,3,1,0,1,0,0000000,99,98,99,98,88,88,0,0,0,1,0
48,481061,2,1,1,1,1,1,1,283,0,8,5,2014,5,11,13,1,1,1,I-35,,82,28.538225,-99.20965556,0,8,0,0,1,1,0,2,1,1,0,1,0,0000000,99,98,99,98,88,88,23,0,0,2,1
48,481062,3,3,0,0,0,4,4,113,1190,9,5,2014,6,13,15,0,16,5,TRINITY MILLS RD,,0,32.98435833,-96.90285833,0,12,7,0,8,1,0,1,1,10,0,10,0,0000000,13,17,13,23,13,46,0,0,0,1,0
48,481063,1,1,0,0,0,1,1,293,0,10,5,2014,7,21,35,0,6,4,CR-506,,0,31.65338333,-96.40311389,0,1,0,0,1,1,0,1,2,1,0,1,0,0000000,99,99,99,99,99,99,0,0,0,1,0
48,481064,2,2,0,0,0,5,5,375,0,10,5,2014,7,21,30,0,3,3,SR-136,,9,35.60621944,-101.62585,0,12,2,0,1,1,0,1,2,1,0,1,0,0000000,21,36,22,10,22,45,0,0,0,1,0
48,481066,2,2,0,0,0,3,3,69,0,11,5,2014,1,19,12,0,3,2,US-385,FM145,120,34.38003611,-102.3048611,0,12,6,0,2,2,0,1,1,6,0,6,0,0000000,19,20,19,58,20,37,0,0,0,2,2
48,481067,1,1,0,0,0,1,1,209,6170,11,5,2014,1,2,56,1,11,7,I-35,,67,29.87004722,-97.939,0,33,0,1,19,1,0,4,3,1,0,1,0,0000000,99,98,99,98,88,88,20,0,0,1,1
48,481068,1,1,0,0,0,1,1,161,2280,11,5,2014,1,18,49,1,1,1,I-45,,164,31.71373333,-96.17584444,0,1,0,0,1,1,0,10,1,1,0,1,0,0000000,99,98,99,98,88,88,0,0,0,1,0
48,481069,1,1,0,0,0,2,2,201,0,11,5,2014,1,4,45,0,6,4,CR-MOUNT HOUSTON RD,,0,29.89098333,-95.28548056,0,32,0,0,1,1,0,4,2,2,0,2,0,0000000,99,98,99,98,88,88,0,0,0,1,1
48,481070,1,1,0,0,0,4,4,371,0,11,5,2014,1,16,0,1,1,1,I-10,,765,30.89335833,-102.2384194,0,1,0,0,1,1,0,10,1,1,0,1,0,0000000,16,21,16,56,17,52,0,0,0,2,0
48,481071,1,1,0,0,0,1,1,401,0,11,5,2014,1,20,40,1,2,2,US-259,,79,32.05393889,-94.73989167,0,1,0,0,1,1,0,1,2,10,0,10,0,0000000,99,99,99,99,99,99,0,0,0,1,0
48,481072,1,1,0,0,0,1,1,409,0,11,5,2014,1,12,40,1,1,1,I-37,,126,28.042,-97.75338889,0,1,0,0,1,1,0,3,1,1,0,1,0,0000000,99,98,99,98,88,88,0,0,0,1,0
48,481073,1,1,0,0,0,2,2,439,2450,11,5,2014,1,1,20,1,11,1,I-35 NORTH FWY,,123,32.82238889,-97.31296667,0,24,0,0,1,1,1,3,3,1,0,1,0,0000000,99,99,99,99,99,99,0,0,0,1,1
48,481074,1,1,0,0,0,1,1,451,6080,11,5,2014,1,1,24,1,12,8,SL 306,,54,31.42668056,-100.5028139,0,24,0,0,1,1,0,3,3,1,0,1,0,0000000,99,98,99,98,88,88,0,0,0,1,0
48,481075,1,1,0,0,0,1,1,201,3280,12,5,2014,2,23,35,1,13,3,SR-3,,0,29.66890556,-95.26290833,0,30,0,0,1,1,0,4,3,10,0,10,0,0000000,23,38,23,43,0,21,0,0,0,1,0
48,481076,2,2,0,0,0,4,4,313,0,12,5,2014,2,5,47,0,4,3,SR-999,,140,31.06967778,-96.04491389,0,12,2,0,1,1,0,1,2,1,0,1,0,0000000,5,51,6,16,7,52,0,0,0,1,0
48,481077,2,2,0,0,0,3,3,5,4160,13,5,2014,3,11,0,1,13,2,US-59,,33,31.28034167,-94.73332222,0,12,1,0,1,1,0,1,1,1,0,1,0,0000000,99,98,99,98,88,88,0,0,0,2,0
48,481078,1,1,0,0,0,1,1,29,6090,13,5,2014,3,23,42,1,11,7,I-10,,173,29.51908889,-98.55503056,0,25,0,0,1,1,0,10,3,2,0,2,0,0000000,99,99,99,99,88,88,0,0,0,1,1
48,481079,1,1,0,1,1,1,1,29,6090,13,5,2014,3,20,35,1,12,8,LOOP 1604,SR-151,220,29.48169444,-98.71064722,0,8,0,0,3,2,0,1,3,2,0,2,0,0000000,99,98,99,98,88,88,0,0,0,1,0
48,481080,5,4,1,0,1,4,5,113,1730,13,5,2014,3,15,34,1,11,1,I-20,,185,32.65452222,-96.75455556,0,45,0,0,1,1,4,3,1,10,0,10,0,0000000,15,34,15,42,16,17,0,0,0,1,0
48,481081,1,1,0,1,1,2,2,201,0,13,5,2014,3,23,19,1,13,3,SR-99,,19,29.77908333,-95.77711111,0,8,0,0,1,1,0,1,2,1,0,1,0,0000000,99,98,99,98,88,88,0,0,0,1,0
48,481082,2,2,0,0,0,4,4,235,0,13,5,2014,3,7,30,0,3,2,US-67,,64,31.19018056,-100.882125,0,12,1,0,8,1,0,1,1,1,0,1,0,0000000,7,36,7,53,8,39,0,0,0,1,0
48,481083,2,2,0,0,0,2,2,363,0,13,5,2014,3,16,28,0,3,2,US-281,,337,32.53029722,-98.12483056,0,12,2,0,1,1,0,1,1,1,0,1,0,0000000,99,98,99,98,88,88,0,0,0,1,0
48,481084,1,1,0,1,1,1,1,85,5390,14,5,2014,4,18,13,0,16,5,COIT RD,,0,33.04207222,-96.76990278,0,8,0,0,4,1,0,1,1,1,0,1,0,0000000,18,13,18,16,18,27,0,0,0,1,0
48,481085,2,2,0,0,0,4,4,309,7210,14,5,2014,4,5,55,0,16,5,WASHINGTON AVE,11TH ST,0,31.55285,-97.13825278,0,12,6,0,2,2,0,1,3,10,0,10,0,0000000,99,99,99,99,99,99,0,0,0,1,0