STATE,ST_CASE,VE_TOTAL,VE_FORMS,PVH_INVL,PEDS,PERNOTMVIT,PERMVIT,PERSONS,COUNTY,CITY,DAY,MONTH,YEAR,DAY_WEEK,HOUR,MINUTE,NHS,ROAD_FNC,ROUTE,TWAY_ID,TWAY_ID2,MILEPT,LATITUDE,LONGITUD,SP_JUR,HARM_EV,MAN_COLL,RELJCT1,RELJCT2,TYP_INT,WRK_ZONE,REL_ROAD,LGT_COND,WEATHER1,WEATHER2,WEATHER,SCH_BUS,RAIL,NOT_HOUR,NOT_MIN,ARR_HOUR,ARR_MIN,HOSP_HR,HOSP_MN,CF1,CF2,CF3,FATALS,DRUNK_DR
48,481086,2,2,0,0,0,2,2,329,4560,14,5,2014,4,21,19,1,13,8,BI 20 E,LOOP 250,99,31.96041667,-102.1438306,0,59,0,1,3,3,0,10,3,1,0,1,0,0000000,99,98,99,98,88,88,14,0,0,1,1
48,481087,12,1,11,0,0,1,1,347,0,14,5,2014,4,13,35,1,2,2,US-59,,252,31.55831944,-94.68212222,0,14,0,0,1,1,0,5,1,1,0,1,0,0000000,99,98,99,98,88,88,14,0,0,1,0
48,481088,1,1,0,1,1,2,2,29,6090,15,5,2014,5,0,6,1,11,7,I-410,,115,29.46578056,-98.61913611,0,8,0,0,1,1,0,1,2,1,0,1,0,0000000,99,98,99,98,88,88,0,0,0,1,0
48,481089,2,2,0,0,0,2,2,41,3756,16,5,2014,6,17,30,1,2,2,US-190,BS-21,96,30.79195833,-96.25761389,0,12,6,0,2,2,0,1,1,1,0,1,0,0000000,99,98,99,98,88,88,0,0,0,1,1
48,481090,1,1,0,0,0,3,3,85,4802,16,5,2014,6,17,17,0,14,8,FM 544,,59,33.01161944,-96.62116389,0,24,0,0,1,1,0,4,1,1,0,1,0,789644J,17,17,17,21,17,40,0,0,0,2,0
48,481091,2,2,0,0,0,2,2,135,0,16,5,2014,6,22,20,1,11,1,I-20,,261,31.78385,-102.4847556,0,12,6,0,5,1,0,1,2,1,0,1,0,0000000,99,98,99,98,88,88,19,0,0,2,0
48,481092,1,1,0,1,1,1,1,183,4080,16,5,2014,6,12,46,1,13,3,SR-31,,99,32.47574167,-94.770825,0,8,0,1,5,1,0,1,1,1,0,1,0,0000000,12,47,12,52,13,6,0,0,0,1,0
48,481093,3,3,0,0,0,7,7,193,0,16,5,2014,6,8,12,1,2,2,US-281 AMERICAN LEGION MEM HWY,,16,31.95984722,-98.04139722,0,12,1,0,1,1,1,1,1,1,0,1,0,0000000,99,99,99,99,99,99,0,0,0,2,0
48,481094,2,2,0,0,0,3,3,201,0,16,5,2014,6,5,15,0,4,8,FM2978 HUFFSMITH KOHRVILLE RD,HUFFSMITH RD,16,30.12479167,-95.59281667,0,12,6,0,2,2,0,1,3,1,0,1,0,0000000,99,99,99,99,99,99,0,0,0,1,0
48,481095,2,2,0,0,0,3,3,361,5100,16,5,2014,6,17,20,1,13,3,SR-87 16TH ST,,56,30.17834722,-93.75789167,0,12,2,0,1,1,0,1,1,1,0,1,0,0000000,99,99,99,99,99,99,0,0,0,1,0
48,481096,1,1,0,0,0,1,1,113,1730,17,5,2014,7,1,58,1,11,7,I-20 LBJ FWY,,114,32.64791111,-96.86499722,0,33,0,0,5,1,0,4,3,1,0,1,0,0000000,2,3,2,4,2,31,0,0,0,1,1
48,481097,1,1,0,0,0,2,2,113,1730,17,5,2014,7,22,45,1,11,1,I-30/US-67 R L THORNTON FWY,,59,32.78768889,-96.76578889,0,1,0,0,1,1,0,10,3,1,0,1,0,0000000,22,50,22,54,23,7,0,0,0,1,1
48,481098,2,2,0,0,0,2,2,201,0,17,5,2014,7,5,15,1,12,7,SL8 SAM HOUSTON PKWY,LAKE HOUSTON PKWY,10,29.92473611,-95.19943889,0,12,6,1,2,2,0,1,3,1,0,1,0,0000000,99,98,99,98,88,88,0,0,0,1,1
48,481099,1,1,0,1,1,2,2,439,3347,17,5,2014,7,21,15,1,13,3,SR-10 HURST BLVD,,37,32.80897222,-97.18525278,0,8,0,0,1,1,0,1,3,1,0,1,0,0000000,99,98,99,98,88,88,0,0,0,1,0
48,481100,1,1,0,1,1,2,2,453,0,17,5,2014,7,7,13,1,13,8,RM2244 BEE CAVES RD,CREEKS EDGE PKWY,30,30.30791389,-97.89356111,0,9,0,0,3,3,0,2,1,1,0,1,0,0000000,7,13,7,21,7,42,0,0,0,1,0
48,481101,1,1,0,0,0,2,2,29,6090,18,5,2014,1,1,30,1,11,7,I-10,,226,29.46062778,-98.51536667,0,33,0,0,1,1,0,4,2,1,0,1,0,0000000,99,99,99,99,99,99,0,0,0,1,1
48,481102,1,1,0,0,0,1,1,201,0,18,5,2014,1,8,35,0,6,4,CR-WALLISVILLE RD,,0,29.82691944,-94.94823333,0,32,0,0,1,1,0,4,1,10,0,10,0,0000000,8,42,8,53,9,11,0,0,0,1,0
48,481103,1,1,0,0,0,4,4,201,0,18,5,2014,1,19,40,0,6,4,CR-ANDERSON RD,ALROVER ST,0,29.60618056,-95.42714167,0,42,0,0,3,3,0,4,1,1,0,1,0,0000000,99,99,99,99,99,99,0,0,0,2,1
48,481104,1,1,0,1,1,1,1,201,0,18,5,2014,1,20,57,1,12,3,SR-249 TOMBALL PKWY,,176,29.92057222,-95.494825,0,8,0,0,1,1,0,1,3,1,0,1,0,0000000,99,99,99,99,99,99,0,0,0,1,1
48,481105,1,1,0,0,0,1,1,201,3280,18,5,2014,1,19,0,0,16,5,ALMEDA GENOA RD,,0,29.61390278,-95.40970833,0,1,0,0,1,1,0,4,1,1,0,1,0,0000000,99,98,99,98,88,88,0,0,0,1,1
48,481106,1,1,0,1,1,1,1,201,3280,18,5,2014,1,2,15,0,16,5,GESSNER DR,,0,29.71451667,-95.53903333,0,8,0,0,1,1,0,1,3,1,0,1,0,0000000,99,98,99,98,88,88,0,0,0,1,0
48,481107,2,2,0,0,0,2,2,201,3280,18,5,2014,1,16,21,1,13,3,SR-3 GALVESTON RD,DUMAS ST,56,29.62740833,-95.202125,0,12,6,0,2,3,0,1,1,1,0,1,0,0000000,16,27,16,33,16,59,0,0,0,1,0
48,481108,2,2,0,0,0,2,2,201,3280,18,5,2014,1,8,1,1,12,2,US-59,,18,29.73270833,-95.37605833,0,12,1,0,1,1,0,1,1,1,0,1,0,0000000,8,4,8,10,8,26,0,0,0,1,0
48,481109,2,2,0,0,0,2,2,339,0,18,5,2014,1,7,30,0,6,4,CR-WOODLANDS PKWY,CR-BRANCH CROSSING DR,0,30.18996944,-95.58495,0,12,6,0,2,2,0,1,1,1,0,1,0,0000000,99,98,99,98,88,88,0,0,0,1,0
48,481110,2,2,0,0,0,3,3,439,2450,18,5,2014,1,19,3,0,16,5,EVERMAN PKWY,,0,32.62730556,-97.30621111,0,12,6,0,8,1,0,1,1,1,0,1,0,0000000,99,98,99,98,88,88,0,0,0,1,1
48,481111,1,1,0,1,1,1,1,27,3690,19,5,2014,2,18,8,0,16,5,CESSNOCK DR,NESSY DR,0,31.07456944,-97.80026389,0,9,0,0,2,3,0,1,1,1,0,1,0,0000000,18,8,18,15,18,28,0,0,0,1,0
48,481112,2,2,0,0,0,3,3,71,170,19,5,2014,2,9,18,0,5,8,FM 563 ROSS STERLING AVE,BELTON LN,5,29.76595833,-94.67027778,0,12,6,0,2,2,0,1,1,1,0,1,0,0000000,9,31,9,48,10,29,0,0,0,1,0
48,481113,2,2,0,0,0,6,6,113,2800,19,5,2014,2,20,37,0,16,5,CARRIER PKWY,DESCO ST,0,32.73312778,-97.01453333,0,12,6,0,2,2,0,1,5,1,0,1,0,0000000,20,38,20,42,21,6,0,0,0,1,0
48,481114,1,1,0,0,0,1,1,201,3280,19,5,2014,2,14,45,1,12,3,SR-288 SOUTH FWY,,62,29.66906111,-95.38235833,0,25,0,0,1,1,0,3,1,1,0,1,0,0000000,99,98,99,98,88,88,0,0,0,1,0
48,481115,1,1,0,0,0,1,1,229,0,19,5,2014,2,23,42,1,1,1,I-10,,36,31.38085556,-105.9234889,0,59,0,0,1,1,0,4,2,1,0,1,0,0000000,99,98,99,98,88,88,0,0,0,1,1
48,481116,1,1,0,0,0,1,1,1,0,20,5,2014,3,6,30,0,6,4,CR-323,,0,31.98666111,-95.50306667,0,42,0,0,1,1,0,4,9,1,0,1,0,0000000,99,98,99,98,88,88,0,0,0,1,1
48,481117,1,1,0,0,0,1,1,15,0,20,5,2014,3,8,6,1,2,3,SR-36,,21,30.08168333,-96.35172222,0,32,0,0,1,1,0,4,1,10,0,10,0,0000000,99,98,99,98,99,98,0,0,0,1,0
48,481118,1,1,0,0,0,1,1,61,940,20,5,2014,3,2,12,0,16,5,OLD PORT ISABEL RD,,0,25.93608889,-97.47184167,0,33,0,0,1,1,0,4,2,1,0,1,0,0000000,99,98,99,98,88,88,0,0,0,1,0
48,481119,1,1,0,0,0,3,3,167,6860,20,5,2014,3,2,0,0,16,5,25TH AVE,,0,29.40808333,-94.95949167,0,38,0,0,1,1,0,4,2,1,0,1,0,0000000,2,19,2,41,3,0,0,0,0,1,0
48,481120,3,3,0,0,0,5,5,183,0,20,5,2014,3,12,25,0,4,8,FM 1844,,5,32.59120278,-94.81655,0,12,1,0,1,1,0,1,1,1,0,1,0,0000000,12,29,12,38,12,55,0,0,0,1,0
48,481121,2,2,0,0,0,2,2,347,0,20,5,2014,3,21,12,0,3,3,SR-7/CENTER RD,,16,31.60356111,-94.61041944,0,12,2,0,1,1,0,1,2,1,0,1,0,0000000,21,14,21,21,21,45,0,0,0,1,1
48,481122,1,1,0,0,0,1,1,339,6341,21,5,2014,4,2,9,1,11,1,I-45,,43,30.17256111,-95.45096944,0,30,0,0,1,1,0,10,3,1,0,1,0,0000000,99,98,99,98,88,88,0,0,0,1,1
48,481123,2,2,0,0,0,2,2,367,0,21,5,2014,4,9,7,1,13,3,SR-199/NORTHWEST PKWY,CR-ASHWOOD ST,176,32.90888889,-97.5761,0,12,6,0,2,3,0,1,1,1,0,1,0,0000000,99,98,99,98,88,88,0,0,0,1,0
48,481124,2,2,0,1,1,3,3,29,6090,23,5,2014,6,0,2,1,11,1,I-10,,70,29.4289,-98.41543889,0,8,0,0,1,1,0,1,3,1,0,1,0,0000000,99,99,99,99,88,88,0,0,0,1,0
48,481125,2,2,0,0,0,2,2,105,0,23,5,2014,6,14,28,0,4,3,SR-137,,125,30.9157,-101.4593694,0,12,2,0,1,1,0,1,1,1,0,1,0,0000000,14,31,14,52,16,20,0,0,0,1,0
48,481126,1,1,0,0,0,1,1,29,0,24,5,2014,7,10,11,0,13,3,SR-16/BANDERA RD,,24,29.62188889,-98.79615,0,1,0,0,1,1,0,4,1,2,0,2,0,0000000,99,98,99,98,88,88,0,0,0,1,0
48,481127,1,1,0,0,0,1,1,287,0,24,5,2014,7,2,35,0,4,8,FM 141,,172,30.21066944,-96.89881111,0,38,0,0,1,1,0,5,2,10,0,10,0,0000000,99,98,99,98,88,88,0,0,0,1,1
48,481129,1,1,0,0,0,2,2,375,150,24,5,2014,7,13,46,0,16,5,MIRROR ST,,0,35.21743611,-101.8184556,0,33,0,0,1,1,0,4,1,10,0,10,0,0000000,99,99,99,99,99,99,0,0,0,1,0
48,481130,2,2,0,0,0,2,2,201,3280,25,5,2014,1,5,8,1,11,1,I-45/GULF FWY,,168,29.71440833,-95.31443333,0,12,6,0,1,1,0,1,6,1,0,1,0,0000000,99,99,99,99,99,99,0,0,0,1,1
48,481131,1,1,0,0,0,1,1,339,7500,11,1,2014,7,12,53,0,16,5,HOLLAND ST,STEWART ST,0,30.423675,-95.48547778,0,43,0,0,3,2,0,4,1,1,0,1,0,0000000,99,99,99,99,99,99,24,0,0,1,0
48,481132,1,1,0,1,1,1,1,141,2190,14,2,2014,6,12,3,1,13,3,SR-20 ALAMEDA AVE,HARRIS ST,321,31.69234722,-106.32915,0,8,0,0,3,2,0,1,1,1,0,1,0,0000000,12,4,12,17,12,35,0,0,0,1,0
48,481133,1,1,0,1,1,1,1,135,5030,25,2,2014,3,2,11,1,12,7,SR-191,,76,31.89761389,-102.3109889,0,8,0,0,1,1,0,1,2,1,0,1,0,0000000,99,98,99,98,88,88,19,0,0,1,0
48,481134,3,3,0,0,0,3,3,221,2780,19,3,2014,4,15,10,0,16,5,ACTON HWY,TOM COX RD,0,32.43926667,-97.75331111,0,12,2,0,2,4,0,1,1,1,0,1,1,0000000,15,18,15,27,16,1,0,0,0,1,0
48,481135,2,2,0,0,0,4,4,201,3280,4,4,2014,6,14,40,0,16,5,BINGLE RD,,0,29.85889722,-95.48860278,0,12,8,0,1,1,0,1,1,1,0,1,0,0000000,99,99,99,99,99,99,0,0,0,1,1
48,481137,2,2,0,0,0,3,3,201,3280,23,4,2014,4,20,43,1,12,7,SR-288 SOUTH FWY,HOLLY HALL,49,29.68683611,-95.378375,0,12,6,1,2,2,0,1,3,10,0,10,0,0000000,20,48,20,56,21,43,0,0,0,1,0
48,481138,1,1,0,0,0,1,1,377,0,23,4,2014,4,11,30,0,4,8,FM170,,295,29.33033611,-104.0365917,0,31,0,0,1,1,1,4,1,6,0,6,0,0000000,12,50,13,26,99,99,0,0,0,1,0
48,481139,2,2,0,0,0,3,3,309,7210,27,4,2014,1,1,50,1,13,8,SL340/FM3051 INDUSTRIAL BLVD,FM933 GHOLSON,61,31.60721389,-97.12113333,0,12,6,0,2,2,0,1,3,1,0,1,0,0000000,2,0,2,3,2,35,0,0,0,1,0
48,481140,2,2,0,0,0,2,2,71,9997,5,5,2014,2,6,27,1,13,3,SR-146,,68,29.79072222,-94.91034167,0,12,6,0,8,1,0,1,1,1,0,1,0,0000000,6,36,6,47,7,16,0,0,0,1,0
48,481141,2,2,0,0,0,2,2,73,0,10,5,2014,7,17,40,0,6,4,CR-2202,,0,31.79485,-95.17063056,0,12,6,0,1,1,0,1,1,10,0,10,0,0000000,99,99,99,99,99,99,0,0,0,1,0
48,481142,1,1,0,0,0,3,3,141,2190,10,5,2014,7,6,26,0,16,5,JOHN HAYES RD/JOBE RD,,0,31.76925,-106.2167,0,44,0,0,1,1,0,1,1,1,0,1,0,0000000,6,32,6,46,7,47,6,0,0,1,1
48,481143,1,1,0,0,0,1,1,85,92,11,5,2014,1,2,25,0,16,5,WATTERS RD,,0,33.14140278,-96.67751944,0,33,0,0,1,1,0,4,3,1,0,1,0,0000000,99,98,99,98,88,88,0,0,0,1,1
48,481144,2,2,0,0,0,2,2,365,0,11,5,2014,1,14,0,0,4,3,SR-315,FM 348,39,32.05663056,-94.56263056,0,12,1,0,3,3,0,1,1,1,0,1,0,0000000,99,98,99,98,88,88,0,0,0,1,0
48,481145,2,2,0,0,0,2,2,39,0,13,5,2014,3,6,30,0,3,3,SR-35,,186,29.34385,-95.27983889,0,12,6,0,1,1,0,1,2,2,0,2,0,0000000,99,99,99,99,99,99,0,0,0,1,0
48,481146,1,1,0,0,0,1,1,113,4530,13,5,2014,3,2,42,1,11,7,I-30,,242,32.81962222,-96.634875,0,33,0,0,1,1,0,4,3,10,0,10,0,0000000,99,98,99,98,88,88,0,0,0,1,1
48,481147,2,2,0,0,0,3,3,439,2450,15,5,2014,5,18,38,1,11,7,I-820/EAST LOOP 820,JOHN T WHITE RD,287,32.76607778,-97.21220278,0,12,6,1,2,2,0,1,1,1,0,1,0,0000000,18,38,18,43,19,2,0,0,0,1,0
48,481148,1,1,0,0,0,1,1,157,6660,17,5,2014,7,19,48,1,11,1,I-69/US-59/SOUTHWEST FWY,,60,29.58373611,-95.64366667,0,5,0,0,1,1,0,1,1,1,0,1,0,0000000,99,99,99,99,99,99,0,0,0,1,0
48,481149,1,1,0,0,0,1,1,453,330,18,5,2014,1,15,29,0,16,5,OLD BEE CAVES RD,,0,30.23793333,-97.87175556,0,1,0,0,1,1,0,4,1,1,0,1,0,0000000,99,98,99,98,88,88,0,0,0,1,1
48,481150,2,2,0,0,0,2,2,157,3580,19,5,2014,2,21,29,1,11,1,I-10,,14,29.77720833,-95.83271667,0,12,1,1,18,1,1,1,3,1,0,1,0,0000000,99,98,99,98,88,88,0,0,0,1,1
48,481151,1,1,0,0,0,1,1,201,3505,19,5,2014,2,14,6,1,12,2,US-290,,299,29.87607778,-95.56078056,0,25,0,1,5,1,1,3,1,1,0,1,0,0000000,14,24,14,39,15,5,0,0,0,1,0
48,481152,1,1,0,0,0,1,1,283,0,19,5,2014,2,23,5,0,4,8,FM 624,,28,28.20169722,-98.98903056,0,52,0,0,1,1,1,4,2,1,0,1,0,0000000,99,98,99,98,88,88,0,0,0,1,0
48,481153,1,1,0,1,1,1,1,135,5030,20,5,2014,3,21,46,1,13,7,SR-80/BU 20,JOHN BEN SHEPPERD PKWY,126,31.86865556,-102.3208361,0,8,0,1,2,98,0,1,2,1,0,1,0,0000000,99,98,99,98,88,88,0,0,0,1,0
48,481154,1,1,0,0,0,1,1,113,1730,21,5,2014,4,17,26,0,16,5,PINE ST,,0,32.74963611,-96.76939444,0,21,0,1,19,1,0,4,1,1,0,1,0,0000000,99,98,99,98,88,88,0,0,0,1,0
48,481155,1,1,0,1,1,3,3,309,545,21,5,2014,4,0,4,1,11,1,I-35 RAMP,,188,31.59750833,-97.10879167,0,8,0,1,20,1,0,1,3,1,0,1,0,0000000,99,98,99,98,88,88,0,0,0,1,0
48,481156,2,2,0,0,0,3,3,29,6090,22,5,2014,5,14,52,0,14,8,SS 53 UTSA BLVD,,25,29.57516111,-98.59614444,0,12,6,0,8,1,0,1,1,10,0,10,0,0000000,14,52,15,1,15,21,0,0,0,1,0
48,481157,2,2,0,0,0,2,2,423,0,22,5,2014,5,7,50,0,3,3,SR-31,FM 757,206,32.36597778,-95.11058333,0,12,6,0,2,2,1,1,1,1,0,1,0,0000000,99,99,99,99,99,99,0,0,0,1,0
48,481158,1,1,0,0,0,1,1,483,0,22,5,2014,5,18,15,0,4,3,SR-152 OKLAHOMA AVE,,73,35.44453056,-100.1449583,0,18,0,0,1,1,0,4,1,2,0,2,0,0000000,99,99,99,99,99,99,0,0,0,1,1
48,481159,2,2,0,0,0,2,2,85,92,23,5,2014,6,13,6,0,14,8,FM 2786 STACY RD,,15,33.12956111,-96.63464444,0,12,6,0,1,1,0,1,1,1,0,1,0,0000000,13,6,13,14,13,27,0,0,0,1,0
48,481160,1,1,0,0,0,2,2,251,0,23,5,2014,6,19,21,0,6,4,CR-WEATHERBY RD,,0,32.48356944,-97.33586111,0,42,0,0,1,1,0,4,1,1,0,1,0,0000000,19,23,19,39,20,35,0,0,0,1,0
48,481161,3,3,0,0,0,4,4,1,2470,24,5,2014,7,13,4,1,2,2,US-175,,30,32.05373333,-95.522125,0,12,1,0,8,1,0,1,1,10,0,10,0,0000000,13,31,14,1,14,25,0,0,0,1,0
48,481162,2,2,0,0,0,3,3,37,0,24,5,2014,7,16,8,1,13,2,US-67 / W 7TH ST,,63,33.40921111,-94.152625,0,12,6,0,1,1,0,1,1,1,0,1,0,0000000,16,12,16,23,16,51,0,0,0,1,1
48,481163,2,2,0,0,0,4,4,121,3960,24,5,2014,7,20,53,1,11,1,I-35 E STEMMONS FWY,,46,33.02018611,-96.98485556,0,24,0,0,1,1,0,3,3,1,0,1,0,0000000,99,98,99,98,88,88,14,0,0,2,1
48,481164,2,2,0,0,0,2,2,127,0,24,5,2014,7,7,34,1,2,2,US-83,,336,28.27339444,-99.61395278,0,12,6,0,1,1,0,1,1,1,0,1,0,0000000,8,2,8,41,9,25,0,0,0,1,0
48,481165,2,2,0,0,0,2,2,227,640,24,5,2014,7,19,29,1,11,1,I-20,,279,32.264725,-101.4304278,0,12,2,0,1,1,0,1,1,10,0,10,0,0000000,99,98,99,98,88,88,0,0,0,1,0
48,481166,2,2,0,0,0,2,2,439,502,24,5,2014,7,20,54,1,12,3,SR-121 AIRPORT FWY,,166,32.83848889,-97.14889444,0,12,98,0,5,1,1,1,3,1,0,1,0,0000000,99,98,99,98,88,88,0,0,0,1,1
48,481167,2,2,0,0,0,2,2,471,0,24,5,2014,7,20,50,0,3,2,US-190,FOREST SERVICE RD 207,102,30.73021667,-95.38805556,0,12,6,0,2,3,0,1,2,1,0,1,0,0000000,99,98,99,98,88,88,0,0,0,1,1
48,481168,1,1,0,0,0,1,1,113,387,25,5,2014,1,20,30,0,16,5,PEACHTREE RD,,0,32.72995278,-96.63124444,0,32,0,0,1,1,0,4,3,10,0,10,0,0000000,99,98,99,98,88,88,0,0,0,1,1
48,481169,1,1,0,1,1,1,1,113,1730,25,5,2014,1,17,30,1,13,3,SR-352 SCYENE RD,,55,32.763275,-96.65868889,0,9,0,0,1,1,0,1,1,10,0,10,0,0000000,17,33,17,36,17,56,0,0,0,1,0
48,481170,1,1,0,0,0,3,3,201,0,25,5,2014,1,7,50,0,6,4,CR-DE ZAVALLA,,0,29.769075,-95.11178611,0,43,0,0,1,1,0,4,1,10,0,10,0,0000000,7,57,8,13,8,39,0,0,0,1,0
48,481171,1,1,0,0,0,1,1,201,0,25,5,2014,1,6,15,1,12,7,SR-249 TOMBALL PKWY,,164,29.93271111,-95.51019444,0,33,0,0,1,1,0,10,2,1,0,1,0,0000000,99,98,99,98,88,88,0,0,0,1,1
48,481172,2,2,0,0,0,2,2,201,3280,25,5,2014,1,6,30,1,11,1,I-10 EAST FWY,,332,29.77795833,-95.28317778,0,12,2,0,1,1,0,1,4,1,0,1,0,0000000,6,41,6,45,7,11,0,0,0,1,1
48,481173,2,2,0,0,0,2,2,249,0,25,5,2014,1,10,0,1,2,2,US-281,,73,27.70480833,-98.08203056,0,12,2,0,1,1,0,1,1,1,0,1,0,0000000,99,99,99,99,99,99,0,0,0,1,0
48,481174,3,3,0,0,0,7,7,497,0,25,5,2014,1,17,42,0,4,8,FM 51,,0,33.39566111,-97.38536944,0,12,2,0,1,1,0,1,1,1,0,1,0,0000000,17,46,18,7,18,43,0,0,0,2,0
48,481175,2,2,0,0,0,3,3,97,2550,26,5,2014,2,3,31,1,11,1,I-35,,147,33.62930833,-97.15388056,0,12,2,0,1,1,0,1,3,1,0,1,0,0000000,99,99,99,99,99,99,0,0,0,1,0
48,481176,1,1,0,1,1,1,1,113,3420,26,5,2014,2,17,44,0,16,5,PIONEER,GRAUWYLER,0,32.82834722,-96.98574167,0,15,0,0,2,3,0,1,1,1,0,1,0,0000000,17,45,17,48,18,4,0,0,0,1,0
48,481177,2,2,0,0,0,2,2,135,5030,26,5,2014,2,5,53,0,16,5,8TH ST,GOLDER AVE,0,31.84781111,-102.3778556,0,12,6,0,2,2,0,1,3,5,0,5,0,0000000,99,98,99,98,88,88,0,0,0,1,0
48,481178,3,3,0,0,0,12,12,391,0,26,5,2014,2,18,10,1,2,2,US-77,,197,28.33148889,-97.25580556,0,12,6,0,1,1,0,1,1,2,0,2,0,0000000,18,14,18,21,19,12,0,0,0,4,0
48,481179,2,2,0,0,0,2,2,439,2450,26,5,2014,2,17,35,0,16,5,VICKERY BLVD,,0,32.70895833,-97.41565278,0,12,98,0,8,1,0,1,1,1,0,1,0,0000000,99,98,99,98,88,88,0,0,0,1,0
48,481181,2,2,0,0,0,2,2,329,0,27,5,2014,3,11,58,9,9,7,I-20,SL250,99999,32.03198056,-101.9882944,0,12,6,1,2,2,0,1,1,1,0,1,0,0000000,99,98,99,98,88,88,0,0,0,1,0
48,481182,1,1,0,0,0,1,1,371,0,27,5,2014,3,10,15,1,2,2,US-285,,479,30.34808056,-102.43245,0,1,0,0,1,1,0,1,1,1,0,1,0,0000000,99,98,99,98,88,88,0,0,0,1,0
48,481183,2,2,0,0,0,3,3,53,0,28,5,2014,4,15,40,1,2,2,US-183,SL308,178,30.88471667,-97.92283056,0,12,6,0,2,4,0,1,1,1,0,1,0,0000000,15,51,16,20,16,48,0,0,0,1,0
48,481184,1,1,0,1,1,1,1,113,1730,28,5,2014,4,3,0,0,16,5,MARSALIS AVE,,0,32.70009722,-96.81458056,0,8,0,0,1,1,0,1,2,1,0,1,0,0000000,99,98,99,98,88,88,0,0,0,1,0
48,481185,1,1,0,1,1,1,1,135,0,28,5,2014,4,23,0,0,14,8,FM2020 UNIVERSITY BLVD,CR-URANUS AVE,58,31.84889722,-102.4668944,0,8,0,0,2,3,0,1,2,1,0,1,0,0000000,23,2,23,9,23,28,0,0,0,1,0
48,481186,1,1,0,0,0,3,3,167,0,28,5,2014,4,18,30,0,6,4,CR-BEACH RD,,0,29.37549444,-94.7267,0,1,0,0,1,1,0,1,1,10,0,10,0,0000000,99,99,99,99,99,99,0,0,0,1,1
48,481188,1,1,0,0,0,1,1,335,0,28,5,2014,4,6,6,0,6,4,CR-204,,0,32.40715,-100.9256389,0,1,0,0,1,1,0,1,2,1,0,1,0,0000000,99,98,99,98,88,88,0,0,0,1,1
48,481189,1,1,0,0,0,1,1,293,0,29,5,2014,5,16,59,0,4,8,FM39,,47,31.63639722,-96.46407778,0,53,0,0,1,1,0,4,1,1,0,1,0,0000000,99,98,99,98,88,88,0,0,0,1,0
48,481190,2,2,0,2,2,2,2,439,260,29,5,2014,5,9,0,1,13,8,FM157 COOPER ST,CALIFORNIA LN,176,32.69926111,-97.12279167,0,12,6,0,2,4,0,1,1,1,0,1,0,0000000,9,1,9,6,9,44,0,0,0,1,0
48,481191,1,1,0,0,0,2,2,453,330,29,5,2014,5,23,6,0,16,5,51ST ST,,0,30.29400556,-97.67853611,0,42,0,0,1,1,0,4,3,1,0,1,0,0000000,21,31,21,36,22,26,0,0,0,1,0
48,481192,1,1,0,1,1,1,1,201,0,30,5,2014,6,21,20,0,6,4,CR-STUEBNER AIRLINE RD,,0,29.9991,-95.50653056,0,8,0,0,1,1,0,1,2,1,0,1,0,0000000,99,98,99,98,88,88,0,0,0,1,0
48,481193,1,1,0,0,0,2,2,29,6090,31,5,2014,7,3,9,0,16,5,BASSE RD,,0,29.48799167,-98.48984167,0,42,0,0,1,1,0,4,3,1,0,1,0,0000000,99,99,99,99,99,99,0,0,0,1,1
48,481194,1,1,0,0,0,1,1,29,6090,31,5,2014,7,2,25,0,16,5,HEIGHTS BLVD,,0,29.66975833,-98.50290833,0,33,0,0,1,1,0,4,3,1,0,1,0,0000000,99,99,99,99,99,99,0,0,0,1,1
48,481195,1,1,0,0,0,1,1,41,970,31,5,2014,7,21,15,1,13,8,BU 6R/TEXAS AVE,,159,30.69466944,-96.38079167,0,1,0,0,1,1,0,4,6,1,0,1,0,0000000,21,18,21,22,22,19,0,0,0,1,1
48,481197,1,1,0,0,0,1,1,341,0,31,5,2014,7,0,40,0,4,8,FM 281,,79,36.02425278,-101.8571056,0,1,0,0,1,1,0,4,2,1,0,1,0,0000000,99,98,99,98,88,88,0,0,0,1,1
48,481198,2,2,0,0,0,2,2,441,30,31,5,2014,7,17,16,1,12,7,US-83/DANVILLE DR,,38,32.4039,-99.76170556,0,12,6,0,8,1,0,1,1,10,0,10,0,0000000,99,99,99,99,99,99,0,0,0,1,0
48,481199,2,2,0,1,1,1,1,113,1730,16,2,2014,1,2,35,1,11,1,I-35/TOM LANDRY FWY,,84,32.76735,-96.891175,0,8,0,0,1,1,0,1,2,1,0,1,0,0000000,99,98,99,98,88,88,23,0,0,1,1
48,481200,1,1,0,0,0,1,1,187,6290,1,3,2014,7,1,59,1,1,1,I-10E,,222,29.61464444,-97.84541944,0,1,0,0,1,1,1,5,2,1,0,1,0,0000000,99,98,99,98,88,88,0,0,0,1,0
48,481202,1,1,0,0,0,1,1,463,0,30,4,2014,4,0,55,0,4,8,FM 2369,,59,29.23506944,-99.80290278,0,1,0,0,1,1,0,2,2,1,0,1,0,0000000,99,98,99,98,88,88,0,0,0,1,0