STATE,ST_CASE,VE_TOTAL,VE_FORMS,PVH_INVL,PEDS,PERNOTMVIT,PERMVIT,PERSONS,COUNTY,CITY,DAY,MONTH,YEAR,DAY_WEEK,HOUR,MINUTE,NHS,ROAD_FNC,ROUTE,TWAY_ID,TWAY_ID2,MILEPT,LATITUDE,LONGITUD,SP_JUR,HARM_EV,MAN_COLL,RELJCT1,RELJCT2,TYP_INT,WRK_ZONE,REL_ROAD,LGT_COND,WEATHER1,WEATHER2,WEATHER,SCH_BUS,RAIL,NOT_HOUR,NOT_MIN,ARR_HOUR,ARR_MIN,HOSP_HR,HOSP_MN,CF1,CF2,CF3,FATALS,DRUNK_DR
48,481440,2,2,0,0,0,2,2,453,4290,28,6,2014,7,20,9,1,13,2,US-290,,97,30.34886944,-97.55605,0,18,0,0,1,1,1,3,1,1,0,1,0,0000000,20,11,20,14,20,42,14,20,0,1,1
48,481441,2,2,0,0,0,4,4,457,0,28,6,2014,7,16,3,1,2,2,US-69,,6,30.66275833,-94.38813889,0,12,2,0,1,1,0,1,1,2,0,2,0,0000000,16,6,16,15,16,39,0,0,0,1,0
48,481443,2,2,0,0,0,7,7,201,0,29,6,2014,1,23,0,1,12,8,SL8 SAM HOUSTON PKWY,,160,29.93459167,-95.24089167,0,12,2,0,1,1,0,1,3,1,0,1,0,0000000,99,99,99,99,99,99,0,0,0,5,1
48,481444,1,1,0,0,0,7,7,201,0,29,6,2014,1,12,45,1,12,8,SL8,,204,29.90928056,-95.555825,0,26,0,0,1,1,0,4,1,1,0,1,0,0000000,12,54,13,1,13,34,0,0,0,1,0
48,481445,1,1,0,0,0,1,1,365,1200,29,6,2014,1,8,30,0,16,5,HAYDEN ST,,0,32.14669444,-94.34192778,0,42,0,0,1,1,0,4,1,1,0,1,0,0000000,99,98,99,98,88,88,0,0,0,1,0
48,481446,1,1,0,0,0,2,2,455,0,29,6,2014,1,11,40,0,4,8,FM2262,,45,31.0788,-95.0411,0,32,0,0,1,1,0,4,1,1,0,1,0,0000000,99,99,99,99,99,99,0,0,0,1,0
48,481447,2,2,0,0,0,2,2,61,940,30,6,2014,2,0,29,1,13,8,FM1847 PAREDES LINE RD,,69,26.02872222,-97.48002778,0,12,2,0,1,1,0,1,2,1,0,1,0,0000000,99,98,99,98,88,88,0,0,0,2,0
48,481448,1,1,0,0,0,1,1,111,0,30,6,2014,2,7,45,0,6,4,CR-SHAMBURGER RD,,0,36.45184722,-103.0236528,0,1,0,0,1,1,0,4,1,1,0,1,0,0000000,99,98,99,98,88,88,0,0,0,1,0
48,481449,1,1,0,1,1,1,1,245,490,14,2,2014,6,18,39,0,16,5,LAWRENCE DR,,0,30.15402778,-94.17345278,0,8,0,0,1,1,0,1,2,1,0,1,0,0000000,99,99,99,99,99,99,0,0,0,1,0
48,481450,1,1,0,0,0,3,3,491,0,25,5,2014,1,2,10,1,1,1,I-35,,195,30.774775,-97.62640556,0,25,0,0,1,1,0,3,3,1,0,1,0,0000000,99,99,99,99,99,99,0,0,0,1,1
48,481451,1,1,0,0,0,1,1,143,0,7,6,2014,7,22,34,0,6,4,CR-303,,0,32.06336111,-98.29761944,0,38,0,0,1,1,0,5,2,1,0,1,0,0000000,99,99,99,99,99,99,0,0,0,1,1
48,481452,3,3,0,0,0,7,7,201,3280,7,6,2014,7,22,2,0,16,5,RICHMOND AVE,DUNVALE RD,0,29.72918611,-95.51410278,0,12,6,0,2,2,0,1,3,1,0,1,0,0000000,22,6,22,8,22,34,0,0,0,1,1
48,481453,2,2,0,0,0,3,3,157,4655,8,6,2014,1,16,26,0,14,8,FM 3345/CARTWRIGHT RD,CONTINENTAL DR,15,29.58278889,-95.55561944,0,12,6,0,2,3,0,1,1,1,0,1,0,0000000,16,29,16,34,17,7,0,0,0,1,0
48,481454,1,1,0,0,0,13,13,247,0,10,6,2014,3,22,58,0,3,3,SR-16,,105,27.22358889,-98.74056111,0,1,0,0,1,1,0,4,2,1,0,1,0,0000000,23,13,0,6,0,50,20,0,0,4,0
48,481455,1,1,0,1,1,1,1,439,4965,10,6,2014,3,22,48,1,11,1,I-820/LOOP 820 RAMP,,237,32.83301111,-97.21446111,0,8,0,1,20,1,1,1,6,1,0,1,0,0000000,99,98,99,98,88,88,0,0,0,1,0
48,481456,2,2,0,0,0,4,4,201,3280,11,6,2014,4,9,19,0,16,5,KINGWOOD DR,,0,30.04926667,-95.18626667,0,12,1,0,1,1,0,1,1,1,0,1,0,0000000,9,29,9,44,10,22,0,0,0,1,1
48,481457,2,2,0,0,0,2,2,453,0,11,6,2014,4,23,40,0,15,8,FM 812,,18,30.14971944,-97.67148889,0,12,11,0,8,1,0,1,2,1,0,1,0,0000000,23,43,23,58,0,16,0,0,0,1,0
48,481458,2,2,0,0,0,8,8,201,3280,14,6,2014,7,2,29,1,11,7,I-610,WOODRIDGE DR,212,29.69510833,-95.29831111,0,12,6,1,2,2,0,1,3,1,0,1,0,0000000,2,36,2,44,3,26,0,0,0,3,0
48,481459,1,1,0,0,0,3,3,215,0,15,6,2014,1,8,54,1,13,8,FM 1924/3 MILE NORTH RD,,5,26.26598056,-98.37331944,0,30,0,0,1,1,0,4,1,1,0,1,0,0000000,8,47,9,18,9,47,0,0,0,1,1
48,481460,1,1,0,1,1,2,2,339,0,16,6,2014,2,22,4,1,2,3,SR-249/TOMBALL PKWY,,329,30.16756111,-95.6769,0,8,0,0,1,1,0,1,2,1,0,1,0,0000000,99,98,99,98,88,88,0,0,0,1,0
48,481461,1,1,0,0,0,2,2,423,0,16,6,2014,2,22,20,0,3,8,FM14,,135,32.41341944,-95.27805833,0,38,0,0,1,1,0,5,2,1,0,1,0,0000000,22,17,22,33,23,6,0,0,0,1,0
48,481462,1,1,0,1,1,1,1,157,0,20,6,2014,6,1,45,1,13,8,FM521,,83,29.54044722,-95.44796944,0,8,0,0,1,1,0,1,2,1,0,1,0,0000000,1,43,1,54,2,26,0,0,0,1,0
48,481463,2,2,0,0,0,4,4,257,9997,21,6,2014,7,7,4,1,11,1,I-20,FM740,12,32.69970278,-96.50082222,0,12,7,1,18,1,0,1,1,1,0,1,0,0000000,7,5,7,16,7,47,0,0,0,1,0
48,481464,2,2,0,0,0,4,4,453,0,21,6,2014,7,5,36,1,13,2,US-290,,4,30.21530556,-97.964975,0,12,2,0,1,1,0,1,2,10,0,10,0,0000000,5,42,5,55,6,20,0,0,0,2,1
48,481466,1,1,0,0,0,1,1,215,4650,23,6,2014,2,22,59,0,16,5,LOS EBANOS RD,,0,26.25134444,-98.33604444,0,53,0,0,1,1,0,4,2,1,0,1,0,0000000,99,98,99,98,88,88,0,0,0,1,0
48,481467,1,1,0,0,0,4,4,27,0,26,6,2014,5,12,35,0,6,4,CR-95 OLD HWY 95,,0,31.04386944,-97.34378611,0,35,0,0,1,1,0,4,1,2,0,2,0,0000000,12,44,12,54,13,10,0,0,0,2,0
48,481468,1,1,0,0,0,1,1,477,0,26,6,2014,5,5,50,1,2,3,SR-105,,118,30.34430556,-96.16720278,0,1,0,0,1,1,0,2,2,1,0,1,0,0000000,99,98,99,98,88,88,19,0,0,1,0
48,481469,1,1,0,0,0,1,1,37,0,27,6,2014,6,18,1,0,4,8,FM1397 SUMMERHILL RD,,6,33.54065,-94.08468889,0,43,0,0,1,1,0,4,1,1,0,1,0,0000000,99,99,99,99,99,99,0,0,0,1,0
48,481470,1,1,0,1,1,1,1,365,0,27,6,2014,6,23,13,1,2,2,US-59,,220,32.06156944,-94.30445,0,8,0,0,1,1,0,1,2,1,0,1,0,0000000,23,40,0,20,0,58,0,0,0,1,0
48,481471,2,2,0,0,0,5,5,31,0,28,6,2014,7,17,39,0,4,8,RM1623,,71,30.11947222,-98.50317778,0,12,6,0,8,1,0,1,1,1,0,1,0,0000000,17,47,18,13,18,45,0,0,0,2,1
48,481472,1,1,0,0,0,5,5,89,0,28,6,2014,7,19,52,1,1,1,I-10/US-90,,237,29.71672222,-96.4613,0,1,0,0,1,1,0,4,1,1,0,1,0,0000000,19,54,20,4,21,5,0,0,0,1,0
48,481473,2,2,0,0,0,8,8,231,2860,29,6,2014,1,17,25,1,11,1,I-30/US-67,,116,33.075275,-96.14110556,0,25,0,0,1,1,0,3,1,1,0,1,0,0000000,17,20,17,29,17,51,14,0,0,1,0
48,481474,2,2,0,0,0,4,4,361,0,29,6,2014,1,21,20,1,3,3,SR-62/73,,126,30.09385,-93.82043056,0,12,2,0,1,1,0,1,2,1,0,1,0,0000000,21,25,21,33,22,21,0,0,0,1,0
48,481475,2,2,0,0,0,2,2,67,0,30,6,2014,2,0,19,1,2,2,US-59,,42,33.24052778,-94.15322778,0,12,6,0,1,1,0,1,2,1,0,1,0,0000000,99,98,99,98,88,88,0,0,0,1,0
48,481476,2,2,0,0,0,2,2,81,0,30,6,2014,2,7,25,0,4,2,US-277,,114,31.93871667,-100.2771139,0,12,2,0,1,1,0,2,1,10,0,10,0,0000000,99,98,99,98,88,88,0,0,0,1,0
48,481477,2,2,0,0,0,2,2,339,0,30,6,2014,2,20,28,0,6,4,CR-OLD HUMBLE PIPELINE RD,,0,30.24518611,-95.38960278,0,12,1,0,1,1,0,1,1,10,0,10,0,0000000,20,21,20,29,20,58,0,0,0,1,0
48,481478,2,2,0,0,0,3,3,341,2000,30,6,2014,2,18,40,1,13,2,US-87 DUMAS AVE,,25,35.84379722,-101.9733972,0,12,6,0,8,1,0,1,1,1,0,1,0,0000000,99,99,99,99,99,99,0,0,0,1,0
48,481479,3,3,0,0,0,4,4,177,2720,3,6,2014,3,12,13,1,2,2,US-183,,130,29.47617222,-97.4456,0,12,1,0,1,1,0,1,1,1,0,1,0,0000000,12,18,12,34,12,55,0,0,0,2,0
48,481480,1,1,0,0,0,3,3,201,3280,13,6,2014,6,1,0,1,11,1,I-45 GULF FWY,,114,29.63381667,-95.23519167,0,30,0,0,1,1,0,10,3,10,0,10,0,0000000,99,99,99,99,99,99,0,0,0,2,1
48,481481,3,3,0,0,0,10,10,201,0,22,6,2014,1,22,0,0,4,8,FM 1876,BEECHNUT ST,10,29.688475,-95.614325,0,12,6,0,2,2,0,1,3,1,0,1,0,0000000,22,8,22,13,23,16,0,0,0,4,1
48,481482,1,1,0,0,0,1,1,245,490,28,6,2014,7,18,5,1,12,2,US-69/287 CARDINAL DR,,59,30.03167222,-94.07696111,0,57,0,0,1,1,0,3,1,10,0,10,0,0000000,99,98,99,98,88,88,0,0,0,1,0
48,481483,1,1,0,0,0,1,1,425,0,28,6,2014,7,14,54,0,6,4,CR-1004,,0,32.20760556,-97.88305,0,42,0,0,1,1,0,5,1,1,0,1,0,0000000,99,98,99,98,88,88,0,0,0,1,1
48,481484,2,2,0,0,0,3,3,257,0,22,6,2014,1,2,16,1,13,2,US-80,,47,32.74062778,-96.35996389,0,31,0,0,1,1,0,5,3,2,0,2,0,0000000,99,99,99,99,99,99,0,0,0,1,2
48,481485,2,2,0,0,0,5,5,303,4140,18,5,2014,1,14,7,1,12,7,SL 289,,173,33.58703611,-101.9375361,0,12,98,0,1,1,0,1,1,1,0,1,0,0000000,14,9,14,16,14,38,0,0,0,1,0
48,481486,2,2,0,0,0,2,2,141,2190,22,6,2014,1,5,22,1,13,2,US-62,,200,31.80326667,-106.2934722,0,12,1,0,1,1,0,1,2,1,0,1,0,0000000,5,24,5,29,5,46,0,0,0,1,0
48,481487,2,2,0,0,0,4,4,291,0,25,6,2014,4,14,53,0,4,8,FM 1008 KENEFICK HWY,,103,30.10509444,-94.85855278,0,12,6,0,8,1,1,1,1,10,0,10,0,0000000,99,99,99,99,99,99,0,0,0,1,0
48,481488,1,1,0,1,1,1,1,135,5030,27,6,2014,6,20,43,0,16,5,21ST ST,,0,31.86577778,-102.3689944,0,8,0,0,1,1,0,1,1,1,0,1,0,0000000,20,35,20,40,20,53,16,0,0,1,0
48,481489,1,1,0,0,0,1,1,389,0,28,6,2014,7,21,15,1,1,1,I-20,,521,31.40912222,-103.4350083,0,1,0,0,1,1,0,4,2,1,0,1,0,0000000,99,99,99,99,99,99,0,0,0,1,0
48,481490,1,1,0,0,0,5,5,113,1730,29,6,2014,1,2,59,1,11,1,I-30,,110,32.800275,-96.675325,0,1,0,1,18,1,0,1,2,1,0,1,0,0000000,2,59,3,7,3,32,0,0,0,1,0
48,481491,2,2,0,0,0,2,2,139,9997,29,6,2014,1,0,31,1,12,2,US-287,SR-360,11,32.52374444,-97.08621944,0,12,1,0,3,3,0,1,2,10,0,10,0,0000000,0,34,0,43,1,17,0,0,0,1,1
48,481492,2,2,0,0,0,2,2,85,4230,30,6,2014,2,19,5,0,16,5,LAKE FOREST DR,STONE GATE TRL,0,33.17205556,-96.68438889,0,12,6,0,2,3,0,1,1,1,0,1,0,0000000,99,98,99,98,88,88,0,0,0,1,0
48,481493,1,1,0,0,0,1,1,453,330,27,6,2014,6,15,9,1,12,2,US-183 RAMP,,45,30.37945,-97.73818056,0,25,0,1,19,1,0,4,1,10,0,10,0,0000000,99,98,99,98,88,88,0,0,0,1,1
48,481494,1,1,0,0,0,4,4,53,0,1,7,2014,3,3,6,0,4,8,RM 1431,,131,30.57671389,-98.13461667,0,1,0,0,1,1,0,4,2,1,0,1,0,0000000,3,7,3,29,4,18,0,0,0,1,0
48,481495,2,1,1,1,1,1,1,187,6237,1,7,2014,3,21,30,0,16,5,OAK ST,,0,29.56516667,-98.28486111,0,14,0,0,1,1,0,7,2,1,0,1,0,0000000,21,29,21,42,22,10,0,0,0,1,0
48,481496,2,2,0,0,0,3,3,9,0,2,7,2014,4,17,55,1,2,2,US-82/US-277,,45,33.74660278,-98.88612778,0,12,2,0,1,1,0,1,1,2,0,2,0,0000000,17,57,18,15,18,49,0,0,0,1,0
48,481498,1,1,0,0,0,1,1,169,0,2,7,2014,4,14,15,0,4,8,FM 669,,105,33.14739444,-101.4113111,0,38,0,0,1,1,0,4,1,1,0,1,0,0000000,99,99,99,99,99,99,0,0,0,1,0
48,481499,1,1,0,0,0,2,2,253,0,2,7,2014,4,13,58,1,2,2,US-277,,269,32.6831,-99.86422778,0,1,0,0,1,1,0,3,1,1,0,1,0,0000000,99,99,99,99,99,99,0,0,0,1,0
48,481500,2,2,0,0,0,2,2,325,0,2,7,2014,4,0,20,0,3,3,SR-173,,152,29.42741944,-99.11683889,0,12,2,0,1,1,0,1,2,1,0,1,0,0000000,99,99,99,99,99,99,0,0,0,1,0
48,481501,1,1,0,0,0,1,1,371,0,2,7,2014,4,16,15,1,2,2,US-285,,289,30.77623611,-102.7978889,0,32,0,0,1,1,0,4,1,10,0,10,0,0000000,99,99,99,99,99,99,0,0,0,1,0
48,481503,2,2,0,0,0,4,4,491,330,2,7,2014,4,12,8,1,13,8,FM 734 PARMER LN,CASSANDRA DR,24,30.49261111,-97.77309444,0,12,6,0,2,2,0,1,1,1,0,1,0,0000000,12,9,12,13,12,37,0,0,0,1,0
48,481504,2,2,0,0,0,3,3,91,4870,3,7,2014,5,23,20,0,14,8,FM 1101,BARBAROSA RD,29,29.71732778,-98.06912222,0,12,6,0,2,2,0,1,3,1,0,1,0,0000000,23,38,23,43,0,38,0,0,0,1,0
48,481505,1,1,0,0,0,2,2,113,3880,3,7,2014,5,13,44,0,16,5,LANCASTER-HUTCHINS RD,,0,32.59645278,-96.74786111,0,32,0,0,1,1,0,4,1,1,0,1,0,0000000,14,6,14,38,15,4,0,0,0,1,0
48,481506,2,2,0,0,0,10,10,189,0,3,7,2014,5,21,45,1,1,7,I-27,,353,34.27986111,-101.7174972,0,12,2,1,5,1,0,1,2,1,0,1,0,0000000,22,16,22,36,23,1,0,0,0,1,0
48,481507,1,1,0,1,1,1,1,201,3280,3,7,2014,5,21,45,0,16,5,MELBOURNE,IRVINGTON BLVD,0,29.81638333,-95.36103333,0,9,0,0,3,2,0,1,3,1,0,1,0,0000000,99,98,99,98,88,88,0,0,0,1,1
48,481508,3,3,0,0,0,4,4,323,0,3,7,2014,5,12,50,0,3,2,US-57,,15,28.72890833,-100.4576528,0,12,1,0,8,1,0,1,1,1,0,1,0,0000000,99,99,99,99,99,99,0,0,0,1,0
48,481509,2,2,0,0,0,4,4,339,0,3,7,2014,5,16,50,0,6,4,CR-GOSLING RD,,0,30.15536667,-95.50950833,0,12,6,0,1,1,0,1,1,2,0,2,0,0000000,17,5,17,20,18,0,0,0,0,1,0
48,481510,2,2,0,0,0,2,2,363,0,3,7,2014,5,10,15,1,1,1,I-20,,69,32.55190833,-98.26959722,0,12,1,0,1,1,0,1,1,1,0,1,0,0000000,99,99,99,99,99,99,0,0,0,1,0
48,481511,1,1,0,1,1,1,1,423,0,3,7,2014,5,21,15,0,6,4,CR-384 OLD LONGVIEW RD,,0,32.37719167,-95.22760278,0,8,0,0,1,1,0,1,2,1,0,1,0,0000000,99,99,99,99,99,99,19,0,0,1,0
48,481512,6,6,0,0,0,13,13,55,0,4,7,2014,6,12,41,0,3,3,SR-80 SAN MARCOS HWY,CR-101 OLD BASTROP HWY,326,29.8706,-97.89613056,0,12,1,0,3,2,0,1,1,1,0,1,0,0000000,12,38,12,55,13,41,14,0,0,1,1
48,481513,1,1,0,0,0,1,1,61,0,4,7,2014,6,1,27,0,6,4,CR-PENNSYLVANIA RD,,0,26.11198889,-97.64147778,0,30,0,0,1,1,0,4,2,1,0,1,0,0000000,99,98,99,98,88,88,0,0,0,1,1
48,481514,1,1,0,0,0,1,1,201,0,4,7,2014,6,0,35,1,12,3,SR-249RAMP,,107,29.99290278,-95.57394167,0,42,0,1,5,1,0,4,3,10,0,10,0,0000000,99,98,99,98,88,88,0,0,0,1,1
48,481515,1,1,0,0,0,1,1,201,0,4,7,2014,6,22,3,0,6,4,CR-SHELDON RD,,0,29.80841111,-95.12520278,0,30,0,0,1,1,0,4,3,2,0,2,0,0000000,99,98,99,98,88,88,0,0,0,1,1
48,481516,1,1,0,1,1,1,1,201,0,4,7,2014,6,23,45,0,3,8,FM2920,,28,30.06560556,-95.87605556,0,8,0,0,1,1,0,1,2,1,0,1,0,0000000,99,98,99,98,88,88,0,0,0,1,1
48,481517,4,4,0,0,0,7,7,201,3280,4,7,2014,6,1,51,0,16,5,FANNIN ST,TEXAS ST,0,29.75939167,-95.36168889,0,12,6,0,2,2,0,1,3,1,0,1,0,0000000,1,53,1,59,2,28,0,0,0,1,1
48,481518,1,1,0,0,0,1,1,201,3280,4,7,2014,6,2,29,0,16,5,RICHMOND AVE,,0,29.73151944,-95.50321667,0,33,0,0,1,1,0,4,3,10,0,10,0,0000000,99,98,99,98,88,88,0,0,0,1,1
48,481519,2,2,0,0,0,2,2,215,4197,4,7,2014,6,19,42,1,13,8,FM1926 23RD ST,,35,26.26103333,-98.23596389,0,12,6,0,8,1,0,1,1,10,0,10,0,0000000,19,45,19,58,20,14,0,0,0,1,0
48,481520,1,1,0,1,1,3,3,245,0,4,7,2014,6,22,35,1,11,1,I-10,,144,30.00543889,-94.19022222,0,8,0,0,1,1,0,1,2,1,0,1,0,0000000,99,98,99,98,88,88,23,0,0,1,0
48,481521,2,2,0,0,0,3,3,303,4140,4,7,2014,6,22,17,1,13,8,LOOP 327,,22,33.53905,-101.9331028,0,12,1,1,20,1,0,1,2,1,0,1,0,0000000,99,99,99,99,99,99,23,0,0,1,0
48,481522,1,1,0,0,0,2,2,339,0,4,7,2014,6,17,5,0,4,8,FM 1375,,40,30.52976111,-95.665975,0,1,0,0,1,1,0,4,1,1,0,1,0,0000000,17,5,17,28,18,2,0,0,0,1,1
48,481523,1,1,0,0,0,1,1,439,260,4,7,2014,6,21,5,1,11,1,I-20,,23,32.66804722,-97.21933889,0,34,0,1,19,1,0,4,3,1,0,1,0,0000000,21,5,21,14,21,46,20,0,0,1,0
48,481524,1,1,0,0,0,3,3,493,0,4,7,2014,6,12,35,0,6,4,CR-409,,0,29.17554722,-97.98598333,0,1,0,0,1,1,0,1,1,1,0,1,0,0000000,12,49,13,5,14,11,0,0,0,1,0
48,481525,1,1,0,0,0,1,1,497,0,4,7,2014,6,16,43,0,4,8,FM 1658,,40,33.22966944,-97.83041944,0,38,0,0,1,1,0,5,1,1,0,1,0,0000000,99,98,99,98,88,88,0,0,0,1,1
48,481526,2,2,0,0,0,5,5,135,5030,5,7,2014,7,1,15,0,16,5,MAPLE AVE,TANGLEWOOD AVE,0,31.88585833,-102.3399389,0,12,6,0,2,2,0,1,3,1,0,1,0,0000000,99,98,99,98,88,88,0,0,0,1,1
48,481527,2,2,0,0,0,7,7,215,3795,5,7,2014,7,18,5,1,13,2,US-83,COYOTE DR,77,26.24715278,-98.47208333,0,12,6,0,2,2,0,1,1,1,0,1,0,0000000,18,9,18,24,18,47,20,0,0,2,0
48,481528,1,1,0,0,0,1,1,291,1770,5,7,2014,7,17,35,0,13,2,US-90,,73,30.03276111,-94.90637778,0,32,0,0,1,1,0,4,1,1,0,1,0,0000000,99,98,99,98,88,88,0,0,0,1,0
48,481529,2,2,0,0,0,2,2,317,0,5,7,2014,7,20,4,1,1,1,I-20,,110,32.15013056,-101.732775,0,12,1,0,1,1,0,1,5,1,0,1,0,0000000,99,99,99,99,99,99,0,0,0,1,0
48,481530,1,1,0,0,0,1,1,361,5100,5,7,2014,7,17,35,0,14,8,FM 105,,98,30.07529444,-93.898825,0,1,0,0,1,1,1,4,1,1,0,1,0,0000000,99,99,99,99,99,99,0,0,0,1,1
48,481531,2,2,0,0,0,2,2,423,7070,5,7,2014,7,0,32,0,15,8,FM756 PALUXY DR,,10,32.29477222,-95.27888611,0,12,6,0,1,1,0,1,2,1,0,1,0,0000000,99,99,99,99,99,99,19,0,0,1,1
48,481532,1,1,0,0,0,1,1,453,330,5,7,2014,7,1,16,1,11,1,I-35 RAMP,,141,30.21620833,-97.75205833,0,23,0,1,5,1,0,4,3,1,0,1,0,0000000,2,25,2,39,3,3,0,0,0,1,1
48,481533,1,1,0,0,0,1,1,183,4080,6,7,2014,1,1,43,0,14,8,SS63 MCCANN RD,,208,32.53060556,-94.7513,0,24,0,0,1,1,0,4,3,1,0,1,0,0000000,99,98,99,98,88,88,0,0,0,1,1
48,481534,2,2,0,0,0,2,2,285,0,6,7,2014,1,4,5,0,4,3,SR-111,,63,29.23886944,-97.05508611,0,12,2,0,1,1,0,1,2,10,0,10,0,0000000,99,98,99,98,88,88,0,0,0,1,1
48,481535,1,1,0,1,1,1,1,291,1380,6,7,2014,1,23,35,1,12,2,US-59,,47,30.33608611,-95.09951667,0,8,0,1,18,1,0,1,3,1,0,1,0,0000000,23,59,0,5,0,24,19,0,0,1,0
48,481536,1,1,0,0,0,1,1,379,0,6,7,2014,1,14,32,0,4,8,FM514,CR-3420,41,32.94987778,-95.66760556,0,35,0,0,3,4,0,4,1,1,0,1,0,0000000,99,98,99,98,88,88,0,0,0,1,0
48,481537,3,3,0,0,0,5,5,229,0,7,7,2014,2,4,5,1,1,1,I-10,,612,31.10140556,-105.1006889,0,12,1,0,1,1,0,1,2,1,0,1,0,0000000,99,99,99,99,99,99,14,0,0,1,0
48,481538,1,1,0,0,0,1,1,311,0,7,7,2014,2,6,50,0,3,3,SR-16,,244,28.31120833,-98.55806389,0,23,0,0,1,1,0,4,2,1,0,1,0,0000000,99,98,99,98,88,88,0,0,0,1,0
48,481539,1,1,0,0,0,1,1,19,0,8,7,2014,3,19,35,0,3,3,SR-16,,50,29.86146944,-99.28096944,0,1,0,0,1,1,0,1,1,1,0,1,0,0000000,99,98,99,98,88,88,0,0,0,1,0
48,481540,3,2,1,0,2,5,7,27,6810,8,7,2014,3,21,31,1,11,1,I-35,,198,31.08810833,-97.39557222,0,12,7,0,1,1,1,1,2,1,0,1,0,0000000,21,31,21,35,22,3,23,0,0,1,0
48,481541,1,1,0,0,0,1,1,37,0,8,7,2014,3,9,25,1,1,1,I-30,,277,33.473875,-94.29310833,0,1,0,0,1,1,0,2,1,1,0,1,0,0000000,99,98,99,98,88,88,0,0,0,1,0
48,481542,2,2,0,0,0,5,5,39,3537,8,7,2014,3,10,12,1,13,3,SR-36,STEPHEN F. AUSTIN,292,28.98473333,-95.48959167,0,12,1,0,3,3,0,1,1,1,0,1,0,0000000,10,21,10,48,11,19,0,0,0,1,0
48,481543,2,2,0,0,0,2,2,113,2800,8,7,2014,3,22,40,1,11,1,I-20,,27,32.67513889,-97.00700833,0,12,1,1,18,1,0,1,3,1,0,1,0,0000000,22,40,22,47,23,15,0,0,0,1,1
48,481544,2,2,0,0,0,2,2,265,0,8,7,2014,3,21,46,0,3,2,US-87,,6,30.08448611,-98.92413611,0,12,2,0,1,1,0,1,2,1,0,1,0,0000000,99,99,99,99,88,88,0,0,0,1,0
48,481545,1,1,0,0,0,3,3,349,0,8,7,2014,3,23,27,0,5,8,FM-709,,123,31.91918056,-96.72904722,0,43,0,0,1,1,0,4,2,1,0,1,0,0000000,23,34,0,22,0,59,0,0,0,1,1
48,481546,2,2,0,0,0,4,4,433,0,8,7,2014,3,15,20,0,3,2,US-380,FM 2211,84,33.21250556,-100.3988472,0,12,7,0,2,3,0,1,1,1,0,1,0,0000000,99,99,99,99,99,99,0,0,0,1,1
48,481547,1,1,0,1,1,3,3,29,0,9,7,2014,4,17,54,1,1,1,I-37,SL 1604,77,29.21835833,-98.41316667,0,8,0,1,3,2,0,1,1,1,0,1,0,0000000,99,99,99,99,99,99,0,0,0,1,0
48,481548,1,1,0,0,0,1,1,113,1190,9,7,2014,4,23,40,0,16,8,PRESIDENT GEORGE BUSH TURNPIKE,,0,32.91945556,-96.93518611,0,25,0,1,5,1,0,4,3,1,0,1,0,0000000,99,98,99,98,88,88,0,0,0,1,1
48,481549,2,1,1,0,1,1,2,113,3350,9,7,2014,4,18,0,1,11,1,I-20,,202,32.66535278,-96.71906111,0,14,0,1,19,1,0,2,1,1,0,1,0,0000000,18,1,18,3,88,88,0,0,0,1,1
48,481550,1,1,0,0,0,1,1,181,0,9,7,2014,4,11,5,1,2,2,US-82,,121,33.6707,-96.73745,0,1,0,0,1,1,0,4,1,1,0,1,0,0000000,11,5,11,12,11,38,0,0,0,1,0
48,481551,2,2,0,0,0,3,3,201,3280,9,7,2014,4,9,47,0,16,5,BINZ ST,,0,29.72111667,-95.38180278,0,12,8,0,1,1,0,1,1,1,0,1,0,0000000,99,98,99,98,88,88,0,0,0,1,0
48,481552,3,3,0,0,0,5,5,329,4560,9,7,2014,4,17,52,1,12,8,SL 250/LOOP 250,,169,32.03048889,-102.1423889,0,12,2,0,1,1,0,1,1,1,0,1,0,0000000,17,53,17,57,18,11,0,0,0,1,1
48,481553,1,1,0,0,0,1,1,347,0,9,7,2014,4,13,25,0,3,3,SR-21,,49,31.6716,-94.87441944,0,32,0,0,1,1,1,4,1,1,0,1,0,0000000,99,98,99,98,88,88,4,0,0,1,0
48,481554,2,2,0,0,0,2,2,363,0,9,7,2014,4,14,40,0,4,8,FM 2951,,26,32.88686111,-98.48358056,0,12,11,0,1,1,0,1,1,10,0,10,0,0000000,99,98,99,98,88,88,0,0,0,1,0
48,481555,1,1,0,0,0,1,1,369,0,9,7,2014,4,10,15,0,6,4,CR-6,,0,34.34571944,-102.9387389,0,10,0,0,6,1,0,1,1,1,0,1,0,014838Y,99,98,99,98,88,88,0,0,0,1,0
48,481556,1,1,0,0,0,1,1,381,0,9,7,2014,4,4,25,1,2,2,US-60,,36,34.95153056,-102.1126194,0,1,0,0,1,1,1,1,2,1,0,1,0,0000000,99,98,99,98,88,88,0,0,0,1,0
48,481557,1,1,0,0,0,1,1,415,0,9,7,2014,4,5,20,1,2,2,US-84,,63,32.88193056,-101.0525,0,1,0,0,1,1,0,3,2,1,0,1,0,0000000,99,98,99,98,88,88,0,0,0,1,0