STATE,ST_CASE,VE_TOTAL,VE_FORMS,PVH_INVL,PEDS,PERNOTMVIT,PERMVIT,PERSONS,COUNTY,CITY,DAY,MONTH,YEAR,DAY_WEEK,HOUR,MINUTE,NHS,ROAD_FNC,ROUTE,TWAY_ID,TWAY_ID2,MILEPT,LATITUDE,LONGITUD,SP_JUR,HARM_EV,MAN_COLL,RELJCT1,RELJCT2,TYP_INT,WRK_ZONE,REL_ROAD,LGT_COND,WEATHER1,WEATHER2,WEATHER,SCH_BUS,RAIL,NOT_HOUR,NOT_MIN,ARR_HOUR,ARR_MIN,HOSP_HR,HOSP_MN,CF1,CF2,CF3,FATALS,DRUNK_DR
48,481672,1,1,0,0,0,2,2,407,0,27,7,2014,1,13,20,0,4,8,FM 224,,39,30.64307222,-95.14312222,0,1,0,0,1,1,0,4,1,10,0,10,0,0000000,13,30,13,41,13,56,0,0,0,1,0
48,481673,1,1,0,0,0,1,1,419,0,27,7,2014,1,23,15,0,5,8,FM 2667,,2,31.88501389,-94.42630833,0,32,0,0,1,1,0,5,2,1,0,1,0,0000000,99,98,99,98,88,88,0,0,0,1,0
48,481674,2,2,0,0,0,5,5,491,330,27,7,2014,1,7,13,1,13,7,US-183E,LAKELINE BLVD,260,30.47951111,-97.80339167,0,12,6,1,2,2,0,1,1,1,0,1,0,0000000,7,3,7,18,7,30,0,0,0,1,0
48,481675,2,2,0,0,0,2,2,201,3280,28,7,2014,2,23,44,0,16,5,HARDY TOLL RD,,0,29.86785,-95.36438056,0,12,2,0,1,1,0,1,3,10,0,10,0,0000000,99,99,99,99,99,99,0,0,0,1,1
48,481676,1,1,0,0,0,1,1,201,0,20,7,2014,1,1,45,0,6,4,CR-PINE FOREST GREEN BLVD,CR-TREEMONT LANDING,0,29.83345833,-95.67305833,0,42,0,0,3,3,0,5,3,1,0,1,0,0000000,99,98,99,98,88,88,0,0,0,1,1
48,481677,2,2,0,0,0,3,3,245,5430,23,2,2014,1,3,9,1,13,2,US-69/287 MEMORIAL BLVD,39TH ST,177,29.91375,-93.94938611,0,12,1,0,2,2,0,1,2,2,0,2,0,0000000,99,99,99,99,99,99,0,0,0,1,1
48,481678,1,1,0,0,0,1,1,233,780,11,4,2014,6,18,5,0,13,3,SR-207 CEDAR,SR-136 WILSON,308,35.662175,-101.3988222,0,1,0,1,5,1,0,8,1,1,0,1,0,0000000,99,99,99,99,99,99,0,0,0,1,0
48,481679,3,3,0,0,0,4,4,201,0,26,6,2014,5,0,20,1,11,7,I-45,CR-BARREN SPRINGS DR,409,29.99007222,-95.4245,0,33,0,1,3,3,0,10,3,1,0,1,0,0000000,99,98,99,98,88,88,0,0,0,1,1
48,481680,1,1,0,0,0,2,2,183,3680,28,6,2014,7,23,36,1,14,3,SR-31/BU-259,,15,32.41748056,-94.84581944,0,58,0,0,1,1,0,3,6,1,0,1,0,0000000,23,47,0,1,0,31,0,0,0,1,1
48,481681,1,1,0,0,0,1,1,19,0,10,7,2014,5,5,30,0,5,8,SPARROW HAWK LN,FM 3240,33,29.78140833,-99.11733611,0,1,0,0,3,3,0,1,2,1,0,1,0,0000000,99,98,99,98,88,88,0,0,0,1,1
48,481682,1,1,0,0,0,1,1,31,0,12,7,2014,7,16,0,1,2,2,US-281,,246,30.14579722,-98.39742778,0,24,0,0,1,1,0,4,1,1,0,1,0,0000000,99,98,99,98,88,88,0,0,0,1,1
48,481683,1,1,0,1,1,1,1,141,9997,17,7,2014,5,0,51,1,13,3,SR-20 ALAMEDA AVE,,366,31.63811389,-106.2764056,0,8,0,0,1,1,0,1,2,2,0,2,0,0000000,99,98,99,98,88,88,0,0,0,1,0
48,481684,3,3,0,0,0,3,3,201,0,17,7,2014,5,9,23,1,13,8,FM 1093,,11,29.72020556,-95.67095278,0,12,6,0,1,1,0,1,1,10,0,10,0,0000000,9,28,9,38,10,27,0,0,0,1,0
48,481685,1,1,0,0,0,1,1,121,0,18,7,2014,6,5,16,0,3,8,FM-455 CHAPMAN RD,,78,33.35712222,-97.25845278,0,42,0,0,1,1,0,4,2,10,0,10,0,0000000,99,98,99,98,88,88,0,0,0,1,0
48,481686,1,1,0,0,0,2,2,131,0,19,7,2014,7,13,30,0,4,3,SR-44,,39,27.91829167,-98.74392778,0,1,0,0,1,1,0,4,1,1,0,1,0,0000000,99,99,99,99,99,99,0,0,0,1,0
48,481687,1,1,0,0,0,1,1,141,9997,19,7,2014,7,3,32,1,13,8,FM 76,,123,31.64544444,-106.2615056,0,34,0,0,1,1,0,4,3,1,0,1,0,0000000,99,98,99,98,88,88,0,0,0,1,1
48,481688,2,2,0,0,0,2,2,201,0,19,7,2014,7,20,34,0,6,4,CR-BARBERS HILL RD,,0,29.84218889,-95.01385278,0,12,2,0,1,1,0,1,2,10,0,10,0,0000000,20,47,21,0,21,21,0,0,0,2,1
48,481689,2,2,0,0,0,6,6,201,0,19,7,2014,7,19,20,0,6,5,CYPRESSWOOD DR,SCIAACA RD,0,30.06609444,-95.40203333,0,12,6,0,2,2,0,1,1,1,0,1,0,0000000,19,22,19,35,20,14,0,0,0,1,1
48,481690,2,2,0,0,0,4,4,203,0,19,7,2014,7,9,27,0,4,8,FM 2208,,53,32.54150833,-94.69469444,0,12,2,0,1,1,0,1,1,10,0,10,0,0000000,9,25,9,38,10,14,0,0,0,1,1
48,481691,1,1,0,0,0,5,5,471,3340,19,7,2014,7,19,30,1,11,1,I-45,,101,30.64990278,-95.50989444,0,1,0,0,1,1,0,4,1,1,0,1,0,0000000,19,32,19,41,20,34,0,0,0,1,0
48,481692,1,1,0,0,0,1,1,113,3420,20,7,2014,1,21,19,1,12,3,SR-114 JOHN CARPENTER FWY,WINGREN RD,16,32.86365,-96.93911944,0,21,0,1,19,1,0,3,3,1,0,1,0,0000000,99,98,99,98,88,88,0,0,0,1,0
48,481693,2,2,0,0,0,2,2,439,4300,20,7,2014,1,22,37,1,12,2,US-287,,285,32.579,-97.12918056,0,12,1,0,1,1,0,1,2,1,0,1,0,0000000,22,49,23,0,23,47,0,0,0,1,0
48,481694,1,1,0,0,0,1,1,109,0,23,7,2014,4,1,30,1,1,1,I-10,,80,31.04368611,-104.7879972,0,1,0,0,1,1,0,10,2,1,0,1,0,0000000,99,99,99,99,99,99,0,0,0,1,1
48,481695,2,2,0,0,0,2,2,315,0,24,7,2014,5,5,6,0,4,3,SR-43,,153,32.73823333,-94.18752222,0,12,2,0,1,1,0,1,2,1,0,1,0,0000000,5,22,6,7,6,57,0,0,0,1,1
48,481696,2,2,0,0,0,6,6,113,1730,25,7,2014,6,22,0,1,13,3,SR-180 DAVIS ST,TILLERY AVE,72,32.74968611,-96.91403889,0,12,6,0,2,3,0,1,3,1,0,1,0,0000000,22,5,22,7,22,18,0,0,0,2,0
48,481697,1,1,0,0,0,1,1,165,0,25,7,2014,6,7,20,1,2,2,US-385,,317,32.53733333,-102.6181778,0,1,0,0,1,1,0,4,1,1,0,1,0,0000000,7,16,7,33,8,24,0,0,0,1,0
48,481698,3,3,0,1,1,4,4,201,0,25,7,2014,6,23,45,0,6,4,CR-HOMESTEAD RD,,0,29.9122,-95.30182222,0,15,0,0,1,1,0,1,2,1,0,1,0,0000000,99,98,99,98,88,88,0,0,0,1,1
48,481699,1,1,0,0,0,5,5,373,0,25,7,2014,6,17,30,1,2,2,US-59,,38,31.07808333,-94.81920556,0,32,0,0,1,1,0,4,1,1,0,1,0,0000000,17,43,18,19,19,17,0,0,0,1,0
48,481700,2,2,0,0,0,3,3,485,0,25,7,2014,6,16,0,0,6,4,CR-BROSCH RD,,0,34.07719722,-98.92005,0,12,2,0,8,1,0,1,1,1,0,1,0,0000000,99,99,99,99,99,99,0,0,0,1,1
48,481701,3,3,0,0,0,7,7,143,0,26,7,2014,7,15,15,0,3,2,US-281,CR-505,229,32.20015556,-98.18178333,0,12,1,0,8,1,0,1,1,1,0,1,0,0000000,15,28,15,50,16,56,0,0,0,1,0
48,481702,1,1,0,0,0,2,2,133,0,27,7,2014,1,6,5,1,1,1,I-20,,4,32.377225,-99.11042778,0,24,0,0,1,1,0,4,4,1,0,1,0,0000000,6,14,6,25,7,9,0,0,0,1,0
48,481703,1,1,0,0,0,1,1,329,4560,27,7,2014,1,19,57,0,16,5,TERRELL ST,,0,31.99866944,-102.0682111,0,26,0,0,6,1,0,1,1,1,0,1,0,796338J,99,98,99,98,88,88,0,0,0,1,1
48,481704,1,1,0,0,0,3,3,129,0,28,7,2014,2,10,40,1,1,1,I-40,,23,35.17933611,-100.8365417,0,30,0,0,1,1,0,4,1,2,0,2,0,0000000,10,47,11,9,12,50,0,0,0,1,0
48,481705,3,1,2,0,0,1,1,201,0,28,7,2014,2,2,30,0,6,4,CR-ROCKVILLE DR,MARBLE MOUNT DR,0,29.94273333,-95.56142222,0,14,0,0,3,3,0,5,2,1,0,1,0,0000000,99,98,99,98,88,88,14,0,0,1,0
48,481706,2,1,1,0,2,1,3,297,0,28,7,2014,2,17,9,1,1,1,I-37,,168,28.32475,-98.00955,0,45,0,0,1,1,2,1,1,1,0,1,0,0000000,99,99,99,99,99,99,0,0,0,1,0
48,481707,1,1,0,1,1,1,1,441,30,28,7,2014,2,22,41,1,13,8,BI-20 R,,55,32.45054444,-99.7594,0,8,0,0,1,1,0,1,3,1,0,1,0,0000000,99,98,99,98,88,88,0,0,0,1,1
48,481708,1,1,0,0,0,1,1,441,30,28,7,2014,2,12,33,1,11,1,I-20,BI 20,84,32.44058056,-99.64761667,0,52,0,1,19,1,0,4,1,1,0,1,0,0000000,12,32,12,40,13,20,0,0,0,1,0
48,481709,1,1,0,0,0,1,1,499,0,28,7,2014,2,5,44,0,4,8,FM 852,,102,32.87636667,-95.162025,0,1,0,0,1,1,0,4,2,10,0,10,0,0000000,99,98,99,98,88,88,0,0,0,1,0
48,481710,2,2,0,0,0,3,3,29,0,30,7,2014,4,14,32,0,15,8,SL 1604,,63,29.39676667,-98.241325,0,12,2,0,1,1,0,2,1,1,0,1,0,0000000,99,99,99,99,88,88,0,0,0,1,0
48,481711,1,1,0,1,1,1,1,201,3280,30,7,2014,4,10,54,1,11,7,I-45 NORTH FWY SERVICE RD,,306,29.84828611,-95.39434167,0,8,0,0,1,1,0,1,1,1,0,1,0,0000000,10,56,11,21,12,11,0,0,0,1,0
48,481712,2,2,0,0,0,3,3,439,2450,30,7,2014,4,5,47,1,11,1,I-20/SL-820 SOUTHWEST LOOP,,86,32.66451944,-97.331925,0,12,7,0,1,1,0,1,3,10,0,10,0,0000000,5,49,5,54,6,18,0,0,0,1,0
48,481713,2,2,0,0,0,2,2,453,330,30,7,2014,4,3,24,1,11,1,I-35,,282,30.40483889,-97.67518056,0,12,1,0,1,1,0,1,3,1,0,1,0,0000000,99,98,99,98,88,88,0,0,0,1,0
48,481714,1,1,0,1,1,1,1,77,0,31,7,2014,5,4,21,1,2,2,US-287,,99,33.71788889,-98.09951111,0,8,0,0,1,1,0,1,2,10,0,10,0,0000000,99,98,99,98,88,88,0,0,0,1,0
48,481715,1,1,0,0,0,1,1,29,0,28,2,2014,6,5,43,0,4,8,FM 2538,,156,29.46138611,-98.12909444,0,1,0,0,1,1,0,2,2,1,0,1,0,0000000,6,0,6,14,6,45,0,0,0,1,0
48,481716,1,1,0,0,0,1,1,475,0,5,5,2014,2,10,35,1,11,1,I-20,,291,31.57588056,-102.9387806,0,1,0,0,1,1,0,4,1,1,0,1,0,0000000,99,98,99,98,88,88,0,0,0,1,1
48,481717,2,2,0,0,0,5,5,491,3360,31,5,2014,7,15,6,1,13,2,US-79,SR-130,8,30.53794444,-97.57703611,0,12,6,1,2,2,0,1,1,2,0,2,0,0000000,15,15,15,20,15,31,0,0,0,1,1
48,481718,1,1,0,1,1,1,1,245,0,8,6,2014,1,21,45,1,2,3,SR-73,BOONDOCKS RD,97,29.82874167,-94.22496389,0,8,0,0,2,2,0,1,2,1,0,1,0,0000000,99,98,99,98,88,88,0,0,0,1,0
48,481719,1,1,0,0,0,8,8,439,1654,17,6,2014,3,20,41,0,16,5,ANGLER DR,,0,32.572825,-97.37022222,0,5,0,0,1,1,0,1,1,1,0,1,0,0000000,20,45,20,52,21,24,0,0,0,1,1
48,481720,1,1,0,0,0,5,5,85,4230,30,6,2014,2,1,58,1,12,7,US-75 CENTRAL EXPY,,144,33.22436667,-96.63389722,0,1,0,0,1,1,0,1,3,1,0,1,0,0000000,99,99,99,99,99,99,0,0,0,1,0
48,481721,2,2,0,0,0,9,9,391,0,7,7,2014,2,17,21,0,3,3,SR-35,,95,28.35634444,-96.92257778,0,12,2,0,1,1,0,1,1,1,0,1,0,0000000,17,40,18,7,19,10,0,0,0,4,0
48,481722,1,1,0,0,0,1,1,39,5249,11,7,2014,6,2,35,0,16,5,PEARLAND PKWY,,0,29.57568056,-95.26433611,0,33,0,0,1,1,0,4,3,1,0,1,0,0000000,99,98,99,98,88,88,0,0,0,1,1
48,481723,2,2,0,0,0,4,4,21,0,12,7,2014,7,23,13,1,2,3,SR-21,,85,30.08688333,-97.49418889,0,12,6,0,1,1,0,1,2,1,0,1,0,0000000,99,99,99,99,99,99,0,0,0,1,1
48,481724,1,1,0,1,1,1,1,29,6090,14,7,2014,2,4,53,1,11,7,I-410,,159,29.49208056,-98.55826667,0,8,0,0,1,1,0,1,3,1,0,1,0,0000000,99,99,99,99,99,99,0,0,0,1,1
48,481725,1,1,0,1,1,1,1,141,2190,18,7,2014,6,21,53,1,13,3,SR-20 MESA ST,,156,31.81800833,-106.5155306,0,8,0,0,1,1,0,1,3,1,0,1,0,0000000,21,54,21,59,22,22,0,0,0,1,0
48,481726,2,2,0,0,0,3,3,97,4770,19,7,2014,7,11,38,0,4,8,FM373 MAIN ST,,136,33.66196389,-97.37666667,0,12,8,0,1,1,0,1,1,10,0,10,0,0000000,99,99,99,99,99,99,0,0,0,1,0
48,481727,3,3,0,3,3,1,1,215,4197,19,7,2014,7,22,54,0,16,5,BENTSEN RD,,0,26.22620556,-98.26695,0,12,1,0,1,1,0,1,2,1,0,1,0,0000000,22,53,23,2,23,28,0,0,0,1,0
48,481728,1,1,0,1,1,1,1,113,2590,20,7,2014,1,2,36,1,11,1,I-635 LBJ FWY,,133,32.87024167,-96.67206111,0,8,0,0,1,1,0,1,3,1,0,1,0,0000000,99,98,99,98,88,88,0,0,0,1,0
48,481729,2,2,0,0,0,2,2,289,0,21,7,2014,2,17,0,1,2,2,US-79,,68,31.54587222,-95.93653611,0,12,2,0,1,1,0,4,1,1,0,1,0,0000000,99,99,99,99,99,99,0,0,0,2,0
48,481730,1,1,0,0,0,1,1,453,0,21,7,2014,2,18,31,0,6,4,CR-SIESTA SHORES DR,,0,30.38681667,-98.02831944,0,42,0,0,1,1,0,4,1,10,0,10,0,0000000,19,9,19,23,19,50,0,0,0,1,1
48,481731,2,1,1,1,1,1,1,113,1730,23,7,2014,4,20,55,1,11,1,I-20/LYNDON B JOHNSON,,95,32.66074167,-96.89317222,0,8,0,0,1,1,0,2,3,1,0,1,0,0000000,20,57,21,0,21,22,23,0,0,1,0
48,481732,1,1,0,0,0,3,3,113,2590,23,7,2014,4,2,35,0,16,5,KINGSLEY RD,,0,32.87881944,-96.659025,0,33,0,0,1,1,0,4,3,1,0,1,0,0000000,2,39,2,43,3,33,20,0,0,1,0
48,481733,2,2,0,0,0,2,2,201,0,23,7,2014,4,10,20,1,12,3,SR-288/KIRBY RD,SL 8/SAM HOUSTON PKWY,111,29.59651111,-95.40066111,0,12,6,1,2,2,0,1,1,1,0,1,0,0000000,10,37,10,50,11,25,0,0,0,1,0
48,481734,1,1,0,0,0,7,7,367,0,23,7,2014,4,1,5,0,6,4,CR-DENNIS RD,,0,32.65856111,-97.91095,0,42,0,0,1,1,0,4,2,1,0,1,0,0000000,1,19,1,49,2,19,0,0,0,1,1
48,481735,2,2,0,0,0,2,2,441,0,23,7,2014,4,18,23,0,3,2,US-277,,125,32.29906944,-99.91156944,0,12,6,0,1,1,0,1,1,1,0,1,0,0000000,18,36,18,47,19,19,0,0,0,1,0
48,481736,2,2,0,0,0,7,7,251,0,24,7,2014,5,19,2,0,4,8,FM 917,CR-1022,71,32.46105,-97.41926944,0,12,6,0,2,3,0,1,1,1,0,1,0,0000000,99,99,99,99,99,99,0,0,0,1,0
48,481737,2,2,0,0,0,3,3,339,0,25,7,2014,6,21,56,0,4,8,FM 2854,,89,30.31931944,-95.5917,0,12,6,0,1,1,0,1,2,1,0,1,0,0000000,21,58,22,9,22,31,0,0,0,1,2
48,481738,2,1,1,0,1,1,2,97,7112,26,7,2014,7,1,53,1,1,1,I-35,,72,33.52733056,-97.16613889,0,14,0,0,5,1,0,2,3,1,0,1,0,0000000,99,98,99,98,88,88,0,0,0,1,1
48,481739,1,1,0,0,0,1,1,157,0,27,7,2014,1,16,14,0,6,4,CR-HURTA RD,,0,29.36666944,-95.84388889,0,32,0,0,1,1,0,4,1,1,0,1,0,0000000,99,98,99,98,88,88,0,0,0,1,0
48,481740,3,3,0,1,1,6,6,201,0,27,7,2014,1,13,0,1,13,8,FM 1093/WESTHEIMER RD,,7,29.71654722,-95.67696111,0,12,1,0,1,1,0,1,1,1,0,1,0,0000000,13,9,13,20,13,45,23,0,0,1,0
48,481741,1,1,0,0,0,5,5,485,7490,27,7,2014,1,1,3,1,12,2,US-82 KELL FWY,,285,33.88205,-98.53755833,0,1,0,0,1,1,0,3,3,1,0,1,0,0000000,1,7,1,10,1,30,0,0,0,1,0
48,481742,2,2,0,0,0,3,3,497,890,27,7,2014,1,12,28,1,2,2,US-380,FM1658,90,33.21857222,-97.78019722,0,12,6,0,2,2,0,1,1,1,0,1,0,0000000,12,32,13,4,13,37,0,0,0,1,0
48,481743,1,1,0,1,1,1,1,91,4870,29,7,2014,3,22,18,1,13,8,BI35H,,18,29.694575,-98.10478056,0,8,0,0,1,1,0,1,3,1,0,1,0,0000000,99,99,99,99,99,99,0,0,0,1,0
48,481744,1,1,0,0,0,4,4,145,0,29,7,2014,3,9,26,0,3,3,SR-7,,226,31.31021111,-96.70175833,0,32,0,0,1,1,0,4,1,1,0,1,0,0000000,99,99,99,99,99,99,0,0,0,2,0
48,481745,2,2,0,0,0,2,2,39,7350,30,7,2014,4,9,42,0,3,3,SR-35 BRAZOS AVE,BS35E 17TH ST,477,29.14458333,-95.64802222,0,12,6,0,2,2,0,1,1,1,0,1,0,0000000,9,51,10,24,10,57,0,0,0,1,0
48,481746,1,1,0,0,0,1,1,113,1730,30,7,2014,4,4,4,1,11,1,I-20 LBJ FWY,,141,32.64226944,-96.81948889,0,25,0,1,19,1,0,3,3,1,0,1,0,0000000,4,13,4,26,4,52,0,0,0,1,0
48,481748,1,1,0,0,0,2,2,423,0,31,7,2014,5,22,5,0,6,4,CR-1113 LAKE PLACID RD,,0,32.26465833,-95.43705278,0,42,0,0,1,1,0,4,2,10,0,10,0,0000000,99,99,99,99,99,99,0,0,0,1,1
48,481750,3,3,0,0,0,3,3,201,3280,28,6,2014,7,7,20,0,16,5,GALVESTON RD,CENTRAL ST,0,29.70117778,-95.27029167,0,12,6,0,2,2,0,1,1,1,0,1,0,0000000,7,22,7,25,7,46,0,0,0,1,0
48,481751,2,2,0,0,0,3,3,85,7620,23,7,2014,4,10,45,0,14,3,SR-78,COOPER ST,351,33.00921944,-96.54391389,0,12,6,0,2,3,0,1,1,1,0,1,0,0000000,10,46,10,50,11,17,0,0,0,1,1
48,481752,1,1,0,0,0,1,1,85,4230,27,7,2014,1,2,0,0,16,5,WILSON CREEK PKWY,,0,33.18521111,-96.61877222,0,33,0,0,1,1,0,3,3,1,0,1,0,0000000,2,4,2,23,3,5,0,0,0,1,1
48,481753,2,2,0,0,0,2,2,469,0,27,7,2014,1,19,19,0,4,8,FM1090,,53,28.6959,-96.70435278,0,12,8,0,1,1,0,1,1,1,0,1,0,0000000,99,99,99,99,99,99,0,0,0,1,1
48,481754,3,3,0,0,0,4,4,21,0,29,7,2014,3,19,0,1,2,3,SR-71,FM1209,91,30.12236667,-97.43257778,0,12,1,0,2,2,0,1,1,10,0,10,0,0000000,99,99,99,99,99,99,0,0,0,1,1
48,481755,1,1,0,1,1,2,2,423,0,30,7,2014,4,0,10,1,2,3,SR-155 FRANKSTON HWY,,236,32.17568056,-95.44935833,0,8,0,0,1,1,0,1,2,1,0,1,0,0000000,99,98,99,98,88,88,0,0,0,1,0
48,481756,2,2,0,0,0,2,2,499,7627,7,7,2014,2,8,50,0,4,8,FM17,,16,32.93043889,-95.58446944,0,12,6,0,8,1,1,1,1,1,0,1,0,0000000,99,99,99,99,99,99,0,0,0,1,0
48,481757,1,1,0,1,1,2,2,293,4540,6,6,2014,6,21,54,0,13,3,SR-14 MLKING HWY,,52,31.68560556,-96.492075,0,8,0,0,1,1,0,1,2,1,0,1,0,0000000,21,57,22,23,23,0,0,0,0,1,0
48,481758,2,2,0,0,0,3,3,453,330,6,6,2014,6,20,39,1,13,7,US-290,SR-130,75,30.33983056,-97.59145833,0,12,6,1,2,2,0,1,2,1,0,1,0,0000000,20,39,20,43,21,34,0,0,0,1,0
48,481759,2,2,0,0,0,2,2,201,3280,15,7,2014,3,11,37,1,13,8,FM1093 WESTHEIMER RD,WOODLAND PARK,69,29.73650556,-95.58110833,0,12,6,0,2,2,0,1,1,10,0,10,0,0000000,11,43,11,47,12,20,0,0,0,1,0
48,481760,1,1,0,1,1,2,2,29,6090,1,8,2014,6,23,21,1,13,8,SL368 AUSTIN HWY,,111,29.50971944,-98.40854722,0,8,0,0,1,1,0,1,2,10,0,10,0,0000000,99,98,99,98,88,88,0,0,0,1,0
48,481761,2,2,0,0,0,2,2,113,4530,1,8,2014,6,5,48,1,12,7,US-80,HILLCREST ST,46,32.79113056,-96.601025,0,12,1,0,3,3,0,1,3,10,0,10,0,0000000,99,98,99,98,88,88,0,0,0,1,1
48,481762,1,1,0,0,0,1,1,121,1840,1,8,2014,6,19,10,1,11,7,I-35E,,159,33.17229444,-97.08760556,0,30,0,1,19,1,1,4,1,1,0,1,0,0000000,19,12,19,21,19,34,0,0,0,1,0
48,481763,1,1,0,0,0,2,2,167,0,1,8,2014,6,23,50,0,6,4,CR-WALSH ST,,0,29.51536667,-94.99263056,0,42,0,0,1,1,0,4,2,1,0,1,0,0000000,99,99,99,99,99,99,0,0,0,1,0
48,481764,1,1,0,0,0,1,1,183,0,1,8,2014,6,2,26,0,4,8,FM 2087,,53,32.41292778,-94.81065833,0,32,0,0,1,1,0,4,2,2,0,2,0,0000000,99,98,99,98,88,88,0,0,0,1,1
48,481765,2,2,0,0,0,2,2,321,0,1,8,2014,6,22,15,0,4,8,FM 457,CR-151 BOONE RD,96,28.96048056,-95.79518056,0,12,1,0,3,3,0,1,2,10,0,10,0,0000000,99,98,99,98,88,88,0,0,0,1,0
48,481766,1,1,0,0,0,1,1,375,150,1,8,2014,6,23,55,0,16,5,3RD AVE,,0,35.21258611,-101.8501,0,1,0,0,1,1,0,6,3,1,0,1,0,0000000,99,98,99,98,88,88,0,0,0,1,0
48,481767,2,2,0,0,0,5,5,439,2800,1,8,2014,6,13,24,1,12,3,SR-360,NEW YORK AVE,207,32.62684722,-97.07018333,0,12,6,0,2,2,0,1,1,10,0,10,0,0000000,13,29,13,40,14,8,0,0,0,1,0
48,481768,3,3,0,0,0,3,3,493,0,1,8,2014,6,12,14,0,5,8,FM 1107,CR-427,20,29.25177778,-97.92686389,0,12,6,0,2,3,0,1,1,1,0,1,0,0000000,12,15,12,22,13,26,0,0,0,1,0
48,481769,1,1,0,0,0,12,12,55,0,2,8,2014,7,11,32,1,2,3,SR-130,,63,29.94645833,-97.67316111,0,1,0,0,1,1,0,3,1,1,0,1,0,0000000,11,42,11,58,12,20,0,0,0,2,0
48,481770,1,1,0,1,1,1,1,61,3030,2,8,2014,7,3,53,0,14,8,FM 507,,9,26.235275,-97.66992778,0,8,0,0,1,1,0,1,2,1,0,1,0,0000000,99,98,99,98,88,88,0,0,0,1,0
48,481771,1,1,0,0,0,1,1,71,7555,2,8,2014,7,22,38,0,16,5,MENELEY RD,,0,29.84553056,-94.44941944,0,38,0,0,1,1,0,5,2,1,0,1,0,0000000,99,98,99,98,88,88,0,0,0,1,1
48,481772,1,1,0,0,0,1,1,113,1730,2,8,2014,7,1,22,1,13,8,SL 12/WALTON WALKER FWY,,92,32.69176667,-96.89179722,0,39,0,1,19,1,0,4,3,1,0,1,0,0000000,99,99,99,99,88,88,0,0,0,1,0
48,481773,2,2,0,0,0,2,2,121,9997,2,8,2014,7,18,20,1,13,3,SR-114,ALLISON AVE,67,33.02663333,-97.28355278,0,12,6,0,2,2,0,1,1,1,0,1,0,0000000,99,99,99,99,99,99,0,0,0,1,1
48,481774,1,1,0,1,1,1,1,201,0,2,8,2014,7,4,15,0,6,4,CR-LITTLE YORK RD,,0,29.86468889,-95.69801944,0,8,0,0,1,1,0,1,2,1,0,1,0,0000000,4,18,4,25,4,59,0,0,0,1,0
48,481775,2,2,0,0,0,3,3,201,3280,2,8,2014,7,3,30,0,16,5,ALLEN GENOA RD,GOBER,0,29.70108333,-95.24186944,0,12,1,0,3,2,0,1,3,1,0,1,0,0000000,3,30,3,37,4,6,0,0,0,1,2
48,481776,1,1,0,0,0,1,1,213,0,2,8,2014,7,1,15,0,4,8,RM 3054,,28,32.23238056,-95.98921944,0,42,0,0,1,1,0,4,2,1,0,1,0,0000000,99,98,99,98,88,88,0,0,0,1,1
48,481777,1,1,0,0,0,1,1,291,0,2,8,2014,7,4,7,0,6,4,CR-3011A,CR-3011/RICE RD,0,30.22511944,-94.98091944,0,5,0,0,3,3,0,1,2,1,0,1,0,0000000,99,99,99,99,99,99,0,0,0,1,1
48,481778,1,1,0,1,1,3,3,303,4140,2,8,2014,7,14,8,0,16,5,AVENUE J,23RD ST,0,33.5739,-101.8456056,0,8,0,0,3,2,0,1,1,1,0,1,0,0000000,14,9,14,13,14,29,0,0,0,1,0
48,481779,1,1,0,1,1,1,1,411,6190,2,8,2014,7,20,50,0,4,3,SR-16,LEWIS ST,112,31.20234167,-98.71849722,0,8,0,0,3,3,0,1,3,1,0,1,0,0000000,99,98,99,98,88,88,0,0,0,1,0
48,481780,2,2,0,0,0,2,2,439,260,2,8,2014,7,13,35,0,16,5,ARKANSAS LN,LAREDO CT,0,32.70663056,-97.13383333,0,12,6,0,2,2,0,1,1,1,0,1,0,0000000,99,98,99,98,88,88,0,0,0,1,0
48,481781,1,1,0,0,0,1,1,439,2450,2,8,2014,7,3,12,0,16,5,RISINGER RD,,0,32.61644444,-97.40325278,0,33,0,0,1,1,0,3,3,1,0,1,0,0000000,3,15,3,20,3,58,0,0,0,1,0
48,481782,1,1,0,0,0,1,1,449,4750,2,8,2014,7,0,28,0,16,5,14TH ST,,0,33.16905833,-94.96775556,0,53,0,0,1,1,0,4,2,1,0,1,0,0000000,99,98,99,98,88,88,0,0,0,1,1
48,481783,1,1,0,0,0,2,2,483,0,2,8,2014,7,20,0,0,3,2,US-83,,100,35.31233889,-100.2362306,0,38,0,0,1,1,0,5,2,1,0,1,0,0000000,99,98,99,98,88,88,0,0,0,2,1
48,481784,1,1,0,0,0,1,1,53,0,3,8,2014,1,20,48,0,3,3,SR-29,,12,30.75743056,-98.38273333,0,11,0,0,1,1,0,1,2,1,0,1,0,0000000,99,98,99,98,88,88,0,0,0,1,0
48,481785,3,3,0,0,0,3,3,201,3280,3,8,2014,1,6,24,1,12,2,US-59 SOUTHWEST FWY,ELGIN ST,13,29.73669167,-95.36890833,0,12,6,0,1,1,0,1,1,10,0,10,0,0000000,6,15,6,17,6,22,19,23,0,1,1