STATE,ST_CASE,VE_TOTAL,VE_FORMS,PVH_INVL,PEDS,PERNOTMVIT,PERMVIT,PERSONS,COUNTY,CITY,DAY,MONTH,YEAR,DAY_WEEK,HOUR,MINUTE,NHS,ROAD_FNC,ROUTE,TWAY_ID,TWAY_ID2,MILEPT,LATITUDE,LONGITUD,SP_JUR,HARM_EV,MAN_COLL,RELJCT1,RELJCT2,TYP_INT,WRK_ZONE,REL_ROAD,LGT_COND,WEATHER1,WEATHER2,WEATHER,SCH_BUS,RAIL,NOT_HOUR,NOT_MIN,ARR_HOUR,ARR_MIN,HOSP_HR,HOSP_MN,CF1,CF2,CF3,FATALS,DRUNK_DR
48,481899,4,4,0,0,0,6,6,201,0,19,8,2014,3,11,19,0,13,8,FM 1960 HUMBLE HUFFMAN RD,,284,29.99932222,-95.20736944,0,12,8,0,1,1,0,1,1,1,0,1,0,0000000,11,29,11,35,12,16,0,0,0,1,0
48,481900,2,1,1,0,0,1,1,303,4140,19,8,2014,3,2,35,0,16,5,49TH ST,,0,33.54973611,-101.8617278,0,14,0,0,1,1,0,7,2,1,0,1,0,0000000,2,36,2,40,3,0,0,0,0,1,1
48,481901,1,1,0,0,0,1,1,339,3280,19,8,2014,3,10,55,1,1,1,I-69 RAMP EASTEX FWY,,164,30.05771667,-95.25033333,0,30,0,0,5,1,0,8,1,1,0,1,0,0000000,11,27,11,49,12,9,0,0,0,1,0
48,481902,2,2,0,0,0,2,2,85,2520,20,8,2014,4,13,23,9,99,3,SR-121 SAM RAYBURN TOLLROAD,COIT RD,0,33.11293889,-96.76822778,0,12,6,1,2,2,0,1,1,1,0,1,0,0000000,13,24,13,31,14,0,0,0,0,1,0
48,481903,1,1,0,0,0,2,2,201,0,20,8,2014,4,0,7,0,6,4,CR-MORTON RD,,0,29.81508611,-95.73115833,0,33,0,0,1,1,0,4,3,1,0,1,0,0000000,0,10,0,16,0,56,0,0,0,1,1
48,481904,1,1,0,1,1,2,2,325,0,20,8,2014,4,3,0,1,2,2,US-90,,103,29.36017778,-98.82155,0,8,0,0,1,1,0,1,2,10,0,10,0,0000000,99,99,99,99,88,88,0,0,0,1,0
48,481905,1,1,0,0,0,1,1,415,0,20,8,2014,4,8,37,0,6,4,CR-4153,,0,32.63638333,-100.7081917,0,1,0,0,1,1,0,4,2,1,0,1,0,0000000,99,98,99,98,88,88,0,0,0,1,1
48,481906,2,2,0,0,0,2,2,201,0,21,8,2014,5,11,48,0,6,4,CR-WILL CLAYTON PKWY,CR-SILVER BEND DR,0,29.97778333,-95.2063,0,12,6,0,2,2,0,1,1,1,0,1,0,0000000,99,98,99,98,88,88,0,0,0,1,0
48,481907,2,2,0,0,0,2,2,439,3347,21,8,2014,5,22,0,0,16,5,PIPELINE RD,HURSTVIEW DR,0,32.82365278,-97.17933056,0,12,6,0,2,2,0,1,3,1,0,1,0,0000000,22,5,22,9,22,25,0,0,0,1,0
48,481908,1,1,0,0,0,2,2,61,0,22,8,2014,6,17,0,1,13,3,SR-4 BOCA CHICA BLVD,,137,25.94763056,-97.34821389,0,42,0,0,1,1,0,5,1,1,0,1,0,0000000,10,34,10,54,11,24,18,0,0,1,0
48,481909,1,1,0,0,0,2,2,157,0,22,8,2014,6,5,2,1,13,8,FM2759,,53,29.55971667,-95.69118611,0,1,0,0,1,1,0,1,2,1,0,1,0,0000000,99,99,99,99,99,99,0,0,0,1,0
48,481910,1,1,0,0,0,1,1,201,3280,22,8,2014,6,21,55,1,11,7,I-610 TURNING BASIN DR,,0,29.75207222,-95.26548333,0,1,0,0,1,1,0,1,3,1,0,1,0,0000000,22,7,22,15,22,40,6,0,0,1,0
48,481911,1,1,0,0,0,3,3,259,0,22,8,2014,6,6,30,1,1,1,I-10,,44,29.95376111,-98.8848,0,1,0,0,1,1,0,10,4,1,0,1,0,0000000,99,99,99,99,99,99,0,0,0,1,0
48,481912,2,2,0,0,0,2,2,467,0,22,8,2014,6,8,0,0,4,8,FM 17,,49,32.634,-95.77095,0,12,2,0,1,1,0,1,1,1,0,1,0,0000000,99,98,99,98,88,88,0,0,0,1,0
48,481913,3,3,0,0,0,4,4,201,3280,23,8,2014,7,11,24,0,16,5,MAGNOLIA LN,FOREST COVE,0,30.03471111,-95.23902222,0,12,6,0,2,2,0,1,1,1,0,1,0,0000000,99,98,99,98,88,88,0,0,0,1,0
48,481914,2,2,0,0,0,2,2,329,4560,23,8,2014,7,2,27,1,2,3,SR-191/ANDREWS HWY,,87,31.98697222,-102.1995778,0,1,0,0,1,1,0,3,3,1,0,1,0,0000000,99,98,99,98,88,88,14,0,0,1,1
48,481915,1,1,0,0,0,1,1,29,6090,24,8,2014,1,19,37,1,11,1,I-410/LOOP 410,,422,29.32305556,-98.43329722,0,30,0,1,19,1,0,3,1,1,0,1,0,0000000,19,37,19,44,20,1,0,0,0,1,0
48,481916,2,2,0,0,0,3,3,201,0,24,8,2014,1,20,45,0,6,4,CR-LOUETTA RD,,0,30.03645556,-95.49562778,0,12,1,0,8,1,0,1,3,1,0,1,0,0000000,99,98,99,98,88,88,0,0,0,1,1
48,481917,2,2,0,0,0,2,2,201,3280,24,8,2014,1,0,30,1,11,1,I-10/EAST FWY,,390,29.77080556,-95.18601667,0,12,1,0,1,1,0,1,3,1,0,1,0,0000000,99,98,99,98,88,88,0,0,0,1,0
48,481918,2,2,0,0,0,4,4,265,3670,24,8,2014,1,18,19,1,13,3,SR-27/JUNCTION HWY,,46,30.06555,-99.17773056,0,12,6,0,1,1,0,1,1,1,0,1,0,0000000,99,98,99,98,88,88,0,0,0,3,0
48,481919,2,2,0,0,0,3,3,303,4140,24,8,2014,1,7,59,0,16,5,82ND ST,AKRON AVE,0,33.51976667,-101.8735417,0,12,6,0,2,3,0,1,1,1,0,1,0,0000000,8,13,8,21,8,39,0,0,0,2,0
48,481920,2,2,0,0,0,3,3,439,2450,24,8,2014,1,0,41,1,11,1,I-35W/NORTH FWY,,34,32.93771944,-97.3142,0,12,1,0,1,1,0,1,2,1,0,1,0,0000000,99,98,99,98,88,88,0,0,0,1,0
48,481921,1,1,0,0,0,2,2,439,2850,24,8,2014,1,2,13,1,11,3,SR-121 RAMP,,8,32.95065833,-97.03749444,0,24,0,1,19,1,0,4,2,1,0,1,0,0000000,99,98,99,98,88,88,0,0,0,2,0
48,481922,3,3,0,0,0,3,3,453,330,24,8,2014,1,5,53,0,16,5,CONGRESS AVE,WOODWARD ST,0,30.22961111,-97.76020556,0,12,1,0,3,2,0,1,3,1,0,1,0,0000000,5,56,6,5,6,22,0,0,0,1,0
48,481923,1,1,0,0,0,1,1,491,6780,24,8,2014,1,3,33,1,13,3,SR-79,,19,30.56730556,-97.43721944,0,1,0,1,18,1,0,1,3,1,0,1,0,0000000,99,98,99,98,88,88,0,0,0,1,1
48,481924,1,1,0,1,1,1,1,29,6090,25,8,2014,2,21,8,1,11,1,I-410/SR-16 CONNALY LOOP,,67,29.39817778,-98.64955833,0,8,0,0,1,1,0,1,3,1,0,1,0,0000000,21,8,21,13,21,35,0,0,0,1,0
48,481925,1,1,0,0,0,1,1,339,0,25,8,2014,2,12,14,0,4,8,FM 149,,200,30.33819444,-95.69746389,0,1,0,0,1,1,0,4,1,1,0,1,0,0000000,99,99,99,99,99,99,0,0,0,1,0
48,481926,1,1,0,0,0,3,3,471,0,25,8,2014,2,14,50,1,1,1,I-45,,80,30.612375,-95.50618889,0,1,0,0,1,1,0,4,1,1,0,1,0,0000000,15,3,15,30,16,8,0,0,0,2,0
48,481927,2,2,0,0,0,5,5,201,3280,26,8,2014,3,6,0,0,16,5,CHIMNEY ROCK RD,BRAESWOOD BLVD,0,29.67810556,-95.47646389,0,12,6,0,2,2,0,1,6,1,0,1,0,0000000,6,11,6,19,7,8,0,0,0,1,0
48,481928,2,2,0,0,0,2,2,169,0,27,8,2014,4,10,23,1,2,2,US-84,,312,33.04351944,-101.2032778,0,12,6,0,8,1,0,3,1,1,0,1,0,0000000,99,99,99,99,88,88,0,0,0,1,0
48,481929,1,1,0,0,0,2,2,371,0,27,8,2014,4,6,45,0,4,8,FM 1053,,237,31.01684722,-102.8192167,0,32,0,0,1,1,0,4,2,1,0,1,0,0000000,99,99,99,99,99,99,0,0,0,1,0
48,481930,1,1,0,0,0,1,1,313,0,29,8,2014,6,0,50,1,1,1,I-45,,161,31.05621111,-95.94837778,0,1,0,0,1,1,0,4,2,1,0,1,0,0000000,99,98,99,98,88,88,0,0,0,1,0
48,481931,1,1,0,0,0,1,1,457,0,29,8,2014,6,6,40,1,2,2,US-69,,74,30.68304722,-94.39313889,0,32,0,0,1,1,0,4,4,1,0,1,0,0000000,99,98,99,98,88,88,0,0,0,1,0
48,481932,2,2,0,0,0,2,2,201,0,30,8,2014,7,0,0,1,12,9,SL 8 SAM HOUSTON TOLLWAY,,3,29.93724167,-95.50626944,0,12,1,0,1,1,0,1,3,10,0,10,0,0000000,99,98,99,98,88,88,0,0,0,1,1
48,481933,3,3,0,1,1,3,3,201,3280,30,8,2014,7,22,9,1,11,1,I-10 EAST FWY,,10,29.76994444,-95.35094167,0,8,0,0,1,1,0,1,3,1,0,1,0,0000000,99,98,99,98,88,88,0,0,0,1,1
48,481934,1,1,0,0,0,1,1,201,3280,31,8,2014,1,3,30,1,12,8,SS 5 (SPUR 5 HWY),UA 90 OLD SPANISH TRAIL,39,29.70975278,-95.33290556,0,35,0,0,3,3,0,4,3,10,0,10,0,0000000,99,98,99,98,88,88,0,0,0,1,1
48,481935,2,2,0,0,0,2,2,453,0,3,8,2014,1,19,55,0,4,8,FM 3238,LONGHORN SKYWAY,98,30.28736944,-98.05284722,0,12,6,0,2,3,0,1,5,10,0,10,0,0000000,20,8,20,22,20,39,0,0,0,1,0
48,481936,1,1,0,1,1,2,2,201,3890,5,8,2014,3,21,55,0,16,5,SENS RD,,0,29.67966111,-95.04668611,0,9,0,0,1,1,0,1,2,10,0,10,0,0000000,99,98,99,98,88,88,0,0,0,1,1
48,481937,1,1,0,1,1,1,1,453,330,7,8,2014,5,20,32,1,11,7,I-35 SERVICE RD,RUTHERFORD LN,236,30.34361944,-97.696825,0,32,0,0,3,3,0,4,1,1,0,1,0,0000000,99,98,99,98,88,88,0,0,0,1,1
48,481938,1,1,0,0,0,2,2,201,0,8,8,2014,6,23,15,1,12,8,SL-8,,88,29.81237222,-95.16369167,0,25,0,0,1,1,0,3,3,1,0,1,0,0000000,99,98,99,98,88,88,0,0,0,2,1
48,481939,3,1,2,0,0,2,2,453,0,9,8,2014,7,22,22,0,6,4,CR-CAMBOURNE DR,,0,30.41536667,-97.64903889,0,14,0,0,1,1,0,4,3,1,0,1,0,0000000,22,15,22,20,22,44,0,0,0,1,1
48,481940,1,1,0,1,1,4,4,61,6110,10,8,2014,1,3,40,1,11,7,US-77/83/69,,185,26.14903889,-97.66685,0,8,0,0,1,1,0,1,3,1,0,1,0,0000000,3,51,4,3,4,40,0,0,0,1,0
48,481941,2,2,0,0,0,2,2,99,0,19,8,2014,3,20,36,0,3,3,SR-36,,291,31.29688056,-97.59606111,0,12,6,0,1,1,0,1,2,1,0,1,0,0000000,99,99,99,99,99,99,0,0,0,1,1
48,481942,2,2,0,0,0,2,2,183,0,19,8,2014,3,17,17,0,3,3,SR-31,,18,32.38024167,-94.95540556,0,12,2,0,1,1,0,1,1,1,0,1,0,0000000,17,22,17,29,17,48,0,0,0,1,0
48,481943,2,2,0,0,0,2,2,201,3280,20,8,2014,4,19,16,1,12,7,SL 8 SAM HOUSTON PKWY,ROCKWELL BLVD,56,29.609375,-95.4838,0,12,6,1,2,2,0,1,3,1,0,1,0,0000000,19,18,19,27,19,49,0,0,0,1,0
48,481944,1,1,0,0,0,1,1,209,0,20,8,2014,4,0,19,0,6,4,CR-1492,,0,29.97500833,-98.09409722,0,42,0,0,1,1,0,4,2,1,0,1,0,0000000,99,98,99,98,88,88,0,0,0,1,0
48,481945,2,2,0,0,0,11,11,131,0,21,8,2014,5,3,56,1,2,2,US-59,,59,27.85527778,-98.71431389,0,12,6,0,1,1,0,1,2,1,0,1,0,0000000,3,53,4,24,6,0,23,0,0,2,0
48,481946,1,1,0,1,1,1,1,201,0,21,8,2014,5,6,20,0,6,4,CR-VETERANS MEMORIAL DR,WILSHIRE PARK DR,0,29.91534722,-95.44280556,0,8,0,0,3,3,0,1,4,1,0,1,0,0000000,6,27,6,35,7,6,0,0,0,1,0
48,481947,2,1,1,0,0,2,2,201,3450,22,8,2014,6,0,45,0,16,5,FIDELITY RD,MARKET ST,0,29.76820278,-95.25607778,0,38,0,0,3,3,0,5,3,1,0,1,0,0000000,99,98,99,98,88,88,0,0,0,2,0
48,481948,1,1,0,0,0,1,1,93,0,23,8,2014,7,5,37,0,4,3,SR-16,,128,31.73651944,-98.52372222,0,11,0,0,1,1,0,1,2,1,0,1,0,0000000,99,98,99,98,88,88,0,0,0,1,0
48,481949,2,2,0,0,0,3,3,239,0,23,8,2014,7,20,28,0,5,8,FM 234,,8,28.9424,-96.74161389,0,12,6,0,1,1,0,1,2,1,0,1,0,0000000,20,28,20,38,22,44,0,0,0,1,0
48,481950,1,1,0,0,0,8,8,313,0,23,8,2014,7,16,17,1,1,1,I-45,,99,30.97647778,-95.89344444,0,1,0,0,1,1,0,10,1,1,0,1,0,0000000,16,25,17,0,17,57,0,0,0,2,0
48,481951,1,1,0,0,0,2,2,477,0,23,8,2014,7,15,40,0,4,8,FM1948,,61,30.28302778,-96.58355556,0,1,0,0,1,1,0,4,1,1,0,1,0,0000000,15,45,16,3,17,2,0,0,0,1,0
48,481952,2,2,0,0,0,2,2,203,0,24,8,2014,1,4,45,1,1,1,I-20,,26,32.46229444,-94.65160833,0,24,0,0,1,1,0,3,2,1,0,1,0,0000000,99,99,99,99,99,99,0,0,0,1,1
48,481953,2,2,0,0,0,5,5,331,0,24,8,2014,1,11,15,1,2,2,US-190,,55,30.87719722,-97.13995,0,12,6,0,1,1,1,2,1,1,0,1,0,0000000,11,24,11,35,12,17,0,0,0,1,0
48,481954,1,1,0,0,0,1,1,39,0,25,8,2014,2,18,22,0,15,8,FM 523,,180,29.07279167,-95.36018611,0,1,0,0,1,1,0,4,9,99,0,99,0,0000000,99,98,99,98,88,88,0,0,0,1,1
48,481955,1,1,0,1,1,1,1,113,1730,26,8,2014,3,5,10,1,13,8,SL12 LEDBETTER DR,KILDARE AVE,329,32.68546667,-96.79295,0,8,0,0,2,3,0,1,3,1,0,1,0,0000000,5,18,5,26,5,55,0,0,0,1,0
48,481956,1,1,0,0,0,1,1,113,3420,26,8,2014,3,17,0,1,12,7,SR-183 AIRPORT FWY,,63,32.83683056,-96.9411,0,1,0,0,1,1,0,1,1,1,0,1,0,0000000,99,98,99,98,88,88,0,0,0,1,1
48,481957,1,1,0,0,0,4,4,121,0,26,8,2014,3,18,21,0,6,4,CR-VIEW RD,,0,33.40471944,-97.19314444,0,30,0,0,1,1,0,4,1,1,0,1,0,0000000,18,24,18,41,19,20,0,0,0,3,1
48,481958,1,1,0,0,0,1,1,493,0,26,8,2014,3,21,40,0,4,3,SR-97,,83,29.086375,-98.2067,0,38,0,0,1,1,0,5,2,1,0,1,0,0000000,22,0,22,18,22,51,0,0,0,1,0
48,481959,1,1,0,0,0,1,1,297,0,27,8,2014,4,5,51,1,1,1,I-37,,38,28.19601389,-97.88725556,0,57,0,0,1,1,0,3,2,1,0,1,0,0000000,99,98,99,98,88,88,0,0,0,1,0
48,481960,1,1,0,0,0,1,1,423,0,27,8,2014,4,1,0,0,14,8,FM14,,146,32.39715,-95.2824,0,42,0,0,1,1,0,5,2,1,0,1,0,0000000,99,98,99,98,88,88,0,0,0,1,0
48,481961,2,2,0,0,0,3,3,65,0,28,8,2014,5,20,50,1,1,1,I-40,,185,35.20753056,-101.314275,0,12,6,0,7,1,0,1,2,1,0,1,0,0000000,20,50,21,20,22,30,0,0,0,1,0
48,481962,1,1,0,0,0,1,1,89,0,28,8,2014,5,10,38,0,3,3,SR-71,,64,29.50020556,-96.4218,0,1,0,0,1,1,0,4,1,1,0,1,0,0000000,99,98,99,98,88,88,0,0,0,1,0
48,481963,2,2,0,0,0,2,2,113,1730,28,8,2014,5,23,16,1,13,3,SR-352 SCYENE RD,,33,32.76491389,-96.71404444,0,12,6,0,1,1,0,1,2,1,0,1,0,0000000,99,98,99,98,88,88,0,0,0,1,0
48,481964,2,2,0,0,0,2,2,235,0,28,8,2014,5,5,45,0,3,2,US-67,,104,31.16214444,-101.1008389,0,12,1,0,1,1,0,1,2,1,0,1,0,0000000,99,98,99,98,88,88,0,0,0,1,0
48,481965,2,2,0,0,0,7,7,113,1730,29,8,2014,6,21,30,0,16,5,WHEATLAND RD,,0,32.64746944,-96.86755833,0,12,6,0,8,1,0,1,3,1,0,1,0,0000000,21,35,21,44,22,25,0,0,0,1,1
48,481966,1,1,0,0,0,1,1,375,0,29,8,2014,6,21,13,0,6,4,CR-N PARK CIR,CR-E PARK CIR,0,35.39986389,-101.8542944,0,1,0,0,3,10,0,4,2,1,0,1,0,0000000,99,99,99,99,99,99,0,0,0,1,1
48,481967,1,1,0,0,0,1,1,181,0,30,8,2014,7,2,20,0,6,4,CR-ROCK CREEK RD,,0,33.85411111,-96.89648611,0,1,0,0,1,1,0,4,2,1,0,1,0,0000000,99,98,99,98,88,88,0,0,0,1,1
48,481968,2,2,0,0,0,2,2,201,3280,30,8,2014,7,21,44,0,16,5,GENOA RED BLUFF RD,,0,29.63095556,-95.15044722,0,33,0,0,1,1,0,4,3,10,0,10,0,0000000,21,39,21,49,22,24,0,0,0,1,1
48,481969,1,1,0,0,0,1,1,375,150,30,8,2014,7,13,46,1,11,1,I-40,,168,35.19498333,-101.8681972,0,25,0,0,1,1,0,3,1,1,0,1,0,0000000,99,98,99,98,88,88,0,0,0,1,1
48,481970,1,1,0,0,0,1,1,453,330,30,8,2014,7,5,19,1,12,2,US-290,,36,30.32166944,-97.68563056,0,30,0,0,1,1,0,3,3,1,0,1,0,0000000,99,98,99,98,88,88,0,0,0,1,1
48,481971,1,1,0,1,1,1,1,29,6090,31,8,2014,1,22,16,0,16,5,COMMERCE ST,23RD ST,0,29.42945,-98.54113056,0,8,0,0,3,3,0,1,2,1,0,1,0,0000000,22,16,22,22,22,42,0,0,0,1,0
48,481972,1,1,0,0,0,1,1,97,2550,31,8,2014,1,11,16,1,11,1,I-35,,135,33.61365,-97.14889444,0,24,0,0,1,1,0,4,1,1,0,1,0,0000000,99,98,99,98,88,88,0,0,0,1,0
48,481973,1,1,0,0,0,6,6,113,1730,31,8,2014,1,21,9,0,16,5,BONNIE VIEW RD,,0,32.62619444,-96.75084167,0,33,0,0,1,1,0,4,3,1,0,1,0,0000000,21,10,21,16,22,47,0,0,0,6,1
48,481974,2,2,0,0,0,2,2,201,0,31,8,2014,1,1,50,0,6,4,CR-GRANT RD,CR-QUAIL FOREST DR,0,29.99231111,-95.62078056,0,12,6,0,2,3,0,1,3,1,0,1,0,0000000,99,99,99,99,88,88,0,0,0,1,1
48,481975,1,1,0,0,0,1,1,203,0,31,8,2014,1,14,44,0,4,8,FM 449,,3,32.60773056,-94.69758056,0,32,0,0,1,1,0,4,1,1,0,1,0,0000000,99,98,99,98,88,88,0,0,0,1,1
48,481976,1,1,0,2,2,1,1,471,0,31,8,2014,1,3,23,0,4,8,FM 1696,FM 2550,0,30.7478,-95.70163056,0,38,0,0,3,3,0,5,6,1,0,1,0,0000000,99,99,99,99,99,99,0,0,0,1,1
48,481977,3,3,0,0,0,3,3,141,2190,19,4,2014,7,2,23,1,13,8,FM 659/ZARAGOZA RD,,63,31.74780556,-106.2827528,0,12,1,0,1,1,0,1,3,1,0,1,0,0000000,2,38,2,43,3,11,0,0,0,1,2
48,481978,1,1,0,0,0,1,1,353,6720,23,6,2014,2,22,13,0,16,5,NEWMAN ST,,0,32.46498333,-100.3930833,0,35,0,0,1,1,0,4,2,1,0,1,0,0000000,99,98,99,98,88,88,0,0,0,1,1
48,481979,2,2,0,0,0,5,5,85,5730,10,8,2014,1,0,34,0,16,5,PRESIDENT GEORGE BUSH TURNPIKE,,0,33.00371111,-96.71478056,0,20,0,0,1,1,0,8,3,10,0,10,0,0000000,99,98,99,98,88,88,14,0,0,1,1
48,481980,1,1,0,0,0,7,7,229,0,12,8,2014,3,3,40,1,1,1,I-10,,300,31.19218056,-105.6078,0,1,0,0,1,1,0,3,2,1,0,1,0,0000000,99,99,99,99,99,99,0,0,0,1,0
48,481981,2,2,0,0,0,2,2,201,3280,13,8,2014,4,14,55,0,16,5,BAY AREA BLVD,RESENDA DR,0,29.56342778,-95.11412778,0,12,6,0,2,2,0,1,1,10,0,10,0,0000000,14,57,15,1,15,27,0,0,0,1,0
48,481982,2,2,0,0,0,2,2,453,330,15,8,2014,6,3,56,0,16,5,7TH ST,PERDERNALES ST,0,30.26087778,-97.713725,0,12,6,0,2,2,0,1,3,1,0,1,0,0000000,3,57,4,4,4,21,0,0,0,1,1
48,481983,2,2,0,0,0,5,5,29,4015,20,8,2014,4,16,55,1,11,1,I-35 RAMP,,383,29.56949444,-98.33526111,0,12,7,1,20,1,0,1,1,10,0,10,0,0000000,17,0,17,10,17,30,0,0,0,1,0
48,481984,2,2,0,1,1,5,5,355,1550,22,8,2014,6,20,51,1,12,3,SR-358 PADRE ISLAND DR,,24,27.76776111,-97.46867222,0,8,0,0,1,1,0,1,3,1,0,1,0,0000000,99,98,99,98,88,88,0,0,0,1,0
48,481985,2,2,0,0,0,5,5,253,0,23,8,2014,7,20,35,1,2,2,US-83,,369,32.55445,-99.78044722,0,12,6,0,7,1,0,1,2,1,0,1,0,0000000,99,99,99,99,99,99,0,0,0,1,1
48,481986,2,2,0,0,0,3,3,491,0,23,8,2014,7,16,27,0,15,8,FM971,,26,30.67169444,-97.63136667,0,12,6,0,1,1,0,1,1,1,0,1,0,0000000,16,29,16,37,17,1,0,0,0,1,1
48,481987,2,2,0,0,0,8,8,41,0,24,8,2014,1,15,42,1,2,2,US-190,,33,30.72903056,-96.32992222,0,12,1,0,1,1,0,1,1,1,0,1,0,0000000,15,42,15,55,16,12,0,0,0,1,0
48,481988,3,3,0,0,0,4,4,343,0,28,8,2014,5,12,11,1,1,1,I-30,,12,33.28138889,-94.79678056,0,12,1,0,1,1,0,1,1,1,0,1,0,0000000,12,15,12,27,12,56,0,0,0,1,0
48,481989,1,1,0,0,0,1,1,449,0,28,8,2014,5,10,0,0,4,8,FM1734,,114,33.19082778,-95.09268889,0,32,0,0,1,1,0,4,1,1,0,1,0,0000000,99,98,99,98,88,88,0,0,0,1,0
48,481990,3,3,0,0,0,3,3,187,2635,29,8,2014,6,10,0,1,3,3,SR-123,CR-122 GERONIMO DR,91,29.67568333,-97.96444722,0,12,7,0,3,3,0,1,1,1,0,1,0,0000000,99,99,99,99,99,99,0,0,0,1,0
48,481991,2,2,0,0,0,5,5,289,0,29,8,2014,6,18,7,1,2,2,US-79,,52,31.55638611,-95.91430833,0,12,1,0,1,1,0,1,1,2,0,2,0,0000000,99,98,99,98,88,88,0,0,0,2,0
48,481992,2,2,0,0,0,5,5,309,0,29,8,2014,6,18,15,0,3,3,SR-317 LONESTAR PKWY,BLUE CUT RD,224,31.34611111,-97.36905278,0,12,6,0,2,2,0,1,1,10,0,10,0,0000000,99,99,99,99,99,99,0,0,0,1,1
48,481993,1,1,0,1,1,2,2,339,0,29,8,2014,6,0,55,0,3,8,FM 1314,,110,30.19710278,-95.34657778,0,8,0,0,1,1,0,1,2,1,0,1,0,0000000,99,99,99,99,99,99,0,0,0,1,0
48,481994,1,1,0,0,0,2,2,109,0,31,8,2014,1,17,33,1,1,1,I-10,,310,31.06609167,-104.4757389,0,1,0,0,1,1,0,1,1,1,0,1,0,0000000,17,34,17,55,18,37,0,0,0,1,0
48,481995,1,1,0,0,0,6,6,55,0,17,8,2014,1,4,31,1,2,3,SR-130,,61,29.94967778,-97.67436944,0,1,0,0,1,1,0,10,2,1,0,1,0,0000000,4,42,5,5,5,42,0,0,0,1,0
48,481996,1,1,0,1,1,1,1,499,7560,24,8,2014,1,4,36,0,16,5,CARVER,,0,32.95750556,-95.28216944,0,8,0,0,8,1,0,98,2,10,0,10,0,0000000,99,98,99,98,88,88,0,0,0,1,1
48,481997,1,1,0,0,0,1,1,145,0,28,8,2014,5,21,10,0,4,8,FM 434,,5,31.39159167,-97.03823889,0,23,0,0,1,1,0,4,2,99,0,99,0,0000000,99,98,99,98,88,88,0,0,0,1,1
48,481999,1,1,0,0,0,1,1,251,0,31,8,2014,1,8,34,0,5,8,FM 2135,,44,32.29228889,-97.32768889,0,32,0,0,1,1,0,4,4,1,0,1,0,0000000,99,98,99,98,88,88,0,0,0,1,1
48,482000,2,2,0,0,0,6,6,127,0,31,8,2014,1,16,28,1,2,2,US-83,,44,28.57941389,-99.83714444,0,12,6,0,1,1,0,1,2,1,0,1,0,0000000,20,32,20,41,21,15,0,0,0,1,0
48,482001,1,1,0,0,0,1,1,27,3690,2,2,2014,1,23,40,1,13,8,FM 439 RANCIER AVE,,146,31.11371944,-97.65996667,0,59,0,0,1,1,0,4,2,1,0,1,0,0000000,23,40,23,45,0,48,0,0,0,1,1
48,482002,1,1,0,0,0,1,1,141,2190,4,1,2014,7,1,1,1,13,3,SR-20 MESA ST,,126,31.836875,-106.5577917,0,30,0,0,1,1,0,4,3,1,0,1,0,0000000,99,98,99,98,88,88,0,0,0,1,1
48,482003,1,1,0,0,0,2,2,309,5770,28,6,2014,7,0,47,1,2,3,SR-6,,431,31.47758611,-96.92493889,0,24,0,0,1,1,0,4,2,1,0,1,0,0000000,99,99,99,99,99,99,0,0,0,1,1
48,482004,1,1,0,0,0,1,1,201,0,19,8,2014,3,12,0,0,6,4,CR-STEEPLEWAY BLVD,CR-PADDOCK WAY,0,29.91494722,-95.59375556,0,42,0,0,3,3,0,4,1,10,0,10,0,0000000,12,2,12,13,12,32,0,0,0,1,0
48,482005,6,6,0,0,0,13,13,141,2190,20,8,2014,4,21,14,1,11,1,I-10,,348,31.70226389,-106.2851861,0,12,1,1,18,1,1,1,3,1,0,1,0,0000000,21,15,21,29,21,57,0,0,0,2,1
48,482006,1,1,0,0,0,1,1,471,3340,23,8,2014,7,2,40,1,11,7,I-45/US-190,,170,30.73001111,-95.58069167,0,34,0,0,1,1,0,10,2,1,0,1,0,0000000,99,98,99,98,88,88,0,0,0,1,1
48,482007,1,1,0,1,1,1,1,85,92,24,8,2014,1,2,11,0,16,5,STACY RD,,0,33.129975,-96.67233056,0,33,0,0,1,1,0,4,3,1,0,1,0,0000000,2,13,2,23,2,58,0,0,0,1,1
48,482008,1,1,0,1,1,1,1,113,1730,24,8,2014,1,22,5,1,11,7,I-35/US-67 R L THORNTON FWY,EWING AVE,142,32.745775,-96.81273056,0,8,0,1,3,2,0,1,3,1,0,1,0,0000000,22,8,22,11,22,26,0,0,0,1,0
48,482009,1,1,0,0,0,1,1,251,120,28,8,2014,5,12,17,1,1,7,I-35W,CR-401 BI35V,23,32.39396944,-97.21273611,0,46,0,1,3,2,0,10,1,1,0,1,0,0000000,12,20,12,26,13,15,0,0,0,1,0
48,482010,2,2,0,0,0,6,6,203,7260,29,8,2014,6,23,17,1,1,7,I-20,I-20 RAMP,382,32.46728333,-94.05846389,0,12,6,1,5,1,0,1,2,10,0,10,0,0000000,23,17,23,22,23,48,0,0,0,1,0
48,482011,2,2,0,0,0,7,7,453,0,29,8,2014,6,23,28,1,13,2,US-183/LOCKHART HWY,,310,30.16,-97.69415,0,12,1,0,1,1,0,1,2,1,0,1,0,0000000,99,98,99,98,88,88,0,0,0,1,0