STATE,ST_CASE,VE_TOTAL,VE_FORMS,PVH_INVL,PEDS,PERNOTMVIT,PERMVIT,PERSONS,COUNTY,CITY,DAY,MONTH,YEAR,DAY_WEEK,HOUR,MINUTE,NHS,ROAD_FNC,ROUTE,TWAY_ID,TWAY_ID2,MILEPT,LATITUDE,LONGITUD,SP_JUR,HARM_EV,MAN_COLL,RELJCT1,RELJCT2,TYP_INT,WRK_ZONE,REL_ROAD,LGT_COND,WEATHER1,WEATHER2,WEATHER,SCH_BUS,RAIL,NOT_HOUR,NOT_MIN,ARR_HOUR,ARR_MIN,HOSP_HR,HOSP_MN,CF1,CF2,CF3,FATALS,DRUNK_DR
48,482012,1,1,0,0,0,1,1,113,2310,30,8,2014,7,4,38,0,16,5,ALPHA RD,,0,32.93258889,-96.84356667,0,33,0,0,1,1,0,4,3,1,0,1,0,0000000,99,98,99,98,88,88,0,0,0,1,1
48,482013,1,1,0,0,0,3,3,251,0,30,8,2014,7,13,26,1,2,2,US-67,,38,32.3068,-97.54256111,0,32,0,0,1,1,1,4,1,1,0,1,0,0000000,13,30,13,38,14,6,3,0,0,1,0
48,482014,2,2,0,0,0,3,3,37,0,1,9,2014,2,0,23,1,1,1,I-30,,332,33.4652,-94.19463056,0,1,0,0,1,1,0,1,2,1,0,1,0,0000000,0,16,0,26,0,55,0,0,0,1,0
48,482015,1,1,0,0,0,2,2,53,0,1,9,2014,2,0,38,0,6,4,CR-223,,3,31.00081944,-97.9528,0,42,0,0,1,1,0,5,2,10,0,10,0,0000000,0,39,1,6,2,40,0,0,0,1,1
48,482016,1,1,0,0,0,2,2,49,0,1,9,2014,2,8,20,0,4,8,FM 1689,,24,31.97975,-98.88138889,0,1,0,0,1,1,0,4,1,1,0,1,0,0000000,99,99,99,99,99,99,0,0,0,1,0
48,482017,2,2,0,0,0,3,3,113,1730,1,9,2014,2,14,0,0,16,5,MARSH LN,CLOVER LN,0,32.87061111,-96.85609167,0,12,6,0,3,3,0,1,1,1,0,1,0,0000000,14,2,14,8,14,26,0,0,0,1,0
48,482018,1,1,0,0,0,1,1,127,0,1,9,2014,2,18,46,0,4,8,FM 133,,75,28.32236944,-99.51008889,0,38,0,0,1,1,0,5,1,1,0,1,0,0000000,99,98,99,98,88,88,0,0,0,1,0
48,482019,2,2,0,0,0,3,3,143,0,1,9,2014,2,16,8,0,3,2,US-281,,15,32.50583056,-98.13223056,0,12,6,0,1,1,0,1,1,1,0,1,0,0000000,16,27,16,47,17,28,0,0,0,1,0
48,482020,1,1,0,0,0,1,1,167,6213,1,9,2014,2,2,57,0,16,5,AVE A,,0,29.35898889,-95.05538056,0,32,0,0,1,1,0,4,2,1,0,1,0,0000000,99,98,99,98,88,88,0,0,0,1,1
48,482021,1,1,0,1,1,1,1,201,3280,1,9,2014,2,0,50,1,11,1,I-45 NORTH FWY,,273,29.80370556,-95.37249444,0,8,0,1,18,1,0,1,3,1,0,1,0,0000000,99,99,99,99,88,88,0,0,0,1,0
48,482022,2,2,0,0,0,2,2,297,0,1,9,2014,2,13,43,1,1,7,I-37,,193,28.37391667,-98.05074722,0,12,2,0,1,1,0,1,1,1,0,1,0,0000000,14,2,14,29,15,19,0,0,0,1,0
48,482023,1,1,0,0,0,1,1,313,0,1,9,2014,2,6,45,0,4,3,SR-75,,5,31.08718889,-95.92510278,0,1,0,0,1,1,0,4,9,99,0,99,0,0000000,99,98,99,98,88,88,0,0,0,1,1
48,482024,2,2,0,0,0,3,3,37,6850,2,9,2014,3,13,4,1,11,7,I-30,,365,33.45522222,-94.1396,0,24,0,0,1,1,0,10,1,10,0,10,0,0000000,13,6,13,12,13,34,0,0,0,2,0
48,482025,1,1,0,0,0,2,2,113,1730,2,9,2014,3,3,25,1,12,2,US-175,,42,32.72151111,-96.69581944,0,24,0,1,19,1,0,10,3,1,0,1,0,0000000,3,25,3,27,3,44,0,0,0,1,1
48,482026,3,3,0,0,0,5,5,361,5100,2,9,2014,3,16,15,1,11,1,I-10,,180,30.11365556,-93.81356667,0,12,1,0,1,1,0,1,1,1,0,1,0,0000000,99,99,99,99,99,99,0,0,0,1,0
48,482027,1,1,0,0,0,1,1,441,30,2,9,2014,3,9,56,0,16,5,JUDGE ELY BLVD,,0,32.459975,-99.70594444,0,59,0,0,8,1,0,4,1,1,0,1,0,0000000,9,59,10,4,10,29,0,0,0,1,0
48,482028,1,1,0,0,0,1,1,487,0,2,9,2014,3,6,0,0,3,2,US-183/283,,152,33.98318611,-99.21962222,0,59,0,0,1,1,0,4,2,1,0,1,0,0000000,99,98,99,98,88,88,0,0,0,1,0
48,482029,2,2,0,0,0,2,2,199,0,3,9,2014,4,17,24,0,4,8,FM 92,AIRLINE RD,67,30.429925,-94.18608056,0,12,98,0,2,3,0,1,1,1,0,1,0,0000000,99,99,99,99,99,99,0,0,0,1,0
48,482030,4,3,1,0,1,3,4,201,3280,3,9,2014,4,21,0,1,11,1,I-10,,163,29.78465,-95.54779167,0,45,0,0,1,1,2,2,3,1,0,1,0,0000000,21,1,21,6,22,6,0,0,0,1,1
48,482031,1,1,0,1,1,1,1,201,3280,3,9,2014,4,7,12,0,16,5,LITTLE YORK RD,,0,29.86988056,-95.40423611,0,8,0,0,1,1,0,1,1,1,0,1,0,0000000,7,21,7,26,7,44,0,0,0,1,0
48,482032,1,1,0,1,1,3,3,201,3280,3,9,2014,4,7,40,0,16,5,NEFF ST,,0,29.70137222,-95.53578611,0,8,0,0,1,1,0,1,1,1,0,1,0,0000000,99,98,99,98,88,88,0,0,0,1,0
48,482033,2,2,0,0,0,2,2,257,0,3,9,2014,4,8,21,1,1,1,I-20,,86,32.69962778,-96.36710833,0,12,1,0,1,1,0,1,1,1,0,1,0,0000000,99,98,99,98,88,88,0,0,0,1,0
48,482034,2,2,0,0,0,2,2,285,0,3,9,2014,4,17,16,0,4,8,UA77,,169,29.42809444,-96.99071389,0,12,2,0,1,1,0,1,1,1,0,1,0,0000000,99,99,99,99,99,99,0,0,0,1,0
48,482035,2,2,0,0,0,2,2,337,0,3,9,2014,4,5,25,1,2,2,US-287,,53,33.61696667,-97.97371389,0,12,1,0,1,1,0,1,2,1,0,1,0,0000000,99,98,99,98,88,88,0,0,0,1,0
48,482036,1,1,0,0,0,1,1,441,0,3,9,2014,4,12,30,0,3,2,US-277,,45,32.26497222,-99.97015,0,24,0,0,1,1,0,4,1,1,0,1,0,0000000,13,23,13,49,14,27,0,0,0,1,0
48,482037,1,1,0,1,1,2,2,487,7180,3,9,2014,4,6,2,1,13,2,US-287,,214,34.16264167,-99.31229167,0,8,0,0,1,1,0,1,2,1,0,1,0,0000000,99,98,99,98,88,88,0,0,0,1,0
48,482038,3,3,0,0,0,5,5,495,0,3,9,2014,4,18,18,0,3,3,SR-302,,160,31.87353056,-102.9905222,0,12,2,0,1,1,0,1,1,1,0,1,0,0000000,18,28,19,12,20,27,0,0,0,1,0
48,482039,1,1,0,1,1,3,3,355,5420,12,4,2014,7,21,43,0,3,3,SR-361 ALISTER ST,,105,27.82219722,-97.07166667,0,8,0,0,1,1,0,1,2,10,0,10,0,0000000,21,46,21,50,22,35,0,0,0,1,0
48,482040,1,1,0,2,2,1,1,355,1550,6,6,2014,6,20,53,0,16,5,25TH ST,,0,27.77839722,-97.41921944,0,8,0,0,1,1,0,1,3,1,0,1,0,0000000,20,53,20,56,21,5,0,0,0,1,1
48,482041,2,2,0,0,0,2,2,229,0,27,7,2014,1,18,20,1,2,2,US-62/180,,357,31.77338056,-105.4369583,0,12,6,0,1,1,0,1,1,1,0,1,0,0000000,18,37,19,50,20,33,0,0,0,1,0
48,482042,1,1,0,0,0,2,2,215,0,19,8,2014,3,2,5,0,6,4,CR-IOWA RD,,0,26.30863889,-98.41308333,0,34,0,0,1,1,0,4,2,1,0,1,0,0000000,99,98,99,98,88,88,0,0,0,2,0
48,482043,2,2,0,0,0,3,3,373,1560,21,8,2014,5,13,15,1,2,2,US-59,,108,30.97754167,-94.82644444,0,12,1,0,8,1,0,1,1,1,0,1,0,0000000,13,30,14,10,15,3,0,0,0,1,0
48,482044,2,2,0,0,0,6,6,479,0,2,9,2014,3,15,25,0,4,3,SR-359,FM 649,320,27.46184722,-99.00152778,0,12,1,0,3,3,0,1,1,10,0,10,1,0000000,99,99,99,99,99,99,0,0,0,1,0
48,482046,1,1,0,1,1,6,6,113,1730,4,9,2014,5,22,15,1,13,3,SR-12 BUCKNER BLVD,ELAM RD,106,32.71933333,-96.68303889,0,8,0,0,3,2,0,1,3,1,0,1,0,0000000,99,98,99,98,88,88,0,0,0,1,0
48,482047,2,2,0,0,0,2,2,133,0,4,9,2014,5,7,45,0,3,2,US-183,,126,32.36856944,-98.97007778,0,12,1,0,1,1,0,1,1,1,0,1,0,0000000,99,98,99,98,88,88,0,0,0,1,0
48,482048,1,1,0,1,1,1,1,135,5030,4,9,2014,5,21,17,1,11,1,I-20,,358,31.83343056,-102.3405444,0,8,0,0,1,1,0,1,2,1,0,1,0,0000000,99,98,99,98,88,88,0,0,0,1,0
48,482049,1,1,0,1,1,2,2,201,3280,4,9,2014,5,21,17,0,16,5,POST OAK RD,,358,29.66238333,-95.46414167,0,8,0,0,1,1,0,3,3,1,0,1,0,0000000,99,98,99,98,88,88,0,0,0,1,0
48,482050,1,1,0,0,0,1,1,201,3280,4,9,2014,5,23,28,1,11,1,I-45 NORTH FWY,,367,29.93058611,-95.412075,0,1,0,0,1,1,0,2,3,1,0,1,0,0000000,99,98,99,98,88,88,0,0,0,1,0
48,482051,1,1,0,0,0,1,1,215,0,4,9,2014,5,7,28,1,13,8,FM 2220/WARE RD,,118,26.28815,-98.24908056,0,52,0,0,1,1,0,4,1,1,0,1,0,0000000,99,98,99,98,88,88,0,0,0,1,1
48,482052,2,2,0,0,0,3,3,235,0,4,9,2014,5,10,45,0,4,3,SR-163,,167,31.30068889,-101.1624806,0,12,6,0,1,1,0,4,1,1,0,1,0,0000000,11,12,11,46,12,24,0,0,0,2,0
48,482053,2,2,0,0,0,3,3,53,0,5,9,2014,6,20,44,1,2,2,US-183,,54,30.9782,-98.08046944,0,12,6,0,1,1,0,1,5,10,0,10,0,0000000,20,50,21,0,21,59,0,0,0,2,0
48,482054,2,2,0,0,0,2,2,149,3790,5,9,2014,6,18,15,0,3,2,US-77/JEFFERSON ST,,132,29.91308056,-96.88181944,0,12,2,0,1,1,0,1,1,1,0,1,0,0000000,18,21,18,43,19,17,0,0,0,1,0
48,482055,1,1,0,0,0,1,1,201,0,5,9,2014,6,19,41,1,11,1,I-10/KATY FWY,,239,29.77742222,-95.42858889,0,25,0,0,1,1,0,4,3,1,0,1,0,0000000,99,98,99,98,88,88,0,0,0,1,1
48,482056,2,2,0,0,0,3,3,205,0,5,9,2014,6,15,35,1,2,2,US-87,,47,35.8672,-102.3500111,0,12,6,0,1,1,1,2,1,2,0,2,0,0000000,15,41,16,8,16,41,0,0,0,1,0
48,482057,2,2,0,0,0,2,2,419,0,5,9,2014,6,9,34,1,2,2,US-96,FM 2140,100,31.67101389,-94.16255278,0,12,6,0,2,3,0,1,1,1,0,1,0,0000000,9,39,10,22,11,3,0,0,0,1,0
48,482058,2,2,0,0,0,3,3,441,30,5,9,2014,6,14,55,1,11,7,I-20,BI 20/RAMP,89,32.43780556,-99.63640556,0,12,2,0,3,4,0,1,1,1,0,1,0,0000000,99,99,99,99,99,99,0,0,0,1,0
48,482059,1,1,0,0,0,1,1,113,1730,6,9,2014,7,3,55,1,12,8,SL 8/WALTON WALKER BLVD,,144,32.76145833,-96.91585278,0,21,0,1,19,1,0,10,3,1,0,1,0,0000000,3,56,4,2,4,26,0,0,0,1,1
48,482060,2,2,0,0,0,5,5,201,3280,6,9,2014,7,2,40,1,11,7,I-45/NORTH FREEWAY,WEST RD,355,29.91511111,-95.41293889,0,12,6,0,2,2,0,1,3,1,0,1,0,0000000,2,48,2,54,3,17,0,0,0,2,1
48,482061,2,2,0,0,0,3,3,201,3280,6,9,2014,7,18,30,0,16,5,FONDREN RD,,0,29.63091944,-95.50771667,0,10,0,0,6,1,0,1,1,10,0,10,0,755624C,18,39,18,44,19,10,0,0,0,1,0
48,482062,2,2,0,0,0,3,3,231,0,6,9,2014,7,12,45,0,3,3,SR-34,,90,32.86992222,-96.14845833,0,12,6,0,1,1,0,1,1,1,0,1,0,0000000,13,41,13,45,14,18,0,0,0,1,0
48,482063,2,2,0,0,0,4,4,355,0,6,9,2014,7,14,45,1,4,3,SR-286 CHAPMAN RANCH RD,CR-20A PRAIRIE RD,53,27.66634444,-97.45439167,0,12,6,0,2,2,0,1,1,10,0,10,0,0000000,99,98,99,98,88,88,0,0,0,1,0
48,482064,1,1,0,0,0,1,1,403,0,6,9,2014,7,19,20,1,2,3,SR-21/103,,52,31.43036389,-93.86306944,0,1,0,0,1,1,0,4,1,10,0,10,0,0000000,99,99,99,99,99,99,0,0,0,1,0
48,482066,1,1,0,0,0,3,3,29,6090,7,9,2014,1,20,29,1,11,7,I-35,,178,29.36246667,-98.52181667,0,52,0,0,1,1,0,10,3,1,0,1,0,0000000,99,98,99,98,88,88,0,0,0,1,1
48,482067,1,1,0,1,1,1,1,61,3030,7,9,2014,1,5,3,1,13,8,SL499 COLONEL BILL CARD JR,,25,26.22396667,-97.69826667,0,9,0,0,1,1,0,1,2,1,0,1,0,0000000,99,98,99,98,88,88,0,0,0,1,0
48,482068,2,2,0,0,0,2,2,113,1730,7,9,2014,1,20,25,1,13,8,SL12 WALTON WALKER BLVD,,108,32.71139444,-96.90889722,0,12,7,0,1,1,0,1,2,1,0,1,0,0000000,20,30,20,31,20,55,0,0,0,1,1
48,482069,1,1,0,0,0,1,1,121,1190,7,9,2014,1,20,40,1,11,1,I-35E STEMMONS FWY,,343,32.98902778,-96.93943889,0,25,0,0,1,1,0,10,2,1,0,1,0,0000000,99,98,99,98,88,88,0,0,0,1,0
48,482070,1,1,0,0,0,1,1,135,0,7,9,2014,1,16,59,0,6,4,CR-HACIENDA ST,,0,31.82284444,-102.500675,0,43,0,0,1,1,0,4,1,1,0,1,0,0000000,99,98,99,98,88,88,0,0,0,1,0
48,482071,1,1,0,0,0,1,1,199,0,7,9,2014,1,17,59,0,6,4,CR-FRESENIUS RD,,0,30.36281667,-94.21573056,0,11,0,0,1,1,0,1,1,10,0,10,0,0000000,99,98,99,98,88,88,0,0,0,1,0
48,482072,1,1,0,1,1,5,5,201,3280,7,9,2014,1,11,17,1,11,2,US-59,,84,29.72566111,-95.47295278,0,8,0,0,1,1,0,1,1,1,0,1,0,0000000,99,98,99,98,88,88,0,0,0,1,0
48,482073,1,1,0,0,0,5,5,435,0,7,9,2014,1,13,36,1,2,2,US-277,,116,30.41647222,-100.6962639,0,38,0,0,1,1,0,5,1,10,0,10,0,0000000,13,38,13,47,14,20,0,0,0,1,0
48,482074,1,1,0,0,0,1,1,439,2450,7,9,2014,1,14,4,1,12,3,SR-121 AIRPORT FWY,,74,32.76850833,-97.30145833,0,24,0,0,1,1,0,4,1,1,0,1,0,0000000,14,7,14,11,14,30,0,0,0,1,1
48,482075,2,2,0,0,0,2,2,439,2450,7,9,2014,1,21,38,0,16,5,EDDERVILLE RD,,0,32.75868333,-97.21188611,0,12,6,0,1,1,0,1,2,1,0,1,0,0000000,21,41,21,46,22,34,0,0,0,1,1
48,482076,1,1,0,0,0,1,1,169,0,8,9,2014,2,14,13,1,2,2,US-84,,378,32.98293056,-101.1179389,0,52,0,0,1,1,0,4,1,1,0,1,0,0000000,14,11,14,31,15,36,0,0,0,1,0
48,482077,1,1,0,1,1,2,2,201,0,8,9,2014,2,17,55,0,6,4,CR-SEVEN MILE LN,,0,29.87933889,-95.34902778,0,9,0,0,1,1,0,1,1,10,0,10,0,0000000,99,98,99,98,88,88,0,0,0,1,0
48,482078,2,2,0,0,0,2,2,203,0,8,9,2014,2,5,10,0,4,8,FM9,,122,32.51143056,-94.06996944,0,12,2,0,1,1,1,1,2,1,0,1,0,0000000,5,24,5,41,6,6,0,0,0,1,0
48,482079,1,1,0,0,0,1,1,353,0,8,9,2014,2,14,1,0,6,4,CR-282 AVENUE A,,0,32.4771,-100.3867806,0,42,0,0,1,1,0,4,1,1,0,1,0,0000000,99,98,99,98,88,88,20,0,0,1,0
48,482081,1,1,0,0,0,6,6,25,0,9,9,2014,3,18,55,0,6,5,COX ST,SANDOVAL ST,0,28.39109167,-97.78070833,0,5,0,0,2,3,0,1,1,10,0,10,0,0000000,99,99,99,99,99,99,0,0,0,1,0
48,482082,2,2,0,2,2,1,1,113,2800,9,9,2014,3,13,57,1,12,3,SR-161 TOLLWAY,,176,32.80217778,-97.01856667,0,8,0,0,1,1,0,1,1,1,0,1,0,0000000,99,99,99,99,88,88,15,0,0,1,0
48,482084,2,2,0,0,0,3,3,389,0,9,9,2014,3,16,7,1,1,1,I-20,,197,31.21937222,-103.9075694,0,12,1,0,1,1,0,1,1,1,0,1,0,0000000,99,99,99,99,99,99,0,0,0,1,0
48,482085,1,1,0,0,0,1,1,471,0,9,9,2014,3,4,17,1,11,1,I-45,,115,30.67600556,-95.51977778,0,24,0,0,1,1,0,4,2,1,0,1,0,0000000,99,98,99,98,88,88,0,0,0,1,0
48,482086,1,1,0,0,0,1,1,13,0,10,9,2014,4,6,55,0,4,8,FM 476,,30,29.16453889,-98.68263889,0,32,0,0,1,1,0,4,1,1,0,1,0,0000000,7,6,7,20,8,4,0,0,0,1,0
48,482087,1,1,0,0,0,1,1,113,1730,10,9,2014,4,2,50,0,16,5,MAPLE AVE,,0,32.81483056,-96.8269,0,33,0,0,1,1,0,4,3,1,0,1,0,0000000,2,55,3,0,3,14,0,0,0,1,0
48,482088,1,1,0,0,0,1,1,113,2800,10,9,2014,4,21,50,0,16,5,WILDLIFE PKWY,,0,32.77785,-97.01320278,0,33,0,0,1,1,0,3,3,1,0,1,0,0000000,99,98,99,98,88,88,0,0,0,1,0
48,482089,2,2,0,0,0,2,2,127,0,10,9,2014,4,10,30,1,2,2,US-83,,131,28.45814167,-99.78773056,0,12,2,0,1,1,0,1,1,10,0,10,0,0000000,10,41,10,52,11,47,0,0,0,1,0
48,482090,2,2,0,0,0,3,3,201,480,10,9,2014,4,21,59,0,16,5,MAIN ST,,0,29.76291111,-94.96401389,0,12,2,0,1,1,0,1,2,1,0,1,0,0000000,22,5,22,17,22,43,0,0,0,2,0
48,482091,1,1,0,0,0,2,2,245,0,10,9,2014,4,12,13,0,4,8,FM365,,101,29.94455,-94.32466944,0,53,0,0,1,1,0,4,1,1,0,1,0,0000000,12,15,12,36,13,8,0,0,0,1,0
48,482092,1,1,0,0,0,2,2,303,0,10,9,2014,4,21,35,1,12,2,US-87,,52,33.48911944,-101.8444444,0,1,0,0,1,1,0,3,2,1,0,1,0,0000000,21,35,21,43,22,2,0,0,0,1,1
48,482093,2,2,0,1,1,2,2,375,150,10,9,2014,4,4,4,1,11,1,I-40,,204,35.19305833,-101.8050222,0,8,0,0,1,1,0,1,3,1,0,1,0,0000000,99,98,99,98,88,88,0,0,0,1,0
48,482094,1,1,0,0,0,1,1,465,0,10,9,2014,4,3,24,1,2,2,US-277,,56,30.02746111,-100.7416111,0,1,0,0,1,1,0,4,2,1,0,1,0,0000000,99,98,99,98,88,88,0,0,0,1,1
48,482095,1,1,0,0,0,3,3,91,0,11,9,2014,5,23,13,0,14,8,FM32,,101,29.93925,-98.20565,0,5,0,0,1,1,0,1,2,1,0,1,0,0000000,99,99,99,99,99,99,0,0,0,1,0
48,482096,2,2,0,0,0,2,2,71,0,11,9,2014,5,7,24,1,3,3,SR-124,FIG RIDGE RD,17,29.76901389,-94.37717222,0,12,6,0,2,2,0,1,1,1,0,1,0,0000000,99,98,99,98,88,88,0,0,0,1,0
48,482097,1,1,0,0,0,2,2,201,3280,11,9,2014,5,22,45,0,16,5,BELLFORT ST,,0,29.65721944,-95.48461389,0,33,0,0,1,1,0,3,3,1,0,1,0,0000000,99,98,99,98,88,88,0,0,0,2,0
48,482098,1,1,0,0,0,2,2,265,3382,11,9,2014,5,0,27,0,16,5,RIVERVIEW RD,,0,30.07078611,-99.22242778,0,42,0,0,1,1,0,4,2,1,0,1,0,0000000,0,31,0,58,1,53,0,0,0,1,1
48,482099,2,2,0,0,0,2,2,297,0,11,9,2014,5,4,10,0,3,3,SR-72,,77,28.54154167,-98.071,0,12,2,0,1,1,1,1,2,1,0,1,0,0000000,4,26,4,57,5,39,0,0,0,1,0
48,482100,3,3,0,0,0,4,4,347,4810,11,9,2014,5,11,16,1,13,8,SL224,,128,31.579475,-94.64731389,0,12,1,0,8,1,1,1,1,1,0,1,0,0000000,99,99,99,99,99,99,0,0,0,1,0
48,482101,1,1,0,1,1,1,1,113,1730,12,9,2014,6,22,2,1,11,1,I-35,,146,32.75108333,-96.80948889,0,8,0,1,18,1,0,1,3,10,0,10,0,0000000,99,98,99,98,88,88,0,0,0,1,0
48,482102,2,2,0,0,0,2,2,127,0,12,9,2014,6,1,18,0,4,8,FM 2644,,50,28.48951111,-100.0311194,0,12,2,0,1,1,0,1,2,1,0,1,0,0000000,1,33,2,14,3,23,0,0,0,2,0
48,482103,2,2,0,0,0,3,3,203,0,12,9,2014,6,10,9,1,13,2,US-80,PAGE RD,25,32.50481389,-94.65873889,0,12,6,0,2,3,0,1,1,10,0,10,0,0000000,99,98,99,98,88,88,0,0,0,1,0
48,482104,1,1,0,1,1,1,1,355,1550,12,9,2014,6,22,0,0,16,5,WALDRON RD,CASTLE PARK DR,0,27.65129444,-97.29308056,0,8,0,0,3,3,0,1,2,10,0,10,0,0000000,22,0,22,9,22,31,0,0,0,1,0
48,482105,1,1,0,1,1,4,4,373,0,12,9,2014,6,22,32,0,4,8,FM 3277,,63,30.70797222,-95.07104167,0,8,0,0,1,1,0,1,2,1,0,1,0,0000000,99,98,99,98,88,88,0,0,0,1,0
48,482106,1,1,0,0,0,1,1,375,0,12,9,2014,6,7,20,0,3,3,SR-136,,45,35.55955,-101.6391806,0,1,0,0,1,1,0,4,4,2,0,2,0,0000000,99,98,99,98,88,88,0,0,0,1,0
48,482107,1,1,0,1,1,5,5,397,5910,12,9,2014,6,21,36,0,15,8,FM 3097,ROCKWAY PKWY,4,32.88815278,-96.46711667,0,8,0,0,2,2,0,1,3,10,0,10,0,0000000,99,99,99,99,99,99,0,0,0,1,0
48,482108,2,2,0,0,0,3,3,449,0,12,9,2014,6,7,23,9,99,8,FM 2348,,99999,99.99990000,999.99990000,9,12,2,0,1,1,0,1,1,2,0,2,0,0000000,7,19,7,25,7,56,0,0,0,1,0
48,482109,1,1,0,0,0,1,1,85,92,13,9,2014,7,2,20,0,16,5,ALMA DR,,0,33.09358889,-96.70276111,0,33,0,0,1,1,0,4,3,1,0,1,0,0000000,99,98,99,98,88,88,0,0,0,1,1
48,482110,2,2,0,0,0,2,2,213,0,13,9,2014,7,22,30,0,4,8,FM 607,,9,32.28916944,-95.63706944,0,12,2,0,1,1,0,1,2,1,0,1,0,0000000,99,99,99,99,99,99,0,0,0,1,1
48,482111,1,1,0,0,0,1,1,201,0,13,9,2014,7,7,55,1,13,7,US-290/SR-6,,184,29.93519167,-95.64720556,0,39,0,1,19,1,0,4,1,2,0,2,0,0000000,99,98,99,98,88,88,0,0,0,1,1
48,482112,2,1,1,0,0,1,1,201,3280,13,9,2014,7,7,54,0,16,5,HARDY ST,LUZON ST,0,29.78629722,-95.352,0,14,0,0,3,2,0,7,1,10,0,10,0,0000000,99,98,99,98,88,88,0,0,0,1,0
48,482113,1,1,0,0,0,1,1,375,0,13,9,2014,7,2,0,0,6,4,CR-ROLLING TRL,,0,35.29365556,-101.8680306,0,43,0,0,1,1,0,4,2,10,0,10,0,0000000,99,98,99,98,88,88,20,0,0,1,1
48,482114,4,4,0,0,0,5,5,439,2850,13,9,2014,7,8,21,1,12,3,SR-114 RAMP,,69,32.92732222,-97.05246389,0,12,1,1,20,1,0,1,1,2,0,2,0,0000000,99,99,99,99,99,99,0,0,0,1,0
48,482115,2,2,0,0,0,3,3,453,330,13,9,2014,7,3,18,1,11,1,I-35,,154,30.233525,-97.74142222,0,12,1,0,1,1,0,2,3,2,0,2,0,0000000,99,98,99,98,88,88,0,0,0,1,0
48,482116,2,2,0,0,0,4,4,39,0,14,9,2014,1,5,21,0,4,8,FM 1301,,83,29.14705556,-95.68403056,0,12,2,0,1,1,0,1,2,10,0,10,0,0000000,5,21,5,30,6,31,0,0,0,3,1
48,482117,1,1,0,0,0,1,1,49,0,9,8,2014,7,4,15,1,2,2,US-67/84,,55,31.72013333,-99.05338889,0,11,0,0,1,1,0,1,2,1,0,1,0,0000000,99,99,99,99,99,99,0,0,0,1,0
48,482118,1,1,0,0,0,1,1,61,3030,14,9,2014,1,23,30,1,11,1,I-69 E,,149,26.18447778,-97.71600278,0,59,0,0,1,1,0,3,3,10,0,10,0,0000000,23,39,23,46,88,88,0,0,0,1,1
48,482119,2,2,0,1,1,2,2,113,3420,14,9,2014,1,22,42,1,12,3,SR-161,,109,32.86469167,-97.00383889,0,8,0,0,1,1,0,1,2,10,0,10,0,0000000,99,98,99,98,88,88,0,0,0,1,0
48,482120,1,1,0,0,0,1,1,123,0,14,9,2014,1,7,0,0,4,3,SR-119,,7,29.07451667,-97.647925,0,32,0,0,1,1,0,4,1,10,0,10,0,0000000,99,99,99,99,99,99,0,0,0,1,0
48,482121,1,1,0,0,0,1,1,251,0,14,9,2014,1,10,33,0,6,4,CR-616 BRENT RD,,0,32.47399444,-97.13912778,0,52,0,0,1,1,0,4,1,1,0,1,0,0000000,99,98,99,98,88,88,0,0,0,1,0
48,482122,1,1,0,0,0,1,1,373,0,14,9,2014,1,10,8,0,6,4,CR-BENNY GRIFFIN RD,,0,30.63879444,-94.62563611,0,1,0,0,1,1,0,4,1,10,0,10,0,0000000,99,99,99,99,99,99,0,0,0,1,0
48,482123,1,1,0,0,0,1,1,423,0,14,9,2014,1,20,0,0,3,3,SR-155,,40,32.51186944,-95.16741944,0,11,0,0,1,1,0,1,2,1,0,1,0,0000000,19,56,20,7,20,41,0,0,0,1,0
48,482124,2,2,0,0,0,3,3,453,330,14,9,2014,1,0,5,1,12,2,US-183 BASTROP HWY,,112,30.22931389,-97.68273333,0,12,6,0,7,1,0,1,3,10,0,10,0,0000000,99,99,99,99,99,99,0,0,0,1,0
48,482125,2,2,0,0,0,2,2,113,6260,15,9,2014,2,7,50,0,16,5,MALLOY BRIDGE RD,,0,32.66758611,-96.52111667,0,12,6,0,1,1,0,1,4,2,0,2,0,0000000,99,99,99,99,99,99,0,0,0,1,0
48,482126,2,2,0,0,0,7,7,157,0,15,9,2014,2,11,0,0,14,8,FM2218,,148,29.49730833,-95.79826667,0,12,2,0,1,1,0,1,1,1,0,1,0,0000000,11,11,11,20,12,15,0,0,0,1,0
48,482127,2,2,0,0,0,2,2,297,0,15,9,2014,2,5,47,0,4,8,FM1358,,45,28.5004,-98.07763333,0,12,6,0,1,1,0,1,2,1,0,1,0,0000000,99,98,99,98,88,88,0,0,0,1,0
48,482128,1,1,0,0,0,2,2,309,7210,15,9,2014,2,2,40,1,11,1,I-35,,174,31.586375,-97.10945,0,1,0,0,1,1,0,10,2,10,0,10,0,0000000,99,98,99,98,88,88,0,0,0,2,1
48,482129,2,2,0,0,0,3,3,405,0,15,9,2014,2,9,35,0,3,3,SR-21,,157,31.51276944,-94.05252778,0,12,2,0,1,1,0,1,1,1,0,1,0,0000000,9,38,9,50,10,9,0,0,0,1,0