STATE,ST_CASE,VE_TOTAL,VE_FORMS,PVH_INVL,PEDS,PERNOTMVIT,PERMVIT,PERSONS,COUNTY,CITY,DAY,MONTH,YEAR,DAY_WEEK,HOUR,MINUTE,NHS,ROAD_FNC,ROUTE,TWAY_ID,TWAY_ID2,MILEPT,LATITUDE,LONGITUD,SP_JUR,HARM_EV,MAN_COLL,RELJCT1,RELJCT2,TYP_INT,WRK_ZONE,REL_ROAD,LGT_COND,WEATHER1,WEATHER2,WEATHER,SCH_BUS,RAIL,NOT_HOUR,NOT_MIN,ARR_HOUR,ARR_MIN,HOSP_HR,HOSP_MN,CF1,CF2,CF3,FATALS,DRUNK_DR
48,482244,2,2,0,0,0,2,2,27,3690,30,9,2014,3,18,27,0,14,8,FM2410 M L KING JR BLVD,ZEPHYR RD,42,31.09591667,-97.69474722,0,12,6,0,2,3,0,1,1,1,0,1,0,0000000,99,98,99,98,88,88,0,0,0,1,0
48,482245,1,1,0,0,0,1,1,113,3420,30,9,2014,3,14,41,1,12,3,SR-161,,140,32.83786389,-97.01658611,0,1,0,0,1,1,0,1,1,1,0,1,0,0000000,14,42,14,47,15,9,0,0,0,1,0
48,482246,1,1,0,0,0,1,1,201,3280,30,9,2014,3,1,50,0,16,5,T C JESTER BLVD,,0,29.80655,-95.43534167,0,33,0,0,1,1,0,3,3,1,0,1,0,0000000,1,57,2,3,3,16,0,0,0,1,1
48,482247,2,2,0,0,0,3,3,199,0,30,9,2014,3,14,30,0,3,8,FM418,,60,30.39743056,-94.22537222,0,12,6,0,8,1,0,1,1,10,0,10,0,0000000,99,99,99,99,99,99,0,0,0,1,0
48,482248,2,2,0,0,0,4,4,213,0,30,9,2014,3,13,30,0,6,4,CR-DOUBLE BRIDGE RD,CR-PALO PINTO RD,0,32.26076111,-96.09488056,0,12,6,0,2,2,0,1,1,1,0,1,0,0000000,13,33,13,42,14,11,0,0,0,1,0
48,482249,2,2,0,0,0,3,3,403,0,30,9,2014,3,17,15,1,2,2,US-96,CR-200,158,31.14471111,-93.984575,0,12,6,0,2,2,0,1,1,1,0,1,0,0000000,99,99,99,99,99,99,0,0,0,1,1
48,482250,2,2,0,0,0,3,3,245,5430,13,3,2014,5,2,35,0,16,5,9TH AVE,,0,29.94153611,-93.96782222,0,12,1,0,1,1,0,1,3,1,0,1,0,0000000,99,99,99,99,99,99,0,0,0,1,1
48,482251,2,2,0,1,1,2,2,439,260,9,9,2014,3,20,10,0,16,5,ARKANSAS LN,,0,32.70634444,-97.09505,0,8,0,0,8,1,0,1,2,1,0,1,0,0000000,99,99,99,99,99,99,14,0,0,1,0
48,482252,1,1,0,0,0,2,2,189,0,25,9,2014,5,10,49,1,1,7,I-27,,151,34.04231667,-101.8533833,0,42,0,0,5,1,0,4,1,1,0,1,0,0000000,11,1,11,18,12,12,0,0,0,1,0
48,482253,2,2,0,0,0,4,4,53,1040,29,8,2014,6,18,20,1,2,2,US-281 WATER ST/AM. LEGION HWY,,242,30.69833889,-98.25243333,0,12,2,0,1,1,0,1,1,2,0,2,0,0000000,18,27,18,44,19,23,0,0,0,1,0
48,482254,1,1,0,0,0,4,4,113,1730,16,9,2014,3,7,58,1,11,1,I-20 LBJ FWY RAMP,,27,32.70458889,-96.58359167,0,43,0,1,5,1,0,4,1,10,0,10,0,0000000,99,99,99,99,99,99,0,0,0,1,0
48,482255,1,1,0,0,0,1,1,453,0,18,9,2014,5,1,50,0,6,4,CR-FRITZ HUGHES PARK RD,,0,30.38453611,-97.90938333,0,32,0,0,1,1,0,4,2,2,0,2,0,0000000,99,99,99,99,88,88,5,0,0,1,0
48,482256,1,1,0,1,1,1,1,201,3280,20,9,2014,7,17,9,0,16,5,LOCKWOOD DR,,0,29.78194167,-95.315825,0,8,0,0,1,1,0,1,1,1,0,1,0,0000000,17,10,17,12,17,57,0,0,0,1,0
48,482257,2,2,0,0,0,2,2,507,0,29,9,2014,2,7,46,1,2,2,US-83,,256,28.87159167,-99.85226667,0,12,2,0,1,1,0,1,1,1,0,1,0,0000000,99,98,99,98,88,88,0,0,0,2,0
48,482258,1,1,0,1,1,1,1,29,6090,30,9,2014,3,6,30,0,16,5,PLEASANTON RD,,0,29.37656944,-98.50430278,0,8,0,0,1,1,0,1,2,1,0,1,0,0000000,6,31,6,38,7,20,0,0,0,1,0
48,482259,3,3,0,0,0,5,5,201,3280,30,9,2014,3,23,0,0,16,5,PARKER RD,,0,29.85903333,-95.36410556,0,12,7,0,1,1,0,1,2,10,0,10,0,0000000,23,2,23,6,23,39,0,0,0,1,1
48,482260,2,2,0,0,0,2,2,203,0,30,9,2014,3,15,6,1,13,2,US-80 GRAND AVE,,191,32.54857222,-94.38911667,0,12,2,0,1,1,0,1,1,1,0,1,0,0000000,99,99,99,99,99,99,0,0,0,1,0
48,482261,2,2,0,1,1,2,2,201,3280,7,9,2014,1,20,17,0,16,5,CLINTON DR,,0,29.73198056,-95.25382778,0,8,0,0,1,1,0,1,2,2,0,2,0,0000000,20,16,20,18,21,15,0,0,0,1,0
48,482262,2,2,0,0,0,2,2,177,0,30,9,2014,3,12,42,0,3,8,UA90,CR-364,314,29.45774444,-97.24343611,0,12,1,0,2,3,0,1,1,1,0,1,0,0000000,12,53,13,16,14,4,0,0,0,1,0
48,482263,1,1,0,0,0,2,2,141,2190,14,6,2014,7,19,33,0,14,8,FM 258 SOCORRO RD,,18,31.66988333,-106.3112194,0,34,0,0,1,1,0,4,1,7,0,7,0,0000000,19,33,19,38,19,57,0,0,0,1,1
48,482264,1,1,0,1,1,4,4,141,2190,2,8,2014,7,21,57,1,13,2,US-62 PAISANO DR,EUCALYPTUS,73,31.76543333,-106.4634972,0,8,0,0,2,2,0,1,3,2,0,2,0,0000000,21,58,22,5,22,27,0,0,0,1,0
48,482265,1,1,0,0,0,1,1,453,5325,10,8,2014,1,2,6,0,14,8,FM 685,,3,30.46279444,-97.59774167,0,33,0,0,1,1,0,3,3,1,0,1,0,0000000,99,98,99,98,88,88,20,0,0,1,1
48,482266,1,1,0,1,1,1,1,141,2190,16,8,2014,7,22,6,1,13,3,SR-20 MESA ST,MISSOURI AVE,13,31.76168889,-106.4897111,0,8,0,0,3,2,0,1,3,10,0,10,0,0000000,22,7,22,10,22,24,0,0,0,1,0
48,482267,2,2,0,0,0,7,7,141,2190,17,8,2014,1,2,7,1,11,1,I-10,,94,31.863375,-106.5770306,0,12,7,0,1,1,0,1,3,1,0,1,0,0000000,2,7,2,21,3,4,0,0,0,1,0
48,482268,1,1,0,1,1,2,2,439,2450,23,8,2014,7,20,45,0,16,5,HEMPHILL ST,HAMMOND ST,0,32.68065833,-97.33173889,0,8,0,0,2,2,0,1,5,1,0,1,0,0000000,20,46,20,48,21,9,0,0,0,1,0
48,482269,1,1,0,0,0,1,1,439,260,29,8,2014,6,22,21,1,13,8,FM157 COOPER ST,PLEASANT RIDGE RD,192,32.67924722,-97.13496667,0,33,0,0,3,2,0,3,3,1,0,1,0,0000000,99,99,99,99,99,99,0,0,0,1,1
48,482270,1,1,0,0,0,1,1,141,2190,13,9,2014,7,23,52,1,11,1,I-10,,292,31.75689167,-106.3525139,0,39,0,0,1,1,0,10,3,10,0,10,0,0000000,99,98,99,98,88,88,0,0,0,1,1
48,482271,2,2,0,0,0,2,2,273,3700,20,9,2014,7,17,6,0,14,8,FM 2045,BU 77,31,27.52282778,-97.85617778,0,12,6,0,2,2,0,1,1,1,0,1,0,0000000,17,8,17,11,17,43,0,0,0,1,0
48,482272,2,2,0,0,0,2,2,201,0,21,9,2014,1,2,35,1,2,8,SL-8 SAM HOUSTON PKWY,CHAPLIN ST,83,29.93919722,-95.37139722,0,12,11,0,2,3,0,1,3,1,0,1,0,0000000,99,98,99,98,88,88,20,0,0,1,1
48,482273,1,1,0,0,0,1,1,141,2190,22,9,2014,2,5,45,0,16,5,DIANA DR,VULCAN,0,31.85024444,-106.4225667,0,3,0,0,3,2,0,3,3,2,0,2,0,0000000,99,98,99,98,88,88,0,0,0,1,0
48,482274,1,1,0,0,0,1,1,201,5230,23,9,2014,3,3,7,0,16,5,OLEANDER DR,,0,29.67878333,-95.15481111,0,34,0,0,1,1,0,4,2,1,0,1,0,0000000,99,98,99,98,88,88,0,0,0,1,0
48,482275,1,1,0,0,0,1,1,113,2590,24,9,2014,4,22,9,1,11,7,I-30,SR-190 GEORGE BUSH HWY,294,32.85665833,-96.55414722,0,25,0,1,19,1,0,4,2,1,0,1,0,0000000,99,98,99,98,88,88,0,0,0,1,0
48,482276,2,1,1,2,3,1,2,113,2590,26,9,2014,6,3,7,1,11,1,I-635 LBJ,,11,32.87708056,-96.68591944,0,8,0,0,1,1,0,2,3,1,0,1,0,0000000,99,99,99,99,99,99,23,0,0,1,1
48,482277,1,1,0,1,1,2,2,215,0,27,9,2014,7,6,5,1,2,2,US-281,,109,26.651,-98.11107778,0,8,0,0,1,1,0,1,2,2,0,2,0,0000000,99,98,99,98,88,88,0,0,0,1,0
48,482278,1,1,0,0,0,1,1,339,0,28,9,2014,1,5,35,0,6,4,CR-HUFF RD,,0,30.24806389,-95.23874722,0,42,0,0,1,1,0,4,2,1,0,1,0,0000000,99,98,99,98,88,88,0,0,0,1,1
48,482279,1,1,0,0,0,1,1,27,0,1,10,2014,4,7,25,0,4,3,SR-53,FM 485,221,31.04199167,-97.15236389,0,1,0,0,2,3,0,1,1,1,0,1,0,0000000,99,98,99,98,88,88,0,0,0,1,0
48,482280,1,1,0,0,0,2,2,29,6090,1,10,2014,4,19,32,0,16,5,OLD US HWY 90,,0,29.40583889,-98.61885278,0,35,0,0,1,1,0,4,3,1,0,1,0,0000000,99,98,99,98,88,88,0,0,0,1,1
48,482282,1,1,0,1,1,1,1,167,3850,1,10,2014,4,4,8,0,14,8,FM 2004,,27,29.40185278,-95.03403056,0,8,0,0,1,1,0,1,2,1,0,1,0,0000000,99,98,99,98,88,88,0,0,0,1,0
48,482283,1,1,0,0,0,3,3,179,0,1,10,2014,4,18,0,1,2,2,US-60/SR-152 FREDERICK AVE,,62,35.53413611,-100.8846194,0,53,0,0,1,1,0,4,1,1,0,1,0,0000000,99,99,99,99,99,99,0,0,0,1,0
48,482284,2,2,0,0,0,4,4,201,0,1,10,2014,4,20,5,0,13,8,FM 1960 CYPRESS CREEK PKWY,CR-WALTERS RD,108,29.99525,-95.48501944,0,12,6,0,2,2,0,1,3,1,0,1,0,0000000,20,9,20,21,20,56,0,0,0,1,0
48,482285,2,2,0,0,0,3,3,215,0,1,10,2014,4,20,55,1,2,2,US-281,,221,26.46825278,-98.13247222,0,12,2,0,1,1,0,1,2,1,0,1,0,0000000,20,58,21,15,21,36,0,0,0,2,0
48,482286,2,2,0,0,0,2,2,331,0,1,10,2014,4,20,44,0,3,2,US-77,,60,30.95696389,-96.98608889,0,12,2,0,1,1,0,1,2,1,0,1,0,0000000,99,99,99,99,99,99,0,0,0,1,0
48,482287,1,1,0,0,0,1,1,355,1550,1,10,2014,4,16,42,0,16,5,TIGER LN,CARROLL LN,0,27.72140833,-97.40635833,0,43,0,0,1,1,0,5,1,1,0,1,0,0000000,99,98,99,98,88,88,0,0,0,1,0
48,482288,5,5,0,0,0,9,9,361,7200,1,10,2014,4,21,20,1,11,1,I-10 FREEWAY BLVD,,140,30.11586389,-94.03980556,0,12,1,0,1,1,0,1,2,1,0,1,0,0000000,99,99,99,99,99,99,0,0,0,4,0
48,482289,1,1,0,0,0,1,1,407,0,1,10,2014,4,15,40,0,6,4,CR-ALSOBROOKS RD,,0,30.42071944,-95.20326667,0,42,0,0,1,1,0,4,1,1,0,1,0,0000000,99,98,99,98,88,88,0,0,0,1,0
48,482290,2,2,0,0,0,3,3,409,0,1,10,2014,4,18,36,0,6,4,CR-2004/CR-72,CR-3567/CR-79,0,27.909025,-97.36011389,0,12,6,0,2,2,0,1,1,1,0,1,0,0000000,99,99,99,99,99,99,0,0,0,2,0
48,482291,1,1,0,0,0,1,1,415,0,1,10,2014,4,7,3,1,2,2,US-84,,27,32.79175,-100.9575306,0,18,0,0,1,1,1,10,1,1,0,1,0,0000000,99,98,99,98,88,88,0,0,0,1,0
48,482292,1,1,0,0,0,1,1,467,0,1,10,2014,4,22,30,0,4,3,SR-64,,23,32.66983056,-95.97835,0,35,0,0,1,1,0,4,2,10,0,10,0,0000000,99,98,99,98,88,88,0,0,0,1,0
48,482293,2,2,0,0,0,2,2,21,0,2,10,2014,5,22,54,1,2,2,US-290,,148,30.24381944,-97.21676111,0,12,2,0,1,1,0,1,2,2,6,2,0,0000000,99,99,99,99,99,99,0,0,0,1,0
48,482294,2,2,0,0,0,2,2,183,0,2,10,2014,5,10,13,1,2,3,SR-31,FM 1252/KILGORE RD,55,32.43723889,-94.82528889,0,12,6,0,2,3,0,1,1,1,0,1,0,0000000,10,19,10,22,10,47,0,0,0,1,0
48,482295,1,1,0,0,0,14,14,215,0,2,10,2014,5,17,5,0,6,4,CR-7 MILE RD/MILE 7,,0,26.34242778,-98.52939722,0,35,0,0,1,1,0,4,1,1,0,1,0,0000000,17,44,18,6,19,6,20,0,0,2,0
48,482296,2,2,0,0,0,2,2,363,0,2,10,2014,5,15,10,1,1,1,I-10,,195,32.62763889,-98.07728056,0,12,6,0,1,1,0,1,1,2,0,2,0,0000000,99,98,99,98,88,88,0,0,0,1,0
48,482297,1,1,0,0,0,1,1,419,0,2,10,2014,5,10,45,0,3,2,US-84,,165,31.96445,-94.1365,0,42,0,0,1,1,0,4,1,10,0,10,0,0000000,99,98,99,98,88,88,0,0,0,1,0
48,482298,2,2,0,0,0,2,2,29,0,3,10,2014,6,5,52,0,4,8,FM 471,OLD FM 471,113,29.51635278,-98.76231111,0,12,6,0,3,3,0,1,2,1,0,1,0,0000000,99,98,99,98,88,88,0,0,0,1,0
48,482299,1,1,0,0,0,1,1,29,6090,3,10,2014,6,13,31,0,16,5,VILLAGE PKWY,,0,29.47198611,-98.66713611,0,59,0,0,1,1,0,4,1,1,0,1,0,0000000,13,32,13,38,88,88,0,0,0,1,0
48,482300,1,1,0,0,0,1,1,73,0,3,10,2014,6,1,0,0,4,3,SR-110,CR-4701/BELL CHURCH RD,21,32.10666111,-95.11558056,0,42,0,0,3,4,0,4,2,10,0,10,0,0000000,99,98,99,98,88,88,0,0,0,1,1
48,482301,2,2,0,0,0,2,2,113,1730,3,10,2014,6,6,47,0,16,5,HAMPTON RD,,0,32.64432778,-96.85704167,0,54,11,0,1,1,0,1,2,1,0,1,0,0000000,6,47,6,50,7,23,14,0,0,1,0
48,482302,2,2,0,0,0,3,3,121,1840,3,10,2014,6,18,47,1,13,2,US-377 FORT WORTH DR,,5,33.1634,-97.15791667,0,54,11,0,1,1,1,1,1,1,0,1,0,0000000,18,49,18,55,19,3,14,0,0,1,0
48,482303,1,1,0,0,0,1,1,157,4655,3,10,2014,6,1,57,0,16,5,SIENNA PKWY,,0,29.51074722,-95.52623611,0,42,0,0,1,1,0,3,2,2,0,2,0,0000000,99,98,99,98,88,88,0,0,0,1,0
48,482304,2,2,0,0,0,2,2,235,0,3,10,2014,6,6,15,0,3,2,US-67,CR-METCALFE RD,7,31.343925,-100.701125,0,12,6,0,2,3,0,1,2,1,0,1,0,0000000,99,99,99,99,99,99,0,0,0,1,0
48,482305,1,1,0,0,0,1,1,239,0,3,10,2014,6,10,35,0,4,8,FM 1157,,104,28.98650278,-96.38527222,0,38,0,0,1,1,0,5,9,99,0,99,0,0000000,99,98,99,98,88,88,0,0,0,1,1
48,482306,1,1,0,0,0,3,3,255,0,3,10,2014,6,22,10,0,5,8,FM1020 ARANSAS ST,,8,28.88668889,-97.69791389,0,5,0,0,1,1,0,1,2,1,0,1,0,0000000,99,98,99,98,88,88,0,0,0,1,1
48,482307,1,1,0,0,0,1,1,339,0,3,10,2014,6,11,55,1,11,7,I-45,,5,30.11675556,-95.44037222,0,33,0,0,1,1,0,8,1,1,0,1,0,0000000,99,99,99,99,99,99,0,0,0,1,0
48,482308,1,1,0,0,0,1,1,341,0,3,10,2014,6,8,15,0,6,4,CR-PLUM CREEK RD,,0,35.65958056,-101.743825,0,1,0,0,1,1,0,4,1,1,0,1,0,0000000,99,98,99,98,88,88,0,0,0,1,0
48,482309,2,2,0,0,0,2,2,135,0,4,10,2014,7,21,10,1,2,2,US-385,CR-COTTONWOOD ST,116,31.99545833,-102.4212389,0,12,1,0,3,2,0,1,2,1,0,1,0,0000000,99,98,99,98,88,88,0,0,0,1,0
48,482310,3,3,0,0,0,3,3,307,0,4,10,2014,7,12,45,1,2,2,US-87,,126,31.17611111,-99.39864722,0,12,2,0,1,1,0,1,1,1,0,1,0,0000000,99,99,99,99,99,99,0,0,0,1,0
48,482311,1,1,0,0,0,2,2,381,0,4,10,2014,7,1,52,1,1,1,I-27,,47,34.816525,-101.8481861,0,1,0,0,1,1,0,10,2,1,0,1,0,0000000,99,98,99,98,88,88,0,0,0,2,1
48,482312,2,2,0,0,0,2,2,439,590,4,10,2014,7,2,27,1,13,2,US-377 BENBROOK BLVD,,66,32.65961389,-97.489575,0,12,2,0,1,1,0,1,2,1,0,1,0,0000000,2,32,2,59,99,99,0,0,0,1,0
48,482313,7,7,0,0,0,12,12,439,2450,4,10,2014,7,13,0,1,11,7,I-35W SOUTH FWY,SEMINARY DR,26,32.68435278,-97.32090556,0,12,9,1,3,2,0,1,1,1,0,1,0,0000000,12,59,13,6,13,38,0,0,0,2,0
48,482314,1,1,0,0,0,1,1,227,0,9,3,2014,1,8,26,0,3,3,SR-350,,26,32.29020556,-101.4667278,0,19,0,0,1,1,0,5,1,1,0,1,0,0000000,99,99,99,99,99,99,0,0,0,1,0
48,482315,2,2,0,0,0,2,2,141,2433,25,5,2014,1,0,59,1,2,8,SL375,,21,31.83673333,-106.3222083,0,1,0,0,1,1,0,1,3,1,0,1,0,0000000,99,98,99,98,88,88,14,0,0,1,0
48,482316,2,2,0,0,0,4,4,179,5190,9,8,2014,7,11,21,1,13,2,US-60/SR-152 FREDERIC AVE,BARNES ST,22,35.53346111,-100.9540611,0,12,1,0,3,2,0,1,1,1,0,1,0,0000000,99,99,99,99,99,99,0,0,0,1,0
48,482317,1,1,0,0,0,1,1,237,0,3,10,2014,6,16,20,0,3,2,US-380,,81,33.17551111,-98.29126111,0,16,0,0,1,1,0,1,1,1,0,1,0,0000000,99,98,99,98,88,88,0,0,0,1,0
48,482318,1,1,0,1,1,1,1,485,7490,4,10,2014,7,12,49,0,16,5,BEVERLY DR,,0,33.92205,-98.53205278,0,9,0,0,1,1,0,1,1,1,0,1,0,0000000,99,99,99,99,99,99,0,0,0,1,0
48,482319,3,3,0,0,0,6,6,13,0,5,10,2014,1,5,25,0,3,3,SR-16,,240,29.03376111,-98.57851111,0,12,2,0,1,1,0,1,2,5,0,5,0,0000000,5,30,5,45,6,49,0,0,0,2,1
48,482320,1,1,0,1,1,1,1,113,1730,5,10,2014,1,20,40,0,16,5,MAPLE AVE,,0,32.81284167,-96.82430278,0,8,0,0,1,1,0,1,3,1,0,1,0,0000000,20,48,20,55,21,3,0,0,0,1,0
48,482321,1,1,0,0,0,5,5,121,0,5,10,2014,1,1,11,0,6,4,CR-CROW WRIGHT RD,,0,33.34206111,-97.23135,0,42,0,0,1,1,0,4,2,1,0,1,0,0000000,1,20,1,28,2,26,0,0,0,1,1
48,482322,2,2,0,0,0,3,3,181,6056,5,10,2014,1,17,30,0,4,8,FM 9201,,171,33.68556944,-96.84801111,0,12,6,0,8,1,0,1,1,1,0,1,0,0000000,17,43,17,58,18,58,0,0,0,1,0
48,482323,2,2,0,0,0,2,2,201,0,5,10,2014,1,3,40,1,11,1,I-10/EAST FWY,,431,29.78073056,-95.117175,0,12,2,0,1,1,0,1,3,1,0,1,0,0000000,99,98,99,98,88,88,0,0,0,2,1
48,482324,1,1,0,0,0,2,2,201,3280,5,10,2014,1,1,45,0,16,5,KATHRYN CT,,0,29.765825,-95.21291944,0,5,0,0,1,1,0,1,3,1,0,1,0,0000000,2,23,2,26,88,88,0,0,0,1,1
48,482325,1,1,0,0,0,1,1,201,3280,5,10,2014,1,4,50,0,16,5,MYRTLE,,0,29.70848889,-95.30398611,0,42,0,0,1,1,0,4,3,1,0,1,0,0000000,5,0,5,17,5,36,0,0,0,1,1
48,482326,2,2,0,0,0,2,2,201,3280,5,10,2014,1,15,35,0,16,5,NORTH HOUSTON ROSSLYN RD,,0,29.87492222,-95.49431111,0,33,0,0,1,1,0,3,1,10,0,10,0,0000000,15,46,15,54,88,88,14,0,0,1,1
48,482327,1,1,0,0,0,3,3,203,0,5,10,2014,1,1,2,1,13,1,I-20,,6,32.45370278,-94.69868889,0,57,0,0,1,1,0,3,3,1,0,1,0,0000000,99,99,99,99,99,99,0,0,0,2,1
48,482328,1,1,0,1,1,1,1,283,0,5,10,2014,1,23,34,0,4,8,FM 624,,265,28.366025,-99.16372222,0,8,0,0,1,1,0,1,2,1,0,1,0,0000000,99,98,99,98,88,88,0,0,0,1,0
48,482329,2,2,0,0,0,2,2,407,0,5,10,2014,1,2,7,0,3,3,SR-156,,102,30.62376667,-95.18345833,0,12,2,0,1,1,0,1,2,1,0,1,0,0000000,2,23,2,52,4,9,0,0,0,1,1
48,482330,1,1,0,1,1,1,1,439,2450,5,10,2014,1,20,45,1,13,3,SR-580/CAMP BOWIE WEST BLVD,,61,32.72253611,-97.44568889,0,8,0,0,1,1,0,1,3,1,0,1,0,0000000,20,39,20,43,88,88,0,0,0,1,0
48,482331,1,1,0,0,0,2,2,453,0,5,10,2014,1,2,20,1,12,3,SR-130,,493,30.15073611,-97.65874722,0,59,0,0,1,1,0,4,2,1,0,1,0,0000000,99,99,99,99,99,99,0,0,0,1,0
48,482332,1,1,0,0,0,1,1,37,0,6,10,2014,2,18,0,0,15,8,FM 2516,,46,33.35050556,-94.08619167,0,32,0,0,1,1,0,4,1,1,0,1,0,0000000,17,57,18,12,19,12,0,0,0,1,0
48,482333,2,2,0,0,0,2,2,37,0,6,10,2014,2,8,9,1,2,2,US-82,,39,33.533375,-94.68200278,0,12,1,0,1,1,0,1,1,1,0,1,0,0000000,8,12,8,27,9,15,0,0,0,1,0
48,482334,2,2,0,0,0,3,3,73,0,6,10,2014,2,13,50,1,2,2,US-69 JACKSON ST,,239,31.93077778,-95.24364167,0,12,1,0,1,1,0,1,1,1,0,1,0,0000000,99,99,99,99,99,99,0,0,0,1,0
48,482335,1,1,0,1,1,1,1,183,4080,6,10,2014,2,4,30,1,13,2,US-259 EASTMAN RD,,148,32.51517222,-94.71144444,0,8,0,0,1,1,0,1,3,10,0,10,0,0000000,99,98,99,98,88,88,0,0,0,1,0
48,482336,1,1,0,0,0,1,1,201,0,6,10,2014,2,11,30,0,6,4,CR-TREASCHWIG RD,,0,30.03754444,-95.36048889,0,16,0,0,1,1,0,1,1,6,0,6,0,0000000,99,98,99,98,88,88,0,0,0,1,0
48,482337,1,1,0,0,0,1,1,227,0,6,10,2014,2,13,15,0,4,8,FM 821,,69,32.09849444,-101.2810444,0,1,0,0,1,1,0,4,1,1,0,1,0,0000000,99,98,99,98,88,88,0,0,0,1,0
48,482338,2,2,0,0,0,5,5,313,0,6,10,2014,2,12,30,1,1,7,I-45,SR-75,52,31.01180278,-95.922325,0,12,6,1,2,2,0,1,1,1,0,1,0,0000000,12,31,12,37,13,8,0,0,0,2,0
48,482339,2,2,0,0,0,4,4,409,0,6,10,2014,2,16,50,0,4,8,FM 631,,30,28.01316111,-97.37426111,0,12,2,0,1,1,0,1,1,1,0,1,0,0000000,17,15,17,37,18,19,0,0,0,1,0
48,482340,2,2,0,0,0,2,2,423,7070,6,10,2014,2,19,15,0,14,3,SR-110 VAN HWY,SL 323,205,32.3697,-95.34351667,0,12,6,0,2,2,0,1,5,1,0,1,0,0000000,99,99,99,99,99,99,0,0,0,1,0
48,482341,4,4,0,0,0,7,7,453,0,6,10,2014,2,7,40,1,13,2,US-183,,342,30.11454722,-97.69505833,0,12,1,0,8,1,0,1,1,1,0,1,0,0000000,7,45,7,51,8,20,0,0,0,1,0
48,482342,1,1,0,0,0,1,1,15,0,7,10,2014,3,8,22,0,4,3,SR-159,,1,29.97881389,-96.57480278,0,1,0,0,1,1,0,4,1,5,0,5,0,0000000,99,98,99,98,88,88,0,0,0,1,0
48,482343,1,1,0,1,1,2,2,29,6090,7,10,2014,3,9,48,1,12,8,SL 1604,,299,29.601625,-98.43976389,0,8,0,0,1,1,0,1,1,1,0,1,0,0000000,99,98,99,98,88,88,0,0,0,1,0
48,482344,2,2,0,0,0,2,2,29,6090,7,10,2014,3,23,55,0,16,5,TEZEL RD,TIMBER PATH,0,29.49019722,-98.66540278,0,12,6,0,2,2,0,1,3,1,0,1,0,0000000,99,99,99,99,99,99,0,0,0,1,0
48,482346,2,2,0,0,0,3,3,47,0,7,10,2014,3,7,2,0,4,8,FM755,,182,26.79941389,-98.372525,0,12,2,0,1,1,0,1,4,5,0,5,0,0000000,99,98,99,98,88,88,0,0,0,1,1
48,482347,1,1,0,0,0,1,1,97,2550,7,10,2014,3,23,7,0,16,5,SCOTT ST,,0,33.62825556,-97.13586944,0,30,0,0,1,1,0,4,3,1,0,1,0,0000000,99,98,99,98,88,88,0,0,0,1,1
48,482348,2,2,0,1,1,1,1,113,2590,7,10,2014,3,20,45,9,99,7,SR-190 PRES GEORGE BUSH,,99999,32.97397222,-96.65621667,0,8,0,0,1,1,0,1,3,1,0,1,0,0000000,20,45,20,57,21,30,14,23,0,1,0
48,482349,1,1,0,0,0,1,1,121,0,7,10,2014,3,11,44,0,4,8,FM 1173,,51,33.29218333,-97.32276389,0,1,0,0,1,1,0,4,1,1,0,1,0,0000000,99,98,99,98,88,88,0,0,0,1,0
48,482350,2,2,0,0,0,2,2,221,1613,7,10,2014,3,6,23,1,2,2,US-377,,31,32.50882778,-97.63919722,0,12,1,0,1,1,0,1,2,1,0,1,0,0000000,99,98,99,98,88,88,0,0,0,1,0
48,482351,1,1,0,0,0,1,1,249,0,7,10,2014,3,19,19,1,4,3,SR-44,,135,27.77641111,-98.02857222,0,1,0,0,1,1,0,4,2,1,0,1,0,0000000,99,98,99,98,88,88,0,0,0,1,1
48,482352,3,3,0,0,0,6,6,339,0,7,10,2014,3,14,48,0,4,8,FM 149,,193,30.34842222,-95.69783056,0,43,0,0,1,1,0,4,1,1,0,1,0,0000000,14,52,15,17,15,53,0,0,0,2,0
48,482353,1,1,0,1,1,1,1,423,7070,7,10,2014,3,22,36,1,13,8,FM 2493,,38,32.29646111,-95.32459444,0,8,0,0,1,1,0,1,2,10,0,10,0,0000000,99,98,99,98,88,88,0,0,0,1,0
48,482354,3,3,0,0,0,8,8,439,260,7,10,2014,3,14,20,1,11,1,I-20,,33,32.67226389,-97.20328611,0,12,1,0,1,1,0,1,1,1,0,1,0,0000000,14,26,14,38,15,0,0,0,0,1,0
48,482355,1,1,0,0,0,1,1,453,0,7,10,2014,3,5,35,1,12,3,SR-130,,415,30.24868611,-97.60805278,0,43,0,0,1,1,0,3,2,1,0,1,0,0000000,99,98,99,98,88,88,0,0,0,1,0
48,482356,2,2,0,0,0,2,2,481,0,7,10,2014,3,14,14,0,4,8,FM 1300,CR-387,19,29.23455556,-96.36437778,0,12,6,0,2,2,0,1,1,10,0,10,0,0000000,99,98,99,98,88,88,0,0,0,1,0
48,482357,1,1,0,0,0,1,1,491,2620,7,10,2014,3,18,11,0,16,5,WOLF RANCH PKWY,,0,30.64881111,-97.69021389,0,42,0,0,1,1,0,4,1,1,0,1,0,0000000,99,98,99,98,88,88,0,0,0,1,0