STATE,ST_CASE,VE_TOTAL,VE_FORMS,PVH_INVL,PEDS,PERNOTMVIT,PERMVIT,PERSONS,COUNTY,CITY,DAY,MONTH,YEAR,DAY_WEEK,HOUR,MINUTE,NHS,ROAD_FNC,ROUTE,TWAY_ID,TWAY_ID2,MILEPT,LATITUDE,LONGITUD,SP_JUR,HARM_EV,MAN_COLL,RELJCT1,RELJCT2,TYP_INT,WRK_ZONE,REL_ROAD,LGT_COND,WEATHER1,WEATHER2,WEATHER,SCH_BUS,RAIL,NOT_HOUR,NOT_MIN,ARR_HOUR,ARR_MIN,HOSP_HR,HOSP_MN,CF1,CF2,CF3,FATALS,DRUNK_DR
48,482471,2,2,0,0,0,2,2,361,5100,19,10,2014,1,1,45,1,11,1,I-10,,152,30.12956944,-93.8581,0,12,1,0,1,1,0,1,2,1,0,1,0,0000000,99,98,99,98,88,88,0,0,0,1,0
48,482472,1,1,0,0,0,1,1,385,0,19,10,2014,1,4,12,0,4,3,SR-55 NUECES ST,,30,29.67971111,-100.0162,0,53,0,0,1,1,0,4,2,10,0,10,0,0000000,99,99,99,99,99,99,0,0,0,1,0
48,482473,1,1,0,1,1,1,1,439,2450,19,10,2014,1,19,45,1,11,1,I-820 WEST LOOP 820,,59,32.76035278,-97.47794167,0,8,0,0,1,1,0,1,3,1,0,1,0,0000000,99,98,99,98,88,88,0,0,0,1,0
48,482474,1,1,0,0,0,1,1,257,0,20,10,2014,2,5,50,1,1,1,I-20,,140,32.66896944,-96.14925,0,33,0,1,5,1,0,8,2,1,0,1,0,0000000,99,99,99,99,99,99,0,0,0,1,0
48,482475,1,1,0,0,0,1,1,389,0,20,10,2014,2,21,40,0,6,4,CR-419,,0,31.44498056,-103.6031306,0,1,0,0,1,1,0,4,2,10,0,10,0,0000000,99,98,99,98,88,88,0,0,0,1,1
48,482476,2,2,0,1,1,4,4,177,0,21,10,2014,3,19,35,1,1,1,I-10,,89,29.65883056,-97.4084,0,8,0,0,1,1,0,1,2,1,0,1,0,0000000,99,98,99,98,88,88,0,0,0,1,0
48,482477,2,2,0,0,0,2,2,71,4666,22,10,2014,4,15,53,0,3,8,FM 565,CANAL DR,30,29.86541667,-94.84762778,0,12,1,0,3,3,0,1,1,1,0,1,0,0000000,99,98,99,98,88,88,0,0,0,1,0
48,482478,1,1,0,1,1,1,1,113,1730,22,10,2014,4,23,0,1,13,8,SL 12 BUCKNER BLVD,,76,32.76366389,-96.68268056,0,8,0,0,1,1,0,1,3,1,0,1,0,0000000,99,98,99,98,88,88,0,0,0,1,0
48,482479,2,2,0,0,0,5,5,113,1730,22,10,2014,4,0,1,0,16,5,ABRAMS RD,WALNUT HILL LN,0,32.88041111,-96.74165278,0,12,6,0,2,2,0,1,3,1,0,1,0,0000000,0,3,0,8,0,20,0,0,0,1,0
48,482480,1,1,0,1,1,2,2,201,3280,22,10,2014,4,23,30,1,13,8,FM 865,,28,29.66553333,-95.35558611,0,8,0,0,1,1,0,1,3,1,0,1,0,0000000,99,99,99,99,88,88,0,0,0,1,1
48,482481,1,1,0,0,0,5,5,439,2450,22,10,2014,4,15,35,1,11,1,I-35W NORTH SOUTH FWY,,73,32.75346389,-97.31989444,0,39,0,0,1,1,0,4,1,1,0,1,0,0000000,15,39,15,45,16,27,0,0,0,1,0
48,482482,1,1,0,0,0,1,1,491,0,22,10,2014,4,3,45,1,13,2,US-183 RAMP,,267,30.46805278,-97.79550556,0,23,0,1,5,1,0,4,3,1,0,1,0,0000000,99,98,99,98,88,88,0,0,0,1,1
48,482483,2,2,0,0,0,3,3,497,0,22,10,2014,4,9,35,0,4,8,FM455,FM51,54,33.37309444,-97.41341667,0,12,6,0,2,2,0,1,1,1,0,1,0,0000000,99,99,99,99,99,99,0,0,0,1,0
48,482484,2,2,0,0,0,3,3,15,0,23,10,2014,5,5,53,0,4,8,FM109,,57,30.01154167,-96.48597222,0,12,8,0,1,1,0,1,2,10,0,10,0,0000000,5,58,6,24,7,8,0,0,0,1,0
48,482485,1,1,0,0,0,1,1,111,0,23,10,2014,5,2,42,0,5,8,FM 1727 SEDAN RD,,247,36.07953056,-102.627375,0,38,0,0,1,1,0,5,2,5,0,5,0,0000000,99,98,99,98,88,88,0,0,0,1,0
48,482486,2,2,0,0,0,2,2,71,0,23,10,2014,5,16,37,0,4,8,FM563,,79,29.79551389,-94.65779167,0,12,2,0,1,1,0,1,1,1,0,1,0,0000000,16,47,17,10,17,50,0,0,0,1,0
48,482487,2,2,0,0,0,2,2,135,0,23,10,2014,5,12,56,1,13,3,SR-302/SL338,10TH ST,26,31.83960833,-102.4086417,0,12,6,0,2,2,0,1,1,1,0,1,0,0000000,13,15,13,17,13,50,0,0,0,1,0
48,482488,2,2,0,1,1,2,2,329,4560,23,10,2014,5,23,50,0,14,8,FM868 MIDLAND DR,NEELY AVE,25,32.00896944,-102.139225,0,8,0,0,3,2,0,1,3,1,0,1,0,0000000,99,98,99,98,88,88,0,0,0,1,0
48,482489,4,4,0,0,0,7,7,453,330,23,10,2014,5,12,11,0,16,5,JOLLYVILLE RD,TAYLOR DRAPER LN,0,30.410025,-97.74758889,0,12,6,0,2,3,0,1,1,1,0,1,0,0000000,99,99,99,99,99,99,0,0,0,1,0
48,482490,1,1,0,1,1,2,2,91,4870,24,10,2014,6,0,37,0,14,8,FM725 SEGUIN AVE,,8,29.68210556,-98.10713889,0,8,0,0,1,1,0,1,3,1,0,1,0,0000000,99,98,99,98,88,88,0,0,0,1,0
48,482491,3,3,0,0,0,5,5,143,0,24,10,2014,6,13,57,0,4,8,FM8,,86,32.244575,-98.41323056,0,12,6,0,1,1,0,1,1,1,0,1,0,0000000,99,99,99,99,99,99,0,0,0,3,0
48,482492,1,1,0,0,0,1,1,201,0,24,10,2014,6,2,15,0,6,4,CR-YORKTOWN CROSSING PKWY,,0,29.86436944,-95.65085556,0,59,0,0,1,1,0,4,6,1,0,1,0,0000000,99,98,99,98,88,88,0,0,0,1,1
48,482493,2,2,0,0,0,3,3,245,1312,24,10,2014,6,16,55,9,99,2,US-90,,75,30.04946111,-94.32094167,0,12,1,0,1,1,0,1,1,1,0,1,0,0000000,99,99,99,99,99,99,0,0,0,1,0
48,482494,1,1,0,0,0,1,1,373,0,24,10,2014,6,18,59,0,6,4,CR-TEMPE TIMBERS RD,,0,30.70583611,-94.98517222,0,42,0,0,1,1,0,4,1,1,0,1,0,0000000,19,31,20,2,20,42,0,0,0,1,1
48,482495,1,1,0,0,0,1,1,7,240,25,10,2014,7,1,11,0,14,8,SL 90 COMMERCIAL,,1,27.91178889,-97.13946389,0,1,0,0,1,1,0,4,3,1,0,1,0,0000000,99,98,99,98,88,88,0,0,0,1,0
48,482496,2,2,0,0,0,2,2,113,1730,25,10,2014,7,9,27,0,16,5,INWOOD RD,CONVEYOR LN,0,32.80614444,-96.852525,0,12,6,0,2,2,0,1,1,1,0,1,0,0000000,9,28,9,32,9,43,0,0,0,1,0
48,482497,2,1,1,0,0,1,1,113,1730,25,10,2014,7,12,20,0,16,5,JEFFERSON BLVD,,0,32.75393611,-96.81075556,0,33,0,0,1,1,0,4,1,1,0,1,0,0000000,12,23,12,25,12,37,0,0,0,1,0
48,482498,2,2,0,0,0,4,4,121,6881,25,10,2014,7,23,38,0,16,5,SAM RAYBURN TLWY,,0,33.06314444,-96.895075,0,12,1,0,1,1,0,1,2,1,0,1,0,0000000,23,56,0,15,0,36,0,0,0,1,0
48,482499,1,1,0,0,0,2,2,133,0,25,10,2014,7,16,57,1,1,1,I-20,,4,32.37724444,-99.11107222,0,25,0,0,1,1,0,3,1,10,0,10,0,0000000,99,99,99,99,99,99,0,0,0,1,0
48,482500,1,1,0,0,0,1,1,157,0,25,10,2014,7,22,1,1,13,8,FM1093,,104,29.70695556,-95.69207222,0,18,0,0,5,1,0,8,3,1,0,1,0,0000000,99,98,99,98,88,88,0,0,0,1,1
48,482501,2,2,0,0,0,2,2,201,0,25,10,2014,7,21,50,0,14,8,FM 2920,,107,30.091425,-95.57478611,0,12,2,0,1,1,0,1,2,1,0,1,0,0000000,22,7,22,7,22,38,0,0,0,1,1
48,482502,1,1,0,0,0,2,2,407,0,25,10,2014,7,0,51,0,5,8,FM 946,,97,30.6646,-95.22281111,0,1,0,0,1,1,0,4,2,1,0,1,0,0000000,99,99,99,99,99,99,0,0,0,1,0
48,482503,1,1,0,0,0,1,1,441,30,25,10,2014,7,2,54,0,16,5,BARROW,,0,32.44194722,-99.75839167,0,33,0,0,1,1,0,4,3,1,0,1,0,0000000,99,98,99,98,88,88,0,0,0,1,1
48,482504,1,1,0,0,0,1,1,453,330,25,10,2014,7,0,53,0,16,5,KRAMER LN,,0,30.383125,-97.69885,0,1,0,0,1,1,0,1,3,1,0,1,0,0000000,99,98,99,98,88,88,0,0,0,1,1
48,482505,3,3,0,0,0,8,8,27,0,26,10,2014,1,17,33,1,1,1,I-35,,29,30.89388056,-97.56753056,0,25,0,0,1,1,0,3,1,1,0,1,0,0000000,17,35,18,2,18,56,0,0,0,1,0
48,482506,4,4,0,0,0,6,6,29,6090,26,10,2014,1,13,25,1,11,1,I-10,FM 1604,41,29.59001389,-98.59806944,0,12,1,1,20,1,0,1,1,1,0,1,0,0000000,13,25,13,35,14,8,0,0,0,1,0
48,482507,2,2,0,0,0,2,2,113,1730,26,10,2014,1,21,59,0,16,5,MOCKINGBIRD LN,MOCKINGBIRD STATION DRIVEWAY,0,32.83663889,-96.77525,0,12,6,0,2,3,0,1,3,1,0,1,0,0000000,21,57,22,2,22,19,20,0,0,1,1
48,482508,1,1,0,0,0,1,1,195,0,26,10,2014,1,6,40,0,3,3,SR-207,,61,36.13278056,-101.2428389,0,1,0,0,1,1,0,4,2,1,0,1,0,0000000,99,98,99,98,88,88,0,0,0,1,0
48,482509,2,2,0,0,0,2,2,201,3280,26,10,2014,1,20,0,0,16,5,YELLOWSTONE BLVD,SIDNEY,0,29.69187778,-95.35608056,0,12,6,0,2,2,0,1,3,1,0,1,0,0000000,20,7,20,12,20,32,0,0,0,1,1
48,482510,2,2,0,0,0,6,6,215,0,26,10,2014,1,18,28,1,13,3,SR-107,FM 2128 SCHUNIOR ST,243,26.29740556,-98.09134167,0,12,6,0,2,3,0,1,5,1,0,1,0,0000000,18,32,18,45,19,14,0,0,0,2,1
48,482511,2,2,0,0,0,2,2,335,0,26,10,2014,1,16,13,0,4,3,SR-163,,188,32.17150278,-101.0155361,0,12,1,0,8,1,0,1,1,1,0,1,0,0000000,16,19,16,50,17,51,0,0,0,1,0
48,482512,1,1,0,1,1,1,1,29,6090,27,10,2014,2,21,29,1,11,7,I-10,DE ZAVALA RD,59,29.56333611,-98.590325,0,8,0,1,3,2,1,1,2,1,0,1,0,0000000,99,98,99,98,88,88,0,0,0,1,0
48,482513,2,2,0,0,0,2,2,113,1730,27,10,2014,2,19,2,0,16,5,MATILDA ST,RICHMOND AVE,0,32.816,-96.76803333,0,1,0,0,2,2,0,1,3,1,0,1,0,0000000,19,3,19,6,19,25,0,0,0,1,0
48,482514,2,2,0,0,0,2,2,201,3280,27,10,2014,2,11,49,1,11,1,I-610/NORTH LP E,,124,29.792875,-95.268275,0,12,1,0,1,1,0,1,1,1,0,1,0,0000000,99,98,99,98,88,88,0,0,0,1,0
48,482515,2,2,0,0,0,2,2,491,3981,27,10,2014,2,16,39,0,3,3,SR-29,,73,30.66836944,-97.91231111,0,12,6,0,8,1,0,1,1,1,0,1,0,0000000,16,41,16,48,17,34,0,0,0,1,0
48,482516,1,1,0,0,0,1,1,29,6090,28,10,2014,3,12,47,1,12,2,US-90 RAMP,,80,29.40065278,-98.5356,0,20,0,0,5,1,0,8,1,10,0,10,0,0000000,99,99,99,99,88,88,0,0,0,1,0
48,482517,1,1,0,1,1,0,0,99,0,28,10,2014,3,11,36,0,4,8,FM 932,,247,31.5084,-97.96751111,0,8,0,0,8,1,0,1,1,1,0,1,0,0000000,99,98,99,98,88,88,0,0,0,1,0
48,482518,2,2,0,0,0,3,3,201,0,28,10,2014,3,23,47,0,6,4,CR-WALLISVILLE RD,,0,29.81948889,-95.02476111,0,12,2,0,1,1,0,1,2,1,0,1,0,0000000,23,52,0,5,0,40,0,0,0,1,0
48,482519,1,1,0,0,0,1,1,491,0,28,10,2014,3,11,4,0,15,8,FM 1660,,49,30.49574722,-97.50039444,0,38,0,0,1,1,0,4,9,1,0,1,0,0000000,99,98,99,98,88,88,0,0,0,1,1
48,482520,1,1,0,0,0,1,1,491,2620,29,10,2014,4,3,19,1,11,1,I-35,,113,30.64452222,-97.68518611,0,30,0,0,1,1,0,4,3,10,0,10,0,0000000,99,98,99,98,88,88,0,0,0,1,1
48,482521,2,2,0,0,0,2,2,61,3030,30,10,2014,5,3,47,1,11,7,I-69/US-77,SL 499 ED CAREY DR,175,26.16015,-97.682075,0,12,6,1,2,2,0,1,3,1,0,1,0,0000000,3,50,3,54,4,26,0,0,0,1,1
48,482522,3,3,0,0,0,6,6,293,0,30,10,2014,5,15,35,0,4,8,FM 39,,112,31.5672,-96.39268611,0,12,8,0,1,1,0,1,1,1,0,1,0,0000000,15,42,16,5,16,58,0,0,0,1,0
48,482523,2,2,0,0,0,4,4,27,3690,31,10,2014,6,21,34,1,3,3,SR-195 FORT HOOD ST,FM 2670 TRIPLE 7,111,30.98063056,-97.77135833,0,12,6,0,2,2,0,1,2,1,0,1,0,0000000,99,98,99,98,88,88,0,0,0,1,0
48,482524,3,3,0,0,0,2,2,141,2190,23,8,2014,7,2,43,1,11,1,I-10,,242,31.77744444,-106.428625,0,12,1,0,1,1,0,1,3,1,0,1,0,0000000,3,1,3,2,3,30,19,0,0,1,0
48,482525,1,1,0,0,0,1,1,91,4870,20,9,2014,7,21,7,1,13,1,I-35,,43,29.68218333,-98.14345833,0,73,0,0,1,1,0,1,3,10,0,10,0,0000000,21,23,21,29,22,24,0,0,0,1,0
48,482526,2,1,1,0,1,1,2,201,3280,3,10,2014,6,23,30,1,11,1,I-10 KATY FWY,,147,29.78438611,-95.5724,0,14,0,0,1,1,0,2,3,1,0,1,0,0000000,99,98,99,98,88,88,0,0,0,1,0
48,482527,3,3,0,0,0,4,4,201,7286,9,10,2014,5,17,2,0,14,8,FM 270,,17,29.53795556,-95.0988,0,12,2,0,1,1,0,1,1,10,0,10,0,0000000,17,5,17,12,17,43,14,0,0,2,0
48,482528,2,2,0,0,0,3,3,451,6080,9,10,2014,5,4,57,1,13,2,US-67/277 BRYANT BLVD,JACKSON ST,288,31.42538889,-100.4414944,0,12,6,0,2,2,0,1,3,1,0,1,0,0000000,5,0,5,6,5,26,0,0,0,1,0
48,482529,1,1,0,0,0,1,1,475,0,9,10,2014,5,1,50,0,4,8,FM 1776,,76,31.40971389,-102.959325,0,1,0,0,1,1,0,4,2,1,0,1,0,0000000,99,98,99,98,88,88,0,0,0,1,1
48,482530,2,2,0,0,0,3,3,287,0,10,10,2014,6,17,37,0,4,8,FM 696,FM 619,33,30.380175,-97.24380833,0,12,2,0,2,3,0,1,1,1,0,1,0,0000000,99,98,99,98,88,88,0,0,0,1,1
48,482531,1,1,0,1,1,1,1,187,0,11,10,2014,7,19,30,0,4,8,FM775,,158,29.38228056,-98.09956389,0,9,0,0,1,1,0,1,2,1,0,1,0,0000000,99,98,99,98,88,88,0,0,0,1,0
48,482532,2,2,0,0,0,2,2,453,330,11,10,2014,7,16,59,0,16,5,SLAUGHTER LN,ALICE MAE LN,0,30.16748889,-97.79303889,0,12,6,0,2,3,0,1,1,1,0,1,0,0000000,16,45,16,54,17,14,0,0,0,1,0
48,482533,1,1,0,0,0,1,1,383,0,13,10,2014,2,15,52,0,5,8,FM3093,,22,31.64039167,-101.5473528,0,1,0,0,1,1,0,4,1,1,0,1,0,0000000,16,10,16,51,17,55,0,0,0,1,0
48,482534,1,1,0,1,1,1,1,201,3280,15,10,2014,4,6,36,0,16,5,AIRPORT BLVD,HANSEN RD,0,29.65208611,-95.25829722,0,9,0,0,2,2,0,1,3,1,0,1,1,0000000,99,98,99,98,88,88,0,0,0,1,0
48,482536,2,2,0,0,0,3,3,13,0,18,10,2014,7,5,0,0,3,3,SR-16,,70,29.08828889,-98.59486389,0,12,2,0,1,1,0,1,2,10,0,10,0,0000000,4,53,5,4,5,46,0,0,0,1,1
48,482537,2,2,0,0,0,2,2,317,0,18,10,2014,7,22,45,0,4,3,SR-176,,265,32.28655,-101.7799944,0,12,6,0,1,1,0,1,2,1,0,1,0,0000000,99,99,99,99,99,99,0,0,0,1,0
48,482539,2,2,0,0,0,2,2,453,0,19,10,2014,1,0,37,1,2,3,SR-71,,11,30.18708611,-97.60136667,0,12,2,0,1,1,0,1,2,1,0,1,0,0000000,99,98,99,98,88,88,0,0,0,1,1
48,482540,1,1,0,0,0,1,1,167,3920,20,10,2014,2,2,11,1,13,8,FM646,,99,29.44438889,-95.09387778,0,33,0,0,1,1,0,4,3,1,0,1,0,0000000,99,99,99,99,99,99,0,0,0,1,0
48,482541,1,1,0,0,0,1,1,29,6090,20,10,2014,2,16,46,1,12,8,SL 1604 CHARLES ANDERSON LN,,117,29.60868611,-98.49322778,0,52,0,0,1,1,0,3,1,1,0,1,0,0000000,17,2,17,11,17,36,0,0,0,1,0
48,482542,1,1,0,0,0,3,3,265,3670,20,10,2014,2,21,44,1,1,1,I-10,,209,30.067775,-99.07453333,0,1,0,0,1,1,0,3,2,1,0,1,0,0000000,21,54,22,9,22,57,0,0,0,1,0
48,482543,1,1,0,0,0,5,5,313,0,20,10,2014,2,11,50,1,1,1,I-45,,146,31.02391667,-95.92986944,0,1,0,0,1,1,0,3,1,1,0,1,0,0000000,11,52,12,1,12,27,0,0,0,1,0
48,482544,2,1,1,0,0,1,1,439,2450,20,10,2014,2,0,49,0,16,5,SHERIDAN RD,,0,32.64242222,-97.32475,0,14,0,0,1,1,0,5,2,1,0,1,0,0000000,0,54,0,59,1,26,0,0,0,1,0
48,482545,1,1,0,0,0,3,3,37,0,21,10,2014,3,12,35,0,4,8,FM 990,,38,33.44968056,-94.58808889,0,1,0,0,1,1,0,4,1,1,0,1,0,0000000,12,37,12,49,13,33,0,0,0,1,0
48,482546,1,1,0,0,0,1,1,139,4570,23,10,2014,5,7,7,1,12,2,US-267 RAMP,,2,32.47683056,-97.01233056,0,24,0,1,5,1,0,4,2,1,0,1,0,0000000,99,98,99,98,88,88,0,0,0,1,0
48,482547,2,2,0,0,0,2,2,483,0,23,10,2014,5,22,50,0,3,2,US-83,,45,35.56338333,-100.3044,0,12,2,0,1,1,0,1,2,1,0,1,0,0000000,99,99,99,99,99,99,0,0,0,1,1
48,482548,1,1,0,0,0,1,1,85,0,24,10,2014,6,1,30,0,6,4,CR-599,,0,33.09455833,-96.38048333,0,38,0,0,1,1,0,5,2,1,0,1,0,0000000,99,98,99,98,88,88,0,0,0,1,1
48,482549,2,2,0,0,0,2,2,329,0,24,10,2014,6,22,45,1,13,8,BI 20 E,,78,31.94446111,-102.1740417,0,12,1,0,1,1,0,1,2,1,0,1,0,0000000,99,98,99,98,88,88,0,0,0,1,1
48,482550,1,1,0,0,0,1,1,329,0,24,10,2014,6,4,52,0,6,4,CR-1050,CR-120,0,32.01095,-101.8372222,0,38,0,0,3,3,0,5,2,5,0,5,0,0000000,99,98,99,98,88,88,0,0,0,1,1
48,482551,1,1,0,0,0,1,1,491,0,24,10,2014,6,20,26,0,6,4,CR-ANDERSON MILL RD,CR-ROYCE LN,0,30.45988889,-97.75668333,0,33,0,0,3,3,0,3,2,1,0,1,0,0000000,99,98,99,98,88,88,0,0,0,1,1
48,482552,2,2,0,0,0,2,2,135,5030,25,10,2014,7,10,6,1,13,8,BI-20E/80,,141,31.88031944,-102.2983722,0,12,1,0,1,1,0,1,1,1,0,1,0,0000000,10,8,10,10,10,21,0,0,0,1,0
48,482553,1,1,0,1,1,3,3,491,0,25,10,2014,7,17,40,0,6,4,CR-RONALD W REAGAN BLVD,CR-289,0,30.72521111,-97.832475,0,9,0,0,2,2,0,1,1,1,0,1,0,0000000,17,45,17,58,18,41,0,0,0,1,0
48,482554,1,1,0,0,0,1,1,135,0,26,10,2014,1,21,30,1,2,3,SR-158,,341,32.05508333,-102.2963583,0,1,0,0,1,1,0,4,2,1,0,1,0,0000000,21,3,21,15,21,32,0,0,0,1,0
48,482555,1,1,0,0,0,1,1,355,1550,26,10,2014,1,1,9,1,11,1,I-37 RAMP,,45,27.80387222,-97.46994722,0,59,0,1,5,1,0,8,3,10,0,10,0,0000000,99,98,99,98,88,88,0,0,0,1,0
48,482556,1,1,0,0,0,2,2,365,0,26,10,2014,1,14,30,0,4,8,FM 1186,,19,32.31553333,-94.28920833,0,32,0,0,1,1,0,4,1,1,0,1,0,0000000,99,99,99,99,99,99,0,0,0,1,0
48,482557,1,1,0,0,0,1,1,113,1730,27,10,2014,2,14,48,1,11,1,I-20 LBJ FWY,,165,32.64785833,-96.77978889,0,1,0,1,18,1,0,1,1,1,0,1,0,0000000,14,48,14,58,15,14,0,0,0,1,0
48,482558,1,1,0,0,0,3,3,135,0,27,10,2014,2,21,40,1,1,1,I-20,,189,31.72622778,-102.617575,0,1,0,0,1,1,0,3,2,10,0,10,0,0000000,21,39,21,55,22,22,0,0,0,1,0
48,482559,1,1,0,0,0,1,1,135,5030,27,10,2014,2,0,17,1,13,8,BI-20/SR-80,LOOP 338,133,31.87443611,-102.3102833,0,21,0,1,19,1,0,10,3,1,0,1,0,0000000,99,98,99,98,88,88,0,0,0,1,1
48,482560,1,1,0,1,1,1,1,141,2190,27,10,2014,2,19,22,0,16,5,GEORGE DIETER DR,,0,31.76782222,-106.3034722,0,8,0,0,1,1,0,1,2,1,0,1,0,0000000,19,22,19,37,19,46,0,0,0,1,0
48,482561,2,2,0,0,0,4,4,201,0,27,10,2014,2,16,57,0,6,4,CR-FRY RD,,0,29.81343056,-95.72059444,0,12,6,0,8,1,0,1,1,1,0,1,0,0000000,17,1,17,18,17,38,0,0,0,1,1
48,482562,1,1,0,1,1,1,1,215,0,27,10,2014,2,11,30,0,6,4,CR-6 1/2 MILE LINE RD,,0,26.31583611,-98.35583611,0,53,0,0,1,1,0,4,1,1,0,1,0,0000000,99,99,99,99,99,99,0,0,0,1,0
48,482563,1,1,0,0,0,1,1,345,0,27,10,2014,2,14,42,0,3,2,US-62/70,,301,34.00125,-100.5522194,0,1,0,0,1,1,0,1,1,1,0,1,0,0000000,99,98,99,98,88,88,0,0,0,1,0
48,482564,2,2,0,1,1,5,5,113,1730,28,10,2014,3,19,0,1,11,1,I-30 RL THORNTON FWY,,101,32.79454722,-96.69645556,0,8,0,0,1,1,0,1,3,1,0,1,0,0000000,99,98,99,98,88,88,0,0,0,1,0
48,482565,1,1,0,0,0,1,1,141,2190,28,10,2014,3,4,11,1,13,2,US-85 PAISANO DR,,52,31.75661389,-106.4951694,0,1,0,0,1,1,0,3,3,1,0,1,0,0000000,4,13,4,19,4,41,0,0,0,1,0
48,482566,2,2,0,0,0,4,4,201,3280,28,10,2014,3,7,28,1,11,7,I-10 EAST FWY,,26,29.77276667,-95.32533056,0,12,7,0,1,1,0,1,1,1,0,1,0,0000000,7,27,7,30,8,9,0,0,0,1,0
48,482567,1,1,0,1,1,1,1,201,3280,28,10,2014,3,19,15,0,16,5,KEMPWOOD DR,,0,29.82200833,-95.52665833,0,8,0,0,1,1,0,1,2,1,0,1,0,0000000,19,20,19,23,19,54,0,0,0,1,0
48,482568,1,1,0,0,0,1,1,201,3280,28,10,2014,3,22,0,0,16,5,GLENWEST DR,,0,29.54645278,-95.15742222,0,33,0,0,1,1,0,3,2,1,0,1,0,0000000,22,1,22,16,22,39,0,0,0,1,1
48,482569,2,2,0,0,0,2,2,235,0,28,10,2014,3,20,42,0,3,2,US-67,,96,31.14133333,-101.26025,0,12,2,0,1,1,0,1,1,1,0,1,0,0000000,20,46,21,15,21,56,0,0,0,1,0
48,482570,4,4,0,0,0,5,5,323,0,28,10,2014,3,12,10,1,2,2,US-277 MAIN ST,,380,28.68764167,-100.3635139,0,12,1,0,1,1,1,1,1,1,0,1,0,0000000,12,14,12,42,13,53,0,0,0,3,0
48,482571,1,1,0,0,0,1,1,401,0,28,10,2014,3,11,15,0,4,8,FM95,,246,31.97431944,-94.66825278,0,42,0,0,1,1,0,4,1,10,0,10,0,0000000,99,99,99,99,99,99,0,0,0,1,0
48,482572,2,2,0,0,0,2,2,71,0,29,10,2014,4,11,54,1,12,3,SR-99 GRAND PKWY,,12,29.72093611,-94.93305,0,12,2,0,1,1,0,1,1,1,0,1,0,0000000,99,98,99,98,88,88,0,0,0,1,0
48,482573,2,2,0,0,0,2,2,199,3750,29,10,2014,4,6,17,1,2,2,US-69 PINE ST,,111,30.38617778,-94.32329444,0,12,1,0,1,1,0,1,2,5,0,5,0,0000000,99,99,99,99,99,99,0,0,0,1,0
48,482574,1,1,0,0,0,1,1,379,0,29,10,2014,4,14,56,0,4,8,FM2324,,1,32.83827778,-95.8811,0,43,0,0,1,1,0,4,1,1,0,1,0,0000000,99,98,99,98,88,88,0,0,0,1,1
48,482575,2,2,0,0,0,2,2,453,330,29,10,2014,4,21,29,1,12,7,US-290,SR-130,75,30.34107778,-97.59064722,0,12,6,1,2,2,0,1,3,1,0,1,0,0000000,20,47,20,51,21,34,0,0,0,1,0
48,482576,1,1,0,1,1,1,1,201,3280,31,10,2014,6,0,30,0,16,5,GREENS RD,,0,29.94914722,-95.42048056,0,8,0,0,1,1,0,1,3,1,0,1,0,0000000,0,36,0,43,1,14,0,0,0,1,0
48,482577,2,2,0,0,0,4,4,363,0,30,10,2014,5,12,50,0,3,2,US-180 PALO PINTO HWY,,298,32.79250556,-98.20389444,0,12,2,0,1,1,0,1,1,1,0,1,0,0000000,12,50,13,10,13,58,0,0,0,1,0
48,482578,2,2,0,0,0,3,3,495,0,30,10,2014,5,6,55,0,3,3,SR-18 FRONT ST,TYLER BLVD,113,31.84165,-103.0844417,0,12,2,0,2,3,0,1,2,1,0,1,0,0000000,6,53,6,58,7,3,0,0,0,1,0
48,482579,1,1,0,1,1,2,2,201,3280,31,10,2014,6,22,32,1,11,1,I-69/US-59 EASTEX FWY,,27,29.95064167,-95.29084444,0,8,0,0,1,1,0,1,3,1,0,1,0,0000000,99,98,99,98,88,88,23,0,0,1,0
48,482580,2,2,0,0,0,2,2,439,2450,31,10,2014,6,18,50,1,12,3,SR-183,,120,32.83818611,-97.05144167,0,12,99,0,1,1,0,1,3,1,0,1,0,0000000,18,57,19,13,19,52,0,0,0,1,1
48,482581,3,3,0,0,0,4,4,453,330,31,10,2014,6,12,32,1,13,8,FM 734/PARMER LN,SCOFIELD FARMS DR,115,30.4112,-97.68662222,0,12,1,0,3,2,0,1,1,1,0,1,0,0000000,12,33,12,37,13,10,0,0,0,1,0
48,482582,1,1,0,0,0,1,1,141,2190,27,6,2014,6,4,13,0,16,5,FAIRBANKS DR,,0,31.90281944,-106.4221611,0,43,0,0,1,1,0,3,3,1,0,1,0,0000000,99,98,99,98,88,88,0,0,0,1,0
48,482583,1,1,0,0,0,1,1,141,2190,28,6,2014,7,23,43,0,16,5,PEBBLE CREEK BLVD,,0,31.78409444,-106.2532694,0,33,0,0,1,1,0,3,2,1,0,1,0,0000000,99,99,99,99,99,99,0,0,0,1,1
48,482584,2,2,0,0,0,6,6,201,3280,16,8,2014,7,7,40,1,13,2,US-90A/OLD SPANISH TRL,,128,29.70211667,-95.36078056,0,12,6,0,8,1,0,1,1,1,0,1,0,0000000,7,50,7,54,8,9,0,0,0,1,0