STATE,ST_CASE,VE_TOTAL,VE_FORMS,PVH_INVL,PEDS,PERNOTMVIT,PERMVIT,PERSONS,COUNTY,CITY,DAY,MONTH,YEAR,DAY_WEEK,HOUR,MINUTE,NHS,ROAD_FNC,ROUTE,TWAY_ID,TWAY_ID2,MILEPT,LATITUDE,LONGITUD,SP_JUR,HARM_EV,MAN_COLL,RELJCT1,RELJCT2,TYP_INT,WRK_ZONE,REL_ROAD,LGT_COND,WEATHER1,WEATHER2,WEATHER,SCH_BUS,RAIL,NOT_HOUR,NOT_MIN,ARR_HOUR,ARR_MIN,HOSP_HR,HOSP_MN,CF1,CF2,CF3,FATALS,DRUNK_DR
48,482585,4,4,0,0,0,5,5,121,0,8,9,2014,2,18,39,0,14,3,SR-114,,2,33.03633056,-97.39346944,0,12,6,0,1,1,1,1,1,1,0,1,0,0000000,18,53,19,11,19,37,0,0,0,1,0
48,482586,1,1,0,0,0,1,1,415,6440,4,10,2014,7,13,31,1,12,2,US-84/KINGS HWY,,71,32.739175,-100.91845,0,1,0,1,19,1,1,3,1,1,0,1,0,0000000,99,99,99,99,99,99,0,0,0,1,0
48,482587,2,2,0,0,0,4,4,257,4190,5,10,2014,1,17,13,0,4,3,SR-198,,17,32.38494722,-96.08523611,0,12,2,0,1,1,0,4,1,1,0,1,0,0000000,17,20,17,40,18,22,0,0,0,1,0
48,482588,3,3,0,0,0,3,3,199,4172,16,10,2014,5,19,39,1,13,2,US-287/69/LHS DR,FOREST DR,101,30.25486389,-94.21609444,0,12,1,0,3,2,0,1,2,1,0,1,0,0000000,19,41,19,45,20,9,0,0,0,1,1
48,482589,1,1,0,0,0,1,1,85,4230,18,10,2014,7,5,2,0,14,8,FM 546,,22,33.17221111,-96.60053056,0,5,0,0,1,1,0,4,2,1,0,1,0,0000000,99,99,99,99,88,88,0,0,0,1,1
48,482590,1,1,0,0,0,1,1,61,5440,19,10,2014,1,4,0,1,2,3,SR-100/QUEEN ISABELLA BLVD,,245,26.07733889,-97.20752222,0,42,0,0,1,1,0,4,3,1,0,1,0,0000000,4,8,4,13,4,56,0,0,0,1,0
48,482591,1,1,0,0,0,1,1,141,2190,19,10,2014,1,10,33,1,11,1,I-10,,52,31.92541111,-106.5828389,0,1,0,0,1,1,0,3,1,1,0,1,0,0000000,99,98,99,98,88,88,0,0,0,1,0
48,482592,1,1,0,1,1,1,1,201,3280,19,10,2014,1,19,58,0,16,5,LITTLE YORK RD,,0,29.86547222,-95.42297778,0,49,0,0,1,1,0,1,3,1,0,1,0,0000000,19,58,20,0,20,30,0,0,0,1,1
48,482593,2,1,1,0,1,1,2,329,4560,25,10,2014,7,17,50,0,16,5,MIDLAND DR,,0,31.97233056,-102.1280833,0,43,0,0,1,1,0,4,1,1,0,1,0,0000000,99,98,99,98,88,88,14,20,0,1,1
48,482594,2,2,0,0,0,4,4,83,0,27,10,2014,2,16,30,1,2,2,US-67,CR-366,118,31.75538333,-99.50489444,0,12,1,0,3,2,0,1,1,10,0,10,0,0000000,16,27,16,55,17,54,0,0,0,1,0
48,482595,1,1,0,0,0,1,1,201,0,27,10,2014,2,18,0,1,12,2,US-290 NORTHWEST FWY,,218,29.90396667,-95.60361667,0,26,0,0,1,1,0,3,1,1,0,1,0,0000000,99,98,99,98,88,88,0,0,0,1,1
48,482596,1,1,0,1,1,1,1,135,5030,29,10,2014,4,19,27,0,16,5,8TH ST,,0,31.86341944,-102.3349333,0,8,0,0,1,1,0,1,3,1,0,1,0,0000000,99,98,99,98,88,88,0,0,0,1,0
48,482597,1,1,0,1,1,2,2,29,6090,1,11,2014,7,2,55,1,11,1,I-410,,207,29.52033889,-98.49251944,0,8,0,0,1,1,0,1,3,1,0,1,0,0000000,99,98,99,98,88,88,0,0,0,1,0
48,482598,1,1,0,0,0,5,5,113,1730,1,11,2014,7,2,45,0,16,5,WEBB CHAPEL RD,,0,32.89833333,-96.87168889,0,33,0,0,1,1,0,4,3,1,0,1,0,0000000,2,50,3,1,3,18,0,0,0,1,0
48,482599,1,1,0,0,0,1,1,113,3420,1,11,2014,7,21,11,1,12,7,SL12 WALTON WALKER BLVD,,174,32.80751944,-96.9216,0,42,0,0,1,1,0,4,2,1,0,1,0,0000000,99,98,99,98,88,88,0,0,0,1,1
48,482600,1,1,0,0,0,2,2,113,3880,1,11,2014,7,9,0,1,11,7,I-35E,,6,32.556,-96.82198333,0,32,0,0,1,1,0,4,1,1,0,1,0,0000000,9,3,9,15,9,42,0,0,0,1,0
48,482601,2,1,1,0,1,1,2,135,0,1,11,2014,7,0,53,0,4,3,SR-158,,178,31.98240556,-102.6086028,0,14,0,0,1,1,0,4,2,1,0,1,0,0000000,99,99,99,99,99,99,0,0,0,1,1
48,482602,2,2,0,0,0,3,3,141,2190,1,11,2014,7,2,32,1,13,8,BU 54A DYER ST,,115,31.87364444,-106.42575,0,12,1,0,1,1,0,1,3,1,0,1,0,0000000,99,99,99,99,99,99,0,0,0,1,2
48,482603,1,1,0,0,0,7,7,187,0,1,11,2014,7,3,28,1,1,1,I-10,,235,29.61497222,-97.82728889,0,11,0,1,18,1,0,1,2,1,0,1,0,0000000,4,37,4,47,5,34,0,0,0,2,0
48,482604,2,2,0,0,0,3,3,201,3280,1,11,2014,7,20,6,0,16,5,FUQUA ST,CLEARWOOD CROSSING BLVD,0,29.61103611,-95.25695556,0,12,6,0,2,2,0,1,3,1,0,1,0,0000000,99,98,99,98,88,88,0,0,0,1,0
48,482605,2,2,0,0,0,5,5,291,0,1,11,2014,7,18,2,0,3,3,SR-146,,81,30.37426667,-94.76145278,0,12,6,0,1,1,0,1,1,1,0,1,0,0000000,18,15,18,48,19,21,0,0,0,2,1
48,482606,1,1,0,1,1,1,1,303,4140,1,11,2014,7,7,28,0,16,5,AVENUE L,,0,33.55889167,-101.8490056,0,8,0,0,1,1,0,1,3,1,0,1,0,0000000,7,29,7,34,7,55,0,0,0,1,0
48,482607,1,1,0,1,1,2,2,303,4140,1,11,2014,7,23,55,1,13,3,SR-114 19TH ST,,92,33.57774444,-102.0083639,0,8,0,0,1,1,0,1,2,1,0,1,0,0000000,99,98,99,98,88,88,0,0,0,1,0
48,482608,3,3,0,0,0,4,4,329,0,1,11,2014,7,11,0,1,2,3,SR-158,,121,31.96150278,-101.9630083,0,12,1,0,8,1,0,1,1,1,0,1,0,0000000,11,0,11,19,11,28,0,0,0,1,0
48,482609,1,1,0,0,0,5,5,341,0,1,11,2014,7,11,39,1,2,2,US-287,,101,35.91483889,-101.9806917,0,1,0,0,1,1,0,3,1,1,0,1,0,0000000,11,42,12,8,12,18,0,0,0,1,0
48,482610,3,3,0,1,1,5,5,453,330,1,11,2014,7,4,15,1,12,8,SL 1 MOPAC EXPY,,48,30.41170278,-97.70909444,0,8,0,0,1,1,0,1,3,1,0,1,0,0000000,99,98,99,98,88,88,0,0,0,1,0
48,482611,1,1,0,0,0,2,2,481,0,1,11,2014,7,22,45,0,5,8,FM2817,FM1301,0,29.28981667,-95.98088056,0,1,0,0,3,2,0,4,2,1,0,1,0,0000000,22,48,22,56,23,31,0,0,0,1,1
48,482613,1,1,0,0,0,1,1,91,0,2,11,2014,1,15,14,1,13,2,US-281,FM306,52,29.93814722,-98.41035278,0,30,0,0,3,3,0,4,1,1,0,1,0,0000000,99,98,99,98,88,88,0,0,0,1,0
48,482614,1,1,0,0,0,2,2,497,0,1,11,2014,7,22,15,0,4,8,FM1810,,109,33.292275,-97.78231944,0,38,0,0,1,1,0,5,2,1,0,1,0,0000000,22,17,22,26,99,99,0,0,0,1,1
48,482615,2,2,0,0,0,6,6,347,0,2,11,2014,1,18,35,0,5,8,FM941 APPLEBY SAND RD,,54,31.72296111,-94.60825278,0,12,2,0,1,1,0,1,2,1,0,1,0,0000000,99,99,99,99,99,99,0,0,0,1,0
48,482617,2,2,0,0,0,4,4,439,2450,2,11,2014,1,16,50,1,13,3,SR-183 28TH ST,DEEN RD,101,32.79517222,-97.32584722,0,30,0,0,3,2,0,4,1,1,0,1,0,0000000,16,58,16,59,17,16,0,0,0,1,0
48,482618,3,3,0,0,0,3,3,445,0,2,11,2014,1,5,58,1,2,2,US-62,,76,33.28318611,-102.2319889,0,12,2,0,1,1,0,1,4,1,0,1,0,0000000,99,99,99,99,99,99,14,0,0,2,1
48,482619,3,3,0,0,0,6,6,473,0,2,11,2014,1,14,36,0,4,3,SR-159,,10,30.05657222,-96.10553889,0,12,6,0,1,1,0,1,1,1,0,1,0,0000000,14,37,14,42,15,22,0,0,0,1,0
48,482620,2,2,0,0,0,3,3,39,130,3,11,2014,2,20,0,1,13,3,SR-35 ALVIN BYP,FM517 DICKINSON RD,326,29.42946111,-95.22752778,0,12,6,0,2,2,0,1,2,10,0,10,0,0000000,20,3,20,6,20,32,0,0,0,1,0
48,482621,2,2,0,0,0,2,2,139,0,3,11,2014,2,11,47,0,4,8,FM 879,,60,32.376125,-96.72243333,0,12,6,0,1,1,0,1,1,10,0,10,0,0000000,99,99,99,99,99,99,0,0,0,1,0
48,482622,1,1,0,0,0,1,1,393,0,3,11,2014,2,6,0,1,2,2,US-60,,131,35.74005278,-100.562975,0,52,0,0,1,1,0,4,2,1,0,1,0,0000000,99,98,99,98,88,88,0,0,0,1,0
48,482623,2,2,0,0,0,2,2,419,0,3,11,2014,2,0,5,1,2,2,US-96,,122,31.64030556,-94.15212222,0,12,2,0,1,1,0,1,2,1,0,1,0,0000000,99,98,99,98,88,88,0,0,0,1,0
48,482624,1,1,0,1,1,1,1,29,6090,4,11,2014,3,4,44,0,16,5,ZARZAMORA,,0,29.42692778,-98.527075,0,8,0,0,1,1,0,1,3,1,0,1,0,0000000,4,44,4,49,5,20,0,0,0,1,0
48,482625,1,1,0,0,0,1,1,103,0,4,11,2014,3,8,34,1,2,2,US-385,,229,31.30086389,-102.3524667,0,1,0,0,1,1,0,4,2,2,0,2,0,0000000,99,98,99,98,88,88,0,0,0,1,1
48,482626,2,2,0,1,1,1,1,139,7270,4,11,2014,3,21,40,0,14,8,FM 813 BROWN ST,,32,32.42594167,-96.81760833,0,8,0,0,1,1,0,1,2,10,0,10,0,0000000,99,99,99,99,99,99,0,0,0,1,0
48,482627,3,3,0,0,0,3,3,181,6350,4,11,2014,3,5,43,1,12,2,US-75,,121,33.69314722,-96.60010556,0,12,1,0,1,1,1,1,2,2,0,2,0,0000000,5,44,5,55,6,32,19,0,0,1,0
48,482628,3,3,0,0,0,3,3,201,0,4,11,2014,3,19,54,0,6,4,CR-ATASCOCITA RD,YGNACIO RD,0,29.969575,-95.23427222,0,12,1,0,3,3,0,1,3,10,0,10,0,0000000,19,55,20,12,20,44,0,0,0,1,0
48,482629,1,1,0,1,1,1,1,201,0,4,11,2014,3,3,45,0,6,4,CR-LITTLE YORK RD,,0,29.86713611,-95.57515833,0,15,0,0,1,1,0,1,2,1,0,1,0,0000000,3,51,3,59,4,42,0,0,0,1,0
48,482630,1,1,0,3,3,5,5,215,0,4,11,2014,3,21,49,0,6,4,CR-INGLE RD,,0,26.37638611,-98.10776944,0,8,0,0,1,1,0,1,2,1,0,1,0,0000000,99,99,99,99,99,99,0,0,0,1,0
48,482631,1,1,0,0,0,1,1,223,0,4,11,2014,3,15,0,0,4,8,FM69,,29,33.10336111,-95.49197222,0,42,0,0,1,1,0,4,1,2,0,2,0,0000000,99,98,99,98,88,88,0,0,0,1,0
48,482632,1,1,0,0,0,1,1,349,0,4,11,2014,3,7,10,0,5,8,FM1838,,84,31.82788056,-96.62976944,0,32,0,0,1,1,0,4,1,10,0,10,0,0000000,99,98,99,98,88,88,0,0,0,1,0
48,482633,1,1,0,0,0,1,1,453,0,4,11,2014,3,12,23,1,2,3,SR-71,,35,30.18733056,-97.56205833,0,53,0,0,1,1,0,4,1,1,0,1,0,0000000,12,23,12,31,12,59,0,0,0,1,0
48,482634,2,2,0,1,1,2,2,65,0,5,11,2014,4,19,50,1,2,2,US-60,,62,35.2875,-101.5372028,0,8,0,0,1,1,0,1,1,1,0,1,0,0000000,99,98,99,98,88,88,14,0,0,1,0
48,482635,2,2,0,0,0,1,1,201,0,5,11,2014,4,10,40,0,6,4,CR-KUYKENDAHL RD,,0,30.08006389,-95.5197,0,12,1,0,1,1,0,1,1,10,0,10,0,0000000,10,41,10,48,11,42,0,0,0,1,0
48,482636,2,2,0,0,0,6,6,255,0,5,11,2014,4,22,51,0,4,3,SR-80,FM627,126,29.04949444,-97.80126111,0,12,6,0,3,2,0,1,2,2,0,2,0,0000000,22,58,23,11,0,9,0,0,0,1,0
48,482637,1,1,0,0,0,1,1,439,2450,5,11,2014,4,1,30,1,12,3,SR-183 INTERNATIONAL PKWY,,126,32.84084167,-97.04243611,0,1,0,1,5,1,0,4,3,2,0,2,0,0000000,99,98,99,98,88,88,0,0,0,1,0
48,482638,1,1,0,0,0,1,1,441,30,5,11,2014,4,7,25,1,12,2,US-83,,65,32.44860556,-99.78659722,0,30,0,1,19,1,0,10,1,2,0,2,0,0000000,99,99,99,99,99,99,0,0,0,1,0
48,482639,2,2,0,0,0,4,4,51,0,6,11,2014,5,15,51,1,2,3,SR-21,,100,30.52170833,-96.71927222,0,12,2,0,1,1,0,1,1,10,0,10,0,0000000,15,54,15,55,16,37,0,0,0,1,0
48,482640,2,2,0,0,0,3,3,147,760,6,11,2014,5,16,8,0,4,3,SR-121,SR-78,88,33.62960833,-96.17819722,0,12,6,1,2,2,0,1,1,1,0,1,0,0000000,99,99,99,99,99,99,0,0,0,1,0
48,482641,2,2,0,0,0,2,2,249,0,6,11,2014,5,2,30,0,3,3,SR-359,,104,27.91596944,-97.96195,0,12,2,0,1,1,0,1,2,1,0,1,0,0000000,99,99,99,99,99,99,0,0,0,1,1
48,482642,1,1,0,1,1,2,2,401,0,6,11,2014,5,10,54,0,4,8,FM 13,,77,32.14921389,-94.86729722,0,9,0,0,1,1,0,1,1,1,0,1,0,0000000,99,99,99,99,99,99,0,0,0,1,0
48,482643,1,1,0,0,0,1,1,201,0,7,11,2014,6,0,10,0,6,4,CR-IMPERIAL VALLEY DR,,0,29.98938333,-95.41084722,0,33,0,0,1,1,0,3,3,10,0,10,0,0000000,99,98,99,98,88,88,20,0,0,1,0
48,482644,2,2,0,0,0,2,2,467,0,7,11,2014,6,13,57,0,3,3,SR-64,,189,32.501525,-95.78190278,0,12,2,0,1,1,0,1,1,1,0,1,0,0000000,99,99,99,99,99,99,0,0,0,1,0
48,482645,1,1,0,0,0,2,2,495,0,7,11,2014,6,16,38,0,3,3,SR-302 JIM SHARP BLVD,,177,31.86866667,-102.9623917,0,30,0,0,1,1,0,4,1,1,0,1,0,0000000,16,39,16,46,19,2,0,0,0,1,1
48,482646,1,1,0,0,0,3,3,5,0,8,11,2014,7,1,3,0,4,8,FM 706,,9,31.35146667,-94.80846944,0,53,0,0,1,1,0,4,2,1,0,1,0,0000000,1,0,1,8,1,32,0,0,0,1,1
48,482647,2,2,0,0,0,3,3,113,1730,8,11,2014,7,5,40,0,16,5,SYLVAN AVE,,0,32.77729722,-96.83586111,0,12,6,0,8,1,0,1,4,1,0,1,0,0000000,5,41,5,45,6,10,0,0,0,2,1
48,482648,1,1,0,1,1,1,1,201,3280,8,11,2014,7,18,30,1,11,7,I-45 NORTH FWY,,368,29.93206944,-95.41123889,0,8,0,0,1,1,0,1,3,1,0,1,0,0000000,18,31,18,40,19,22,0,0,0,1,0
48,482649,1,1,0,0,0,3,3,201,3280,8,11,2014,7,3,20,1,12,3,SR-225 LA PORTE FWY,,17,29.70642222,-95.24943611,0,52,0,0,1,1,0,10,2,1,0,1,0,0000000,3,29,3,50,4,2,0,0,0,1,1
48,482650,1,1,0,0,0,1,1,351,0,8,11,2014,7,19,10,0,4,8,FM 1416,,36,30.69098333,-93.662825,0,11,0,0,1,1,0,1,2,1,0,1,0,0000000,99,98,99,98,88,88,0,0,0,1,0
48,482651,1,1,0,0,0,1,1,353,0,8,11,2014,7,9,40,1,1,1,I-20/US-84,,287,32.48515,-100.201,0,1,0,0,1,1,0,3,1,1,0,1,0,0000000,9,39,9,50,10,30,0,0,0,1,0
48,482652,1,1,0,0,0,3,3,439,260,8,11,2014,7,21,9,0,16,5,CALENDER RD,,0,32.62041389,-97.15407222,0,42,0,0,1,1,0,4,2,1,0,1,0,0000000,99,99,99,99,99,99,0,0,0,1,1
48,482653,1,1,0,1,1,1,1,439,2450,8,11,2014,7,16,6,0,16,5,GRANBURY RD,,0,32.67099444,-97.3857,0,8,0,0,1,1,0,1,1,1,0,1,0,0000000,16,3,16,3,16,22,0,0,0,1,0
48,482654,1,1,0,1,1,2,2,453,330,8,11,2014,7,22,12,1,12,2,US-183/ED BLUESTEIN BLVD,,114,30.31640833,-97.66356111,0,8,0,0,1,1,0,1,2,1,0,1,0,0000000,22,13,22,18,88,88,0,0,0,1,0
48,482655,1,1,0,0,0,4,4,491,2620,8,11,2014,7,23,23,0,3,3,SR-29,,283,30.6461,-97.57966111,0,42,0,0,1,1,0,4,2,1,0,1,0,0000000,99,99,99,99,99,99,0,0,0,2,1
48,482656,2,2,0,0,0,3,3,5,4160,9,11,2014,1,14,11,1,13,3,SR-69/LOOP 287/ELLEN TROUT DR,MARTIN LUTHER KING JR DR,88,31.37068611,-94.7242,0,1,0,0,3,2,0,1,1,1,0,1,0,0000000,14,13,14,20,14,36,0,0,0,1,0
48,482657,1,1,0,0,0,2,2,15,0,9,11,2014,1,5,17,0,4,8,FM 1093,,29,29.66045,-96.03571111,0,42,0,0,1,1,0,4,2,1,0,1,0,0000000,5,18,5,34,6,15,0,0,0,1,0
48,482658,1,1,0,0,0,1,1,53,0,9,11,2014,1,11,1,0,6,4,CR-221,,0,31.00411944,-97.89663889,0,42,0,0,1,1,0,4,1,1,0,1,0,0000000,99,98,99,98,88,88,0,0,0,1,0
48,482659,1,1,0,0,0,1,1,91,0,9,11,2014,1,7,42,1,13,2,US-281/AMERICAN LEGION MEMORIA,,82,29.89471944,-98.41083056,0,1,0,0,1,1,0,4,1,1,0,1,0,0000000,99,98,99,98,88,88,0,0,0,1,1
48,482660,2,2,0,0,0,2,2,121,0,9,11,2014,1,18,21,0,14,3,SR-114,JOHN DAY RD,13,33.03580278,-97.374625,0,12,2,0,2,3,1,1,2,1,0,1,0,0000000,18,25,18,52,19,15,0,0,0,1,0
48,482661,1,1,0,0,0,5,5,113,1730,24,10,2014,6,17,35,0,16,5,SEARCY DR,,0,32.72734722,-96.85866667,0,5,0,0,1,1,0,1,1,1,0,1,0,0000000,17,37,17,42,18,8,0,0,0,1,0
48,482662,1,1,0,0,0,1,1,391,0,29,10,2014,4,13,20,1,2,2,US-77,,69,28.45623611,-97.11629167,0,1,0,0,1,1,0,3,1,1,0,1,0,0000000,99,98,99,98,88,88,0,0,0,1,0
48,482663,1,1,0,1,1,1,1,201,3280,6,11,2014,5,14,36,0,16,5,JENSEN DR,,0,29.76473333,-95.34305556,0,8,0,0,1,1,0,4,1,1,0,1,0,0000000,14,36,14,39,14,58,0,0,0,1,1
48,482664,1,1,0,1,1,1,1,113,5730,9,11,2014,1,20,3,0,16,5,COIT RD,,0,32.94088056,-96.76884722,0,8,0,0,1,1,0,1,3,1,0,1,0,0000000,99,98,99,98,88,88,0,0,0,1,0
48,482665,2,2,0,0,0,5,5,439,260,9,11,2014,1,2,8,1,11,7,I-20 RONALD REAGAN MEM HWY,MATLOCK RD,85,32.67921389,-97.11507778,0,12,6,1,2,2,0,1,3,10,0,10,0,0000000,99,99,99,99,99,99,0,0,0,3,2
48,482666,1,1,0,0,0,2,2,467,0,9,11,2014,1,21,32,0,6,4,CR-1810,,0,32.7153,-95.74798333,0,1,0,0,1,1,0,4,1,1,0,1,0,0000000,99,99,99,99,99,99,0,0,0,1,0
48,482667,1,1,0,0,0,1,1,29,6090,10,11,2014,2,23,6,1,12,7,SL1604,,368,29.58081389,-98.34511111,0,35,0,0,1,1,0,4,2,1,0,1,0,0000000,99,98,99,98,88,88,0,0,0,1,0
48,482668,2,2,0,0,0,2,2,71,0,10,11,2014,2,7,25,1,1,1,I-10,,36,29.82611667,-94.85012222,0,12,1,0,1,1,0,1,1,1,0,1,1,0000000,7,25,7,31,8,23,0,0,0,1,0
48,482669,1,1,0,0,0,1,1,89,0,10,11,2014,2,4,40,0,3,2,US-90A,,62,29.51948333,-96.61245278,0,21,0,0,1,1,0,5,2,1,0,1,0,0000000,99,98,99,98,88,88,0,0,0,1,0
48,482670,1,1,0,1,1,2,2,193,0,10,11,2014,2,21,15,0,3,3,SR-36 36TH DIV MEM HWY,,239,31.62257778,-97.90815,0,8,0,0,1,1,0,1,2,1,0,1,0,0000000,99,98,99,98,88,88,23,0,0,1,0
48,482671,2,2,0,0,0,4,4,201,3280,10,11,2014,2,2,24,1,11,1,I-45 NORTH FWY,,268,29.79666944,-95.37160556,0,12,1,0,1,1,0,1,3,1,0,1,0,0000000,2,27,2,29,3,5,0,0,0,1,0
48,482672,3,3,0,0,0,3,3,245,5430,10,11,2014,2,21,48,1,13,8,FM365 LABELLE RD,,140,29.91435556,-94.02798889,0,12,7,0,1,1,0,1,2,1,0,1,0,0000000,99,99,99,99,99,99,0,0,0,1,0
48,482673,1,1,0,0,0,1,1,363,0,10,11,2014,2,21,55,0,4,3,SR-254,,52,32.93987222,-98.16344167,0,38,0,0,1,1,0,5,2,10,0,10,0,0000000,21,58,22,9,0,3,0,0,0,1,1
48,482674,1,1,0,1,1,1,1,381,150,10,11,2014,2,4,3,0,16,5,ARDEN RD,,0,35.13186389,-101.9139806,0,8,0,0,1,1,0,1,3,1,0,1,0,0000000,99,98,99,98,88,88,0,0,0,1,0
48,482675,2,2,0,0,0,4,4,461,0,10,11,2014,2,5,59,0,3,3,SR-349,,22,31.634925,-101.9841583,0,12,2,0,1,1,0,1,2,1,0,1,0,0000000,6,12,6,35,7,57,19,0,0,1,0
48,482676,2,2,0,0,0,3,3,475,0,10,11,2014,2,21,55,0,14,3,SR-18 STOCKTON AVE,,112,31.55963611,-102.8929444,0,12,2,0,1,1,0,1,2,1,0,1,0,0000000,99,99,99,99,99,99,0,0,0,1,1
48,482677,1,1,0,0,0,1,1,29,6090,11,11,2014,3,18,48,0,16,5,HACKBERRY ST,SOUTHCROSS BLVD,0,29.37543889,-98.4734,0,39,0,0,3,3,0,4,3,1,0,1,0,0000000,99,98,99,98,88,88,0,0,0,1,1
48,482678,1,1,0,1,1,1,1,91,0,11,11,2014,3,0,1,0,6,4,CR-BLANCO RD,,0,29.75376111,-98.51279722,0,8,0,0,1,1,0,1,2,1,0,1,0,0000000,99,98,99,98,88,88,0,0,0,1,0
48,482679,2,2,0,1,1,1,1,201,3280,11,11,2014,3,22,50,1,11,1,I-610,,343,29.73055,-95.46040278,0,12,1,0,1,1,0,1,3,10,0,10,0,0000000,99,98,99,98,88,88,15,23,0,1,0
48,482680,1,1,0,1,1,1,1,231,0,11,11,2014,3,16,18,1,2,2,US-69,,221,33.08381111,-96.04423056,0,8,0,0,1,1,0,1,1,1,0,1,0,0000000,99,98,99,98,88,88,0,0,0,1,0
48,482681,1,1,0,0,0,1,1,339,0,11,11,2014,3,7,30,0,6,4,CR-SHEPHERD HILL RD,,0,30.48118889,-95.51988056,0,1,0,0,1,1,0,4,1,10,0,10,0,0000000,99,98,99,98,88,88,0,0,0,1,0
48,482682,1,1,0,0,0,2,2,453,0,11,11,2014,3,0,3,0,6,4,CR-FITZHUGH RD,,0,30.2283,-97.96878889,0,38,0,0,1,1,0,5,2,1,0,1,0,0000000,99,98,99,98,88,88,0,0,0,2,1
48,482683,1,1,0,0,0,1,1,453,330,11,11,2014,3,0,20,1,12,2,US-183/RESEARCH BLVD,,50,30.37689444,-97.73307778,0,24,0,1,5,1,0,4,3,1,0,1,0,0000000,0,22,0,25,88,88,0,0,0,1,1
48,482684,4,4,0,0,0,6,6,29,6090,12,11,2014,4,16,15,1,11,7,I-410,VALLEY HIGH RD,54,29.380425,-98.64209444,0,12,1,0,3,2,0,1,1,10,0,10,0,0000000,99,99,99,99,99,99,0,0,0,1,0
48,482685,1,1,0,1,1,1,1,97,0,12,11,2014,4,0,43,1,1,1,I-35,,88,33.55011389,-97.16613611,0,8,0,0,1,1,0,1,2,1,0,1,0,0000000,99,98,99,98,88,88,0,0,0,1,0
48,482686,2,2,0,0,0,2,2,113,387,12,11,2014,4,1,21,1,11,1,I-635/LBJ FWY,,22,32.72564167,-96.61462778,0,12,1,0,1,1,0,1,2,1,0,1,0,0000000,1,22,1,27,1,47,0,0,0,1,0
48,482687,1,1,0,0,0,2,2,215,2110,12,11,2014,4,4,41,1,11,1,I-69C/US-281,,290,26.36850833,-98.14540278,0,1,0,0,1,1,0,10,3,1,0,1,0,0000000,99,99,99,99,99,99,0,0,0,2,0
48,482688,1,1,0,0,0,1,1,249,0,12,11,2014,4,10,35,0,3,3,SR-359,,192,27.85041111,-98.00618056,0,32,0,0,1,1,0,4,1,10,0,10,0,0000000,99,98,99,98,88,88,0,0,0,1,0
48,482689,2,1,1,1,1,1,1,419,0,12,11,2014,4,15,40,0,3,3,SR-7,,83,31.90838889,-94.07729167,0,14,0,0,1,1,0,2,1,1,0,1,0,0000000,99,98,99,98,88,88,0,0,0,1,0
48,482690,3,3,0,0,0,3,3,85,0,13,11,2014,5,19,3,1,13,2,US-380/UNIVERSITY DR,,146,33.19306111,-96.55766667,0,12,7,0,1,1,0,1,2,1,0,1,0,0000000,99,99,99,99,99,99,0,0,0,1,0
48,482691,1,1,0,0,0,1,1,113,1730,13,11,2014,5,1,55,1,12,8,SP 408 PATRIOT PKWY,,43,32.67740833,-96.94665278,0,42,0,1,5,1,0,4,3,10,0,10,0,0000000,99,98,99,98,88,88,0,0,0,1,1
48,482692,3,3,0,0,0,3,3,193,0,13,11,2014,5,10,15,1,2,2,US-281,,152,31.79091944,-98.12275,0,12,8,0,1,1,1,1,1,10,0,10,0,0000000,99,98,99,98,88,88,0,0,0,1,0
48,482693,1,1,0,0,0,1,1,169,0,14,11,2014,6,15,55,0,6,4,CR-99,,0,33.37126944,-101.5558861,0,10,0,0,6,1,0,1,1,1,0,1,0,015012N,99,98,99,98,88,88,0,0,0,1,0
48,482694,2,2,0,0,0,2,2,185,503,14,11,2014,6,12,55,0,3,3,SR-90,MAGNOLIA ST,53,30.77453333,-95.95001944,0,12,6,0,2,2,0,1,1,1,0,1,0,0000000,99,99,99,99,99,99,0,0,0,1,0
48,482695,1,1,0,1,1,1,1,255,6030,14,11,2014,6,16,5,0,3,3,SR-72 MAIN ST,FM 81,116,28.88368889,-97.71286389,0,8,0,0,3,2,0,1,1,10,0,10,0,0000000,99,98,99,98,88,88,0,0,0,1,0
48,482696,1,1,0,0,0,1,1,381,0,14,11,2014,6,18,5,0,6,4,CR-LAIR RD,,0,35.05768333,-101.9013972,0,34,0,0,1,1,0,4,5,10,0,10,0,0000000,99,98,99,98,88,88,0,0,0,1,0
48,482697,1,1,0,0,0,2,2,453,330,14,11,2014,6,21,37,0,16,5,LOYOLA LN,,0,30.29273611,-97.63088333,0,30,0,0,1,1,0,3,3,1,0,1,0,0000000,99,98,99,98,88,88,20,0,0,1,0
48,482698,1,1,0,1,1,2,2,485,7490,14,11,2014,6,18,57,0,16,5,HOLLIDAY RD,,0,33.89404167,-98.49433333,0,8,0,0,1,1,0,1,2,1,0,1,0,0000000,99,99,99,99,99,99,0,0,0,1,0