STATE,ST_CASE,VE_TOTAL,VE_FORMS,PVH_INVL,PEDS,PERNOTMVIT,PERMVIT,PERSONS,COUNTY,CITY,DAY,MONTH,YEAR,DAY_WEEK,HOUR,MINUTE,NHS,ROAD_FNC,ROUTE,TWAY_ID,TWAY_ID2,MILEPT,LATITUDE,LONGITUD,SP_JUR,HARM_EV,MAN_COLL,RELJCT1,RELJCT2,TYP_INT,WRK_ZONE,REL_ROAD,LGT_COND,WEATHER1,WEATHER2,WEATHER,SCH_BUS,RAIL,NOT_HOUR,NOT_MIN,ARR_HOUR,ARR_MIN,HOSP_HR,HOSP_MN,CF1,CF2,CF3,FATALS,DRUNK_DR
48,483038,1,1,0,0,0,3,3,165,0,16,12,2014,3,14,24,0,6,4,CR-210,,0,32.79936667,-103.0641583,0,1,0,0,1,1,0,4,1,1,0,1,0,0000000,99,98,99,98,88,88,0,0,0,1,0
48,483039,2,2,0,0,0,2,2,251,0,15,12,2014,2,15,24,0,3,3,SR-174,,30,32.29964722,-97.38831667,0,12,6,0,1,1,0,1,1,1,0,1,0,0000000,99,99,99,99,99,99,0,0,0,1,0
48,483040,1,1,0,0,0,1,1,133,0,17,12,2014,4,17,55,0,6,4,CR-364,,0,32.19749444,-98.72852778,0,38,0,0,1,1,0,5,2,2,0,2,0,0000000,99,98,99,98,88,88,0,0,0,1,1
48,483041,2,2,0,0,0,4,4,147,6230,17,12,2014,4,9,50,1,2,2,US-82,,39,33.61149167,-96.3138,0,12,2,0,1,1,1,1,1,10,0,10,0,0000000,9,57,10,6,10,47,0,0,0,1,0
48,483042,3,3,0,0,0,3,3,165,0,17,12,2014,4,7,36,0,3,3,SR-214,,155,32.77870833,-102.7060528,0,12,8,0,1,1,0,1,4,10,0,10,0,0000000,7,38,7,42,88,88,0,0,0,1,0
48,483043,1,1,0,0,0,3,3,277,0,17,12,2014,4,14,5,0,4,8,FM 195,,168,33.80813333,-95.32391389,0,42,0,0,1,1,0,4,1,1,0,1,0,0000000,13,34,14,2,14,48,0,0,0,1,0
48,483044,1,1,0,0,0,1,1,289,0,18,12,2014,5,10,10,1,1,7,I-45,,105,31.24146944,-95.992225,0,42,0,0,1,1,0,4,1,5,0,5,0,0000000,99,98,99,98,88,88,0,0,0,1,0
48,483045,2,2,0,0,0,2,2,363,0,18,12,2014,5,8,13,0,3,3,SR-337,,102,32.81938889,-98.15894722,0,12,6,0,1,1,0,1,1,5,0,5,0,0000000,8,49,99,99,10,54,0,0,0,1,0
48,483046,1,1,0,1,1,1,1,113,1730,19,12,2014,6,6,55,1,13,3,SR-289,,46,32.93380833,-96.803675,0,8,0,0,1,1,0,1,3,2,0,2,0,0000000,99,98,99,98,88,88,0,0,0,1,0
48,483047,2,2,0,0,0,3,3,355,0,19,12,2014,6,15,20,0,6,4,CR-JOE FULTON CORRIDOR,,0,27.82580278,-97.43807778,0,12,2,0,1,1,0,1,1,10,0,10,0,0000000,15,12,15,20,16,29,0,0,0,1,0
48,483048,2,2,0,0,0,6,6,113,1730,20,12,2014,7,1,5,0,16,5,CLARK RD,CAMP WISDOM RD,0,32.66226944,-96.94311944,0,12,6,0,2,2,0,1,3,10,0,10,0,0000000,1,31,1,43,2,23,0,0,0,1,1
48,483049,2,2,0,0,0,4,4,393,0,20,12,2014,7,12,5,0,3,3,SR-70,,25,36.03479444,-100.8460861,0,12,1,0,8,1,0,1,1,1,0,1,0,0000000,99,99,99,99,99,99,0,0,0,1,0
48,483050,1,1,0,0,0,1,1,395,0,20,12,2014,7,5,41,0,5,8,FM 2549,,40,30.87063611,-96.51075556,0,53,0,0,1,1,0,4,2,10,0,10,0,0000000,99,98,99,98,88,88,0,0,0,1,1
48,483051,1,1,0,0,0,1,1,423,0,20,12,2014,7,16,47,0,4,8,FM 16,,259,32.48116389,-95.14545556,0,42,0,0,1,1,0,4,1,1,0,1,0,0000000,99,98,99,98,88,88,0,0,0,1,0
48,483052,1,1,0,0,0,2,2,439,590,20,12,2014,7,0,20,1,11,1,I-20,,76,32.68378333,-97.44351667,0,25,0,0,1,1,0,3,2,1,0,1,0,0000000,99,99,99,99,99,99,0,0,0,1,1
48,483053,1,1,0,0,0,4,4,491,2380,20,12,2014,7,6,20,1,3,3,SR-195,,230,30.81171111,-97.77275833,0,1,0,0,1,1,0,4,2,10,0,10,0,0000000,6,35,6,47,7,40,0,0,0,2,0
48,483054,2,2,0,0,0,7,7,13,0,21,12,2014,1,13,42,1,1,1,I-37,,172,28.81656389,-98.35749167,0,12,6,0,1,1,0,1,1,1,0,1,0,0000000,13,48,14,4,14,53,0,0,0,2,0
48,483055,1,1,0,0,0,1,1,29,33,21,12,2014,1,14,30,0,16,5,STUART RD,,0,29.38174167,-98.28750833,0,1,0,0,1,1,0,1,1,10,0,10,0,0000000,99,99,99,99,99,99,0,0,0,1,0
48,483056,2,2,0,0,0,2,2,201,3280,21,12,2014,1,2,16,1,12,2,US-59 / SR-288,,14,29.73811667,-95.36751944,0,25,0,0,1,1,0,3,2,1,0,1,0,0000000,99,99,99,99,99,99,14,0,0,2,1
48,483058,1,1,0,0,0,1,1,339,0,21,12,2014,1,2,20,0,6,4,CR-WILLIS WAUKEGAN RD,,0,30.374225,-95.37850556,0,53,0,0,1,1,0,4,2,10,0,10,0,0000000,99,98,99,98,88,88,0,0,0,1,1
48,483059,2,2,0,0,0,2,2,431,0,21,12,2014,1,17,8,0,4,3,SR-163,,13,31.81847222,-100.9977778,0,12,2,0,1,1,0,1,1,1,0,1,0,0000000,17,49,18,4,18,34,0,0,0,1,0
48,483060,1,1,0,0,0,2,2,477,0,21,12,2014,1,4,25,0,6,4,CR-WILLIAM PENN RD,,0,30.31710278,-96.27531111,0,1,0,0,1,1,0,1,2,10,0,10,0,0000000,4,29,4,42,5,52,0,0,0,1,1
48,483061,3,3,0,0,0,6,6,113,2590,22,12,2014,2,21,14,1,11,1,I-30/RL THORNTON FWY,,284,32.84913889,-96.57271944,0,12,1,0,1,1,0,1,3,1,0,1,0,0000000,21,15,21,20,22,24,26,0,0,2,0
48,483062,1,1,0,1,1,2,2,113,5730,22,12,2014,2,19,0,0,16,5,COIT RD,,0,32.96083611,-96.76905556,0,8,0,0,1,1,0,1,3,1,0,1,0,0000000,99,98,99,98,88,88,0,0,0,1,0
48,483063,2,2,0,0,0,2,2,201,480,22,12,2014,2,23,49,1,11,1,I-10,,549,29.81290556,-94.93720556,0,12,2,0,1,1,0,1,3,1,0,1,0,0000000,23,51,0,5,0,31,0,0,0,1,1
48,483064,1,1,0,1,1,1,1,113,1730,23,12,2014,3,6,20,0,16,5,OLD HICKORY TRL,,0,32.64073056,-96.86553056,0,8,0,0,8,1,0,1,3,2,0,2,0,0000000,99,98,99,98,88,88,0,0,0,1,0
48,483065,2,2,0,0,0,4,4,201,0,23,12,2014,3,17,40,0,6,4,CR-FURAY RD,CR-SHERIDAN RD,0,29.88536111,-95.27221111,0,12,6,0,2,3,0,1,5,10,0,10,0,0000000,17,43,18,5,18,49,0,0,0,1,0
48,483066,2,2,0,0,0,4,4,287,0,23,12,2014,3,19,9,1,2,2,US-290,,39,30.18651944,-97.00423889,0,12,6,0,1,1,0,1,2,1,0,1,0,0000000,99,98,99,98,88,88,0,0,0,2,0
48,483067,1,1,0,1,1,1,1,201,0,7,10,2014,3,7,40,0,6,4,CR-GULF BANK RD,,0,29.88926389,-95.38961944,0,8,0,0,1,1,0,1,2,1,0,1,0,0000000,99,98,99,98,88,88,0,0,0,1,0
48,483068,2,2,0,0,0,2,2,431,0,23,12,2014,3,8,42,1,2,2,US-87,,121,31.74820278,-100.82785,0,12,6,0,1,1,0,1,1,2,0,2,0,0000000,8,45,9,5,9,52,0,0,0,1,0
48,483069,2,2,0,0,0,4,4,439,2450,23,12,2014,3,22,33,1,11,1,I-30/EAST FWY/TOM LANDRY,,165,32.74963889,-97.2872,0,12,2,0,1,1,0,1,3,10,0,10,0,0000000,22,36,22,37,23,11,0,0,0,2,0
48,483070,1,1,0,0,0,1,1,453,0,23,12,2014,3,12,4,1,12,3,SR-130,,498,30.14386944,-97.66268889,0,52,0,0,1,1,0,3,1,10,0,10,0,0000000,99,98,99,98,88,88,0,0,0,1,0
48,483071,2,2,0,0,0,5,5,121,1840,24,12,2014,4,14,46,1,11,1,I-35W,,132,33.1562,-97.19075833,0,12,1,0,1,1,0,1,1,1,0,1,0,0000000,14,47,14,55,15,17,99,99,99,1,0
48,483072,1,1,0,0,0,2,2,201,0,24,12,2014,4,21,15,0,6,4,CR-CROMWELL ST,CR-SHADY LN,0,29.87777778,-95.34451111,0,24,0,0,3,3,0,4,2,1,0,1,0,0000000,21,25,21,30,22,18,0,0,0,1,1
48,483074,1,1,0,0,0,1,1,201,3280,24,12,2014,4,3,53,0,16,5,BOONE RD,,0,29.70465,-95.57542778,0,42,0,0,1,1,0,4,3,1,0,1,0,0000000,99,98,99,98,88,88,0,0,0,1,1
48,483075,2,2,0,0,0,3,3,293,0,24,12,2014,4,8,20,0,3,3,SR-7,,101,31.280325,-96.49115,0,12,2,0,1,1,0,1,1,1,0,1,0,0000000,8,26,8,58,9,40,0,0,0,1,0
48,483076,3,3,0,0,0,4,4,491,0,24,12,2014,4,18,30,1,3,3,SR-195,RONALD REAGAN BLVD,159,30.75498333,-97.72226389,0,12,6,0,2,2,1,1,2,10,0,10,0,0000000,18,35,18,43,19,49,0,0,0,1,0
48,483077,1,1,0,1,1,1,1,55,0,25,12,2014,5,3,45,0,4,8,FM1322,,21,29.84436667,-97.65018333,0,8,0,0,1,1,0,1,2,1,0,1,0,0000000,99,98,99,98,88,88,0,0,0,1,0
48,483078,1,1,0,1,1,1,1,113,1730,25,12,2014,5,1,30,1,11,1,I-35E STEMMONS FWY,,166,32.77776111,-96.81213889,0,8,0,1,18,1,0,1,2,1,0,1,0,0000000,99,99,99,99,99,99,0,0,0,1,0
48,483079,1,1,0,0,0,1,1,177,0,25,12,2014,5,21,50,0,4,3,SR-97,,107,29.58819722,-97.357825,0,1,0,0,1,1,0,4,2,1,0,1,0,0000000,99,98,99,98,88,88,0,0,0,1,1
48,483080,1,1,0,0,0,2,2,441,30,25,12,2014,5,14,49,1,13,8,BI20R 1ST ST,,62,32.44975,-99.747075,0,42,0,0,1,1,0,4,1,1,0,1,0,0000000,14,56,15,0,15,12,0,0,0,2,0
48,483081,2,2,0,0,0,3,3,71,0,26,12,2014,6,22,51,0,15,8,FM1405,,65,29.714375,-94.91584167,0,12,6,0,1,1,0,1,2,2,0,2,0,0000000,22,55,23,4,0,17,0,0,0,1,0
48,483082,2,2,0,0,0,3,3,73,3470,26,12,2014,6,12,6,1,13,2,US-69,,114,31.98956667,-95.27363889,0,12,2,0,1,1,0,1,1,10,0,10,0,0000000,12,7,12,9,12,43,0,0,0,1,0
48,483083,1,1,0,0,0,1,1,189,0,26,12,2014,6,12,29,0,5,8,FM 2881,,201,34.30740833,-102.0244861,0,1,0,0,1,1,0,4,1,1,0,1,0,0000000,99,98,99,98,88,88,0,0,0,1,1
48,483084,1,1,0,0,0,3,3,297,0,26,12,2014,6,11,20,1,1,1,I-37,,387,28.59946944,-98.21753611,0,1,0,0,1,1,0,4,1,10,0,10,0,0000000,99,99,99,99,99,99,0,0,0,1,0
48,483085,1,1,0,0,0,3,3,113,1730,27,12,2014,7,22,45,1,13,8,SL12 BUCKNER BLVD,,100,32.72839444,-96.68316111,0,30,0,0,1,1,0,4,3,10,0,10,0,0000000,22,59,22,59,23,21,0,0,0,1,0
48,483086,1,1,0,0,0,1,1,167,3850,27,12,2014,7,4,44,1,11,1,I-45,,25,29.35103333,-94.96486944,0,52,0,0,1,1,0,4,2,10,0,10,0,0000000,99,99,99,99,99,99,0,0,0,1,0
48,483087,1,1,0,1,1,2,2,201,0,27,12,2014,7,20,50,1,13,8,FM529 SPENCER RD,,130,29.87922778,-95.64175833,0,8,0,0,1,1,0,1,2,10,0,10,0,0000000,20,51,21,0,21,23,0,0,0,1,0
48,483088,1,1,0,0,0,2,2,113,1730,28,12,2014,1,2,45,0,16,5,KIEST BLVD,,0,32.70477222,-96.86751111,0,42,0,0,1,1,0,4,3,10,0,10,0,0000000,2,38,2,45,3,8,0,0,0,1,1
48,483089,1,1,0,0,0,1,1,233,0,28,12,2014,1,0,30,0,4,8,FM 687 PAULINE AVE,,3,35.69822778,-101.5344722,0,1,0,0,1,1,0,1,2,1,0,1,0,0000000,99,98,99,98,88,88,0,0,0,1,1
48,483090,1,1,0,1,1,1,1,201,0,29,12,2014,2,20,25,1,12,8,SL8 SAM HOUSTON PKWY,,84,29.81888333,-95.16562778,0,8,0,0,1,1,0,1,2,10,0,10,0,0000000,99,98,99,98,88,88,0,0,0,1,0
48,483091,1,1,0,0,0,1,1,201,3280,29,12,2014,2,19,50,0,16,5,EDGEBROOK DR,,0,29.64634722,-95.22278889,0,40,0,0,1,1,0,4,2,1,0,1,0,0000000,99,98,99,98,88,88,0,0,0,1,0
48,483093,2,2,0,0,0,2,2,201,5230,27,12,2014,7,16,52,0,16,5,BAY AREA BLVD,UNIVERSITY PARK DR,0,29.59470556,-95.09754722,0,12,6,0,2,2,0,1,5,2,0,2,0,0000000,16,57,17,7,17,30,0,0,0,1,0
48,483094,2,2,0,0,0,8,8,91,0,28,12,2014,1,12,28,1,2,8,FM3009 NATURAL BRIDGE CAVERNS,,195,29.66960278,-98.31751389,0,12,2,0,1,1,0,1,1,10,0,10,0,0000000,12,31,12,47,13,32,0,0,0,1,0
48,483095,1,1,0,0,0,1,1,113,1730,28,12,2014,1,1,45,0,16,5,SOUTHWESTERN BLVD,,0,32.85720278,-96.76600833,0,42,0,0,1,1,0,4,3,1,0,1,0,0000000,99,98,99,98,88,88,0,0,0,1,1
48,483096,1,1,0,0,0,1,1,29,6090,29,12,2014,2,20,15,1,12,8,SL1604,,86,29.60213056,-98.54816667,0,42,0,0,1,1,0,4,2,1,0,1,0,0000000,99,98,99,98,88,88,0,0,0,1,1
48,483097,1,1,0,0,0,1,1,283,0,29,12,2014,2,23,20,0,6,4,CR-LEDWIG RANCH RD,,0,28.60218611,-99.18963056,0,10,0,0,6,1,0,1,2,1,0,1,0,448977U,99,98,99,98,88,88,0,0,0,1,0
48,483098,3,3,0,0,0,4,4,311,0,29,12,2014,2,16,30,0,3,3,SR-16,,270,28.27106667,-98.55514722,0,12,2,0,1,1,0,1,1,1,0,1,0,0000000,99,98,99,98,88,88,14,0,0,2,0
48,483099,2,2,0,0,0,3,3,439,260,29,12,2014,2,17,29,0,16,5,ITTLE RD,,0,32.67715,-97.19690556,0,12,6,0,8,1,0,1,1,1,0,1,0,0000000,99,99,99,99,99,99,0,0,0,1,1
48,483100,1,1,0,0,0,1,1,441,30,29,12,2014,2,12,50,0,16,5,NORTH 10TH ST,,0,32.45981667,-99.70506111,0,1,0,0,8,1,0,1,1,1,0,1,0,0000000,99,98,99,98,88,88,0,0,0,1,0
48,483101,1,1,0,0,0,1,1,21,0,30,12,2014,3,5,18,1,2,2,US-290,,89,30.29712778,-97.28268333,0,38,0,0,1,1,0,5,2,5,0,5,0,0000000,99,98,99,98,88,88,0,0,0,1,0
48,483102,1,1,0,0,0,1,1,29,6090,30,12,2014,3,3,42,1,11,1,I-35,,215,29.41628889,-98.50274722,0,21,0,1,5,1,0,4,3,1,0,1,0,0000000,99,98,99,98,88,88,0,0,0,1,1
48,483103,1,1,0,0,0,1,1,159,0,30,12,2014,3,18,5,0,4,8,FM 1448,,42,32.98043056,-95.2249,0,42,0,0,1,1,0,4,2,1,0,1,0,0000000,99,98,99,98,88,88,0,0,0,1,1
48,483104,1,1,0,1,1,1,1,329,4560,30,12,2014,3,6,56,1,13,8,BS 349/RANKIN HWY,,89,31.97409167,-102.0746556,0,8,0,0,1,1,0,1,3,10,0,10,0,0000000,99,98,99,98,88,88,0,0,0,1,0
48,483105,1,1,0,1,1,1,1,339,0,29,12,2014,2,22,20,0,4,8,FM 1485,,191,30.23813611,-95.30013889,0,8,0,0,1,1,0,1,2,2,0,2,0,0000000,99,99,99,99,99,99,0,0,0,1,0
48,483106,2,2,0,0,0,2,2,419,1270,30,12,2014,3,5,27,1,2,2,US-96/SOUTHVIEW CIR,SL 500/LOOP 500,32,31.76690833,-94.18228889,0,12,6,0,2,2,0,1,3,2,0,2,0,0000000,99,99,99,99,88,88,0,0,0,1,0
48,483107,2,1,1,0,1,3,4,201,3280,31,12,2014,4,16,25,1,11,1,I-69/EASTEX FWY,,92,29.822675,-95.33548889,0,25,0,0,1,1,0,3,3,10,0,10,0,0000000,16,29,16,41,16,54,0,0,0,2,0
48,483108,1,1,0,1,1,1,1,201,3280,31,12,2014,4,20,18,0,16,5,KEMPWOOD DR,,0,29.82256667,-95.54294167,0,8,0,0,1,1,0,1,2,1,0,1,0,0000000,99,98,99,98,88,88,0,0,0,1,0
48,483109,1,1,0,0,0,1,1,207,0,31,12,2014,4,10,45,1,2,2,US-277/BREUSTEDT ST,,55,33.18928056,-99.72285,0,43,0,0,1,1,0,5,1,10,0,10,0,0000000,99,98,99,98,88,88,0,0,0,1,0
48,483110,2,2,0,0,0,2,2,423,0,31,12,2014,4,6,50,1,1,7,I-20 SERVICE ROAD,I-20 RAMP,285,32.43738611,-95.11926111,0,12,2,1,2,4,0,1,2,10,0,10,0,0000000,99,99,99,99,99,99,0,0,0,1,0
48,483111,3,3,0,0,0,3,3,29,0,21,8,2014,5,3,4,1,1,1,I-35,,67,29.274375,-98.67851944,0,57,0,0,1,1,0,3,2,10,0,10,0,0000000,99,98,99,98,88,88,0,0,0,1,1
48,483112,1,1,0,1,1,1,1,257,6830,13,9,2014,7,1,1,0,14,3,SR-205,,46,32.76017778,-96.30854444,0,8,0,0,1,1,0,1,2,98,0,98,0,0000000,99,98,99,98,88,88,0,0,0,1,0
48,483113,3,3,0,0,0,5,5,141,2190,14,9,2014,1,18,8,1,13,2,US-85 PAISANO DR,,52,31.75643611,-106.4950194,0,99,99,0,1,1,0,3,1,1,0,1,0,0000000,18,9,18,18,18,34,0,0,0,1,1
48,483114,1,1,0,0,0,1,1,439,0,14,9,2014,1,2,6,1,13,8,FM 1187 CROWLEY PLOVER RD,,94,32.56670556,-97.40420556,0,34,0,0,1,1,0,4,2,10,0,10,0,0000000,2,7,2,15,2,51,0,0,0,1,0
48,483115,1,1,0,1,1,1,1,201,3280,21,9,2014,1,21,19,0,16,5,LONGVIEW ST,,0,29.78486667,-95.29743611,0,8,0,0,1,1,0,1,3,1,0,1,0,0000000,99,98,99,98,88,88,0,0,0,1,0
48,483116,1,1,0,1,1,1,1,479,3899,1,10,2014,4,8,28,0,16,5,MALAGA DR,BURGOS ST,0,27.43951389,-99.48989167,0,8,0,0,2,2,0,1,1,1,0,1,0,0000000,8,27,8,33,8,54,0,0,0,1,0
48,483117,1,1,0,0,0,3,3,427,5780,26,10,2014,1,0,56,1,13,2,US-83,GARCIA'S AVENUE,320,26.37765833,-98.804725,0,42,0,0,3,3,0,4,3,10,0,10,0,0000000,0,57,1,0,1,16,0,0,0,1,0
48,483118,2,2,0,0,0,2,2,141,2190,22,11,2014,7,1,55,0,16,5,EDGEMERE BLVD,TIERRA DORADA ST,0,31.79819444,-106.233875,0,12,1,0,2,3,0,1,3,1,0,1,0,0000000,99,98,99,98,88,88,0,0,0,2,2
48,483119,2,2,0,0,0,3,3,201,0,1,12,2014,2,14,56,0,13,8,FM 1960,CR-7100,217,30.00602778,-95.31600556,0,12,6,0,2,3,0,1,1,10,0,10,0,0000000,14,58,15,4,15,38,0,0,0,1,0
48,483120,2,1,1,0,0,1,1,201,3280,11,12,2014,5,2,47,1,12,8,SL 8 SAM HOUSTON PKWY,,138,29.93900278,-95.26954722,0,45,0,0,1,1,2,2,3,1,0,1,0,0000000,99,98,99,98,88,88,0,0,0,1,0
48,483121,1,1,0,2,2,2,2,39,190,13,12,2014,7,9,14,1,13,8,BS 288 B VELSASCO ST,,7,29.15410278,-95.43097222,0,8,0,0,1,1,0,2,1,1,0,1,0,0000000,9,16,9,20,99,99,0,0,0,1,0
48,483122,2,2,0,0,0,3,3,355,1550,15,12,2014,2,11,54,1,13,8,SS 544 AGNES ST,19TH ST,134,27.78688056,-97.41347222,0,12,7,0,2,2,0,1,1,10,0,10,0,0000000,99,98,99,98,88,88,0,0,0,1,0
48,483123,1,1,0,0,0,1,1,349,0,18,12,2014,5,23,0,0,4,8,FM 3383,,92,32.13433889,-96.51453056,0,38,0,0,1,1,0,5,2,2,0,2,0,0000000,99,98,99,98,88,88,0,0,0,1,1
48,483124,2,2,0,1,1,4,4,397,1730,26,12,2014,6,2,33,1,11,1,I-30/US-67,,12,32.87839722,-96.51421667,0,12,6,0,1,1,0,1,2,1,0,1,0,0000000,99,99,99,99,99,99,0,0,0,2,0
48,483125,2,2,0,0,0,2,2,81,0,27,12,2014,7,18,35,0,4,2,US-277,,144,31.89676667,-100.285925,0,12,2,0,1,1,0,1,2,10,0,10,0,0000000,99,99,99,99,99,99,0,0,0,1,0
48,483126,2,2,0,0,0,2,2,141,2190,27,12,2014,7,19,17,1,11,1,I-10,,192,31.75993611,-106.5026417,0,12,6,0,1,1,0,1,3,1,0,1,0,0000000,19,18,19,28,19,52,0,0,0,1,0
48,483127,1,1,0,0,0,1,1,331,0,27,12,2014,7,19,0,1,2,3,SR-36,,18,30.68850833,-96.83419167,0,52,0,0,1,1,0,4,2,2,0,2,0,0000000,99,99,99,99,99,99,0,0,0,1,0
48,483128,1,1,0,0,0,1,1,361,7200,27,12,2014,7,3,5,1,14,3,SR-12,,191,30.16784444,-93.94336944,0,53,0,0,1,1,0,4,2,10,0,10,0,0000000,99,98,99,98,88,88,0,0,0,1,0
48,483129,2,2,0,0,0,3,3,59,1400,28,12,2014,1,10,49,1,1,1,I-20,,96,32.40930556,-99.46787778,0,57,0,0,1,1,0,3,1,1,0,1,0,0000000,10,53,11,15,11,40,0,0,0,1,0
48,483130,1,1,0,0,0,1,1,149,0,28,12,2014,1,22,10,0,4,8,FM 955,,37,29.86440556,-96.71881111,0,1,0,0,1,1,0,4,2,10,0,10,0,0000000,22,10,22,24,88,88,0,0,0,1,1
48,483131,2,2,0,0,0,2,2,425,0,30,12,2014,3,17,43,1,2,2,US-67,,1,32.28116944,-97.61735556,0,12,2,0,1,1,0,1,5,1,0,1,0,0000000,17,53,18,9,18,45,0,0,0,1,1
48,483132,1,1,0,0,0,1,1,145,0,31,12,2014,4,22,19,0,3,3,SR-7,,171,31.31955833,-96.79696667,0,1,0,0,1,1,0,4,2,10,0,10,0,0000000,99,98,99,98,88,88,0,0,0,1,1
48,483133,1,1,0,0,0,6,6,307,0,31,12,2014,4,22,15,1,13,2,US-377,,243,31.15763056,-99.33204167,0,1,0,0,1,1,0,4,2,10,0,10,0,0000000,99,99,99,99,99,99,0,0,0,1,0
48,483134,1,1,0,0,0,2,2,307,0,31,12,2014,4,19,0,0,6,4,CR-422,,0,31.23261111,-99.201,0,42,0,0,1,1,0,4,2,2,0,2,0,0000000,99,98,99,98,88,88,0,0,0,1,1
48,483135,2,2,0,0,0,2,2,157,5760,19,12,2014,6,10,50,1,12,8,UA90,DAMON ST,196,29.58505833,-95.75359444,0,12,6,0,2,2,0,1,1,2,0,2,0,0000000,10,54,11,1,11,18,0,0,0,1,0
48,483136,2,2,0,0,0,4,4,33,0,30,12,2014,3,21,23,0,3,2,US-180,,292,32.74520833,-101.1966417,0,12,6,0,1,1,0,1,2,3,0,3,0,0000000,21,23,21,52,22,43,0,0,0,1,0
48,483137,1,1,0,1,1,1,1,217,0,5,12,2014,6,1,8,1,1,1,I-35E,,182,32.07481389,-97.05944722,0,8,0,0,1,1,0,1,2,2,0,2,0,0000000,99,98,99,98,88,88,0,0,0,1,0
48,483138,1,1,0,0,0,4,4,439,2450,27,12,2014,7,1,25,1,11,1,I-820,,345,32.69061667,-97.24120556,0,24,0,1,19,1,0,10,3,2,0,2,0,0000000,99,99,99,99,99,99,0,0,0,1,1
48,483139,1,1,0,1,1,1,1,71,0,19,12,2014,6,23,42,1,1,7,I-10,,51,29.82748056,-94.82780556,0,8,0,0,1,1,0,1,2,1,0,1,0,0000000,99,98,99,98,88,88,0,0,0,1,0
48,483140,1,1,0,1,1,2,2,453,330,3,12,2014,4,19,16,0,16,5,1ST ST,,0,30.20005278,-97.78595,0,8,0,0,1,1,0,1,2,1,0,1,0,0000000,99,98,99,98,99,98,0,0,0,1,0
48,483141,1,1,0,1,1,1,1,201,3280,12,12,2014,6,23,1,1,11,1,I-610 SOUTH LOOP E,,216,29.69958611,-95.28203333,0,8,0,0,1,1,0,1,2,1,0,1,0,0000000,99,98,99,98,88,88,0,0,0,1,0
48,483142,2,2,0,0,0,4,4,215,0,18,12,2014,5,19,42,0,15,8,FM 493,,158,26.27371667,-98.03759167,0,12,6,0,1,1,0,1,2,2,0,2,0,0000000,19,40,19,53,20,15,0,0,0,1,0
48,483143,1,1,0,0,0,1,1,41,0,30,12,2014,3,3,0,0,6,4,CR-DILLY SHAW TAP RD,,0,30.74071389,-96.34215833,0,41,0,0,1,1,0,4,2,10,0,10,0,0000000,7,43,7,53,8,40,0,0,0,1,0
48,483144,1,1,0,1,1,1,1,111,1720,8,11,2014,7,19,18,1,13,2,US-87 7TH ST,,373,36.05958611,-102.5139944,0,8,0,0,1,1,0,1,3,1,0,1,0,0000000,19,15,19,18,19,40,0,0,0,1,0
48,483145,2,2,0,0,0,3,3,479,0,19,11,2014,4,1,43,1,1,1,I-35,,49,27.72557222,-99.44710278,0,12,2,0,1,1,0,1,2,1,0,1,0,0000000,99,99,99,99,99,99,0,0,0,2,1
48,483146,1,1,0,1,1,1,1,245,490,20,11,2014,5,22,3,1,13,2,US-90 COLLEGE,,38,30.06785,-94.15838889,0,8,0,0,1,1,0,1,2,1,0,1,0,0000000,22,7,22,9,22,30,0,0,0,1,0
48,483147,1,1,0,1,1,1,1,29,6090,24,11,2014,2,18,30,0,16,5,CULEBRA RD,,0,29.44849167,-98.5965,0,8,0,0,1,1,0,1,3,1,0,1,0,0000000,99,99,99,99,99,99,0,0,0,1,0
48,483148,2,2,0,0,0,5,5,309,0,27,11,2014,5,21,3,0,6,4,CR-MOCKINGBIRD LN,,0,31.37831667,-97.28139722,0,12,2,0,1,1,0,1,2,1,0,1,0,0000000,21,5,21,32,23,23,0,0,0,2,0
48,483149,1,1,0,1,1,1,1,485,7490,29,11,2014,7,18,3,0,16,5,SHEPPARD ACCESS RD,,0,33.92933889,-98.50920833,0,8,0,0,1,1,0,1,3,1,0,1,0,0000000,18,6,18,8,18,33,0,0,0,1,0
48,483150,3,3,0,0,0,9,9,453,330,30,11,2014,1,3,32,0,16,5,RIVERSIDE DR,WICKERSHAM LN,0,30.23243611,-97.72034167,0,12,6,0,2,2,0,1,3,1,0,1,0,0000000,3,33,3,37,3,53,0,0,0,1,1
48,483151,1,1,0,1,1,2,2,71,9997,6,12,2014,7,22,19,1,13,3,SR-146,,48,29.816875,-94.90044722,0,8,0,0,1,1,0,1,3,10,0,10,0,0000000,99,99,99,99,99,99,0,0,0,1,0
48,483152,2,2,0,0,0,3,3,453,330,11,12,2014,5,18,31,0,16,5,RED RIVER ST,CLYDE LITTLEFIELD DR,0,30.283175,-97.72794167,0,12,6,0,2,2,0,1,3,98,0,98,0,0000000,18,30,18,34,19,0,0,0,0,1,0