STATE,ST_CASE,VE_TOTAL,VE_FORMS,PVH_INVL,PEDS,PERNOTMVIT,PERMVIT,PERSONS,COUNTY,CITY,DAY,MONTH,YEAR,DAY_WEEK,HOUR,MINUTE,NHS,ROAD_FNC,ROUTE,TWAY_ID,TWAY_ID2,MILEPT,LATITUDE,LONGITUD,SP_JUR,HARM_EV,MAN_COLL,RELJCT1,RELJCT2,TYP_INT,WRK_ZONE,REL_ROAD,LGT_COND,WEATHER1,WEATHER2,WEATHER,SCH_BUS,RAIL,NOT_HOUR,NOT_MIN,ARR_HOUR,ARR_MIN,HOSP_HR,HOSP_MN,CF1,CF2,CF3,FATALS,DRUNK_DR
48,483153,2,2,0,0,0,6,6,479,3899,12,12,2014,6,6,4,0,16,5,CUATRO VIENTOS RD,SIERRA VISTA BLVD,0,27.44534722,-99.45293333,0,12,6,0,2,2,0,1,3,10,0,10,0,0000000,6,4,6,10,6,28,0,0,0,2,1
48,483154,2,2,0,0,0,2,2,183,3680,18,12,2014,5,14,0,1,1,1,I-20RAMP,US-259,92,32.43252778,-94.83046389,0,12,6,1,2,3,0,1,1,10,0,10,0,0000000,99,98,99,98,88,88,0,0,0,1,1
48,483155,1,1,0,0,0,6,6,389,0,19,12,2014,6,13,45,1,1,1,I-10,,21,31.08793611,-104.0542639,0,1,0,1,5,1,0,4,1,1,0,1,0,0000000,99,99,99,99,15,36,0,0,0,1,0
48,483156,2,2,0,0,0,2,2,135,5030,21,12,2014,1,23,30,0,16,5,DIXIE BLVD,UNIVERSITY BLVD,0,31.87083611,-102.3691944,0,12,2,0,2,2,0,1,1,1,0,1,0,0000000,99,99,99,99,99,99,0,0,0,1,0
48,483157,1,1,0,0,0,1,1,201,3280,21,12,2014,1,0,15,1,11,7,I-610,,367,29.76606111,-95.45556111,0,33,0,1,19,1,0,10,3,1,0,1,0,0000000,99,98,99,98,88,88,0,0,0,1,1
48,483158,1,1,0,0,0,1,1,309,7110,21,12,2014,1,23,0,1,2,3,SR-6,,4,31.65205,-97.45686667,0,32,0,0,1,1,0,4,2,10,0,10,0,0000000,23,20,23,31,23,55,0,0,0,1,0
48,483159,1,1,0,0,0,1,1,367,0,21,12,2014,1,15,55,0,6,4,CR-MURLS LAKE DR,,0,32.78038333,-97.75290833,0,42,0,0,1,1,0,4,1,1,0,1,0,0000000,99,99,99,99,99,99,0,0,0,1,0
48,483160,1,1,0,0,0,2,2,135,5030,23,12,2014,3,6,36,1,13,2,US-385 ANDREWS HWY,,188,31.89487778,-102.3889028,0,43,0,0,1,1,0,4,3,2,0,2,0,0000000,6,37,6,42,7,6,0,0,0,1,1
48,483161,1,1,0,0,0,2,2,317,0,26,12,2014,6,13,0,1,1,1,I-20,,127,32.1564,-101.7155639,0,1,0,0,1,1,0,10,1,1,0,1,0,0000000,99,99,99,99,99,99,0,0,0,1,0
48,483162,1,1,0,0,0,1,1,389,0,27,12,2014,7,22,45,1,2,2,US-285,,214,31.74065,-103.83575,0,1,0,0,1,1,0,4,2,1,0,1,0,0000000,99,98,99,98,88,88,0,0,0,1,0
48,483164,1,1,0,0,0,2,2,109,0,30,12,2014,3,18,31,1,1,1,I-10,,17,31.06975,-104.3733389,0,1,0,0,1,1,0,4,2,5,0,5,0,0000000,99,99,99,99,99,99,0,0,0,1,0
48,483165,1,1,0,0,0,4,4,329,0,30,12,2014,3,14,30,0,4,8,FM 1788,,225,31.78266111,-102.1746111,0,1,0,0,1,1,0,4,1,3,0,3,0,0000000,99,98,99,98,88,88,0,0,0,1,0
48,483166,2,2,0,1,1,2,2,113,1730,20,12,2014,7,22,25,1,11,7,I-635/LYNDON B JOHNSON,,50,32.91715,-96.74499722,0,12,7,0,1,1,0,1,3,10,0,10,0,0000000,22,32,22,37,22,55,23,0,0,1,0
48,483167,1,1,0,1,1,2,2,29,4015,2,11,2014,1,21,0,1,11,1,I-35,,385,29.56938056,-98.33154722,0,8,0,0,1,1,0,1,2,1,0,1,0,0000000,99,98,99,98,88,88,0,0,0,1,0
48,483168,2,2,0,0,0,2,2,491,2620,9,11,2014,1,6,17,1,11,1,I-35,,85,30.60679722,-97.68622222,0,20,0,0,1,1,0,4,2,10,0,10,0,0000000,99,98,99,98,88,88,0,0,0,1,1
48,483169,2,2,0,0,0,2,2,213,1424,15,11,2014,7,11,40,0,4,8,FM 3506/HIGHSAW RD,,11,32.16520556,-95.51665556,0,12,2,0,1,1,0,1,1,10,0,10,0,0000000,99,98,99,98,88,88,0,0,0,2,0
48,483170,1,1,0,1,1,2,2,453,330,20,11,2014,5,21,50,1,12,7,US-183/ANDERSON LN,,79,30.34434722,-97.70650833,0,8,0,0,1,1,0,1,2,2,0,2,0,0000000,99,98,99,98,88,88,0,0,0,1,0
48,483171,2,2,0,0,0,5,5,141,2190,22,11,2014,7,16,53,1,12,8,SL 375 WOODROW BEAN,,31,31.90470833,-106.5489778,0,25,0,0,1,1,0,4,2,1,0,1,0,0000000,18,6,18,16,18,50,0,0,0,1,1
48,483172,2,2,0,0,0,3,3,441,30,8,12,2014,2,7,36,0,16,5,27TH ST,BUFFALO GAP RD,0,32.41725556,-99.75049167,0,12,6,0,2,2,0,1,1,5,0,5,0,0000000,99,98,99,98,88,88,0,0,0,1,0
48,483173,2,2,0,0,0,6,6,339,0,22,12,2014,2,15,27,1,11,7,I-45,SR-242,66,30.20721389,-95.45571667,0,12,6,1,2,2,1,1,1,1,0,1,0,0000000,99,99,99,99,99,99,0,0,0,1,0
48,483174,2,2,0,0,0,4,4,239,0,24,12,2014,4,9,48,0,4,3,SR-111,CR-445,362,28.94768333,-96.33938056,0,12,6,0,2,2,0,1,1,1,0,1,0,0000000,10,0,10,33,11,38,0,0,0,1,1
48,483175,1,1,0,2,2,1,1,135,0,25,12,2014,5,18,55,0,6,4,CR-16TH ST,,0,31.83598056,-102.4573306,0,8,0,0,1,1,0,1,2,10,0,10,0,0000000,99,98,99,98,88,88,0,0,0,2,0
48,483176,1,1,0,0,0,1,1,183,3680,25,12,2014,5,10,33,1,13,3,SR-31,,11,32.40867778,-94.84966389,0,31,0,0,1,1,0,4,1,1,0,1,0,0000000,99,98,99,98,88,88,0,0,0,1,0
48,483178,1,1,0,0,0,4,4,289,1000,29,12,2014,2,7,16,1,1,1,I-45 OLD DONNIE RD,,277,31.46872222,-96.087025,0,58,0,1,19,1,0,3,2,5,0,5,0,0000000,99,99,99,99,99,99,0,0,0,1,0
48,483179,2,2,0,0,0,7,7,135,0,30,12,2014,3,16,30,1,11,1,I-20,,252,31.77199444,-102.5079417,0,12,6,0,1,1,0,1,1,3,0,3,0,0000000,16,33,16,49,17,9,0,0,0,1,0
48,483180,1,1,0,0,0,2,2,215,5291,30,12,2014,3,21,38,0,16,5,TOM GILL RD,,0,26.26954722,-98.44158611,0,38,0,0,1,1,0,5,3,2,0,2,0,0000000,21,44,21,49,22,33,20,0,0,1,0
48,483181,1,1,0,0,0,2,2,425,0,31,12,2014,4,23,30,1,2,2,US-67,,64,32.25601944,-97.71953056,0,1,0,0,1,1,0,4,2,2,0,2,0,0000000,23,34,23,39,0,41,0,0,0,1,1
48,483182,1,1,0,1,1,1,1,167,2570,19,4,2014,7,11,28,0,4,8,FM 3005/SAN LUIS PASS RD,,140,29.15594167,-95.01704444,0,9,0,0,1,1,0,2,1,1,0,1,0,0000000,11,29,11,37,12,11,0,0,0,1,0
48,483183,1,1,0,0,0,1,1,167,2570,4,5,2014,1,0,21,0,16,5,STEWART RD,,0,29.22708611,-94.90999722,0,42,0,0,1,1,0,4,3,1,0,1,0,0000000,99,98,99,98,88,88,0,0,0,1,0
48,483184,2,2,0,0,0,3,3,167,2570,14,11,2014,6,5,46,0,16,5,STEWART RD,,0,29.25577778,-94.850425,0,12,6,0,1,1,0,1,4,1,0,1,0,0000000,99,98,99,98,88,88,0,0,0,2,0
48,483185,1,1,0,1,1,2,2,201,3280,15,12,2014,2,14,30,0,16,5,FONDREN RD,SANFORD RD,0,29.65915833,-95.50851944,0,8,0,0,3,2,0,1,1,1,0,1,0,0000000,13,36,13,44,13,59,0,0,0,1,0
48,483186,2,2,0,0,0,2,2,113,1730,20,12,2014,7,14,45,0,16,5,ILLINOIS AVE,KIEST BLVD,0,32.71741389,-96.78542778,0,12,6,0,3,2,0,1,1,10,0,10,0,0000000,14,46,14,51,15,24,0,0,0,1,0
48,483187,1,1,0,0,0,1,1,439,2420,31,12,2014,4,7,17,1,11,7,I-820/SE LOOP 820,FOREST HILL DR,126,32.66109167,-97.26988333,0,59,0,0,3,2,0,4,1,1,0,1,0,0000000,99,98,99,98,88,88,0,0,0,1,0
48,483188,2,2,0,0,0,7,7,167,2570,22,2,2014,7,20,0,1,11,1,I-45,,142,29.30392222,-94.90301667,0,12,1,0,1,1,0,1,3,1,0,1,0,0000000,20,1,20,7,20,40,0,0,0,1,0
48,483189,2,2,0,0,0,3,3,167,2570,26,7,2014,7,13,49,1,13,8,FM 3005/SEAWALL BLVD,,29,29.24643611,-94.86119444,0,12,6,0,1,1,0,1,1,1,0,1,0,0000000,13,50,13,59,14,31,0,0,0,1,1
48,483190,2,1,1,0,0,1,1,167,2570,18,8,2014,2,3,53,0,16,5,SEAWALL BLVD,,0,29.29870556,-94.77743889,0,14,0,0,1,1,0,2,3,1,0,1,0,0000000,99,98,99,98,88,88,0,0,0,1,1
48,483191,2,2,0,0,0,5,5,201,3280,24,12,2014,4,6,22,0,16,5,HELMERS ST,CROSSTIMBERS ST,0,29.828875,-95.36570278,0,12,6,0,2,2,0,1,3,10,0,10,0,0000000,6,23,6,30,6,49,0,0,0,1,1
48,483192,2,2,0,0,0,4,4,453,330,27,12,2014,7,15,42,1,12,7,SR-130,SR-71,454,30.195325,-97.624375,0,12,6,1,2,2,0,1,1,10,0,10,0,0000000,99,99,99,99,99,99,0,0,0,1,0
48,483193,3,3,0,0,0,4,4,201,5230,27,10,2014,2,8,48,1,12,3,SR-225 PASADENA FWY,,65,29.7125,-95.16907778,0,12,1,0,1,1,0,1,1,1,0,1,0,0000000,8,52,9,0,10,10,0,0,0,1,0
48,483194,2,2,0,0,0,3,3,27,3690,23,11,2014,1,17,32,1,13,8,FM3470 STAN SCHLUETER LP,TRIMMER RD,64,31.07293333,-97.74044167,0,12,6,0,2,2,0,1,3,10,0,10,0,0000000,17,32,17,39,18,2,0,0,0,1,0
48,483195,2,2,0,0,0,5,5,141,2190,24,12,2014,4,1,46,1,12,7,SL375 JOE BATTLE BLVD,VISTA DEL SOL DR,93,31.74102778,-106.2680611,0,12,6,1,2,2,0,1,3,1,0,1,0,0000000,1,47,1,52,2,23,0,0,0,3,1
48,483196,3,3,0,0,0,4,4,29,6090,1,7,2014,3,17,19,1,11,7,I-410,,142,29.48820556,-98.58481389,0,12,1,0,1,1,0,1,1,1,0,1,0,0000000,17,20,17,28,17,56,28,0,0,1,0
48,483197,1,1,0,1,1,1,1,201,3280,5,11,2014,4,19,30,1,11,1,I-45 GULF FWY,,210,29.73116389,-95.34165556,0,8,0,0,1,1,0,1,3,2,0,2,0,0000000,19,36,19,52,19,59,0,0,0,1,0
48,483198,2,2,0,0,0,5,5,439,0,1,9,2014,2,20,3,0,6,4,CR-WHITE SETTLEMENT RD,,0,32.7724,-97.53900278,0,12,2,0,1,1,0,1,5,1,0,1,0,0000000,20,11,20,28,20,53,0,0,0,1,1
48,483199,1,1,0,0,0,1,1,329,0,30,12,2014,3,18,45,0,3,3,SR-349,,94,31.69539167,-102.0037778,0,1,0,0,1,1,0,4,2,3,0,3,0,0000000,18,5,18,43,19,58,0,0,0,1,0
48,483200,2,2,0,0,0,3,3,21,460,29,10,2014,4,6,54,1,2,3,SR-21,,104,30.1106,-97.39580278,0,12,6,0,7,1,0,1,3,1,0,1,0,0000000,99,99,99,99,99,99,0,0,0,1,0
48,483201,1,1,0,1,1,1,1,451,6080,22,12,2014,2,22,0,1,13,7,US-87 BRYANT BLVD,,333,31.49841667,-100.4777139,0,8,0,0,1,1,0,99,2,1,0,1,0,0000000,99,98,99,98,88,88,0,0,0,1,0
48,483202,3,1,2,0,0,1,1,113,1730,27,12,2014,7,18,32,0,6,5,PINE ST,,0,32.75465278,-96.76277778,0,14,0,0,1,1,0,7,3,10,0,10,0,0000000,18,37,18,40,19,8,14,0,0,1,1
48,483203,2,2,0,0,0,3,3,27,570,5,5,2014,2,16,13,1,3,7,US-190,CONNELL ST,272,31.045925,-97.47314722,0,12,6,0,2,2,0,1,1,1,0,1,0,0000000,16,13,16,16,16,49,0,0,0,1,0
48,483204,1,1,0,0,0,1,1,491,0,24,1,2014,6,10,39,0,5,8,FM 970,,77,30.82988333,-97.80576111,0,34,0,0,1,1,0,4,1,1,0,1,0,0000000,10,38,10,59,11,46,0,0,0,1,0
48,483205,2,2,0,0,0,7,7,373,5095,21,11,2014,6,11,0,0,4,2,US-190,FM 3186,235,30.81383889,-95.10545,0,12,1,0,3,3,0,1,1,10,0,10,0,0000000,99,99,99,99,99,99,0,0,0,1,0
48,483206,2,2,0,0,0,3,3,59,1400,17,8,2014,1,14,6,1,1,7,I-20,CLACK ST,70,32.41568333,-99.51330833,0,12,6,0,8,1,0,1,1,10,0,10,0,0000000,14,14,14,30,14,51,0,0,0,1,0
48,483208,1,1,0,1,1,1,1,389,5280,7,3,2014,6,23,27,1,1,7,I-20 PINEHURST ST,,485,31.39864444,-103.4904528,0,8,0,0,1,1,0,1,2,10,0,10,0,0000000,99,98,99,98,88,88,0,0,0,1,0
48,483209,1,1,0,1,1,1,1,113,1730,9,3,2014,1,1,44,1,1,1,I-30 RL THORNTON FWY,,77,32.79138333,-96.73924444,0,8,0,0,1,1,0,1,3,1,0,1,0,0000000,99,98,99,98,88,88,0,0,0,1,0
48,483210,2,1,1,0,1,1,2,139,4590,13,4,2014,1,19,52,0,5,2,US-77 MAIN ST,,466,32.12808056,-96.94432778,0,42,0,0,1,1,0,4,1,10,0,10,0,0000000,99,98,99,98,88,88,0,0,0,1,0
48,483211,1,1,0,0,0,4,4,427,5780,29,5,2014,5,1,41,1,3,2,US-83,,254,26.379425,-98.89013056,0,30,0,0,1,1,0,4,2,1,0,1,0,0000000,1,33,1,34,2,2,0,0,0,1,1
48,483212,1,1,0,1,1,1,1,291,1380,31,5,2014,7,4,5,0,4,8,FM 2025,,18,30.35354444,-95.09035278,0,9,0,0,1,1,0,1,2,1,0,1,0,0000000,99,98,99,98,88,88,0,0,0,1,0
48,483213,2,2,0,0,0,3,3,27,4924,7,6,2014,7,2,14,1,2,2,US-190,BU 190F/SPUR 439,0,31.07639167,-97.60642778,0,12,2,0,1,1,0,1,2,1,0,1,0,0000000,99,99,99,99,99,99,0,0,0,1,1
48,483214,2,2,0,0,0,3,3,409,6730,25,6,2014,4,13,57,0,5,8,FM 631,,12,99.99990000,999.99990000,9,12,2,0,1,1,0,1,1,10,0,10,0,0000000,14,11,14,26,14,49,0,0,0,1,0
48,483215,1,1,0,0,0,1,1,133,5640,9,7,2014,4,2,51,1,1,1,I-20/350,,4,32.43841944,-98.69673333,0,21,0,0,1,1,0,3,2,1,0,1,0,0000000,99,98,99,98,88,88,0,0,0,1,1
48,483216,2,2,0,0,0,3,3,245,490,10,7,2014,5,23,53,1,3,8,SS 380 MLK PKWY,ELGIE,120,30.05256667,-94.080675,0,12,6,0,2,3,1,1,6,98,0,98,0,0000000,23,54,0,1,0,26,0,0,0,2,1
48,483217,2,2,0,0,0,2,2,85,4230,17,7,2014,5,21,32,0,16,6,ELDORADO PKWY,BELAIRE DR,0,33.17651111,-96.6357,0,12,6,0,8,1,0,1,2,10,0,10,0,0000000,21,32,21,37,21,58,0,0,0,1,0
48,483218,1,1,0,0,0,1,1,157,4655,24,7,2014,5,16,0,0,16,6,GESSNER RD,,0,29.61895,-95.53865833,0,10,0,0,6,1,0,1,1,10,0,10,0,743689L,99,99,99,99,99,99,23,0,0,1,0
48,483219,1,1,0,0,0,2,2,491,2380,29,7,2014,3,20,20,0,5,8,FM 487,,105,30.84433056,-97.78422222,0,1,0,0,1,1,1,4,2,1,0,1,0,0000000,21,20,21,37,22,9,0,0,0,1,1
48,483220,1,1,0,0,0,2,2,415,6440,6,9,2014,7,14,47,0,16,6,AVENUE R,,0,32.71441389,-100.9171806,0,5,0,0,1,1,0,1,1,2,0,2,0,0000000,14,49,14,52,15,10,0,0,0,1,0
48,483221,1,1,0,1,1,4,4,167,0,7,9,2014,1,5,27,0,4,8,FM 646 BAYSHORE DR,,241,29.50811944,-94.96862222,0,8,0,0,1,1,0,1,2,1,0,1,0,0000000,99,99,99,99,99,99,0,0,0,1,0
48,483222,4,4,0,0,0,8,8,85,92,9,9,2014,3,15,35,1,2,2,US-75 CENTRAL EXPY,,80,33.08338889,-96.68361667,0,12,1,0,1,1,1,1,1,1,0,1,0,0000000,15,26,15,30,15,55,28,0,0,1,0
48,483223,2,2,0,0,0,2,2,241,3480,17,10,2014,6,12,50,0,5,8,FM 2799 HOUSTON ST,FM 777,113,30.91459722,-94.02445,0,12,2,0,2,3,0,1,1,1,0,1,0,0000000,99,99,99,99,99,99,0,0,0,1,0
48,483224,1,1,0,1,1,1,1,85,4230,28,10,2014,3,16,32,1,13,2,US-380 UNIVERSITY DR,,97,33.21657778,-96.63466944,0,9,0,0,8,1,0,1,1,1,0,1,0,0000000,16,34,16,47,17,17,0,0,0,1,0
48,483225,1,1,0,0,0,2,2,27,6810,5,11,2014,4,23,41,0,4,3,SR-317,,83,31.15981111,-97.42385,0,32,0,0,1,1,0,4,2,2,0,2,0,0000000,99,99,99,99,99,99,0,0,0,1,0
48,483226,1,1,0,1,1,0,0,355,1550,21,11,2014,6,18,46,0,16,6,CLARIDE ST,,0,27.67343056,-97.28265833,0,8,0,0,1,1,0,1,2,1,0,1,0,0000000,18,47,18,57,19,14,0,0,0,1,0
48,483227,1,1,0,0,0,1,1,27,6810,29,11,2014,7,17,40,1,1,1,I-35,,166,31.05568611,-97.44980278,0,1,0,0,1,1,0,1,5,1,0,1,0,0000000,17,40,17,49,18,6,0,0,0,1,0
48,483228,1,1,0,0,0,1,1,309,7210,6,12,2014,7,5,45,0,16,6,LAKE SHORE DR,,0,31.56876111,-97.19009167,0,1,0,0,1,1,0,4,3,10,0,10,0,0000000,99,98,99,98,88,88,0,0,0,1,1
48,483229,4,4,0,0,0,5,5,157,6660,8,12,2014,2,18,4,1,1,1,I-69,,128,29.57628611,-95.65556667,0,12,1,0,1,1,0,1,3,1,0,1,0,0000000,99,99,99,99,99,99,0,0,0,1,0
48,483230,2,2,0,0,0,2,2,453,5325,8,12,2014,2,6,44,0,4,8,FM 1825,HEATHERWILDE BLVD,15,30.44749167,-97.63895556,0,12,6,0,2,2,0,1,4,1,0,1,0,0000000,6,45,6,54,7,12,0,0,0,1,1
48,483231,1,1,0,0,0,1,1,29,3705,11,12,2014,5,3,15,1,3,8,FM 78,GIBBS SPRAWL RD,117,29.47458889,-98.38127778,0,46,0,0,3,2,0,4,3,2,0,2,0,0000000,99,98,99,98,88,88,0,0,0,1,1
48,483232,1,1,0,0,0,1,1,375,150,22,3,2014,7,2,33,0,16,6,ROSS,,0,35.20968611,-101.8142194,0,25,0,0,1,1,0,4,6,98,0,98,0,0000000,99,99,99,99,99,99,0,0,0,1,1
48,483233,1,1,0,1,1,1,1,259,740,19,4,2014,7,16,58,1,3,8,BU-87 MAIN,,247,29.79135556,-98.7305,0,8,0,0,1,1,0,1,1,1,0,1,0,0000000,99,99,99,99,99,99,0,0,0,1,0
48,483234,2,2,0,0,0,3,3,213,6314,23,6,2014,2,12,1,0,4,8,FM 85 CEDAR CREEK PKWY,CHRIS CIR,87,32.32069444,-96.22423056,0,12,6,0,2,3,0,1,1,1,0,1,0,0000000,12,2,12,17,13,2,0,0,0,1,0
48,483236,1,1,0,0,0,1,1,29,7077,8,8,2014,6,4,18,1,2,8,SL 1604,,390,29.55392222,-98.32258889,0,1,0,0,1,1,0,98,2,1,0,1,0,0000000,99,98,99,98,88,88,0,0,0,1,1
48,483237,4,4,0,0,0,6,6,491,3925,11,8,2014,2,12,14,1,13,7,US-183A TOLL RD,RM 2243,186,30.58276667,-97.83567778,0,12,6,0,2,2,0,1,1,1,0,1,0,0000000,12,28,12,29,12,53,14,0,0,2,0
48,483238,2,2,0,0,0,3,3,167,2570,22,2,2014,7,11,11,1,3,3,SR-87 AVE J BROADWAY ST,37TH ST,27,29.29595278,-94.80812778,0,1,0,0,2,2,0,1,1,1,0,1,0,0000000,11,12,11,15,11,31,0,0,0,1,0
48,483239,2,2,0,0,0,2,2,85,4230,17,9,2014,4,13,41,1,3,2,US-380 UNIVERSITY DR,,96,33.21686389,-96.63799444,0,12,6,0,8,1,0,1,1,1,0,1,0,0000000,13,42,13,55,14,25,0,0,0,1,0
48,483240,2,2,0,0,0,3,3,29,4015,21,9,2014,1,20,30,1,3,3,SR-218 PAT BOOKER RD,,379,29.56347778,-98.33811111,0,12,2,1,18,1,0,1,3,1,0,1,0,0000000,20,19,20,30,20,59,0,0,0,1,0
48,483241,1,1,0,1,1,1,1,39,850,16,10,2014,5,7,4,1,3,3,SR-36 BROOKS ST,,220,29.05046667,-95.57064722,0,15,0,0,1,1,0,1,4,1,0,1,0,0000000,7,21,7,48,8,15,0,0,0,1,0
48,483242,2,2,0,0,0,3,3,3,180,5,11,2014,4,0,23,0,4,3,SR-176,,311,32.31513889,-102.5710778,0,12,6,0,1,1,0,1,2,1,0,1,0,0000000,99,99,99,99,99,99,0,0,0,1,1
48,483243,2,2,0,0,0,4,4,439,590,11,12,2014,5,13,48,1,3,2,US-377,,37,32.69176389,-97.45698889,0,12,6,0,1,1,0,1,1,1,0,1,0,0000000,14,0,14,21,14,38,0,0,0,1,0
48,483244,1,1,0,0,0,1,1,113,2590,14,12,2014,1,0,32,0,16,6,WALNUT ST,,0,32.91676667,-96.69145833,0,33,0,0,1,1,0,4,3,10,0,10,0,0000000,99,98,99,98,88,88,0,0,0,1,0
48,483245,1,1,0,0,0,2,2,309,7210,31,12,2014,4,22,30,0,16,6,MCLAUGHLIN RD,,0,31.55841944,-97.24754444,0,24,0,0,1,1,0,4,2,10,0,10,0,0000000,99,98,99,98,88,88,0,0,0,1,1
48,483246,1,1,0,1,1,1,1,113,4530,12,3,2014,4,15,52,0,16,6,BELT LINE RD,PARK AVE,0,32.77969722,-96.59692222,0,8,0,0,2,2,0,1,1,1,0,1,0,0000000,15,53,15,57,16,21,0,0,0,1,0
48,483247,2,2,0,0,0,2,2,1,5170,18,8,2014,2,4,24,1,3,2,US-287 SPRING ST,,208,31.76705278,-95.65108333,0,12,6,0,1,1,0,1,5,1,0,1,0,0000000,99,99,99,99,99,99,0,0,0,1,1
48,483248,2,2,0,0,0,2,2,339,1510,25,8,2014,2,18,53,1,3,3,SR-105,,190,30.33591944,-95.51536111,0,12,6,0,1,1,0,1,1,1,0,1,0,0000000,99,99,99,99,99,99,0,0,0,1,0
48,483249,1,1,0,2,2,1,1,141,2190,20,11,2014,5,11,46,1,3,3,SR-20 MESA ST,,181,31.78139444,-106.5053111,0,8,0,0,1,1,0,1,1,1,0,1,0,0000000,11,48,11,57,12,16,0,0,0,2,0
48,483250,1,1,0,0,0,4,4,427,0,7,5,2014,4,12,0,0,4,8,FM 490,,112,26.50281111,-98.5087,0,30,0,0,1,1,0,4,1,1,0,1,0,0000000,12,31,12,51,13,31,0,0,0,1,0
48,483251,2,2,0,0,0,4,4,141,2190,16,10,2014,5,16,29,1,3,8,SL 478 DYER ST,BU-54 A,94,31.84708889,-106.4433222,0,12,2,0,2,3,0,1,1,1,0,1,0,0000000,16,30,16,33,16,52,0,0,0,1,0
48,483252,2,2,0,0,0,2,2,213,300,27,11,2014,5,11,14,0,4,3,SR-19 PALESTINE ST,SL 7 JED ROBINSON LOOP,126,32.22689167,-95.8528,0,12,6,0,2,2,0,1,1,1,0,1,0,0000000,99,98,99,98,88,88,0,0,0,1,0
48,483253,2,2,0,0,0,3,3,329,4560,10,12,2014,4,15,42,1,1,1,I-20,,136,31.96928611,-102.0865056,0,12,1,0,1,1,1,1,1,1,0,1,0,0000000,99,99,99,99,88,88,0,0,0,2,0
48,483254,2,2,0,0,0,2,2,375,150,10,8,2014,1,12,13,1,4,8,FM 1719 WESTERN ST,HESTER DR,146,35.24133889,-101.884175,0,12,6,0,2,3,0,1,1,10,0,10,0,0000000,99,99,99,99,99,99,0,0,0,1,0
48,483255,2,2,0,0,0,4,4,209,3760,22,8,2014,6,20,56,1,1,1,I-35,,167,30.03203611,-97.84743611,0,5,0,0,1,1,0,1,3,1,0,1,0,0000000,99,98,99,98,88,88,0,0,0,1,0
48,483256,1,1,0,1,1,1,1,141,2190,25,5,2014,1,20,29,1,3,8,BU-54A DYER ST,,111,31.86811944,-106.4293944,0,8,0,0,1,1,0,1,2,1,0,1,0,0000000,99,99,99,99,99,99,0,0,0,1,0
48,483257,2,1,1,1,1,1,1,141,2190,2,7,2014,4,9,12,1,3,8,FM 76 NORTH LOOP DR,,0,31.72143889,-106.334,0,14,0,0,1,1,0,7,1,1,0,1,0,0000000,99,99,99,99,99,99,0,0,0,1,0
48,483258,1,1,0,0,0,1,1,113,1190,31,8,2014,1,0,34,0,6,6,JOSEY LN,,0,32.99251667,-96.88989722,0,33,0,0,1,1,0,3,3,1,0,1,0,0000000,99,99,99,99,99,99,0,0,0,1,0
48,483259,1,1,0,0,0,1,1,85,7620,2,10,2014,5,5,10,0,6,6,MCMILLAN RD,,0,33.03313611,-96.58321667,0,3,0,0,1,1,0,5,2,1,0,1,0,0000000,99,98,99,98,88,88,0,0,0,1,0
48,483260,1,1,0,1,1,1,1,141,2190,20,8,2014,4,5,46,0,16,6,LEE TREVINO DR,EDGEMERE BLVD,0,31.79154167,-106.3231333,0,8,0,0,2,2,0,1,3,1,0,1,0,0000000,99,99,99,99,99,99,0,0,0,1,0
48,483261,3,1,2,0,0,1,1,439,2450,22,3,2014,7,0,15,0,16,6,BILGLADE RD,,0,32.67723611,-97.36436944,0,14,0,0,1,1,0,7,3,10,0,10,0,0000000,99,99,99,99,99,99,0,0,0,1,1
49,490001,2,1,1,0,0,1,1,35,344,1,1,2014,4,2,4,0,16,6,700 E,,0,40.54206667,-111.8716694,0,14,0,0,1,1,0,2,2,1,0,1,0,0000000,2,4,2,12,88,88,0,0,0,1,1
49,490002,1,1,0,1,1,4,4,53,1670,2,1,2014,5,13,40,1,11,1,I-15,,59,37.0865,-113.5804472,0,8,0,0,1,1,0,1,1,1,0,1,0,0000000,13,41,13,47,13,52,0,0,0,1,0
49,490003,2,2,0,1,1,3,3,11,910,2,1,2014,5,18,16,1,11,1,I-15,,3330,41.09356389,-111.9946194,0,8,0,1,18,1,0,1,2,1,0,1,0,0000000,18,13,18,16,18,29,0,0,0,1,0
49,490004,2,2,0,0,0,2,2,49,0,3,1,2014,6,18,55,1,2,2,US-6,,1798,40.05961944,-111.56625,0,12,2,0,1,1,0,1,2,1,0,1,0,0000000,18,55,19,5,19,43,0,0,0,1,0
49,490005,1,1,0,0,0,1,1,1,0,12,1,2014,1,12,30,1,1,1,I-15,,1190,38.39908056,-112.6552833,0,35,0,0,1,1,0,4,1,1,0,1,0,0000000,12,32,12,42,13,0,0,0,0,1,1
49,490006,2,2,0,0,0,2,2,5,2080,14,1,2014,3,8,54,1,2,2,US-89/91,6800 S,168,41.60782222,-111.9403389,0,12,6,0,2,3,0,1,1,1,0,1,0,0000000,8,55,9,20,9,47,0,0,0,1,0