STATE,ST_CASE,VE_TOTAL,VE_FORMS,PVH_INVL,PEDS,PERNOTMVIT,PERMVIT,PERSONS,COUNTY,CITY,DAY,MONTH,YEAR,DAY_WEEK,HOUR,MINUTE,NHS,ROAD_FNC,ROUTE,TWAY_ID,TWAY_ID2,MILEPT,LATITUDE,LONGITUD,SP_JUR,HARM_EV,MAN_COLL,RELJCT1,RELJCT2,TYP_INT,WRK_ZONE,REL_ROAD,LGT_COND,WEATHER1,WEATHER2,WEATHER,SCH_BUS,RAIL,NOT_HOUR,NOT_MIN,ARR_HOUR,ARR_MIN,HOSP_HR,HOSP_MN,CF1,CF2,CF3,FATALS,DRUNK_DR
51,510207,1,1,0,0,0,1,1,710,1760,12,5,2014,2,2,2,0,13,2,US-60,,2827,36.94989722,-76.24587222,0,1,0,0,1,1,0,4,3,1,10,10,0,0000000,99,99,99,99,88,88,0,0,0,1,1
51,510208,3,3,0,0,0,3,3,59,0,8,5,2014,5,15,50,0,14,4,CR-602,WIEHLE AVE,58,38.98658611,-77.34273611,0,12,6,0,2,2,0,1,1,1,10,10,0,0000000,99,99,99,99,99,99,0,0,0,1,0
51,510209,1,1,0,0,0,1,1,173,0,13,5,2014,3,22,12,0,6,4,CR-689,,43,36.84131389,-81.46073056,0,35,0,0,1,1,0,4,2,1,10,10,0,0000000,22,16,22,18,22,44,0,0,0,1,1
51,510210,1,1,0,0,0,1,1,107,0,14,5,2014,4,1,42,0,15,4,CR-53,,39,39.00145,-77.50140278,0,1,0,0,1,1,0,4,2,1,10,10,0,0000000,99,99,99,99,88,88,0,0,0,1,1
51,510211,3,3,0,0,0,3,3,187,0,16,5,2014,6,2,30,1,1,1,I-66,,110,38.93495833,-78.12886389,0,12,7,0,1,1,0,1,2,2,0,2,0,0000000,99,99,99,99,88,88,0,0,0,1,0
51,510212,1,1,0,0,0,1,1,61,0,15,5,2014,5,2,54,0,4,4,CR-30,,28,38.90241389,-77.84653056,0,42,0,0,1,1,0,4,2,5,0,5,0,0000000,99,99,99,99,99,99,0,0,0,1,0
51,510213,2,1,1,0,1,1,2,131,0,15,5,2014,5,10,0,1,2,2,US-13,,700,36.97563611,-76.10778611,0,45,0,0,1,1,4,1,1,1,10,10,0,0000000,99,99,99,99,99,99,0,0,0,1,1
51,510214,1,1,0,0,0,1,1,800,2390,18,5,2014,1,20,31,0,4,6,HOSIER RD,,95,36.65027222,-76.57940278,0,42,0,0,1,1,0,4,5,1,10,10,0,0000000,20,34,20,43,21,29,0,0,0,1,1
51,510215,2,2,0,0,0,2,2,680,1490,20,5,2014,3,7,21,1,2,2,US-460,,2075,37.38329167,-79.11219167,0,12,1,0,1,1,0,1,1,1,10,10,1,0000000,7,23,7,32,8,0,0,0,0,1,0
51,510216,1,1,0,0,0,5,5,550,468,18,5,2014,1,12,56,0,3,3,SR-68,,15,36.59,-76.21,0,30,0,0,1,1,0,4,1,1,10,10,0,0000000,12,58,13,17,13,35,0,0,0,1,0
51,510217,1,1,0,0,0,1,1,85,0,23,5,2014,6,15,17,0,5,4,CR-617,,23,37.75066389,-77.757775,0,34,0,0,1,1,0,4,1,1,10,10,0,0000000,15,17,15,31,99,99,0,0,0,1,1
51,510218,3,3,0,0,0,1,1,153,0,11,5,2014,1,17,29,0,16,4,CR-76,,3,38.65004722,-77.27091667,0,12,7,0,1,1,0,1,1,1,10,10,0,0000000,17,30,17,35,17,47,0,0,0,1,1
51,510219,2,1,1,0,1,1,2,149,0,22,5,2014,5,16,40,1,1,1,I-95,,425,37.07414722,-77.365275,0,14,0,0,1,1,0,5,1,1,10,10,0,0000000,16,42,16,49,17,24,23,0,0,1,0
51,510220,1,1,0,0,0,1,1,155,0,17,5,2014,7,4,3,0,6,4,CR-77,,12,37.20446111,-80.61526667,0,34,0,0,1,1,0,4,2,1,10,10,0,0000000,4,6,4,17,88,88,0,0,0,1,1
51,510221,1,1,0,0,0,1,1,133,0,24,5,2014,7,5,43,0,6,4,CR-712,,22,37.99311944,-76.54048333,0,3,0,0,1,1,0,5,4,1,10,10,0,0000000,99,99,99,99,88,88,0,0,0,1,0
51,510222,1,1,0,0,0,1,1,49,0,24,5,2014,7,6,20,0,3,2,US-60,,1373,37.48431111,-78.32230278,0,42,0,0,1,1,0,4,4,1,10,10,0,0000000,99,99,99,99,88,88,0,0,0,1,0
51,510223,1,1,0,0,0,1,1,25,0,25,5,2014,1,1,29,0,4,4,CR-659,,66,36.66569722,-77.98973889,0,1,0,0,1,1,0,4,2,1,10,10,0,0000000,1,34,1,50,88,88,0,0,0,1,1
51,510224,1,1,0,0,0,1,1,36,0,26,5,2014,2,22,20,0,3,3,SR-5,,273,37.33873611,-77.08993056,0,35,0,0,1,1,0,4,2,1,10,10,0,0000000,22,31,22,40,99,99,0,0,0,1,1
51,510225,1,1,0,0,0,4,4,71,0,26,5,2014,2,23,35,1,2,2,US-460,,1069,37.29199444,-80.50066389,0,1,0,0,1,1,0,1,2,1,10,10,0,0000000,23,37,23,55,0,17,0,0,0,1,0
51,510226,1,1,0,0,0,1,1,11,0,27,5,2014,3,0,40,0,6,4,CR-663,,0,37.45512778,-78.88202778,0,42,0,0,1,1,0,4,6,1,10,10,0,0000000,0,47,1,2,2,54,0,0,0,1,1
51,510227,1,1,0,0,0,1,1,13,0,25,5,2014,1,9,58,1,11,1,I-395,,103,38.87720278,-77.040475,0,44,0,0,1,1,0,1,1,1,10,10,0,0000000,99,99,99,99,99,99,0,0,0,1,0
51,510228,2,2,0,0,0,2,2,87,0,28,5,2014,4,19,46,0,14,4,CR-7518,,14,37.59047222,-77.57026667,0,12,2,0,1,1,0,1,1,2,0,2,0,0000000,19,48,19,55,20,38,0,0,0,1,1
51,510229,1,1,0,0,0,1,1,185,0,28,5,2014,4,13,0,0,4,4,CR-627,,38,37.17504722,-81.75068889,0,42,0,0,1,1,0,4,1,1,10,10,0,0000000,99,99,99,99,99,99,0,0,0,1,0
51,510230,2,2,0,0,0,2,2,145,0,28,5,2014,4,21,10,0,4,3,SR-13,,193,37.540525,-77.94788056,0,12,2,0,1,1,0,1,2,2,0,2,0,0000000,21,16,21,23,22,23,0,0,0,1,0
51,510231,1,1,0,0,0,1,1,59,0,27,5,2014,3,14,8,0,15,4,CR-502,,2,38.94671667,-77.267,0,42,0,0,1,1,0,4,1,1,10,10,0,0000000,99,99,99,99,99,99,0,0,0,1,0
51,510232,1,1,0,1,1,1,1,131,0,30,5,2014,6,22,45,1,2,2,US-13,STONE RD,842,37.27201944,-75.97523611,0,8,0,0,2,2,0,1,2,1,10,10,0,0000000,22,47,22,54,99,99,0,0,0,1,0
51,510233,2,2,0,0,0,2,2,179,0,31,5,2014,7,16,17,0,13,2,US-1,CENTREPORT PKWY,1520,38.36688889,-77.45565,0,12,6,0,2,3,0,1,1,1,10,10,0,0000000,99,99,99,99,99,99,0,0,0,1,0
51,510234,1,1,0,0,0,2,2,107,0,17,5,2014,7,13,29,1,2,3,SR-7,,265,39.14511667,-77.71919444,0,52,0,0,1,1,0,3,1,1,10,10,0,0000000,13,30,13,36,99,99,0,0,0,1,0
51,510235,1,1,0,0,0,2,2,650,1180,31,5,2014,7,23,0,0,14,3,SR-169,,8,37.02828889,-76.31153889,0,33,0,0,1,1,0,4,2,1,10,10,0,0000000,99,99,99,99,88,88,0,0,0,1,0
51,510236,2,2,0,1,1,2,2,59,0,20,5,2014,3,21,32,1,13,2,US-29 LEE HWY,,280,38.83874722,-77.43958056,0,8,0,0,1,1,0,1,3,1,10,10,0,0000000,99,99,99,99,88,88,0,0,0,1,0
51,510237,1,1,0,0,0,1,1,83,0,28,5,2014,4,14,32,1,2,2,US-360,,372,36.70383056,-78.88874167,0,42,0,0,1,1,0,3,1,1,10,10,0,0000000,14,37,15,5,15,53,0,0,0,1,0
51,510238,1,1,0,0,0,1,1,770,2100,18,5,2014,1,3,17,0,16,6,GRAYSON AVENUE NW,11TH STREET NW,0,37.28817222,-79.95436667,0,39,0,0,3,3,0,4,2,1,10,10,0,0000000,3,19,3,24,3,47,20,0,0,1,0
51,510239,1,1,0,0,0,1,1,147,0,15,5,2014,5,14,37,0,3,2,US-15,,569,37.20258889,-78.28178889,0,42,0,0,1,1,0,4,1,2,0,2,0,0000000,99,99,99,99,88,88,0,0,0,1,1
51,510240,1,1,0,0,0,1,1,87,0,16,5,2014,6,1,49,1,11,1,I-95,,858,37.65323056,-77.45086389,0,24,0,1,5,1,0,3,2,2,0,2,0,0000000,1,49,1,52,88,88,0,0,0,1,0
51,510241,1,1,0,0,0,2,2,85,0,27,5,2014,3,15,58,0,3,3,SR-54,,16,37.823,-77.63621111,0,42,0,0,1,1,0,4,1,1,10,10,0,0000000,15,59,16,9,17,8,0,0,0,1,0
51,510242,1,1,0,0,0,2,2,177,0,24,5,2014,7,22,46,0,4,4,CR-613,,115,38.31867222,-77.70741389,0,38,0,0,1,1,0,4,3,1,10,10,0,0000000,22,49,22,53,23,38,0,0,0,1,1
51,510243,1,1,0,1,1,1,1,93,0,29,5,2014,5,5,14,0,3,3,SR-10,,697,37.03521667,-76.663975,0,8,0,0,1,1,0,1,4,1,10,10,0,0000000,99,99,5,23,5,58,0,0,0,1,0
51,510244,3,3,0,0,0,4,4,59,0,6,5,2014,3,15,44,1,11,1,I-495,,33,38.81046111,-77.21665,0,12,1,0,1,1,0,1,1,1,10,10,0,0000000,16,16,16,32,16,43,0,0,0,1,0
51,510245,1,1,0,0,0,1,1,59,0,15,5,2014,5,19,9,0,14,3,SR-241,,10,38.79730556,-77.07978889,0,25,0,0,1,1,0,3,1,1,10,10,0,0000000,99,99,99,99,88,88,0,0,0,1,1
51,510246,1,1,0,0,0,3,3,135,0,1,6,2014,1,3,26,0,6,4,CR-632,,6,37.16701667,-78.10300833,0,42,0,0,1,1,0,4,2,1,10,10,0,0000000,99,99,99,99,99,99,0,0,0,1,1
51,510247,2,2,0,0,0,2,2,135,0,2,6,2014,2,6,5,0,4,2,US-460,,28,37.11228889,-78.04428333,0,12,2,0,1,1,0,1,2,1,10,10,0,0000000,6,6,6,16,99,99,0,0,0,1,0
51,510248,2,1,1,0,0,4,4,191,0,3,6,2014,3,18,10,1,1,1,I-81,,340,36.78694722,-81.70046389,0,14,0,0,1,1,0,4,1,1,10,10,0,0000000,18,22,18,28,99,99,0,0,0,3,0
51,510249,1,1,0,0,0,3,3,149,0,3,6,2014,3,20,50,1,2,2,US-301,,448,37.08629167,-77.35651667,0,34,0,0,1,1,0,4,6,1,10,10,0,0000000,21,13,21,28,21,51,0,0,0,1,1
51,510250,2,2,0,0,0,2,2,710,1760,5,6,2014,5,20,53,0,14,6,COLLEY AVE,38TH STREET,16,36.88001667,-76.29473056,0,12,2,0,2,2,0,1,3,1,10,10,0,0000000,20,53,20,55,21,14,0,0,0,1,0
51,510251,2,2,0,0,0,2,2,710,1760,3,6,2014,3,18,54,0,15,6,LOWERY RD,KEMPSVILLE RD,11,36.86644167,-76.20391667,0,12,1,0,2,3,0,1,1,1,10,10,0,0000000,18,54,18,58,19,23,0,0,0,1,0
51,510252,1,1,0,0,0,1,1,169,0,6,6,2014,6,5,15,0,3,3,SR-71,,128,36.74936667,-82.42160833,0,35,0,0,1,1,0,4,2,5,10,5,0,0000000,99,99,99,99,88,88,0,0,0,1,0
51,510253,2,2,0,0,0,2,2,41,0,6,6,2014,6,10,50,1,13,2,US-1,MARINA DR,857,37.43743889,-77.43869722,0,12,6,0,2,2,0,1,1,1,10,10,0,0000000,10,51,10,54,88,88,0,0,0,1,0
51,510254,1,1,0,1,1,1,1,47,0,6,6,2014,6,19,47,0,6,4,CR-674,,10,38.50591111,-77.82914167,0,9,0,0,1,1,0,1,5,1,10,10,0,0000000,19,52,20,0,99,99,0,0,0,1,0
51,510255,1,1,0,1,1,1,1,177,0,6,6,2014,6,23,28,0,15,4,CR-627,,55,38.28168889,-77.56620833,0,8,0,0,1,1,0,1,2,1,10,10,0,0000000,99,99,99,99,99,99,0,0,0,1,0
51,510256,1,1,0,0,0,3,3,37,0,8,6,2014,1,3,54,1,2,2,US-36,,356,36.99565,-78.48534722,0,42,0,0,1,1,0,4,2,1,10,10,0,0000000,3,58,4,9,99,99,0,0,0,2,0
51,510257,1,1,0,0,0,1,1,61,0,8,6,2014,1,7,29,0,6,4,CR-653,,25,38.55468056,-77.73363611,0,34,0,0,1,1,0,4,1,1,10,10,0,0000000,99,99,99,99,88,88,0,0,0,1,1
51,510258,2,2,0,0,0,2,2,31,0,9,6,2014,2,18,40,0,13,2,US-501,BOCOCK RD,55,37.35837222,-79.10974722,0,12,6,0,2,3,0,1,1,1,10,10,0,0000000,99,99,99,99,99,99,0,0,0,2,0
51,510259,1,1,0,0,0,1,1,9,0,9,6,2014,2,13,40,0,4,4,CR-778,,21,37.66483889,-79.10376667,0,42,0,0,1,1,4,6,1,1,10,10,0,0000000,99,99,99,99,88,88,0,0,0,1,0
51,510260,1,1,0,1,1,1,1,810,2540,7,6,2014,7,21,2,1,13,2,US-58,STEPNEY LANE,5015,36.84215,-76.11566389,0,15,0,0,2,2,0,1,3,1,10,10,0,0000000,99,99,99,99,99,99,0,0,0,1,0
51,510261,1,1,0,1,1,1,1,153,0,2,6,2014,2,18,37,0,14,4,CR-76,POTOMAC CENTER BLVD,45,38.63485,-77.28422222,0,8,0,0,2,2,0,1,1,1,10,10,0,0000000,99,99,99,99,99,99,0,0,0,1,0
51,510262,4,4,0,0,0,4,4,700,1720,8,6,2014,1,0,37,1,11,1,I-664 NORTH,,79,36.97654444,-76.42215,0,12,1,0,1,1,0,1,3,1,10,10,0,0000000,0,39,0,50,88,88,0,0,0,1,0
51,510263,4,4,0,0,0,4,4,93,0,10,6,2014,3,14,16,1,2,2,US-460,,366,36.5,-76.43251944,0,12,8,0,1,1,0,1,1,1,10,10,0,0000000,14,21,14,26,15,26,0,0,0,1,0
51,510264,1,1,0,0,0,2,2,135,0,11,6,2014,4,0,50,1,2,3,SR-307,,50,37.28026944,-78.19448611,0,42,0,0,1,1,0,4,2,1,10,10,0,0000000,0,54,1,9,99,99,0,0,0,1,1
51,510265,2,2,0,0,0,2,2,15,0,11,6,2014,4,8,0,1,1,1,I-81,,2214,38.16866944,-79.00813333,0,12,1,0,1,1,0,1,1,1,10,10,0,0000000,99,99,99,99,88,88,0,0,0,1,0
51,510266,1,1,0,0,0,2,2,113,0,12,6,2014,5,9,15,1,2,3,SR-231,,410,38.53586667,-78.2444,0,42,0,0,1,1,0,4,1,2,0,2,0,0000000,9,15,9,26,10,35,0,0,0,1,0
51,510267,2,2,0,0,0,2,2,67,0,13,6,2014,6,14,45,0,4,4,CR-641,DUGWELL RD,69,37.04026111,-79.95934722,0,12,6,0,2,2,0,1,1,1,10,10,0,0000000,15,16,15,26,16,11,0,0,0,1,0
51,510268,1,1,0,0,0,1,1,199,0,16,6,2014,2,3,5,0,16,4,CR-620,,50,37.17445833,-76.43529167,0,34,0,0,1,1,0,4,2,1,10,10,0,0000000,99,99,99,99,88,88,0,0,0,1,1
51,510269,2,2,0,0,0,3,3,139,0,15,6,2014,1,16,35,1,2,2,US-211,US-340,72,38.63376944,-78.58011944,0,12,6,0,2,3,0,1,1,1,10,10,0,0000000,16,41,16,48,99,99,0,0,0,1,1
51,510270,1,1,0,0,0,2,2,35,0,18,6,2014,4,18,15,0,4,3,SR-100,,45,36.83789167,-80.73150278,0,42,0,0,1,1,0,4,1,1,10,10,0,0000000,18,23,18,26,19,21,0,0,0,1,0
51,510271,2,2,0,0,0,7,7,81,0,21,6,2014,7,1,20,0,4,2,US-301,RT-629,47,36.61144722,-77.54811111,0,12,6,0,2,2,0,1,2,2,0,2,0,0000000,1,26,1,40,2,29,0,0,0,2,1
51,510272,1,1,0,1,1,1,1,147,0,17,6,2014,3,20,48,0,2,3,SR-307,CR-731,17,37.27411667,-78.25370556,0,9,0,0,2,2,0,1,5,1,10,10,0,0000000,99,99,99,99,99,99,0,0,0,1,0
51,510273,3,3,0,0,0,3,3,87,0,18,6,2014,4,20,53,0,14,3,SR-5,,14,37.51023333,-77.41455,0,12,6,0,1,1,0,1,1,1,10,10,0,0000000,20,53,21,1,99,99,0,0,0,1,1
51,510274,1,1,0,0,0,1,1,105,0,22,6,2014,1,14,35,0,3,2,US-58,RT-709,212,36.81793333,-82.82557778,0,1,0,0,2,3,0,1,1,1,10,10,0,0000000,14,43,14,50,88,88,0,0,0,1,0
51,510275,1,1,0,0,0,1,1,173,0,23,6,2014,2,14,50,1,1,1,I-81,,481,36.850625,-81.48157222,0,24,0,0,1,1,0,3,1,1,10,10,0,0000000,99,99,99,99,88,88,0,0,0,1,0
51,510276,2,2,0,0,0,2,2,810,2540,3,6,2014,3,11,13,0,13,2,US-58,CORPORATE PARK LANE,5001,36.84343056,-76.13885556,0,12,6,0,2,2,0,1,1,1,10,10,0,0000000,11,14,11,17,11,56,0,0,0,1,0
51,510277,1,1,0,0,0,2,2,175,0,22,6,2014,1,19,0,0,4,4,CR-646,,37,36.75248333,-77.01993333,0,42,0,0,1,1,0,4,1,1,10,10,0,0000000,19,2,19,9,88,88,0,0,0,2,1
51,510278,1,1,0,0,0,1,1,85,0,23,6,2014,2,12,9,0,4,4,CR-684,,38,37.91380833,-77.56891667,0,1,0,0,1,1,0,4,1,1,10,10,0,0000000,99,99,99,99,88,88,0,0,0,1,0
51,510279,2,2,0,2,2,3,3,710,1760,24,6,2014,3,21,7,0,14,6,WESLEYAN DR,,3,36.87477222,-76.18938056,0,8,0,0,1,1,0,1,2,1,10,10,0,0000000,21,13,21,19,21,41,0,0,0,1,0
51,510280,1,1,0,0,0,1,1,75,0,26,6,2014,5,2,42,0,5,4,CR-622,,0,37.70836389,-77.68163611,0,42,0,0,1,1,0,4,2,1,10,10,0,0000000,99,99,99,99,88,88,0,0,0,1,1
51,510281,1,1,0,0,0,2,2,700,1720,25,6,2014,4,21,15,1,11,1,I-64,,2532,37.14113333,-76.53007222,0,42,0,0,1,1,0,3,2,1,10,10,0,0000000,21,25,21,53,22,26,0,0,0,2,0
51,510282,3,3,0,0,0,3,3,127,0,24,6,2014,3,14,2,0,3,2,US-60,POCAHONTAS TRAIL,2147,37.44231111,-77.04404444,0,12,6,0,2,2,0,1,1,1,10,10,0,0000000,16,11,16,15,16,47,0,0,0,1,0
51,510283,1,1,0,1,1,1,1,153,0,24,6,2014,3,21,2,0,16,4,CR-3110,GENTLE SHADE DR,0,38.73703056,-77.57876944,0,8,0,0,2,98,0,1,6,1,10,10,0,0000000,21,15,21,26,22,8,0,0,0,1,0
51,510284,2,2,0,0,0,2,2,63,0,29,6,2014,1,18,40,0,3,2,US-221,,714,37.07581667,-80.13860278,0,54,11,0,4,1,0,1,1,1,10,10,0,0000000,18,46,18,57,88,88,14,0,0,1,0
51,510285,2,2,0,0,0,2,2,165,0,28,6,2014,7,23,49,0,14,3,SR-276,,89,38.38716111,-78.81549167,0,12,2,0,1,1,0,1,2,1,10,10,0,0000000,99,99,99,99,99,99,0,0,0,1,1
51,510286,2,2,0,0,0,3,3,165,0,29,6,2014,1,16,26,0,4,4,CR-609,,17,38.45457222,-78.590275,0,12,8,0,1,1,0,1,1,1,10,10,0,0000000,16,24,16,30,17,42,0,0,0,1,1
51,510287,1,1,0,1,1,1,1,740,1970,28,5,2014,4,21,9,0,14,3,SR-337,,195,36.81571944,-76.34079167,0,8,0,0,1,1,0,1,3,1,10,10,0,0000000,21,11,21,23,88,88,0,0,0,1,0
51,510288,1,1,0,0,0,1,1,159,0,20,6,2014,6,12,46,0,3,3,SR-3,,1025,37.84926111,-76.59670833,0,7,0,0,1,1,0,4,1,1,10,10,0,0000000,99,99,99,99,88,88,23,0,0,1,0
51,510289,3,3,0,0,0,4,4,87,0,22,6,2014,1,18,20,0,15,4,CR-7565,,54,37.47586944,-77.40072222,0,12,1,0,1,1,0,1,1,1,10,10,0,0000000,18,20,18,30,19,0,0,0,0,1,1
51,510290,2,2,0,0,0,2,2,87,0,28,6,2014,7,17,24,0,15,4,CR-7557,EUBANK RD,8,37.51169722,-77.34058889,0,12,6,0,2,2,0,1,1,1,10,10,0,0000000,17,24,17,30,17,48,0,0,0,1,0
51,510291,1,1,0,0,0,2,2,51,0,4,6,2014,4,2,0,0,4,3,SR-83,COEBURN ROAD,491,37.14886944,-82.486375,0,24,0,0,3,3,0,4,2,1,10,10,0,0000000,8,45,9,4,10,21,0,0,0,1,0
51,510292,1,1,0,0,0,1,1,117,0,12,6,2014,5,10,0,0,3,3,SR-92,,25,36.70044722,-78.40171111,0,35,0,0,1,1,0,4,1,1,10,10,0,0000000,10,4,10,6,10,55,0,0,0,1,0
51,510293,1,1,0,1,1,1,1,195,0,3,6,2014,3,7,29,0,3,2,US-23,AUSTIN HILLS RD,26,37.12469167,-82.61453333,0,9,0,0,2,3,0,1,1,1,10,10,0,0000000,7,33,7,43,8,0,0,0,0,1,0
51,510294,1,1,0,0,0,2,2,83,0,29,6,2014,1,0,35,0,4,4,CR-621,,114,36.85779167,-78.87510833,0,42,0,0,1,1,0,4,2,1,10,10,0,0000000,0,39,0,55,1,9,0,0,0,1,1
51,510295,1,1,0,0,0,3,3,63,0,1,7,2014,3,14,30,0,3,2,US-221,,499,36.86850833,-80.45560556,0,42,0,0,1,1,0,4,1,1,10,10,0,0000000,99,99,99,99,99,99,0,0,0,1,0
51,510296,5,5,0,0,0,5,5,47,0,2,7,2014,4,7,15,1,2,2,US-29,RT-663,1666,38.50361111,-77.89468611,0,12,1,0,2,2,0,1,1,1,10,10,0,0000000,7,21,7,31,8,21,0,0,0,1,0
51,510297,2,2,0,0,0,2,2,153,0,1,7,2014,3,1,58,0,14,3,SR-294 PRINCE WILLIAM PARKWAY,,46,38.71705833,-77.41654444,0,12,2,0,1,1,0,1,2,1,10,10,0,0000000,2,19,2,43,3,8,0,0,0,1,0
51,510298,2,2,0,0,0,4,4,153,0,2,7,2014,4,13,11,0,15,4,CR-4,STONEHOUSE DR,9,38.79669722,-77.51298889,0,12,6,0,2,3,0,1,1,1,10,10,0,0000000,13,28,13,34,14,0,0,0,0,1,0
51,510299,1,1,0,0,0,1,1,3,0,4,7,2014,6,15,2,0,4,4,CR-810,,47,38.11866944,-78.66355278,0,42,0,0,1,1,0,4,1,1,10,10,0,0000000,16,4,16,11,88,88,0,0,0,1,0
51,510300,1,1,0,1,1,1,1,700,1720,2,7,2014,4,17,41,0,99,6,WICKHAM AVE,,0,36.98756944,-76.41477778,0,8,0,0,1,1,0,1,1,1,10,10,0,0000000,17,48,18,9,18,29,0,0,0,1,0
51,510301,1,1,0,0,0,1,1,165,0,4,7,2014,6,12,40,0,6,4,CR-742,,24,38.45793333,-79.05771389,0,38,0,0,1,1,0,4,1,1,10,10,0,0000000,99,99,99,99,88,88,0,0,0,1,1
51,510302,1,1,0,0,0,1,1,177,0,2,7,2014,4,15,35,0,4,4,CR-612,,130,38.18806111,-77.76546944,0,59,0,0,1,1,0,4,1,1,10,10,0,0000000,15,35,15,48,16,29,0,0,0,1,0
51,510303,1,1,0,0,0,1,1,121,0,5,7,2014,7,0,44,0,4,4,CR-723,RT-641,37,37.19216667,-80.3663,0,33,0,0,3,4,0,4,2,1,10,10,0,0000000,0,43,0,47,1,33,0,0,0,1,0
51,510304,1,1,0,1,1,1,1,700,1720,5,7,2014,7,2,24,0,13,3,SR-143,,220,37.15846667,-76.53563333,0,8,0,0,1,1,0,1,2,1,10,10,0,0000000,99,99,99,99,99,99,0,0,0,1,0
51,510305,2,2,0,0,0,2,2,137,0,6,7,2014,1,11,30,0,4,3,SR-20,WEYBURN RD,580,38.19904722,-78.24651944,0,12,7,0,2,3,0,1,1,1,10,10,0,0000000,99,99,99,99,99,99,0,0,0,1,1
51,510306,1,1,0,0,0,1,1,810,2540,6,7,2014,1,8,14,0,14,6,INDIAN RIVER RD,,54,36.7414,-76.11325,0,34,0,0,1,1,0,4,1,1,10,10,0,0000000,99,99,99,99,99,99,0,0,0,1,1
51,510307,1,1,0,0,0,1,1,3,0,7,7,2014,2,8,7,1,2,2,US-29,,1246,37.9398,-78.66885556,0,42,0,0,1,1,0,4,1,1,10,10,0,0000000,8,7,8,17,88,88,0,0,0,1,0
51,510308,1,1,0,0,0,2,2,83,0,8,7,2014,3,17,35,0,6,4,CR-601,,16,36.66282778,-78.78369722,0,42,0,0,1,1,0,4,1,1,10,10,0,0000000,99,99,99,99,99,99,0,0,0,1,0
51,510309,1,1,0,0,0,1,1,29,0,7,7,2014,2,22,29,0,6,4,CR-691,,2,37.48364722,-78.64583333,0,42,0,0,1,1,0,4,2,1,10,10,0,0000000,22,28,22,30,0,19,0,0,0,1,0
51,510310,1,1,0,0,0,1,1,25,0,8,7,2014,3,18,25,0,5,4,CR-634,,102,36.8293,-77.7994,0,42,0,0,1,1,0,4,1,1,10,10,0,0000000,18,30,18,42,88,88,0,0,0,1,0
51,510311,2,2,0,0,0,2,2,700,1720,7,7,2014,2,6,10,0,13,3,SR-143,JEFFERSON AVE,107,37.01323333,-76.44058611,0,12,6,0,2,2,0,1,1,1,10,10,0,0000000,6,19,6,26,6,59,0,0,0,1,0
51,510312,3,3,0,0,0,3,3,9,0,11,7,2014,6,9,44,0,4,4,CR-605,RT-635,0,37.54169722,-79.25279167,0,7,0,0,2,3,0,1,1,1,10,10,0,0000000,9,44,10,1,11,18,0,0,0,1,0
51,510313,1,1,0,0,0,1,1,25,0,5,7,2014,7,19,15,0,6,4,CR-628,,125,36.87713611,-77.86798889,0,34,0,0,1,1,0,4,1,1,10,10,0,0000000,99,99,99,99,88,88,0,0,0,1,0
51,510314,4,4,0,0,0,4,4,143,0,12,7,2014,7,13,0,0,4,4,CR-869,,25,36.63810556,-79.54555556,0,12,2,0,1,1,0,1,1,1,10,10,0,0000000,12,57,13,10,13,49,0,0,0,2,0
51,510315,1,1,0,0,0,4,4,67,0,4,7,2014,6,13,53,1,2,2,US-220,,414,37.02535,-79.88051389,0,53,0,0,1,1,0,4,1,1,10,10,0,0000000,13,53,14,10,15,1,0,0,0,1,0
51,510316,1,1,0,0,0,2,2,177,0,13,7,2014,1,21,28,0,15,4,CR-639,,35,38.23486389,-77.52638889,0,23,0,0,1,1,0,4,2,1,10,10,0,0000000,21,53,22,6,22,31,0,0,0,2,1
51,510317,2,2,0,0,0,2,2,710,1760,10,7,2014,5,20,25,1,11,1,I-64,,28,36.83614722,-76.19635278,0,12,1,0,1,1,0,1,3,2,0,2,0,0000000,20,32,20,42,21,21,23,0,0,1,1
51,510318,1,1,0,0,0,2,2,9,0,13,7,2014,1,17,43,0,13,2,US-29,PRIMROSE LN,173,37.54484444,-79.08310833,0,24,0,0,1,1,0,3,1,1,10,10,0,0000000,17,43,17,47,18,34,20,0,0,1,0
51,510319,2,2,0,0,0,5,5,165,0,15,7,2014,3,16,40,0,4,4,CR-38,HONEY RUN RD,33,38.42495833,-78.99000833,0,12,7,0,2,3,0,1,1,2,0,2,0,0000000,17,7,17,25,17,52,0,0,0,1,0
51,510320,1,1,0,0,0,1,1,93,0,16,7,2014,4,0,25,0,4,4,CR-602,,21,36.87023889,-76.61103889,0,42,0,0,1,1,0,4,2,2,0,2,0,0000000,0,25,0,38,88,88,0,0,0,1,1
51,510321,2,2,0,0,0,2,2,67,0,16,7,2014,4,9,27,0,3,2,US-220,WIRTZ RD,449,37.07135278,-79.89729444,0,12,1,0,2,2,0,1,1,1,10,10,0,0000000,9,28,99,99,10,28,0,0,0,1,0