STATE,ST_CASE,VE_TOTAL,VE_FORMS,PVH_INVL,PEDS,PERNOTMVIT,PERMVIT,PERSONS,COUNTY,CITY,DAY,MONTH,YEAR,DAY_WEEK,HOUR,MINUTE,NHS,ROAD_FNC,ROUTE,TWAY_ID,TWAY_ID2,MILEPT,LATITUDE,LONGITUD,SP_JUR,HARM_EV,MAN_COLL,RELJCT1,RELJCT2,TYP_INT,WRK_ZONE,REL_ROAD,LGT_COND,WEATHER1,WEATHER2,WEATHER,SCH_BUS,RAIL,NOT_HOUR,NOT_MIN,ARR_HOUR,ARR_MIN,HOSP_HR,HOSP_MN,CF1,CF2,CF3,FATALS,DRUNK_DR
51,510436,1,1,0,0,0,4,4,95,0,6,9,2014,7,10,53,1,1,1,I-64,,26,37.42074444,-76.82194444,0,35,0,0,1,1,0,3,1,1,10,10,0,0000000,99,99,99,99,99,99,0,0,0,1,0
51,510437,2,2,0,0,0,2,2,87,0,6,9,2014,7,1,30,1,11,1,I-64,,1810,37.62364444,-77.554575,0,42,0,0,1,1,0,4,2,1,10,10,0,0000000,1,30,1,32,1,55,14,0,0,1,1
51,510438,2,2,0,0,0,2,2,131,0,4,9,2014,5,16,52,1,2,2,US-13,,890,37.32753889,-75.94866111,0,12,1,0,1,1,0,1,1,1,10,10,0,0000000,16,55,17,1,17,34,0,0,0,1,0
51,510439,1,1,0,0,0,1,1,31,0,7,9,2014,1,17,35,0,6,4,CR-696,,41,37.11069167,-79.16861111,0,42,0,0,1,1,0,4,1,1,10,10,0,0000000,99,99,99,99,88,88,0,0,0,1,1
51,510440,2,2,0,0,0,2,2,117,0,7,9,2014,1,10,17,0,4,4,CR-637,,24,36.77391111,-78.12541389,0,12,2,0,1,1,0,1,1,1,10,10,0,0000000,9,27,9,57,10,46,0,0,0,1,0
51,510441,1,1,0,1,1,0,0,810,2540,6,9,2014,7,22,30,0,16,4,CR-,,99999,36.780975,-76.04817222,0,8,0,0,1,1,0,1,3,1,10,10,0,0000000,99,99,99,99,88,88,0,0,0,1,0
51,510442,1,1,0,0,0,1,1,145,0,9,9,2014,3,9,50,0,4,4,CR-628,,65,37.53143889,-77.84868889,0,42,0,0,1,1,0,4,1,1,10,10,0,0000000,99,99,99,99,99,99,0,0,0,1,1
51,510443,1,1,0,1,1,1,1,59,0,8,9,2014,2,21,21,0,14,4,CR-608,POLO DR,12,38.86301667,-77.36991389,0,8,0,0,3,2,0,1,3,1,10,10,0,0000000,99,99,99,99,99,99,0,0,0,1,0
51,510444,3,3,0,0,0,3,3,29,0,11,9,2014,5,11,15,0,3,3,SR-20,RT-652,133,37.43089444,-78.3022,0,12,6,0,3,98,0,1,1,1,10,10,0,0000000,11,28,11,38,12,38,0,0,0,1,0
51,510445,1,1,0,0,0,1,1,115,0,11,9,2014,5,22,58,0,4,4,CR-660,,65,37.44875556,-76.37974722,0,35,0,0,1,1,0,4,2,1,10,10,0,0000000,23,0,23,13,23,30,0,0,0,1,0
51,510446,2,2,0,0,0,2,2,47,0,12,9,2014,6,12,15,1,2,2,US-29/15 JAMES MADISON HWY,BEVERLY FORD RD,168,38.51285,-77.856425,0,12,6,0,2,2,0,1,1,1,10,10,0,0000000,12,20,12,33,99,99,0,0,0,1,0
51,510447,1,1,0,0,0,2,2,73,0,7,9,2014,1,11,19,1,2,2,US-17,,775,37.36327222,-76.52636111,0,38,0,0,1,1,0,5,1,1,10,10,0,0000000,99,99,99,99,99,99,0,0,0,1,0
51,510448,2,2,0,0,0,3,3,107,0,9,9,2014,3,16,0,0,4,4,CR-621,,42,38.94824722,-77.52475,0,12,2,0,1,1,0,1,1,1,10,10,0,0000000,16,19,16,30,16,48,0,0,0,1,0
51,510449,1,1,0,0,0,1,1,165,0,15,9,2014,2,0,19,0,4,4,CR-602,,4,38.39389444,-78.69688611,0,42,0,0,1,1,0,4,2,1,10,10,0,0000000,0,9,0,15,99,99,0,0,0,1,1
51,510450,2,2,0,0,0,4,4,57,0,15,9,2014,2,16,45,0,4,4,CR-619,LEWIS LEVEL RD,28,37.89900278,-76.97746111,0,12,2,0,3,3,0,1,1,1,10,10,0,0000000,16,44,16,55,18,8,0,0,0,1,0
51,510451,1,1,0,0,0,1,1,103,0,16,9,2014,3,10,17,0,4,4,CR-646,,46,37.65747222,-76.36632778,0,32,0,0,1,1,0,4,1,1,10,10,0,0000000,10,20,10,24,99,99,0,0,0,1,1
51,510452,2,2,0,0,0,2,2,810,2540,14,9,2014,1,21,6,0,14,6,S. ROSEMONT RD,SILINA DR,9,36.82772778,-76.09578889,0,12,6,0,2,2,0,1,3,1,10,10,0,0000000,21,7,21,18,99,99,0,0,0,1,1
51,510453,3,1,2,0,0,1,1,31,0,16,9,2014,3,18,30,0,3,2,US-50,,396,37.05208333,-78.94662778,0,53,0,0,1,1,0,4,1,1,10,10,0,0000000,99,99,99,99,88,88,0,0,0,1,0
51,510454,1,1,0,0,0,1,1,169,0,18,9,2014,5,11,25,0,3,2,US-58,,500,36.712575,-82.84765833,0,32,0,0,1,1,0,4,1,1,10,10,0,0000000,99,99,99,99,88,88,0,0,0,1,0
51,510455,1,1,0,0,0,1,1,650,1180,14,9,2014,1,2,21,1,11,1,I-64,,2661,37.03485833,-76.35166389,0,24,0,0,1,1,0,4,3,1,10,10,0,0000000,2,22,2,33,2,59,0,0,0,1,1
51,510456,2,2,0,0,0,3,3,3,0,17,9,2014,4,15,5,0,14,4,CR-631,HILLSDALE DRIVE,137,38.0741,-78.468,0,12,6,0,2,2,0,1,1,1,10,10,0,0000000,99,99,99,99,99,99,0,0,0,1,0
51,510457,1,1,0,1,1,1,1,810,2540,18,9,2014,5,5,58,1,2,2,US-60,,2948,36.91668889,-76.05475,0,8,0,0,1,1,0,1,2,1,10,10,0,0000000,99,99,99,99,99,99,0,0,0,1,0
51,510458,1,1,0,0,0,2,2,165,0,18,9,2014,5,23,30,0,4,2,US-11,,2791,38.62890556,-78.6864,0,42,0,0,1,1,0,4,2,1,10,10,0,0000000,23,43,23,58,1,48,0,0,0,1,1
51,510459,1,1,0,0,0,1,1,5,0,20,9,2014,7,5,42,0,4,2,US-60,,107,37.80926944,-80.12739167,0,42,0,0,1,1,0,4,2,1,10,10,0,0000000,99,99,99,99,88,88,0,0,0,1,1
51,510460,3,3,0,0,0,3,3,21,0,21,9,2014,1,12,45,1,1,1,I-77,,479,37.03575278,-81.12665556,0,12,1,0,1,1,0,1,1,1,10,10,0,0000000,99,99,99,99,99,99,0,0,0,1,0
51,510461,2,2,0,0,0,2,2,183,0,22,9,2014,2,17,20,0,3,3,SR-40,,203,36.91956389,-77.26575556,0,12,2,0,1,1,0,1,1,1,10,10,0,0000000,99,99,99,99,99,99,0,0,0,1,1
51,510462,4,4,0,0,0,7,7,61,0,20,9,2014,7,15,53,0,6,4,CR-688,LEEDS MANOR RD,206,38.90611389,-77.99778056,0,12,6,0,2,2,0,1,1,1,10,10,0,0000000,15,59,16,25,99,99,0,0,0,1,0
51,510463,1,1,0,0,0,1,1,185,0,23,9,2014,3,15,25,0,4,4,CR-44,,70,37.24393056,-81.45245278,0,24,0,0,1,1,0,4,1,1,10,10,0,0000000,15,55,16,3,16,17,0,0,0,1,0
51,510464,2,2,0,0,0,2,2,580,660,12,9,2014,6,3,49,1,2,2,US-220,,12,37.79311944,-79.98896944,0,12,6,0,8,1,0,1,2,1,10,10,0,0000000,99,99,99,99,99,99,0,0,0,1,0
51,510465,2,2,0,0,0,5,5,67,0,25,9,2014,5,17,8,0,5,4,CR-670,,71,37.09625833,-79.80044722,0,12,2,0,1,1,0,1,1,1,10,10,0,0000000,17,7,17,31,99,99,0,0,0,1,0
51,510466,3,3,0,0,0,4,4,87,0,26,9,2014,6,12,0,0,16,4,CR-48,JEB STUART PARKWAY,2,37.66511944,-77.45566667,0,12,6,0,2,2,0,1,1,1,10,10,0,0000000,12,0,12,11,99,99,0,0,0,1,0
51,510467,2,2,0,0,0,3,3,25,0,27,9,2014,7,13,5,0,4,4,CR-643,,60,36.89949444,-77.83410278,0,12,2,0,1,1,0,1,1,1,10,10,0,0000000,13,13,13,32,99,99,0,0,0,1,0
51,510468,1,1,0,0,0,2,2,195,0,26,9,2014,6,19,25,0,6,4,CR-723,RT-791,1,36.98459167,-82.52656389,0,42,0,0,3,3,0,4,2,1,10,10,0,0000000,19,26,19,33,21,13,0,0,0,1,1
51,510469,1,1,0,1,1,2,2,810,2540,26,9,2014,6,22,5,1,11,1,I-264,,149,36.83853611,-76.15958056,0,8,0,0,1,1,0,1,3,1,10,10,0,0000000,22,9,22,14,22,40,0,0,0,1,0
51,510470,2,2,0,0,0,2,2,175,0,27,9,2014,7,20,16,1,2,2,US-460,TUCKER SWAMP RD,3570,36.88490278,-76.86,0,12,1,0,2,2,0,1,3,1,10,10,0,0000000,99,99,99,99,88,88,0,0,0,1,1
51,510471,1,1,0,0,0,1,1,83,0,27,9,2014,7,16,42,0,3,3,SR-40,,55,36.98813611,-79.06191389,0,35,0,0,1,1,0,4,2,1,10,10,0,0000000,16,42,16,58,17,50,0,0,0,1,0
51,510472,1,1,0,0,0,1,1,91,0,26,9,2014,6,19,0,0,4,3,SR-84,,55,38.30393889,-79.73796111,0,42,0,0,1,1,0,4,5,1,10,10,0,0000000,19,20,20,10,22,49,0,0,0,1,1
51,510473,1,1,0,0,0,1,1,3,0,28,9,2014,1,2,0,0,6,4,CR-641,,79,38.16936667,-78.34153333,0,42,0,0,1,1,0,4,2,1,10,10,0,0000000,99,99,99,99,88,88,0,0,0,1,1
51,510474,2,2,0,0,0,3,3,87,0,22,9,2014,2,18,10,0,14,3,SR-5,HERMAN ST,35,37.48393611,-77.39605278,0,12,2,0,2,3,0,1,5,1,10,10,0,0000000,18,12,18,18,18,52,0,0,0,1,1
51,510475,1,1,0,1,1,1,1,800,2390,30,9,2014,3,12,57,0,14,2,US-58,,27,36.72689167,-76.63090833,0,9,0,0,1,1,0,1,1,1,10,10,0,0000000,12,57,13,16,13,35,0,0,0,1,0
51,510476,1,1,0,0,0,1,1,143,0,30,9,2014,3,22,15,0,6,4,CR-432,,121,37.06980833,-79.36526944,0,35,0,0,1,1,0,4,2,1,10,10,0,0000000,99,99,99,99,88,88,0,0,0,1,1
51,510477,1,1,0,0,0,1,1,680,1490,28,9,2014,1,4,44,0,14,2,US-501,,39,37.41360833,-79.17959167,0,30,0,0,1,1,0,4,3,1,10,10,0,0000000,4,48,4,49,5,30,0,0,0,1,0
51,510478,1,1,0,0,0,2,2,165,0,16,9,2014,3,17,0,0,4,4,CR-613,,37,38.41123056,-79.03943056,0,30,0,0,1,1,0,4,1,1,10,10,0,0000000,17,0,17,10,99,99,0,0,0,1,0
51,510479,1,1,0,1,1,1,1,77,0,27,9,2014,7,18,0,0,3,3,SR-94,,16,36.71192778,-80.99277778,0,8,0,0,1,1,0,1,1,1,10,10,0,0000000,18,7,18,22,18,49,0,0,0,1,0
51,510480,2,2,0,0,0,3,3,770,2100,5,9,2014,6,20,16,0,14,2,US-221,FLOYD AVE,970,37.26079167,-79.96237778,0,12,6,0,2,3,0,1,3,1,10,10,0,0000000,20,16,20,27,21,0,0,0,0,1,1
51,510481,1,1,0,1,1,1,1,59,0,25,9,2014,5,22,45,0,99,8,HUNTINGTON AVE,,99999,38.79610556,-77.07473611,0,8,0,0,1,1,0,5,2,1,10,10,0,0000000,22,48,22,53,88,88,24,0,0,1,0
51,510482,1,1,0,0,0,1,1,183,0,6,9,2014,7,21,40,1,1,1,I-95 SOUTH,,0,36.855575,-77.42207778,0,52,0,0,1,1,0,3,2,1,10,10,0,0000000,21,41,22,3,88,88,0,0,0,1,1
51,510483,1,1,0,0,0,1,1,810,2540,1,10,2014,4,13,45,1,11,1,I-64,,275,36.80733889,-76.19505833,0,24,0,0,1,1,0,3,1,1,10,10,0,0000000,13,51,14,9,14,23,0,0,0,1,0
51,510484,3,3,0,0,0,4,4,165,0,1,10,2014,4,8,25,0,3,2,US-340,,402,38.34825556,-78.69569722,0,12,2,0,1,1,0,1,1,5,10,5,0,0000000,8,48,9,19,10,7,0,0,0,2,0
51,510485,2,2,0,0,0,5,5,31,0,3,10,2014,6,12,30,1,2,2,US-29,,653,37.30234444,-79.17614167,0,24,0,0,1,1,0,4,1,1,10,10,0,0000000,11,44,12,1,12,43,0,0,0,1,0
51,510486,3,3,0,0,0,5,5,810,2540,3,10,2014,6,14,10,0,14,6,SOUTH INDEPENDENCE BLVD,SILVERLEAF DR,54,36.82183333,-76.12673889,0,12,6,0,2,2,0,1,1,1,10,10,1,0000000,14,19,14,37,14,49,0,0,0,1,0
51,510487,1,1,0,0,0,2,2,187,0,6,10,2014,2,11,50,1,1,1,I-66,,37,38.98762222,-78.23998333,0,24,0,0,1,1,0,4,1,1,10,10,0,0000000,11,52,11,56,12,28,0,0,0,1,0
51,510488,2,2,0,0,0,3,3,143,0,6,10,2014,2,13,40,0,2,3,SR-41,,12,36.64861944,-79.40536111,0,12,1,0,1,1,0,1,1,1,10,10,0,0000000,13,42,13,45,14,21,0,0,0,1,0
51,510490,1,1,0,0,0,1,1,97,0,4,10,2014,7,11,42,0,3,3,SR-14,,147,37.701275,-76.88515556,0,1,0,0,1,1,0,4,1,1,10,10,0,0000000,10,54,11,15,12,8,0,0,0,1,0
51,510491,1,1,0,0,0,1,1,13,0,5,10,2014,1,2,0,0,13,3,SR-27,,15,38.86495278,-77.06850556,0,25,0,0,1,1,0,4,3,1,10,10,0,0000000,2,18,99,99,88,88,0,0,0,1,1
51,510492,2,2,0,0,0,2,2,89,0,7,10,2014,3,13,16,0,3,2,US-58,SR-687,2586,36.62756111,-79.95322222,0,12,6,0,2,3,0,1,1,1,10,10,0,0000000,99,99,99,99,99,99,0,0,0,1,0
51,510493,1,1,0,0,0,2,2,137,0,8,10,2014,4,23,20,0,3,3,SR-20,,864,38.31051111,-77.7862,0,35,0,0,1,1,0,4,2,1,10,10,0,0000000,23,20,23,31,99,99,0,0,0,1,0
51,510494,1,1,0,0,0,2,2,760,2060,7,10,2014,3,2,18,0,12,3,SR-76,,122,37.54613611,-77.489225,0,34,0,0,1,1,0,3,3,1,10,10,0,0000000,2,20,2,27,3,1,0,0,0,1,1
51,510495,1,1,0,1,1,1,1,5,0,9,10,2014,5,7,3,1,2,2,US-60,,170,37.77733056,-79.97286944,0,8,0,0,1,1,0,1,3,1,10,10,0,0000000,7,7,7,10,7,32,0,0,0,1,0
51,510496,2,2,0,0,0,2,2,179,0,26,9,2014,6,12,11,0,15,4,CR-624,,10,38.34593333,-77.45293333,0,12,2,0,1,1,0,1,1,1,10,10,0,0000000,16,11,16,21,88,88,0,0,0,1,0
51,510497,2,2,0,0,0,2,2,41,0,9,10,2014,5,23,35,0,15,4,CR-655,,48,37.35743056,-77.66346944,0,12,6,0,1,1,0,1,2,1,10,10,0,0000000,23,43,23,48,0,38,0,0,0,1,0
51,510498,2,2,0,0,0,2,2,187,0,9,10,2014,5,19,22,0,3,2,US-522,TORAY DR,1225,38.99141111,-78.17838333,0,12,1,0,2,3,0,1,2,1,10,10,0,0000000,99,99,99,99,99,99,28,0,0,1,1
51,510499,1,1,0,0,0,1,1,111,0,10,10,2014,6,23,30,0,4,4,CR-637,,0,36.89888889,-78.15543056,0,52,0,0,1,1,0,4,2,2,0,2,0,0000000,99,99,99,99,88,88,0,0,0,1,1
51,510500,2,1,1,1,1,1,1,595,870,13,10,2014,2,1,20,1,1,1,I-95,,1121,36.70376667,-77.54860833,0,8,0,0,1,1,0,4,3,1,10,10,0,0000000,1,21,1,36,88,88,23,0,0,1,0
51,510501,1,1,0,1,1,1,1,590,720,13,10,2014,2,16,10,0,6,6,MARTIN AVE,,0,36.58913056,-79.43716944,0,8,0,0,1,1,0,1,1,1,10,10,1,0000000,16,6,16,11,99,99,0,0,0,1,0
51,510502,1,1,0,0,0,1,1,143,0,14,10,2014,3,7,30,0,6,4,CR-934,,4,36.599,-79.407,0,1,0,0,1,1,0,5,1,2,0,2,0,0000000,99,99,99,99,88,88,0,0,0,1,1
51,510503,3,3,0,0,0,3,3,171,0,14,10,2014,3,7,10,1,1,1,I-81,,2736,38.76198889,-78.63341389,0,12,1,0,1,1,0,1,1,1,10,10,0,0000000,7,13,7,15,99,99,19,0,0,1,0
51,510504,1,1,0,0,0,1,1,153,0,14,10,2014,3,21,54,0,13,2,US-29,,2190,38.83732222,-77.44667778,0,24,0,0,1,1,0,4,3,1,10,10,0,0000000,22,7,22,39,23,31,0,0,0,1,1
51,510505,1,1,0,0,0,1,1,79,0,15,10,2014,4,16,0,0,6,4,CR-670,LUMBER LANE,14,38.19526111,-78.37920556,0,42,0,0,1,1,0,4,1,2,0,2,0,0000000,16,10,16,18,88,88,0,0,0,1,0
51,510506,1,1,0,0,0,3,3,53,0,16,10,2014,5,12,59,1,1,1,I-85,,511,37.05480278,-77.60439167,0,24,0,0,1,1,0,3,1,1,10,10,0,0000000,12,55,13,2,99,99,0,0,0,1,0
51,510507,1,1,0,1,1,1,1,740,1970,13,10,2014,2,21,15,0,14,2,US-58,,4845,36.81654167,-76.36400833,0,8,0,0,1,1,0,1,3,1,10,10,0,0000000,99,99,99,99,99,99,0,0,0,1,0
51,510508,1,1,0,0,0,1,1,67,0,17,10,2014,6,0,30,0,6,4,CR-780,,19,36.87494167,-80.05568056,0,53,0,0,1,1,0,4,2,1,10,10,0,0000000,99,99,99,99,88,88,0,0,0,1,1
51,510509,2,2,0,0,0,4,4,71,0,17,10,2014,6,18,55,1,2,2,US-460,,830,37.38556111,-80.82701389,0,12,2,0,1,1,0,1,2,1,10,10,0,0000000,19,21,20,4,20,41,0,0,0,2,0
51,510510,1,1,0,1,1,1,1,59,0,16,10,2014,5,21,45,0,13,3,SR-7,ROW ST,65,38.86158611,-77.14769722,0,8,0,0,2,3,0,1,3,1,10,10,0,0000000,21,45,21,48,22,10,0,0,0,1,0
51,510511,1,1,0,0,0,2,2,29,0,18,10,2014,7,4,20,0,4,4,CR-625,,21,37.34371389,-78.29696667,0,42,0,0,1,1,0,6,2,1,10,10,0,0000000,4,37,4,43,5,7,0,0,0,1,0
51,510512,1,1,0,0,0,3,3,41,0,16,10,2014,5,23,44,0,3,3,SR-20,,24,37.28195,-77.43017778,0,38,0,0,1,1,0,4,2,1,10,10,0,0000000,99,99,99,99,99,99,0,0,0,1,1
51,510513,1,1,0,0,0,1,1,89,0,18,10,2014,7,15,33,1,2,2,US-220,,0,36.55063056,-79.895675,0,35,0,0,1,1,0,4,1,1,10,10,0,0000000,15,31,15,38,88,88,0,0,0,1,0
51,510514,1,1,0,0,0,1,1,810,2540,17,10,2014,6,1,18,0,15,6,PLEASANT VALLEY RD,,7,36.797525,-76.14838056,0,33,0,0,1,1,0,4,3,1,10,10,0,0000000,1,20,1,24,1,51,0,0,0,1,1
51,510515,1,1,0,0,0,1,1,69,0,18,10,2014,7,18,30,0,3,2,US-50,,3,39.16885833,-78.23285833,0,1,0,0,1,1,0,4,5,1,10,10,0,0000000,18,42,18,48,88,88,0,0,0,1,0
51,510516,1,1,0,0,0,2,2,85,0,19,10,2014,1,4,4,1,11,1,I-295,,150,37.61943056,-77.36580556,0,31,0,0,1,1,0,4,2,1,10,10,0,0000000,4,11,4,16,5,3,0,0,0,2,1
51,510517,2,2,0,0,0,2,2,163,0,20,10,2014,2,14,25,0,4,2,US-11,RT-714,2115,37.85711944,-79.32528611,0,12,6,0,2,3,0,1,1,1,10,10,0,0000000,99,99,99,99,99,99,0,0,0,1,0
51,510518,2,2,0,0,0,3,3,89,0,10,10,2014,6,15,9,0,4,4,CR-610,,77,36.63776944,-79.71353889,0,12,2,0,1,1,0,1,1,1,10,10,0,0000000,15,5,15,30,16,29,0,0,0,1,0
51,510519,1,1,0,1,1,1,1,153,0,21,10,2014,3,18,58,0,13,2,US-1,,1761,38.66140833,-77.24742778,0,8,0,0,1,1,0,1,2,2,0,2,0,0000000,99,99,99,99,99,99,0,0,0,1,0
51,510520,2,2,0,0,0,2,2,179,0,9,10,2014,5,11,50,0,14,2,US-17,,14,38.33515278,-77.48171389,0,12,6,0,1,1,0,1,1,1,10,10,0,0000000,15,52,15,52,16,12,0,0,0,1,0
51,510521,4,4,0,0,0,5,5,143,0,23,10,2014,5,17,40,1,2,2,US-29,,125,36.67949722,-79.373075,0,12,8,0,1,1,0,1,1,1,10,10,0,0000000,17,55,18,14,18,38,0,0,0,1,0
51,510522,1,1,0,1,1,1,1,47,0,22,10,2014,4,19,14,1,2,2,US-522,,74,38.47851111,-78.00143056,0,8,0,1,18,1,0,1,3,1,10,10,0,0000000,99,99,99,99,99,99,0,0,0,1,0
51,510523,1,1,0,0,0,1,1,710,1760,24,10,2014,6,0,19,0,13,3,SR-337,,295,36.866875,-76.30039444,0,42,0,0,1,1,0,4,3,1,10,10,0,0000000,99,99,99,99,99,99,0,0,0,1,1
51,510524,1,1,0,0,0,5,5,143,0,24,10,2014,6,1,26,0,6,4,CR-878,,19,36.61535278,-79.55999167,0,42,0,0,1,1,0,4,2,1,10,10,0,0000000,1,26,1,56,2,26,0,0,0,1,1
51,510525,1,1,0,0,0,1,1,820,2610,22,10,2014,4,16,13,0,15,6,LYNDHURST RD,,5,38.05049444,-78.92566667,0,42,0,0,1,1,0,4,1,1,10,10,0,0000000,16,13,16,18,99,99,0,0,0,1,0
51,510526,2,2,0,0,0,4,4,5,0,25,10,2014,7,15,55,0,4,3,SR-159,,61,37.75966111,-80.12521111,0,12,2,0,1,1,0,1,1,1,10,10,0,0000000,16,13,16,44,17,26,0,0,0,1,0
51,510527,1,1,0,0,0,1,1,121,0,25,10,2014,7,3,28,0,14,3,SR-114,,70,37.25626944,-80.41061111,0,42,0,0,1,1,0,4,2,1,10,10,0,0000000,99,99,99,99,88,88,0,0,0,1,0
51,510528,1,1,0,0,0,1,1,41,0,25,10,2014,7,0,21,0,15,4,CR-611,SHERWOOD FOREST DR,25,37.40460556,-77.45953056,0,34,0,0,3,3,0,4,2,1,10,10,0,0000000,0,22,0,26,88,88,0,0,0,1,1
51,510529,2,2,0,0,0,3,3,67,0,25,10,2014,7,17,0,0,3,3,SR-40,,354,37.01807222,-79.84198611,0,12,8,0,1,1,0,1,1,1,10,10,0,0000000,16,57,17,4,99,99,0,0,0,1,1
51,510530,3,3,0,0,0,8,8,760,2060,26,10,2014,1,1,10,1,11,1,I-95 SOUTH,,792,37.58798889,-77.46992222,0,12,6,1,18,1,0,1,3,1,10,10,0,0000000,0,51,1,0,1,27,23,0,0,1,0
51,510531,1,1,0,0,0,1,1,177,0,29,10,2014,4,1,24,0,3,3,SR-208,,319,38.14755,-77.71224722,0,31,0,0,1,1,0,4,2,1,10,10,0,0000000,1,25,1,32,99,99,0,0,0,1,1
51,510532,1,1,0,1,1,1,1,11,0,25,10,2014,7,19,59,0,4,2,US-460,,4,37.36168889,-78.83107778,0,8,0,0,1,1,0,1,1,1,10,10,0,0000000,19,59,20,9,21,1,0,0,0,1,0
51,510533,2,2,0,0,0,2,2,9,0,30,10,2014,5,6,15,0,14,3,SR-130,,328,37.46750833,-79.10705278,0,11,0,0,1,1,0,1,3,1,10,10,0,0000000,99,99,99,99,99,99,0,0,0,1,0
51,510534,1,1,0,0,0,1,1,31,0,26,10,2014,1,18,20,0,4,3,SR-43,,39,37.13985833,-79.32323333,0,35,0,0,1,1,0,4,1,1,10,10,0,0000000,99,99,99,99,99,99,0,0,0,1,0
51,510535,1,1,0,0,0,1,1,73,0,28,10,2014,3,22,0,1,2,2,US-17,,827,37.42734444,-76.55250278,0,59,0,0,1,1,0,4,2,1,10,10,0,0000000,22,3,22,7,22,24,0,0,0,1,0
51,510536,2,2,0,0,0,5,5,59,0,12,9,2014,6,14,40,1,11,1,I-95,,1660,38.72586389,-77.20248333,0,12,1,0,1,1,0,1,1,1,10,10,0,0000000,14,49,15,1,15,30,0,0,0,1,0
51,510537,1,1,0,1,1,1,1,550,468,31,10,2014,6,5,51,0,14,3,SR-165,ALBEMARLE DR,58,36.71341944,-76.25406111,0,9,0,0,2,2,0,1,1,1,10,10,0,0000000,5,52,6,0,6,34,0,0,0,1,0
51,510538,1,1,0,0,0,1,1,173,0,31,10,2014,6,15,0,1,1,1,I-81,,482,36.85189167,-81.48051944,0,24,0,0,1,1,0,4,1,2,0,2,0,0000000,15,13,15,18,15,38,0,0,0,1,0
51,510539,1,1,0,0,0,1,1,57,0,31,10,2014,6,21,33,1,2,2,US-17,,1302,37.96471389,-76.91309722,0,32,0,0,1,1,0,4,2,1,10,10,0,0000000,21,35,21,35,88,88,0,0,0,1,1
51,510540,1,1,0,0,0,1,1,710,1760,31,10,2014,6,13,45,1,11,1,I-464,,2,36.83746111,-76.28731111,0,25,0,0,5,1,0,4,1,1,10,10,0,0000000,13,52,13,57,99,99,0,0,0,1,0
51,510541,2,2,0,0,0,2,2,71,0,31,10,2014,6,15,35,1,2,2,US-460,ISLAND ST,834,37.38284444,-80.82409167,0,12,6,0,2,3,0,1,1,2,0,2,0,0000000,15,52,16,0,16,24,0,0,0,1,0
51,510542,1,1,0,0,0,2,2,35,0,31,10,2014,6,18,53,0,3,2,US-52,,5,36.56798333,-80.65615,0,43,0,0,1,1,0,4,2,2,0,2,0,0000000,18,54,19,7,19,20,0,0,0,1,1
51,510543,2,2,0,0,0,2,2,69,0,16,10,2014,5,12,16,1,2,2,US-522,CUMBERLAND TRAIL RD,1553,39.38346667,-78.29908333,0,12,6,0,2,3,0,1,1,1,10,10,0,0000000,99,99,99,99,99,99,0,0,0,1,0
51,510544,2,2,0,0,0,3,3,59,0,21,10,2014,3,18,10,0,13,3,SR-123,LITTLE OX ROAD,91,38.76961389,-77.31698333,0,12,6,0,2,2,0,1,5,1,10,10,0,0000000,18,14,18,22,18,59,0,0,0,1,0
51,510545,2,2,0,0,0,2,2,147,0,30,10,2014,5,9,4,1,2,2,US-460,HOLLY FARMS RD,2604,37.27310556,-78.28523889,0,12,6,0,2,3,0,1,1,1,10,10,0,0000000,9,6,9,23,10,3,0,0,0,1,0
51,510546,2,2,0,0,0,5,5,79,0,18,10,2014,7,19,30,0,5,4,CR-633,,34,38.25151944,-78.46763889,0,35,0,0,1,1,0,4,2,1,10,10,0,0000000,19,35,20,8,20,45,0,0,0,1,0
51,510547,1,1,0,1,1,1,1,710,1760,31,10,2014,6,20,38,0,13,3,SR-7,,2,36.91614722,-76.23452222,0,8,0,0,4,1,0,1,3,1,10,10,0,0000000,99,99,99,99,88,88,0,0,0,1,0
51,510548,1,1,0,1,1,1,1,47,0,16,10,2014,5,20,30,0,3,3,SR-3,,138,38.38351111,-77.792425,0,8,0,0,1,1,0,1,2,1,10,10,0,0000000,99,99,99,99,99,99,0,0,0,1,0
51,510549,1,1,0,0,0,1,1,99,0,1,11,2014,7,13,45,0,3,3,SR-3,,608,38.18932222,-77.069725,0,35,0,0,1,1,0,4,1,2,0,2,0,0000000,99,99,99,99,99,99,0,0,0,1,0
51,510550,1,1,0,1,1,1,1,710,1760,1,11,2014,7,0,5,1,11,1,I-64,,2743,36.94360278,-76.24933333,0,8,0,0,1,1,0,2,3,1,10,10,0,0000000,99,99,99,99,99,99,0,0,0,1,1
51,510551,1,1,0,0,0,1,1,147,0,2,11,2014,1,13,0,0,4,4,CR-665,,110,37.13568889,-78.28076944,0,34,0,0,1,1,0,4,1,1,10,10,0,0000000,13,3,13,7,99,99,0,0,0,1,1