STATE,ST_CASE,VE_TOTAL,VE_FORMS,PVH_INVL,PEDS,PERNOTMVIT,PERMVIT,PERSONS,COUNTY,CITY,DAY,MONTH,YEAR,DAY_WEEK,HOUR,MINUTE,NHS,ROAD_FNC,ROUTE,TWAY_ID,TWAY_ID2,MILEPT,LATITUDE,LONGITUD,SP_JUR,HARM_EV,MAN_COLL,RELJCT1,RELJCT2,TYP_INT,WRK_ZONE,REL_ROAD,LGT_COND,WEATHER1,WEATHER2,WEATHER,SCH_BUS,RAIL,NOT_HOUR,NOT_MIN,ARR_HOUR,ARR_MIN,HOSP_HR,HOSP_MN,CF1,CF2,CF3,FATALS,DRUNK_DR
51,510552,1,1,0,0,0,1,1,11,0,2,11,2014,1,23,45,1,2,2,US-460,,2342,37.28144722,-78.70483333,0,42,0,0,1,1,0,4,2,1,10,10,0,0000000,99,99,99,99,88,88,0,0,0,1,0
51,510553,1,1,0,1,1,1,1,41,0,1,11,2014,7,6,0,0,13,2,US-60,,1801,37.50677222,-77.59690833,0,9,0,0,1,1,0,1,3,1,10,10,0,0000000,6,5,6,10,7,31,0,0,0,1,0
51,510554,1,1,0,0,0,1,1,153,0,1,11,2014,7,9,53,0,16,4,CR-2410,,1,38.68109444,-77.32367778,0,42,0,0,1,1,0,3,1,1,10,10,0,0000000,99,99,99,99,88,88,0,0,0,1,0
51,510555,1,1,0,1,1,1,1,99,0,3,11,2014,2,18,57,1,2,2,US-301,,1404,38.34974444,-77.05461111,0,8,0,0,1,1,0,1,2,1,10,10,0,0000000,19,1,19,4,99,99,0,0,0,1,0
51,510556,1,1,0,0,0,1,1,550,468,7,11,2014,6,4,14,1,11,1,I-64,,2913,36.77564444,-76.25158889,0,52,0,0,1,1,0,3,3,1,10,10,0,0000000,4,16,4,26,88,88,0,0,0,1,1
51,510557,1,1,0,0,0,1,1,61,0,5,11,2014,4,2,55,0,15,4,CR-602,,175,38.73899167,-77.67925278,0,11,0,0,1,1,0,1,2,1,10,10,0,0000000,3,5,3,11,99,99,0,0,0,1,1
51,510558,2,2,0,0,0,2,2,153,0,7,11,2014,6,22,54,1,1,1,I-95,,1485,38.52416111,-77.36695,0,12,1,0,1,1,4,1,2,1,10,10,0,0000000,22,54,23,5,23,34,23,0,0,1,0
51,510559,1,1,0,1,1,1,1,177,0,7,11,2014,6,22,53,0,13,3,SR-208,,462,38.24685556,-77.515525,0,8,0,0,1,1,0,1,2,1,10,10,0,0000000,22,52,22,55,23,15,0,0,0,1,0
51,510560,1,1,0,0,0,1,1,27,0,9,11,2014,1,23,0,0,6,4,CR-611,ROUTE-608,7,37.22256667,-82.23723333,0,59,0,0,3,3,0,4,2,1,10,10,0,0000000,23,55,0,19,1,14,0,0,0,1,0
51,510561,3,3,0,0,0,3,3,111,0,9,11,2014,1,13,40,0,3,3,SR-40,RT-661,1389,36.98903611,-78.22263056,0,12,1,0,3,2,0,1,1,1,10,10,0,0000000,13,45,14,13,15,12,0,0,0,1,0
51,510562,1,1,0,1,1,1,1,700,1720,14,10,2014,3,23,24,0,14,6,BRIARFIELD RD,,10,37.01274444,-76.4189,0,8,0,0,1,1,0,1,3,1,10,10,0,0000000,99,99,99,99,88,88,0,0,0,1,0
51,510563,1,1,0,0,0,1,1,59,0,15,10,2014,4,16,46,1,2,2,US-50,,636,38.89741111,-77.43914722,0,59,0,1,19,1,0,8,1,1,10,10,0,0000000,99,99,99,99,88,88,0,0,0,1,0
51,510564,1,1,0,0,0,1,1,13,0,11,4,2014,6,0,9,9,99,9,GEORGE WASHINGTON MEM. PKWY,,99999,38.90023889,-77.06962778,1,18,0,0,1,1,0,1,3,1,10,10,0,0000000,99,99,99,99,99,99,0,0,0,1,0
51,510565,2,2,0,0,0,2,2,87,0,9,11,2014,1,12,53,1,11,1,I-295,,353,37.39460278,-77.34543056,0,12,1,0,1,1,0,1,1,1,10,10,0,0000000,99,99,99,99,88,88,0,0,0,1,0
51,510566,1,1,0,1,1,1,1,710,1760,10,11,2014,2,20,27,0,13,3,SR-166,,88,36.85418056,-76.26271111,0,8,0,0,1,1,0,1,3,1,10,10,0,0000000,20,28,20,33,20,45,0,0,0,1,0
51,510567,1,1,0,1,1,1,1,13,0,19,10,2014,1,99,99,9,99,9,GEORGE WASHINGTON MEMORIAL PKW,,99999,99.99990000,999.99990000,1,8,0,0,1,1,0,1,3,1,0,1,0,0000000,99,99,99,99,99,99,0,0,0,1,0
51,510568,1,1,0,0,0,1,1,41,0,11,11,2014,3,13,7,0,6,4,CR-3577,,4,37.38368889,-77.44595,0,42,0,0,1,1,0,4,1,1,10,10,0,0000000,13,7,13,11,13,42,0,0,0,1,0
51,510569,2,2,0,0,0,2,2,69,0,10,11,2014,2,15,7,1,11,1,I-81,,3161,39.18253333,-78.13911389,0,12,6,0,1,1,0,1,1,1,10,10,0,0000000,15,10,15,16,99,99,0,0,0,1,0
51,510570,1,1,0,0,0,1,1,101,0,8,11,2014,7,10,20,0,6,4,CR-610,,25,37.77434722,-77.20808889,0,1,0,0,1,1,0,1,1,1,10,10,0,0000000,10,36,10,56,11,34,0,0,0,1,0
51,510571,2,2,0,0,0,2,2,59,0,31,10,2014,6,21,5,9,99,4,CR-613,RT-50,131,38.87210556,-77.15529444,0,12,1,0,3,3,0,1,3,1,10,10,0,0000000,99,99,99,99,88,88,0,0,0,1,1
51,510572,2,2,0,0,0,2,2,165,0,13,11,2014,5,5,51,0,3,3,SR-259,,100,38.64421389,-78.87821944,0,51,0,0,1,1,0,4,2,1,10,10,0,0000000,5,57,6,9,11,46,0,0,0,1,0
51,510573,1,1,0,1,1,1,1,810,2540,13,11,2014,5,20,50,0,99,6,S PLAZA TRAIL,,99999,36.80470556,-76.13161111,0,8,0,0,1,1,0,1,2,2,0,2,0,0000000,99,99,99,99,99,99,0,0,0,1,0
51,510574,2,2,0,0,0,3,3,800,2390,14,11,2014,6,0,49,1,12,2,US-58,,4712,36.76721389,-76.58606667,0,12,2,0,1,1,0,1,2,1,10,10,0,0000000,0,51,1,4,2,8,0,0,0,2,1
51,510575,1,1,0,0,0,2,2,41,0,14,11,2014,6,19,55,0,4,4,CR-655,,37,37.361875,-77.68120556,0,42,0,0,1,1,0,4,2,1,10,10,0,0000000,19,59,20,2,20,48,0,0,0,1,1
51,510576,1,1,0,0,0,1,1,179,0,14,11,2014,6,23,50,0,4,3,SR-218,,59,38.29944722,-77.36904722,0,53,0,0,1,1,0,4,2,1,10,10,0,0000000,99,99,99,99,99,99,0,0,0,1,1
51,510577,1,1,0,0,0,1,1,85,0,17,11,2014,2,12,45,1,11,1,I-295,,117,37.64686944,-77.41506944,0,42,0,0,1,1,0,4,1,2,0,2,0,0000000,12,43,99,99,88,88,0,0,0,1,0
51,510578,1,1,0,1,1,1,1,650,1180,14,11,2014,6,19,53,0,14,3,SR-351,,78,37.03933611,-76.30826111,0,8,0,0,1,1,0,1,2,1,10,10,0,0000000,19,52,19,56,20,11,0,0,0,1,0
51,510579,1,1,0,1,1,1,1,83,0,17,11,2014,2,22,55,1,2,2,US-360,ASH AVENUE,317,36.70741111,-78.88682778,0,8,0,0,3,2,0,1,3,1,10,10,0,0000000,12,46,12,58,99,99,0,0,0,1,0
51,510580,2,2,0,0,0,3,3,41,0,16,11,2014,1,21,58,0,15,4,CR-613,QUINNFORD BLVD,6,37.40218611,-77.42396389,0,12,6,0,2,2,0,1,2,1,10,10,0,0000000,99,99,99,99,99,99,0,0,0,2,1
51,510581,1,1,0,0,0,1,1,191,0,18,11,2014,3,12,35,1,11,1,I-81,,7,36.59695556,-82.23973333,0,35,0,0,1,1,0,4,1,1,10,10,0,0000000,12,38,12,44,13,0,0,0,0,1,0
51,510582,2,2,0,0,0,2,2,161,2520,18,11,2014,3,17,4,9,99,9,S POPLAR STREET,E CLEVELAND AVE,99999,37.27769722,-79.89593056,0,12,6,0,2,2,0,1,1,1,10,10,0,0000000,17,4,17,7,17,33,0,0,0,1,0
51,510583,1,1,0,0,0,1,1,810,2540,19,11,2014,4,21,5,0,4,6,NEW BRIDGE RD,,123,36.72701667,-75.9888,0,34,0,0,1,1,0,4,2,1,10,10,0,0000000,21,6,21,12,88,88,0,0,0,1,1
51,510584,1,1,0,0,0,3,3,730,1910,16,11,2014,1,16,22,0,16,6,GRIMES ROAD,,0,37.20079444,-77.41938333,0,42,0,0,1,1,0,4,1,1,10,10,0,0000000,16,42,16,51,17,21,0,0,0,1,0
51,510585,2,2,0,0,0,2,2,65,0,20,11,2014,5,22,4,0,4,4,CR-620,RT-761,51,37.8573,-78.42022778,0,12,6,0,2,3,0,1,2,1,10,10,0,0000000,21,59,22,12,99,99,0,0,0,1,1
51,510586,1,1,0,0,0,1,1,9,0,20,11,2014,5,9,15,0,3,3,SR-151,,9,37.63339722,-79.0205,0,32,0,0,1,1,0,4,1,1,10,10,0,0000000,99,99,99,99,88,88,0,0,0,1,0
51,510587,1,1,0,0,0,1,1,710,1760,23,11,2014,1,20,6,1,11,1,I-64,,2785,36.90623333,-76.25596667,0,24,0,0,1,1,0,3,2,1,10,10,0,0000000,99,99,99,99,88,88,0,0,0,1,1
51,510588,1,1,0,2,2,1,1,161,0,22,11,2014,7,19,45,0,13,2,US-220,,568,37.20551944,-79.95321944,0,8,0,0,1,1,0,1,2,1,10,10,0,0000000,19,53,20,4,20,30,0,0,0,1,0
51,510589,1,1,0,0,0,2,2,155,0,7,11,2014,6,11,28,0,3,2,US-11,,974,37.09306667,-80.74148611,0,42,0,0,1,1,0,4,1,1,10,10,0,0000000,11,29,11,32,99,99,0,0,0,2,0
51,510590,1,1,0,1,1,1,1,121,0,20,11,2014,5,17,37,0,14,2,US-460,GIVENS LANE,11,37.32993056,-80.48609167,0,8,0,0,2,2,0,1,5,1,10,10,0,0000000,17,48,18,2,18,48,0,0,0,1,0
51,510591,1,1,0,0,0,1,1,137,0,23,11,2014,1,18,23,0,3,2,US-15,,1346,38.15768333,-78.169075,0,35,0,0,1,1,0,4,2,2,0,2,0,0000000,99,99,99,99,99,99,0,0,0,1,1
51,510592,2,2,0,0,0,2,2,143,0,23,11,2014,1,22,55,1,2,2,US-29,RT-29,271,36.86895278,-79.40758056,0,24,0,0,1,1,0,4,2,2,0,2,0,0000000,99,99,99,99,99,99,14,0,0,1,1
51,510593,1,1,0,1,1,1,1,750,2020,28,11,2014,6,13,39,0,13,3,SR-232,,35,37.12836111,-80.58394167,0,8,0,1,18,1,0,1,1,1,10,10,0,0000000,13,39,13,53,14,10,0,0,0,1,0
51,510594,1,1,0,0,0,1,1,161,0,29,11,2014,7,2,20,0,15,4,CR-694,,75,37.26841111,-80.07961111,0,42,0,0,1,1,0,4,2,1,10,10,0,0000000,99,99,99,99,88,88,0,0,0,1,1
51,510595,1,1,0,0,0,1,1,29,0,24,11,2014,2,3,45,0,3,3,SR-20,,103,37.40196111,-78.30796944,0,42,0,0,1,1,0,4,2,2,0,2,0,0000000,99,99,99,99,99,99,0,0,0,1,1
51,510596,1,1,0,1,1,1,1,710,1760,24,11,2014,2,21,42,0,14,6,NORVIEW AVE,HYDE CIRCLE,9,36.88985,-76.24101389,0,8,0,0,3,2,0,1,3,1,10,10,0,0000000,21,42,21,46,22,11,0,0,0,1,1
51,510597,1,1,0,0,0,1,1,810,2540,30,11,2014,1,3,28,1,11,1,I-64,,0,36.81052778,-76.19493056,0,42,0,1,5,1,0,8,3,1,10,10,0,0000000,99,99,99,99,99,99,20,0,0,1,0
51,510598,1,1,0,0,0,2,2,127,0,27,11,2014,5,20,14,1,1,1,I-64,,2168,37.49109167,-76.98755278,0,42,0,0,1,1,0,4,2,1,10,10,0,0000000,20,28,20,42,21,11,0,0,0,1,1
51,510599,1,1,0,0,0,1,1,19,0,30,11,2014,1,11,30,0,6,4,CR-608,,18,37.01769444,-79.48126944,0,42,0,0,1,1,0,4,1,1,10,10,0,0000000,11,35,12,14,12,22,0,0,0,1,1
51,510600,1,1,0,0,0,1,1,85,0,14,11,2014,6,23,54,1,2,2,US-360,,1566,37.66058333,-77.21667222,0,42,0,0,1,1,0,4,2,1,10,10,0,0000000,99,99,99,99,88,88,0,0,0,1,0
51,510601,2,2,0,0,0,3,3,101,0,26,11,2014,4,17,27,1,2,2,US-360,FOOD LION,1640,37.7433,-77.13446944,0,12,6,0,2,3,0,1,2,2,0,2,0,0000000,17,23,17,42,99,99,0,0,0,1,0
51,510602,2,2,0,0,0,2,2,119,0,29,11,2014,7,11,30,1,2,2,US-17,RT-615,988,37.61855556,-76.62286667,0,12,6,0,2,2,0,1,1,1,10,10,0,0000000,11,29,11,36,13,11,0,0,0,1,1
51,510603,1,1,0,0,0,1,1,650,1180,29,11,2014,7,18,24,0,14,6,OLD BUCKROE RD,WOODLAND RD,1,37.02553056,-76.32488056,0,33,0,0,3,2,0,3,3,1,10,10,0,0000000,18,24,18,29,19,52,0,0,0,1,0
51,510604,2,2,0,0,0,2,2,117,0,11,11,2014,3,14,15,1,2,2,US-58,RT-734,3433,36.63476944,-78.63919722,0,12,6,0,2,3,0,1,1,1,10,10,0,0000000,14,31,14,38,15,20,0,0,0,1,0
51,510605,1,1,0,1,1,1,1,87,0,25,11,2014,3,10,15,0,15,4,CR-7508,,10,37.58845,-77.58047778,0,8,0,0,1,1,0,1,1,1,10,10,0,0000000,10,16,10,22,10,50,0,0,0,1,0
51,510606,1,1,0,0,0,1,1,99,0,9,11,2014,1,6,0,0,3,3,SR-3,,615,38.18483333,-77.06180556,0,42,0,0,1,1,0,4,1,1,10,10,0,0000000,99,99,99,99,88,88,0,0,0,1,0
51,510607,1,1,0,1,1,1,1,87,0,14,11,2014,6,20,4,1,11,1,I-95,,825,37.62536667,-77.44664167,0,8,0,0,1,1,0,1,2,1,10,10,0,0000000,99,99,99,99,88,88,0,0,0,1,0
51,510608,2,2,0,0,0,3,3,95,0,10,11,2014,2,18,22,0,3,3,SR-30,I-64,566,37.42263611,-76.82543333,0,12,6,0,2,2,0,1,2,1,10,10,0,0000000,18,23,18,24,19,15,0,0,0,1,0
51,510609,1,1,0,0,0,1,1,153,0,24,11,2014,2,13,42,0,15,3,SR-215,,51,38.75074444,-77.66120833,0,30,0,0,1,1,0,4,1,1,10,10,0,0000000,13,42,13,55,14,39,0,0,0,1,0
51,510610,1,1,0,0,0,1,1,57,0,10,11,2014,2,16,10,1,2,2,US-17,,1409,38.07466389,-77.0376,0,59,0,0,1,1,0,4,1,1,10,10,0,0000000,16,12,16,23,88,88,0,0,0,1,0
51,510611,1,1,0,1,1,1,1,59,0,17,11,2014,2,20,11,0,13,3,SR-244,,3,38.83294167,-77.18985833,0,8,0,0,1,1,0,1,3,1,10,10,0,0000000,20,12,20,14,20,27,0,0,0,1,0
51,510612,1,1,0,0,0,1,1,99,0,20,11,2014,5,7,24,0,6,4,CR-624,,24,38.36394722,-77.06024722,0,42,0,0,1,1,0,4,1,1,10,10,0,0000000,7,54,8,14,8,43,0,0,0,1,0
51,510613,1,1,0,0,0,2,2,3,0,23,11,2014,1,8,49,0,4,3,SR-53,,22,38.00171111,-78.45235,0,38,0,0,1,1,0,5,1,1,10,10,0,0000000,99,99,99,99,99,99,0,0,0,2,0
51,510614,2,2,0,0,0,2,2,15,0,1,12,2014,2,13,0,1,1,1,I-81,,2356,38.28651944,-78.93335,0,35,0,0,5,1,0,3,1,1,10,10,0,0000000,99,99,99,99,88,88,14,0,0,1,0
51,510615,1,1,0,1,1,1,1,810,2540,1,12,2014,2,15,38,1,13,6,ROSEDALE CIRCLE,,99999,36.76662222,-76.184575,0,15,0,0,1,1,0,1,1,1,10,10,0,0000000,15,40,15,59,16,22,0,0,0,1,0
51,510616,1,1,0,0,0,1,1,710,1760,2,12,2014,3,1,52,0,13,3,SR-337,,2953,36.867075,-76.30034444,0,33,0,0,1,1,0,4,3,1,10,10,0,0000000,1,52,1,59,88,88,0,0,0,1,1
51,510617,2,2,0,0,0,3,3,153,0,2,12,2014,3,12,24,0,13,2,US-1,CHESAPEAKE DR,1699,38.58557778,-77.30771389,0,12,6,0,2,3,0,1,1,2,0,2,0,0000000,99,99,99,99,99,99,0,0,0,1,0
51,510618,1,1,0,0,0,1,1,191,0,3,12,2014,4,19,0,1,2,2,US-19,,208,36.77421667,-82.07270833,0,35,0,0,1,1,0,4,2,1,10,10,0,0000000,99,99,99,99,88,88,0,0,0,1,0
51,510619,2,1,1,0,0,3,3,760,2060,3,12,2014,4,18,16,0,15,6,DINWIDDIE AVE,E 18TH ST,29,37.51186389,-77.443325,0,14,0,0,1,1,0,4,3,1,10,10,0,0000000,18,16,18,20,18,53,0,0,0,1,1
51,510620,2,2,0,0,0,2,2,61,0,4,12,2014,5,10,30,1,2,2,US-17,,1993,38.50733056,-77.708575,0,12,6,0,1,1,0,1,1,1,10,10,0,0000000,10,29,10,37,99,99,0,0,0,1,0
51,510621,1,1,0,1,1,1,1,69,0,1,12,2014,2,18,6,0,6,4,CR-751,,3,39.26456111,-78.32982222,0,8,0,0,1,1,0,1,2,2,0,2,0,0000000,99,99,99,99,88,88,0,0,0,1,0
51,510622,1,1,0,0,0,3,3,710,1760,7,12,2014,1,3,34,0,14,6,SEWELLS POINT ROAD,,17,36.89414167,-76.23911667,0,33,0,0,1,1,0,4,3,1,10,10,0,0000000,99,99,99,99,99,99,0,0,0,2,1
51,510623,2,2,0,0,0,2,2,85,0,4,12,2014,5,22,53,0,3,2,US-33,,1210,37.72146389,-77.57708333,0,12,2,0,1,1,0,1,2,2,0,2,0,0000000,22,51,23,4,23,29,0,0,0,1,0
51,510624,1,1,0,0,0,2,2,740,1970,6,12,2014,7,1,56,0,15,6,ELMHURST LANE,,2,36.80896389,-76.36091389,0,42,0,0,1,1,0,4,3,1,10,10,0,0000000,2,0,2,6,2,27,0,0,0,1,1
51,510625,1,1,0,0,0,2,2,550,468,7,12,2014,1,2,34,0,99,9,F-153,,3,36.78294444,-76.39702778,0,21,0,0,1,1,0,5,2,2,0,2,0,0000000,2,44,2,52,99,99,0,0,0,1,0
51,510626,2,2,0,0,0,2,2,77,0,9,12,2014,3,7,0,0,3,3,SR-89,,42,36.617025,-80.92109722,0,12,2,0,1,1,0,1,4,1,10,10,0,0000000,6,58,7,2,7,48,0,0,0,1,0
51,510627,2,2,0,0,0,2,2,760,2060,9,12,2014,3,20,9,0,14,6,JAHNKE RD,,14,37.51878333,-77.50303889,0,12,6,0,1,1,0,1,3,1,10,10,0,0000000,20,9,20,13,88,88,0,0,0,1,1
51,510628,1,1,0,0,0,1,1,199,0,11,12,2014,5,2,35,1,1,1,I-64,,2335,37.21874722,-76.44667222,0,1,0,0,1,1,0,4,2,1,10,10,0,0000000,2,35,2,40,88,88,0,0,0,1,1
51,510629,2,2,0,0,0,2,2,193,0,11,12,2014,5,14,5,0,6,6,KINTZ AVE,FRANKLIN AVE,1,38.25558611,-76.96816111,0,1,0,0,2,2,0,1,1,1,10,10,1,0000000,14,36,14,58,15,27,0,0,0,1,0
51,510630,2,2,0,0,0,2,2,29,0,11,12,2014,5,13,40,0,3,3,SR-20,ROUTE-679,166,37.45721944,-78.29135,0,59,0,0,3,4,0,4,1,1,10,10,0,0000000,13,41,13,41,88,88,0,0,0,1,0
51,510631,3,3,0,0,0,3,3,800,2390,12,12,2014,6,17,34,1,2,2,US-460,,3697,36.79263333,-76.67655,0,12,6,0,1,1,0,1,1,1,10,10,0,0000000,17,39,17,46,18,47,0,0,0,1,0
51,510632,2,2,0,0,0,2,2,31,0,14,12,2014,1,18,25,0,14,4,CR-682,SUNBURST RD,182,37.30968056,-79.24331944,0,12,6,0,2,2,0,1,2,1,10,10,0,0000000,18,29,18,37,20,46,0,0,0,1,0
51,510633,1,1,0,0,0,2,2,15,0,15,12,2014,2,3,1,0,5,4,CR-708,,14,38.13444167,-79.17089444,0,38,0,0,1,1,0,5,2,1,10,10,0,0000000,3,0,3,19,5,42,0,0,0,1,1
51,510634,1,1,0,0,0,1,1,119,0,15,12,2014,2,12,22,0,3,3,SR-3,,1367,37.53656389,-76.42413333,0,42,0,0,1,1,0,4,1,1,10,10,0,0000000,12,23,12,29,13,20,0,0,0,1,0
51,510635,1,1,0,0,0,2,2,15,0,18,12,2014,5,13,40,0,3,2,US-340,,236,38.16753611,-78.84989722,0,42,0,0,1,1,0,4,1,1,10,10,0,0000000,13,42,13,50,15,0,0,0,0,1,1
51,510636,2,2,0,0,0,2,2,193,0,19,12,2014,6,8,30,0,3,3,SR-202,RT-611,99,38.05928889,-76.62903889,0,12,6,0,2,3,0,1,1,1,10,10,0,0000000,8,33,8,37,88,88,0,0,0,1,0
51,510637,1,1,0,1,1,1,1,69,0,19,12,2014,6,7,0,1,2,4,CR-669,,188,39.28981111,-78.10528056,0,8,0,0,1,1,0,1,2,1,10,10,0,0000000,99,99,99,99,88,88,0,0,0,1,0
51,510638,1,1,0,0,0,1,1,99,0,21,12,2014,1,7,45,0,4,3,SR-218,,157,38.31866389,-77.21755833,0,42,0,0,1,1,0,4,1,1,10,10,0,0000000,99,99,99,99,88,88,0,0,0,1,0
51,510639,1,1,0,1,1,1,1,710,1760,12,12,2014,6,11,52,1,13,2,US-60,,2876,36.908425,-76.18446389,0,8,0,0,1,1,0,1,1,1,10,10,0,0000000,99,99,99,99,99,99,0,0,0,1,0
51,510640,2,2,0,0,0,3,3,89,0,21,12,2014,1,17,48,0,4,4,CR-108,,12,36.79643889,-79.84163056,0,12,2,0,1,1,0,1,2,1,10,10,0,0000000,17,49,18,1,18,58,0,0,0,1,1
51,510641,1,1,0,0,0,1,1,650,1180,23,12,2014,3,16,28,0,16,6,SHELTON RD,,0,37.03242778,-76.30823056,0,38,0,0,1,1,0,5,3,1,10,10,0,0000000,16,30,16,37,88,88,0,0,0,1,0
51,510642,1,1,0,1,1,1,1,710,1760,21,12,2014,1,21,11,0,14,6,AZALEA GARDEN RD,,18,36.88081389,-76.22563333,0,8,0,0,1,1,0,1,3,1,10,10,0,0000000,99,99,99,99,99,99,0,0,0,1,0
51,510643,2,2,0,0,0,5,5,3,0,22,12,2014,2,19,47,0,3,3,SR-20,PROFFIT RD,450,38.0546,-78.24711389,0,12,6,0,2,2,0,1,2,1,10,10,0,0000000,19,47,20,0,20,24,0,0,0,1,0
51,510644,1,1,0,0,0,3,3,41,0,24,12,2014,4,5,0,1,11,1,I-95,,606,37.34359444,-77.40597222,0,24,0,0,1,1,0,4,2,2,0,2,0,0000000,4,59,5,20,6,4,0,0,0,1,0
51,510645,1,1,0,0,0,1,1,195,0,26,12,2014,6,15,15,0,4,4,CR-683,RT-609,1,36.86948889,-82.74105,0,42,0,0,3,3,0,4,1,1,10,10,0,0000000,16,6,16,8,16,20,0,0,0,1,1
51,510646,1,1,0,1,1,1,1,810,2540,24,12,2014,4,21,21,0,13,2,US-60,,2931,36.90843333,-76.08409444,0,8,0,0,1,1,0,1,3,1,10,10,0,0000000,21,21,21,26,21,46,0,0,0,1,0
51,510647,1,1,0,0,0,4,4,85,0,24,12,2014,4,21,0,1,11,1,I-295,,126,37.62925556,-77.39030833,0,42,0,0,1,1,0,4,2,2,0,2,0,0000000,21,12,21,17,21,58,0,0,0,1,0
51,510648,1,1,0,0,0,1,1,9,0,27,12,2014,7,5,44,0,3,2,US-60,,931,37.566875,-79.02381389,0,42,0,0,1,1,0,4,2,1,10,10,0,0000000,99,99,99,99,88,88,0,0,0,1,0
51,510649,1,1,0,1,1,1,1,87,0,28,12,2014,1,22,55,0,16,6,GAY AVENUE,,0,37.52554444,-77.37405833,0,8,0,0,1,1,0,1,2,1,10,10,0,0000000,22,56,23,1,88,88,0,0,0,1,0
51,510650,2,2,0,0,0,2,2,153,0,17,12,2014,4,7,10,0,14,3,SR-294,HOADLY RD,92,38.67953889,-77.35696944,0,12,6,0,2,3,0,1,1,1,10,10,0,0000000,8,20,8,34,9,47,0,0,0,1,0
51,510651,2,1,1,1,1,1,1,59,0,29,12,2014,2,9,45,1,11,1,I-495,,474,38.90230556,-77.21618056,0,8,0,0,1,1,0,2,1,1,10,10,0,0000000,99,99,99,99,88,88,23,14,0,1,0
51,510652,3,3,0,0,0,7,7,85,0,23,12,2014,3,22,28,0,3,2,US-301,,895,37.72048056,-77.37220833,0,12,6,0,1,1,0,1,2,2,0,2,0,0000000,22,35,22,48,23,26,0,0,0,1,1
51,510653,2,2,0,0,0,2,2,163,0,31,12,2014,4,17,48,0,3,2,US-11,,2067,37.79088056,-79.42829444,0,35,0,0,1,1,0,3,2,1,10,10,0,0000000,17,51,17,59,88,88,14,0,0,1,0
51,510654,1,1,0,1,1,1,1,109,0,31,12,2014,4,22,52,0,15,4,CR-605,,93,37.97384444,-77.91494167,0,8,0,0,1,1,0,1,2,1,10,10,0,0000000,99,99,99,99,88,88,0,0,0,1,0
51,510655,1,1,0,0,0,2,2,59,0,28,12,2014,1,3,8,0,14,4,CR-613,HILLARY ST,34,38.75766944,-77.16270278,0,59,0,0,3,3,0,4,3,1,10,10,0,0000000,99,99,99,99,99,99,0,0,0,1,0
51,510656,1,1,0,0,0,3,3,197,0,14,12,2014,1,2,20,1,1,2,US-11,,2,36.94915,-81.05208056,0,35,0,0,5,1,0,3,2,1,10,10,0,0000000,2,26,2,31,3,50,0,0,0,1,1
51,510657,1,1,0,1,1,1,1,107,0,19,12,2014,6,6,32,0,14,4,CR-846,,15,38.99924722,-77.40697222,0,8,0,0,1,1,0,1,3,1,10,10,0,0000000,6,32,6,36,99,99,0,0,0,1,0
51,510658,1,1,0,0,0,1,1,135,0,21,12,2014,1,21,15,1,2,2,US-460,,2872,37.13254444,-77.91825833,0,1,0,0,1,1,0,3,2,1,10,10,0,0000000,21,19,21,31,21,44,0,0,0,1,1
51,510659,1,1,0,1,1,1,1,89,0,22,12,2014,2,22,15,1,2,2,US-22,,196,36.75871944,-79.93648611,0,9,0,0,1,1,0,1,2,2,0,2,0,0000000,99,99,99,99,99,99,0,0,0,1,0
51,510660,1,1,0,0,0,1,1,700,1720,28,12,2014,1,3,30,1,11,1,I-64,,29,36.99735556,-76.41165556,0,25,0,0,1,1,0,3,3,1,10,10,0,0000000,3,31,3,44,4,20,0,0,0,1,0
51,510661,2,2,0,0,0,3,3,3,0,7,12,2014,1,19,49,1,2,2,US-29,TAYLORS GAP RD,1279,37.96796111,-78.63493056,0,12,6,0,2,2,0,1,2,1,10,10,0,0000000,19,50,19,55,20,45,0,0,0,1,0
51,510662,1,1,0,1,1,1,1,13,0,18,12,2014,5,19,51,0,14,4,CR-6812,CLARENDON BLVD,4,38.8911,-77.08394722,0,8,0,0,2,3,0,1,1,1,10,10,0,0000000,19,52,19,55,20,13,0,0,0,1,0
53,530001,1,1,0,1,1,1,1,5,1850,2,1,2014,5,16,53,0,14,6,LEE BLVD,GILLESPIE,0,46.27482778,-119.2818833,0,8,0,0,3,2,0,1,3,1,0,1,0,0000000,99,98,99,98,99,98,0,0,0,1,0
53,530002,1,1,0,0,0,1,1,67,1590,1,1,2014,4,1,17,0,13,6,PACIFIC AVE,,0,47.04357222,-122.8621583,0,33,0,0,1,1,0,4,3,1,0,1,0,0000000,99,98,99,98,88,88,0,0,0,1,1