STATE,ST_CASE,VE_TOTAL,VE_FORMS,PVH_INVL,PEDS,PERNOTMVIT,PERMVIT,PERSONS,COUNTY,CITY,DAY,MONTH,YEAR,DAY_WEEK,HOUR,MINUTE,NHS,ROAD_FNC,ROUTE,TWAY_ID,TWAY_ID2,MILEPT,LATITUDE,LONGITUD,SP_JUR,HARM_EV,MAN_COLL,RELJCT1,RELJCT2,TYP_INT,WRK_ZONE,REL_ROAD,LGT_COND,WEATHER1,WEATHER2,WEATHER,SCH_BUS,RAIL,NOT_HOUR,NOT_MIN,ARR_HOUR,ARR_MIN,HOSP_HR,HOSP_MN,CF1,CF2,CF3,FATALS,DRUNK_DR
53,530245,1,1,0,1,1,1,1,33,1960,31,7,2014,5,15,32,0,19,6,JAMES ST,9TH AVE,0,47.60554722,-122.3247028,0,8,0,0,2,2,0,1,1,1,0,1,0,0000000,99,98,99,98,88,88,0,0,0,1,0
53,530246,1,1,0,0,0,1,1,33,2310,2,8,2014,7,15,47,1,11,1,I-5,,1553,47.46829444,-122.2676111,0,24,0,0,1,1,0,4,1,1,0,1,0,0000000,99,98,99,98,88,88,0,0,0,1,0
53,530247,1,1,0,0,0,5,5,1,0,2,8,2014,7,21,10,0,2,3,SR-26,,887,46.77324444,-118.108525,0,1,0,0,1,1,0,1,2,1,0,1,0,0000000,99,99,99,99,99,99,0,0,0,1,0
53,530248,1,1,0,0,0,2,2,53,0,3,8,2014,1,22,44,0,3,3,SR-7,PILGRAM RD E,230,46.8108,-122.2961278,0,52,0,0,3,3,0,4,2,1,0,1,0,0000000,99,99,99,99,88,88,0,0,0,1,1
53,530249,2,2,0,0,0,3,3,63,0,1,8,2014,6,16,24,1,2,2,US-395,CLEVELAND RD,1799,47.94693889,-117.4815139,0,12,6,0,2,2,0,1,1,1,0,1,0,0000000,99,99,99,99,99,99,0,0,0,1,0
53,530250,2,2,0,0,0,2,2,63,0,3,8,2014,1,10,5,0,14,3,SR-290,,156,47.71413333,-117.0921806,0,12,2,0,1,1,0,1,1,1,0,1,0,0000000,99,98,99,98,99,98,0,0,0,1,0
53,530251,1,1,0,1,1,1,1,61,690,4,8,2014,2,10,55,0,13,6,EVERETT AVE,WETMORE AVE,0,47.98195,-122.20715,0,8,0,0,2,2,0,1,1,1,0,1,0,0000000,99,98,99,98,99,98,0,0,0,1,0
53,530252,2,2,0,0,0,3,3,43,0,7,8,2014,5,18,15,0,4,3,SR-174,,352,47.86291944,-118.8295917,0,12,2,0,1,1,0,1,1,1,0,1,0,0000000,99,99,99,99,99,99,0,0,0,1,0
53,530253,1,1,0,0,0,3,3,67,0,9,8,2014,7,13,34,0,6,4,CR-B-LINE RD,,99999,47.02160556,-123.1369833,0,1,0,0,1,1,0,5,1,1,0,1,0,0000000,99,98,99,98,88,88,0,0,0,1,1
53,530254,2,2,0,0,0,2,2,33,1960,9,8,2014,7,16,28,0,12,3,SR-99,,99999,47.58520833,-122.3396333,0,12,7,0,1,1,0,1,1,1,0,1,0,0000000,99,98,99,98,88,88,0,0,0,1,1
53,530255,2,2,0,0,0,4,4,11,0,6,5,2014,3,11,54,0,14,6,NE 76TH ST,NE 137TH AVE,10,45.67747222,-122.531575,0,12,6,0,2,2,0,1,1,1,0,1,0,0000000,99,98,99,98,99,98,0,0,0,1,0
53,530256,1,1,0,0,0,1,1,77,0,10,8,2014,1,15,40,0,5,6,LATERAL A RD,PROGRESSIVE RD,111,46.41915833,-120.48,3,30,0,0,3,2,0,4,1,1,0,1,0,0000000,99,98,99,98,88,88,0,0,0,1,1
53,530257,1,1,0,1,1,2,2,47,0,10,8,2014,1,3,9,1,2,2,US-97,,2520,48.02958056,-119.8930889,0,8,0,0,1,1,0,1,2,1,0,1,0,0000000,99,98,99,98,99,98,0,0,0,1,0
53,530258,1,1,0,0,0,1,1,53,2230,11,8,2014,2,13,22,0,19,6,19TH ST S,JEFFFERSON,0,47.24491944,-122.4389806,0,43,0,0,3,3,0,4,1,1,0,1,0,0000000,99,98,99,98,88,88,0,0,0,1,0
53,530259,3,3,0,0,0,5,5,67,1102,17,6,2014,3,6,56,0,19,6,COLLEGE ST,13TH CT,0,47.03488611,-122.8232361,0,12,6,0,3,3,0,1,1,1,0,1,0,0000000,99,99,99,99,99,99,0,0,0,1,0
53,530260,1,1,0,1,1,1,1,33,0,16,8,2014,7,20,55,0,13,4,CR-SE PETROVITSKY RD,,25,47.44296389,-122.1445833,0,8,0,0,1,1,0,1,3,1,0,1,0,0000000,99,99,99,99,99,99,0,0,0,1,0
53,530261,1,1,0,1,1,1,1,77,2300,16,8,2014,7,3,15,0,19,6,WISHKOSKI WAY,,0,46.37143889,-120.3043167,3,8,0,0,1,1,0,1,2,1,0,1,0,0000000,99,98,99,98,88,88,0,0,0,1,0
53,530262,1,1,0,0,0,1,1,47,0,17,8,2014,1,2,30,0,4,4,CR-HWY 7,,176,48.87153889,-119.4403889,0,38,0,0,1,1,0,5,2,1,0,1,0,0000000,99,98,99,98,88,88,0,0,0,1,1
53,530263,2,2,0,0,0,4,4,33,1960,11,8,2014,2,23,19,0,19,6,S GRAHAM ST,32ND AVE S,0,47.5461,-122.2915194,0,12,1,0,2,2,0,1,3,2,0,2,0,0000000,99,99,99,99,88,88,0,0,0,1,1
53,530264,1,1,0,0,0,1,1,33,0,14,8,2014,5,0,23,0,3,3,SR-410,,410,47.1532,-121.6811278,0,35,0,0,1,1,0,4,2,1,0,1,0,0000000,99,98,99,98,88,88,0,0,0,1,0
53,530265,1,1,0,0,0,6,6,11,2370,16,8,2014,7,3,4,1,11,1,I-205,,280,45.61673889,-122.5560861,0,1,0,0,1,1,0,4,3,1,0,1,0,0000000,99,99,99,99,99,99,0,0,0,1,1
53,530266,1,1,0,0,0,1,1,53,0,18,8,2014,2,18,48,0,9,8,FIRE SERVICE RD 7,,99999,47.1234,-121.5954889,0,42,0,0,1,1,0,5,1,1,0,1,0,0000000,99,98,99,98,88,88,0,0,0,1,1
53,530267,2,2,0,0,0,2,2,11,0,23,8,2014,7,11,19,0,2,3,SR-14,,203,45.56573889,-122.2803139,0,12,2,0,1,1,0,1,1,1,0,1,0,0000000,99,98,99,98,88,88,0,0,0,1,0
53,530268,1,1,0,0,0,2,2,7,0,20,8,2014,4,18,52,0,6,4,CR-COLOCKUM RD,,185,47.261975,-120.1853222,0,1,0,0,1,1,0,5,1,1,0,1,0,0000000,99,98,99,98,99,98,0,0,0,1,1
53,530269,3,1,2,0,0,1,1,53,2230,21,8,2014,5,21,32,0,19,6,S HOSMER ST,,0,47.17424722,-122.4630667,0,31,0,0,1,1,0,4,3,1,0,1,0,0000000,99,98,99,98,88,88,14,0,0,1,0
53,530270,2,2,0,0,0,3,3,25,0,21,8,2014,5,10,52,0,2,3,SR-281,BEVERLY BURKE,10,47.10313056,-119.8534861,0,12,6,0,2,4,0,1,1,1,0,1,0,0000000,99,99,99,99,99,99,0,0,0,2,0
53,530271,3,3,0,0,0,4,4,33,0,24,8,2014,1,20,51,0,14,3,SR-202,,125,47.64303889,-122.0198667,0,12,2,0,1,1,0,1,2,1,0,1,0,0000000,99,99,99,99,99,99,0,0,0,2,1
53,530272,1,1,0,0,0,2,2,61,0,26,8,2014,3,20,36,0,3,4,CR-MARINE DR,,67,48.06896667,-122.2933306,3,42,0,0,1,1,0,5,2,1,0,1,0,0000000,99,98,99,98,99,98,0,0,0,1,1
53,530273,1,1,0,0,0,3,3,77,0,26,8,2014,3,17,5,0,5,4,CR-TRACK RD,,73,46.42469444,-120.3751167,3,1,0,0,1,1,0,1,1,1,0,1,0,0000000,99,99,99,99,88,88,0,0,0,1,0
53,530274,1,1,0,0,0,1,1,25,0,27,8,2014,4,8,48,0,5,4,CR-RD M NE,RD 11 NE,71,47.24816944,-119.2130833,0,1,0,0,3,2,0,4,1,1,0,1,0,0000000,99,98,99,98,99,98,0,0,0,1,0
53,530275,1,1,0,1,1,1,1,33,1960,29,8,2014,6,8,46,0,19,6,2ND AVE,UNIVERSITY ST,0,47.60728333,-122.3371222,0,9,0,0,2,2,0,1,1,1,0,1,0,0000000,99,98,99,98,88,88,0,0,0,1,0
53,530276,1,1,0,0,0,2,2,33,1960,27,8,2014,4,1,2,1,11,1,I-5,,1630,47.57163889,-122.3200583,0,25,0,1,5,1,0,4,3,1,0,1,0,0000000,99,99,99,99,99,99,0,0,0,1,1
53,530277,1,1,0,0,0,1,1,31,0,26,1,2014,1,11,0,0,9,8,HOH MAIN LINE,,125,47.70474722,-124.1365278,0,1,0,0,1,1,0,5,1,1,0,1,0,0000000,99,99,99,99,99,99,0,0,0,1,0
53,530278,1,1,0,0,0,1,1,65,0,28,8,2014,5,20,56,0,4,4,CR-BULLDOG CREEK RD,,4,48.15648333,-117.7170528,0,24,0,0,1,1,0,4,2,1,0,1,0,0000000,99,99,99,99,88,88,0,0,0,1,0
53,530279,2,2,0,0,0,4,4,61,0,28,8,2014,5,16,1,0,3,4,CR-MARINE DR NE,,17,48.04787778,-122.215225,3,12,2,0,1,1,0,1,1,1,0,1,0,0000000,99,99,99,99,99,99,0,0,0,1,0
53,530280,1,1,0,0,0,1,1,53,0,29,8,2014,6,0,49,0,13,3,SR-7,SR-507,474,47.083525,-122.4348194,0,1,0,0,3,4,0,4,3,1,0,1,0,0000000,99,98,99,98,99,98,0,0,0,1,0
53,530281,1,1,0,4,4,2,2,33,1030,30,8,2014,7,18,7,0,13,6,PACIFIC HWY S,,0,47.39268333,-122.2949361,0,8,0,0,1,1,0,2,1,2,0,2,0,0000000,99,99,99,99,99,99,0,0,0,1,0
53,530282,1,1,0,0,0,1,1,67,0,1,9,2014,2,15,35,0,2,3,SR-8,,190,47.04890833,-123.0447694,0,42,0,0,1,1,0,5,1,1,0,1,0,0000000,99,98,99,98,99,98,0,0,0,1,0
53,530283,1,1,0,1,1,1,1,63,2113,2,9,2014,3,1,23,0,19,6,N PARK,,0,47.6675,-117.3040639,0,9,0,0,1,1,0,2,2,1,0,1,0,0000000,99,98,99,98,88,88,0,0,0,1,0
53,530285,2,2,0,0,0,3,3,35,0,5,9,2014,6,17,7,0,3,3,SR-160,ANDERBAR RD,50,47.50511667,-122.551075,0,12,6,0,2,3,0,1,1,1,0,1,0,0000000,99,99,99,99,88,88,0,0,0,1,0
53,530286,2,2,0,0,0,4,4,53,0,5,9,2014,6,16,42,0,3,3,SR-161,,99999,47.08155556,-122.293825,0,12,6,0,4,1,0,1,1,1,0,1,0,0000000,99,99,99,99,99,99,0,0,0,1,0
53,530287,2,2,0,0,0,5,5,77,2590,18,7,2014,6,19,25,0,19,6,S 10TH AVE,W VIOLA AVE,0,46.58158056,-120.519875,0,12,6,0,2,2,0,1,1,1,0,1,0,0000000,99,98,99,98,99,98,0,0,0,1,1
53,530288,1,1,0,1,1,1,1,73,110,5,9,2014,6,19,13,0,19,6,ALABAMA ST,RACINE ST,0,48.76304167,-122.4533139,0,8,0,0,2,2,0,1,1,1,0,1,0,0000000,99,98,99,98,88,88,0,0,0,1,1
53,530289,1,1,0,0,0,2,2,9,0,7,9,2014,1,15,24,0,6,4,CR-WOODCOCKRD,,14,48.11610833,-123.2016944,0,42,0,0,1,1,0,5,1,1,0,1,0,0000000,99,98,99,98,99,98,0,0,0,1,1
53,530290,2,2,0,0,0,4,4,11,0,7,9,2014,1,20,30,0,4,4,CR-NE CEDAR CREEK RD,,2,45.91729444,-122.4516056,0,12,2,0,1,1,0,1,2,1,0,1,0,0000000,99,99,99,99,88,88,0,0,0,1,1
53,530291,1,1,0,0,0,1,1,61,1280,9,9,2014,3,0,24,0,19,6,SMOKEY PT RD,,0,48.11309722,-122.1799722,0,42,0,0,1,1,0,5,3,1,0,1,0,0000000,99,98,99,98,88,88,0,0,0,1,0
53,530292,1,1,0,2,2,3,3,35,0,10,9,2014,4,2,17,0,14,4,CR-TRACYTON BLVD NW,,2,47.61156111,-122.6554139,0,8,0,0,1,1,0,1,3,10,0,10,0,0000000,99,99,99,99,99,99,0,0,0,1,1
53,530293,1,1,0,0,0,1,1,65,0,11,9,2014,5,13,50,0,3,3,SR-20,,3684,48.50362778,-117.66975,0,24,0,0,1,1,0,4,1,1,0,1,0,0000000,99,98,99,98,99,98,0,0,0,1,0
53,530294,4,4,0,0,0,5,5,41,0,13,9,2014,7,14,5,0,3,3,SR-6,,249,46.552225,-123.3510472,0,24,0,0,1,1,0,4,1,1,0,1,0,0000000,99,99,99,99,99,99,0,0,0,1,1
53,530295,2,2,0,0,0,2,2,77,0,25,8,2014,2,8,0,0,5,4,CR-PROGRESSIVE,CAMPBELL,130,46.41903056,-120.4383694,3,12,6,0,2,2,0,1,1,1,0,1,0,0000000,99,98,99,98,99,98,0,0,0,1,0
53,530296,2,2,0,0,0,2,2,9,0,7,9,2014,1,11,45,1,13,2,US-101,HOOKER RD,2613,48.07937778,-123.1729361,0,12,6,0,2,2,0,1,1,1,0,1,0,0000000,99,98,99,98,99,98,0,0,0,1,0
53,530297,1,1,0,0,0,1,1,51,0,13,9,2014,7,19,22,0,6,4,CR-OLD LE CLERC RD,,7,48.56204444,-117.3321278,0,11,0,0,1,1,0,1,2,1,0,1,0,0000000,99,98,99,98,99,98,0,0,0,1,1
53,530298,2,2,0,0,0,2,2,71,390,14,9,2014,1,17,35,0,12,3,SR-125,MEADOW BROOKS BLVD,24,46.03190556,-118.3806333,0,12,6,0,2,2,0,1,1,1,0,1,0,0000000,99,98,99,98,99,98,0,0,0,1,1
53,530299,1,1,0,0,0,2,2,71,0,15,9,2014,2,5,44,1,2,2,US-12,,2982,46.18265278,-118.9747778,0,1,0,0,1,1,0,3,2,1,0,1,0,0000000,99,99,99,99,99,99,0,0,0,1,0
53,530300,2,2,0,0,0,2,2,25,0,20,9,2014,7,9,35,0,4,4,CR-DODSON RD,RD 5 NW,197,47.16258889,-119.5551389,0,12,6,0,2,2,0,1,1,1,0,1,0,0000000,99,98,99,98,99,98,0,0,0,1,0
53,530301,2,2,0,0,0,37,37,33,0,17,9,2014,4,11,2,0,3,4,CR-VASHON HWY SW,,38,47.382575,-122.4839278,0,12,2,0,1,1,0,1,1,1,0,1,0,0000000,99,99,99,99,99,99,0,0,0,1,0
53,530302,1,1,0,0,0,3,3,77,2590,1,6,2014,1,0,50,0,19,6,E BEECH ST,,0,46.59801667,-120.4826917,0,42,0,0,1,1,0,5,3,1,0,1,0,0000000,99,98,99,98,99,98,0,0,0,1,1
53,530303,1,1,0,0,0,2,2,59,0,1,6,2014,1,13,6,0,5,4,CR-WASHOUGAL RIVER RD,,113,45.61482222,-122.2181583,0,1,0,0,1,1,0,1,1,1,0,1,0,0000000,99,98,99,98,99,98,0,0,0,1,1
53,530304,1,1,0,0,0,1,1,21,0,31,7,2014,5,12,12,0,5,4,CR-HOLLINGSWORTH,CHESTNUT RD,30,46.605725,-119.2205944,0,1,0,0,3,4,0,4,1,1,0,1,0,0000000,99,98,99,98,99,98,0,0,0,1,0
53,530305,2,2,0,0,0,3,3,33,2310,2,8,2014,7,17,27,0,19,6,48TH AVE S,MACDDEM RD S,0,47.48116944,-122.2753667,0,12,2,0,2,4,0,1,1,1,0,1,0,0000000,99,99,99,99,99,99,0,0,0,1,1
53,530306,2,2,0,0,0,2,2,75,0,12,9,2014,6,10,22,1,2,2,US-195,,311,46.79767222,-117.3147056,0,12,2,0,1,1,0,1,1,1,0,1,0,0000000,99,98,99,98,88,88,0,0,0,1,0
53,530307,2,2,0,0,0,4,4,25,0,21,9,2014,1,15,52,0,3,3,SR-17,RD 19TH NE,744,47.36908889,-119.4791111,0,12,6,0,2,2,0,1,1,10,0,10,0,0000000,99,98,99,98,88,88,0,0,0,1,0
53,530308,2,2,0,0,0,3,3,15,0,23,9,2014,3,9,5,0,2,3,SR-4,,477,46.188025,-123.1780778,0,12,2,0,1,1,0,1,1,2,0,2,0,0000000,99,99,99,99,99,99,0,0,0,2,0
53,530309,1,1,0,0,0,2,2,57,0,23,9,2014,3,8,23,0,9,4,CR-OLGA RD,,99999,48.47038611,-122.6494222,0,42,0,0,1,1,0,5,1,2,0,2,0,0000000,99,99,99,99,99,99,0,0,0,1,0
53,530310,2,2,0,0,0,3,3,53,0,24,9,2014,4,14,6,0,13,4,CR-152ND ST,BROOKDALE RD,28,47.1184,-122.3768444,0,12,6,0,2,3,0,1,1,1,0,1,0,0000000,99,98,99,98,99,98,20,0,0,2,0
53,530311,1,1,0,0,0,1,1,63,0,25,9,2014,5,18,38,0,5,4,CR-N DARTFORD RD,,19,47.80020556,-117.4094528,0,24,0,0,1,1,0,4,5,10,0,10,0,0000000,88,88,88,88,88,88,0,0,0,1,1
53,530312,1,1,0,0,0,1,1,21,1660,25,9,2014,5,19,45,0,13,3,SR-397,,203,46.22406667,-119.0763611,0,30,0,0,1,1,0,4,3,1,0,1,0,0000000,99,98,99,98,88,88,0,0,0,1,1
53,530313,1,1,0,1,1,1,1,33,735,26,9,2014,6,6,24,0,19,6,21ST AVE SW,SW 322ND PL,0,47.31300278,-122.360925,0,8,0,0,2,2,0,1,3,2,0,2,0,0000000,99,98,99,98,88,88,0,0,0,1,0
53,530314,3,3,0,0,0,3,3,33,735,27,9,2014,7,9,56,0,13,3,SR-99,S 279TH ST,99999,47.35170556,-122.3122083,0,12,6,0,2,3,0,1,1,1,0,1,0,0000000,99,98,99,98,99,98,0,0,0,1,0
53,530315,1,1,0,0,0,2,2,57,0,23,5,2014,6,14,25,0,3,4,CR-FARM TO MARKET RD,,11,48.45378611,-122.4439194,0,30,0,0,1,1,0,4,1,1,0,1,0,0000000,99,98,99,98,99,98,0,0,0,1,0
53,530316,1,1,0,1,1,1,1,63,2110,19,6,2014,5,23,54,0,19,6,AST ST,SHARP AVE,0,47.66889722,-117.436975,0,8,0,0,2,2,0,1,3,1,0,1,0,0000000,99,98,99,98,99,98,0,0,0,1,0
53,530317,2,1,1,0,0,1,1,33,1960,8,7,2014,3,22,34,0,19,6,NW 43RD ST,8TH AVE NW,0,47.65896667,-122.3660389,0,14,0,0,3,3,0,7,3,1,0,1,0,0000000,99,99,99,99,99,99,0,0,0,1,0
53,530318,1,1,0,0,0,1,1,63,0,7,8,2014,5,10,29,0,4,4,CR-ALMOTA FERRY RD,,252,46.67883333,-117.5040472,0,1,0,0,1,1,0,1,1,1,0,1,0,0000000,99,98,99,98,88,88,0,0,0,1,0
53,530319,1,1,0,0,0,1,1,25,0,7,8,2014,5,21,26,0,4,4,CR-DODSON RD NW,,253,47.243525,-119.5551333,0,1,0,0,1,1,0,4,2,1,0,1,0,0000000,99,98,99,98,88,88,0,0,0,1,1
53,530320,2,2,0,0,0,2,2,61,0,4,9,2014,5,7,42,1,11,1,I-5,,1835,47.85925833,-122.25065,0,12,1,0,1,1,0,1,1,1,0,1,0,0000000,99,98,99,98,99,98,0,0,0,1,0
53,530324,1,1,0,1,1,1,1,27,1370,10,9,2014,4,7,26,0,19,6,MONE ELMA,POPLAR,0,46.98256389,-123.5721806,0,8,0,0,2,3,0,1,1,1,0,1,0,0000000,99,98,99,98,88,88,0,0,0,1,0
53,530325,1,1,0,1,1,1,1,33,1050,15,9,2014,2,15,29,0,19,6,119TH PL NE,NE 144TH ST,0,47.73124444,-122.1815389,0,8,0,0,2,3,0,1,1,1,0,1,0,0000000,99,99,99,99,99,99,0,0,0,1,0
53,530326,1,1,0,0,0,3,3,33,1050,19,9,2014,6,22,50,0,19,6,92ND AVE NE,SIMONDS RD NE,0,47.73399444,-122.2183722,0,33,0,0,3,4,0,4,3,1,0,1,0,0000000,99,99,99,99,99,99,0,0,0,1,1
53,530327,1,1,0,0,0,3,3,77,0,22,9,2014,2,20,6,0,4,3,SR-410,,781,46.92556944,-121.3652417,0,35,0,0,1,1,0,4,2,1,0,1,0,0000000,99,99,99,99,99,99,0,0,0,1,1
53,530328,2,2,0,0,0,2,2,45,0,27,9,2014,7,12,10,1,2,2,US-101,,3280,47.45489722,-123.1136194,0,12,2,0,1,1,0,1,1,1,0,1,0,0000000,99,99,99,99,99,99,0,0,0,1,0
53,530329,1,1,0,1,1,1,1,61,690,27,9,2014,7,21,40,0,19,6,EVERGREEN WAY,,0,47.90645278,-122.2424389,0,8,0,0,1,1,0,1,3,1,0,1,0,0000000,99,98,99,98,99,98,0,0,0,1,0
53,530330,2,2,0,0,0,2,2,53,747,27,9,2014,7,11,10,1,11,1,I-5,,1375,47.24079444,-122.3528528,0,1,0,0,1,1,0,1,1,1,0,1,0,0000000,99,98,99,98,88,88,0,0,0,1,0
53,530331,2,2,0,0,0,3,3,73,0,27,9,2014,7,8,50,0,5,4,CR-SUNRISE RD,W BADGER RD,20,48.96451111,-122.5963083,0,12,6,0,2,2,0,1,1,10,0,10,0,0000000,99,98,99,98,99,98,0,0,0,1,0
53,530332,1,1,0,0,0,1,1,51,0,28,9,2014,1,18,11,0,3,3,SR-20,,4171,48.36671111,-117.3046583,0,32,0,0,1,1,0,4,5,1,0,1,0,0000000,99,98,99,98,88,88,0,0,0,1,1
53,530333,2,2,0,0,0,5,5,33,0,29,9,2014,2,18,11,0,14,4,CR-SE SUBURN BLACK DIAMOND RD,SE 328TH PL,7,47.30736667,-122.0474472,0,12,2,0,1,1,0,1,1,10,0,10,0,0000000,99,98,99,98,99,98,20,0,0,1,0
53,530334,2,2,0,0,0,2,2,71,0,4,10,2014,7,5,30,0,3,3,SR-124,,127,46.26696111,-118.7789861,0,12,2,0,1,1,0,1,2,10,0,10,0,0000000,99,99,99,99,99,99,0,0,0,1,0
53,530335,2,1,1,0,0,1,1,53,0,4,10,2014,7,23,2,0,16,4,CR- A ST S,,5,47.09033333,-122.4321778,0,1,0,0,1,1,0,1,2,1,0,1,0,0000000,99,98,99,98,88,88,0,0,0,1,1
53,530336,2,2,0,0,0,2,2,63,2113,4,10,2014,7,22,6,0,19,6,E BROADWAY AVE,N BURNS RD,0,47.66433056,-117.2047944,0,12,6,0,2,2,0,1,3,1,0,1,0,0000000,99,98,99,98,99,98,0,0,0,1,1
53,530337,2,2,0,0,0,2,2,63,0,8,10,2014,4,4,50,0,14,3,SR-290,,139,47.70463333,-117.1328528,0,12,2,0,1,1,0,1,2,1,0,1,0,0000000,99,99,99,99,88,88,0,0,0,1,0
53,530338,2,2,0,0,0,4,4,73,0,7,10,2014,3,5,40,0,14,3,SR-9,,763,48.77169167,-122.2016944,0,12,6,0,1,1,0,1,2,5,0,5,0,0000000,99,98,99,98,88,88,0,0,0,2,0
53,530339,1,1,0,0,0,1,1,77,0,9,10,2014,5,23,0,0,5,4,CR-N COUNTRY LINE RD,,19,46.28595,-119.8736806,0,30,0,0,1,1,0,4,2,1,0,1,0,0000000,99,98,99,98,88,88,0,0,0,1,0
53,530340,1,1,0,1,1,1,1,33,735,12,9,2014,6,11,15,0,19,6,SW 340TH ST,35TH AVE SW,0,47.29713056,-122.3768556,0,8,0,0,2,2,0,1,1,1,0,1,0,0000000,99,99,99,99,99,99,0,0,0,1,0
53,530341,2,2,0,0,0,4,4,53,2230,14,10,2014,3,14,0,0,19,6,S 11TH ST,ALLEY,0,47.252225,-122.4495944,0,12,6,0,2,99,0,1,1,10,0,10,0,0000000,88,88,88,88,88,88,0,0,0,1,0
53,530342,1,1,0,0,0,2,2,61,690,10,10,2014,6,13,26,1,11,1,I-5,,1889,47.90517778,-122.2113972,0,42,0,0,1,1,0,5,1,1,0,1,0,0000000,99,98,99,98,99,98,0,0,0,1,0
53,530343,2,2,0,0,0,2,2,27,0,21,10,2014,3,6,55,0,3,3,SR-105,,427,46.934025,-123.905825,0,12,6,0,1,1,0,1,2,10,0,10,0,0000000,99,98,99,98,99,98,0,0,0,1,0
53,530344,1,1,0,1,1,1,1,33,1960,24,10,2014,6,21,51,0,19,6,GREENWOOD AVE N,N 104TH ST,0,47.70428611,-122.3554361,0,8,0,0,3,3,0,1,3,2,0,2,0,0000000,99,98,99,98,88,88,0,0,0,1,1
53,530345,1,1,0,1,1,1,1,63,0,22,10,2014,4,8,13,1,13,2,US-2,,2942,47.7576,-117.3942861,0,8,0,0,1,1,0,2,3,99,0,99,0,0000000,99,98,99,98,99,98,0,0,0,1,1
53,530346,1,1,0,0,0,6,6,33,100,25,10,2014,7,1,58,0,14,3,SR-164,,29,47.28821944,-122.1783167,0,33,0,0,1,1,0,4,3,1,0,1,0,0000000,99,98,99,98,99,98,0,0,0,4,1
53,530347,1,1,0,1,1,1,1,77,2590,10,7,2014,5,21,49,0,19,6,S 1ST ST,,0,46.55883611,-120.4765389,0,8,0,0,1,1,0,1,3,1,0,1,0,0000000,99,99,99,99,99,99,0,0,0,1,0
53,530348,2,2,0,0,0,2,2,53,2230,14,9,2014,1,1,41,0,19,6,S 96TH ST,YAKIMA AVE,0,47.17008056,-122.4433472,0,12,6,0,2,2,0,1,3,1,0,1,0,0000000,99,98,99,98,99,98,0,0,0,1,1
53,530349,1,1,0,0,0,1,1,11,0,19,9,2014,6,7,47,0,4,4,CR-NE 299TH ST,NE 112TH AVE,13,45.83835833,-122.5621,0,42,0,0,1,1,0,4,1,1,0,1,0,0000000,99,99,99,99,99,99,0,0,0,1,0
53,530350,1,1,0,0,0,1,1,7,0,29,10,2014,4,19,55,1,2,2,US-2,,771,47.78771944,-120.8830778,0,24,0,0,1,1,0,4,2,5,0,5,0,0000000,99,98,99,98,88,88,0,0,0,1,1
53,530351,2,2,0,0,0,2,2,45,0,26,10,2014,1,6,39,0,2,3,SR-3,,84,47.26390833,-123.0156833,0,12,2,0,1,1,0,1,2,2,0,2,0,0000000,99,99,99,99,99,99,0,0,0,1,0
53,530352,1,1,0,1,1,1,1,77,0,30,10,2014,5,21,2,1,14,2,US-97,S WAPATO RD,678,46.43269722,-120.4177,3,8,0,0,2,2,0,1,3,2,0,2,0,0000000,99,98,99,98,88,88,0,0,0,1,0
53,530354,1,1,0,0,0,2,2,11,2370,31,10,2014,6,21,45,0,19,6,NE 136TH AVE,NE 4TH ST,0,45.623225,-122.5346556,0,30,0,0,3,2,0,4,3,1,0,1,0,0000000,99,98,99,98,88,88,0,0,0,2,1
53,530355,1,1,0,4,4,1,1,11,2370,31,10,2014,6,20,12,0,19,6,NE 112TH AVE,,0,45.65111667,-122.5580639,0,8,0,0,1,1,0,4,2,2,0,2,0,0000000,99,99,99,99,99,99,0,0,0,1,1
53,530356,3,3,0,0,0,4,4,61,690,23,10,2014,5,15,56,0,13,3,SR-99,CENTER RD,524,47.89085556,-122.257125,0,12,2,0,1,1,0,1,1,1,0,1,0,0000000,99,98,99,98,99,98,0,0,0,1,0
53,530357,1,1,0,0,0,4,4,77,0,1,11,2014,7,2,56,0,4,3,SR-223,,19,46.32874167,-120.2066778,3,1,0,0,1,1,0,4,2,1,0,1,0,0000000,99,99,99,99,99,99,0,0,0,1,1
53,530358,2,2,0,0,0,3,3,23,0,1,11,2014,7,13,0,1,2,2,US-12,TATMAN MT RD,3988,46.46265833,-117.6893944,0,12,6,0,2,3,0,1,1,2,0,2,0,0000000,99,98,99,98,99,98,0,0,0,2,0
53,530359,2,2,0,0,0,5,5,53,2230,2,11,2014,1,18,20,0,14,6,TACOMA MALL RD,S 64TH ST,13,47.19920278,-122.4630111,0,12,6,0,2,3,0,1,3,2,0,2,0,0000000,99,98,99,98,88,88,0,0,0,1,0
53,530360,2,2,0,0,0,2,2,35,0,5,11,2014,4,5,53,0,12,3,SR-3,,425,47.62315556,-122.7109778,0,12,7,0,1,1,0,1,2,10,0,10,0,0000000,99,99,99,99,99,99,0,0,0,1,0
53,530361,1,1,0,1,1,1,1,33,0,5,11,2014,4,2,53,0,14,4,CR-N 205TH ST,,7,47.77779167,-122.3508139,0,8,0,0,1,1,0,1,3,10,0,10,0,0000000,99,99,99,99,99,99,0,0,0,1,0