STATE,ST_CASE,VE_TOTAL,VE_FORMS,PVH_INVL,PEDS,PERNOTMVIT,PERMVIT,PERSONS,COUNTY,CITY,DAY,MONTH,YEAR,DAY_WEEK,HOUR,MINUTE,NHS,ROAD_FNC,ROUTE,TWAY_ID,TWAY_ID2,MILEPT,LATITUDE,LONGITUD,SP_JUR,HARM_EV,MAN_COLL,RELJCT1,RELJCT2,TYP_INT,WRK_ZONE,REL_ROAD,LGT_COND,WEATHER1,WEATHER2,WEATHER,SCH_BUS,RAIL,NOT_HOUR,NOT_MIN,ARR_HOUR,ARR_MIN,HOSP_HR,HOSP_MN,CF1,CF2,CF3,FATALS,DRUNK_DR
54,540143,1,1,0,1,1,1,1,95,0,29,8,2014,6,6,7,0,4,3,SR-18,,152,39.49338889,-80.90299444,0,8,0,0,1,1,0,1,2,5,0,5,0,0000000,88,88,88,88,88,88,0,0,0,1,0
54,540144,2,2,0,0,0,5,5,65,205,29,8,2014,6,21,25,1,2,2,US-522,CLARA LN,64,39.53585556,-78.27544444,0,12,6,0,2,3,0,1,2,1,0,1,0,0000000,21,29,21,35,22,21,0,0,0,1,0
54,540145,1,1,0,0,0,1,1,109,0,1,9,2014,2,4,45,0,3,3,SR-10,,440,37.73885556,-81.68627222,0,34,0,0,1,1,0,4,3,10,0,10,0,0000000,99,99,99,99,88,88,0,0,0,1,0
54,540146,1,1,0,0,0,2,2,39,2439,2,9,2014,3,4,15,1,2,1,I-77,,1130,38.48958611,-81.64458056,0,24,0,0,1,1,0,4,2,1,0,1,0,0000000,4,14,4,32,4,53,0,0,0,1,1
54,540147,1,1,0,1,1,1,1,61,1840,2,9,2014,3,6,41,0,3,2,US-119,GOSHEN RD,78,39.55106111,-79.94138056,0,8,0,0,2,3,0,1,4,1,0,1,0,0000000,99,99,99,99,88,88,0,0,0,1,0
54,540148,1,1,0,0,0,1,1,39,814,3,9,2014,4,8,50,1,1,1,I-79,,50,38.41883889,-81.54500556,0,1,0,0,1,1,0,1,1,2,0,2,0,0000000,9,0,9,6,88,88,0,0,0,1,0
54,540149,1,1,0,0,0,1,1,95,0,4,9,2014,5,17,54,0,4,3,SR-18,,225,39.53113056,-80.89266111,0,42,0,0,1,1,0,5,1,1,0,1,0,0000000,99,99,99,99,88,88,0,0,0,1,1
54,540150,1,1,0,0,0,1,1,37,1140,5,9,2014,6,10,5,1,2,2,US-340,,145,39.32135833,-77.745,0,24,0,0,1,1,0,4,1,1,0,1,0,0000000,10,7,10,13,10,37,0,0,0,1,0
54,540151,1,1,0,0,0,1,1,53,101,10,9,2014,4,20,50,0,4,3,SR-62,,43,38.71464444,-81.94842222,0,24,0,0,1,1,0,4,2,1,0,1,0,0000000,99,99,99,99,88,88,0,0,0,1,1
54,540152,1,1,0,0,0,1,1,43,0,12,9,2014,6,5,54,0,3,3,SR-10,,228,38.21361111,-82.19028056,0,34,0,0,1,1,0,4,2,10,0,10,0,0000000,5,59,6,19,99,96,0,0,0,1,0
54,540153,1,1,0,0,0,1,1,61,1840,15,9,2014,2,23,49,1,2,3,SR-7,,178,39.70684167,-80.1475,0,34,0,0,1,1,0,4,2,1,0,1,0,0000000,23,50,0,13,99,99,20,0,0,1,1
54,540154,1,1,0,0,0,1,1,15,1495,18,9,2014,5,16,20,0,4,3,SR-16,,45,38.31203889,-81.17645,0,34,0,0,1,1,0,4,1,1,0,1,0,0000000,16,23,16,36,17,43,0,0,0,1,0
54,540155,1,1,0,0,0,1,1,69,0,18,9,2014,5,16,56,0,6,4,CR-7/3,,12,40.15859167,-80.60209444,0,1,0,0,1,1,0,4,1,1,0,1,0,0000000,99,99,99,99,88,88,0,0,0,1,0
54,540156,1,1,0,0,0,5,5,5,650,19,9,2014,6,0,40,1,2,2,US-119,,121,38.10628889,-81.84800278,0,59,0,0,1,1,0,4,2,5,0,5,0,0000000,0,45,0,50,1,33,0,0,0,4,0
54,540157,1,1,0,0,0,1,1,27,1334,20,9,2014,7,12,50,0,3,2,US-50,,3,39.32009444,-78.87709722,0,24,0,0,1,1,0,4,1,1,0,1,0,0000000,12,47,12,55,99,99,0,0,0,1,0
54,540158,1,1,0,0,0,2,2,63,2650,21,9,2014,1,15,53,1,2,2,US-219,,246,37.55837222,-80.56911389,0,35,0,0,1,1,0,4,1,10,0,10,0,0000000,99,99,99,99,99,99,0,0,0,1,1
54,540159,1,1,0,0,0,1,1,55,1570,26,9,2014,6,19,40,0,6,4,CR-52/1,,21,37.392875,-81.32109167,0,1,0,0,1,1,0,4,2,1,0,1,0,0000000,20,12,20,34,99,96,0,0,0,1,0
54,540160,1,1,0,0,0,2,2,19,2070,27,9,2014,7,20,0,1,1,1,I-77,,605,37.98024167,-81.29836111,0,11,0,0,1,1,0,1,2,1,0,1,0,0000000,99,99,99,99,99,99,0,0,0,1,0
54,540161,1,1,0,0,0,1,1,81,1765,28,9,2014,1,0,1,0,15,4,CR-16/14,,23,37.71355,-81.23765278,0,1,0,0,1,1,0,1,2,1,0,1,0,0000000,0,1,0,6,0,34,0,0,0,1,1
54,540162,2,2,0,0,0,2,2,1,2110,2,9,2014,3,11,36,0,3,2,US-250,,149,39.1173,-79.99594167,0,24,0,0,1,1,0,4,1,1,0,1,0,0000000,11,38,11,40,12,0,0,0,0,1,1
54,540163,3,3,0,0,0,3,3,3,354,4,9,2014,5,23,30,0,14,2,US-11,WINCHESTER AVE,3,39.29814167,-78.07641111,0,12,6,0,2,3,0,1,2,1,0,1,0,0000000,23,40,23,48,88,88,0,0,0,1,1
54,540164,1,1,0,1,1,4,4,107,2040,8,9,2014,2,21,30,0,14,3,SR-47,,3,39.26296111,-81.54186667,0,9,0,0,1,1,0,2,2,10,0,10,0,0000000,15,24,15,31,88,88,0,0,0,1,0
54,540165,1,1,0,0,0,1,1,79,2591,8,9,2014,2,19,15,1,11,1,I-64,,390,38.45546944,-81.92854167,0,43,0,0,1,1,0,4,1,1,0,1,0,0000000,19,15,19,20,19,36,0,0,0,1,1
54,540166,2,2,0,0,0,2,2,99,0,8,9,2014,2,14,53,1,2,2,US-52,,291,38.09766389,-82.55555278,0,12,2,0,1,1,0,1,1,1,0,1,0,0000000,99,99,99,99,99,99,0,0,0,1,0
54,540167,2,2,0,0,0,2,2,53,113,20,9,2014,7,9,15,1,2,4,CR-43,CR-45/1,41,38.55736111,-82.07066944,0,12,6,0,2,3,0,1,1,1,0,1,0,0000000,9,15,9,29,88,88,0,0,0,1,0
54,540168,2,2,0,0,0,4,4,107,2717,27,9,2014,7,17,49,1,2,2,US-50,VOLCANO RD,218,39.25004167,-81.30537222,0,12,6,1,2,3,0,1,1,1,0,1,0,0000000,17,49,18,9,18,43,0,0,0,1,0
54,540169,2,2,0,0,0,2,2,99,460,30,9,2014,3,6,0,0,15,4,CR-3,,18,38.38179444,-82.56238611,0,12,2,0,1,1,0,1,2,5,0,5,0,0000000,99,99,99,99,99,99,0,0,0,1,0
54,540170,2,2,0,0,0,2,2,109,2140,1,10,2014,4,16,48,0,3,3,SR-97,,224,37.58395556,-81.53660556,0,12,2,0,1,1,0,1,1,1,0,1,0,0000000,16,52,17,19,88,88,0,0,0,1,0
54,540171,1,1,0,0,0,1,1,49,840,20,9,2014,7,5,48,1,13,1,I-79,,1314,39.42556111,-80.197225,0,57,0,0,1,1,0,3,4,1,0,1,0,0000000,99,99,99,99,99,99,0,0,0,1,1
54,540172,2,2,0,0,0,2,2,35,1882,2,10,2014,5,17,0,0,4,3,SR-68,RITMORE DR,75,39.03333889,-81.77043333,0,12,6,0,2,2,0,1,1,1,0,1,0,0000000,17,2,17,8,17,44,0,0,0,1,0
54,540173,2,2,0,0,0,2,2,33,1520,2,10,2014,5,16,0,0,4,2,US-19,,51,39.1903,-80.432,0,51,0,0,1,1,0,1,1,1,0,1,0,0000000,88,88,88,88,88,88,0,0,0,1,0
54,540174,2,2,0,0,0,5,5,15,241,6,10,2014,2,18,41,0,4,3,SR-16,,107,38.38049444,-81.11284167,0,12,6,0,1,1,0,1,2,2,0,2,0,0000000,99,99,99,99,99,99,0,0,0,1,0
54,540175,1,1,0,0,0,1,1,75,706,6,10,2014,2,17,20,0,4,3,SR-28,,175,38.38832778,-79.86581111,0,1,0,0,1,1,0,4,1,2,0,2,0,0000000,17,32,17,46,18,6,0,0,0,1,1
54,540176,1,1,0,0,0,2,2,3,1170,7,10,2014,3,1,47,1,2,3,SR-9,,63,39.543,-77.989,0,34,0,0,1,1,0,4,2,2,0,2,0,0000000,88,88,88,88,88,88,0,0,0,2,1
54,540177,1,1,0,3,3,5,5,33,540,8,10,2014,4,7,5,0,16,6,HALL ST,NICHOLAS ST,0,39.27708611,-80.35955278,0,18,0,0,2,3,0,1,4,10,0,10,0,0000000,7,6,7,10,7,32,0,0,0,1,0
54,540178,1,1,0,1,1,1,1,39,510,9,10,2014,5,19,25,0,14,3,SR-61,,111,38.19518056,-81.49122778,0,8,0,0,1,1,0,1,5,1,0,1,0,0000000,19,31,19,38,20,3,0,0,0,1,0
54,540179,1,1,0,0,0,1,1,27,2191,20,10,2014,2,15,18,0,4,2,US-220,,79,39.30556111,-78.86943889,0,35,0,0,1,1,0,4,1,1,0,1,0,0000000,15,17,15,31,88,88,0,0,0,1,1
54,540181,1,1,0,0,0,2,2,67,2570,25,10,2014,7,20,20,0,6,4,CR-12,,26,38.30672222,-80.82250556,0,42,0,0,1,1,0,4,2,1,0,1,0,0000000,20,30,20,38,88,88,0,0,0,2,1
54,540182,1,1,0,0,0,1,1,35,1007,29,10,2014,4,14,40,0,6,4,CR-15,,56,38.71308333,-81.76213889,0,42,0,0,1,1,0,4,1,1,0,1,0,0000000,14,50,15,8,88,88,0,0,0,1,0
54,540183,1,1,0,1,1,2,2,37,2420,16,10,2014,5,15,8,0,6,4,CR-16/1,,9,39.40428333,-77.82961111,0,9,0,0,1,1,0,1,1,1,0,1,0,0000000,15,8,15,16,99,96,0,0,0,1,0
54,540184,1,1,0,1,1,1,1,55,260,27,10,2014,2,4,32,1,13,2,US-460,,17,37.24440833,-81.22398889,0,8,0,0,1,1,0,1,2,10,0,10,0,0000000,4,37,4,45,5,38,0,0,0,1,0
54,540185,2,2,0,0,0,3,3,55,2180,6,10,2014,2,14,14,0,14,3,SR-20,,110,37.42398056,-81.01606667,0,12,7,0,8,1,0,1,1,10,0,10,0,0000000,99,99,99,99,99,99,0,0,0,1,0
54,540186,2,2,0,0,0,2,2,29,1900,7,10,2014,3,14,46,1,2,3,SR-2,,86,40.40595556,-80.58852222,0,12,6,0,8,1,0,1,1,2,0,2,0,0000000,99,99,99,99,88,88,0,0,0,1,0
54,540187,3,3,0,0,0,4,4,79,2247,13,10,2014,2,5,40,0,4,3,SR-34,,263,38.55053889,-81.88454167,0,12,6,0,8,1,0,1,2,1,0,1,0,0000000,5,48,6,15,99,99,0,0,0,1,0
54,540188,2,2,0,0,0,8,8,1,2110,21,10,2014,3,21,0,0,3,2,US-250,CR-250/6,125,39.10586111,-79.99486111,0,12,6,0,2,2,0,1,2,2,0,2,0,0000000,99,99,99,99,88,88,0,0,0,3,0
54,540189,2,2,0,0,0,2,2,39,480,23,10,2014,5,13,9,1,11,1,I-77,,1020,38.3612,-81.6271,0,12,1,0,1,1,0,1,1,10,0,10,0,0000000,13,11,13,15,13,38,0,0,0,1,0
54,540190,2,2,0,0,0,2,2,107,2670,23,10,2014,5,17,23,0,14,4,CR-14/16,,3,39.31595556,-81.52628056,0,12,6,0,1,1,0,1,1,1,0,1,0,0000000,17,25,17,42,18,15,0,0,0,1,0
54,540191,2,2,0,0,0,3,3,99,0,23,10,2014,5,8,45,1,13,2,US-60,,25,38.39624444,-82.55377778,0,12,1,0,8,1,0,1,1,1,0,1,0,0000000,8,47,8,50,99,99,0,0,0,1,0
54,540192,1,1,0,0,0,2,2,43,2525,30,8,2014,7,23,13,0,5,4,CR-46,,0,38.12990556,-82.03355,0,35,0,0,1,1,0,4,2,10,0,10,0,0000000,99,99,99,99,99,99,0,0,0,1,1
54,540193,1,1,0,0,0,2,2,1,2110,8,9,2014,2,22,32,0,16,6,PIKE ST,,0,39.15165556,-80.06003056,0,34,0,0,1,1,0,4,2,10,0,10,0,0000000,99,99,99,99,88,88,0,0,0,1,1
54,540194,2,1,1,1,1,2,2,35,1348,8,10,2014,4,6,23,1,2,1,I-77,,1190,38.60571944,-81.63754444,0,14,0,0,1,1,0,4,2,1,0,1,0,0000000,88,88,88,88,88,88,0,0,0,1,0
54,540195,1,1,0,0,0,1,1,33,0,8,9,2014,2,6,40,1,1,1,I-79,,1120,39.19283333,-80.32530556,0,26,0,0,1,1,0,3,4,1,0,1,0,0000000,88,88,88,88,88,88,0,0,0,1,0
54,540196,2,2,0,0,0,3,3,103,1930,12,10,2014,1,0,24,0,14,3,SR-7,,3,39.63019722,-80.84884444,0,5,0,0,1,1,0,1,2,1,0,1,0,0000000,99,99,99,99,88,88,0,0,0,1,1
54,540197,2,2,0,0,0,2,2,101,2725,16,10,2014,5,7,7,0,4,3,SR-15,CR-15/3,224,38.46788889,-80.37206389,0,12,6,0,2,4,0,1,4,10,5,5,0,0000000,7,13,7,17,7,43,0,0,0,1,0
54,540198,1,1,0,1,1,1,1,37,1140,18,10,2014,7,20,15,1,2,2,US-340,HALLTOWN RD,109,39.30584722,-77.80761944,0,8,0,0,2,99,0,1,2,1,0,1,0,0000000,20,18,20,24,20,41,0,0,0,1,1
54,540199,2,2,0,0,0,2,2,81,170,21,10,2014,3,19,11,1,1,1,I-77,,510,37.8775,-81.2663,0,35,0,0,1,1,0,4,2,2,0,2,0,0000000,19,11,19,21,19,45,0,0,0,1,0
54,540200,3,3,0,0,0,4,4,37,2420,1,11,2014,7,19,14,0,3,3,SR-45,,12,39.44061389,-77.85002778,0,53,0,0,1,1,0,4,2,1,0,1,0,0000000,19,15,19,20,19,43,0,0,0,1,1
54,540201,1,1,0,0,0,1,1,103,0,1,11,2014,7,4,40,1,13,3,SR-2,,71,39.63705556,-80.85770556,0,30,0,0,1,1,0,4,2,2,0,2,0,0000000,99,99,99,99,88,88,0,0,0,1,0
54,540202,2,2,0,0,0,3,3,61,1840,2,11,2014,1,0,50,0,14,4,CR-857,,44,39.63536111,-79.92535,0,12,2,0,1,1,0,1,2,1,0,1,0,0000000,0,28,1,5,2,4,0,0,0,1,1
54,540203,1,1,0,0,0,2,2,91,2608,31,8,2014,1,12,50,0,3,2,US-50,,167,39.34406944,-79.94635,0,35,0,0,1,1,0,4,1,1,0,1,0,0000000,13,22,13,46,14,27,0,0,0,1,0
54,540204,1,1,0,0,0,1,1,7,0,29,10,2014,4,2,0,1,1,1,I-79,,640,38.68586111,-80.70031111,0,24,0,0,1,1,0,4,2,2,0,2,0,0000000,99,99,99,99,99,99,0,0,0,1,0
54,540205,2,2,0,0,0,2,2,19,1436,7,11,2014,6,11,29,1,2,2,US-19,FAYETTE MINE RD,162,38.07321111,-81.07448333,0,12,6,0,2,2,0,1,1,2,0,2,0,0000000,11,32,11,36,11,57,0,0,0,1,0
54,540206,1,1,0,0,0,1,1,7,0,14,11,2014,6,22,29,0,4,3,SR-4,,179,38.66615278,-80.7781,0,32,0,0,1,1,0,4,2,1,0,1,0,0000000,99,99,99,99,88,88,0,0,0,1,1
54,540207,1,1,0,0,0,1,1,61,2800,15,11,2014,7,1,32,1,11,1,I-79,,1534,39.64404444,-80.00641111,0,32,0,0,1,1,0,3,3,1,0,1,0,0000000,99,99,99,99,99,99,0,0,0,1,1
54,540208,1,1,0,0,0,1,1,53,1465,16,11,2014,1,19,20,0,5,4,CR-3,,30,38.96931389,-81.97701111,0,30,0,0,1,1,0,4,2,2,0,2,0,0000000,99,99,99,99,99,99,0,0,0,1,0
54,540209,1,1,0,0,0,2,2,107,2040,17,11,2014,2,16,45,1,13,2,US-50,,54,39.2575,-81.4845,0,35,0,0,1,1,0,3,1,2,0,2,0,0000000,99,99,99,99,99,99,0,0,0,1,0
54,540210,1,1,0,0,0,1,1,15,704,18,11,2014,3,13,48,0,4,3,SR-16,,361,38.56932778,-81.02600556,0,1,0,0,1,1,0,4,1,10,0,10,0,0000000,16,15,99,99,99,99,18,0,0,1,0
54,540211,1,1,0,0,0,1,1,25,40,20,11,2014,5,15,30,0,4,4,CR-25,,78,37.75388889,-80.62916944,0,35,0,0,1,1,0,4,1,1,0,1,0,0000000,99,99,99,99,88,88,0,0,0,1,1
54,540212,1,1,0,0,0,2,2,79,2145,23,11,2014,1,15,15,0,5,8,COAL HOLLOW RD,,0,99.99990000,999.99990000,0,1,0,0,1,1,0,5,1,10,0,10,0,0000000,15,21,15,27,16,15,0,0,0,1,1
54,540213,1,1,0,0,0,1,1,1,327,30,11,2014,1,17,30,0,6,4,CR-16,,45,39.23111111,-80.14083056,0,42,0,0,1,1,0,4,2,1,0,1,0,0000000,17,35,17,48,99,96,0,0,0,1,0
54,540214,2,2,0,0,0,5,5,11,2392,10,11,2014,2,11,15,0,3,3,SR-10,,15,38.33439722,-82.2632,0,12,2,0,1,1,0,1,1,1,0,1,0,0000000,11,18,11,27,12,7,0,0,0,1,0
54,540215,4,4,0,0,0,4,4,61,2800,19,11,2014,4,9,59,1,11,1,I-79,,1524,39.71756944,-80.06143889,0,12,2,0,1,1,0,1,1,1,0,1,0,0000000,10,2,10,3,10,21,0,0,0,1,0
54,540216,1,1,0,1,1,1,1,37,1140,23,11,2014,1,0,1,0,6,4,CR-340/12,,4,39.31023056,-77.80233333,0,8,0,0,1,1,0,1,2,1,0,1,0,0000000,88,88,88,88,88,88,0,0,0,1,0
54,540217,2,2,0,0,0,3,3,3,1307,23,11,2014,1,18,32,1,11,1,I-81,,54,39.36719167,-78.04324722,0,12,6,0,1,1,0,1,2,1,0,1,0,0000000,99,99,99,99,99,99,0,0,0,2,0
54,540218,1,1,0,0,0,1,1,31,2710,24,11,2014,2,5,52,0,2,3,SR-55,,384,39.08473333,-78.58991389,0,42,0,0,1,1,0,4,2,2,0,2,0,0000000,99,99,99,99,99,99,0,0,0,1,0
54,540219,2,1,1,0,0,1,1,79,1280,28,11,2014,6,17,9,0,16,4,CR-32,,30,38.45726111,-81.93723056,0,43,0,0,1,1,0,4,1,10,0,10,0,0000000,99,99,99,99,88,88,0,0,0,1,1
54,540220,2,2,0,0,0,2,2,3,1660,29,11,2014,7,6,25,1,11,1,I-81,,190,39.5299,-77.92461111,0,25,0,0,1,1,0,3,2,4,0,4,0,0000000,99,99,99,99,99,99,0,0,0,1,0
54,540221,1,1,0,0,0,1,1,59,0,13,11,2014,5,12,55,1,2,2,US-52,,214,37.67406111,-82.28188056,0,18,0,0,1,1,0,4,1,10,0,10,0,0000000,99,99,99,99,99,99,0,0,0,1,0
54,540222,1,1,0,0,0,1,1,85,2105,2,12,2014,3,21,0,0,6,4,CR-11,,35,39.18906944,-81.27088611,0,42,0,0,1,1,0,4,2,2,0,2,0,0000000,99,99,99,99,88,88,0,0,0,1,1
54,540223,1,1,0,0,0,2,2,81,2569,5,12,2014,6,0,7,0,3,3,SR-3,,261,37.77150833,-81.32919444,0,42,0,0,1,1,0,4,2,2,0,2,0,0000000,99,99,99,99,88,88,0,0,0,2,1
54,540224,1,1,0,1,1,1,1,3,1660,6,12,2014,7,23,8,1,2,3,SR-9,,91,39.51805278,-77.97643889,0,8,0,0,1,1,0,2,2,1,0,1,0,0000000,88,88,88,88,88,88,0,0,0,1,1
54,540225,1,1,0,0,0,2,2,39,480,6,12,2014,7,22,0,1,11,1,I-64,,580,38.35465556,-81.65231111,0,1,0,0,1,1,0,1,2,10,0,10,0,0000000,22,3,22,8,22,15,0,0,0,1,0
54,540226,1,1,0,0,0,2,2,19,890,8,12,2014,2,17,5,0,14,3,SR-16,,152,38.06088333,-81.10614167,0,42,0,0,1,1,0,4,5,10,0,10,0,0000000,99,99,99,99,99,99,0,0,0,1,0
54,540227,1,1,0,0,0,1,1,43,305,9,12,2014,3,12,9,0,6,4,CR-50/2,,14,38.16458611,-82.26241389,0,38,0,0,1,1,0,4,1,10,0,10,0,0000000,99,99,99,99,88,88,0,0,0,1,0
54,540228,1,1,0,0,0,1,1,15,246,12,12,2014,6,5,45,1,1,1,I-79,,400,38.60376667,-81.03131111,0,1,0,0,1,1,0,3,2,1,0,1,0,0000000,5,52,6,10,88,88,0,0,0,1,0
54,540229,1,1,0,0,0,1,1,5,2302,4,12,2014,5,21,55,0,4,4,CR-1,,28,38.13463611,-81.75902778,0,34,0,0,1,1,0,4,2,10,0,10,0,0000000,99,99,99,99,88,88,0,0,0,1,1
54,540230,1,1,0,0,0,1,1,79,1765,13,12,2014,7,9,0,0,6,4,CR-26/2,,12,38.57157778,-81.94143333,0,35,0,0,1,1,0,4,1,3,0,3,0,0000000,99,99,99,99,88,88,0,0,0,1,0
54,540231,1,1,0,1,1,1,1,11,1270,17,12,2014,4,19,12,0,13,2,US-60,,57,38.41718611,-82.46291944,0,8,0,0,8,1,0,1,1,10,0,10,0,0000000,19,12,19,12,19,25,0,0,0,1,0
54,540232,1,1,0,0,0,1,1,99,2720,19,12,2014,6,14,13,0,5,4,CR-17/4,,23,38.23096944,-82.42124167,0,42,0,0,1,1,0,5,1,10,0,10,0,0000000,99,99,99,99,88,88,0,0,0,1,0
54,540233,1,1,0,0,0,1,1,103,0,21,12,2014,1,22,31,0,3,3,SR-20,,164,39.56107778,-80.68888889,0,42,0,0,1,1,0,4,2,1,0,1,0,0000000,99,99,99,99,88,88,0,0,0,1,1
54,540234,1,1,0,0,0,2,2,83,1290,26,12,2014,6,11,43,1,2,2,US-219,,208,38.71354722,-79.9795,0,35,0,0,1,1,0,4,1,1,0,1,0,0000000,11,56,12,22,12,43,0,0,0,1,0
54,540235,1,1,0,0,0,1,1,57,2120,26,12,2014,6,16,44,0,4,3,SR-46,,75,39.481525,-79.04691111,0,32,0,0,1,1,0,4,1,1,0,1,0,0000000,16,57,17,3,88,88,0,0,0,1,0
54,540236,1,1,0,0,0,1,1,71,2565,27,12,2014,7,12,25,0,4,4,CR-21,,72,38.48368889,-79.32911944,0,30,0,0,1,1,0,4,1,1,0,1,0,0000000,88,88,88,88,88,88,0,0,0,1,1
54,540237,2,2,0,0,0,2,2,81,165,2,12,2014,3,14,12,1,1,1,I-64,,1378,37.78200278,-80.96029444,0,12,1,0,1,1,0,1,1,10,2,2,0,0000000,99,99,99,99,88,88,0,0,0,1,0
54,540238,2,2,0,0,0,3,3,11,130,5,12,2014,6,1,12,1,11,1,I-64,,197,38.41526667,-82.27475556,0,12,2,1,18,1,0,1,2,10,0,10,0,0000000,1,16,1,25,1,55,0,0,0,3,1
54,540239,2,2,0,0,0,7,7,35,2310,6,12,2014,7,8,24,1,1,1,I-77,,1420,38.88142778,-81.74104722,0,57,0,0,1,1,0,3,1,2,0,2,0,0000000,99,99,99,99,99,99,0,0,0,5,0
54,540240,1,1,0,0,0,3,3,107,2327,17,12,2014,4,22,43,0,6,4,CR-46/5,,3,39.11327222,-81.59528333,0,1,0,0,1,1,0,4,2,10,0,10,0,0000000,99,99,99,99,99,99,0,0,0,2,0
54,540241,2,2,0,0,0,4,4,53,105,22,12,2014,2,18,43,1,2,3,SR-2,,70,38.86680556,-81.88188889,0,12,6,0,8,1,0,1,2,1,0,1,0,0000000,99,99,99,99,99,99,0,0,0,1,0
54,540242,2,2,0,0,0,4,4,97,340,23,12,2014,3,13,52,0,4,3,SR-20,,224,38.95318056,-80.2477,0,12,2,0,1,1,0,1,1,1,0,1,0,0000000,13,54,14,3,14,25,0,0,0,1,0
54,540243,7,6,1,0,0,13,13,77,0,19,12,2014,6,21,24,1,1,1,I-68,,170,39.65183889,-79.70043611,0,12,6,0,1,1,0,1,2,10,0,10,0,0000000,99,99,99,99,99,99,0,0,0,1,0
54,540244,2,2,0,0,0,2,2,47,3003,28,12,2014,1,15,51,1,2,3,SR-83,,167,37.31791111,-81.7126,0,12,2,0,1,1,0,1,1,10,0,10,0,0000000,99,99,99,99,99,99,0,0,0,1,0
54,540245,4,4,0,0,0,6,6,3,864,26,3,2014,4,8,43,1,11,1,I-81,,223,39.56316944,-77.89647222,0,25,0,0,1,1,0,3,1,4,11,4,0,0000000,8,54,9,10,10,30,0,0,0,2,0
54,540246,2,2,0,0,0,2,2,3,864,26,3,2014,4,8,43,1,11,1,I-81,,223,39.5634,-77.89617222,0,12,1,0,1,1,0,1,1,4,11,4,0,0000000,88,88,88,88,88,88,0,0,0,1,0
55,550001,1,1,0,0,0,2,2,109,0,1,1,2014,4,5,10,0,14,4,CR-A,,0,45.0994,-92.558775,0,1,0,0,1,1,0,4,2,10,0,10,0,0000000,5,21,5,26,88,88,0,0,0,1,1
55,550002,1,1,0,0,0,1,1,19,0,7,1,2014,3,19,1,0,3,3,SR-73,,0,44.49506389,-90.47149444,0,1,0,0,1,1,0,4,2,1,0,1,0,0000000,7,8,7,24,88,88,0,0,0,1,1
55,550003,1,1,0,0,0,2,2,79,3100,9,1,2014,5,2,35,0,13,3,SR-59 / NATIONAL AVE W,,0,43.02199722,-87.95164722,0,30,0,0,1,1,0,4,3,1,0,1,0,0000000,2,37,2,42,3,25,0,0,0,1,1
55,550004,2,2,0,0,0,3,3,5,0,10,1,2014,6,14,14,0,3,3,SR-48,,0,45.57676111,-91.60143056,0,12,7,0,1,1,0,1,1,1,0,1,0,0000000,14,19,14,25,88,88,0,0,0,1,0
55,550005,1,1,0,2,2,1,1,95,0,11,1,2014,7,18,26,0,4,4,CR-E,,0,45.51506389,-92.28421944,0,8,0,0,1,1,0,1,2,10,0,10,0,0000000,18,28,18,49,88,88,0,0,0,2,0
55,550006,1,1,0,0,0,1,1,87,0,12,1,2014,1,0,31,0,4,4,CR-A,,0,44.35419167,-88.45562778,0,1,0,0,1,1,0,4,2,1,0,1,0,0000000,0,32,0,46,88,88,0,0,0,1,0
55,550007,2,2,0,0,0,3,3,85,0,14,1,2014,3,13,10,1,2,2,US-51,,0,45.67218611,-89.71408333,0,12,6,0,1,1,0,1,1,4,0,4,0,0000000,13,16,13,23,88,88,0,0,0,3,0
55,550008,2,2,0,0,0,2,2,31,0,8,1,2014,4,12,52,0,5,4,CR-Y,,0,46.24626389,-91.85573333,0,12,6,0,1,1,0,2,1,1,0,1,0,0000000,12,52,13,23,99,99,0,0,0,1,0
55,550009,1,1,0,1,1,1,1,79,3100,9,1,2014,5,13,30,1,13,3,SR-32 / FARWELL AVE N,NORTH AVE E,0,43.06012778,-87.885325,0,8,0,0,2,7,0,1,1,10,0,10,0,0000000,99,99,99,99,99,99,0,0,0,1,0
55,550010,2,2,0,0,0,2,2,139,0,15,1,2014,4,8,29,0,3,3,SR-76,,0,44.17323056,-88.54404444,0,12,6,0,1,1,0,1,1,10,0,10,0,0000000,8,30,8,40,88,88,0,0,0,1,0
55,550011,1,1,0,1,1,3,3,25,2780,16,1,2014,5,10,27,0,16,6,MENDOTA CT,LAKE ST N,0,43.07664167,-89.39704167,0,8,0,0,3,3,0,1,1,4,0,4,0,0000000,10,28,10,32,10,56,0,0,0,1,0
55,550012,1,1,0,0,0,1,1,59,2400,15,1,2014,4,13,40,1,11,1,I-94 RAMP,71ST ST,0,42.57145,-87.95338889,0,46,0,1,5,1,0,3,1,10,0,10,0,0000000,13,41,13,47,88,88,0,0,0,1,0
55,550013,1,1,0,0,0,2,2,81,0,18,1,2014,7,23,57,0,6,5,DESOTO AVE,,0,44.06578333,-90.52888333,0,30,0,0,1,1,0,4,2,1,0,1,0,0000000,23,59,0,18,0,49,0,0,0,1,1
55,550014,1,1,0,0,0,2,2,27,0,19,1,2014,1,9,0,0,4,4,CR-M,,0,43.31327222,-88.70491389,0,46,0,0,1,1,0,4,1,1,0,1,0,179114K,9,2,9,13,99,99,0,0,0,1,0