STATE,ST_CASE,VE_TOTAL,VE_FORMS,PVH_INVL,PEDS,PERNOTMVIT,PERMVIT,PERSONS,COUNTY,CITY,DAY,MONTH,YEAR,DAY_WEEK,HOUR,MINUTE,NHS,ROAD_FNC,ROUTE,TWAY_ID,TWAY_ID2,MILEPT,LATITUDE,LONGITUD,SP_JUR,HARM_EV,MAN_COLL,RELJCT1,RELJCT2,TYP_INT,WRK_ZONE,REL_ROAD,LGT_COND,WEATHER1,WEATHER2,WEATHER,SCH_BUS,RAIL,NOT_HOUR,NOT_MIN,ARR_HOUR,ARR_MIN,HOSP_HR,HOSP_MN,CF1,CF2,CF3,FATALS,DRUNK_DR
55,550015,2,2,0,0,0,2,2,105,2320,21,1,2014,3,6,30,1,11,1,I-39,,1712,42.73086944,-89.00007778,0,12,6,0,1,1,0,1,4,11,0,11,0,0000000,6,31,6,39,7,13,0,0,0,1,0
55,550016,1,1,0,0,0,4,4,79,3100,16,1,2014,5,1,24,1,13,3,SR-190,,0,43.08972778,-87.95488889,0,33,0,0,1,1,0,3,3,10,0,10,0,0000000,1,25,99,99,88,88,0,0,0,1,0
55,550017,1,1,0,0,0,3,3,67,0,24,1,2014,6,21,5,0,4,5,PICKEREL LAKE RD,,0,45.41053889,-88.93666111,0,1,0,0,1,1,0,4,2,4,0,4,0,0000000,21,5,21,30,88,88,0,0,0,3,1
55,550018,2,2,0,1,1,1,1,131,0,23,1,2014,5,15,44,0,4,4,CR-A,,0,43.46905833,-88.05870833,0,12,1,0,1,1,0,1,1,1,0,1,0,0000000,15,52,15,56,99,99,15,0,0,1,0
55,550019,1,1,0,1,1,1,1,95,0,26,1,2014,1,2,13,0,3,3,SR-35,,0,45.55830556,-92.488825,0,8,0,0,1,1,0,1,2,4,0,4,0,0000000,2,13,2,24,88,88,0,0,0,1,1
55,550020,1,1,0,1,1,1,1,117,0,27,1,2014,2,18,23,0,2,3,SR-57,SR-144,0,43.56480833,-87.94131111,0,8,0,0,2,3,0,1,3,6,0,6,0,0000000,18,24,18,32,88,88,0,0,0,1,0
55,550021,2,2,0,0,0,2,2,31,0,29,1,2014,4,12,52,1,2,2,US-53,BUS HWY 53,0,46.31984444,-91.81252222,0,12,6,0,2,2,0,1,1,1,0,1,0,0000000,12,52,13,0,88,88,0,0,0,1,0
55,550022,1,1,0,0,0,1,1,117,0,29,1,2014,4,19,23,0,6,5,DEKKER RD,,0,43.62352778,-87.89251111,0,48,0,0,1,1,0,4,2,1,0,1,0,0000000,99,99,99,99,88,88,20,0,0,1,1
55,550023,2,2,0,0,0,3,3,27,0,30,1,2014,5,12,59,0,2,3,SR-33,,0,43.44461944,-88.73538889,0,12,2,0,1,1,0,1,1,11,0,11,0,0000000,13,5,99,99,99,99,0,0,0,1,0
55,550024,2,2,0,0,0,3,3,105,0,30,1,2014,5,14,49,0,2,2,US-14,,0,42.78808056,-89.29908333,0,12,6,0,1,1,0,1,1,11,0,11,0,0000000,14,49,15,3,16,30,0,0,0,1,0
55,550025,2,2,0,0,0,3,3,139,0,30,1,2014,5,21,53,0,3,3,SR-45,,0,43.96124722,-88.52017778,0,12,6,0,1,1,0,1,2,10,0,10,0,0000000,99,99,99,99,99,99,0,0,0,1,1
55,550026,2,2,0,0,0,2,2,71,0,23,1,2014,5,13,10,0,6,5,HILLTOP RD,HEMPTON LAKE RD,0,44.12384444,-87.84154444,0,12,6,0,2,2,0,1,1,1,0,1,0,0000000,99,99,99,99,99,99,0,0,0,1,0
55,550027,2,2,0,0,0,2,2,79,3100,10,1,2014,6,16,1,0,14,6,HOWELL AVE S,OHIO AVE E,0,42.98466667,-87.90574722,0,12,6,0,2,2,0,1,5,2,0,2,0,0000000,16,3,16,7,16,27,0,0,0,1,0
55,550028,1,1,0,0,0,1,1,5,0,24,1,2014,6,10,34,1,2,2,US-8,CR-M,0,45.40812778,-91.660275,0,1,0,0,1,1,0,4,1,10,0,10,0,0000000,99,99,99,99,99,99,0,0,0,1,0
55,550029,1,1,0,0,0,1,1,109,0,3,2,2014,2,10,58,0,6,5,150TH ST,,0,44.98355556,-92.49685,0,10,0,0,6,1,0,1,1,1,0,1,0,183850U,10,59,11,14,88,88,0,0,0,1,0
55,550030,1,1,0,0,0,3,3,71,0,4,2,2014,3,2,35,0,6,5,COUNTY LINE RD,,0,43.89166944,-87.82746389,0,31,0,0,1,1,0,5,2,10,0,10,0,0000000,2,42,3,3,99,99,0,0,0,2,1
55,550031,1,1,0,0,0,2,2,109,0,5,2,2014,4,11,58,0,4,2,US-12,,0,44.9653,-92.35351111,0,10,0,0,6,1,0,1,1,10,0,10,0,921289J,11,59,12,5,12,51,0,0,0,1,0
55,550032,2,2,0,0,0,2,2,25,0,6,2,2014,5,8,9,0,3,4,CR-N,,0,43.05066667,-89.19985556,0,12,2,0,1,1,0,1,1,1,0,1,0,0000000,99,99,99,99,99,99,0,0,0,1,0
55,550033,2,2,0,0,0,4,4,27,0,7,2,2014,6,13,33,0,3,3,SR-60,LEHMAN RD,0,43.32695833,-88.53421944,0,12,6,0,2,2,0,1,1,1,0,1,0,0000000,13,34,99,99,99,99,0,0,0,1,0
55,550034,2,2,0,0,0,3,3,85,0,14,2,2014,6,10,0,1,2,2,US-8,,0,45.56769722,-89.61964722,0,12,6,0,1,1,0,1,1,1,0,1,0,0000000,10,1,10,14,99,99,0,0,0,1,0
55,550035,1,1,0,1,1,2,2,79,3100,20,2,2014,5,7,2,0,13,6,NORTH AVE W,,0,43.06062778,-87.96383056,0,8,0,0,1,1,0,1,1,4,0,4,0,0000000,7,4,7,18,88,88,0,0,0,1,0
55,550036,2,2,0,0,0,2,2,35,1470,17,2,2014,2,16,56,0,15,4,CR-CC / FOLSOM ST W,,0,44.82878333,-91.55448333,0,12,6,0,8,1,0,1,1,4,0,4,0,0000000,99,99,99,99,99,99,0,0,0,1,1
55,550037,1,1,0,0,0,3,3,65,0,8,2,2014,7,11,45,1,2,2,US-151,,0,42.81210556,-90.25846389,0,23,0,0,1,1,0,3,1,4,0,4,0,0000000,11,45,99,99,99,99,0,0,0,1,0
55,550038,1,1,0,1,1,1,1,79,3100,24,2,2014,2,5,20,0,14,6,35TH ST N,HIGHLAND BLVD W,0,43.04445556,-87.95769444,0,8,0,0,2,2,0,1,3,1,0,1,0,0000000,5,21,5,25,88,88,0,0,0,1,0
55,550039,3,3,0,0,0,4,4,25,0,5,2,2014,4,7,40,0,13,2,US-51,,0,42.95287222,-89.2805,0,12,6,0,1,1,0,1,1,4,0,4,0,0000000,7,41,8,0,88,88,0,0,0,1,0
55,550040,1,1,0,0,0,1,1,111,0,2,3,2014,1,0,1,0,6,5,LEHMAN RD,,0,43.42731667,-89.78835556,0,43,0,0,1,1,0,5,2,10,0,10,0,0000000,1,3,1,11,88,88,0,0,0,1,1
55,550041,2,2,0,0,0,3,3,59,685,4,3,2014,3,8,35,0,4,4,CR-C / WILMOT RD,,0,42.53678056,-88.06510833,0,12,6,0,1,1,0,1,1,10,0,10,0,0000000,8,39,8,48,99,99,0,0,0,1,0
55,550042,1,1,0,0,0,2,2,105,0,9,3,2014,1,3,0,0,13,2,US-51,,0,42.54175,-89.03706389,0,53,0,0,1,1,0,5,3,10,0,10,0,0000000,3,6,99,99,88,88,0,0,0,2,1
55,550043,2,2,0,0,0,3,3,105,0,5,3,2014,4,12,46,0,3,3,SR-59,,0,42.78724722,-88.81976667,0,12,6,0,1,1,0,1,1,10,0,10,0,0000000,12,49,13,8,14,25,0,0,0,1,0
55,550044,2,2,0,0,0,6,6,55,2330,2,1,2014,5,16,0,0,16,9,WALMART ACCESS RD,,0,42.98948333,-88.80849444,0,12,2,0,1,1,0,1,1,10,0,10,0,0000000,16,0,16,4,99,99,0,0,0,1,0
55,550045,1,1,0,0,0,1,1,79,3100,9,3,2014,1,4,19,0,14,6,60TH ST N,,0,43.12546389,-87.98585,0,42,0,0,1,1,0,4,3,1,0,1,0,0000000,99,99,99,99,88,88,0,0,0,1,1
55,550046,2,2,0,0,0,2,2,71,0,16,2,2014,1,18,53,1,2,2,US-10,,0,44.15051944,-87.75018611,0,12,2,0,1,1,0,1,2,10,0,10,0,0000000,18,56,19,7,19,40,0,0,0,1,1
55,550047,2,2,0,0,0,3,3,139,0,19,2,2014,4,14,28,0,3,3,SR-44,,0,43.93215833,-88.70631667,0,12,2,0,1,1,0,1,1,1,0,1,0,0000000,14,28,14,42,99,99,0,0,0,1,0
55,550048,2,2,0,0,0,2,2,19,0,21,2,2014,6,8,30,1,2,3,SR-29,CR-O,0,44.94492778,-90.659125,0,12,6,0,2,2,0,1,1,10,0,10,0,0000000,8,32,8,50,88,88,0,0,0,1,0
55,550049,2,2,0,0,0,2,2,105,0,21,2,2014,6,9,35,1,2,3,SR-11,,0,42.67224722,-89.16795278,0,12,2,0,1,1,0,1,1,6,0,6,0,0000000,9,35,9,45,99,99,0,0,0,1,0
55,550050,2,2,0,0,0,7,7,25,0,21,2,2014,6,19,9,0,4,4,CR-P,CR-K,0,43.14946111,-89.59818056,0,12,6,0,2,2,0,1,2,1,0,1,0,0000000,19,17,19,20,99,99,0,0,0,1,0
55,550051,2,2,0,0,0,2,2,139,0,23,2,2014,1,16,5,0,5,6,FAIRVIEW RD,FIRENDSHIP RECREATION TRAIL,0,44.21418889,-88.57659722,0,12,6,0,2,2,0,1,1,1,0,1,0,0000000,16,9,16,27,16,52,0,0,0,1,0
55,550052,2,2,0,0,0,2,2,61,0,28,2,2014,6,16,20,0,5,4,CR-D,CR-K,0,44.588675,-87.50043889,0,12,6,0,2,2,0,1,1,4,0,4,0,0000000,16,25,16,37,17,37,0,0,0,1,0
55,550053,2,2,0,0,0,2,2,73,0,24,2,2014,2,7,7,0,4,4,CR-N,,0,44.94298611,-89.33760556,0,12,6,0,1,1,0,1,1,11,0,11,0,0000000,7,12,7,33,8,48,0,0,0,1,0
55,550054,1,1,0,1,1,1,1,79,5160,8,3,2014,7,15,16,0,13,3,SR-181,SCHLINGER AVE W,0,43.02393056,-88.01726667,0,8,0,0,2,2,0,1,1,1,0,1,0,0000000,15,16,15,23,15,37,0,0,0,1,0
55,550055,1,1,0,0,0,1,1,79,3100,9,3,2014,1,22,36,0,14,6,91ST ST N,,0,43.14954722,-88.02512222,0,33,0,0,1,1,0,4,3,1,0,1,0,0000000,99,99,99,99,99,99,0,0,0,1,1
55,550056,1,1,0,1,1,2,2,133,0,11,3,2014,3,6,28,0,3,3,SR-83,,0,43.19210833,-88.37921667,0,8,0,0,1,1,0,1,2,10,0,10,0,0000000,6,30,6,39,7,26,19,0,0,1,0
55,550057,2,2,0,0,0,2,2,25,4720,11,3,2014,3,1,59,1,12,2,US-151,,0,43.20054167,-89.19950833,0,12,2,0,1,1,0,1,2,1,0,1,0,0000000,2,3,2,15,88,88,0,0,0,1,1
55,550058,3,3,0,0,0,3,3,139,0,12,3,2014,4,16,35,0,3,3,SR-76,CR-G,0,44.14105556,-88.54388889,0,12,1,0,2,2,0,1,1,1,0,1,0,0000000,16,35,99,99,99,99,0,0,0,1,0
55,550059,2,2,0,0,0,3,3,137,0,13,3,2014,5,5,28,0,3,3,SR-22,CZECH CT,0,43.99326944,-89.32762778,0,12,6,0,2,2,0,1,2,1,0,1,0,0000000,5,31,5,40,6,6,0,0,0,1,0
55,550060,1,1,0,1,1,1,1,103,4090,15,3,2014,7,5,50,1,13,2,US-14,,0,43.32110278,-90.37665833,0,8,0,0,1,1,0,1,2,1,0,1,0,0000000,5,50,5,56,88,88,0,0,0,1,0
55,550061,2,2,0,0,0,4,4,105,440,16,3,2014,1,2,5,0,16,6,ROOSEVELT AVE,BLUFF ST,0,42.50528056,-89.04181111,0,12,6,0,2,2,0,1,3,10,0,10,0,0000000,2,6,2,12,2,50,0,0,0,1,1
55,550062,1,1,0,0,0,6,6,105,2320,17,3,2014,2,2,45,1,11,1,I-39 OFF RAMP,,1721,42.71831111,-88.98389444,0,59,0,1,5,1,0,4,2,10,0,10,0,0000000,2,46,2,54,3,25,0,0,0,1,1
55,550063,2,2,0,0,0,2,2,93,0,18,3,2014,3,21,32,0,2,2,US-63,,0,44.61475,-92.52137778,0,12,6,0,1,1,0,1,2,4,0,4,0,0000000,21,35,21,48,99,99,0,0,0,1,1
55,550064,2,2,0,0,0,3,3,15,0,21,3,2014,6,7,0,0,4,4,CR-PP,,0,44.12053611,-88.12861111,0,12,2,0,1,1,0,1,1,10,0,10,0,0000000,7,3,7,11,99,99,0,0,0,1,1
55,550065,1,1,0,0,0,2,2,25,0,22,3,2014,7,1,35,0,3,3,SR-19,,0,43.192,-89.39053889,0,31,0,0,1,1,0,4,2,1,0,1,0,0000000,1,45,99,99,99,99,0,0,0,2,1
55,550066,2,2,0,0,0,2,2,95,0,21,3,2014,6,10,19,0,3,3,SR-87,,0,45.57479167,-92.67169722,0,12,6,0,1,1,0,1,1,4,0,4,0,0000000,10,20,10,37,88,88,0,0,0,1,0
55,550067,1,1,0,0,0,1,1,71,0,24,3,2014,2,0,1,0,3,3,SR-42,NEWTONBURG RD,0,44.045825,-87.75787222,0,1,0,0,1,1,0,4,2,1,0,1,0,0000000,6,56,7,2,88,88,0,0,0,1,1
55,550068,2,2,0,0,0,5,5,25,0,22,3,2014,7,19,28,0,3,3,SR-73,CR-TT,0,43.2254,-89.06814167,0,12,2,0,2,3,0,1,2,1,0,1,0,0000000,99,99,99,99,99,99,0,0,0,1,1
55,550069,2,2,0,0,0,4,4,27,0,16,3,2014,1,12,15,0,3,3,SR-16,CR-T,0,43.33068333,-88.94231944,0,12,6,0,2,2,0,1,1,10,0,10,0,0000000,99,99,99,99,99,99,0,0,0,1,0
55,550070,1,1,0,0,0,1,1,133,0,26,3,2014,4,0,13,0,13,4,CR-MERRILL HILLS RD,,0,43.00244444,-88.29048056,0,42,0,0,1,1,0,4,2,10,0,10,0,0000000,0,29,0,37,88,88,0,0,0,1,1
55,550071,1,1,0,0,0,1,1,105,0,27,3,2014,5,7,17,1,2,3,SR-81,,0,42.52434722,-89.18371389,0,1,0,0,1,1,0,4,1,2,0,2,0,0000000,7,21,7,30,8,20,0,0,0,1,1
55,550072,3,2,1,0,1,2,3,79,5160,26,3,2014,4,16,21,0,14,6,LINCOLN AVE,80TH ST S,0,43.00276111,-88.01276111,0,12,6,0,2,2,0,1,1,1,0,1,0,0000000,16,23,16,27,16,57,0,0,0,1,0
55,550073,1,1,0,0,0,1,1,57,5430,24,3,2014,2,6,54,0,3,3,SR-33,,0,43.65593056,-90.22336389,0,53,0,0,1,1,0,4,1,1,0,1,0,0000000,99,99,99,99,99,99,0,0,0,1,0
55,550074,1,1,0,0,0,4,4,83,0,29,3,2014,7,2,24,0,4,4,CR-W,,0,45.24095556,-88.34553889,0,1,0,0,1,1,0,4,2,1,0,1,0,0000000,2,43,99,99,99,99,0,0,0,1,1
55,550075,1,1,0,1,1,1,1,79,3100,30,3,2014,1,17,40,0,16,6,12TH ST N,,0,43.08000833,-87.92607778,0,8,0,0,1,1,0,1,1,1,0,1,0,0000000,99,99,99,99,88,88,0,0,0,1,0
55,550076,1,1,0,1,1,0,0,79,3100,30,3,2014,1,20,16,0,15,6,118TH ST N,,0,43.12863889,-88.05904722,0,8,0,0,1,1,0,1,3,1,0,1,0,0000000,20,21,20,25,88,88,23,0,0,1,0
55,550077,1,1,0,0,0,2,2,133,0,23,3,2014,1,17,15,0,14,4,CR-I,,0,42.92805,-88.29833056,0,34,0,0,1,1,0,4,1,1,0,1,0,0000000,17,16,17,30,99,99,0,0,0,1,0
55,550078,3,3,0,0,0,4,4,79,3100,25,3,2014,3,11,40,0,14,6,35TH ST N,GARFIELD AVE W,0,43.05923611,-87.95754444,0,12,6,0,2,2,0,1,1,10,0,10,0,0000000,11,40,99,99,99,99,0,0,0,1,0
55,550079,1,1,0,0,0,2,2,9,2211,3,4,2014,5,13,35,0,16,6,PAMPERIN RD,,0,44.58501944,-88.07225833,0,72,0,0,8,1,0,1,1,10,0,10,0,0000000,13,36,13,42,99,99,0,0,0,1,0
55,550080,1,1,0,1,1,1,1,139,3620,11,4,2014,6,17,56,0,16,6,FOSTER ST,,0,44.01543056,-88.56435556,0,8,0,0,8,1,0,1,1,10,0,10,0,0000000,17,57,18,2,18,12,0,0,0,1,0
55,550081,1,1,0,0,0,1,1,139,0,14,4,2014,2,6,32,1,13,2,US-45,,0,44.07554167,-88.58526111,0,1,0,1,19,1,0,3,1,4,0,4,0,0000000,99,99,99,99,88,88,0,0,0,1,0
55,550082,2,2,0,0,0,5,5,87,0,16,4,2014,4,6,26,1,12,2,US-41,,0,44.28916944,-88.46640556,0,12,7,1,18,1,0,1,1,10,0,10,0,0000000,6,30,6,33,7,13,0,0,0,1,0
55,550083,1,1,0,0,0,1,1,101,0,20,4,2014,1,2,43,0,6,5,HILL VALLEY RD,,0,42.78477778,-88.27418333,0,34,0,0,1,1,0,4,2,1,0,1,0,0000000,2,43,2,50,88,88,0,0,0,1,1
55,550084,3,3,0,0,0,3,3,105,0,20,4,2014,1,19,57,0,13,2,US-14,,0,42.70884444,-88.95803056,0,12,2,0,1,1,0,1,5,1,0,1,0,0000000,19,57,20,3,20,27,0,0,0,2,0
55,550085,2,2,0,0,0,2,2,123,0,21,4,2014,2,20,1,0,2,3,SR-35,,0,43.705425,-91.21307222,0,12,2,0,1,1,0,2,1,1,0,1,0,0000000,20,4,20,13,99,99,0,0,0,1,0
55,550086,2,2,0,0,0,2,2,133,5060,14,4,2014,2,15,25,1,13,2,US-18,JENNIFER LN,0,43.02530556,-88.20348611,0,12,6,0,8,1,0,1,1,1,0,1,0,0000000,15,25,15,31,16,0,0,0,0,1,0
55,550087,2,2,0,0,0,4,4,97,0,21,4,2014,2,16,47,0,3,3,SR-66,CR-PP,0,44.473825,-89.64316667,0,12,6,0,8,1,0,1,1,10,0,10,0,0000000,16,50,16,57,88,88,0,0,0,2,0
55,550088,2,2,0,0,0,3,3,133,0,23,4,2014,4,7,25,1,13,4,CR-DE,,0,42.98873889,-88.36210833,0,12,6,0,1,1,0,1,1,1,0,1,0,0000000,7,27,7,35,99,99,0,0,0,2,0
55,550089,2,2,0,0,0,3,3,59,0,24,4,2014,5,22,47,1,11,1,I-94,,3414,42.60837222,-87.95211944,0,12,1,0,1,1,1,1,2,3,12,3,0,0000000,22,49,23,11,99,99,3,26,0,2,0
55,550090,3,3,0,0,0,6,6,79,3100,25,4,2014,6,13,41,0,14,6,60TH ST N,,0,43.11324722,-87.98623333,0,30,0,0,1,1,0,3,1,1,0,1,1,0000000,13,41,99,99,99,99,0,0,0,1,0
55,550091,1,1,0,0,0,1,1,139,0,26,4,2014,7,17,19,0,6,5,9TH ST RD,,0,44.01145833,-88.74697778,0,42,0,0,1,1,0,4,1,1,0,1,0,0000000,17,21,17,31,88,88,0,0,0,1,1
55,550092,1,1,0,0,0,2,2,9,412,27,4,2014,1,17,25,1,11,1,I-43 RAMP,SR-172,1807,44.45494167,-87.96637778,0,1,0,1,19,1,0,8,1,10,0,10,0,0000000,17,25,17,39,99,99,0,0,0,1,1
55,550093,2,1,1,0,0,2,2,131,4089,25,4,2014,6,2,30,1,13,3,SR-164,,0,43.19761389,-88.26143056,0,34,0,0,1,1,0,4,2,2,0,2,0,0000000,2,38,2,54,88,88,0,0,0,2,1
55,550094,2,2,0,0,0,2,2,53,0,28,4,2014,2,10,40,0,3,3,SR-54,ELLIS RD,0,44.34191111,-90.37673611,0,12,6,0,2,2,0,1,1,2,0,2,0,0000000,10,40,10,44,88,88,0,0,0,1,0
55,550095,2,2,0,0,0,2,2,123,0,29,4,2014,3,15,15,0,2,3,SR-35,,0,43.62990833,-91.22096389,0,12,2,0,1,1,0,1,1,2,0,2,0,0000000,15,21,99,99,99,99,0,0,0,2,0
55,550096,2,2,0,0,0,4,4,139,3620,25,4,2014,6,11,58,0,15,6,HARRISON ST,NEVADA AVE,0,44.03581389,-88.53511667,0,12,6,0,2,7,0,1,1,10,0,10,0,0000000,99,99,99,99,99,99,0,0,0,1,0
55,550097,1,1,0,0,0,1,1,113,0,21,4,2014,2,21,21,0,4,4,CR-B,CR-NN,0,45.98996389,-91.33158889,0,11,0,0,2,3,0,1,2,1,0,1,0,0000000,21,21,99,99,99,99,0,0,0,1,0
55,550098,2,2,0,0,0,2,2,25,1724,4,5,2014,1,18,46,0,14,6,MCCOY RD,,0,43.02255833,-89.383575,0,59,0,0,1,1,0,4,1,1,0,1,0,0000000,18,48,99,99,99,99,0,0,0,1,1
55,550099,1,1,0,0,0,1,1,133,5060,4,5,2014,1,9,44,1,13,3,SR-164,,0,43.01503611,-88.20041111,0,33,0,0,1,1,0,4,1,10,0,10,0,0000000,9,45,9,47,88,88,0,0,0,1,0
55,550100,1,1,0,0,0,1,1,1,0,1,5,2014,5,12,46,0,4,4,CR-Z,,0,44.22516111,-89.86785556,0,42,0,0,1,1,0,4,1,2,0,2,0,0000000,12,48,13,1,88,88,0,0,0,1,0
55,550101,2,2,0,0,0,2,2,121,180,3,5,2014,7,17,55,0,6,5,2ND ST,,0,44.256075,-91.51069444,0,12,1,0,1,1,0,1,1,1,0,1,0,0000000,88,88,88,88,88,88,0,0,0,1,0
55,550102,1,1,0,0,0,1,1,9,2000,8,5,2014,5,15,22,0,16,6,RAMADA LN,BROCOIN WAY,0,44.51786944,-88.10634167,0,33,0,0,3,10,0,4,1,10,0,10,0,0000000,15,23,15,26,16,10,0,0,0,1,0
55,550103,2,2,0,0,0,5,5,79,2015,4,5,2014,1,15,20,0,14,3,SR-36,33RD ST S,0,42.97605,-87.95486389,0,12,6,0,2,2,0,1,1,10,0,10,0,0000000,15,20,15,25,15,53,0,0,0,1,0
55,550104,3,3,0,0,0,3,3,47,0,7,5,2014,4,6,47,0,3,3,SR-49,,0,43.92464444,-88.94655556,0,12,2,0,1,1,0,1,1,10,0,10,0,0000000,6,47,6,56,99,99,0,0,0,1,0
55,550105,1,1,0,0,0,1,1,103,0,10,5,2014,7,2,42,0,4,3,SR-56,,0,43.50073333,-90.64118611,0,35,0,0,1,1,0,4,3,1,0,1,0,0000000,2,44,2,56,3,19,0,0,0,1,1
55,550106,1,1,0,0,0,1,1,78,0,10,5,2014,7,11,26,0,3,3,SR-55,,0,44.90170556,-88.68126944,3,34,0,0,1,1,0,4,1,1,0,1,0,0000000,99,99,99,99,99,96,0,0,0,1,0
55,550107,1,1,0,0,0,2,2,25,0,10,5,2014,7,17,26,0,6,5,HILLSIDE RD,,0,42.92611944,-89.04276111,0,1,0,0,1,1,0,4,1,1,0,1,0,0000000,17,34,17,46,88,88,0,0,0,1,0
55,550108,1,1,0,0,0,1,1,97,0,11,5,2014,1,1,29,1,2,3,SR-54,,0,44.45133611,-89.58565278,0,1,0,0,1,1,0,4,2,2,0,2,0,0000000,1,42,1,58,88,88,0,0,0,1,1
55,550109,1,1,0,0,0,2,2,105,0,11,5,2014,1,2,20,0,6,5,HOPKINS RD,,0,42.52330278,-89.34652778,0,42,0,0,1,1,0,4,2,10,0,10,0,0000000,99,99,99,99,99,99,0,0,0,1,1
55,550110,2,2,0,0,0,2,2,101,795,11,5,2014,1,16,22,0,5,4,CR-V,CR-G,0,42.80761111,-87.93418611,0,12,6,0,2,2,0,1,1,1,0,1,0,0000000,16,23,16,29,17,19,0,0,0,1,1
55,550111,1,1,0,0,0,1,1,87,0,13,5,2014,3,16,17,0,3,3,SR-96,,0,44.27211389,-88.71261111,0,51,0,0,1,1,0,1,1,10,0,10,0,0000000,16,18,16,33,88,88,0,0,0,1,0
55,550112,1,1,0,0,0,3,3,79,3100,15,5,2014,5,8,18,0,13,3,SR-57,,0,43.10033333,-87.92672222,0,42,0,0,1,1,0,4,1,2,0,2,0,0000000,8,18,8,24,8,49,0,0,0,1,0
55,550113,1,1,0,0,0,2,2,13,0,16,5,2014,6,3,15,0,4,4,CR-FF,,0,45.93948056,-92.43646111,0,42,0,0,1,1,0,4,2,10,0,10,0,0000000,99,99,99,99,99,99,0,0,0,1,1
55,550114,1,1,0,0,0,2,2,97,0,17,5,2014,7,0,17,1,2,3,SR-54,,0,44.42414722,-89.70961944,0,1,0,0,1,1,0,4,2,1,0,1,0,0000000,0,17,99,99,99,99,0,0,0,1,1
55,550115,1,1,0,0,0,1,1,79,1921,17,5,2014,7,19,31,1,1,1,I-43,,810,43.15542222,-87.9158,0,42,0,0,1,1,0,4,1,1,0,1,0,0000000,99,99,99,99,88,88,0,0,0,1,1
55,550116,2,2,0,0,0,4,4,141,0,17,5,2014,7,20,22,0,3,3,SR-73,CR-Z,0,44.30924444,-89.88340556,0,12,6,0,2,3,0,1,1,1,0,1,0,0000000,20,22,20,26,99,96,0,0,0,1,2
55,550117,2,2,0,0,0,2,2,79,3100,18,5,2014,1,3,45,0,13,4,CR-43RD ST N,KIEHNAU AVE W,0,43.13675,-87.96599722,0,12,1,0,3,3,0,1,3,1,0,1,0,0000000,3,47,3,52,88,88,0,0,0,1,2
55,550118,1,1,0,0,0,1,1,133,3740,19,5,2014,2,14,49,0,16,5,BADINGER RD,,0,43.03701389,-88.21831944,0,30,0,0,1,1,0,4,1,1,0,1,0,0000000,14,49,14,54,99,99,0,0,0,1,0
55,550119,2,2,0,0,0,2,2,111,0,13,5,2014,3,13,55,0,2,3,SR-33,,0,43.53298056,-89.92389167,0,12,8,0,1,1,0,1,1,10,0,10,0,0000000,99,99,99,99,99,99,0,0,0,1,0
55,550120,1,1,0,1,1,1,1,25,2780,19,5,2014,2,23,56,0,16,6,WASHINGTON AVE E FRONTAGE RD,FRONTAGE ROAD CONNECTOR,0,43.13003889,-89.30604722,0,8,0,0,3,3,0,1,2,10,0,10,0,0000000,99,99,99,99,99,99,0,0,0,1,0
55,550121,1,1,0,1,1,1,1,79,3100,21,5,2014,4,15,51,0,14,6,CESAR E CHAVEZ DR S,MINERAL ST W,0,43.02117222,-87.93304444,0,8,0,0,2,2,0,1,1,1,0,1,1,0000000,15,51,99,99,88,88,0,0,0,1,0
55,550122,2,2,0,0,0,2,2,87,0,21,5,2014,4,11,57,0,14,4,CR-BB,COLD SPRING RD,0,44.24409722,-88.48535,0,12,1,0,2,3,0,1,1,1,0,1,0,0000000,11,59,12,8,12,26,0,0,0,1,0
55,550123,1,1,0,0,0,1,1,75,0,21,5,2014,4,16,55,0,3,3,SR-180,,0,45.16104444,-87.72257778,0,42,0,0,1,1,0,4,1,1,0,1,0,0000000,16,55,17,5,18,0,0,0,0,1,1
55,550124,1,1,0,0,0,1,1,71,0,22,5,2014,5,2,0,0,6,5,LONG LAKE RD,,0,44.21392778,-88.04355556,0,32,0,0,1,1,0,4,2,10,0,10,0,0000000,3,2,3,20,88,88,0,0,0,1,1
55,550125,1,1,0,0,0,3,3,117,0,24,5,2014,7,1,9,0,6,5,CRANBERRY RD,,0,43.55644167,-88.090625,0,42,0,0,1,1,0,4,2,1,0,1,0,0000000,1,11,1,25,99,99,0,0,0,1,1
55,550126,1,1,0,0,0,2,2,109,0,24,5,2014,7,12,26,0,2,2,US-63,180TH AVE,0,45.12215833,-92.38189167,0,1,0,0,2,2,0,1,1,1,0,1,0,0000000,12,28,12,37,13,45,0,0,0,2,0
55,550127,2,2,0,0,0,2,2,73,0,24,5,2014,7,16,20,0,4,4,CR-Y,CR-N,0,44.94311111,-89.32537222,0,12,6,0,2,2,0,1,1,1,0,1,0,0000000,16,23,16,33,17,13,0,0,0,1,0
55,550128,1,1,0,0,0,1,1,103,0,24,5,2014,7,17,33,0,3,3,SR-58,,0,43.52658333,-90.19583056,0,1,0,0,1,1,0,4,1,10,0,10,0,0000000,17,33,17,39,99,99,0,0,0,1,1
55,550129,1,1,0,0,0,1,1,103,0,24,5,2014,7,20,0,0,6,5,EXCELSIOR RD,,0,43.25059167,-90.64322222,0,42,0,0,1,1,0,4,1,1,0,1,0,0000000,20,8,99,99,20,56,0,0,0,1,1