STATE,ST_CASE,VE_TOTAL,VE_FORMS,PVH_INVL,PEDS,PERNOTMVIT,PERMVIT,PERSONS,COUNTY,CITY,DAY,MONTH,YEAR,DAY_WEEK,HOUR,MINUTE,NHS,ROAD_FNC,ROUTE,TWAY_ID,TWAY_ID2,MILEPT,LATITUDE,LONGITUD,SP_JUR,HARM_EV,MAN_COLL,RELJCT1,RELJCT2,TYP_INT,WRK_ZONE,REL_ROAD,LGT_COND,WEATHER1,WEATHER2,WEATHER,SCH_BUS,RAIL,NOT_HOUR,NOT_MIN,ARR_HOUR,ARR_MIN,HOSP_HR,HOSP_MN,CF1,CF2,CF3,FATALS,DRUNK_DR
55,550130,1,1,0,0,0,2,2,55,2340,26,5,2014,2,11,32,1,1,1,I-94,,2670,43.08606667,-88.77023333,0,11,0,1,18,1,0,1,1,10,0,10,0,0000000,11,33,11,42,12,1,0,0,0,1,0
55,550131,2,2,0,0,0,2,2,71,0,26,5,2014,2,7,15,0,4,4,CR-X,,0,43.94946111,-87.88111389,0,12,1,0,1,1,0,1,1,2,0,2,0,0000000,7,21,7,33,88,88,0,0,0,1,1
55,550132,1,1,0,0,0,1,1,49,0,24,5,2014,7,14,5,0,4,3,SR-130,,0,43.09115278,-90.18525833,0,35,0,0,1,1,0,4,1,1,0,1,0,0000000,14,7,14,8,99,99,0,0,0,1,0
55,550133,3,3,0,0,0,4,4,133,3240,24,5,2014,7,21,40,1,11,1,I-43,,438,42.85510833,-88.31606667,0,25,0,1,5,1,1,3,2,1,0,1,0,0000000,21,41,99,99,88,88,14,0,0,1,1
55,550134,1,1,0,0,0,1,1,103,0,25,5,2014,1,2,55,0,6,5,CR-II,,0,43.507825,-90.28126944,0,11,0,0,1,1,0,1,2,1,0,1,0,0000000,3,0,3,13,3,40,0,0,0,1,1
55,550135,1,1,0,0,0,1,1,35,0,25,5,2014,1,21,30,0,4,4,CR-II,,0,44.74146667,-91.49354722,0,11,0,0,1,1,0,1,2,1,0,1,0,0000000,21,32,21,40,88,88,0,0,0,1,1
55,550136,1,1,0,0,0,1,1,111,0,29,5,2014,5,20,0,0,4,4,CR-K,PICKEL RD,0,43.48225833,-90.11148333,0,34,0,0,3,3,0,4,1,1,0,1,0,0000000,20,6,20,16,88,88,0,0,0,1,1
55,550137,1,1,0,1,1,1,1,133,708,30,5,2014,6,10,50,0,13,6,CALHOUN RD,CR-M,0,43.06094167,-88.12607778,0,9,0,0,3,2,0,1,1,1,0,1,0,0000000,10,51,10,55,99,99,0,0,0,1,0
55,550138,1,1,0,0,0,1,1,9,2000,30,5,2014,6,20,16,0,15,6,ELIZABETH ST,,0,44.52180833,-87.98280833,0,33,0,0,1,1,0,4,1,1,0,1,0,0000000,20,16,20,20,88,88,0,0,0,1,0
55,550139,1,1,0,0,0,2,2,111,0,31,5,2014,7,3,30,0,6,5,TERRYTOWN RD,,0,43.49665556,-89.89106111,0,1,0,0,1,1,0,1,2,10,0,10,0,0000000,3,39,3,53,99,99,0,0,0,1,1
55,550140,1,1,0,0,0,1,1,69,0,31,5,2014,7,13,40,0,5,4,CR-E,,0,45.374075,-89.74645,0,35,0,0,1,1,0,4,1,1,0,1,0,0000000,13,44,13,57,88,88,0,0,0,1,0
55,550141,1,1,0,0,0,1,1,79,5130,31,5,2014,7,17,43,1,12,2,US-45,,0,43.04635556,-88.03720556,0,18,0,1,19,1,1,3,1,1,0,1,0,0000000,17,48,17,56,99,99,3,0,0,1,0
55,550142,1,1,0,0,0,1,1,133,5060,29,5,2014,5,19,44,0,14,6,MADISON ST,,0,43.01216944,-88.27893333,0,5,0,0,1,1,0,1,5,1,0,1,0,0000000,19,44,19,50,88,88,0,0,0,1,0
55,550143,1,1,0,0,0,1,1,79,3100,5,5,2014,2,22,0,0,15,6,NORWOOD PL N,AUER AVE W,0,43.07738611,-87.98199722,0,42,0,0,3,7,0,4,3,1,0,1,0,0000000,22,33,22,37,23,18,0,0,0,1,1
55,550144,2,2,0,0,0,2,2,131,0,4,6,2014,4,15,20,0,2,3,SR-33,,0,43.42320833,-88.38988056,0,12,2,0,1,1,0,1,1,10,0,10,0,0000000,15,23,15,29,99,99,0,0,0,1,0
55,550145,2,2,0,0,0,2,2,131,5170,2,6,2014,2,13,8,0,14,4,CR-G / SOUTH RIVER ROAD,,0,43.42175278,-88.16135,0,33,0,0,1,1,0,4,1,10,0,10,0,0000000,13,10,99,99,99,99,0,0,0,1,0
55,550146,1,1,0,0,0,1,1,127,0,6,6,2014,6,5,27,0,6,5,CRANBERRY RD,,0,42.59629444,-88.31651944,0,42,0,0,1,1,0,4,1,1,0,1,0,0000000,5,27,5,42,88,88,0,0,0,1,1
55,550147,2,2,0,0,0,2,2,133,3740,5,6,2014,5,23,57,0,13,4,CR-F,,0,43.03116667,-88.21776667,0,12,1,0,1,1,0,1,2,1,0,1,0,0000000,23,57,23,57,88,88,0,0,0,1,1
55,550148,1,1,0,0,0,1,1,9,2179,9,6,2014,2,5,34,0,5,4,CR-Z,,0,44.27025,-88.04641944,0,34,0,0,1,1,0,4,4,1,0,1,0,0000000,5,36,5,40,99,96,0,0,0,1,0
55,550149,1,1,0,0,0,1,1,79,5160,5,6,2014,5,19,37,0,13,3,SR-100,,0,43.00633889,-88.04676389,0,30,0,0,1,1,0,4,3,1,0,1,0,0000000,99,99,99,99,88,88,0,0,0,1,0
55,550150,1,1,0,0,0,2,2,59,0,8,6,2014,1,1,50,0,3,2,US-45,,0,42.57591389,-88.04789167,0,53,0,0,1,1,0,4,2,10,0,10,0,0000000,1,52,1,58,2,47,0,0,0,1,1
55,550151,1,1,0,0,0,1,1,79,3100,9,6,2014,2,20,47,0,15,6,GRANVILLE WOODS RD N,MARCIA RD W,0,43.16807778,-87.99755,0,42,0,0,3,10,0,4,3,1,0,1,0,0000000,99,99,99,99,88,88,0,0,0,1,0
55,550152,1,1,0,0,0,2,2,25,0,14,6,2014,7,0,48,0,6,5,MARTINSVILLE RD,,0,43.16990278,-89.60898611,0,42,0,0,1,1,0,4,2,1,0,1,0,0000000,99,99,99,99,99,99,0,0,0,1,1
55,550153,1,1,0,0,0,1,1,111,0,15,6,2014,1,2,33,0,3,3,SR-60,,0,43.23111111,-89.86046944,0,34,0,0,1,1,0,4,2,10,0,10,0,0000000,2,35,2,46,88,88,0,0,0,1,1
55,550154,1,1,0,0,0,1,1,83,0,12,6,2014,5,99,99,0,4,4,CR-Y,,0,44.90810556,-87.84416111,0,43,0,0,1,1,0,4,9,99,0,99,0,0000000,99,99,99,99,99,99,0,0,0,1,1
55,550155,1,1,0,0,0,2,2,115,0,17,6,2014,3,8,15,1,2,3,SR-29,,0,44.78753333,-88.66786389,0,1,0,0,1,1,0,1,1,1,0,1,0,0000000,8,17,99,99,99,96,0,0,0,2,0
55,550156,2,2,0,0,0,2,2,79,5270,16,6,2014,2,19,27,0,14,6,OAKLAND AVE N,CUMBERLAND BLVD E,0,43.10123333,-87.88738889,0,12,6,0,2,2,0,1,1,1,0,1,0,0000000,19,27,19,33,20,2,0,0,0,1,0
55,550157,1,1,0,0,0,1,1,73,4290,17,6,2014,3,3,0,1,13,2,US-51 BUS/GRAND AVE,,0,44.91657778,-89.61193889,0,42,0,0,1,1,0,4,2,99,0,99,0,0000000,88,88,88,88,88,88,0,0,0,1,1
55,550158,1,1,0,0,0,1,1,37,0,17,6,2014,3,14,24,0,4,4,CR-B,,0,45.76877778,-88.18538889,0,42,0,0,1,1,0,4,1,1,0,1,0,0000000,14,24,14,37,15,15,0,0,0,1,0
55,550159,2,2,0,0,0,3,3,131,0,18,6,2014,4,8,38,0,4,4,CR-H,,0,43.49735556,-88.18888333,0,12,6,0,1,1,0,1,1,2,0,2,0,0000000,99,99,8,49,9,41,0,0,0,2,0
55,550160,1,1,0,0,0,2,2,39,0,16,6,2014,2,7,7,1,2,2,US-41,CR-B,0,43.69066111,-88.44220556,0,1,0,0,1,1,0,1,1,10,0,10,0,0000000,7,8,99,99,99,99,0,0,0,1,0
55,550161,2,2,0,0,0,2,2,127,0,9,6,2014,2,12,11,1,2,2,US-14,,0,42.619375,-88.74099167,0,12,2,0,1,1,0,1,1,10,0,10,0,0000000,12,21,12,27,99,99,0,0,0,1,0
55,550162,2,2,0,0,0,2,2,45,0,13,6,2014,6,16,15,1,2,3,SR-11,,0,42.59123889,-89.76846111,0,12,6,0,1,1,0,1,1,1,0,1,0,0000000,16,23,16,35,17,9,0,0,0,1,0
55,550163,2,2,0,0,0,4,4,95,0,20,6,2014,6,8,5,0,6,5,COUNTY LINE AVE,COUNTY LINE ST,0,45.20951111,-92.15650556,0,12,6,0,2,2,4,1,1,10,0,10,0,0000000,8,8,8,19,8,50,0,0,0,1,0
55,550164,2,2,0,0,0,2,2,79,3100,21,6,2014,7,1,15,0,16,6,FAIRMOUNT AVE W,,0,43.10832778,-87.94211389,0,12,6,0,8,1,0,1,3,10,0,10,0,0000000,99,99,99,99,99,99,0,0,0,1,1
55,550165,1,1,0,0,0,1,1,91,3710,21,6,2014,7,11,32,0,3,3,SR-35,1ST ST,0,44.44405556,-92.1648,1,42,0,1,3,2,0,4,1,1,0,1,0,0000000,11,34,11,39,99,96,0,0,0,1,1
55,550166,1,1,0,0,0,1,1,133,3740,21,6,2014,7,19,21,0,12,3,SR-16 RAMP,,0,43.04857222,-88.25057778,0,31,0,1,5,1,0,4,1,10,0,10,0,0000000,19,24,19,32,88,88,0,0,0,1,1
55,550167,2,2,0,0,0,2,2,141,240,21,6,2014,7,21,20,0,2,2,US-10,SR-186,0,44.61995556,-90.02550556,0,12,6,0,2,2,0,1,2,10,0,10,0,0000000,21,25,21,34,22,5,0,0,0,1,0
55,550168,1,1,0,0,0,1,1,111,0,21,6,2014,7,22,30,1,1,1,I-90,,882,43.61763056,-89.80483333,0,11,0,0,1,1,0,1,2,10,0,10,0,0000000,22,31,22,40,88,88,0,0,0,1,0
55,550169,2,2,0,0,0,2,2,33,0,19,6,2014,5,7,56,0,2,3,SR-25,CR-D,0,44.96591111,-91.89425833,0,12,6,0,2,3,0,1,1,2,0,2,0,0000000,7,59,8,6,88,88,0,0,0,1,0
55,550170,1,1,0,0,0,2,2,85,0,23,6,2014,2,20,26,0,6,5,CR-K,,0,45.64282778,-89.45579167,0,42,0,0,1,1,0,4,1,10,0,10,0,0000000,99,99,99,99,99,99,20,0,0,1,1
55,550171,1,1,0,0,0,1,1,77,0,22,6,2014,1,7,6,0,4,4,CR-E,,0,43.88293611,-89.51687778,0,35,0,0,1,1,0,4,1,10,0,10,0,0000000,7,12,7,22,7,57,0,0,0,1,0
55,550172,2,2,0,0,0,5,5,25,2780,24,6,2014,3,17,12,1,13,2,US-12/18,MILLPOND RD,0,43.04406944,-89.26161111,0,12,6,0,2,2,0,1,1,1,0,1,0,0000000,17,12,17,42,99,99,0,0,0,1,0
55,550173,2,2,0,0,0,3,3,49,0,25,6,2014,4,11,34,0,3,3,SR-23,,0,43.14330833,-90.06183056,0,12,6,0,1,1,0,1,1,10,0,10,0,0000000,11,34,99,99,99,99,0,0,0,1,0
55,550174,1,1,0,0,0,1,1,97,0,26,6,2014,5,11,26,0,3,3,SR-34,,0,44.67395556,-89.71909444,0,1,0,0,1,1,0,4,1,1,0,1,0,0000000,11,28,11,44,88,88,0,0,0,1,1
55,550175,2,2,0,0,0,2,2,31,0,25,6,2014,4,14,22,0,15,4,CR-E,CR-Z,0,46.64768889,-91.99762778,0,12,6,0,2,2,0,1,1,1,0,1,0,0000000,14,22,99,99,88,88,0,0,0,1,0
55,550176,3,3,0,0,0,3,3,39,0,25,6,2014,4,14,31,1,2,3,SR-23,WILLOW RD,0,43.82551389,-88.77270833,0,12,1,0,2,3,0,1,1,1,0,1,0,0000000,14,31,14,43,99,99,0,0,0,1,0
55,550177,1,1,0,0,0,1,1,137,0,27,6,2014,6,3,29,0,3,3,SR-49,,0,44.18759167,-88.98655,0,35,0,0,1,1,0,4,2,1,0,1,0,0000000,3,29,3,41,88,88,0,0,0,1,1
55,550178,1,1,0,0,0,1,1,25,4720,26,6,2014,5,13,15,0,14,6,GRAND AVE,CITY STATION DR N,0,43.17792222,-89.2649,0,1,0,0,2,3,0,1,1,10,0,10,0,0000000,13,15,13,16,13,48,0,0,0,1,0
55,550179,1,1,0,0,0,1,1,79,3100,26,6,2014,5,21,52,0,16,6,6TH ST S,FLORIDA ST W,0,43.027325,-87.91801667,0,33,0,1,3,6,0,4,3,10,0,10,0,0000000,99,99,99,99,88,88,0,0,0,1,1
55,550180,1,1,0,0,0,1,1,101,0,27,6,2014,6,10,50,0,15,8,LOOMIS RD S,,0,42.80210278,-88.17895,0,34,0,0,1,1,0,4,1,10,0,10,0,0000000,10,57,11,5,88,88,0,0,0,1,1
55,550181,1,1,0,0,0,1,1,117,0,28,6,2014,7,13,49,0,6,4,CR-M,,0,43.76949167,-87.90136944,0,34,0,0,1,1,0,4,1,10,0,10,0,0000000,13,52,14,0,88,88,0,0,0,1,1
55,550182,1,1,0,0,0,1,1,25,1724,29,6,2014,1,22,5,0,13,4,CR-PD / MCKEE RD,OSMUNDSEN RD,0,43.01561111,-89.447325,0,43,0,0,2,2,0,1,2,2,0,2,0,0000000,22,13,99,99,88,88,6,0,0,1,0
55,550183,2,2,0,0,0,4,4,79,3100,28,6,2014,7,21,21,0,13,5,SHERMAN BLVD N,AUER AVE W,0,43.07700833,-87.967225,0,12,6,0,2,2,0,1,3,10,0,10,0,0000000,21,22,21,29,99,99,0,0,0,2,2
55,550184,1,1,0,0,0,1,1,77,0,27,6,2014,6,17,56,0,6,5,GROUSE AVE,,0,43.65714444,-89.34268611,0,11,0,0,1,1,0,1,1,1,0,1,0,0000000,17,59,18,19,99,99,0,0,0,1,0
55,550185,2,2,0,0,0,3,3,21,0,29,6,2014,1,18,29,0,3,3,SR-33,,0,43.5154,-89.52056667,0,12,1,1,18,1,0,1,1,1,0,1,0,0000000,18,35,18,40,99,99,0,0,0,1,1
55,550186,1,1,0,0,0,2,2,133,0,27,6,2014,6,2,40,0,16,6,BRYN DR,,0,43.02936944,-88.331525,0,42,0,0,1,1,0,4,2,10,0,10,0,0000000,99,99,99,99,88,88,0,0,0,2,1
55,550187,2,2,0,0,0,2,2,79,3100,10,6,2014,3,22,10,1,11,1,I-43 RAMP,,0,42.97228056,-87.91509444,0,12,1,1,5,1,0,1,3,2,0,2,0,0000000,22,12,99,99,99,99,23,0,0,1,0
55,550188,1,1,0,0,0,1,1,25,0,5,7,2014,7,3,0,0,4,3,SR-92,,0,42.93440278,-89.63380278,0,34,0,0,1,1,0,4,2,1,0,1,0,0000000,99,99,99,99,88,88,0,0,0,1,1
55,550189,2,2,0,0,0,2,2,101,0,8,7,2014,3,10,47,0,4,4,CR-A/PLANK RD,RAYNOR AVE,0,42.72769722,-88.07143056,0,12,6,0,2,2,0,1,1,10,0,10,0,0000000,10,48,11,0,11,26,0,0,0,1,1
55,550190,2,2,0,0,0,2,2,25,0,8,7,2014,3,11,41,1,2,2,US-18,CAVE OF THE MOUNDS RD,0,43.01042778,-89.80968333,0,12,6,0,2,2,0,1,1,1,0,1,0,0000000,11,42,99,99,88,88,0,0,0,1,0
55,550191,3,3,0,0,0,3,3,137,0,9,7,2014,4,13,47,0,3,3,SR-22,CR-P,0,44.21366389,-89.246825,0,12,6,0,2,3,0,1,1,1,0,1,0,0000000,13,47,13,57,14,15,14,0,0,1,1
55,550192,1,1,0,0,0,2,2,57,0,9,7,2014,4,22,40,1,1,1,I-90,,735,43.76616944,-89.987325,0,42,0,0,1,1,0,4,2,1,0,1,0,0000000,22,45,22,53,99,99,0,0,0,1,0
55,550193,1,1,0,0,0,1,1,137,0,10,7,2014,5,2,26,0,6,4,CR-EE,,0,44.00538611,-89.11703889,0,24,0,0,1,1,0,4,2,1,0,1,0,0000000,2,30,99,98,88,88,0,0,0,1,1
55,550194,1,1,0,0,0,1,1,133,2990,10,7,2014,5,4,26,1,12,2,US-41,,0,43.16813611,-88.07501667,0,52,0,0,1,1,0,4,3,1,0,1,0,0000000,4,28,4,38,5,2,0,0,0,1,1
55,550195,1,1,0,1,1,3,3,135,0,10,7,2014,5,11,1,0,6,5,FLATER RD,,0,44.50677222,-88.96079722,0,9,0,0,1,1,0,1,1,1,0,1,0,0000000,11,1,11,15,88,88,0,0,0,1,0
55,550196,2,2,0,0,0,3,3,9,2211,11,7,2014,6,15,37,1,2,3,SR-29,WOODLAND RD,0,44.56509444,-88.14130833,0,12,6,0,2,2,0,1,1,10,0,10,0,0000000,15,42,15,47,16,2,0,0,0,1,0
55,550197,2,2,0,0,0,2,2,43,0,11,7,2014,6,16,19,0,3,3,SR-133,,0,43.17051944,-90.635725,0,12,2,0,1,1,0,1,1,1,0,1,0,0000000,16,20,16,34,99,99,0,0,0,1,0
55,550198,1,1,0,1,1,3,3,135,0,12,7,2014,7,2,30,0,6,5,COLLIER RD,,0,44.43129167,-88.80916944,0,8,0,0,1,1,0,1,2,1,0,1,0,0000000,2,34,2,49,88,88,0,0,0,1,1
55,550199,2,2,0,0,0,2,2,19,0,13,7,2014,1,5,10,0,5,5,MERIDIAN AVE,TWENTY SIX RD,0,44.71241944,-90.43524722,0,12,6,0,2,2,0,1,1,10,0,10,0,0000000,5,23,5,38,99,99,0,0,0,1,1
55,550200,1,1,0,0,0,3,3,41,0,13,7,2014,1,13,2,0,6,5,OLD 8 RD,,0,45.58808333,-88.97221111,0,31,0,0,1,1,0,4,1,1,0,1,0,0000000,13,3,99,99,99,99,0,0,0,1,0
55,550201,1,1,0,0,0,2,2,133,708,15,7,2014,3,1,15,1,11,1,I-94,,3016,43.02446944,-88.09810556,0,34,0,0,1,1,0,4,3,10,0,10,0,0000000,1,16,99,99,99,99,0,0,0,1,1
55,550202,1,1,0,0,0,1,1,79,3100,19,7,2014,7,23,41,0,15,6,BOLIVAR AVE E,,0,42.96643056,-87.90256944,0,30,0,0,1,1,0,4,3,1,0,1,0,0000000,99,99,99,99,88,88,0,0,0,1,1
55,550203,1,1,0,0,0,1,1,91,0,22,7,2014,3,6,0,0,4,4,CR-H,,0,44.62793611,-91.660575,0,42,0,0,1,1,0,4,2,1,0,1,0,0000000,6,26,6,36,88,88,0,0,0,1,1
55,550204,3,3,0,0,0,3,3,109,0,15,7,2014,3,14,30,0,2,3,SR-35,,0,45.19031111,-92.67887778,0,12,1,0,1,1,0,1,1,10,0,10,0,0000000,14,34,14,52,99,99,0,0,0,2,1
55,550205,1,1,0,0,0,1,1,57,0,19,7,2014,7,22,39,0,6,5,VALLEY RD,,0,43.85845,-90.22143056,0,35,0,0,1,1,0,4,2,1,0,1,0,0000000,22,51,23,9,23,25,0,0,0,1,1
55,550206,1,1,0,0,0,1,1,111,0,24,7,2014,5,1,10,0,4,4,CR-V,,0,43.58363889,-90.08328889,0,34,0,0,1,1,0,4,2,1,0,1,0,0000000,1,13,1,30,88,88,0,0,0,1,1
55,550207,2,2,0,0,0,5,5,59,2400,23,7,2014,4,18,13,1,13,3,SR-158,104TH AVE,0,42.58941667,-87.93455556,0,12,6,0,2,2,0,1,1,1,0,1,0,0000000,18,14,18,17,99,99,0,0,0,1,0
55,550208,3,3,0,0,0,16,16,125,0,24,7,2014,5,10,9,1,2,2,US-51,,0,45.93335,-89.69640556,0,12,1,0,8,1,0,1,1,1,0,1,0,0000000,99,99,10,15,99,99,0,0,0,1,0
55,550209,6,6,0,0,0,6,6,63,0,24,7,2014,5,7,48,1,1,1,I-90,,20,43.86124444,-91.25734444,0,12,1,1,18,1,1,1,1,1,0,1,0,0000000,99,99,99,99,99,99,3,0,0,1,0
55,550210,1,1,0,0,0,2,2,95,0,26,7,2014,7,2,45,0,6,5,200TH ST,,0,45.43781944,-92.56975,0,42,0,0,1,1,0,4,2,5,0,5,0,0000000,2,52,3,3,99,99,0,0,0,1,1
55,550211,1,1,0,1,1,1,1,101,3970,26,7,2014,7,14,42,0,16,6,FIRST AVE,,0,42.76238056,-87.79023611,0,8,0,0,4,1,0,1,1,10,0,10,0,0000000,14,42,14,45,15,9,24,0,0,1,0
55,550212,1,1,0,0,0,1,1,133,0,22,7,2014,3,20,25,0,14,4,CR-EE,,0,42.89407222,-88.387,0,34,0,0,1,1,0,4,5,10,0,10,0,0000000,20,28,20,36,88,88,0,0,0,1,1
55,550213,1,1,0,0,0,1,1,79,3100,27,7,2014,1,21,57,1,13,3,SR-181,,0,43.10623056,-88.00626389,0,42,0,0,1,1,0,4,3,10,0,10,0,0000000,21,57,22,9,22,38,0,0,0,1,0
55,550215,1,1,0,0,0,1,1,121,0,28,7,2014,2,20,39,0,6,5,SJUGGERUD COULEE RD,,0,44.37831944,-91.23354167,0,34,0,0,1,1,0,4,1,1,0,1,0,0000000,20,44,20,52,99,99,0,0,0,1,1
55,550216,1,1,0,0,0,1,1,59,0,28,7,2014,2,20,22,0,4,4,CR-C / WILMOT RD,,0,42.53301111,-88.07059167,0,34,0,0,1,1,0,4,5,1,0,1,0,0000000,20,23,20,26,88,88,0,0,0,1,1
55,550217,2,2,0,0,0,2,2,39,0,27,7,2014,1,3,24,0,13,3,SR-44,,0,43.85276667,-88.81894722,0,12,1,0,1,1,0,1,2,10,0,10,0,0000000,3,26,3,37,88,88,0,0,0,1,2
55,550218,2,2,0,0,0,3,3,31,0,23,7,2014,4,15,52,0,4,4,CR-B,,0,46.53228889,-92.01613333,0,12,1,0,1,1,2,1,1,1,0,1,0,0000000,15,52,99,99,99,99,0,0,0,1,0
55,550219,2,2,0,0,0,2,2,57,0,22,7,2014,3,14,8,0,4,4,CR-HH,,0,43.72550833,-89.88232222,0,12,1,0,1,1,2,4,1,1,0,1,0,0000000,14,12,14,24,99,99,0,0,0,1,0
55,550220,2,2,0,0,0,4,4,105,0,30,7,2014,4,14,11,1,2,3,SR-81,,0,42.52532778,-89.18714722,0,12,1,0,8,1,0,1,1,10,0,10,0,0000000,14,11,14,26,88,88,0,0,0,1,0
55,550221,1,1,0,0,0,1,1,13,0,2,8,2014,7,11,45,0,4,4,CR-B,,0,45.74780278,-92.23774444,0,1,0,0,1,1,0,5,9,99,0,99,0,0000000,99,99,99,99,99,99,0,0,0,1,1
55,550222,2,2,0,0,0,3,3,79,3100,20,7,2014,1,20,32,0,14,5,27TH ST N,ST PAUL AVE W,0,43.03475278,-87.94775833,0,12,6,0,2,2,0,1,3,1,0,1,0,0000000,99,99,99,99,99,99,0,0,0,1,1
55,550223,1,1,0,0,0,1,1,63,0,2,8,2014,7,8,37,0,4,4,CR-J,,0,43.88226389,-90.92039722,0,34,0,0,1,1,0,4,1,1,0,1,0,0000000,8,40,8,51,99,99,0,0,0,1,1
55,550224,2,2,0,0,0,3,3,79,3100,9,7,2014,4,15,45,0,14,6,CENTER ST W,37TH ST N,0,43.06791944,-87.9598,0,12,99,0,2,2,0,1,1,1,0,1,0,0000000,99,99,99,99,99,99,0,0,0,1,0
55,550225,2,2,0,0,0,3,3,79,3100,30,7,2014,4,3,16,0,14,6,HISTORIC MITCHELL ST W,11TH ST S,0,43.01228056,-87.92551389,0,12,6,0,2,2,0,1,3,1,0,1,0,0000000,99,99,99,99,99,99,0,0,0,1,1
55,550226,2,2,0,0,0,2,2,109,2220,29,7,2014,3,19,20,0,15,6,HANLEY RD,ONEIL RD,0,44.95008611,-92.71015556,0,12,6,0,2,3,0,1,1,10,0,10,0,0000000,19,20,19,25,99,99,0,0,0,1,0
55,550227,2,2,0,0,0,2,2,75,5100,30,7,2014,4,12,0,1,2,2,US-141,SR-180,0,45.36692222,-87.95256111,0,12,2,0,2,2,1,1,1,1,0,1,0,0000000,12,2,12,7,13,17,0,0,0,1,0
55,550228,1,1,0,0,0,2,2,133,0,2,8,2014,7,12,39,0,16,6,CR-KF,,0,43.11045278,-88.27424167,0,18,0,0,1,1,0,4,1,10,0,10,0,0000000,12,40,12,44,13,32,0,0,0,1,0
55,550229,1,1,0,0,0,2,2,95,0,31,7,2014,5,20,44,0,6,5,70TH AVE,,0,45.31,-92.47760278,0,1,0,0,1,1,0,4,1,1,0,1,0,0000000,99,99,99,99,99,99,0,0,0,1,1
55,550230,1,1,0,0,0,1,1,131,0,2,8,2014,7,11,23,0,4,3,SR-144,,0,43.3533,-88.28060278,0,18,0,0,1,1,1,4,1,1,0,1,0,0000000,11,29,11,34,88,88,0,0,0,1,0
55,550231,1,1,0,1,1,2,2,111,0,3,8,2014,1,3,30,0,4,4,CR-BD,,0,43.522525,-89.77785556,0,8,0,0,1,1,0,1,2,1,0,1,0,0000000,3,33,3,43,88,88,0,0,0,1,0
55,550232,2,2,0,0,0,4,4,55,1760,4,8,2014,2,19,2,0,15,6,BANKER RD,CAMPUS DR,0,42.94153333,-88.85493611,0,12,6,0,2,3,0,1,1,10,0,10,0,0000000,19,4,19,12,20,3,0,0,0,1,1
55,550233,1,1,0,0,0,1,1,67,0,3,8,2014,1,12,40,0,3,3,SR-64,,0,45.16145556,-89.04134167,0,11,0,0,1,1,0,1,1,10,0,10,0,0000000,99,99,99,99,99,99,0,0,0,1,0
55,550234,2,2,0,0,0,8,8,9,2000,5,8,2014,3,13,6,0,13,2,US-141 / MAIN ST,PECAN ST,0,44.47783611,-87.96906111,0,12,6,0,2,2,0,1,1,1,0,1,0,0000000,99,99,99,99,99,99,0,0,0,1,1
55,550235,2,2,0,0,0,4,4,87,0,5,8,2014,3,9,50,0,16,6,SPRING RD,JULIUS DR,0,44.302475,-88.556525,0,12,6,0,2,2,0,1,1,1,0,1,0,0000000,10,2,10,14,10,51,0,0,0,1,0
55,550236,2,2,0,0,0,3,3,141,0,6,8,2014,4,14,56,0,4,4,CR-F,CR-C,0,44.49625833,-89.92528889,0,12,6,0,2,2,0,1,1,1,0,1,0,0000000,14,48,15,10,99,99,0,0,0,2,0
55,550237,1,1,0,0,0,10,10,73,0,8,8,2014,6,9,45,0,3,3,SR-52,,0,45.03003056,-89.35616389,0,1,0,0,1,1,0,1,1,1,0,1,0,0000000,9,57,10,17,99,99,0,0,0,2,0
55,550238,3,3,0,0,0,3,3,59,0,8,8,2014,6,11,1,0,3,2,US-45 / BRISTOL RD,CR-WG / 128TH ST,0,42.49576389,-88.02515,0,12,6,0,2,2,0,1,1,1,0,1,0,0000000,11,2,11,6,99,99,0,0,0,1,0
55,550239,1,1,0,0,0,2,2,9,3960,10,8,2014,1,3,10,0,3,3,SR-32,CR-B,0,44.65694167,-88.22161389,0,33,0,0,3,6,0,4,3,1,0,1,0,0000000,3,11,3,14,99,99,0,0,0,1,1
55,550240,2,2,0,0,0,2,2,87,170,9,8,2014,7,10,25,0,16,6,SUMMER ST E,MEADE ST N,0,44.27231111,-88.39575278,0,12,7,1,2,4,0,1,1,1,0,1,0,0000000,10,29,10,33,10,51,0,0,0,1,0
55,550241,2,2,0,0,0,2,2,25,0,11,8,2014,2,10,9,0,13,3,SR-19,RIVER RD,0,43.195275,-89.36541667,0,12,6,0,2,2,0,1,1,1,0,1,0,0000000,10,11,10,18,88,88,0,0,0,1,0
55,550242,2,2,0,0,0,3,3,25,3140,10,8,2014,1,0,40,1,12,2,US-12/18,,0,43.04439444,-89.3342,0,12,1,0,1,1,4,1,3,1,0,1,0,0000000,99,99,99,99,88,88,0,0,0,1,1
55,550243,1,1,0,0,0,1,1,33,0,12,8,2014,3,13,49,0,4,4,CR-M,,0,45.150075,-91.68684722,0,42,0,0,1,1,0,4,1,1,0,1,0,0000000,13,49,13,52,88,88,20,0,0,1,0
55,550244,1,1,0,0,0,1,1,27,0,9,8,2014,7,1,5,0,4,4,CR-G,,0,43.45599167,-88.89258889,0,42,0,0,1,1,0,4,2,1,0,1,0,0000000,1,5,99,99,88,88,0,0,0,1,0
55,550245,2,2,0,0,0,3,3,79,3100,10,8,2014,1,17,40,0,14,6,CLYBOURN ST W,16TH ST N,0,43.03613611,-87.93303333,0,12,6,0,2,2,0,1,1,1,0,1,0,0000000,99,99,99,99,99,99,0,0,0,1,0