STATE,ST_CASE,VE_TOTAL,VE_FORMS,PVH_INVL,PEDS,PERNOTMVIT,PERMVIT,PERSONS,COUNTY,CITY,DAY,MONTH,YEAR,DAY_WEEK,HOUR,MINUTE,NHS,ROAD_FNC,ROUTE,TWAY_ID,TWAY_ID2,MILEPT,LATITUDE,LONGITUD,SP_JUR,HARM_EV,MAN_COLL,RELJCT1,RELJCT2,TYP_INT,WRK_ZONE,REL_ROAD,LGT_COND,WEATHER1,WEATHER2,WEATHER,SCH_BUS,RAIL,NOT_HOUR,NOT_MIN,ARR_HOUR,ARR_MIN,HOSP_HR,HOSP_MN,CF1,CF2,CF3,FATALS,DRUNK_DR
55,550360,2,2,0,0,0,2,2,101,3970,26,10,2014,1,19,31,0,13,3,SR-20,OHIO ST,0,42.71866944,-87.83620278,0,12,1,0,8,1,0,1,3,10,0,10,0,0000000,19,32,19,34,19,49,0,0,0,1,1
55,550361,1,1,0,0,0,1,1,59,0,19,10,2014,1,21,29,0,15,6,210TH AVE,124TH ST,0,42.50058889,-88.06115556,0,42,0,0,3,10,0,4,2,1,0,1,0,0000000,21,29,21,42,99,99,0,0,0,1,1
55,550362,1,1,0,1,1,1,1,85,0,23,10,2014,5,2,53,1,2,2,US-51,KEVIN PL,0,45.85075833,-89.70318889,0,9,0,0,1,1,0,1,2,10,0,10,0,0000000,3,1,3,6,88,88,0,0,0,1,0
55,550363,1,1,0,0,0,2,2,127,0,27,10,2014,2,9,31,0,3,3,SR-36,CREEKSIDE DR,0,42.65666389,-88.34507778,0,34,0,0,1,1,0,4,1,10,0,10,0,0000000,88,88,88,88,88,88,0,0,0,1,0
55,550364,1,1,0,1,1,1,1,79,3100,27,10,2014,2,18,24,0,14,5,BEECHER ST W,8TH ST S,0,43.00646111,-87.92145,0,8,0,0,2,3,0,1,3,1,0,1,0,0000000,99,99,99,99,99,99,0,0,0,1,0
55,550365,1,1,0,1,1,1,1,79,3100,29,10,2014,4,6,55,0,14,6,HOPKINS ST N,GLENDALE AVE W,0,43.10071667,-87.95836944,0,8,0,0,1,1,0,1,3,1,0,1,0,0000000,99,99,99,99,99,99,0,0,0,1,0
55,550366,2,2,0,0,0,2,2,101,0,30,10,2014,5,6,21,0,3,2,US-45,,0,42.79098333,-88.07108056,0,12,1,0,1,1,0,1,4,1,0,1,0,0000000,6,23,6,35,88,88,0,0,0,1,1
55,550367,1,1,0,0,0,2,2,97,0,31,10,2014,6,7,12,0,2,2,US-10,,0,44.59891111,-89.76068333,0,1,0,0,1,1,0,4,1,1,0,1,0,0000000,99,99,99,99,99,99,0,0,0,1,0
55,550368,2,2,0,0,0,2,2,127,0,6,11,2014,5,5,50,0,3,3,SR-20,TOWNLINE RD,0,42.7925,-88.42738056,0,12,2,0,1,1,0,1,2,2,0,2,0,0000000,99,99,99,99,99,99,0,0,0,1,0
55,550369,2,2,0,0,0,2,2,75,0,5,11,2014,4,2,18,1,2,2,US-41,KAMM RD,0,45.05093611,-87.79975556,0,12,6,0,2,2,0,1,3,10,0,10,0,0000000,2,19,2,30,3,2,0,0,0,1,0
55,550370,2,2,0,0,0,2,2,111,0,21,10,2014,3,13,26,0,3,3,SR-33,,0,43.58171111,-90.12166944,0,12,2,0,1,1,0,1,1,1,0,1,0,0000000,13,28,99,99,99,99,0,0,0,1,0
55,550371,2,2,0,0,0,4,4,73,0,1,11,2014,7,21,13,0,4,3,SR-107,CR-N,0,44.9015,-89.84503889,0,12,6,0,2,2,0,1,2,1,0,1,0,0000000,21,18,21,31,22,5,0,0,0,1,0
55,550372,1,1,0,0,0,1,1,21,0,3,11,2014,2,15,37,0,6,5,OLD COUNTY HIGHWAY U RD,,0,43.461725,-89.50247222,0,34,0,0,1,1,0,4,1,10,0,10,0,0000000,15,37,15,49,88,88,0,0,0,1,0
55,550373,1,1,0,0,0,1,1,11,3130,6,11,2014,5,9,52,0,4,2,US-10,,0,44.56793056,-91.68440556,0,33,0,0,1,1,0,4,1,10,0,10,0,0000000,9,52,9,53,10,36,0,0,0,1,0
55,550374,1,1,0,0,0,1,1,21,0,4,11,2014,3,15,54,0,5,4,CR-K,,0,43.31593056,-89.43254167,0,11,0,0,1,1,0,1,1,1,0,1,0,0000000,15,54,99,99,99,99,0,0,0,1,0
55,550375,1,1,0,0,0,1,1,31,4730,7,11,2014,6,17,34,1,13,2,US-53,WEEKS AVE,0,46.73376389,-92.09183333,0,33,0,0,3,3,0,3,3,2,0,2,0,0000000,17,35,17,38,18,5,0,0,0,1,1
55,550376,1,1,0,0,0,1,1,25,4720,4,11,2014,3,20,5,1,12,2,US-151,,0,43.18444167,-89.23760278,0,32,0,0,1,1,0,4,2,1,0,1,0,0000000,20,7,20,12,99,99,0,0,0,1,1
55,550377,1,1,0,0,0,1,1,55,0,13,11,2014,5,20,11,0,5,4,CR-E,HERR RD,0,42.98411389,-88.57526667,0,34,0,0,1,1,0,4,2,10,0,10,0,0000000,20,11,20,19,88,88,0,0,0,1,1
55,550378,2,2,0,0,0,2,2,81,0,5,11,2014,4,17,44,1,2,3,SR-21,,0,44.02976944,-90.41693333,0,12,6,0,1,1,0,1,2,2,0,2,0,0000000,99,99,99,99,99,99,19,0,0,1,0
55,550379,1,1,0,0,0,2,2,71,0,15,11,2014,7,2,30,0,5,4,CR-K,CR-G,0,44.22575833,-87.926125,0,34,0,0,1,1,0,4,2,1,0,1,0,0000000,2,42,3,2,88,88,0,0,0,2,1
55,550380,2,2,0,0,0,2,2,27,0,22,11,2014,7,4,4,1,2,2,US-151,,0,43.38972222,-88.94180833,0,12,2,0,1,1,0,1,2,10,0,10,0,0000000,4,17,4,28,99,99,0,0,0,1,1
55,550381,1,1,0,0,0,1,1,111,0,22,11,2014,7,7,20,0,4,4,CR-G,,0,43.351425,-90.11791667,0,35,0,0,1,1,0,4,4,2,0,2,0,0000000,7,22,7,36,88,88,0,0,0,1,1
55,550382,2,2,0,0,0,3,3,87,0,22,11,2014,7,12,46,0,13,4,CR-OO,,0,44.2875,-88.4316,0,12,2,0,1,1,0,1,1,10,0,10,0,0000000,12,49,12,53,99,99,0,0,0,1,1
55,550383,1,1,0,1,1,2,2,79,3100,15,11,2014,7,7,50,0,14,6,HOWARD AVE S,SR-38,0,42.97375556,-87.90949722,0,8,0,0,2,2,0,1,1,1,0,1,0,0000000,99,99,99,99,99,99,0,0,0,1,0
55,550384,1,1,0,1,1,1,1,79,3100,23,11,2014,1,0,35,0,14,6,CESAR E CHAVEZ DR S,MINERAL ST W,0,43.02127222,-87.93305278,0,8,0,0,3,2,0,1,3,1,0,1,0,0000000,0,40,0,43,88,88,0,0,0,1,1
55,550385,1,1,0,0,0,2,2,39,0,15,11,2014,7,0,0,0,6,5,TRIPLE T RD,LOG TAVERN RD,0,43.77607778,-88.23814444,0,1,0,0,1,1,0,4,2,99,0,99,0,0000000,99,99,99,99,88,88,0,0,0,2,0
55,550386,1,1,0,1,1,1,1,79,3100,23,11,2014,1,2,5,0,13,3,SR-59,,0,43.02324167,-87.91503333,0,8,0,0,1,1,0,1,3,2,0,2,0,0000000,2,10,2,17,2,41,0,0,0,1,0
55,550387,2,2,0,0,0,3,3,115,0,11,9,2014,5,16,35,1,2,3,SR-29,OLD 29 RD,0,44.80414444,-88.91977778,0,12,6,0,7,1,0,1,1,10,0,10,0,0000000,16,37,16,51,99,99,0,0,0,1,0
55,550388,2,2,0,0,0,4,4,73,0,23,11,2014,1,13,35,0,4,4,CR-N,CR-Y,0,44.94310556,-89.325375,0,12,6,0,2,2,0,1,1,5,0,5,0,0000000,13,39,13,56,14,19,0,0,0,1,0
55,550389,2,2,0,0,0,3,3,3,0,24,11,2014,2,10,49,1,2,2,US-2,,0,46.60913611,-90.74320278,0,12,2,0,1,1,0,1,1,4,0,4,0,0000000,10,56,11,4,11,38,0,0,0,1,0
55,550390,2,2,0,0,0,2,2,5,0,24,11,2014,2,6,57,0,5,5,19TH ST,,0,45.46274167,-91.76555278,0,12,6,0,1,1,0,1,1,4,0,4,0,0000000,6,57,7,5,7,24,0,0,0,1,0
55,550391,1,1,0,0,0,1,1,11,0,24,11,2014,2,8,13,0,6,5,INDIAN CREEK RD,,0,44.16488889,-91.76626667,0,43,0,0,6,1,0,1,1,4,0,4,0,079926P,8,14,8,39,88,88,0,0,0,1,1
55,550392,1,1,0,0,0,1,1,1,0,16,11,2014,1,3,35,0,3,3,SR-13,,0,43.67428333,-89.78588056,0,42,0,0,1,1,0,4,2,4,0,4,0,0000000,3,36,99,99,99,99,0,0,0,1,1
55,550393,2,2,0,0,0,2,2,101,3970,17,11,2014,2,17,19,0,14,6,LATHROP AVE,,0,42.71058611,-87.82602222,0,12,2,0,1,1,0,1,3,10,0,10,0,0000000,17,20,17,22,17,44,0,0,0,1,0
55,550394,1,1,0,0,0,1,1,43,0,1,11,2014,7,16,29,0,3,3,SR-133,,0,42.67900278,-90.78854167,0,34,0,0,1,1,0,4,1,1,0,1,0,0000000,16,34,16,41,88,88,0,0,0,1,1
55,550395,2,2,0,0,0,3,3,35,0,19,11,2014,4,18,47,1,1,1,I-94,,851,44.610675,-91.23509444,0,11,0,0,1,1,0,1,2,10,0,10,0,0000000,18,52,19,0,19,16,0,0,0,1,0
55,550396,1,1,0,0,0,1,1,103,0,20,11,2014,5,2,0,0,6,4,CR-II,,0,43.52114722,-90.23440278,0,38,0,0,1,1,0,5,2,1,0,1,0,0000000,4,8,99,99,88,88,0,0,0,1,1
55,550397,1,1,0,0,0,5,5,113,0,14,11,2014,6,12,38,0,6,5,ROUND LAKE SCHOOL RD,,0,45.95895556,-91.35738889,3,34,0,0,1,1,0,4,1,1,0,1,0,0000000,12,39,12,53,88,88,0,0,0,1,0
55,550398,1,1,0,0,0,3,3,119,0,21,11,2014,6,16,3,0,6,5,COUNTY LINE RD,11TH AVE,0,45.03128056,-90.67868889,0,34,0,0,3,3,0,4,1,10,0,10,0,0000000,99,99,16,24,99,99,0,0,0,1,1
55,550399,2,2,0,0,0,3,3,137,0,21,11,2014,6,17,3,0,4,4,CR-XX,,0,44.06040278,-88.93666111,0,12,6,0,8,1,0,1,2,1,0,1,0,0000000,17,4,17,26,88,88,0,0,0,1,1
55,550400,2,2,0,0,0,3,3,21,0,24,11,2014,2,14,41,0,3,3,SR-22,CR-EE,0,43.61393056,-89.29848333,0,12,6,0,3,2,0,1,1,4,0,4,0,0000000,14,41,99,99,88,88,0,0,0,2,0
55,550401,2,2,0,0,0,3,3,25,2780,24,11,2014,2,18,49,0,16,6,EASTPARK BLVD,,0,43.14474167,-89.292475,0,12,6,0,1,1,0,1,3,4,0,4,0,0000000,99,99,99,99,99,99,0,0,0,1,0
55,550402,2,2,0,0,0,3,3,79,3100,25,11,2014,3,13,51,1,1,1,I-94,,0,43.03339167,-87.96713611,0,12,6,1,18,1,0,1,1,1,0,1,0,0000000,13,53,14,0,99,99,0,0,0,1,0
55,550403,1,1,0,0,0,1,1,67,0,13,11,2014,5,7,39,0,4,4,CR-K,,0,45.42750833,-89.11415833,0,1,0,0,1,1,0,4,1,10,0,10,0,0000000,99,99,99,99,99,99,0,0,0,1,0
55,550404,1,1,0,0,0,2,2,79,3100,27,11,2014,5,2,15,0,14,6,91ST ST N,DALLAS ST W,0,43.14403056,-88.02523056,0,30,0,1,3,3,0,3,3,10,0,10,0,0000000,99,99,99,99,88,88,0,0,0,1,1
55,550405,2,2,0,0,0,3,3,87,0,28,11,2014,6,9,20,0,2,3,SR-54,,0,44.47951944,-88.44241389,0,12,2,0,1,1,0,1,1,10,0,10,0,0000000,9,21,99,99,99,99,0,0,0,2,0
55,550406,1,1,0,0,0,2,2,27,0,29,11,2014,7,20,49,0,4,4,CR-E,CR-A,0,43.46586667,-88.76806111,0,58,0,0,3,2,0,4,2,1,0,1,0,0000000,20,51,20,58,99,99,0,0,0,1,0
55,550407,1,1,0,0,0,1,1,139,0,30,11,2014,1,5,20,0,5,4,CR-H,ARROWHEAD LN,0,44.18456111,-88.84479444,0,42,0,0,3,3,0,4,2,5,0,5,0,0000000,99,99,99,99,88,88,0,0,0,1,1
55,550408,1,1,0,0,0,1,1,65,0,22,11,2014,7,10,0,0,6,5,AETNA RD,,0,42.565825,-90.32537222,0,35,0,0,1,1,0,4,1,5,0,5,0,0000000,10,6,10,24,10,57,0,0,0,1,0
55,550409,1,1,0,0,0,2,2,87,2370,29,11,2014,7,1,29,0,13,4,CR-OO,,0,44.287475,-88.27834722,0,31,0,0,1,1,0,4,3,10,0,10,0,0000000,1,31,1,38,1,58,0,0,0,1,1
55,550410,1,1,0,1,1,2,2,133,5060,12,9,2014,6,16,23,0,16,6,PLEASANT ST,BROADWAY E,0,43.00925278,-88.22561944,0,8,0,0,3,3,0,1,1,2,0,2,0,0000000,99,99,99,99,99,99,0,0,0,1,0
55,550411,2,2,0,0,0,2,2,55,0,28,11,2014,6,17,5,1,2,2,US-12,,0,42.98757222,-88.97740833,0,12,2,0,1,1,0,1,2,10,0,10,0,0000000,99,99,99,99,99,99,0,0,0,1,0
55,550412,1,1,0,1,1,2,2,109,4140,5,11,2014,4,19,41,0,13,6,MAIN ST N,UNION ST,0,44.86444722,-92.62296111,0,8,0,0,2,3,0,1,3,2,0,2,0,0000000,19,41,19,43,20,14,0,0,0,1,0
55,550414,1,1,0,0,0,2,2,133,9997,19,11,2014,4,12,30,0,4,4,CR-BB/GOLDEN LAKE RD,,0,43.04531944,-88.52654444,0,42,0,0,1,1,0,4,1,10,0,10,0,0000000,12,31,12,38,13,2,0,0,0,1,0
55,550415,3,3,0,0,0,7,7,63,3560,25,11,2014,3,18,43,0,14,3,SR-35,CTH Z,99999,43.91459444,-91.24735278,0,12,6,0,1,1,0,1,3,1,0,1,0,0000000,99,99,99,99,88,88,0,0,0,3,0
55,550416,1,1,0,0,0,1,1,117,0,1,12,2014,2,22,0,0,15,6,MILL RD,LISA AVE,0,43.78533889,-87.75052778,0,34,0,0,1,1,0,4,2,1,0,1,0,0,99,99,99,99,88,88,0,0,0,1,0
55,550417,2,2,0,0,0,3,3,95,0,2,12,2014,3,11,57,0,3,3,SR-48,CR-E,0,45.5712,-92.17568056,0,12,6,0,2,2,0,1,1,10,0,10,0,0000000,12,1,12,12,13,36,0,0,0,1,0
55,550419,2,2,0,0,0,2,2,79,3100,2,12,2014,3,16,25,0,16,6,KILEY AVE W,41ST ST N,0,43.14491389,-87.96311389,0,12,2,0,2,2,0,1,5,10,0,10,0,0000000,16,27,16,33,88,88,0,0,0,1,0
55,550420,1,1,0,0,0,3,3,137,0,8,12,2014,2,17,3,1,2,3,SR-21,CR-GG,0,44.03309167,-89.46825833,0,34,0,0,1,1,0,4,2,2,0,2,0,0000000,17,3,99,99,99,99,0,0,0,2,0
55,550421,1,1,0,0,0,1,1,127,0,9,12,2014,3,5,35,0,4,4,CR-ES,BRETSCH LN,0,42.77165833,-88.45659167,0,34,0,0,1,1,0,4,2,2,0,2,0,0000000,5,41,5,50,88,88,0,0,0,1,0
55,550422,1,1,0,0,0,1,1,69,0,3,12,2014,4,12,44,0,6,5,JOE SNOW RD,,0,45.16347778,-89.75810278,0,53,0,0,1,1,0,4,1,1,0,1,0,0000000,12,44,12,53,88,88,0,0,0,1,1
55,550423,2,2,0,0,0,2,2,111,0,10,12,2014,4,22,45,0,4,4,CR-H,LYNDON RD,0,43.61871944,-89.84784444,0,12,2,0,3,3,0,1,2,10,0,10,0,0000000,23,16,23,26,88,88,0,0,0,1,1
55,550424,2,2,0,0,0,2,2,121,0,5,12,2014,6,10,47,0,3,2,US-53,,0,44.134275,-91.34019167,0,12,2,0,1,1,0,1,1,10,0,10,0,0000000,10,51,99,99,99,99,0,0,0,1,0
55,550425,2,2,0,0,0,2,2,103,0,6,12,2014,7,17,8,0,3,3,SR-80,,0,43.21343333,-90.43926667,0,12,1,0,1,1,0,1,2,10,0,10,0,0000000,17,11,99,99,17,43,0,0,0,1,0
55,550426,2,2,0,0,0,3,3,59,0,6,12,2014,7,18,0,1,2,3,SR-50,,0,42.58221111,-88.22603056,0,12,2,0,1,1,0,1,2,1,0,1,0,0000000,18,0,18,8,18,39,0,0,0,2,1
55,550427,1,1,0,1,1,4,4,55,0,6,12,2014,7,23,27,1,1,1,I-94,,2770,43.06979167,-88.57504722,0,8,0,0,1,1,0,1,2,10,0,10,0,0000000,23,29,23,53,0,23,0,0,0,1,0
55,550428,2,2,0,0,0,3,3,61,0,11,12,2014,5,6,33,0,4,4,CR-KB,CR-Q,0,44.35626944,-87.70489722,0,12,6,0,2,2,0,1,4,10,0,10,0,0000000,6,36,6,56,99,99,0,0,0,1,0
55,550429,2,1,1,1,2,2,3,25,2780,12,12,2014,6,6,50,1,12,2,US-151,,0,43.14359722,-89.28839444,0,8,0,0,1,1,0,4,4,2,0,2,0,0000000,99,99,99,99,99,99,23,0,0,1,0
55,550431,2,2,0,0,0,2,2,127,1310,10,12,2014,4,8,36,0,15,5,BORG RD,PHOENIX ST,0,42.62601667,-88.62563889,0,12,6,0,2,2,0,1,1,10,0,10,0,0000000,8,38,8,40,99,99,0,0,0,1,0
55,550432,2,2,0,0,0,2,2,73,0,12,12,2014,6,7,30,0,3,3,SR-34,,0,44.71184167,-89.69904722,0,12,6,0,1,1,0,1,1,10,0,10,0,0000000,99,99,99,99,99,99,0,0,0,1,0
55,550433,2,2,0,0,0,4,4,93,0,19,12,2014,6,9,15,0,2,2,US-63,SR-29,0,44.84621944,-92.37493056,0,12,2,0,1,1,0,1,1,10,0,10,0,0000000,9,17,9,30,99,99,0,0,0,1,0
55,550434,2,2,0,0,0,3,3,25,1724,12,12,2014,6,18,40,0,4,4,CR-MM,,0,43.00420833,-89.37615833,0,12,2,0,1,1,0,1,2,10,0,10,0,0000000,99,99,99,99,99,99,0,0,0,1,1
55,550435,2,2,0,0,0,2,2,101,3970,13,12,2014,7,3,21,0,13,6,MEMORIAL DR S,13TH ST,0,42.71691667,-87.799,0,12,6,0,2,2,0,1,3,10,0,10,0,0000000,3,21,3,26,88,88,0,0,0,1,2
55,550436,1,1,0,0,0,1,1,27,0,13,12,2014,7,21,18,0,4,4,CR-G,,0,43.329575,-88.82839444,0,58,0,0,1,1,0,4,2,5,0,5,0,0000000,22,20,99,99,88,88,0,0,0,1,1
55,550437,1,1,0,1,1,1,1,61,0,23,12,2014,3,5,40,0,3,3,SR-42,OLD SETTLER RD,0,44.39092778,-87.54233889,0,8,0,0,1,1,0,1,2,3,12,3,0,0000000,5,46,6,1,88,88,0,0,0,1,0
55,550438,2,2,0,0,0,2,2,85,0,23,12,2014,3,12,43,1,2,3,SR-45,BIG LAKE RD,0,45.75142222,-89.14249167,0,12,6,0,1,1,0,1,1,4,0,4,0,0000000,12,43,13,2,13,30,0,0,0,1,0
55,550439,1,1,0,0,0,1,1,79,3100,25,12,2014,5,1,42,0,14,6,FOND DU LAC AVE W,91ST ST N,0,43.12751667,-88.02417222,0,42,0,0,1,1,0,4,3,10,0,10,0,0000000,99,99,99,99,88,88,0,0,0,1,1
55,550440,1,1,0,1,1,3,3,101,3970,25,12,2014,5,21,19,0,16,6,ROMAYNE AVE,LASALLE ST,0,42.75138889,-87.79174167,0,8,0,0,1,1,0,1,3,1,0,1,0,0000000,21,19,21,23,21,43,0,0,0,1,1
55,550441,2,2,0,0,0,2,2,117,0,20,12,2014,7,6,58,0,3,3,SR-28,SR-57,0,43.67445278,-87.94058056,0,12,6,0,2,2,0,1,4,10,0,10,0,0000000,7,2,7,25,99,99,0,0,0,1,0
55,550442,1,1,0,0,0,1,1,127,0,14,12,2014,1,0,2,0,4,4,CR-K,,0,42.49678611,-88.67819167,0,42,0,0,1,1,0,4,2,5,0,5,0,0000000,0,7,99,99,88,88,0,0,0,1,1
55,550443,2,2,0,0,0,4,4,109,0,15,12,2014,2,10,54,0,3,3,SR-65,CR-N,0,44.94177222,-92.56328333,0,12,6,0,2,2,0,1,1,5,0,5,0,0000000,10,55,11,5,11,44,0,0,0,1,0
55,550444,1,1,0,1,1,1,1,79,5220,26,12,2014,6,20,22,0,14,6,GREENFIELD AVE W,MILLER PKWY,0,43.01690556,-87.96950833,0,43,0,0,1,1,0,5,3,10,0,10,0,0000000,20,24,20,28,88,88,0,0,0,1,1
55,550445,1,1,0,0,0,1,1,75,0,11,7,2014,6,21,33,0,6,5,TOWN ROAD 37,,0,45.29413056,-87.99305833,0,43,0,0,1,1,2,1,2,1,0,1,0,0000000,99,99,99,99,99,99,3,0,0,1,1
55,550446,1,1,0,0,0,2,2,45,0,3,8,2014,1,17,8,0,6,5,ALBANY WILDLIFE AREA ACCESS RD,,0,42.72581944,-89.45127222,0,42,0,0,1,1,0,4,1,1,0,1,0,0000000,99,99,99,99,99,99,0,0,0,1,0
55,550447,1,1,0,0,0,1,1,59,0,1,7,2014,3,15,56,0,6,5,CR-NN,,0,42.59741667,-88.09031944,0,1,0,0,1,1,0,1,1,1,0,1,0,0000000,99,99,99,99,99,99,0,0,0,1,1
55,550448,1,1,0,1,1,5,5,75,0,27,12,2014,7,4,8,1,2,2,US-141,JOSSART RD,0,45.55478333,-87.99686389,0,8,0,0,1,1,0,1,2,4,0,4,0,0000000,4,11,4,34,88,88,0,0,0,1,0
55,550449,1,1,0,0,0,1,1,41,0,4,7,2014,6,21,54,0,4,5,PICKEREL LAKE RD,,0,45.40802778,-88.92351944,0,42,0,0,1,1,0,4,2,1,0,1,0,0000000,99,99,99,99,88,88,0,0,0,1,1
55,550450,1,1,0,0,0,1,1,7,0,20,7,2014,1,10,50,0,6,5,LITTLE SAND BAY RD,OLD COUNTY HIGHWAY K,0,46.9179,-90.87293889,0,34,0,0,3,3,0,4,1,99,0,99,0,0000000,99,99,99,99,99,99,0,0,0,1,0
55,550451,1,1,0,0,0,2,2,85,0,20,9,2014,7,22,42,0,6,5,GOBBLER LAKE RD,,0,45.63218889,-89.89698056,0,42,0,0,1,1,0,4,2,2,0,2,0,0000000,99,99,99,99,99,99,0,0,0,1,1
55,550452,1,1,0,0,0,1,1,37,0,1,2,2014,7,1,52,0,6,5,TUCKER RD,,0,45.939075,-88.65345278,0,42,0,0,1,1,0,4,2,1,0,1,0,0000000,99,99,99,99,88,88,0,0,0,1,1
55,550453,2,2,0,0,0,3,3,59,0,31,12,2014,4,13,28,1,2,3,SR-50,392ND AVE,0,42.5838,-88.28647778,0,12,6,0,2,2,0,1,1,1,0,1,0,0000000,13,29,13,44,14,47,0,0,0,1,0
55,550454,1,1,0,1,1,1,1,79,3100,31,12,2014,4,17,35,0,13,3,SR-41,VILLARD AVE W,0,43.11148056,-88.02455833,0,8,0,0,2,3,0,1,3,10,0,10,0,0000000,99,99,99,99,99,99,0,0,0,1,0
55,550455,1,1,0,0,0,1,1,25,0,14,12,2014,1,0,0,0,6,5,CANAL RD,CHERRY LN,0,43.18326667,-89.01534722,0,43,0,0,1,1,0,4,9,5,0,5,0,0000000,88,88,88,88,88,88,0,0,0,1,1
55,550456,3,3,0,0,0,4,4,79,5130,30,9,2014,3,14,21,1,12,2,US-45,,0,43.05566389,-88.0484,0,12,6,0,1,1,0,1,1,10,0,10,0,0000000,99,99,99,99,99,99,0,0,0,1,0
55,550457,2,2,0,0,0,2,2,79,3100,20,12,2014,7,14,0,0,13,2,US-41,SILVER SPRING DR W,0,43.11958056,-88.03512222,0,12,7,1,5,1,0,1,1,10,0,10,0,0000000,88,88,88,88,88,88,0,0,0,1,0
55,550458,1,1,0,0,0,4,4,63,2490,28,9,2014,1,0,30,0,15,6,EAST AVE S,,0,43.77275556,-91.22056389,0,5,0,0,1,1,0,1,3,1,0,1,0,0000000,88,88,88,88,88,88,0,0,0,1,0
55,550459,2,2,0,0,0,2,2,79,5130,19,12,2014,6,17,24,0,14,6,124 ST N,CAPITOL DR N,0,43.09040833,-88.06630556,0,12,1,0,1,1,0,1,3,10,0,10,0,0000000,17,27,17,32,88,88,0,0,0,1,0
55,550460,1,1,0,0,0,1,1,53,0,24,12,2014,4,10,56,0,3,2,US-12,,0,44.38100833,-90.82108333,0,35,0,0,1,1,0,4,1,10,0,10,0,0000000,11,2,99,99,88,88,0,0,0,1,0
55,550461,1,1,0,0,0,1,1,47,0,26,12,2014,6,8,11,0,4,4,CR-A,,0,43.70383889,-88.95149167,0,1,0,0,1,1,0,4,1,1,0,1,0,0000000,8,11,8,26,8,48,0,0,0,1,0
55,550462,1,1,0,0,0,1,1,87,0,31,12,2014,4,23,9,0,6,5,KLINER RD,,0,44.48720833,-88.55404722,0,53,0,0,1,1,0,4,2,10,0,10,0,0000000,23,10,23,24,99,99,0,0,0,1,1
55,550463,2,2,0,0,0,2,2,131,1890,1,12,2014,2,11,42,1,12,2,US-41,,0,43.25357222,-88.18155278,0,57,0,1,19,1,1,3,1,1,0,1,0,0000000,11,47,11,59,99,99,3,0,0,1,0
55,550464,3,3,0,0,0,4,4,27,0,15,8,2014,6,16,0,0,4,4,CR-A,INDIAN HILLS TRL,0,43.46933056,-88.77187778,0,12,1,0,3,3,0,1,1,1,0,1,0,0000000,99,99,99,99,99,99,0,0,0,1,0
56,560001,1,1,0,0,0,5,5,21,0,7,1,2014,3,4,0,1,1,1,I-25,,279,41.3865,-104.8725,0,51,0,0,1,1,0,1,2,6,0,6,0,0000000,4,5,4,18,5,38,0,0,0,1,0
56,560002,1,1,0,0,0,1,1,33,0,8,1,2014,4,17,53,0,4,3,SR-336,,72,44.83666389,-106.8292056,0,10,0,0,6,1,0,1,2,1,0,1,0,098798K,17,59,18,7,88,88,0,0,0,1,1
56,560003,2,2,0,0,0,3,3,13,0,17,1,2014,6,16,50,0,3,3,SR-28,,343,42.3748,-108.9039,0,12,2,0,1,1,0,1,1,1,0,1,0,0000000,16,54,17,31,20,26,0,0,0,1,0
56,560004,1,1,0,0,0,1,1,5,310,16,1,2014,5,20,56,0,16,6,SOUTH GARNER LAKE RD,,0,44.26655278,-105.45985,0,35,0,0,1,1,0,4,2,1,0,1,0,0000000,20,56,21,4,21,19,0,0,0,1,1
56,560005,2,2,0,0,0,6,6,5,310,27,1,2014,2,6,30,0,13,2,US-14/16 (SR59),,1169,44.3247,-105.53,0,12,6,0,1,1,0,1,2,1,0,1,0,0000000,6,37,6,45,6,50,0,0,0,1,0
56,560006,1,1,0,0,0,2,2,7,0,29,1,2014,4,7,20,1,1,1,I-80,,2036,41.7831,-107.4205,0,31,0,0,1,1,0,4,1,1,0,1,0,0000000,7,22,7,32,8,6,0,0,0,1,0
56,560007,2,2,0,0,0,3,3,25,90,2,1,2014,5,13,50,0,13,3,SR-258 WYOMING BLVD,,116,42.80592778,-106.3502306,0,12,6,0,1,1,0,1,1,7,0,7,0,0000000,13,56,14,4,14,33,0,0,0,1,0
56,560008,2,1,1,0,2,1,3,7,0,11,2,2014,3,6,45,1,1,1,I-80,,2099,41.77812222,-107.2908083,0,14,0,0,1,1,0,2,4,1,0,1,0,0000000,6,48,6,53,88,88,0,0,0,1,0
56,560009,1,1,0,0,0,1,1,7,0,12,2,2014,4,11,0,1,1,1,I-80,,2798,41.5445,-106.0845,0,1,0,0,1,1,0,1,1,11,7,11,0,0000000,11,8,11,42,88,88,0,0,0,1,0
56,560010,1,1,0,1,1,1,1,21,100,21,2,2014,6,19,57,0,13,2,US-30 E LINCOLNWAY,CROOK AVE,0,41.13843333,-104.7888111,0,8,0,0,2,2,0,1,2,1,0,1,0,0000000,19,56,19,56,20,6,0,0,0,1,0
56,560011,2,2,0,0,0,12,12,13,0,6,3,2014,5,12,50,1,2,2,US-26,,293,43.71958889,-110.0143083,0,12,6,0,1,1,0,2,1,10,0,10,0,0000000,12,55,13,22,15,57,0,0,0,2,0