STATE,ST_CASE,VE_TOTAL,VE_FORMS,PVH_INVL,PEDS,PERNOTMVIT,PERMVIT,PERSONS,COUNTY,CITY,DAY,MONTH,YEAR,DAY_WEEK,HOUR,MINUTE,NHS,ROAD_FNC,ROUTE,TWAY_ID,TWAY_ID2,MILEPT,LATITUDE,LONGITUD,SP_JUR,HARM_EV,MAN_COLL,RELJCT1,RELJCT2,TYP_INT,WRK_ZONE,REL_ROAD,LGT_COND,WEATHER1,WEATHER2,WEATHER,SCH_BUS,RAIL,NOT_HOUR,NOT_MIN,ARR_HOUR,ARR_MIN,HOSP_HR,HOSP_MN,CF1,CF2,CF3,FATALS,DRUNK_DR
6,60284,2,2,0,1,1,3,3,61,0,25,2,2014,3,19,43,0,2,3,SR-49,,72,38.95399167,-121.1008139,0,8,0,0,1,1,0,1,2,10,0,10,0,0000000,99,99,99,99,88,88,0,0,0,1,0
6,60285,1,1,0,0,0,1,1,53,0,25,2,2014,3,99,99,0,4,4,CR-METZ ROAD,,0,36.42318889,-121.2872194,0,43,0,0,1,1,0,2,2,1,0,1,0,0000000,99,99,99,99,88,88,0,0,0,1,1
6,60286,3,3,0,0,0,8,8,77,0,21,2,2014,6,15,45,0,4,4,CR-AHERN RD,LINNE RD,0,37.69617778,-121.3590278,0,12,1,0,2,3,0,1,1,1,0,1,0,0000000,99,99,99,99,99,99,0,0,0,1,0
6,60287,6,6,0,1,1,9,9,59,470,23,2,2014,1,18,56,0,13,6,LA PALMA AVE,BUENA PARK DOWNTOWN,0,33.8467,-117.9875,0,12,6,0,2,2,0,1,3,1,0,1,0,0000000,99,99,99,99,99,99,0,0,0,1,0
6,60288,1,1,0,0,0,1,1,7,0,26,2,2014,4,99,99,0,6,4,CR-SWEDES FLAT RD,,0,39.4458,-121.384,0,1,0,0,1,1,0,4,2,1,0,1,0,0000000,99,99,99,99,88,88,4,0,0,1,1
6,60289,1,1,0,1,1,1,1,73,0,16,2,2014,1,18,35,0,5,4,CR-OLD HWY 80,CAMPO ST,0,32.66813611,-116.3000889,0,15,0,0,2,3,0,1,2,1,0,1,0,0000000,99,99,99,99,88,88,0,0,0,1,0
6,60290,1,1,0,1,1,2,2,73,710,22,2,2014,7,0,50,1,11,1,I-5,,70,32.61748333,-117.0913889,0,8,0,0,1,1,0,1,3,1,0,1,0,0000000,99,99,99,99,88,88,0,0,0,1,1
6,60291,2,2,0,0,0,2,2,59,1345,21,2,2014,6,17,51,0,14,6,SLATER AVE,MAGNOLIA ST,0,33.70849444,-117.9717,0,12,6,0,2,2,0,1,5,1,0,1,0,0000000,99,99,99,99,99,99,0,0,0,1,0
6,60292,1,1,0,1,1,1,1,73,3260,23,2,2014,1,19,6,0,15,6,UNIVERSITY AVE,,0,32.74843056,-117.1539472,0,8,0,0,1,1,0,1,3,1,0,1,0,0000000,99,99,99,99,99,99,0,0,0,1,0
6,60293,2,2,0,1,1,2,2,65,250,21,2,2014,6,18,32,1,11,1,I-10,,136,33.92411944,-116.8809833,0,8,0,0,1,1,0,1,1,1,0,1,0,0000000,99,99,99,99,88,88,0,0,0,1,0
6,60294,2,2,0,0,0,2,2,95,1260,25,2,2014,3,18,50,0,12,6,AIR BASE PARKWAY,WILEY LANE,0,38.27235278,-121.9786611,0,12,6,0,2,3,0,1,2,1,0,1,0,0000000,99,99,99,99,99,99,0,0,0,1,0
6,60295,1,1,0,0,0,2,2,107,0,24,2,2014,2,7,0,0,5,4,CR-ROAD 248,,0,35.97526944,-119.0179889,0,42,0,0,1,1,0,4,1,1,0,1,0,0000000,99,99,99,99,88,88,0,0,0,2,0
6,60296,1,1,0,1,1,1,1,73,2510,24,2,2014,2,18,10,0,13,6,OCEANSIDE BLVD,,0,33.19391667,-117.3555083,0,8,0,0,1,1,0,1,3,1,0,1,0,0000000,99,99,99,99,99,99,0,0,0,1,0
6,60297,1,1,0,0,0,1,1,13,2790,27,2,2014,5,23,37,0,13,6,W 10TH ST,,0,38.02944722,-121.8973278,0,33,0,0,1,1,0,4,3,10,0,10,0,0000000,99,99,99,99,88,88,0,0,0,1,1
6,60298,1,1,0,1,1,1,1,37,2749,26,2,2014,4,23,58,0,13,6,WASHINGTON BLVD,,0,33.98592778,-118.1023194,0,9,0,0,1,1,0,1,3,10,0,10,0,0000000,99,99,99,99,99,99,0,0,0,1,0
6,60299,2,2,0,0,0,2,2,71,3210,22,2,2014,7,2,36,0,14,6,W KENDALL DR,N UNIVERSITY PKWY,0,34.17618611,-117.3309833,0,12,6,0,2,2,0,1,3,1,0,1,0,0000000,99,99,99,99,99,99,0,0,0,1,2
6,60300,1,1,0,1,1,2,2,71,3210,27,2,2014,5,22,11,0,16,6,W 20TH STREET,N EMMA RD,0,34.13320833,-117.3332944,0,15,0,0,2,2,0,1,3,10,0,10,0,0000000,99,99,99,99,99,99,0,0,0,1,0
6,60301,3,3,0,0,0,4,4,73,0,27,2,2014,5,6,53,0,2,3,SR-76,,150,33.31518889,-117.19395,0,12,8,0,1,1,0,1,4,2,10,2,0,0000000,99,99,99,99,99,99,0,0,0,1,0
6,60302,2,2,0,0,0,2,2,113,4163,6,2,2014,5,2,2,1,11,1,I-80,,116,38.59815,-121.5477806,0,12,2,0,1,1,0,1,2,2,10,2,0,0000000,99,99,99,99,88,88,0,0,0,1,1
6,60303,1,1,0,0,0,1,1,65,0,24,2,2014,2,4,37,1,11,1,I-215 RAMP,,344,33.890875,-117.2720583,0,30,0,1,5,1,1,2,3,1,0,1,0,0000000,99,99,99,99,88,88,0,0,0,1,1
6,60304,1,1,0,1,1,3,3,73,3260,22,2,2014,7,5,3,1,11,1,I-8,,25,32.76111111,-117.1671306,0,8,0,0,1,1,0,2,2,1,0,1,0,0000000,99,99,99,99,99,99,19,0,0,1,0
6,60305,2,2,0,0,0,2,2,1,2480,28,2,2014,6,4,55,1,12,3,SR-24,,25,37.83350556,-122.265725,0,12,1,0,1,1,0,1,2,2,10,2,0,0000000,99,99,99,99,99,99,5,0,0,1,0
6,60306,2,2,0,0,0,3,3,79,2705,26,2,2014,4,15,59,1,12,3,SR-46,UNION ROAD,318,35.65538333,-120.5339278,0,12,6,0,2,2,0,1,1,10,0,10,0,0000000,99,99,99,99,88,88,0,0,0,2,1
6,60307,1,1,0,1,1,1,1,37,1670,28,2,2014,6,2,50,0,14,6,STATE ST,,0,33.97706111,-118.2124333,0,8,0,0,1,1,0,1,3,2,10,2,0,0000000,99,99,99,99,88,88,0,0,0,1,0
6,60308,2,2,0,0,0,2,2,67,0,23,2,2014,1,11,50,0,3,4,CR-WALERGA RD,SHANDWICK DR,0,38.71662778,-121.3643333,0,12,7,0,2,2,0,1,1,1,0,1,0,0000000,99,99,99,99,88,88,0,0,0,1,0
6,60309,1,1,0,0,0,1,1,13,2090,2,2,2014,1,99,99,1,12,3,SR-4 RAMP,,85,37.99074444,-122.1280194,0,42,0,1,5,1,0,4,1,2,10,2,0,0000000,99,99,99,99,99,99,0,0,0,1,0
6,60310,1,1,0,0,0,1,1,37,1980,28,2,2014,6,5,10,0,13,6,FLORENCE AVE,,0,33.97456111,-118.3151639,0,42,0,0,1,1,0,4,3,2,0,2,0,0000000,99,99,99,99,88,88,0,0,0,1,0
6,60311,1,1,0,1,1,1,1,65,0,27,2,2014,5,3,12,0,4,6,CAJALCO ROAD,,0,33.83711944,-117.29515,0,8,0,0,1,1,0,1,2,10,0,10,0,0000000,99,99,99,99,88,88,0,0,0,1,0
6,60312,1,1,0,1,1,2,2,59,3420,26,2,2014,4,13,21,0,13,6,1ST STREET,EUCLID STREET,0,33.74503889,-117.9374417,0,8,0,0,3,2,0,1,1,1,0,1,0,0000000,99,99,99,99,99,99,0,0,0,1,0
6,60313,2,2,0,0,0,2,2,73,560,24,2,2014,2,21,55,0,13,6,RANCHO SANTA FE,CALLE BARCELONA,0,33.07216667,-117.2423917,0,12,6,0,2,2,0,1,3,1,0,1,0,0000000,99,99,99,99,99,99,0,0,0,1,2
6,60314,2,2,0,0,0,6,6,37,3455,1,3,2014,7,0,8,0,13,6,NORWALK BL,,0,33.94934722,-118.0726861,0,33,0,0,1,1,0,4,3,1,0,1,0,0000000,99,99,99,99,99,99,0,0,0,2,1
6,60315,3,2,1,0,0,6,6,37,0,22,2,2014,7,16,55,0,3,4,CR-COMPTON BL,FRAILEY AVE,0,33.89615,-118.1912611,0,44,0,0,2,3,0,1,1,1,0,1,0,0000000,99,99,99,99,99,99,19,0,0,1,0
6,60316,2,2,0,0,0,3,3,37,0,28,2,2014,6,2,45,1,11,1,I-105,,102,33.92909722,-118.2270222,0,12,7,0,1,1,0,1,3,2,10,2,0,0000000,99,99,99,99,99,99,0,0,0,1,0
6,60317,2,2,0,0,0,3,3,59,1345,25,2,2014,3,16,16,0,14,6,ELLIS AVE,BUSHARD ST,0,33.69408056,-117.9628583,0,12,6,0,2,2,0,1,1,1,0,1,0,0000000,99,99,99,99,88,88,0,0,0,1,1
6,60318,1,1,0,0,0,2,2,37,0,28,2,2014,6,10,50,0,3,4,CR-AVENUE S,CR-TOVEY AVENUE,0,34.55801389,-118.1499917,0,33,0,0,3,3,0,4,1,2,10,2,0,0000000,99,99,99,99,99,99,0,0,0,1,0
6,60319,2,2,0,4,4,6,6,71,0,1,3,2014,7,14,37,0,6,4,CR-FALLS RD,,0,34.08131667,-116.8937639,0,8,0,0,1,1,0,1,1,10,0,10,0,0000000,99,99,99,99,99,99,0,0,0,1,0
6,60320,1,1,0,1,1,1,1,75,9997,25,2,2014,3,18,30,1,11,1,I-280,,261,37.68909167,-122.4707056,0,8,0,0,1,1,0,1,2,10,0,10,0,0000000,99,99,99,99,88,88,0,0,0,1,0
6,60321,2,2,0,0,0,3,3,29,0,28,2,2014,6,13,0,1,2,3,SR-46,,433,35.6011,-119.4858861,0,12,6,0,1,1,0,1,1,2,10,2,0,0000000,99,99,99,99,99,99,0,0,0,1,0
6,60322,1,1,0,1,1,1,1,37,1980,26,2,2014,4,5,28,1,11,1,I-405,,338,34.08253056,-118.4744389,0,8,0,0,1,1,4,1,2,10,0,10,0,0000000,99,99,99,99,88,88,0,0,0,1,0
6,60323,1,1,0,0,0,2,2,97,3089,28,2,2014,6,19,56,0,15,6,COMMERCE BLVD,,0,38.33854722,-122.7123111,0,33,0,0,1,1,0,4,3,2,10,2,0,0000000,99,99,99,99,99,99,0,0,0,1,1
6,60324,2,2,0,0,0,3,3,1,1364,3,3,2014,2,0,14,0,14,6,OSGOOD RD,,0,37.5224,-121.9475972,0,12,2,0,1,1,0,1,3,10,0,10,0,0000000,99,99,99,99,99,99,0,0,0,1,2
6,60325,1,1,0,0,0,1,1,71,4040,1,3,2014,7,14,45,1,1,1,I-15,,469,34.58371111,-117.2657,0,25,0,0,1,1,0,3,1,2,10,2,0,0000000,99,99,99,99,88,88,0,0,0,1,0
6,60326,2,2,0,0,0,2,2,83,0,26,2,2014,4,14,38,0,12,3,SR-154,,298,34.47074444,-119.777975,0,33,0,0,1,1,0,4,1,2,10,2,0,0000000,99,99,99,99,99,99,0,0,0,1,0
6,60327,2,2,0,0,0,4,4,59,1380,1,3,2014,7,16,25,1,11,1,I-91 RAMP,,423,33.85836667,-117.9820639,0,12,6,0,20,1,0,1,1,2,10,2,0,0000000,99,99,99,99,99,99,0,0,0,1,0
6,60328,2,2,0,0,0,2,2,59,3420,3,3,2014,2,5,10,0,16,6,SUSAN ST,,0,33.71278056,-117.9127694,0,12,2,0,1,1,0,1,3,1,0,1,0,0000000,99,99,99,99,99,99,0,0,0,1,1
6,60329,1,1,0,0,0,2,2,71,0,2,3,2014,1,9,30,0,2,3,SR-127,,246,35.58528889,-116.2246306,0,35,0,0,1,1,0,4,1,10,0,10,0,0000000,99,99,99,99,99,99,0,0,0,1,0
6,60330,1,1,0,1,1,3,3,67,2934,2,3,2014,1,17,57,0,14,6,ZINFANDEL DR,,0,38.580125,-121.2827389,0,8,0,0,1,1,0,1,5,10,0,10,0,0000000,99,99,99,99,99,99,0,0,0,1,0
6,60331,1,1,0,0,0,1,1,25,0,28,2,2014,6,99,99,1,1,1,I-8,,338,32.7736,-115.6337,0,1,0,0,1,1,0,3,2,10,0,10,0,0000000,99,99,99,99,88,88,0,0,0,1,0
6,60332,1,1,0,0,0,1,1,107,0,1,3,2014,7,6,15,1,2,3,SR-65,,233,36.12248611,-119.0553139,0,38,0,0,1,1,0,5,4,1,0,1,0,0000000,99,99,99,99,99,99,0,0,0,1,1
6,60333,1,1,0,1,1,2,2,101,4280,1,3,2014,7,5,30,1,12,3,SR-20,,135,39.14145278,-121.6743833,0,8,0,0,1,1,0,1,2,10,0,10,0,0000000,99,99,99,99,88,88,0,0,0,1,0
6,60334,1,1,0,1,1,1,1,19,0,6,3,2014,5,19,15,1,2,3,SR-180,,507,36.73536944,-119.9127139,0,8,0,0,1,1,0,1,2,1,0,1,0,0000000,99,99,99,99,88,88,0,0,0,1,0
6,60335,3,3,0,0,0,5,5,73,3260,8,3,2014,7,15,47,1,11,1,I-8,,39,32.77000278,-117.1399639,0,12,1,1,18,1,0,1,1,1,0,1,0,0000000,99,99,99,99,99,99,28,0,0,1,0
6,60336,2,2,0,0,0,6,6,19,0,26,2,2014,4,17,25,0,5,4,CR-BELMONT AVE,CR-MONROE AVE,0,36.74974167,-119.9431778,0,12,6,0,2,2,0,1,5,2,10,2,0,0000000,99,99,99,99,99,99,0,0,0,3,1
6,60337,1,1,0,1,1,1,1,37,2110,3,3,2014,2,5,55,0,13,6,SLAUSON AVE,,0,33.98788611,-118.1928778,0,8,0,0,1,1,0,1,4,10,0,10,0,0000000,99,99,99,99,99,99,0,0,0,1,0
6,60338,1,1,0,0,0,1,1,71,3000,8,3,2014,7,22,19,1,11,1,I-10,,205,34.06899167,-117.3601056,0,1,0,0,1,1,0,1,2,1,0,1,0,0000000,99,99,99,99,99,99,0,0,0,1,0
6,60339,2,2,0,0,0,3,3,71,0,7,3,2014,6,6,55,1,1,1,I-15,,1522,35.38778889,-115.8473111,0,12,1,0,1,1,0,1,1,1,0,1,0,0000000,99,99,99,99,99,99,0,0,0,1,0
6,60340,1,1,0,1,1,3,3,1,1364,8,3,2014,7,22,35,1,11,1,I-80,,74,37.53223611,-122.0065556,0,8,0,0,1,1,0,1,3,10,0,10,0,0000000,99,99,99,99,88,88,0,0,0,1,0
6,60341,1,1,0,0,0,3,3,37,4120,8,3,2014,7,22,46,0,16,6,HOLLENBECK STREET,,0,34.05308333,-117.8991889,0,42,0,0,1,1,0,4,3,1,0,1,0,0000000,99,99,99,99,99,99,0,0,0,1,1
6,60342,1,1,0,0,0,1,1,1,0,8,3,2014,7,22,40,1,1,1,I-580,,0,37.74011944,-121.5863306,0,24,0,0,1,1,0,4,2,1,0,1,0,0000000,99,99,99,99,88,88,0,0,0,1,0
6,60343,1,1,0,0,0,1,1,29,0,8,3,2014,7,4,10,0,2,3,SR-58,,205,35.36555,-119.5776694,0,30,0,0,1,1,0,4,2,1,0,1,0,0000000,99,99,99,99,88,88,0,0,0,1,1
6,60344,1,1,0,1,1,1,1,1,1364,3,3,2014,2,5,55,0,13,6,WASHINGTON BLVD,OLIVE AVE,0,37.53333056,-121.94975,0,8,0,0,2,2,0,1,3,1,0,1,0,0000000,99,99,99,99,88,88,0,0,0,1,0
6,60345,2,2,0,0,0,3,3,71,0,8,3,2014,7,5,15,1,1,1,I-15,,1846,35.58455,-115.4013,0,12,1,0,1,1,0,1,4,1,0,1,0,0000000,99,99,99,99,88,88,0,0,0,1,0
6,60346,3,3,0,0,0,4,4,1,2480,9,3,2014,1,15,10,1,11,1,I-880,,252,37.73728333,-122.1932139,0,12,7,0,1,1,0,1,1,1,0,1,0,0000000,99,99,99,99,99,99,14,0,0,1,0
6,60347,1,1,0,0,0,1,1,29,0,9,3,2014,1,18,10,0,2,3,SR-119,,167,35.26743056,-119.2793806,0,1,0,0,1,1,0,4,1,1,0,1,0,0000000,99,99,99,99,88,88,0,0,0,1,0
6,60348,2,2,0,0,0,2,2,101,0,3,3,2014,2,12,0,0,2,3,SR-99,,361,39.21933056,-121.6409611,0,12,6,0,8,1,0,1,1,10,2,2,0,0000000,99,99,99,99,88,88,0,0,0,1,0
6,60349,1,1,0,1,1,5,5,83,0,9,3,2014,1,19,45,0,4,4,CR-SAN MIGUELITO ROAD,,0,34.60388889,-120.4639,0,8,0,0,1,1,0,1,2,1,0,1,0,0000000,99,99,99,99,99,99,0,0,0,1,1
6,60350,1,1,0,1,1,1,1,73,710,3,3,2014,2,16,11,0,15,6,EAST J ST,,0,32.63245556,-117.0567972,0,9,0,0,1,1,0,1,1,1,0,1,0,0000000,99,99,99,99,99,99,0,0,0,1,0
6,60351,2,2,0,0,0,3,3,71,1305,8,3,2014,7,13,3,0,14,6,SANTA ANA AVE,PRODUCTION AVE,0,34.05569722,-117.4318389,0,12,6,0,2,2,0,1,1,1,0,1,0,0000000,99,99,99,99,99,99,0,0,0,1,0
6,60352,2,2,0,0,0,2,2,71,4291,3,3,2014,2,17,8,0,15,6,BUENA VISTA DR,SURREY CT,0,34.16405,-116.397975,0,12,6,0,2,2,0,1,5,1,0,1,0,0000000,99,99,99,99,88,88,0,0,0,1,1
6,60353,1,1,0,1,1,1,1,85,3340,9,3,2014,1,4,15,0,12,3,SR-85,,35,37.24799722,-121.8316111,0,8,0,0,1,1,0,1,3,10,0,10,0,0000000,99,99,99,99,88,88,0,0,0,1,0
6,60354,1,1,0,1,1,1,1,37,1430,9,3,2014,1,7,12,0,13,6,GLENDALE AVE,CALIFORNIA AVE,0,34.14996944,-118.2456806,0,9,0,0,2,2,0,1,1,1,0,1,0,0000000,99,99,99,99,99,99,0,0,0,1,0
6,60355,2,2,0,1,1,2,2,85,3340,4,3,2014,3,3,14,1,11,1,I-280 RAMP,,58,37.31751944,-121.9750806,0,8,0,1,20,1,0,1,2,10,0,10,0,0000000,99,99,99,99,88,88,0,0,0,1,0
6,60356,1,1,0,0,0,1,1,95,4010,9,3,2014,1,13,40,1,1,1,I-80,,234,38.32981944,-122.0212806,0,16,0,0,1,1,0,1,1,10,0,10,0,0000000,99,99,99,99,88,88,0,0,0,1,0
6,60357,1,1,0,1,1,1,1,59,1713,10,3,2014,2,21,3,1,11,1,I-405,,3,33.64453889,-117.7362389,0,8,0,1,18,1,0,1,3,1,0,1,0,0000000,99,99,99,99,88,88,0,0,0,1,0
6,60358,3,3,0,0,0,7,7,19,1370,10,3,2014,2,0,59,1,12,3,SR-99,,154,36.67285,-119.7353194,0,12,2,0,1,1,0,1,2,1,0,1,0,0000000,99,99,99,99,99,99,14,0,0,1,1
6,60359,1,1,0,1,1,1,1,65,1846,4,3,2014,3,13,21,0,13,6,FRED WARING DR,,0,33.72901944,-116.2988611,0,8,0,0,1,1,0,1,1,1,0,1,0,0000000,99,99,99,99,88,88,0,0,0,1,0
6,60360,1,1,0,1,1,1,1,37,2870,10,3,2014,2,20,36,0,13,6,HOLT AVE,,0,34.06193889,-117.7674,0,8,0,0,1,1,0,1,3,1,0,1,0,0000000,99,99,99,99,88,88,0,0,0,1,0
6,60361,1,1,0,0,0,3,3,77,0,22,2,2014,7,19,55,1,1,1,I-580,,138,37.74281389,-121.5351167,0,38,0,0,1,1,0,4,2,1,0,1,0,0000000,99,99,99,99,99,99,0,0,0,1,1
6,60362,3,3,0,0,0,3,3,37,2684,12,3,2014,4,7,25,1,11,1,I-105,,139,33.91091944,-118.1738806,0,12,1,1,18,1,0,1,1,10,0,10,0,0000000,99,99,99,99,99,99,28,0,0,1,0
6,60363,1,1,0,1,1,1,1,13,15,4,3,2014,3,18,35,1,13,6,DANVILLE BLVD,,0,37.847575,-122.0309333,0,8,0,0,1,1,0,1,2,10,0,10,0,0000000,99,99,99,99,99,99,0,0,0,1,0
6,60364,2,2,0,0,0,2,2,37,1980,13,3,2014,5,11,50,0,14,6,TUJUNGA AVENUE,KESWICK STREET,0,34.21025833,-118.3790278,0,1,0,0,2,2,0,1,1,1,0,1,0,0000000,99,99,99,99,99,99,0,0,0,1,0
6,60365,3,3,0,0,0,4,4,57,0,4,3,2014,3,20,18,1,2,3,SR-20,,61,39.2032,-121.1785306,0,12,8,0,1,1,0,1,2,1,0,1,0,0000000,99,99,99,99,99,99,0,0,0,1,0
6,60366,2,2,0,0,0,2,2,81,0,13,3,2014,5,13,45,0,2,3,SR-35,,21,37.30905,-122.1680667,0,1,0,0,1,1,0,1,1,1,0,1,0,0000000,99,99,99,99,88,88,0,0,0,1,0
6,60367,1,1,0,0,0,4,4,85,3340,9,3,2014,1,1,37,0,13,6,SANTA CLARA ST,,0,37.34713611,-121.8674139,0,42,0,0,1,1,0,5,3,1,0,1,0,0000000,99,99,99,99,99,99,0,0,0,1,1
6,60368,1,1,0,1,1,2,2,73,0,13,3,2014,5,19,20,0,3,4,CR-DEHESA ROAD,,0,32.79026667,-116.8389611,0,8,0,0,1,1,0,1,2,1,0,1,0,0000000,99,99,99,99,88,88,0,0,0,1,0
6,60369,1,1,0,1,1,1,1,71,0,26,2,2014,4,99,99,0,3,4,CR-SAN BERNARDINO AVE,,0,34.07721944,-117.5102611,0,8,0,0,1,1,0,1,2,10,0,10,0,0000000,99,99,99,99,88,88,0,0,0,1,0
6,60370,4,1,3,0,0,3,3,59,80,9,3,2014,1,22,7,0,14,6,S EAST ST,,0,33.82843889,-117.8995139,0,14,0,0,1,1,0,2,3,1,0,1,0,0000000,99,99,99,99,99,99,14,0,0,2,1
6,60371,2,2,0,0,0,2,2,107,0,14,3,2014,6,18,40,1,2,3,SR-99 RAMP,SR-190,184,36.05128056,-119.3091694,0,12,2,1,2,3,0,1,1,1,0,1,0,0000000,99,99,99,99,99,99,0,0,0,1,0
6,60372,1,1,0,1,1,1,1,45,0,17,3,2014,2,20,0,0,2,3,SR-1,,589,39.40696111,-123.8087389,0,8,0,0,1,1,0,1,2,1,0,1,0,0000000,99,99,99,99,88,88,0,0,0,1,0
6,60373,1,1,0,0,0,2,2,17,0,18,3,2014,3,12,18,0,5,4,CR-WENTWORTH SPRINGS ROAD,,0,38.92214722,-120.8029361,0,42,0,0,1,1,0,2,1,1,0,1,0,0000000,99,99,99,99,99,99,0,0,0,1,0
6,60374,1,1,0,0,0,4,4,71,0,13,3,2014,5,20,30,0,13,4,CR-5TH ST,,0,34.10829167,-117.2739611,0,33,0,0,1,1,0,4,2,1,0,1,0,0000000,99,99,99,99,99,99,0,0,0,4,1
6,60375,1,1,0,1,1,1,1,13,2790,12,3,2014,4,4,48,0,14,6,LOVERIDGE ROAD,,0,38.00907222,-121.8706528,0,9,0,0,1,1,0,1,3,1,0,1,0,0000000,99,99,99,99,99,99,0,0,0,1,0
6,60376,2,2,0,0,0,5,5,7,0,14,3,2014,6,18,51,0,6,4,CR-CHEROKEE ROAD,,0,39.65075,-121.5510194,0,1,0,0,1,1,0,1,1,1,0,1,0,0000000,99,99,99,99,88,88,14,0,0,1,0
6,60377,1,1,0,0,0,1,1,67,3150,5,3,2014,4,6,22,1,12,2,US-50,,24,38.559,-121.47485,0,21,0,1,19,1,0,4,3,10,0,10,0,0000000,99,99,99,99,88,88,0,0,0,1,0
6,60378,1,1,0,0,0,1,1,37,1110,22,2,2014,7,20,58,0,15,6,BRYANT RD,,0,34.079175,-118.0229528,0,33,0,0,1,1,0,4,3,1,0,1,0,0000000,99,99,99,99,88,88,0,0,0,1,0
6,60379,2,1,1,0,0,2,2,37,1980,19,3,2014,4,14,50,0,14,6,CHAUTAUQUA BL,,0,34.03552222,-118.5194028,0,14,0,0,1,1,0,7,1,1,0,1,0,0000000,99,99,99,99,99,99,0,0,0,1,0
6,60380,2,2,0,0,0,2,2,99,2200,17,3,2014,2,17,27,0,12,3,SR-108,CORALWOOD ROAD,265,37.69549444,-120.9943944,0,1,0,0,2,3,0,1,1,1,0,1,0,0000000,99,99,99,99,99,99,14,0,0,1,1
6,60381,1,1,0,0,0,1,1,45,0,5,3,2014,4,17,30,0,2,3,SR-162,,184,39.70529167,-123.3060028,0,1,0,0,1,1,0,5,5,10,2,2,0,0000000,99,99,99,99,88,88,18,0,0,1,0
6,60382,2,2,0,0,0,3,3,111,3641,28,2,2014,6,10,15,1,12,3,SR-118,,258,34.2824,-118.7438111,0,12,6,1,18,1,0,1,1,2,10,2,0,0000000,99,99,99,99,99,99,0,0,0,1,0
6,60383,2,2,0,0,0,2,2,23,0,17,3,2014,2,23,11,0,2,3,SR-36,,59,40.53391111,-124.0473111,0,12,2,0,1,1,0,1,3,1,0,1,0,0000000,99,99,99,99,88,88,0,0,0,1,1
6,60384,1,1,0,0,0,2,2,37,0,14,3,2014,6,19,45,0,4,4,CR-LAKE HUGHES RD,,0,34.57706944,-118.5565694,0,35,0,0,1,1,0,4,2,1,0,1,0,0000000,99,99,99,99,99,99,0,0,0,1,0
6,60385,1,1,0,0,0,1,1,111,0,19,3,2014,4,23,45,0,4,4,CR-FOOTHILL RD,,0,34.31473056,-119.14565,0,35,0,0,1,1,0,4,2,1,0,1,0,0000000,99,99,99,99,99,99,0,0,0,1,1
6,60386,2,2,0,0,0,3,3,71,4000,18,3,2014,3,6,0,0,13,6,FOOTHILL BLVD,,0,34.10691389,-117.6790722,0,12,6,0,8,1,0,1,3,1,0,1,0,0000000,99,99,99,99,99,99,0,0,0,1,0
6,60387,1,1,0,0,0,2,2,51,0,5,3,2014,4,5,15,0,4,4,CR-LUNDY LAKE RD,,0,38.04528889,-119.1609111,0,44,0,0,1,1,0,1,4,10,0,10,0,0000000,99,99,99,99,99,99,0,0,0,1,1
6,60388,1,1,0,0,0,1,1,37,3445,14,3,2014,6,21,35,0,16,6,ROSEHAVEN LN,,0,34.42854167,-118.409325,0,38,0,0,1,1,0,5,3,1,0,1,0,0000000,99,99,99,99,99,99,0,0,0,1,0
6,60389,2,2,0,0,0,3,3,55,0,18,3,2014,3,7,7,0,4,4,CR-SILVERADO TRAIL,,0,38.34061111,-122.2636111,0,12,2,0,1,1,0,1,4,1,0,1,0,0000000,99,99,99,99,99,99,0,0,0,1,0
6,60390,1,1,0,0,0,1,1,99,0,18,3,2014,3,99,99,0,2,4,CR-CROWS LANDING ROAD,,0,37.44838889,-121.00365,0,1,0,0,1,1,0,5,2,1,0,1,0,0000000,99,99,99,99,88,88,0,0,0,1,1
6,60391,2,2,0,1,1,3,3,85,3340,5,3,2014,4,21,0,0,13,6,ALMADEN EX,,0,37.27229167,-121.8786778,0,8,0,0,1,1,0,1,3,1,0,1,0,0000000,99,99,99,99,88,88,0,0,0,1,0
6,60392,1,1,0,0,0,1,1,89,0,14,3,2014,6,22,45,0,6,4,CR-DEER FLAT RD,,0,40.52037222,-121.6879278,0,42,0,0,1,1,0,5,2,1,0,1,0,0000000,99,99,99,99,99,99,0,0,0,1,1
6,60393,1,1,0,0,0,1,1,73,710,20,3,2014,5,2,7,0,15,6,E ST,,0,32.64765278,-117.0710472,0,33,0,0,1,1,0,4,3,1,0,1,0,0000000,99,99,99,99,99,99,0,0,0,1,1
6,60394,1,1,0,0,0,2,2,79,0,14,3,2014,6,23,35,0,6,4,CR-PICACHIO RD,,0,35.48095278,-120.9226083,0,1,0,0,1,1,0,5,2,1,0,1,0,0000000,99,99,99,99,99,99,0,0,0,1,1