STATE,ST_CASE,VE_TOTAL,VE_FORMS,PVH_INVL,PEDS,PERNOTMVIT,PERMVIT,PERSONS,COUNTY,CITY,DAY,MONTH,YEAR,DAY_WEEK,HOUR,MINUTE,NHS,ROAD_FNC,ROUTE,TWAY_ID,TWAY_ID2,MILEPT,LATITUDE,LONGITUD,SP_JUR,HARM_EV,MAN_COLL,RELJCT1,RELJCT2,TYP_INT,WRK_ZONE,REL_ROAD,LGT_COND,WEATHER1,WEATHER2,WEATHER,SCH_BUS,RAIL,NOT_HOUR,NOT_MIN,ARR_HOUR,ARR_MIN,HOSP_HR,HOSP_MN,CF1,CF2,CF3,FATALS,DRUNK_DR
6,60951,4,4,0,0,0,4,4,17,0,14,6,2014,7,13,30,0,3,4,CR-LOTUS DRIVE,CR-SPRINGVALE ROAD,0,38.74870833,-120.9324639,0,12,6,0,2,3,0,1,1,1,0,1,0,0000000,99,99,99,99,99,99,14,0,0,1,3
6,60952,1,1,0,0,0,3,3,65,0,21,6,2014,7,4,22,0,2,3,SR-60,,247,33.943425,-117.0838889,0,25,0,0,1,1,0,3,2,1,0,1,0,0000000,99,99,99,99,99,99,0,0,0,1,0
6,60953,2,2,0,0,0,3,3,71,3210,16,6,2014,2,19,10,0,15,6,N LITTLE MOUNTAIN DR,,0,34.15618333,-117.3217083,0,12,2,0,1,1,0,1,1,1,0,1,0,0000000,99,99,99,99,99,99,0,0,0,2,1
6,60954,1,1,0,0,0,1,1,95,4010,18,6,2014,4,22,38,0,14,6,ULATIS DR,,0,38.35730833,-121.9549167,0,33,0,0,1,1,0,4,3,1,0,1,0,0000000,99,99,99,99,99,99,0,0,0,1,0
6,60955,1,1,0,0,0,1,1,115,0,21,6,2014,7,12,0,0,3,4,CR-MARYSVILLE RD,,0,39.39326389,-121.1460278,0,33,0,0,1,1,0,4,1,1,0,1,0,0000000,99,99,99,99,88,88,0,0,0,1,0
6,60956,2,2,0,0,0,8,8,77,0,6,5,2014,3,8,32,1,12,3,SR-99,,214,37.99917778,-121.2554528,0,12,6,0,1,1,0,1,1,1,0,1,0,0000000,99,99,99,99,99,99,0,0,0,1,0
6,60957,1,1,0,1,1,1,1,73,3260,21,6,2014,7,99,99,0,13,6,NIMITZ BLVD,,0,32.75391389,-117.2365222,0,15,0,0,1,1,0,1,3,1,0,1,0,0000000,99,99,99,99,88,88,0,0,0,1,0
6,60958,2,2,0,0,0,3,3,9,0,16,6,2014,2,15,50,0,4,4,CR-MOUNTAIN RANCH RD,,0,38.23548056,-120.5243111,0,12,2,0,1,1,0,1,1,1,0,1,0,0000000,99,99,99,99,99,99,0,0,0,1,0
6,60960,2,2,0,0,0,6,6,99,2200,16,6,2014,2,19,13,0,14,6,DALE RD,KAISER DR,0,37.68630278,-121.0498444,0,12,6,0,2,3,0,1,1,1,0,1,0,0000000,99,99,99,99,99,99,0,0,0,2,0
6,60961,2,2,0,0,0,2,2,29,0,23,6,2014,2,15,33,0,2,3,SR-166,,147,35.058775,-119.1420167,0,12,2,0,1,1,0,1,1,1,0,1,0,0000000,99,99,99,99,88,88,0,0,0,1,0
6,60962,1,1,0,0,0,1,1,37,713,24,6,2014,3,5,47,0,14,6,GALE AVE,,0,34.00951667,-117.9591833,0,33,0,0,1,1,0,4,1,1,0,1,0,0000000,99,99,99,99,99,99,0,0,0,1,0
6,60963,2,2,0,1,1,2,2,99,2470,21,6,2014,7,16,53,0,12,3,SR-108,REED RD,366,37.75616944,-120.8742278,0,12,6,0,2,3,0,1,1,1,0,1,0,0000000,99,99,99,99,99,99,15,0,0,1,0
6,60964,2,2,0,0,0,2,2,37,1110,20,6,2014,6,14,33,0,14,6,LOWER AZUSA RD,LA MADERA AV,0,34.08866667,-118.0088861,0,12,6,0,2,2,0,1,1,1,0,1,0,0000000,99,99,99,99,99,99,0,0,0,1,0
6,60965,2,2,0,0,0,4,4,97,0,16,6,2014,2,19,15,0,4,4,CR-RIVER RD,CR-TRENTON RD,0,38.48456667,-122.8423833,0,12,8,0,2,3,0,1,1,1,0,1,0,0000000,99,99,99,99,88,88,0,0,0,1,1
6,60966,3,3,0,0,0,5,5,107,0,24,6,2014,3,19,15,0,2,3,SR-201,RD 56,49,36.51726944,-119.4487,0,12,6,0,2,2,0,1,1,1,0,1,0,0000000,99,99,99,99,99,99,0,0,0,2,0
6,60967,2,2,0,0,0,2,2,87,3450,13,5,2014,3,16,0,1,12,3,SR-1,,163,36.98848889,-122.0112861,0,1,0,0,1,1,0,1,1,1,0,1,0,0000000,99,99,99,99,88,88,14,0,0,1,1
6,60968,2,2,0,0,0,2,2,37,0,22,6,2014,1,19,40,0,4,4,CR-JOHNSON ROAD,,0,34.66273889,-118.32965,0,12,6,0,1,1,0,1,5,1,0,1,0,0000000,99,99,99,99,99,99,0,0,0,1,0
6,60969,1,1,0,1,1,1,1,37,2749,16,6,2014,2,22,50,0,13,6,BEVERLY  BL,,0,34.00569722,-118.0657972,0,8,0,0,1,1,0,1,3,1,0,1,0,0000000,99,99,99,99,88,88,19,0,0,1,0
6,60970,1,1,0,0,0,4,4,37,1980,24,6,2014,3,19,35,0,14,6,HARDING ST,,0,34.311725,-118.4071,0,33,0,0,1,1,0,4,5,1,0,1,0,0000000,99,99,99,99,99,99,0,0,0,2,1
6,60971,2,2,0,0,0,5,5,65,850,24,6,2014,3,21,0,1,11,1,I-15,,393,33.85331944,-117.5355306,0,12,1,0,1,1,0,1,2,1,0,1,0,0000000,99,99,99,99,99,99,0,0,0,1,0
6,60972,1,1,0,1,1,1,1,59,1660,21,6,2014,7,11,25,0,14,6,MAIN ST,FLORIDA ST,0,33.69236944,-117.9912194,0,8,0,0,4,1,0,1,1,1,0,1,0,0000000,99,99,99,99,99,99,0,0,0,1,0
6,60973,2,2,0,0,0,5,5,99,640,24,6,2014,3,11,47,0,15,6,SERVICE ROAD,USTICK ROAD,0,37.58049722,-121.0119167,0,12,6,0,2,2,0,1,1,1,0,1,0,0000000,99,99,99,99,99,99,0,0,0,1,0
6,60974,1,1,0,0,0,1,1,87,0,21,6,2014,7,22,35,0,4,4,CR-QUAIL HOLLOW RD,,0,37.08451944,-122.0644694,0,30,0,0,1,1,0,4,2,1,0,1,0,0000000,99,99,99,99,88,88,0,0,0,1,1
6,60975,2,2,0,0,0,2,2,29,0,26,6,2014,5,23,14,0,4,4,CR-S REAL RD,CR-WOOD LANE,0,35.34495278,-119.0433917,0,12,6,0,2,2,0,1,3,1,0,1,0,0000000,99,99,99,99,99,99,0,0,0,1,0
6,60976,1,1,0,1,1,1,1,37,1845,24,6,2014,3,21,59,0,13,6,AMAR RD,ORANGE AVE,0,34.04885278,-117.9679056,0,8,0,0,3,2,0,1,3,1,0,1,0,0000000,99,99,99,99,88,88,0,0,0,1,0
6,60977,2,1,1,0,0,2,2,37,1980,27,6,2014,6,2,10,0,16,6,DON PIO DR,,0,34.16718333,-118.6045111,0,42,0,0,1,1,0,4,2,1,0,1,0,0000000,99,99,99,99,99,99,0,0,0,1,1
6,60978,1,1,0,1,1,1,1,73,3260,21,6,2014,7,22,23,0,15,6,MISSION BAY DR,,0,32.76893611,-117.2090833,0,8,0,0,1,1,0,1,3,1,0,1,0,0000000,99,99,99,99,99,99,0,0,0,1,0
6,60979,2,2,0,1,1,2,2,37,3870,27,6,2014,6,5,10,1,11,1,I-405,,166,33.87219722,-118.3417583,0,12,2,0,1,1,0,1,2,1,0,1,0,0000000,99,99,99,99,99,99,15,23,0,2,0
6,60980,2,2,0,0,0,2,2,59,80,18,5,2014,1,3,30,1,12,3,SR-91,,138,33.86646944,-117.7641611,0,12,1,0,1,1,0,1,3,1,0,1,0,0000000,99,99,99,99,88,88,0,0,0,1,1
6,60981,1,1,0,0,0,1,1,89,0,22,6,2014,1,8,45,1,1,1,I-5,,370,40.84973056,-122.3416444,0,24,0,0,1,1,0,4,1,1,0,1,0,0000000,99,99,99,99,88,88,0,0,0,1,0
6,60982,1,1,0,0,0,2,2,37,1980,27,6,2014,6,9,4,1,11,1,I-5 RAMP,,380,34.25152778,-118.4289722,0,39,0,1,5,1,0,4,1,1,0,1,0,0000000,99,99,99,99,99,99,0,0,0,1,0
6,60983,2,1,1,0,0,3,3,37,2240,29,6,2014,1,1,25,0,13,6,N GARFIELD AVE,,0,34.01346389,-118.1304,0,14,0,0,1,1,0,7,3,1,0,1,0,0000000,99,99,99,99,99,99,0,0,0,1,1
6,60984,6,6,0,1,1,8,8,37,1980,25,6,2014,4,1,0,1,12,2,US-101,,203,34.17111944,-118.5224083,0,8,0,0,1,1,0,1,3,1,0,1,0,0000000,99,99,99,99,88,88,0,0,0,1,0
6,60985,1,1,0,1,1,1,1,13,110,29,6,2014,1,1,55,1,12,3,SR-4,,269,38.00112778,-121.8271667,0,8,0,0,1,1,0,1,2,1,0,1,0,0000000,99,99,99,99,88,88,0,0,0,1,0
6,60986,1,1,0,0,0,1,1,59,2560,27,6,2014,6,16,2,0,13,6,N TUSTIN ST,,0,33.84111111,-117.8332,0,33,0,0,1,1,0,4,1,1,0,1,0,0000000,99,99,99,99,88,88,0,0,0,1,1
6,60987,1,1,0,0,0,1,1,37,0,22,6,2014,1,13,0,0,6,4,CR-ANGELES FOREST HWY,,0,34.27593889,-118.1655389,0,1,0,0,1,1,0,1,1,1,0,1,0,0000000,99,99,99,99,88,88,0,0,0,1,0
6,60988,1,1,0,0,0,3,3,97,0,29,6,2014,1,4,0,0,2,3,SR-1,,525,38.70071389,-123.4376556,0,31,0,0,1,1,0,5,2,1,0,1,0,0000000,99,99,99,99,99,99,0,0,0,3,1
6,60989,1,1,0,0,0,1,1,19,1370,25,6,2014,4,12,0,0,14,6,BELMONT AVE,,0,36.75046667,-119.7126083,0,1,0,0,1,1,0,1,1,1,0,1,0,0000000,99,99,99,99,99,99,0,0,0,1,0
6,60990,1,1,0,0,0,1,1,81,970,22,6,2014,1,18,59,0,12,3,SR-1 RAMP,,477,37.67855,-122.4724389,0,58,0,1,5,1,0,2,1,1,0,1,0,0000000,99,99,99,99,99,99,0,0,0,1,1
6,60991,4,4,0,0,0,9,9,73,3260,27,6,2014,6,17,0,0,12,3,SR-163,,32,32.75531111,-117.1589,0,12,7,0,1,1,0,1,1,1,0,1,0,0000000,99,99,99,99,99,99,14,0,0,1,0
6,60992,1,1,0,0,0,2,2,19,0,25,6,2014,4,12,48,0,2,3,SR-168,,544,37.15791944,-119.2364389,0,17,0,0,1,1,0,4,1,1,0,1,0,0000000,99,99,99,99,99,99,0,0,0,1,1
6,60993,1,1,0,0,0,2,2,109,0,29,6,2014,1,22,30,0,6,4,CR-FOREST RTE 5N01,,0,38.182425,-119.4607278,0,17,0,0,1,1,0,5,2,1,0,1,0,0000000,99,99,99,99,99,99,0,0,0,1,1
6,60994,2,2,0,0,0,2,2,65,0,30,6,2014,2,14,25,0,2,3,SR-243,,200,33.85341111,-116.8307778,0,12,2,0,1,1,0,1,1,1,0,1,0,0000000,99,99,99,99,88,88,0,0,0,1,0
6,60995,3,3,0,0,0,3,3,97,3490,25,6,2014,4,15,14,1,12,2,US-101,,224,38.46796111,-122.7284111,0,1,0,0,1,1,0,1,1,1,0,1,0,0000000,99,99,99,99,99,99,14,0,0,1,0
6,60996,1,1,0,1,1,1,1,1,2480,1,7,2014,3,4,17,1,11,1,I-880,,247,37.73191111,-122.1885611,0,8,0,1,18,1,0,1,2,1,0,1,0,0000000,99,99,99,99,88,88,0,0,0,1,0
6,60997,2,2,0,0,0,4,4,19,0,19,5,2014,2,16,48,1,2,3,SR-41,,9,36.414475,-119.8046111,0,12,6,0,1,1,0,1,1,1,0,1,0,0000000,99,99,99,99,99,99,0,0,0,1,0
6,60998,2,2,0,0,0,2,2,19,0,18,6,2014,4,21,20,0,2,3,SR-145,,249,36.58693056,-120.0642111,0,12,2,0,1,1,0,1,2,1,0,1,0,0000000,21,20,99,99,99,99,0,0,0,1,1
6,60999,1,1,0,0,0,1,1,85,3520,25,6,2014,4,22,32,0,14,6,COX AVE,,0,37.282225,-122.0057111,0,33,0,0,1,1,0,4,2,1,0,1,0,0000000,99,99,99,99,88,88,0,0,0,1,1
6,61000,1,1,0,0,0,1,1,19,1370,27,6,2014,6,21,41,1,12,3,SR-99,,244,36.77095278,-119.8377778,0,35,0,1,19,1,0,4,2,1,0,1,0,0000000,99,99,99,99,99,99,0,0,0,1,1
6,61001,1,1,0,0,0,1,1,77,0,26,6,2014,5,3,55,1,1,1,I-580,,5,37.60288889,-121.3495,0,24,0,0,1,1,0,3,2,10,0,10,0,0000000,99,99,99,99,88,88,0,0,0,1,1
6,61002,2,2,0,0,0,2,2,65,3070,26,6,2014,5,5,33,0,14,6,BLAINE ST,,0,33.98298056,-117.3279861,0,12,6,0,8,1,0,1,4,10,0,10,0,0000000,99,99,99,99,99,99,0,0,0,1,0
6,61003,1,1,0,1,1,1,1,73,3260,19,6,2014,5,0,8,1,11,1,I-5,,162,32.72285556,-117.1594583,0,8,0,1,18,1,0,1,3,1,0,1,0,0000000,99,99,99,99,88,88,0,0,0,1,0
6,61004,2,2,0,0,0,7,7,13,820,27,6,2014,6,22,57,0,13,6,WILLOW PASS RD,,0,38.00554444,-121.9989611,0,12,2,0,1,1,0,1,2,1,0,1,0,0000000,99,99,99,99,99,99,0,0,0,2,1
6,61005,2,2,0,0,0,2,2,39,0,26,6,2014,5,17,15,0,4,4,CR-RD 145,,0,37.01051111,-119.7813806,0,12,2,0,1,1,1,1,1,1,0,1,0,0000000,99,99,99,99,88,88,0,0,0,1,0
6,61006,1,1,0,0,0,2,2,59,450,28,6,2014,7,2,0,0,16,6,SUNGROVE PL,,0,33.92366389,-117.8832972,0,5,0,0,8,1,0,1,3,1,0,1,0,0000000,99,99,99,99,99,99,0,0,0,1,1
6,61007,2,2,0,0,0,2,2,59,1380,26,6,2014,5,19,49,0,13,6,EUCLIO ST,BAKER ST,0,33.85690556,-117.9417722,0,12,2,0,2,2,0,1,1,1,0,1,0,0000000,99,99,99,99,88,88,0,0,0,1,0
6,61008,1,1,0,1,1,2,2,37,720,14,6,2014,7,7,17,0,15,6,MT BALDY RD,,0,34.16505556,-117.6799833,0,9,0,0,1,1,0,1,1,1,0,1,0,0000000,99,99,99,99,99,99,0,0,0,1,0
6,61009,1,1,0,1,1,1,1,65,9997,26,6,2014,5,22,52,0,14,6,MISSION BLVD,,0,33.99126667,-117.3956472,0,8,0,0,1,1,0,1,3,1,0,1,0,0000000,99,99,99,99,99,99,0,0,0,1,0
6,61010,1,1,0,0,0,2,2,29,0,23,6,2014,2,13,58,0,4,4,CR-S EDISON RD,,0,35.23768056,-118.8783111,0,59,0,0,1,1,0,4,1,1,0,1,0,0000000,99,99,99,99,99,99,0,0,0,1,1
6,61011,2,2,0,0,0,2,2,115,0,9,5,2014,6,11,41,0,6,4,CR-BOOM RANCH RD,,0,39.02326944,-121.44655,0,10,0,0,6,1,0,1,1,1,0,1,0,753260X,99,99,99,99,88,88,14,0,0,1,0
6,61012,2,2,0,0,0,2,2,37,1980,13,1,2014,2,15,40,0,13,6,BALBOA BL,WOODLEY AVE,0,34.30351111,-118.5010222,0,12,8,0,3,2,0,1,1,1,0,1,0,0000000,99,99,99,99,88,88,0,0,0,1,1
6,61013,2,2,0,0,0,2,2,65,9997,1,7,2014,3,3,50,0,13,6,AGUA MANSA RD,WILSON ST,0,34.02089722,-117.3855,0,12,6,0,2,3,0,1,2,1,0,1,0,0000000,99,99,99,99,88,88,0,0,0,1,0
6,61014,1,1,0,0,0,1,1,17,0,23,6,2014,2,19,35,0,4,4,CR-AUKUM RD,,0,38.60073889,-120.7196389,0,42,0,0,1,1,0,4,1,1,0,1,0,0000000,99,99,99,99,88,88,0,0,0,1,1
6,61015,1,1,0,0,0,1,1,97,0,24,5,2014,7,99,99,0,4,4,CR-BODEGA HWY,,0,38.39127778,-122.8813972,0,38,0,0,1,1,0,5,2,1,0,1,0,0000000,99,99,99,99,88,88,0,0,0,1,1
6,61016,2,2,0,0,0,2,2,31,0,1,7,2014,3,8,35,1,2,3,SR-41,,209,36.04581111,-119.9492194,0,12,8,0,1,1,0,1,1,1,0,1,0,0000000,99,99,99,99,88,88,0,0,0,1,1
6,61017,1,1,0,1,1,5,5,29,0,7,6,2014,7,21,0,0,4,4,CR-COUNTY LINE RD,,0,35.7904,-119.2779722,0,8,0,0,1,1,0,1,2,1,0,1,0,0000000,99,99,99,99,99,99,0,0,0,1,0
6,61018,2,2,0,0,0,7,7,65,0,28,6,2014,7,9,45,0,2,3,SR-74,,566,33.69866944,-116.75985,0,1,0,0,1,1,0,1,1,1,0,1,0,0000000,99,99,99,99,88,88,0,0,0,1,1
6,61019,1,1,0,0,0,1,1,65,3070,24,2,2014,2,13,11,0,14,6,SYCAMORE CANYON BL,,0,33.92686667,-117.2943722,0,33,0,0,8,1,0,4,1,1,0,1,0,0000000,99,99,99,99,99,99,0,0,0,1,1
6,61020,2,2,0,0,0,3,3,37,1980,4,5,2014,1,13,50,1,11,1,I-210,,139,34.23470833,-118.2874556,0,12,7,0,1,1,1,1,1,1,0,1,0,0000000,99,99,99,99,99,99,0,0,0,1,0
6,61021,2,2,0,0,0,2,2,37,2645,1,7,2014,3,15,30,0,13,6,SIERRA HIGHWAY,,0,34.60649722,-118.1220222,0,12,1,0,1,1,0,1,1,1,0,1,0,0000000,99,99,99,99,88,88,23,0,0,1,0
6,61022,2,2,0,0,0,2,2,37,1980,2,7,2014,4,2,40,0,13,6,ALAMEDA STREET,VERNON AVE,0,34.00392778,-118.2391833,0,12,6,0,2,2,0,1,3,1,0,1,0,0000000,99,99,99,99,99,99,0,0,0,1,1
6,61023,1,1,0,1,1,1,1,67,0,2,7,2014,4,0,1,0,2,4,CR-FAIR OAKS BLVD,,0,38.62957222,-121.3282694,0,8,0,0,1,1,0,1,3,1,0,1,0,0000000,99,99,99,99,88,88,0,0,0,1,0
6,61024,1,1,0,1,1,1,1,37,1980,1,7,2014,3,22,10,0,13,6,SHERMAN WAY,WOODMAN AVE,0,34.20117778,-118.4312667,0,8,0,0,3,2,0,1,3,1,0,1,0,0000000,99,99,99,99,99,99,0,0,0,1,0
6,61025,2,2,0,0,0,2,2,1,1054,2,7,2014,4,13,51,0,13,6,DUBLIN BLVD,,0,37.70577778,-121.9218417,0,12,6,0,8,1,0,1,1,1,0,1,0,0000000,99,99,99,99,99,99,0,0,0,1,0
6,61026,1,1,0,0,0,1,1,37,11,2,6,2014,2,14,9,1,12,2,US-101,,328,34.13821944,-118.7241139,0,25,0,0,1,1,0,3,1,1,0,1,0,0000000,99,99,99,99,88,88,0,0,0,1,0
6,61027,1,1,0,0,0,1,1,99,2200,20,6,2014,6,6,48,0,13,6,W BRIGGSMORE AVE,,0,37.67056389,-121.0150056,0,33,0,0,1,1,0,4,1,1,0,1,0,0000000,99,99,99,99,99,99,0,0,0,1,0
6,61028,1,1,0,1,1,1,1,37,2749,4,7,2014,6,21,10,0,13,6,BEVERLY ROAD,,0,34.00535278,-118.0741472,0,8,0,0,1,1,0,1,3,1,0,1,0,0000000,99,99,99,99,99,99,0,0,0,1,0
6,61029,1,1,0,1,1,1,1,59,80,26,6,2014,5,8,55,0,16,6,W CHEVY CHASE DR,,0,33.85295833,-117.9407639,0,8,0,0,8,1,0,4,1,10,0,10,0,0000000,99,99,99,99,99,99,0,0,0,1,0
6,61030,1,1,0,0,0,3,3,19,0,4,7,2014,6,1,10,0,6,4,CR-SOUTH AV,,0,36.61839722,-119.3922944,0,1,0,0,1,1,0,2,2,1,0,1,0,0000000,99,99,99,99,88,88,0,0,0,1,1
6,61031,1,1,0,0,0,1,1,13,975,29,6,2014,1,23,50,1,11,1,I-680,,99,37.84628333,-122.0259833,0,42,0,0,1,1,0,4,2,1,0,1,0,0000000,99,99,99,99,88,88,0,0,0,1,0
6,61032,2,2,0,0,0,3,3,31,0,2,7,2014,4,19,30,1,2,3,SR-41,,235,36.07535,-119.92485,0,12,2,0,1,1,0,1,1,1,0,1,0,0000000,99,99,99,99,99,99,0,0,0,1,1
6,61033,1,1,0,0,0,1,1,15,0,30,6,2014,2,17,0,1,2,2,US-199,,244,41.88269722,-123.8273028,0,24,0,0,1,1,0,4,1,1,0,1,0,0000000,99,99,99,99,99,99,0,0,0,1,0
6,61034,3,3,0,0,0,6,6,73,3260,3,7,2014,5,18,20,1,11,1,I-805,,161,32.75030556,-117.1233611,0,12,7,0,1,1,0,1,1,1,0,1,0,0000000,99,99,99,99,99,99,28,0,0,1,0
6,61035,2,1,1,0,0,1,1,67,0,23,3,2014,1,6,35,0,4,4,CR-ILLINOIS AVE,CR-PHOENIX AVE,0,38.66056111,-121.2349417,0,59,0,0,3,3,0,4,2,1,0,1,0,0000000,99,99,99,99,99,99,14,0,0,1,0
6,61036,2,2,0,0,0,3,3,37,0,30,6,2014,2,18,45,1,2,3,SR-138,60TH ST W,0,34.77666944,-118.23735,0,12,6,0,2,2,0,1,1,1,0,1,0,0000000,99,99,99,99,99,99,0,0,0,2,0
6,61037,1,1,0,0,0,1,1,45,0,2,7,2014,4,99,99,0,2,2,US-101,,809,39.82428333,-123.5670972,0,17,0,0,1,1,0,4,2,1,0,1,0,0000000,99,99,99,99,88,88,0,0,0,1,0
6,61038,3,3,0,0,0,5,5,67,712,29,3,2014,7,12,1,0,13,6,SUNRISE BL,,0,38.68973889,-121.2715278,0,18,0,0,1,1,0,1,1,2,0,2,0,0000000,99,99,99,99,99,99,0,0,0,1,0
6,61039,1,1,0,0,0,1,1,111,0,30,6,2014,2,0,0,0,4,4,CR-HUDSON RANCH RD,,0,34.87916111,-119.3451389,0,43,0,0,1,1,0,4,8,1,0,1,0,0000000,99,99,99,99,88,88,18,0,0,1,1
6,61040,2,2,0,0,0,3,3,37,2870,6,7,2014,1,12,41,0,13,6,TOWNE AVE,FOOTHILL BLVD,0,34.10718056,-117.7368389,0,12,6,0,2,2,0,1,1,1,0,1,0,0000000,99,99,99,99,99,99,0,0,0,1,0
6,61041,1,1,0,0,0,2,2,65,0,1,7,2014,3,12,15,1,1,1,I-10,,919,33.67046944,-115.6220667,0,42,0,0,1,1,0,4,1,1,0,1,0,0000000,99,99,99,99,99,99,0,0,0,2,0
6,61042,1,1,0,0,0,2,2,97,0,3,5,2014,7,16,35,0,4,4,CR-HEALDSBURG AVE,CR-ALEXANDER VALLEY RD,0,38.64990278,-122.8690944,0,1,0,0,2,3,0,1,1,1,0,1,0,0000000,99,99,99,99,88,88,0,0,0,1,0
6,61043,1,1,0,0,0,6,6,19,0,28,6,2014,7,11,20,1,1,1,I-5,,526,36.68423889,-120.6569806,0,1,0,0,1,1,0,3,1,1,0,1,0,0000000,99,99,99,99,99,99,0,0,0,1,0
6,61044,3,3,0,0,0,49,49,21,0,10,4,2014,5,17,40,1,1,1,I-5,,255,39.75661944,-122.2053694,0,41,0,0,1,1,0,3,1,1,0,1,0,0000000,99,99,99,99,99,99,0,0,0,10,0
6,61045,1,1,0,0,0,5,5,71,0,2,7,2014,4,11,0,0,2,3,SR-62,,1389,34.16574444,-114.3725778,0,43,0,0,1,1,0,5,1,1,0,1,0,0000000,99,99,99,99,99,99,0,0,0,1,0
6,61046,1,1,0,1,1,1,1,37,1980,5,7,2014,7,21,30,0,14,6,OXNARD ST,,0,34.17942222,-118.4222,0,8,0,0,1,1,0,1,3,1,0,1,0,0000000,99,99,99,99,99,99,0,0,0,1,0
6,61047,1,1,0,0,0,1,1,73,1080,9,6,2014,2,7,20,1,11,1,I-8,,139,32.78585,-116.9789694,0,25,0,0,1,1,0,3,1,1,0,1,0,0000000,99,99,99,99,99,99,0,0,0,1,0
6,61048,2,2,0,0,0,3,3,111,538,5,7,2014,7,18,0,1,12,2,US-101,,95,34.20028889,-118.9616194,0,7,0,0,1,1,0,1,1,1,0,1,0,0000000,99,99,99,99,99,99,14,0,0,1,0
6,61049,2,2,0,0,0,2,2,71,3,18,4,2014,6,16,33,1,12,3,SR-18,BELLFLOWER ST,1020,34.50671389,-117.4169639,0,12,6,0,2,98,0,1,1,1,0,1,0,0000000,99,99,99,99,88,88,0,0,0,1,1
6,61050,1,1,0,1,1,1,1,37,1980,6,7,2014,1,0,10,0,13,6,ADAMS BL,TRINITY ST,0,34.02244444,-118.2632556,0,9,0,0,2,2,0,1,3,1,0,1,0,0000000,99,99,99,99,99,99,0,0,0,1,0
6,61051,3,3,0,0,0,3,3,85,3340,2,7,2014,4,12,34,1,12,2,US-101,,368,37.35975,-121.8735194,0,12,7,0,1,1,0,1,1,1,0,1,0,0000000,99,99,99,99,99,99,0,0,0,1,0
6,61052,1,1,0,1,1,1,1,81,3220,6,7,2014,1,15,48,0,12,3,SR-82,JENEVEIN AVE,181,37.62300556,-122.4125583,0,8,0,0,2,2,0,1,1,1,0,1,0,0000000,99,99,99,99,99,99,0,0,0,1,0
6,61053,1,1,0,0,0,1,1,61,0,7,7,2014,2,18,46,0,2,3,SR-89,,131,39.19688056,-120.1992,0,42,0,0,1,1,0,4,1,10,0,10,0,0000000,99,99,99,99,88,88,0,0,0,1,0
6,61054,1,1,0,1,1,2,2,37,1980,8,7,2014,3,5,6,1,12,2,US-101,,82,34.11696389,-118.3373,0,8,0,0,1,1,0,1,2,1,0,1,0,0000000,99,99,99,99,99,99,19,0,0,1,0
6,61055,1,1,0,0,0,1,1,63,0,8,7,2014,3,12,14,0,4,4,CR-OROVILLE QUINCY HWY,,0,39.857025,-121.2491306,0,17,0,0,1,1,0,4,1,10,0,10,0,0000000,99,99,99,99,88,88,0,0,0,1,0
6,61056,2,2,0,0,0,2,2,19,0,7,7,2014,2,17,30,0,2,4,CR-SHIELDS AVE,CR-HAYES AVE,0,36.77894167,-119.8983,0,12,6,0,2,2,0,1,1,1,0,1,0,0000000,99,99,99,99,99,99,0,0,0,1,1
6,61057,2,2,0,0,0,2,2,31,1540,10,7,2014,5,15,17,0,13,6,E GRANGEVILLE BLVD,10TH AVE,0,36.34270556,-119.6370889,0,12,6,0,2,2,0,1,1,1,0,1,0,0000000,99,99,99,99,99,99,0,0,0,1,0
6,61058,2,2,0,0,0,2,2,65,2650,4,7,2014,6,11,33,0,14,6,INDIAN CYN DR N,,0,33.83432778,-116.5456,0,12,2,0,1,1,0,1,1,10,0,10,0,0000000,99,99,99,99,88,88,0,0,0,1,1
6,61059,1,1,0,0,0,1,1,65,0,6,7,2014,1,10,51,0,2,3,SR-74,,496,33.73641944,-116.8185611,0,35,0,0,1,1,0,4,1,1,0,1,0,0000000,99,99,99,99,99,99,0,0,0,1,0
6,61060,2,1,1,1,2,1,2,37,1870,11,6,2014,4,3,15,0,12,3,SR-210,,481,34.11947222,-117.7607556,0,14,0,0,1,1,0,2,3,1,0,1,0,0000000,99,99,99,99,99,99,15,0,0,1,0
6,61061,1,1,0,0,0,1,1,17,0,4,7,2014,6,12,55,1,2,2,US-50,,35,38.65501944,-121.0180306,0,17,0,0,1,1,0,5,1,1,0,1,0,0000000,99,99,99,99,88,88,0,0,0,1,0
6,61062,1,1,0,0,0,2,2,67,3150,6,7,2014,1,12,25,1,12,3,SR-99,,201,38.50120278,-121.4510667,0,42,0,0,1,1,0,5,1,1,0,1,0,0000000,99,99,99,99,99,99,0,0,0,1,0