STATE,ST_CASE,VE_TOTAL,VE_FORMS,PVH_INVL,PEDS,PERNOTMVIT,PERMVIT,PERSONS,COUNTY,CITY,DAY,MONTH,YEAR,DAY_WEEK,HOUR,MINUTE,NHS,ROAD_FNC,ROUTE,TWAY_ID,TWAY_ID2,MILEPT,LATITUDE,LONGITUD,SP_JUR,HARM_EV,MAN_COLL,RELJCT1,RELJCT2,TYP_INT,WRK_ZONE,REL_ROAD,LGT_COND,WEATHER1,WEATHER2,WEATHER,SCH_BUS,RAIL,NOT_HOUR,NOT_MIN,ARR_HOUR,ARR_MIN,HOSP_HR,HOSP_MN,CF1,CF2,CF3,FATALS,DRUNK_DR
6,61284,1,1,0,1,1,2,2,73,0,28,7,2014,2,0,35,0,3,4,CR-DEHESA RD,,0,32.78096944,-116.8601111,0,8,0,0,1,1,0,1,2,1,0,1,0,0000000,99,99,99,99,88,88,0,0,0,1,0
6,61285,2,2,0,3,3,1,1,111,0,6,10,2014,2,3,47,1,2,2,US-101,,330,34.29458056,-119.3390889,0,12,6,0,1,1,0,1,2,1,0,1,0,0000000,99,99,99,99,99,99,19,15,0,1,0
6,61286,1,1,0,1,1,2,2,29,0,4,10,2014,7,19,2,0,3,4,CR-ROBERTS LN,,0,35.40856111,-119.03485,0,8,0,0,1,1,0,1,2,1,0,1,0,0000000,99,99,99,99,99,99,0,0,0,1,0
6,61287,1,1,0,0,0,2,2,3,0,2,10,2014,5,14,20,1,2,3,SR-88,,5,38.70360833,-120.0647861,0,1,0,0,1,1,0,1,1,1,0,1,0,0000000,99,99,99,99,99,99,0,0,0,1,0
6,61288,2,2,0,0,0,6,6,29,0,5,10,2014,1,11,25,0,2,3,SR-178,,253,35.52018333,-118.6745889,0,12,2,0,1,1,0,1,1,1,0,1,0,0000000,99,99,99,99,99,99,0,0,0,1,0
6,61289,1,1,0,0,0,1,1,13,110,4,10,2014,7,17,29,0,12,3,SR-4 RAMP,,314,37.98228056,-121.7469389,0,24,0,0,5,1,0,4,1,1,0,1,0,0000000,99,99,99,99,88,88,0,0,0,1,0
6,61290,1,1,0,0,0,2,2,95,0,19,4,2014,7,23,10,1,1,1,I-80,,86,38.17388056,-122.1932222,0,38,0,0,1,1,0,4,3,1,0,1,0,0000000,99,99,99,99,99,99,0,0,0,1,1
6,61291,1,1,0,0,0,3,3,83,0,5,10,2014,1,21,58,1,2,3,SR-246,,231,34.62145556,-120.2441972,0,1,0,0,1,1,0,4,2,1,0,1,0,0000000,99,99,99,99,99,99,0,0,0,1,1
6,61292,2,2,0,0,0,3,3,73,0,29,6,2014,1,22,9,0,2,3,SR-76,,267,33.35216944,-117.0257306,0,12,2,0,1,1,0,1,2,1,0,1,0,0000000,99,99,99,99,99,99,0,0,0,1,1
6,61293,2,1,1,1,1,1,1,73,3260,7,10,2014,3,11,54,0,16,6,GIRARD AVE,,0,32.84369722,-117.2735167,0,8,0,0,1,1,0,7,1,10,0,10,0,0000000,99,99,99,99,99,99,0,0,0,1,0
6,61294,1,1,0,0,0,1,1,107,0,4,10,2014,7,99,99,1,2,3,SR-99,,119,35.95856944,-119.2908611,0,24,0,0,1,1,0,3,2,1,0,1,0,0000000,99,99,99,99,88,88,0,0,0,1,1
6,61295,2,1,1,0,0,2,2,37,2260,10,7,2014,5,15,41,0,14,6,MONTEREY PASS ROAD,,0,34.05602778,-118.1469944,0,33,0,0,1,1,0,4,1,1,0,1,0,0000000,99,99,99,99,99,99,0,0,0,2,0
6,61296,1,1,0,0,0,1,1,37,1695,4,10,2014,7,0,0,0,16,6,FERRERO PKWY,,0,34.02970833,-117.82435,0,43,0,0,1,1,0,4,2,1,0,1,0,0000000,99,99,99,99,88,88,0,0,0,1,1
6,61297,2,2,0,0,0,2,2,99,2200,2,10,2014,5,21,47,0,12,6,OAKDALE RD,LA FORCE DR,0,37.68350833,-120.9579083,0,12,6,0,2,3,0,1,3,1,0,1,0,0000000,99,99,99,99,99,99,0,0,0,1,0
6,61298,2,1,1,0,0,1,1,37,1776,20,8,2014,4,15,10,0,16,6,EARLMONT AVENUE,,0,34.22001667,-118.2127917,0,33,0,0,1,1,0,4,1,1,0,1,0,0000000,99,99,99,99,88,88,0,0,0,1,0
6,61299,2,2,0,0,0,3,3,111,0,3,10,2014,6,13,40,1,2,4,CR-HUENEME RD,,0,34.14733889,-119.1637,0,12,2,0,1,1,0,1,1,1,0,1,0,0000000,99,99,99,99,99,99,0,0,0,1,1
6,61300,1,1,0,0,0,2,2,71,0,5,10,2014,1,10,7,1,1,1,I-15,,1455,35.34383056,-115.9513389,0,35,0,0,1,1,0,4,1,1,0,1,0,0000000,99,99,99,99,99,99,0,0,0,1,0
6,61301,2,2,0,0,0,2,2,71,0,8,10,2014,4,2,45,0,2,3,SR-247,,64,34.20980556,-116.4396833,0,33,0,0,1,1,0,4,2,1,0,1,0,0000000,99,99,99,99,88,88,14,0,0,1,1
6,61302,2,2,0,0,0,4,4,37,1980,3,10,2014,6,20,29,0,14,6,QUARTZ AVE,PARTHENIA ST ALY,0,34.22870833,-118.5645167,0,12,6,0,2,2,0,1,3,1,0,1,0,0000000,99,99,99,99,99,99,0,0,0,1,1
6,61303,2,2,0,0,0,2,2,1,1364,8,10,2014,4,13,14,0,12,3,SR-262,,5,37.48781944,-121.9316944,0,12,7,0,1,1,0,1,1,1,0,1,0,0000000,99,99,99,99,88,88,3,28,0,1,0
6,61304,1,1,0,1,1,1,1,59,80,6,1,2014,2,6,14,0,13,6,W LINCOLN AVE,S WESTCHESTER DR,0,33.83188611,-118.0054167,0,8,0,0,2,3,0,1,3,1,0,1,0,0000000,99,99,99,99,99,99,0,0,0,1,0
6,61305,1,1,0,0,0,1,1,71,3210,6,10,2014,2,3,48,0,14,6,CR-MT VERNON AVE,,0,34.13786111,-117.3177806,0,24,0,0,1,1,0,4,2,1,0,1,0,0000000,99,99,99,99,88,88,0,0,0,1,1
6,61306,2,2,0,0,0,2,2,73,0,6,2,2014,5,5,55,0,3,4,CR-CENTRE CITY PARKWAY,CR-IVY DELL LANE,0,33.17073056,-117.1066278,0,12,6,0,2,3,0,1,2,10,0,10,0,0000000,99,99,99,99,88,88,0,0,0,1,0
6,61307,1,1,0,2,2,1,1,65,1003,9,1,2014,5,17,35,0,15,6,WEST DR,W ARROYO DR,0,33.95750833,-116.5100806,0,9,0,0,2,3,0,1,3,1,0,1,0,0000000,99,99,99,99,99,99,0,0,0,1,0
6,61308,1,1,0,0,0,1,1,65,0,29,6,2014,1,13,40,1,2,3,SR-74,,37,33.61921944,-117.4249806,0,42,0,0,1,1,0,4,1,1,0,1,0,0000000,99,99,99,99,99,99,0,0,0,1,0
6,61309,2,2,0,0,0,2,2,111,2620,29,3,2014,7,21,28,0,13,6,5TH STREET,K STREET,0,34.19778611,-119.191675,0,12,6,0,2,2,0,1,3,1,0,1,0,0000000,99,99,99,99,99,99,0,0,0,1,1
6,61310,1,1,0,0,0,1,1,65,4197,4,10,2014,7,0,53,1,11,1,I-15,,176,33.64205833,-117.2837417,0,52,0,0,1,1,0,3,2,1,0,1,0,0000000,99,99,99,99,99,99,0,0,0,1,1
6,61311,1,1,0,0,0,1,1,19,0,6,10,2014,2,6,20,0,4,4,CR-MT WHITNEY AVE,,0,36.42908889,-120.2347778,0,43,0,0,1,1,0,4,4,1,0,1,0,0000000,99,99,99,99,88,88,0,0,0,1,0
6,61312,2,2,0,0,0,3,3,41,3410,4,10,2014,7,1,22,1,12,2,US-101,,127,37.99433611,-122.5321417,0,12,1,1,18,1,0,1,2,1,0,1,0,0000000,99,99,99,99,99,99,0,0,0,1,1
6,61313,1,1,0,0,0,1,1,77,0,16,1,2014,5,2,36,1,11,1,I-5 RAMP,,205,37.87563889,-121.2765389,0,33,0,0,5,1,0,4,2,1,0,1,0,0000000,99,99,99,99,88,88,20,0,0,1,1
6,61314,2,2,0,0,0,2,2,95,0,20,2,2014,5,18,45,1,11,1,I-80,,57,38.13916944,-122.2203306,0,25,0,1,19,1,0,3,3,1,0,1,0,0000000,99,99,99,99,88,88,0,0,0,1,1
6,61315,1,1,0,0,0,1,1,71,1305,12,7,2014,7,23,50,0,16,6,FIRESTONE DR,,0,34.14464444,-117.4379833,0,1,0,0,1,1,0,4,3,1,0,1,0,0000000,23,51,23,59,0,20,0,0,0,1,1
6,61316,1,1,0,1,1,2,2,65,850,22,1,2014,4,13,29,0,13,6,6TH ST,,0,33.87726111,-117.5839361,0,8,0,0,1,1,0,1,1,1,0,1,0,0000000,99,99,99,99,99,99,0,0,0,1,0
6,61317,1,1,0,0,0,1,1,1,0,2,2,2014,1,4,20,0,3,4,CR-CALAVERAS ROAD,,0,37.54606111,-121.8575,0,30,0,0,1,1,0,2,4,10,0,10,0,0000000,99,99,99,99,88,88,0,0,0,1,1
6,61318,1,1,0,0,0,2,2,65,0,4,10,2014,7,2,38,1,1,1,I-15,,312,33.75643889,-117.4608306,0,1,0,0,1,1,0,5,2,1,0,1,0,0000000,99,99,99,99,88,88,0,0,0,2,0
6,61319,1,1,0,1,1,1,1,111,2620,26,1,2014,1,2,9,0,14,6,ROSE AVE,,0,34.17055833,-119.1601806,0,9,0,0,1,1,0,1,3,10,0,10,0,0000000,99,99,99,99,88,88,0,0,0,1,1
6,61320,1,1,0,0,0,1,1,37,305,13,7,2014,1,3,32,1,12,3,SR-91,,150,33.87735556,-118.1379306,0,59,0,0,1,1,0,8,3,1,0,1,0,0000000,99,99,99,99,88,88,0,0,0,1,1
6,61321,1,1,0,1,1,1,1,99,640,1,2,2014,7,4,39,0,13,6,MITCHELLL RD,,0,37.58248056,-120.9387417,0,8,0,0,1,1,0,1,2,1,0,1,0,0000000,99,99,99,99,99,99,0,0,0,1,0
6,61322,1,1,0,0,0,1,1,37,2870,13,7,2014,1,6,21,0,14,6,ORANGE GROVE AVE,,0,34.07363889,-117.7506806,0,33,0,0,1,1,0,4,1,1,0,1,0,0000000,99,99,99,99,88,88,0,0,0,1,0
6,61323,1,1,0,0,0,2,2,73,2340,1,2,2014,7,19,40,0,16,6,J AVE,,0,32.66921111,-117.0929806,0,5,0,0,1,1,0,1,6,98,0,98,0,0000000,99,99,99,99,99,99,0,0,0,1,0
6,61324,1,1,0,0,0,2,2,59,4130,8,3,2014,7,2,54,0,13,6,MAGNOLIA ST,,0,33.75686389,-117.9724444,0,33,0,0,1,1,0,4,3,1,0,1,0,0000000,99,99,99,99,88,88,0,0,0,1,0
6,61325,1,1,0,0,0,1,1,77,0,1,11,2014,7,2,0,1,2,4,CR-WEST LANE,CR-EIGHT MILE RD,0,38.05743056,-121.2963667,0,46,0,0,3,2,0,4,3,10,0,10,0,0000000,99,99,99,99,88,88,0,0,0,1,1
6,61326,2,2,0,0,0,2,2,67,0,23,1,2014,5,7,3,0,2,4,CR-BRADSHAW RD,,0,38.54556111,-121.3348694,0,1,0,0,8,1,0,1,1,1,0,1,0,0000000,99,99,99,99,88,88,14,0,0,1,0
6,61327,1,1,0,1,1,1,1,13,3400,7,11,2014,6,18,46,1,13,6,23RD ST,CALIFORNIA AVE,0,37.95341667,-122.3473667,0,8,0,0,3,3,0,1,3,1,0,1,0,0000000,99,99,99,99,99,99,0,0,0,1,0
6,61328,1,1,0,0,0,1,1,59,1713,1,2,2014,7,12,28,0,14,6,WALNUT AVE,,0,33.69007778,-117.7718861,0,25,0,0,8,1,0,3,1,1,0,1,0,0000000,99,99,12,31,99,99,0,0,0,1,0
6,61329,2,2,0,0,0,6,6,37,1045,8,11,2014,7,14,29,0,14,6,BROOKSHIRE AVE,STEWART & GRAY RD,0,33.9307,-118.1353167,0,12,6,0,2,2,0,1,1,1,0,1,0,0000000,99,99,99,99,99,99,0,0,0,1,0
6,61330,2,2,0,0,0,7,7,25,9999,30,8,2014,7,9,45,0,2,4,CR-530 FORRESTER RD,,0,32.8293,-115.6205111,0,12,6,0,1,1,0,4,1,1,0,1,0,0000000,99,99,99,99,99,99,0,0,0,1,0
6,61331,1,1,0,0,0,1,1,107,0,29,7,2014,3,18,40,0,4,4,CR-YOKOHL VALLEY DR,,0,36.23275278,-118.9178444,0,38,0,0,1,1,0,4,1,1,0,1,0,0000000,99,99,99,99,88,88,0,0,0,1,1
6,61332,1,1,0,1,1,2,2,65,2327,21,2,2014,6,16,5,0,15,6,LAS BRISAS RD,BOLINA DR,0,33.58225556,-117.1912556,0,9,0,0,2,2,0,1,1,1,0,1,0,0000000,99,99,99,99,99,99,0,0,0,1,0
6,61333,1,1,0,1,1,1,1,73,3260,30,7,2014,4,7,21,0,14,6,SAN DIEGO MISSION RD,,0,32.78568611,-117.1128639,0,8,0,0,4,1,0,1,1,1,0,1,0,0000000,99,99,99,99,99,99,0,0,0,1,0
6,61334,1,1,0,1,1,1,1,37,1980,30,7,2014,4,9,10,0,14,6,RIMPAU BLVD,8TH ST,0,34.06092778,-118.3321278,0,8,0,0,3,2,0,1,1,1,0,1,0,0000000,99,99,99,99,99,99,0,0,0,1,0
6,61335,1,1,0,0,0,2,2,95,4020,4,2,2014,3,22,25,1,11,1,I-80 RAMP,,23,38.09266111,-122.2317306,0,38,0,1,5,1,0,4,2,1,0,1,0,0000000,99,99,99,99,99,99,20,0,0,1,1
6,61336,1,1,0,0,0,1,1,45,0,30,7,2014,4,14,25,0,4,3,SR-162,,192,39.71141944,-123.3006806,0,72,0,0,1,1,0,4,1,1,0,1,0,0000000,99,99,99,99,88,88,0,0,0,1,0
6,61337,2,2,0,0,0,2,2,95,1260,23,2,2014,1,17,13,0,14,6,LOPES RD,CYN HILLS DR,0,38.17272778,-122.1288972,0,12,6,0,2,3,0,1,1,1,0,1,0,0000000,99,99,99,99,99,99,0,0,0,1,0
6,61338,2,2,0,1,1,2,2,37,1980,16,8,2014,7,1,30,1,13,3,SR-2 SANTA MONICA BLVD,,111,34.09070278,-118.33575,0,8,0,0,1,1,0,1,3,1,0,1,0,0000000,99,99,99,99,99,99,0,0,0,1,1
6,61339,2,2,0,0,0,3,3,85,2280,16,8,2014,7,11,41,1,13,6,MONTEREY RD,,0,37.10259722,-121.6272278,0,12,7,0,98,1,0,1,1,1,0,1,0,0000000,99,99,99,99,99,99,0,0,0,1,0
6,61340,3,3,0,0,0,5,5,111,2620,22,3,2014,7,6,9,0,13,6,RICE AVE,CAMINO DEL SOL,0,34.20614444,-119.1421889,0,12,2,0,2,2,0,1,2,1,0,1,0,0000000,99,99,99,99,99,99,0,0,0,1,0
6,61341,3,1,2,2,2,1,1,1,1364,16,8,2014,7,12,13,1,11,1,I-880 S NIMITZ FREEWAY,,172,37.4797,-121.9347,0,8,0,1,19,1,0,4,1,1,0,1,0,0000000,99,99,99,99,99,99,23,0,0,1,0
6,61342,2,1,1,1,4,1,4,71,4040,5,8,2014,3,7,53,1,11,1,I-5,,394,34.49279444,-117.3308694,0,8,0,0,1,1,0,1,1,1,0,1,0,0000000,99,99,99,99,88,88,14,23,0,1,0
6,61343,1,1,0,1,1,1,1,53,3180,4,3,2014,3,4,49,0,13,6,W LAUREL DR,N DAVIS RD,0,36.69786111,-121.6680556,0,8,0,0,3,2,0,1,3,10,0,10,0,0000000,99,99,99,99,99,99,0,0,0,1,0
6,61344,2,2,0,0,0,5,5,65,0,16,8,2014,7,14,15,0,3,3,SR-243,,12,33.7135,-116.7159611,0,12,6,0,1,1,0,1,1,1,0,1,0,0000000,99,99,99,99,99,99,0,0,0,1,0
6,61345,1,1,0,0,0,3,3,73,0,16,8,2014,7,17,20,0,4,4,CR-OLIVE HILL RD,,0,33.30071944,-117.2422611,0,42,0,0,1,1,0,4,1,1,0,1,0,0000000,99,99,99,99,99,99,0,0,0,1,1
6,61346,2,2,0,0,0,3,3,37,2870,16,8,2014,7,21,57,1,11,1,I-10 W SAN BERNARDINO FWY,,406,34.06863889,-117.8377889,0,12,7,1,18,1,0,1,2,1,0,1,0,0000000,99,99,99,99,88,88,0,0,0,1,1
6,61347,2,2,0,0,0,3,3,1,2480,26,8,2014,3,21,4,1,11,1,I-880 S,,304,37.78924167,-122.2552694,0,12,7,1,18,1,0,1,2,1,0,1,0,0000000,99,99,99,99,99,99,0,0,0,1,0
6,61348,1,1,0,1,1,1,1,65,9997,4,4,2014,6,99,99,1,12,3,SR-60 RAMP,,28,34.01756944,-117.5308389,0,8,0,0,20,1,0,1,2,1,0,1,0,0000000,99,99,99,99,88,88,0,0,0,1,0
6,61349,1,1,0,0,0,1,1,65,850,26,8,2014,3,99,99,1,11,1,I-15 N - CORONA FREEWAY,,350,33.79929444,-117.5027278,0,35,0,0,1,1,0,4,1,10,0,10,0,0000000,99,99,99,99,88,88,0,0,0,1,0
6,61350,3,3,0,0,0,4,4,59,4130,11,4,2014,6,14,44,0,14,6,SPRINGDALE ST,CAMPHOR AVE,0,33.75580278,-118.0245389,0,12,6,0,2,2,0,1,1,1,0,1,0,0000000,99,99,99,99,99,99,0,0,0,1,0
6,61351,1,1,0,0,0,7,7,39,0,15,4,2014,3,14,40,1,2,3,SR-99,,202,37.06118889,-120.1807194,0,1,0,0,1,1,0,3,1,1,0,1,0,0000000,99,99,99,99,99,99,0,0,0,1,0
6,61352,1,1,0,1,1,1,1,111,2620,19,4,2014,7,5,30,0,15,6,7TH ST,F ST,0,34.19510556,-119.1849111,0,8,0,0,2,2,0,1,3,1,0,1,0,0000000,99,99,99,99,99,99,0,0,0,1,0
6,61353,1,1,0,0,0,1,1,73,0,27,8,2014,4,10,5,0,4,4,CR-PALA TEMECULA RD,,0,33.40043889,-117.0836694,0,42,0,0,1,1,0,5,1,1,0,1,0,0000000,99,99,99,99,88,88,0,0,0,1,0
6,61354,2,2,0,0,0,3,3,39,0,27,8,2014,4,19,55,1,2,3,SR-41,,303,37.27441944,-119.6668306,0,12,2,0,1,1,0,1,2,1,0,1,0,0000000,99,99,99,99,99,99,0,0,0,1,1
6,61355,1,1,0,0,0,3,3,97,0,27,8,2014,4,23,50,0,4,4,CR-OCCIDENTAL RD,,0,38.42632222,-122.8352861,0,24,0,0,1,1,0,4,6,1,0,1,0,0000000,99,99,99,99,99,99,0,0,0,1,0
6,61356,2,2,0,0,0,2,2,73,2510,28,8,2014,5,7,59,0,14,6,DOUGLAS DR,,0,33.23316944,-117.3245806,0,12,6,0,1,1,0,1,1,1,0,1,0,0000000,99,99,99,99,99,99,0,0,0,1,0
6,61357,1,1,0,0,0,2,2,39,0,28,8,2014,5,13,55,0,4,4,CR-ROAD 200 NORTH FORK RD,,0,37.14463889,-119.6754611,0,32,0,0,1,1,0,4,1,1,0,1,0,0000000,99,99,99,99,99,99,0,0,0,1,1
6,61358,1,1,0,0,0,1,1,33,0,30,8,2014,7,3,38,0,3,3,SR-20,,157,39.10551944,-122.8123194,0,32,0,0,1,1,0,4,2,1,0,1,0,0000000,99,99,99,99,88,88,0,0,0,1,0
6,61359,1,1,0,0,0,3,3,37,4190,30,8,2014,7,1,6,1,13,6,BEVERLY BLVD,,0,33.98818333,-118.0457611,0,33,0,0,1,1,0,4,3,1,0,1,0,0000000,99,99,99,99,99,99,0,0,0,1,1
6,61360,1,1,0,1,1,1,1,85,537,29,8,2014,6,13,37,1,13,6,W HAMILTON AVE,,0,37.29434167,-121.9502444,0,8,0,0,1,1,0,1,1,1,0,1,0,0000000,13,38,13,43,88,88,0,0,0,1,0
6,61361,1,1,0,0,0,2,2,105,0,29,8,2014,6,22,40,0,3,3,SR-3,,91,40.55179167,-123.1460278,0,38,0,0,1,1,0,5,2,1,0,1,0,0000000,99,99,99,99,99,99,0,0,0,1,1
6,61362,4,4,0,0,0,9,9,19,0,28,8,2014,5,18,30,0,9,4,CR-FLORAL AVE,ELM AVE,0,36.57623333,-119.7909333,0,12,6,0,2,2,0,1,1,1,0,1,0,0000000,99,99,99,99,99,99,0,0,0,3,0
6,61363,1,1,0,1,1,1,1,71,115,25,4,2014,6,0,58,0,12,3,SR-18,,902,34.51387778,-117.2062278,0,8,0,0,1,1,0,1,2,1,0,1,0,0000000,99,99,99,99,88,88,0,0,0,1,0
6,61364,1,1,0,0,0,2,2,65,0,30,11,2014,1,15,10,1,1,1,I-10 E,,280,33.92083889,-116.6312111,0,38,0,0,1,1,0,5,1,10,0,10,0,0000000,99,99,99,99,99,99,0,0,0,1,0
6,61365,1,1,0,0,0,1,1,115,0,25,4,2014,6,10,45,0,3,4,CR-MARYSVILLE ROAD,,0,39.37338889,-121.2343972,0,42,0,0,1,1,0,4,1,10,0,10,1,0000000,99,99,99,99,88,88,0,0,0,1,0
6,61366,1,1,0,1,1,2,2,73,0,1,11,2014,7,3,22,0,3,3,SR-67,,206,33.00954444,-116.9171694,0,8,0,0,1,1,0,1,2,10,2,2,0,0000000,99,99,99,99,88,88,0,0,0,1,1
6,61367,1,1,0,0,0,1,1,77,3880,16,11,2014,1,1,19,1,13,4,CR-J3 CORRAL HOLLOW RD,,0,37.72824722,-121.4532444,0,33,0,0,1,1,0,3,3,10,0,10,0,0000000,99,99,99,99,88,88,0,0,0,1,1
6,61368,1,1,0,0,0,3,3,107,0,16,11,2014,1,3,55,0,6,4,CR-AVENUE 208,,0,36.16726944,-119.1786111,0,1,0,0,1,1,0,4,2,1,0,1,0,0000000,99,99,99,99,99,99,0,0,0,1,1
6,61369,1,1,0,0,0,1,1,69,0,16,11,2014,1,17,58,0,3,4,CR-UNION RD,,0,36.83773889,-121.4518889,0,33,0,0,1,1,0,4,2,1,0,1,0,0000000,99,99,99,99,99,99,0,0,0,1,1
6,61370,2,2,0,0,0,3,3,19,0,17,8,2014,1,4,50,1,2,3,SR-1,,41,36.46166389,-119.7955417,0,12,6,0,1,1,0,1,2,1,0,1,0,0000000,99,99,99,99,99,99,0,0,0,1,0
6,61371,2,2,0,0,0,2,2,79,0,17,11,2014,2,14,15,0,3,4,CR-FOOTHILL BLVD,,0,35.28628056,-120.7004611,0,12,2,0,1,1,0,1,1,1,0,1,0,0000000,99,99,99,99,99,99,0,0,0,1,0
6,61372,1,1,0,0,0,1,1,41,0,1,11,2014,7,4,30,1,12,2,US-SR 1,,53,37.89725278,-122.516025,0,52,0,0,1,1,0,4,3,1,0,1,0,0000000,99,99,99,99,88,88,0,0,0,1,0
6,61373,1,1,0,0,0,1,1,29,0,19,11,2014,4,16,50,1,13,3,SR-58 BUS - EDISON HWY,,570,35.36808056,-118.9554194,0,38,0,0,1,1,0,5,1,1,0,1,0,0000000,99,99,99,99,99,99,0,0,0,1,0
6,61374,1,1,0,0,0,2,2,37,1980,1,11,2014,7,5,40,0,14,6,OLIVE VIEW DR,,0,34.32468889,-118.4600167,0,33,0,0,1,1,0,4,3,10,0,10,0,0000000,99,99,99,99,99,99,0,0,0,1,1
6,61375,1,1,0,0,0,1,1,65,3070,22,11,2014,7,7,16,0,14,6,JURUPA AVE,,0,33.96291944,-117.4334111,0,30,0,0,1,1,0,4,1,1,0,1,0,0000000,99,99,99,99,88,88,0,0,0,1,1
6,61376,1,1,0,1,1,2,2,37,1980,23,11,2014,1,0,35,1,13,6,AVALON BLVD,,0,34.00206389,-118.2652389,0,8,0,0,1,1,0,1,3,1,0,1,0,0000000,0,39,0,44,88,88,0,0,0,1,0
6,61377,1,1,0,1,1,3,3,71,0,1,11,2014,7,6,15,1,2,3,SR-62,,204,34.13508056,-116.2764694,0,8,0,0,1,1,0,1,3,1,0,1,0,0000000,99,99,99,99,88,88,0,0,0,1,0
6,61378,1,1,0,1,1,2,2,113,4258,1,11,2014,7,18,45,0,15,6,CALIFORNIA ST,,0,38.68169167,-121.7885833,0,8,0,0,1,1,0,1,2,1,0,1,0,0000000,99,99,99,99,99,99,0,0,0,1,0
6,61379,1,1,0,1,1,2,2,59,9997,24,11,2014,2,18,15,1,13,6,TRABUCO RD,,0,33.63504722,-117.6779917,0,8,0,0,1,1,0,1,3,1,0,1,0,0000000,99,99,99,99,99,99,0,0,0,1,0
6,61380,1,1,0,0,0,35,35,89,0,23,11,2014,1,7,38,1,1,1,I-5 N,,511,41.00183056,-122.4109694,0,1,0,0,1,1,0,4,1,10,0,10,0,0000000,99,99,99,99,99,99,0,0,0,1,0
6,61381,2,2,0,0,0,2,2,103,0,30,8,2014,7,5,16,0,4,4,CR-A9 HALL RD,SOUTH AVE,0,39.9068,-122.1233,0,12,6,0,2,2,0,1,2,1,0,1,0,0000000,99,99,99,99,88,88,0,0,0,1,1
6,61382,2,2,0,0,0,2,2,97,0,30,8,2014,7,4,5,0,4,4,CR-BODEGA AVE,,0,38.26338056,-122.7200861,0,53,0,0,1,1,0,4,2,1,0,1,0,0000000,99,99,99,99,88,88,0,0,0,1,0
6,61383,1,1,0,0,0,1,1,93,0,23,8,2014,7,21,0,0,4,4,CR-HILL ROAD,,0,41.86016111,-121.5591389,0,24,0,0,1,1,0,4,2,1,0,1,0,0000000,99,99,99,99,88,88,0,0,0,1,0
6,61384,2,2,0,0,0,6,6,31,0,29,8,2014,6,21,25,0,3,3,SR-33,,109,35.92768056,-120.0787611,0,12,2,0,1,1,0,1,2,1,0,1,0,0000000,99,99,99,99,99,99,0,0,0,1,0
6,61385,1,1,0,1,1,1,1,59,80,1,11,2014,7,21,10,1,13,6,N MAGNOLIA AVE,,0,33.84532778,-117.9761278,0,9,0,0,8,1,0,1,3,10,0,10,0,0000000,99,99,99,99,99,99,0,0,0,1,0
6,61386,2,2,0,0,0,3,3,111,2620,18,4,2014,6,23,12,0,13,6,VINEYARD AVENUE,ESPLANADE DRIVE,0,34.22999444,-119.1746611,0,12,6,0,2,2,0,1,3,1,0,1,0,0000000,99,99,99,99,99,99,0,0,0,1,0
6,61387,2,2,0,0,0,3,3,37,1980,1,11,2014,7,22,25,0,14,6,HASKELL AVE,,0,34.25135278,-118.4761556,0,12,2,0,1,1,0,1,3,1,0,1,0,0000000,99,99,99,99,99,99,0,0,0,1,0
6,61388,5,1,4,0,0,1,1,29,0,4,7,2014,6,7,20,0,5,4,CR-COUNTY LINE RD,,0,35.7907,-119.20175,0,14,0,0,1,1,0,2,1,1,0,1,0,0000000,99,99,99,99,99,99,14,0,0,1,1
6,61389,1,1,0,1,1,1,1,107,3920,29,8,2014,6,23,38,0,14,6,PROSPERITY AVE,,0,36.22551667,-119.3317,0,8,0,0,1,1,0,1,3,1,0,1,0,0000000,99,99,99,99,99,99,0,0,0,1,0
6,61390,2,2,0,0,0,2,2,15,0,29,8,2014,6,23,25,1,2,2,US-101,,330,41.83385556,-124.1442889,0,12,6,0,1,1,0,1,2,10,0,10,0,0000000,99,99,99,99,99,99,0,0,0,1,0
6,61391,1,1,0,0,0,1,1,17,0,23,8,2014,7,15,0,0,3,3,SR-49,,284,38.82778889,-120.9720694,0,1,0,0,1,1,0,4,1,1,0,1,0,0000000,99,99,99,99,99,99,0,0,0,1,1
6,61392,3,3,0,0,0,5,5,85,3340,30,8,2014,7,0,19,1,12,2,US-101 N,,392,37.37191389,-121.9166778,0,12,1,1,18,1,0,1,2,1,0,1,0,0000000,99,99,99,99,99,99,14,0,0,1,1
6,61393,4,1,3,0,0,1,1,63,0,2,11,2014,1,1,30,0,6,4,CR-WOLF CREEK RD,,0,40.14226944,-120.95905,0,14,0,0,1,1,0,5,2,10,0,10,0,0000000,99,99,99,99,99,99,14,0,0,1,1