STATE,ST_CASE,VE_TOTAL,VE_FORMS,PVH_INVL,PEDS,PERNOTMVIT,PERMVIT,PERSONS,COUNTY,CITY,DAY,MONTH,YEAR,DAY_WEEK,HOUR,MINUTE,NHS,ROAD_FNC,ROUTE,TWAY_ID,TWAY_ID2,MILEPT,LATITUDE,LONGITUD,SP_JUR,HARM_EV,MAN_COLL,RELJCT1,RELJCT2,TYP_INT,WRK_ZONE,REL_ROAD,LGT_COND,WEATHER1,WEATHER2,WEATHER,SCH_BUS,RAIL,NOT_HOUR,NOT_MIN,ARR_HOUR,ARR_MIN,HOSP_HR,HOSP_MN,CF1,CF2,CF3,FATALS,DRUNK_DR
6,62165,1,1,0,1,1,2,2,73,710,12,9,2014,6,6,49,0,16,6,ANITA ST,,0,32.59847222,-117.0829722,0,8,0,0,1,1,0,1,1,1,0,1,0,0000000,99,99,99,99,99,99,0,0,0,1,0
6,62166,1,1,0,1,1,1,1,1,10,11,12,2014,5,17,39,0,14,6,OTIS DRIVE,GRAND STREET,0,37.76300278,-122.2620472,0,8,0,0,3,2,0,1,3,2,10,2,0,0000000,99,99,99,99,99,99,0,0,0,1,0
6,62167,3,3,0,0,0,4,4,59,80,13,10,2014,2,7,22,0,13,6,W. BALL ROAD,S. WESTERN AVENUE,0,33.81733889,-118.0020611,0,1,0,0,2,2,0,1,1,10,0,10,0,0000000,99,99,99,99,99,99,0,0,0,1,0
6,62168,2,2,0,0,0,4,4,71,0,25,10,2014,7,20,1,1,1,1,I-15 N,,214,34.31166944,-117.4744389,0,12,1,0,1,1,1,1,3,1,0,1,0,0000000,99,99,99,99,99,99,0,0,0,1,1
6,62169,4,1,3,0,0,1,1,73,3260,3,12,2014,4,5,31,0,14,6,CLAIREMONT MESA BLVD,,0,32.83273056,-117.1472528,0,14,0,0,1,1,0,7,3,2,10,2,0,0000000,99,99,99,99,99,99,14,0,0,1,0
6,62170,2,2,0,1,1,2,2,37,1980,20,9,2014,7,23,25,0,13,6,BURBANK BLVD,BECK AVE,0,34.28644444,-118.4843639,0,8,0,0,3,2,0,1,2,1,0,1,0,0000000,99,99,99,99,99,99,0,0,0,1,0
6,62171,1,1,0,0,0,1,1,99,0,29,6,2014,1,99,99,1,2,3,SR-132,,43,37.63774444,-121.2055056,0,42,0,0,1,1,0,4,2,1,0,1,0,0000000,99,99,99,99,88,88,0,0,0,1,1
6,62172,2,2,0,0,0,2,2,99,0,13,5,2014,3,3,50,1,3,3,SR-120,,140,37.80513889,-120.7015611,0,12,2,0,1,1,0,1,2,1,0,1,0,0000000,99,99,99,99,99,99,0,0,0,1,0
6,62173,1,1,0,1,1,1,1,37,2645,15,10,2014,4,19,32,0,14,6,AVENUE T,,0,34.54281667,-118.0110278,0,8,0,0,1,1,0,1,2,1,0,1,0,0000000,99,99,99,99,88,88,0,0,0,1,0
6,62174,2,2,0,0,0,2,2,29,0,25,10,2014,7,19,50,0,2,4,CR-SOUTH UNION AVE,GARDEN DRIVE,0,35.30588889,-119.003,0,12,6,0,2,3,0,1,2,1,0,1,0,0000000,99,99,99,99,99,99,0,0,0,1,0
6,62175,1,1,0,0,0,1,1,81,0,21,9,2014,1,5,1,0,3,3,SR-1,,207,37.355575,-122.3978528,0,59,0,0,1,1,0,4,2,10,0,10,0,0000000,99,99,99,99,88,88,0,0,0,1,0
6,62176,1,1,0,1,1,1,1,1,340,21,9,2014,1,8,15,0,14,6,SPRUCE ST,EUNICE ST,0,37.8866,-122.2666222,0,9,0,0,2,2,0,1,4,1,0,1,0,0000000,99,99,99,99,99,99,16,0,0,1,0
6,62177,1,1,0,1,1,1,1,67,3150,3,12,2014,4,19,9,0,14,6,RIO LINDA BLVD,,0,38.62723889,-121.4461278,0,8,0,0,1,1,0,1,3,10,0,10,0,0000000,99,99,99,99,99,99,0,0,0,1,0
6,62178,1,1,0,1,1,2,2,65,0,3,12,2014,4,20,35,0,4,4,CR-YALE ST,BOYER AVE,0,33.73756389,-116.9498833,0,8,0,0,1,1,0,1,2,2,0,2,0,0000000,99,99,99,99,99,99,0,0,0,1,0
6,62179,3,3,0,0,0,12,12,99,0,31,5,2014,7,14,10,1,13,3,SR-132,SANTA FE AVE,201,37.63828889,-120.9029389,0,12,1,0,3,3,0,1,1,1,0,1,0,0000000,99,99,99,99,99,99,0,0,0,1,0
6,62180,1,1,0,0,0,5,5,79,0,25,10,2014,7,16,5,0,3,3,SR-1,,399,35.46537222,-120.9723194,0,33,0,0,1,1,0,4,1,1,0,1,0,0000000,99,99,99,99,99,99,0,0,0,2,0
6,62181,1,1,0,0,0,1,1,83,0,21,9,2014,1,14,56,0,4,4,CR-DOMINION RD,,0,34.87207778,-120.3472167,0,42,0,0,1,1,0,4,1,1,0,1,0,0000000,99,99,99,99,99,99,0,0,0,1,0
6,62182,1,1,0,2,2,1,1,13,3412,16,10,2014,5,9,13,0,15,6,ALBION ROAD,,0,37.76481944,-121.888075,0,8,0,0,1,1,0,1,1,1,0,1,0,0000000,99,99,99,99,99,99,0,0,0,1,0
6,62183,2,2,0,0,0,2,2,99,0,25,6,2014,4,14,13,0,2,3,SR-33,FRANK COX RD,189,37.53927222,-121.1880389,0,12,2,0,2,2,0,1,1,1,0,1,0,0000000,14,15,99,99,88,88,0,0,0,1,0
6,62184,2,2,0,1,1,6,6,37,1980,4,7,2014,6,20,48,1,11,1,I-405,,138,33.85971944,-118.2977306,0,8,0,1,18,1,0,1,3,1,0,1,0,0000000,99,99,99,99,88,88,0,0,0,1,0
6,62185,1,1,0,0,0,1,1,87,0,21,9,2014,1,16,0,1,12,3,SR-1,,21,36.91330278,-121.7877389,0,33,0,0,5,1,0,4,1,1,0,1,0,0000000,99,99,99,99,99,99,0,0,0,1,0
6,62186,2,2,0,0,0,2,2,71,0,21,9,2014,1,18,38,0,15,4,CR-ROCK SPRINGS ROAD,,0,34.417425,-117.2134139,0,12,2,0,1,1,0,1,5,1,0,1,0,0000000,99,99,99,99,88,88,0,0,0,1,1
6,62187,2,2,0,0,0,4,4,85,3340,21,9,2014,1,22,6,1,11,1,I-880,,22,37.34569722,-121.9225583,0,12,1,0,1,1,0,1,3,10,0,10,0,0000000,99,99,99,99,99,99,0,0,0,1,1
6,62188,1,1,0,1,1,1,1,97,3490,13,10,2014,2,14,50,0,13,6,MENDOCINO AVENUE,,0,38.44725,-122.7176667,0,8,0,0,1,1,0,1,1,1,0,1,0,0000000,99,99,99,99,88,88,0,0,0,1,0
6,62189,1,1,0,1,1,2,2,13,4070,21,9,2014,1,23,5,1,11,1,I-680,,124,37.87640833,-122.0465944,0,8,0,8,20,1,0,1,2,1,0,1,0,0000000,99,99,99,99,88,88,0,0,0,1,0
6,62190,1,1,0,1,1,1,1,37,2870,12,9,2014,6,19,38,0,13,6,HOLT AVE,,0,34.06200833,-117.7653167,0,8,0,0,8,1,0,1,3,1,0,1,0,0000000,99,99,99,99,99,99,0,0,0,1,0
6,62191,1,1,0,0,0,1,1,49,0,22,9,2014,2,2,20,0,3,3,SR-299,,156,41.37329167,-120.9553583,0,35,0,0,1,1,0,4,2,10,0,10,0,0000000,99,99,99,99,88,88,0,0,0,1,1
6,62192,1,1,0,1,1,1,1,67,3150,13,10,2014,2,23,0,0,14,6,RALEY BOULEVARD,,0,38.66833333,-121.4290806,0,9,0,0,1,1,0,1,2,1,0,1,0,0000000,99,99,99,99,99,99,0,0,0,1,0
6,62193,1,1,0,1,1,1,1,67,3150,3,12,2014,4,23,22,0,13,6,ARDEN WAY,,0,38.60199167,-121.4317583,0,8,0,0,1,1,0,1,3,10,0,10,0,0000000,99,99,99,99,88,88,0,0,0,1,0
6,62194,2,2,0,0,0,3,3,39,0,10,10,2014,6,2,0,1,2,3,SR-99,,159,37.01341944,-120.12195,0,12,1,0,1,1,0,1,2,1,0,1,0,0000000,99,99,99,99,88,88,0,0,0,2,0
6,62195,3,3,0,2,2,1,1,71,0,3,12,2014,4,23,38,1,1,1,I-15,,154,34.23944167,-117.4291056,0,12,2,0,1,1,1,1,3,10,2,2,0,0000000,99,99,99,99,99,99,23,0,0,1,0
6,62196,1,1,0,0,0,2,2,37,1700,10,7,2014,5,19,45,1,11,1,I-405,,228,33.95283889,-118.36945,0,7,0,0,1,1,0,1,1,1,0,1,0,0000000,99,99,99,99,99,99,0,0,0,1,0
6,62197,3,3,0,0,0,3,3,37,3870,24,6,2014,3,10,50,1,11,1,I-405,,150,33.86261944,-118.3196306,0,1,0,0,1,1,0,1,1,1,0,1,0,0000000,99,99,99,99,88,88,28,0,0,1,0
6,62198,1,1,0,0,0,1,1,37,1980,4,12,2014,5,14,20,0,15,6,MINER ST,,0,33.72311111,-118.2771694,0,33,0,0,1,1,0,4,1,1,0,1,0,0000000,99,99,99,99,99,99,0,0,0,1,1
6,62199,2,2,0,0,0,3,3,37,1840,4,12,2014,5,22,20,0,15,6,GADSDEN AVE,AVENUE K,0,34.67490278,-118.1434889,0,12,2,0,2,2,0,1,3,1,0,1,0,0000000,99,99,99,99,99,99,0,0,0,1,0
6,62200,2,1,1,0,0,1,1,87,0,20,12,2014,7,23,14,0,4,4,CR-LAKEVIEW RD,,0,36.94495833,-121.7188667,0,43,0,0,1,1,0,4,3,1,0,1,0,0000000,99,99,99,99,88,88,0,0,0,1,1
6,62201,1,1,0,1,1,1,1,71,0,26,12,2014,6,11,50,0,3,4,CR-24TH ST,,0,34.15061389,-117.6481278,0,15,0,0,8,1,0,1,1,1,0,1,0,0000000,99,99,99,99,99,99,0,0,0,1,0
6,62202,2,2,0,0,0,2,2,71,3210,31,5,2014,7,15,46,0,2,3,SR-18,,133,34.18059167,-117.2713222,0,12,2,0,1,1,0,1,1,1,0,1,0,0000000,99,99,99,99,99,99,0,0,0,1,0
6,62203,1,1,0,1,1,1,1,65,3070,6,10,2014,2,14,44,0,15,6,INDIANA AVE,,0,33.93680278,-117.4014528,0,8,0,0,1,1,0,1,1,1,0,1,0,0000000,99,99,99,99,99,99,0,0,0,1,0
6,62204,3,3,0,0,0,5,5,65,9997,20,9,2014,7,13,55,1,11,1,I-15,,511,34.01719722,-117.5501472,0,12,1,0,1,1,0,1,1,1,0,1,0,0000000,99,99,99,99,99,99,0,0,0,2,0
6,62205,1,1,0,1,1,1,1,71,4290,6,10,2014,2,10,47,0,14,6,OAK GLEN RD,,0,34.04859167,-117.0029611,0,49,0,0,1,1,0,1,1,1,0,1,0,0000000,99,99,99,99,99,99,16,0,0,1,0
6,62206,1,1,0,0,0,1,1,21,0,20,9,2014,7,15,4,0,3,4,CR-COUNTY RD 99W,,0,39.57503889,-122.1937583,0,1,0,0,1,1,0,4,1,1,0,1,0,0000000,99,99,99,99,88,88,0,0,0,1,1
6,62207,1,1,0,0,0,1,1,23,0,7,10,2014,3,9,35,0,4,4,CR-ALDERPOINT RD,,0,40.12125278,-123.6426361,0,35,0,0,1,1,0,4,1,10,0,10,0,0000000,99,99,99,99,99,99,0,0,0,1,0
6,62208,1,1,0,0,0,1,1,71,0,20,9,2014,7,18,1,0,4,4,CR-GLEN HELEN PKWY,,0,34.21602778,-117.4015472,0,1,0,0,1,1,0,4,1,1,0,1,0,0000000,99,99,99,99,88,88,0,0,0,1,1
6,62209,1,1,0,0,0,1,1,65,2278,5,10,2014,1,2,0,1,12,3,SR-60,,137,33.94096111,-117.2700444,0,38,0,0,1,1,0,5,3,1,0,1,0,0000000,99,99,99,99,88,88,0,0,0,1,1
6,62210,1,1,0,1,1,1,1,37,1430,20,9,2014,7,21,4,0,14,6,VERDIGO RD,COLORADO ST,0,34.14283056,-118.2341806,0,8,0,0,3,2,0,1,3,1,0,1,0,0000000,99,99,99,99,99,99,0,0,0,1,0
6,62211,1,1,0,1,1,1,1,111,3860,26,9,2014,6,0,53,0,13,3,SR-23,,30,34.15383889,-118.8279028,0,8,0,0,1,1,0,1,3,1,0,1,0,0000000,99,99,99,99,88,88,0,0,0,1,1
6,62212,1,1,0,1,1,1,1,71,3210,4,5,2014,1,17,28,0,14,6,NORTH MOUNTAIN VIEW AVENUE,,0,34.13796111,-117.2871944,0,8,0,0,1,1,0,1,1,1,0,1,0,0000000,99,99,99,99,99,99,0,0,0,1,0
6,62213,1,1,0,1,1,1,1,49,0,29,5,2014,5,7,45,0,6,4,CR-83,CR-161,0,41.44349722,-120.874525,0,9,0,0,2,3,0,1,1,1,0,1,0,0000000,99,99,99,99,99,99,0,0,0,1,0
6,62214,1,1,0,1,1,1,1,71,3210,18,7,2014,6,20,45,0,14,6,W RIALTO AVE,,0,34.10086944,-117.2994472,0,8,0,0,1,1,0,1,2,1,0,1,0,0000000,99,99,99,99,99,99,0,0,0,1,0
6,62215,2,2,0,0,0,4,4,29,0,5,12,2014,6,0,14,1,1,1,I-5,,398,35.27710278,-119.2354722,0,12,1,0,1,1,0,1,2,1,0,1,0,0000000,99,99,99,99,88,88,0,0,0,1,0
6,62216,1,1,0,1,1,2,2,73,2510,23,6,2014,2,2,0,1,12,3,SR-78 RAMP,,0,33.18243056,-117.2969,0,8,0,0,20,1,0,1,2,10,0,10,0,0000000,99,99,99,99,99,99,0,0,0,1,0
6,62217,2,2,0,0,0,2,2,37,1980,5,12,2014,6,9,15,0,14,6,ARLINGTON AVE,12TH ST,0,34.04910833,-118.3167667,0,12,6,0,2,2,0,1,1,1,0,1,0,0000000,99,99,99,99,99,99,0,0,0,1,1
6,62218,2,1,1,0,0,1,1,71,1305,11,6,2014,4,16,52,0,15,6,MARYGOLD AVE,,0,34.07399167,-117.4293361,0,14,0,0,1,1,0,7,1,1,0,1,0,0000000,99,99,99,99,99,99,0,0,0,1,0
6,62219,2,2,0,0,0,3,3,71,0,21,6,2014,7,13,10,1,2,3,SR-62,SUN RAY ROAD,223,34.13515833,-116.2516056,0,12,6,0,2,3,0,1,1,1,0,1,0,0000000,99,99,99,99,99,99,4,0,0,1,0
6,62220,1,1,0,1,1,1,1,113,4258,28,10,2014,3,20,29,0,14,6,WEST MAIN STREET,,0,38.67757778,-121.7847972,0,8,0,0,1,1,0,1,3,1,0,1,0,0000000,99,99,99,99,99,99,0,0,0,1,1
6,62221,2,2,0,0,0,7,7,37,1980,3,8,2014,1,2,50,1,11,1,I-10,,69,34.03016944,-118.4068944,0,12,1,0,1,1,0,1,2,2,0,2,0,0000000,99,99,99,99,99,99,0,0,0,1,0
6,62222,1,1,0,0,0,2,2,73,3260,14,9,2014,1,17,9,0,13,6,SEA WORLD DR,,0,32.76209167,-117.21205,0,42,0,0,1,1,0,3,1,1,0,1,0,0000000,99,99,99,99,99,99,0,0,0,1,0
6,62223,1,1,0,0,0,1,1,65,1690,22,9,2014,2,11,29,1,11,1,I-10,,546,33.73918611,-116.2392,0,1,0,0,1,1,0,2,1,1,0,1,0,0000000,99,99,99,99,88,88,0,0,0,1,0
6,62224,3,1,2,0,0,1,1,73,3499,25,7,2014,6,17,40,0,14,6,CARLTON HILLS BLVD,,0,32.84995278,-116.9978528,0,14,0,0,1,1,0,7,1,1,0,1,0,0000000,99,99,99,99,88,88,0,0,0,1,1
6,62225,1,1,0,0,0,1,1,17,0,22,9,2014,2,11,40,0,4,4,CR-MOUNT AUKUM RD,,0,38.64711667,-120.6863722,0,33,0,0,1,1,0,4,1,5,0,5,0,0000000,99,99,99,99,88,88,0,0,0,1,0
6,62226,1,1,0,0,0,4,4,23,0,22,9,2014,2,14,18,1,2,2,US-101,,874,40.88481667,-124.0802778,0,1,0,0,1,1,1,3,1,10,0,10,0,0000000,99,99,99,99,99,99,0,0,0,1,0
6,62227,3,3,0,0,0,4,4,59,1660,4,10,2014,7,11,16,0,14,6,GARFIELD AVE,EDWARDS STREET,0,33.68651944,-118.014875,0,12,6,0,2,2,0,1,1,1,0,1,0,0000000,99,99,99,99,99,99,0,0,0,1,0
6,62228,1,1,0,0,0,5,5,37,2700,21,12,2014,1,0,19,0,14,6,WASHINGTON BLVD,,0,34.16953611,-118.1578028,0,42,0,0,1,1,0,4,3,1,0,1,0,0000000,99,99,99,99,99,99,0,0,0,1,1
6,62229,2,2,0,0,0,2,2,59,3420,30,11,2014,1,3,18,0,13,6,S FLOWER STREET,W DYER ROAD,0,33.70959167,-117.8768333,0,12,6,0,2,2,0,1,3,10,0,10,0,0000000,99,99,99,99,99,99,0,0,0,1,0
6,62230,2,2,0,0,0,2,2,37,1840,26,9,2014,6,15,50,0,15,6,AVENUE I,60TH ST W,0,34.70403889,-118.2366806,0,12,6,0,2,2,0,1,1,1,0,1,0,0000000,99,99,99,99,99,99,0,0,0,1,0
6,62231,2,2,0,0,0,2,2,23,0,22,12,2014,2,10,16,1,2,2,US-SR 101,,89,40.06935833,-123.7895917,0,12,2,0,1,1,0,1,1,10,0,10,0,0000000,99,99,99,99,99,99,0,0,0,1,1
6,62232,2,2,0,0,0,4,4,37,3105,7,11,2014,6,23,12,1,11,1,I-10,,269,34.07161944,-118.0738194,0,33,0,1,5,1,0,4,3,1,0,1,0,0000000,99,99,99,99,99,99,0,0,0,1,1
6,62233,1,1,0,0,0,1,1,71,3210,22,12,2014,2,12,37,1,12,3,SR-210,,233,34.14573611,-117.2944222,0,33,0,0,1,1,0,4,1,1,0,1,0,0000000,99,99,99,99,99,99,0,0,0,1,0
6,62234,2,2,0,0,0,3,3,37,1980,22,12,2014,2,17,20,0,15,6,RANCHITO AVE,WYANDOTTE ST,0,34.20300278,-118.4355778,0,1,0,0,2,2,0,1,3,1,0,1,0,0000000,99,99,99,99,88,88,0,0,0,1,0
6,62235,1,1,0,1,1,2,2,85,3440,26,9,2014,6,15,45,0,14,6,WINCHESTER BLVD,,0,37.32411389,-121.9500194,0,8,0,0,4,1,0,1,1,1,0,1,0,0000000,15,45,15,49,99,99,0,0,0,1,0
6,62236,2,2,0,0,0,2,2,57,0,22,9,2014,2,16,12,0,3,3,SR-20,ROUGH AND READY HWY,66,39.20326667,-121.1695722,0,12,6,0,2,2,0,1,1,10,0,10,0,0000000,99,99,99,99,99,99,0,0,0,1,0
6,62237,1,1,0,0,0,2,2,29,0,26,9,2014,6,19,58,1,2,3,SR-58,,1106,35.10219444,-118.1520389,0,35,0,0,1,1,0,4,2,1,0,1,0,0000000,99,99,99,99,99,99,0,0,0,1,0
6,62238,2,2,0,0,0,3,3,107,0,23,9,2014,3,6,15,0,4,4,CR-AVE 24,ROAD 160,0,35.83401944,-119.2146639,0,12,6,0,2,2,0,1,4,1,0,1,0,0000000,99,99,99,99,88,88,0,0,0,2,0
6,62239,1,1,0,1,1,1,1,71,1305,23,9,2014,3,7,0,0,14,6,MILLER AVE,ALDER AVE,0,34.11389444,-117.418575,0,8,0,0,3,2,0,1,1,1,0,1,0,0000000,99,99,99,99,88,88,0,0,0,1,1
6,62240,1,1,0,1,1,1,1,37,1980,26,9,2014,6,20,0,0,15,6,TERRA BELLA ST,CAYUGA AVE,0,34.25700278,-118.4201333,0,15,0,0,3,3,0,1,3,1,0,1,0,0000000,99,99,99,99,99,99,0,0,0,1,0
6,62241,1,1,0,0,0,1,1,59,80,23,9,2014,3,10,23,0,16,6,MOUNTAIN VIEW AVE,,0,33.79759167,-117.9041639,0,18,0,0,1,1,0,1,1,1,0,1,0,0000000,99,99,99,99,99,99,0,0,0,1,0
6,62242,1,1,0,2,2,1,1,37,2380,23,9,2014,3,20,20,0,13,6,SIERRA HWY,,0,34.430325,-118.4432722,0,8,0,0,1,1,0,1,3,1,0,1,0,0000000,99,99,99,99,99,99,0,0,0,1,0
6,62243,1,1,0,0,0,1,1,19,1370,27,9,2014,7,0,32,1,12,3,SR-41,,234,36.74007222,-119.7776889,0,25,0,0,1,1,0,3,3,1,0,1,0,0000000,99,99,99,99,88,88,0,0,0,1,1
6,62244,1,1,0,2,2,1,1,103,2940,30,9,2014,3,10,34,1,2,3,SR-36 ANTELOPE BL,,430,40.18591944,-122.2039444,0,33,0,0,1,1,0,4,1,1,0,1,0,0000000,99,99,99,99,99,99,0,0,0,1,0
6,62245,2,2,0,0,0,4,4,71,1603,22,12,2014,2,13,53,1,1,1,I-15,,306,34.38725278,-117.41205,0,12,9,0,1,1,0,1,1,1,0,1,0,0000000,99,99,99,99,88,88,0,0,0,1,0
6,62246,1,1,0,0,0,2,2,1,1364,12,11,2014,4,7,22,1,13,6,FREMONT BL,,0,37.57503333,-122.0410639,0,33,0,0,1,1,0,4,1,1,0,1,0,0000000,99,99,99,99,99,99,0,0,0,1,0
6,62247,2,2,0,0,0,2,2,73,3375,22,2,2014,7,13,30,0,14,6,MISSION RD,PICO AVE,0,33.14349444,-117.1660528,0,12,6,0,2,2,0,1,1,1,0,1,0,0000000,99,99,99,99,99,99,0,0,0,1,0
6,62248,1,1,0,1,1,1,1,37,1430,23,12,2014,3,19,22,0,14,6,GLENOAKS BLVD,JUSTIN AVE,0,34.16978056,-118.2876917,0,8,0,0,2,2,0,1,3,1,0,1,0,0000000,99,99,99,99,99,99,0,0,0,1,0
6,62249,1,1,0,1,1,2,2,29,240,23,12,2014,3,20,0,1,12,3,SR-99,,215,35.32489167,-119.0382139,0,8,0,0,1,1,0,1,2,1,0,1,0,0000000,99,99,99,99,88,88,0,0,0,1,0
6,62250,1,1,0,1,1,1,1,19,1370,23,9,2014,3,22,25,1,12,3,SR-99,,212,36.73473889,-119.8032361,0,8,0,0,20,1,0,1,2,1,0,1,0,0000000,99,99,99,99,88,88,0,0,0,1,0
6,62251,2,2,0,0,0,4,4,77,3770,19,10,2014,1,2,53,0,15,6,EIGHT MILE ROAD,,0,38.05771667,-121.3575083,0,12,1,0,1,1,0,1,3,1,0,1,0,0000000,99,99,99,99,99,99,0,0,0,1,1
6,62252,2,2,0,0,0,3,3,65,0,23,9,2014,3,23,49,0,6,4,CR-SOBOBA ROAD,,0,33.78731389,-116.9238444,0,12,2,0,1,1,0,1,2,1,0,1,0,0000000,99,99,99,99,99,99,0,0,0,1,1
6,62253,1,1,0,0,0,1,1,113,4258,5,4,2014,7,12,35,0,13,6,EAST ST,,0,38.66716389,-121.7656306,0,33,0,0,1,1,0,4,1,1,0,1,0,0000000,99,99,99,99,99,99,0,0,0,1,0
6,62254,2,2,0,0,0,2,2,67,3150,16,12,2014,3,16,42,0,13,6,POWER INN RD,FRUITRIDGE RD,0,38.525475,-121.4091278,0,12,6,0,3,2,0,1,1,10,0,10,0,0000000,99,99,99,99,99,99,0,0,0,1,0
6,62255,3,3,0,0,0,4,4,99,0,8,1,2014,4,14,45,0,3,4,CR-S 7TH ST,,0,37.61969167,-120.9898306,0,12,1,0,1,1,0,1,1,10,0,10,0,0000000,99,99,99,99,99,99,0,0,0,1,0
6,62256,4,4,0,0,0,8,8,73,0,23,9,2014,3,18,3,1,11,1,I-5,,667,33.34698889,-117.5175667,0,12,1,0,1,1,0,1,5,1,0,1,0,0000000,99,99,99,99,99,99,0,0,0,1,0
6,62257,2,2,0,0,0,2,2,59,880,25,12,2014,5,1,13,0,13,6,HARBOR BLVD,19TH ST,0,33.64349167,-117.918975,0,12,6,0,2,2,0,1,3,2,0,2,0,0000000,99,99,99,99,88,88,0,0,0,1,1
6,62258,1,1,0,1,1,1,1,37,1980,26,10,2014,1,1,45,0,13,6,CENTRAL AVE,118TH STREET,0,33.92636944,-118.2543194,0,8,0,0,2,2,0,1,3,1,0,1,0,0000000,99,99,99,99,99,99,0,0,0,1,0
6,62259,2,2,0,0,0,2,2,37,2645,27,9,2014,7,3,47,0,14,6,AVENUE S,SIERRA HWY,0,34.55800556,-118.1146444,0,12,1,0,3,2,0,1,3,1,0,1,0,0000000,99,99,99,99,88,88,0,0,0,1,1
6,62260,2,2,0,0,0,2,2,65,0,6,12,2014,7,17,35,0,3,3,SR-371,,649,33.48356944,-116.8389,0,12,2,0,1,1,0,1,2,1,0,1,0,0000000,99,99,99,99,99,99,0,0,0,1,1
6,62261,1,1,0,0,0,1,1,65,0,25,12,2014,5,5,30,0,2,4,CR-VAN BUREN BLVD,,0,33.882325,-117.3822694,0,17,0,0,1,1,0,4,3,1,0,1,0,0000000,99,99,99,99,88,88,0,0,0,1,0
6,62262,1,1,0,1,1,2,2,73,1876,10,11,2014,2,20,3,0,14,6,SWEETWATER RD,,0,32.74378056,-117.0178694,0,8,0,0,1,1,0,1,2,10,0,10,0,0000000,20,11,20,15,88,88,0,0,0,1,0
6,62263,1,1,0,1,1,2,2,85,3340,17,12,2014,4,13,40,0,14,6,MCLAUGHLIN AVE,CARNELIAN DRIVE,0,37.32888056,-121.8499333,0,15,0,0,2,3,0,1,1,10,0,10,0,0000000,99,99,99,99,99,99,0,0,0,1,0
6,62264,1,1,0,1,1,1,1,37,1047,27,9,2014,7,7,18,0,15,6,ROYAL OAKS DR,,0,34.14326667,-117.9764056,0,8,0,0,1,1,0,1,1,1,0,1,0,0000000,99,99,99,99,99,99,0,0,0,1,0
6,62265,2,2,0,0,0,3,3,29,0,27,9,2014,7,18,5,1,2,3,SR-99,,335,35.47097222,-119.1257583,0,38,0,0,1,1,0,4,5,1,0,1,0,0000000,99,99,99,99,99,99,0,0,0,1,0
6,62266,1,1,0,0,0,1,1,53,0,14,12,2014,1,99,99,1,2,2,US-101,,474,36.25917778,-121.1783056,0,59,0,0,1,1,0,4,2,1,0,1,0,0000000,99,99,99,99,88,88,0,0,0,1,0
6,62267,4,4,0,0,0,4,4,37,3470,26,8,2014,3,5,46,1,13,3,SR-1,,352,34.01145278,-118.4957861,0,1,0,0,1,1,0,1,3,1,0,1,0,0000000,99,99,99,99,99,99,0,0,0,1,0
6,62268,2,2,0,0,0,3,3,85,0,25,12,2014,5,12,50,0,5,4,CR-NEW AVE,CR-ROOP RD,0,37.04175,-121.5419722,0,12,6,0,2,2,0,1,1,1,0,1,0,0000000,99,99,99,99,99,99,0,0,0,1,0
6,62269,1,1,0,0,0,1,1,29,0,6,10,2014,2,99,99,1,2,3,SR-99,,445,35.60416667,-119.2115611,0,24,0,0,1,1,0,4,2,1,0,1,0,0000000,99,99,99,99,88,88,0,0,0,1,1
6,62270,3,3,0,0,0,3,3,37,602,28,9,2014,1,1,53,1,11,1,I-405,,117,33.843,-118.2669,0,12,7,0,1,1,0,1,3,1,0,1,0,0000000,99,99,99,99,88,88,14,0,0,1,0
6,62271,1,1,0,0,0,1,1,29,240,10,12,2014,4,2,38,0,13,6,NEW STINE ROAD,MING AVENUE,0,35.33796111,-119.0609111,0,59,0,0,3,2,0,4,3,5,0,5,0,0000000,99,99,99,99,99,99,0,0,0,1,1
6,62272,2,2,0,0,0,3,3,97,0,27,9,2014,7,22,20,0,3,3,SR-121,,97,38.24870556,-122.4105806,0,12,2,0,1,1,0,1,3,1,0,1,0,0000000,99,99,99,99,99,99,0,0,0,1,2
6,62273,1,1,0,0,0,1,1,37,1980,26,12,2014,6,0,20,0,14,6,N EASTERN AVE,,0,34.06988333,-118.1804806,0,59,0,0,1,1,0,4,3,1,0,1,0,0000000,99,99,99,99,99,99,0,0,0,1,1
6,62274,1,1,0,1,1,1,1,87,3450,26,12,2014,6,6,45,0,2,6,SOQUEL AVE,HAGEMANN AVE,0,36.98140556,-122.0017,0,9,0,0,3,2,0,1,4,1,0,1,0,0000000,99,99,99,99,88,88,0,0,0,1,0