STATE,ST_CASE,VE_TOTAL,VE_FORMS,PVH_INVL,PEDS,PERNOTMVIT,PERMVIT,PERSONS,COUNTY,CITY,DAY,MONTH,YEAR,DAY_WEEK,HOUR,MINUTE,NHS,ROAD_FNC,ROUTE,TWAY_ID,TWAY_ID2,MILEPT,LATITUDE,LONGITUD,SP_JUR,HARM_EV,MAN_COLL,RELJCT1,RELJCT2,TYP_INT,WRK_ZONE,REL_ROAD,LGT_COND,WEATHER1,WEATHER2,WEATHER,SCH_BUS,RAIL,NOT_HOUR,NOT_MIN,ARR_HOUR,ARR_MIN,HOSP_HR,HOSP_MN,CF1,CF2,CF3,FATALS,DRUNK_DR
6,62494,1,1,0,0,0,1,1,39,0,27,9,2014,7,17,3,0,4,4,CR-ROAD 426,,0,37.31344722,-119.6135833,0,35,0,0,1,1,0,4,1,2,10,2,0,0000000,99,99,99,99,99,99,0,0,0,1,0
6,62495,2,1,1,0,0,1,1,59,1380,18,12,2014,5,2,36,0,13,6,IMPERIAL HWY,MERVYNS WAY,0,33.91744444,-117.9284778,0,59,0,0,3,2,0,4,3,10,0,10,0,0000000,99,99,99,99,88,88,0,0,0,1,1
6,62496,1,1,0,0,0,1,1,105,0,18,12,2014,5,12,45,1,2,3,SR-299,,31,40.88478333,-123.5569167,0,43,0,0,1,1,0,4,1,10,0,10,0,0000000,99,99,99,99,88,88,0,0,0,1,0
6,62497,2,2,0,0,0,4,4,37,0,17,12,2014,4,14,35,0,14,6,HALLIBURTON ROAD,DURAZNO DR,0,33.99591667,-117.9589333,0,12,6,0,2,3,0,1,1,10,0,10,0,0000000,99,99,99,99,99,99,0,0,0,1,0
6,62498,2,2,0,0,0,4,4,59,2560,27,5,2014,3,21,42,0,13,6,TUSTIN ST,,0,33.81321111,-117.8358361,0,12,7,0,1,1,0,1,3,1,0,1,0,0000000,99,99,99,99,99,99,0,0,0,1,0
6,62499,1,1,0,1,1,1,1,59,1842,3,9,2014,4,20,33,0,13,6,MOODY,CRESCENT,0,33.83893611,-118.0459722,0,8,0,0,3,2,0,1,3,1,0,1,0,0000000,99,99,99,99,99,99,0,0,0,1,1
6,62500,1,1,0,1,1,1,1,37,1980,25,1,2014,7,18,50,0,13,6,VENTURA BLVD,OAKDALE AVE,0,34.17226111,-118.5658806,0,8,0,0,3,2,0,1,3,1,0,1,0,0000000,99,99,99,99,99,99,0,0,0,1,0
6,62501,3,3,0,0,0,6,6,71,680,3,10,2014,6,20,46,0,15,6,PINE AVENUE,,0,33.956675,-117.6378972,0,12,2,0,1,1,0,1,2,1,0,1,0,0000000,99,99,99,99,88,88,0,0,0,5,1
6,62502,2,2,0,0,0,2,2,113,980,1,2,2014,7,14,2,0,14,6,E COVELL AVE,,0,38.56301667,-121.7231278,0,12,1,0,1,1,0,1,1,1,0,1,0,0000000,99,99,99,99,99,99,0,0,0,1,0
6,62503,1,1,0,0,0,1,1,5,0,17,8,2014,1,9,9,0,14,6,CARBONDALE RD,,0,38.44838056,-120.9870694,0,1,0,0,1,1,0,4,1,1,0,1,0,0000000,99,99,99,99,99,99,0,0,0,1,0
6,62504,1,1,0,1,1,3,3,37,930,3,10,2014,6,22,0,0,13,6,OVERLAND AVE,,0,34.0133,-118.4019722,0,8,0,0,1,1,0,1,3,1,0,1,0,0000000,99,99,99,99,99,99,0,0,0,1,1
6,62505,1,1,0,1,1,3,3,29,3020,4,10,2014,7,18,22,0,2,3,SR-178,GATEWAY BLVD,1026,35.62247222,-117.6523833,0,8,0,0,3,2,0,1,5,1,0,1,0,0000000,99,99,99,99,88,88,0,0,0,1,0
6,62506,2,2,0,0,0,2,2,65,3851,6,10,2014,2,12,38,0,13,6,TEMECULA PKWY,RANCHO COMMUNITY WAY,0,33.47660278,-117.1161417,0,12,7,0,3,2,0,1,1,1,0,1,0,0000000,99,99,12,43,99,99,0,0,0,1,0
6,62507,2,2,0,0,0,2,2,23,0,6,10,2014,2,99,99,0,6,4,CR-BUCK MOUNTAIN ROAD,,0,40.10168333,-123.7450667,0,12,2,0,1,1,0,1,1,1,0,1,0,0000000,99,99,99,99,88,88,0,0,0,1,0
6,62508,1,1,0,1,1,1,1,65,1690,12,2,2014,4,19,9,0,15,6,CALHOUN ST,,0,33.71222778,-116.2077389,0,8,0,0,1,1,0,1,3,1,0,1,0,0000000,99,99,99,99,99,99,0,0,0,1,0
6,62509,1,1,0,0,0,1,1,107,0,23,8,2014,7,7,37,1,12,3,SR-99,,369,36.30495,-119.3899389,0,1,0,0,1,1,0,3,1,1,0,1,0,0000000,99,99,99,99,88,88,0,0,0,1,0
6,62510,2,2,0,0,0,3,3,71,4040,8,10,2014,4,19,44,0,14,6,D STREET,TENTH STREET,0,34.534325,-117.2902333,0,12,6,0,2,3,0,1,3,1,0,1,0,0000000,99,99,99,99,99,99,0,0,0,1,0
6,62511,1,1,0,0,0,1,1,85,0,9,9,2014,3,19,10,0,6,6,SYCAMORE DR,,0,37.08851389,-121.6673806,0,1,0,0,1,1,0,1,1,1,0,1,0,0000000,99,99,99,99,88,88,0,0,0,1,0
6,62512,1,1,0,0,0,1,1,37,1980,1,4,2014,3,0,55,1,12,3,SR-118,,0,34.27221667,-118.5557417,0,1,0,1,18,1,0,1,3,2,10,2,0,0000000,99,99,99,99,99,99,0,0,0,1,0
6,62513,1,1,0,1,1,1,1,85,3340,13,10,2014,2,19,59,0,13,6,MCKEE RD,N 33RD ST,0,37.35598333,-121.8638083,0,8,0,0,2,2,0,1,3,1,0,1,0,0000000,99,99,99,99,99,99,0,0,0,1,0
6,62514,1,1,0,0,0,2,2,65,1801,13,9,2014,7,1,53,0,14,6,LAKE ST,,0,33.70496111,-117.3893556,0,59,0,0,1,1,0,4,3,1,0,1,0,0000000,99,99,99,99,2,25,0,0,0,1,1
6,62515,2,2,0,0,0,5,5,67,0,15,9,2014,2,0,59,0,2,4,CR-EL CAMINO AVE,WALNUT AVE,0,38.61003056,-121.3459972,0,12,6,0,2,2,0,1,3,1,0,1,0,0000000,99,99,99,99,99,99,0,0,0,1,1
6,62516,1,1,0,0,0,1,1,53,3180,15,9,2014,2,14,53,0,14,6,E BERNAL DR,LA POSADA WAY,0,36.69214444,-121.6436306,0,33,0,0,3,2,0,4,1,1,0,1,0,0000000,99,99,99,99,88,88,0,0,0,1,0
6,62517,1,1,0,1,1,1,1,75,3290,5,2,2014,4,2,23,0,13,2,US-101 VAN NESS AVE,GROVE ST,57,37.77824444,-122.4199222,0,8,0,0,3,2,0,1,3,10,0,10,0,0000000,99,99,99,99,99,99,0,0,0,1,0
6,62518,1,1,0,0,0,1,1,41,0,7,12,2014,1,14,15,0,16,6,SCHOOL RD,,0,38.11574444,-122.5264861,0,39,0,0,1,1,0,4,1,1,0,1,0,0000000,99,99,99,99,99,99,0,0,0,1,0
6,62519,1,1,0,1,1,1,1,67,1108,14,10,2014,3,22,1,0,14,6,ELK GROVE BLVD,BRUCEVILLE RD,0,38.40891111,-121.4177972,0,8,0,0,2,2,0,1,3,1,0,1,0,0000000,99,99,99,99,99,99,0,0,0,1,0
6,62520,2,2,0,0,0,3,3,77,0,15,10,2014,4,19,15,0,4,4,CR-FRENCH CAMP RD,,0,37.86643889,-121.2397861,0,12,6,0,1,1,0,1,2,10,0,10,0,0000000,99,99,99,99,99,99,0,0,0,1,0
6,62521,1,1,0,1,1,2,2,71,1603,14,8,2014,5,20,47,0,13,6,MAIN ST,THIRD AVE,0,34.42229722,-117.3067,0,9,0,0,2,2,0,1,3,1,0,1,0,0000000,99,99,99,99,99,99,0,0,0,1,0
6,62522,1,1,0,1,1,1,1,37,602,31,5,2014,7,20,23,0,14,6,CARSON ST,FIGUEROA ST,0,33.83158333,-118.286125,0,8,0,0,3,2,0,1,3,1,0,1,0,0000000,99,99,99,99,99,99,0,0,0,1,0
6,62523,1,1,0,1,1,1,1,75,3290,12,2,2014,4,0,54,0,13,2,US-101 VAN NESS AVE,,63,37.79555556,-122.42345,0,8,0,0,1,1,0,1,3,1,0,1,0,0000000,99,99,99,99,88,88,0,0,0,1,0
6,62524,1,1,0,1,1,1,1,37,1970,13,9,2014,7,0,13,0,14,6,SPRING ST,KAREN AVE,0,33.81050278,-118.0955694,0,8,0,0,2,3,0,1,3,1,0,1,0,0000000,99,99,99,99,99,99,0,0,0,1,0
6,62525,2,2,0,0,0,4,4,65,1003,5,6,2014,5,5,13,0,14,6,PALM DR,CAMINO CAMPANERO,0,33.93944444,-116.5015,0,12,2,0,3,2,0,1,4,1,0,1,0,0000000,99,99,99,99,99,99,0,0,0,1,1
6,62526,1,1,0,0,0,1,1,67,1300,6,6,2014,6,6,35,1,12,2,US-50,,192,38.64190278,-121.1482222,0,1,0,0,1,1,0,4,1,1,0,1,0,0000000,99,99,99,99,99,99,0,0,0,1,0
6,62527,1,1,0,0,0,1,1,101,0,4,7,2014,6,14,25,0,2,3,SR-113,,91,38.91233333,-121.6918472,0,42,0,0,1,1,0,4,1,1,0,1,0,0000000,99,99,99,99,99,99,0,0,0,1,0
6,62528,2,2,0,0,0,3,3,47,0,7,7,2014,2,10,59,0,2,4,CR-ARBOLEDA DR,OLIVE AVE,0,37.31755278,-120.3784917,0,12,6,0,2,2,0,1,1,10,0,10,0,0000000,99,99,99,99,99,99,0,0,0,1,0
6,62529,2,2,0,0,0,2,2,65,2935,3,8,2014,1,14,35,0,14,6,BOB HOPE DR,,0,33.80963611,-116.407325,0,24,0,0,1,1,0,3,1,2,0,2,0,0000000,99,99,99,99,99,99,0,0,0,1,0
6,62530,1,1,0,0,0,1,1,73,0,8,5,2014,5,4,45,1,2,3,SR-94,,374,32.59333889,-116.6655889,0,11,0,0,1,1,0,1,2,1,0,1,0,0000000,99,99,99,99,88,88,0,0,0,1,0
6,62531,2,2,0,0,0,2,2,77,3770,2,9,2014,3,13,20,1,11,1,I-5,,327,38.01953889,-121.3577139,0,25,0,0,1,1,2,4,1,1,0,1,0,0000000,99,99,99,99,88,88,14,0,0,1,0
6,62532,1,1,0,0,0,1,1,73,3375,20,12,2014,7,1,7,0,14,6,W MISSION RD,N PACIFIC ST,0,33.15081111,-117.1924111,0,33,0,0,3,3,0,4,3,1,0,1,0,0000000,99,99,99,99,99,99,0,0,0,1,1
6,62533,1,1,0,1,1,1,1,47,2150,19,12,2014,6,21,21,0,14,6,S PARSONS AVE,,0,37.28682778,-120.4516306,0,15,0,0,1,1,0,1,3,10,2,2,0,0000000,99,99,99,99,99,99,0,0,0,1,0
6,62534,2,2,0,0,0,3,3,71,2238,19,12,2014,6,16,47,0,13,6,CENTRAL AVE,,0,34.08268611,-117.689575,0,12,6,0,8,1,0,1,3,1,0,1,0,0000000,99,99,99,99,99,99,0,0,0,1,0
6,62535,2,2,0,0,0,2,2,65,3070,17,8,2014,1,15,17,0,14,6,CENTRAL AVE,LOCHMOOR DR,0,33.95667222,-117.316025,0,12,6,0,2,3,0,1,1,1,0,1,0,0000000,99,99,99,99,99,99,0,0,0,1,0
6,62536,2,1,1,1,1,1,1,75,3290,7,1,2014,3,18,20,0,13,2,US-101 VAN NESS AVE,,56,37.77797778,-122.4197472,0,8,0,0,1,1,0,1,3,1,0,1,0,0000000,99,99,99,99,88,88,14,0,0,1,0
6,62537,1,1,0,1,1,1,1,73,3260,25,12,2014,5,17,38,0,14,6,CAMINO DEL RIO WEST,MOORE ST,0,32.75539722,-117.204775,0,8,0,0,3,2,0,1,2,1,0,1,0,0000000,99,99,99,99,88,88,0,0,0,1,0
6,62538,4,4,0,0,0,11,11,59,1780,26,1,2014,1,13,34,0,13,3,SR-1,,114,33.55605556,-117.8148639,0,12,6,0,1,1,0,1,1,1,0,1,0,0000000,99,99,99,99,99,99,0,0,0,1,1
6,62539,2,2,0,2,2,1,1,85,3340,6,9,2014,7,1,40,1,12,2,US-SR 101,,4,37.34084722,-121.8489556,0,8,0,1,18,1,0,1,2,1,0,1,0,0000000,99,99,99,99,99,99,19,15,0,1,0
6,62540,1,1,0,0,0,1,1,59,2800,7,9,2014,1,17,59,0,13,6,YORBA LINDA BLVD,,0,33.88865556,-117.8459556,0,33,0,0,1,1,0,4,1,1,0,1,0,0000000,99,99,99,99,88,88,0,0,0,1,1
6,62541,1,1,0,1,1,1,1,53,0,9,9,2014,3,6,30,0,4,4,CR-SAN JUAN GRADE RD,,0,36.76345833,-121.6123667,0,9,0,0,8,1,0,1,4,10,0,10,0,0000000,99,99,99,99,88,88,0,0,0,1,0
6,62542,2,2,0,0,0,2,2,71,2550,11,9,2014,5,1,5,0,13,6,RAVEN AVE,,0,34.03012778,-117.5758167,0,12,2,0,1,1,0,1,3,1,0,1,0,0000000,99,99,99,99,88,88,0,0,0,1,1
6,62543,3,1,2,1,1,1,1,37,1808,24,9,2014,4,14,20,0,16,6,GREENTOP ST,,0,33.84000278,-118.1607139,0,8,0,0,1,1,0,5,1,1,0,1,0,0000000,99,99,99,99,99,99,0,0,0,1,0
6,62544,1,1,0,1,1,1,1,65,612,12,9,2014,6,99,99,0,13,6,DATE PALM DR,,0,33.81870833,-116.458275,0,8,0,0,1,1,0,1,3,1,0,1,0,0000000,99,99,99,99,88,88,0,0,0,1,0
6,62545,1,1,0,0,0,1,1,59,880,4,7,2014,6,3,40,1,13,6,ADAMS AVE,,0,33.67288333,-117.9248861,0,33,0,0,1,1,0,4,3,1,0,1,0,0000000,99,99,99,99,99,99,0,0,0,1,1
6,62546,1,1,0,0,0,1,1,73,0,2,5,2014,6,14,20,1,2,3,SR-79,,303,33.23598889,-116.69355,0,32,0,0,1,1,0,5,1,1,0,1,0,0000000,99,99,99,99,99,99,0,0,0,1,0
6,62547,2,2,0,0,0,2,2,95,4010,31,12,2014,4,15,13,1,11,1,I-80,,280,38.38194722,-121.9425889,0,12,1,0,1,1,0,1,1,1,0,1,0,0000000,99,99,99,99,99,99,0,0,0,1,0
6,62548,1,1,0,1,1,1,1,13,110,21,10,2014,3,15,57,0,14,6,HILLCREST AVE,,0,37.99441389,-121.7845972,0,9,0,0,1,1,0,1,1,1,0,1,0,0000000,99,99,99,99,99,99,0,0,0,1,0
6,62549,3,3,0,0,0,10,10,59,80,18,10,2014,7,23,58,0,13,6,N EUCLID,W LA PALMA AVE,0,33.84708611,-117.9416667,0,12,1,0,2,2,0,1,3,1,0,1,0,0000000,99,99,99,99,99,99,0,0,0,1,0
6,62550,1,1,0,0,0,6,6,35,0,5,7,2014,7,6,42,1,2,2,US-395,,961,40.64564722,-120.2588167,0,17,0,0,1,1,0,4,1,1,0,1,0,0000000,99,99,99,99,99,99,0,0,0,1,0
6,62551,1,1,0,1,1,1,1,59,1780,21,5,2014,4,22,29,0,13,3,SR-1,MOUNTAIN RD,84,33.53175278,-117.7748694,0,8,0,0,3,98,0,1,3,1,0,1,0,0000000,99,99,99,99,99,99,0,0,0,1,0
6,62552,1,1,0,0,0,30,30,65,0,21,5,2014,4,2,20,1,1,1,I-10,,15580,33.60763889,-114.5427111,0,18,0,0,1,1,1,1,2,1,0,1,0,0000000,99,99,99,99,99,99,19,0,0,5,0
6,62553,1,1,0,0,0,1,1,65,2278,31,5,2014,7,2,18,0,15,6,INDIAN ST,,0,33.859175,-117.2347528,0,59,0,0,1,1,0,4,8,1,0,1,0,0000000,99,99,99,99,88,88,0,0,0,1,1
6,62554,2,2,0,0,0,3,3,65,750,22,10,2014,4,19,1,0,15,6,AVENUE 50,,0,33.68582778,-116.1413833,0,12,6,0,1,1,0,1,2,1,0,1,0,0000000,99,99,99,99,99,99,0,0,0,1,1
6,62555,1,1,0,0,0,2,2,111,2620,3,6,2014,3,19,26,0,13,6,RICE AVE,,0,34.19712778,-119.1423889,0,10,0,0,6,1,0,1,1,1,0,1,0,745855H,99,99,99,99,88,88,0,0,0,2,0
6,62556,1,1,0,0,0,2,2,95,1260,21,12,2014,1,8,29,1,11,1,I-80,,127,38.21559444,-122.13965,0,25,0,0,1,1,2,3,1,10,0,10,0,0000000,99,99,99,99,99,99,0,0,0,1,0
6,62557,2,2,0,0,0,4,4,77,1865,24,12,2014,4,17,30,1,11,1,I-5,,166,37.81543889,-121.2940806,0,12,1,0,1,1,0,1,3,1,0,1,0,0000000,99,99,99,99,99,99,0,0,0,1,0
6,62558,2,2,0,0,0,3,3,71,4040,12,7,2014,7,16,14,0,14,6,NISQUALLI RD,,0,34.48517222,-117.3276917,0,12,7,0,4,1,0,1,1,1,0,1,0,0000000,99,99,99,99,99,99,0,0,0,1,0
6,62559,1,1,0,0,0,1,1,71,0,24,12,2014,4,17,52,0,2,3,SR-38,,464,34.33648333,-116.8342917,0,42,0,0,1,1,0,4,2,1,0,1,0,0000000,99,99,99,99,88,88,0,0,0,1,0
6,62560,1,1,0,0,0,1,1,29,0,25,12,2014,5,6,5,1,2,3,SR-99,,28,35.06028611,-118.9685389,0,38,0,0,1,1,0,4,1,1,0,1,0,0000000,99,99,99,99,99,99,0,0,0,1,0
6,62561,1,1,0,0,0,3,3,37,1716,21,9,2014,1,17,20,0,13,6,ARROW HWY,,0,34.10707222,-117.9398694,0,33,0,0,1,1,0,4,1,1,0,1,0,0000000,99,99,99,99,99,99,0,0,0,1,1
6,62562,1,1,0,1,1,1,1,111,2620,3,6,2014,3,23,20,0,13,6,WOOLEY RD,,0,34.18994722,-119.169,0,8,0,0,1,1,0,1,3,1,0,1,0,0000000,99,99,99,99,88,88,0,0,0,1,0
6,62563,13,13,0,0,0,16,16,37,0,14,8,2014,5,5,40,1,2,3,SR-60,,101,34.04010556,-118.0545778,0,12,1,0,1,1,0,1,2,1,0,1,0,0000000,99,99,99,99,99,99,0,0,0,1,0
6,62564,1,1,0,0,0,3,3,71,1605,25,7,2014,6,0,30,0,14,6,BASELINE ST,ELM ST,0,34.12129722,-117.2460583,0,1,0,0,2,3,0,1,3,1,0,1,0,0000000,99,99,99,99,99,99,20,0,0,1,1
6,62565,1,1,0,1,1,1,1,111,2620,18,9,2014,5,7,7,0,13,6,WOOLEY ROAD,NOVATO DR,0,34.18999167,-119.1837167,0,8,0,0,2,3,0,1,1,1,0,1,0,0000000,99,99,99,99,88,88,0,0,0,1,0
6,62566,1,1,0,1,1,1,1,59,1780,17,6,2014,3,18,56,0,13,3,SR-1,,113,33.55458333,-117.812175,0,9,0,0,1,1,0,1,1,10,0,10,0,0000000,18,56,99,99,99,99,0,0,0,1,0
6,62567,2,2,0,0,0,4,4,107,0,5,7,2014,7,5,35,1,2,3,SR-198,,158,36.32668889,-119.1894306,0,12,1,0,1,1,0,1,4,1,0,1,0,0000000,99,99,99,99,99,99,0,0,0,1,1
6,62568,1,1,0,1,1,2,2,19,1370,20,9,2014,7,21,41,0,13,6,SHAW AVE,,0,36.808325,-119.8397556,0,8,0,0,1,1,0,1,3,1,0,1,0,0000000,99,99,99,99,99,99,0,0,0,1,0
6,62569,1,1,0,1,1,1,1,37,3690,23,9,2014,3,7,12,0,14,6,ARDMORE AVE,,0,33.95692778,-118.2019889,0,8,0,0,1,1,0,1,1,1,0,1,0,0000000,99,99,99,99,88,88,0,0,0,1,0
6,62570,1,1,0,1,1,1,1,39,690,24,9,2014,4,5,7,0,13,3,SR-233,SR-99,38,37.12691111,-120.2522333,0,8,0,1,18,1,0,1,2,1,0,1,0,0000000,99,99,99,99,88,88,0,0,0,1,0
6,62571,1,1,0,1,1,1,1,59,1410,11,8,2014,2,21,19,0,13,6,CHAPMAN AVE,,0,33.78893611,-117.9047556,0,8,0,0,1,1,0,1,3,1,0,1,0,0000000,99,99,99,99,99,99,0,0,0,1,0
6,62572,1,1,0,0,0,5,5,111,0,13,8,2014,4,19,5,0,2,3,SR-1,,100,34.10741944,-119.0792778,0,42,0,0,1,1,0,4,5,1,0,1,0,0000000,99,99,99,99,99,99,0,0,0,1,1
6,62573,1,1,0,1,1,1,1,37,305,25,8,2014,2,20,27,0,14,6,BELLFLOWER BLVD,,0,33.87076389,-118.1252222,0,8,0,0,1,1,0,1,3,1,0,1,0,0000000,99,99,99,99,99,99,0,0,0,1,0
6,62574,1,1,0,1,1,1,1,85,3340,5,9,2014,6,20,0,1,12,6,CAPITOL EXPWY,TUERS RD,0,37.29884167,-121.8234306,0,9,0,0,3,3,0,1,2,1,0,1,0,0000000,99,99,99,99,99,99,0,0,0,1,0
6,62575,2,2,0,0,0,5,5,69,0,17,8,2014,1,6,45,0,2,3,SR-156,SR-25,540,36.89549722,-121.4273139,0,12,6,0,2,2,0,1,4,5,0,5,0,0000000,99,99,99,99,99,99,0,0,0,1,0
6,62576,2,2,0,0,0,4,4,37,930,3,7,2014,5,16,0,1,11,1,I-405,,266,33.99568056,-118.4052389,0,12,1,0,1,1,0,1,1,1,0,1,0,0000000,99,99,99,99,99,99,0,0,0,1,0
6,62577,2,2,0,0,0,2,2,37,1980,13,12,2014,7,0,51,1,11,1,I-405,,386,34.14939167,-118.468675,0,12,1,0,1,1,0,1,2,1,0,1,0,0000000,99,99,99,99,88,88,0,0,0,1,1
6,62578,1,1,0,1,1,1,1,59,1842,17,12,2014,4,17,30,1,13,3,SR-91,,3,33.85865556,-118.0351278,0,8,0,1,20,1,0,1,2,1,0,1,0,0000000,99,99,99,99,99,99,0,0,0,1,0
6,62579,3,2,1,0,0,3,3,37,1970,20,6,2014,6,9,25,0,13,6,WILLOW ST,WEBSTER AVE,0,33.80437778,-118.2198,0,12,6,0,2,3,0,1,1,1,0,1,0,0000000,99,99,99,99,99,99,0,0,0,1,0
6,62580,3,3,0,0,0,3,3,71,1603,14,9,2014,1,20,44,0,14,6,RANCHERO RD,TOPAZ AVE,0,34.383125,-117.3549333,0,12,1,0,3,2,0,1,2,1,0,1,0,0000000,20,44,99,99,88,88,0,0,0,1,0
6,62581,1,1,0,1,1,2,2,111,0,4,9,2014,5,21,32,1,13,3,SR-33,,108,34.42298889,-119.2895556,0,8,0,0,1,1,0,1,2,1,0,1,0,0000000,99,99,99,99,88,88,0,0,0,1,0
6,62582,2,2,0,0,0,7,7,73,2904,27,12,2014,7,14,25,0,3,3,SR-67,,136,32.97466944,-116.972175,0,12,1,0,1,1,0,1,1,1,0,1,0,0000000,99,99,99,99,99,99,26,0,0,1,0
6,62583,1,1,0,0,0,1,1,37,0,12,10,2014,1,99,99,0,4,4,CR-MT EMMA RD,,0,34.4638,-118.0850917,0,35,0,0,1,1,0,4,2,1,0,1,0,0000000,99,99,99,99,99,99,0,0,0,1,1
6,62584,2,2,0,0,0,3,3,37,639,2,10,2014,5,5,55,0,14,6,BLOOMFIELD,166TH ST,0,33.88033889,-118.0639306,0,12,6,0,2,2,0,1,1,1,0,1,0,0000000,99,99,99,99,99,99,0,0,0,1,0
6,62585,1,1,0,1,1,1,1,37,1980,21,2,2014,6,21,35,0,13,6,VICTORY BLVD,,0,34.18665,-118.4785972,0,8,0,0,1,1,0,1,3,1,0,1,0,0000000,99,99,99,99,88,88,0,0,0,1,0
6,62586,2,2,0,0,0,3,3,37,1970,12,9,2014,6,16,28,1,11,1,I-405,,2800,33.80278889,-118.1339528,0,33,0,1,19,1,0,4,1,1,0,1,0,0000000,16,30,99,99,99,99,0,0,0,1,0
6,62587,2,1,1,1,1,1,1,53,0,29,10,2014,4,23,59,0,2,3,SR-68,,133,36.57211944,-121.7417389,0,8,0,0,1,1,1,1,3,1,0,1,0,0000000,99,99,99,99,88,88,0,0,0,1,0
6,62588,2,2,0,0,0,5,5,73,3375,8,3,2014,7,16,20,0,13,6,W SAN MARCOS BLVD,DISCOVERY ST,0,33.13146944,-117.2010611,0,12,6,0,2,2,0,1,1,1,0,1,0,0000000,99,99,99,99,88,88,0,0,0,1,0
6,62589,1,1,0,1,1,1,1,59,9997,15,11,2014,7,5,57,0,13,6,MOULTON PKWY,,0,33.61649722,-117.7310833,0,9,0,0,1,1,0,1,3,1,0,1,0,0000000,99,99,99,99,99,99,0,0,0,1,0
6,62590,1,1,0,1,1,3,3,81,1530,21,3,2014,6,16,18,0,2,3,SR-1,FILBERT ST,284,37.45829722,-122.4341278,0,9,0,0,2,2,0,1,1,1,0,1,0,0000000,99,99,99,99,99,99,0,0,0,1,0
6,62591,2,2,0,0,0,3,3,37,2684,14,8,2014,5,21,0,0,13,6,GARFIELD AVE,JACKSON ST,0,33.88551389,-118.1687556,0,12,6,0,2,2,0,1,3,1,0,1,0,0000000,99,99,99,99,99,99,0,0,0,1,0
6,62592,1,1,0,0,0,1,1,85,3440,20,8,2014,4,23,28,0,13,6,HWY 74,BURSERA WY,0,37.37669444,-122.0045,0,30,0,0,1,1,0,4,3,1,0,1,0,0000000,99,99,99,99,99,99,0,0,0,1,1
6,62593,2,2,0,0,0,3,3,71,2550,22,8,2014,6,18,4,0,14,6,MILLIKEN AVE,BRICKELL ST,0,34.05908333,-117.5582667,0,12,6,0,2,2,0,1,1,1,0,1,0,0000000,6,4,99,99,99,99,0,0,0,1,1
6,62594,3,3,0,0,0,4,4,65,2935,25,12,2014,5,19,3,0,15,6,GERALD FORD DR,BOB HOPE DR,0,33.78704444,-116.4060639,0,12,6,0,2,2,0,1,3,1,0,1,0,0000000,99,99,99,99,99,99,0,0,0,1,1
6,62595,1,1,0,1,1,1,1,73,2340,28,12,2014,1,15,10,0,14,6,HIGHLAND AVE,21ST ST,0,32.66687222,-117.0943222,0,8,0,0,3,2,0,1,1,1,0,1,0,0000000,99,99,99,99,99,99,0,0,0,1,0
6,62596,1,1,0,1,1,1,1,71,260,21,7,2014,2,21,22,0,13,6,WEST MAIN ST,,0,34.88630278,-117.0782056,0,8,0,0,1,1,0,1,2,1,0,1,0,0000000,99,99,99,99,88,88,0,0,0,1,0
6,62597,2,2,0,0,0,3,3,111,2620,5,11,2014,4,23,12,0,13,6,VICTORIA AVE,GONZALES RD,0,34.21945278,-119.2212917,0,12,1,0,3,2,0,1,3,1,0,1,0,0000000,99,99,99,99,99,99,0,0,0,1,1
6,62598,2,2,0,0,0,2,2,65,2935,4,11,2014,3,16,31,0,15,6,GERALD FORD DR,LOS ALAMOS RD,0,33.78709444,-116.4234389,0,12,6,0,2,2,0,1,1,1,0,1,0,0000000,99,99,99,99,99,99,0,0,0,1,0
6,62599,1,1,0,0,0,1,1,71,0,24,11,2014,2,15,30,1,1,1,I-40,,968,34.80297778,-115.3703472,0,1,0,0,1,1,0,4,1,1,0,1,0,0000000,99,99,99,99,99,99,0,0,0,1,0
6,62600,1,1,0,1,1,1,1,59,1380,18,11,2014,3,22,3,0,13,6,STATE COLLEGE BL,,0,33.87371389,-117.8896111,0,8,0,0,1,1,0,1,3,1,0,1,0,0000000,99,99,99,99,99,99,0,0,0,1,0
6,62601,1,1,0,0,0,4,4,65,2650,31,8,2014,1,3,12,0,13,3,SR-111,TACHEVAH DR,511,33.83770556,-116.506125,0,46,0,0,3,2,0,4,3,1,0,1,0,0000000,99,99,99,99,99,99,0,0,0,2,1
6,62602,1,1,0,1,1,2,2,65,2646,30,12,2014,3,18,30,1,13,3,SR-111,LARKSPUR LANE,386,33.72139444,-116.3802639,0,8,0,0,2,3,0,1,3,10,0,10,0,0000000,99,99,99,99,99,99,0,0,0,1,0