STATE,ST_CASE,VE_TOTAL,VE_FORMS,PVH_INVL,PEDS,PERNOTMVIT,PERMVIT,PERSONS,COUNTY,CITY,DAY,MONTH,YEAR,DAY_WEEK,HOUR,MINUTE,NHS,ROAD_FNC,ROUTE,TWAY_ID,TWAY_ID2,MILEPT,LATITUDE,LONGITUD,SP_JUR,HARM_EV,MAN_COLL,RELJCT1,RELJCT2,TYP_INT,WRK_ZONE,REL_ROAD,LGT_COND,WEATHER1,WEATHER2,WEATHER,SCH_BUS,RAIL,NOT_HOUR,NOT_MIN,ARR_HOUR,ARR_MIN,HOSP_HR,HOSP_MN,CF1,CF2,CF3,FATALS,DRUNK_DR
6,62603,2,2,0,0,0,2,2,65,2646,14,12,2014,1,20,30,0,15,6,DEEP CANYON ROAD,CORAL BELLS CIRCLE,0,33.73393889,-116.3650361,0,12,7,0,2,3,0,1,3,1,0,1,0,0000000,99,99,99,99,99,99,0,0,0,1,1
6,62604,1,1,0,1,1,1,1,37,1970,28,11,2014,6,10,17,1,13,6,ALAMITOS AVE,E ANAHEIM ST,0,33.78259444,-118.1779778,0,8,0,0,1,1,0,1,1,1,0,1,0,0000000,99,99,99,99,99,99,0,0,0,1,0
6,62605,1,1,0,1,1,1,1,81,970,4,12,2014,5,23,32,0,13,3,SR-35,WESTRIDGE DR,303,37.69044722,-122.4928056,0,8,0,0,2,2,0,1,3,10,0,10,0,0000000,99,99,99,99,88,88,0,0,0,1,0
6,62606,3,2,1,0,0,5,5,37,1550,15,12,2014,2,3,38,0,13,6,EL SEGUNDO BLVD,,0,33.91643889,-118.3261917,0,12,1,0,1,1,2,1,3,1,0,1,0,0000000,99,99,99,99,99,99,0,0,0,1,1
6,62607,1,1,0,0,0,8,8,47,0,10,9,2014,4,5,55,1,2,3,SR-152,,51,37.10075,-121.1413889,0,1,0,0,1,1,0,3,2,1,0,1,0,0000000,99,99,99,99,99,99,0,0,0,1,0
6,62608,3,3,0,0,0,3,3,37,2260,20,10,2014,2,15,55,1,12,3,SR-60,,47,34.03335,-118.1465194,0,12,1,0,1,1,0,1,1,1,0,1,0,0000000,99,99,99,99,99,99,0,0,0,1,0
6,62609,2,2,0,0,0,4,4,1,2480,8,3,2014,7,11,22,0,15,6,PLYMOUTH STREET,98TH AVE,0,37.74591111,-122.1672361,0,12,6,0,2,2,0,1,1,1,0,1,0,0000000,99,99,99,99,99,99,0,0,0,1,0
6,62610,1,1,0,1,1,1,1,29,240,15,12,2014,2,6,5,0,13,6,24TH ST,,0,35.381425,-119.0393417,0,8,0,0,1,1,0,1,2,10,0,10,0,0000000,99,99,99,99,99,99,0,0,0,1,0
6,62611,2,2,0,0,0,4,4,1,1364,8,12,2014,2,17,55,0,13,6,MOWRY AVE,,0,37.55590278,-121.9824111,0,12,6,0,8,1,0,1,3,10,0,10,0,0000000,99,99,99,99,99,99,0,0,0,1,0
6,62612,1,1,0,0,0,1,1,29,240,16,12,2014,3,22,17,0,15,6,CAMINO MEDIA,,0,35.34303889,-119.095275,0,42,0,0,1,1,0,4,3,1,0,1,0,0000000,99,99,99,99,22,48,0,0,0,1,1
6,62613,1,1,0,0,0,1,1,73,3260,30,10,2014,5,1,51,1,11,1,I-8,,39,32.768075,-117.1393556,0,1,0,1,5,1,0,4,2,1,0,1,0,0000000,99,99,99,99,99,99,0,0,0,1,0
6,62614,1,1,0,1,1,2,2,75,3290,3,11,2014,2,13,49,0,13,6,MISSION ST,,0,37.76538333,-122.4196944,0,8,0,0,1,1,0,1,1,1,0,1,0,0000000,99,99,99,99,99,99,0,0,0,1,0
6,62615,1,1,0,0,0,2,2,75,3290,4,11,2014,3,23,50,0,14,6,TURK ST,,0,37.78332778,-122.4097111,0,5,0,0,1,1,0,1,3,1,0,1,0,0000000,99,99,99,99,88,88,0,0,0,1,0
6,62616,1,1,0,1,1,2,2,19,2130,9,11,2014,1,22,53,0,13,3,SR-33,LOZANO ST,627,36.76715,-120.3892722,0,8,0,0,3,3,0,1,3,1,0,1,0,0000000,99,99,99,99,99,99,0,0,0,1,0
6,62617,1,1,0,1,1,1,1,37,1808,29,6,2014,1,19,35,0,15,6,CENTRALIA ST,,0,33.83873611,-118.0816639,0,9,0,0,1,1,0,1,5,1,0,1,0,0000000,99,99,99,99,99,99,0,0,0,1,0
6,62618,1,1,0,1,1,2,2,37,1970,12,11,2014,4,18,14,0,15,6,PARAMOUNT BLVD,,0,33.85475556,-118.15985,0,8,0,0,1,1,0,1,3,10,0,10,0,0000000,99,99,99,99,99,99,0,0,0,1,0
6,62619,3,3,0,0,0,3,3,37,4069,13,11,2014,5,18,0,0,13,6,AMAR ROAD,,0,34.03794167,-117.8644694,0,42,0,0,1,1,0,3,3,1,0,1,0,0000000,99,99,99,99,99,99,14,0,0,1,0
6,62620,1,1,0,0,0,5,5,37,2060,16,11,2014,1,1,42,1,13,3,SR-1,,234,33.89491667,-118.39595,0,1,0,0,1,1,0,4,3,1,0,1,0,0000000,99,99,99,99,99,99,0,0,0,1,1
6,62621,1,1,0,1,1,1,1,37,1980,17,11,2014,2,20,30,0,13,6,S CENTRAL AVE,,0,34.020725,-118.2539528,0,8,0,0,1,1,0,1,3,1,0,1,0,0000000,99,99,99,99,99,99,0,0,0,1,0
6,62622,2,2,0,0,0,4,4,37,1840,22,11,2014,7,15,30,0,14,6,AVENUE H,,0,34.71875278,-118.1994639,0,12,1,0,1,1,0,1,1,7,1,7,0,0000000,99,99,99,99,99,99,0,0,0,1,0
6,62623,4,4,0,0,0,5,5,19,0,22,11,2014,7,17,20,0,2,3,SR-180,,277,36.73419444,-120.3305444,0,12,2,0,1,1,0,1,2,1,0,1,0,0000000,99,99,99,99,99,99,14,0,0,1,1
6,62624,2,2,0,0,0,2,2,1,2480,24,11,2014,2,23,27,1,11,1,I-580,,419,37.79991111,-122.2246861,0,12,1,0,1,1,0,1,2,1,0,1,0,0000000,99,99,99,99,88,88,0,0,0,1,0
6,62625,3,3,0,0,0,7,7,111,0,27,11,2014,5,14,18,0,2,3,SR-1,,43,34.06952778,-119.0106167,0,12,2,0,1,1,0,1,1,1,0,1,0,0000000,99,99,99,99,99,99,0,0,0,1,1
6,62626,2,2,0,0,0,3,3,19,0,5,12,2014,6,7,42,0,4,4,CR-SHIELDS AVE,CR-LEONARD AVE,0,36.77928611,-119.6369528,0,12,6,0,2,2,0,1,1,1,0,1,0,0000000,99,99,99,99,99,99,0,0,0,1,0
6,62627,1,1,0,0,0,1,1,105,0,8,12,2014,2,14,20,0,15,4,CR-TRINITY DAM BLVD,,0,40.73749444,-122.810775,0,42,0,0,1,1,0,4,1,10,0,10,0,0000000,99,99,99,99,99,99,0,0,0,1,1
6,62628,1,1,0,0,0,1,1,59,1713,9,12,2014,3,13,20,0,13,6,IRVINE CENTER DR,CULVER DR,0,33.69355833,-117.7990472,0,46,0,0,3,2,0,8,1,1,0,1,0,0000000,99,99,99,99,99,99,0,0,0,1,0
6,62629,1,1,0,1,1,1,1,59,1713,10,12,2014,4,11,3,0,14,6,BRYAN AVE,,0,33.71815,-117.7799111,0,8,0,0,1,1,0,4,1,10,0,10,0,0000000,99,99,99,99,99,99,0,0,0,1,0
6,62630,2,2,0,0,0,5,5,65,2935,12,12,2014,6,22,0,0,15,6,DA VALL DR,,0,33.78464444,-116.4408,0,12,6,0,1,1,0,1,3,1,0,1,0,0000000,99,99,99,99,99,99,0,0,0,1,1
6,62631,1,1,0,1,1,1,1,65,0,13,12,2014,7,23,10,0,6,4,CR-SOBOBA RD,,0,33.78149444,-116.9174722,0,8,0,0,1,1,0,1,3,1,0,1,0,0000000,99,99,99,99,99,99,0,0,0,1,0
6,62632,1,1,0,0,0,1,1,59,1713,14,12,2014,1,6,50,0,16,6,ORCHARD HILLS,WOLF TRAIL,0,33.73154444,-117.7454722,0,46,0,0,3,2,0,4,4,1,0,1,0,0000000,99,99,99,99,88,88,0,0,0,1,0
6,62633,1,1,0,2,2,1,1,37,1980,16,12,2014,3,17,35,0,13,6,AVALON BLVD,,0,33.92566111,-118.265225,0,8,0,0,1,1,0,1,3,2,0,2,0,0000000,99,99,99,99,99,99,0,0,0,1,0
6,62634,1,1,0,0,0,1,1,53,0,20,12,2014,7,3,40,1,2,3,SR-1,,947,36.78416667,-121.7807917,0,30,0,0,1,1,0,4,2,10,2,2,0,0000000,99,99,99,99,99,99,0,0,0,1,1
6,62635,5,5,0,0,0,12,12,65,3070,23,12,2014,3,20,25,1,11,1,I-215,,426,33.98681667,-117.3643111,0,12,1,0,1,1,0,1,3,1,0,1,0,0000000,99,99,99,99,99,99,0,0,0,1,0
6,62636,3,3,0,0,0,3,3,73,3260,13,12,2014,7,17,13,1,11,1,I-805,,172,32.766925,-117.128775,0,1,0,0,1,1,0,1,3,1,0,1,0,0000000,99,99,99,99,88,88,14,0,0,1,0
6,62637,1,1,0,1,1,1,1,71,1305,13,12,2014,7,23,52,0,13,6,SIERRA AVE,,0,34.16766944,-117.4361944,0,8,0,0,1,1,0,1,2,1,0,1,0,0000000,99,99,99,99,88,88,0,0,0,1,0
6,62638,2,2,0,0,0,2,2,65,0,14,12,2014,1,2,50,1,1,1,I-10,,476,33.78036667,-116.3448639,0,12,1,0,1,1,0,1,2,1,0,1,0,0000000,99,99,99,99,88,88,0,0,0,1,0
6,62639,1,1,0,0,0,1,1,1,2480,14,12,2014,1,16,14,1,11,1,I-980,,2,37.81304722,-122.2725306,0,25,0,1,19,1,0,3,1,10,0,10,0,0000000,99,99,99,99,99,99,0,0,0,1,0
6,62640,1,1,0,1,1,1,1,37,1980,29,10,2014,4,17,35,0,14,6,PASADENA AVE,AVENUE 25,0,34.07624167,-118.21645,0,15,0,0,2,3,0,1,1,1,0,1,0,0000000,99,99,99,99,99,99,0,0,0,1,0
6,62641,2,2,0,0,0,3,3,37,1980,2,11,2014,1,1,0,0,13,6,ALAMEDA ST,,0,34.03035556,-118.2389111,0,12,7,0,1,1,0,1,3,1,0,1,0,0000000,99,99,99,99,99,99,0,0,0,1,0
6,62642,4,3,1,0,0,5,5,37,1970,22,10,2014,4,13,30,0,14,6,CHERRY AVE,33RD ST,0,33.81710833,-118.1676389,0,12,6,0,2,3,0,1,1,1,0,1,0,0000000,99,99,99,99,99,99,0,0,0,1,0
6,62643,1,1,0,0,0,5,5,37,2645,22,10,2014,4,3,0,0,14,6,EAST AVENUE R-8,,0,34.56532778,-118.100875,0,5,0,0,1,1,0,1,3,1,0,1,0,0000000,99,99,99,99,99,99,0,0,0,1,0
6,62644,2,2,0,0,0,3,3,65,0,17,8,2014,1,8,5,0,2,3,SR-74,,99998,33.6554,-116.403,0,12,2,0,1,1,0,1,1,1,0,1,0,0000000,99,98,99,98,88,88,0,0,0,1,0
6,62645,1,1,0,1,1,1,1,37,1980,18,10,2014,7,21,45,0,13,6,VERMONT AVE,,0,33.98015556,-118.2917306,0,8,0,0,1,1,0,1,3,1,0,1,0,0000000,99,99,99,99,99,99,0,0,0,1,0
6,62646,2,2,0,0,0,8,8,39,0,17,8,2014,1,12,40,0,2,3,SR-145,,242,37.01041111,-119.8175306,0,12,2,0,1,1,0,1,1,1,0,1,0,0000000,99,99,99,99,99,99,0,0,0,1,0
6,62647,4,4,0,1,1,4,4,85,3340,3,10,2014,6,0,13,0,14,6,SENTER ROAD,BALTIC WAY,0,37.30538889,-121.8451917,0,8,0,0,3,2,0,1,3,1,0,1,0,0000000,99,99,99,99,88,88,0,0,0,1,0
6,62648,1,1,0,0,0,1,1,37,2684,17,9,2014,4,19,7,1,11,1,I-710,,149,33.90291389,-118.1857389,0,25,0,0,1,1,0,3,3,1,0,1,0,0000000,99,99,99,99,88,88,0,0,0,1,0
6,62649,2,1,1,0,0,1,1,73,0,17,8,2014,1,16,40,0,6,4,CR-SUNVIEW DR,,0,32.82909722,-116.9206556,0,14,0,0,1,1,0,4,1,1,0,1,0,0000000,99,99,99,99,99,99,0,0,0,1,0
6,62651,2,2,0,0,0,2,2,107,0,17,8,2014,1,17,5,0,4,4,CR- RD 96,AVE 144,0,36.05115278,-119.3576306,0,12,6,0,2,2,0,1,1,1,0,1,0,0000000,99,99,99,99,99,99,0,0,0,1,1
6,62652,2,1,1,1,1,1,1,37,1110,15,9,2014,2,17,26,0,14,6,GARVEY AVE,,0,34.06269444,-118.0465639,0,8,0,0,8,1,0,4,1,1,0,1,0,0000000,99,99,99,99,99,99,0,0,0,1,0
6,62653,1,1,0,1,1,2,2,73,710,17,8,2014,1,20,5,0,15,6,FOURTH AVE,E ST,0,32.64338333,-117.0852722,0,9,0,0,3,2,0,1,3,1,0,1,0,0000000,99,99,99,99,99,99,0,0,0,1,0
6,62654,1,1,0,1,1,1,1,37,810,8,9,2014,2,17,15,0,13,6,SANTA FE AVE,PINE ST,0,33.91141389,-118.2166806,0,8,0,0,2,2,0,1,1,1,0,1,0,0000000,99,99,99,99,99,99,0,0,0,1,0
6,62655,2,2,0,0,0,2,2,1,0,17,8,2014,1,20,17,0,2,4,CR-REDWOOD RD,CR-CASTRO VALLEY BLVD,0,37.69549722,-122.0738556,0,12,6,0,2,2,0,1,3,10,0,10,0,0000000,99,99,99,99,99,99,20,0,0,1,0
6,62656,2,2,0,0,0,5,5,73,1200,2,8,2014,7,15,40,1,11,1,I-15,,314,33.12719444,-117.1050139,0,12,2,1,5,1,0,1,1,10,2,2,0,0000000,99,99,99,99,99,99,0,0,0,1,0
6,62657,1,1,0,0,0,1,1,67,1108,22,11,2014,7,1,56,0,13,6,CALVINE ROAD,,0,38.45393056,-121.3985389,0,42,0,0,1,1,0,3,3,10,2,2,0,0000000,99,99,99,99,88,88,0,0,0,1,1
6,62658,2,2,0,0,0,2,2,81,1065,22,2,2014,7,18,1,0,16,6,WISTERIA DRIVE,,0,37.45902222,-122.1264306,0,12,7,0,8,1,0,1,5,1,0,1,0,0000000,99,99,99,99,99,99,0,0,0,1,0
6,62659,1,1,0,0,0,1,1,65,3851,9,11,2014,1,16,20,0,14,6,JEFFERSON AVE,,0,33.51924722,-117.1634722,0,33,0,0,1,1,0,4,1,1,0,1,0,0000000,99,99,99,99,99,99,0,0,0,1,0
6,62660,1,1,0,17,17,1,1,37,480,2,9,2014,3,15,17,0,14,6,BUENA VISTA ST,,0,34.19810833,-118.3378639,0,10,0,0,6,1,0,1,1,1,0,1,0,746784S,99,99,99,99,99,99,0,0,0,1,0
6,62661,1,1,0,1,1,1,1,37,1980,17,8,2014,1,23,40,0,13,6,WESTERN AVE,75TH ST,0,33.97199167,-118.3090667,0,8,0,0,3,2,0,1,3,1,0,1,0,0000000,99,99,99,99,99,99,0,0,0,1,0
6,62662,3,3,0,0,0,4,4,37,1980,20,8,2014,4,17,0,0,13,6,BROADWAY PLACE,MAIN STREET,0,34.01638333,-118.2740556,0,12,6,0,2,2,0,1,1,1,0,1,0,0000000,99,99,99,99,99,99,0,0,0,1,0
6,62663,1,1,0,0,0,2,2,1,2480,18,7,2014,6,3,5,1,11,1,I-580,BEAUMONT AVE,420,37.80020556,-122.2260444,0,33,0,1,5,1,0,8,3,10,0,10,0,0000000,99,99,99,99,99,99,0,0,0,1,1
6,62664,2,2,0,0,0,3,3,29,0,18,8,2014,2,4,13,0,2,3,SR-99,,67,35.11189722,-118.9853167,0,12,1,0,1,1,0,1,3,1,0,1,0,0000000,99,99,99,99,99,99,0,0,0,1,0
6,62665,1,1,0,0,0,3,3,19,0,25,12,2014,5,18,20,0,2,4,CR-MCMULLIN GRADE,,0,36.63876667,-120.000125,0,38,0,0,1,1,0,4,3,1,0,1,0,0000000,99,99,99,99,99,99,0,0,0,1,0
6,62666,1,1,0,1,1,1,1,37,0,25,12,2014,5,23,45,1,11,1,I-105,,101,33.92789722,-118.2322361,0,8,0,0,1,1,0,1,2,1,0,1,0,0000000,99,99,99,99,88,88,19,0,0,1,0
6,62667,1,1,0,1,1,1,1,37,2458,10,10,2014,6,5,59,0,13,6,PIONEER BLVD,,0,33.91798333,-118.0819083,0,8,0,0,1,1,0,1,3,1,0,1,0,0000000,99,99,99,99,99,99,0,0,0,1,0
6,62668,1,1,0,1,1,1,1,37,1695,18,8,2014,2,7,12,0,16,6,CHARLIE RD,,0,33.99855556,-117.8947639,0,8,0,0,1,1,0,1,1,1,0,1,0,0000000,99,99,99,99,99,99,0,0,0,1,0
6,62669,2,2,0,0,0,2,2,107,0,28,12,2014,1,2,25,0,2,3,SR-43,,16,35.81141667,-119.362475,0,12,2,0,1,1,0,1,2,1,0,1,0,0000000,99,99,99,99,99,99,0,0,0,1,1
6,62670,1,1,0,1,1,2,2,37,1980,2,1,2014,5,8,40,0,13,6,BEVERLY BL,POINSETTIA PL,0,34.07617222,-118.3486194,0,8,0,0,3,2,0,1,1,1,0,1,0,0000000,99,99,99,99,99,99,0,0,0,1,0
6,62671,2,2,0,0,0,3,3,37,1980,18,8,2014,2,8,50,0,13,6,42ND,AVALON BLVD,0,34.00657778,-118.2652778,0,12,6,0,2,2,0,1,1,1,0,1,0,0000000,99,99,99,99,99,99,0,0,0,1,0
6,62672,2,1,1,0,0,1,1,59,80,28,12,2014,1,13,14,0,13,6,N ANAHEIM BLVD,W ADELE ST,0,33.83874444,-117.9150111,0,33,0,0,3,2,0,4,1,1,0,1,0,0000000,99,99,99,99,88,88,0,0,0,1,1
6,62673,1,1,0,0,0,1,1,19,0,18,8,2014,2,17,48,0,6,4,CR-LODGE RD,,0,37.02976111,-119.4452,0,1,0,0,1,1,0,1,1,1,0,1,0,0000000,99,99,99,99,99,99,0,0,0,1,1
6,62674,2,2,0,0,0,5,5,37,0,27,12,2014,7,12,25,0,4,4,CR-SAN FRANCISQUITO CANYON RD,,0,34.56799167,-118.4701861,0,12,6,0,98,1,0,1,1,1,0,1,0,0000000,99,99,99,99,88,88,0,0,0,1,0
6,62675,4,4,0,0,0,12,12,37,0,7,9,2014,1,15,45,1,12,3,SR-60,,95,34.03459444,-118.0282028,0,12,1,0,1,1,1,1,1,1,0,1,0,0000000,99,99,99,99,99,99,19,0,0,1,0
6,62676,2,2,0,0,0,3,3,47,0,18,8,2014,2,22,20,0,2,3,SR-152,PALM AVE,334,37.04751111,-120.6173389,0,12,6,0,2,2,0,1,2,1,0,1,0,0000000,99,99,99,99,99,99,0,0,0,1,1
6,62677,2,2,0,0,0,2,2,65,3851,8,11,2014,7,12,44,0,16,6,MONTELEGRO WY,,0,33.49100833,-117.1023722,0,12,2,0,1,1,0,1,1,1,0,1,0,0000000,99,99,99,99,99,99,0,0,0,1,1
6,62678,1,1,0,1,1,1,1,89,2950,4,12,2014,5,20,26,0,14,6,LAKE BLVD,QUARTZ HILL RD,0,40.63192778,-122.4050444,0,8,0,0,2,3,0,1,3,10,2,2,0,0000000,99,99,99,99,88,88,0,0,0,1,0
6,62679,1,1,0,1,1,1,1,59,1380,18,8,2014,2,23,57,0,13,6,ORANGETHORPE AVE,,0,33.85910833,-117.975425,0,15,0,0,1,1,0,1,3,1,0,1,0,0000000,99,99,99,99,88,88,0,0,0,1,0
6,62680,2,1,1,0,0,3,3,1,1560,9,12,2014,3,22,30,1,11,1,I-880,,169,37.64578056,-122.0947056,0,39,0,0,1,1,0,4,3,1,0,1,0,0000000,99,99,99,99,99,99,0,0,0,1,0
6,62681,2,2,0,0,0,3,3,59,1345,25,9,2014,5,15,20,0,16,6,TALBERT AVENUE,FOSTER STREET,0,33.701675,-117.9570083,0,12,6,0,2,2,0,1,1,1,0,1,0,0000000,99,99,99,99,99,99,0,0,0,1,1
6,62682,1,1,0,0,0,1,1,107,0,19,8,2014,3,0,5,0,2,3,SR-198,,414,36.45838056,-118.8739306,0,35,0,0,1,1,0,4,2,1,0,1,0,0000000,99,98,99,98,88,88,0,0,0,1,1
6,62683,4,4,0,0,0,4,4,85,2660,14,4,2014,2,8,43,0,13,3,SR-82,MEDICAL FOUNTAIN WY,258,37.43961389,-122.1625944,0,12,7,0,2,3,0,1,1,10,0,10,0,0000000,99,99,99,99,99,99,0,0,0,1,0
6,62684,2,2,0,0,0,2,2,15,0,19,8,2014,3,10,14,1,2,2,US-101,,360,41.87784444,-124.1375861,0,12,2,0,1,1,0,1,1,10,0,10,0,0000000,99,99,99,99,99,99,0,0,0,1,1
6,62685,2,2,0,0,0,3,3,13,460,22,12,2014,2,4,20,0,12,3,SR-4,,370,37.90671389,-121.7248222,0,12,2,0,1,1,0,1,3,1,0,1,0,0000000,99,99,99,99,99,99,0,0,0,1,0
6,62686,1,1,0,1,1,2,2,59,80,11,12,2014,5,18,30,1,11,1,I-5 RAMP,,410,33.84715833,-117.960625,0,8,0,0,20,1,0,1,3,10,0,10,0,0000000,99,99,99,99,88,88,0,0,0,1,0
6,62687,1,1,0,0,0,5,5,71,1603,17,10,2014,6,14,50,0,14,6,FUENTE AVENUE,MUSCATEL STREET,0,34.41236389,-117.3641472,0,1,0,0,3,2,0,1,1,1,0,1,0,0000000,99,99,99,99,99,99,0,0,0,1,0
6,62688,1,1,0,0,0,1,1,77,1865,19,8,2014,3,12,25,0,16,6,FREWERT RD,,0,37.8482,-121.2981611,0,1,0,0,1,1,0,4,1,1,0,1,0,0000000,99,99,99,99,99,99,0,0,0,1,0
6,62689,2,2,0,0,0,2,2,5,0,19,8,2014,3,17,48,0,4,4,CR-RIDGE RD,,0,38.39413889,-120.7624333,0,12,6,0,8,1,0,1,1,1,0,1,0,0000000,99,99,99,99,99,99,0,0,0,1,0
6,62690,1,1,0,0,0,1,1,71,2550,13,12,2014,7,7,51,0,14,6,CAMPUS AVE,BELMONT ST,0,34.05148611,-117.6412806,0,33,0,0,3,2,0,4,1,10,0,10,0,0000000,99,99,99,99,88,88,0,0,0,1,1
6,62691,1,1,0,1,1,1,1,59,1345,27,12,2014,7,9,18,0,13,6,BROOKHURST,,0,33.72135,-117.9546389,0,9,0,0,1,1,0,1,1,1,0,1,0,0000000,99,99,99,99,99,99,0,0,0,1,0
6,62692,1,1,0,1,1,6,6,37,1980,5,10,2014,1,2,0,1,12,2,US-101,,18,34.06431111,-118.2506806,0,8,0,0,1,1,0,1,3,1,0,1,0,0000000,99,99,99,99,88,88,0,0,0,1,0
6,62693,1,1,0,1,1,1,1,71,2550,13,12,2014,7,14,44,0,14,6,INLAND EMPIRE BLVD,CENTER ST,0,34.07149722,-117.5804389,0,8,0,0,2,2,0,1,1,1,0,1,0,0000000,99,99,99,99,99,99,0,0,0,1,0
6,62694,1,1,0,1,1,2,2,13,2830,19,8,2014,3,18,49,0,15,6,BOYD RD,,0,37.943475,-122.0618278,0,8,0,0,1,1,0,1,1,1,0,1,0,0000000,99,99,99,99,99,99,0,0,0,1,0
6,62695,5,5,0,0,0,6,6,59,1660,19,12,2014,6,10,52,0,16,6,EDWARDS STREET,MAR VISTA DRIVE,0,33.74634167,-118.0157528,0,12,1,0,3,2,0,1,1,1,0,1,0,0000000,99,99,99,99,99,99,14,0,0,1,0
6,62696,4,4,0,0,0,6,6,53,0,16,12,2014,3,17,45,0,13,3,SR-1,,690,36.49780556,-121.9359083,0,12,6,0,1,1,0,1,2,2,0,2,0,0000000,99,99,99,99,99,99,0,0,0,1,1
6,62697,3,3,0,0,0,3,3,37,305,20,8,2014,4,9,10,0,12,3,SR-91,,154,33.87623889,-118.1286694,0,12,1,0,1,1,0,1,1,1,0,1,0,0000000,99,99,99,99,88,88,14,19,0,1,0
6,62698,1,1,0,0,0,1,1,65,0,20,8,2014,4,13,15,0,6,5,CR-HARLEY JOHN RD,,0,33.84625278,-117.3624917,0,33,0,0,1,1,0,4,1,10,0,10,0,0000000,99,98,99,98,88,88,0,0,0,1,0
6,62699,1,1,0,0,0,2,2,37,1970,1,12,2014,2,23,40,1,11,1,I-405,,77,33.82661111,-118.2082333,0,30,0,0,1,1,0,4,3,1,0,1,0,0000000,99,99,99,99,99,99,20,0,0,1,1
6,62700,1,1,0,0,0,1,1,97,3490,17,8,2014,1,20,46,1,12,2,US-101 RAMP,W SPRINGS RD,247,38.4946,-122.7535861,0,33,0,0,3,3,0,4,3,1,0,1,0,0000000,99,99,99,99,99,99,0,0,0,1,1
6,62701,1,1,0,0,0,1,1,71,1603,18,10,2014,7,99,99,0,16,6,CALIENTE ROAD,,0,34.38856667,-117.4113694,0,35,0,0,1,1,0,4,2,1,0,1,0,0000000,99,99,99,99,99,99,0,0,0,1,0
6,62702,1,1,0,0,0,1,1,19,0,20,8,2014,4,99,99,0,2,3,SR-180,,864,36.72363056,-119.30355,0,58,0,0,1,1,0,4,1,1,0,1,0,0000000,99,98,99,98,88,88,0,0,0,1,0
6,62703,1,1,0,1,1,1,1,73,1080,7,11,2014,6,19,4,0,13,6,N 2ND ST,MARLINE AVE,0,32.80514167,-116.9356611,0,8,0,0,3,2,0,1,3,1,0,1,0,0000000,99,99,99,99,99,99,0,0,0,1,0
6,62704,2,2,0,0,0,2,2,65,9997,21,8,2014,5,6,32,0,14,6,PEDLEY RD,,0,33.99855833,-117.4754694,0,12,2,0,1,1,0,1,1,1,0,1,0,0000000,99,99,99,99,99,99,0,0,0,1,0
6,62705,1,1,0,0,0,3,3,37,0,22,8,2014,6,1,5,0,4,3,SR-K,,0,34.67541111,-117.9679111,0,31,0,0,1,1,0,4,2,1,0,1,0,0000000,99,99,99,99,99,99,0,0,0,1,1
6,62706,2,2,0,0,0,2,2,73,3260,22,8,2014,6,1,37,0,12,3,SR-163,,97,32.84305,-117.1320111,0,12,2,1,18,1,0,1,3,1,0,1,0,0000000,99,99,99,99,99,99,0,0,0,1,1
6,62707,1,1,0,1,1,1,1,73,1080,13,11,2014,5,17,28,0,14,6,BROADWAY,CHERRYWOOD WY,0,32.80769167,-116.9509639,0,8,0,0,3,3,0,1,3,1,0,1,0,0000000,99,99,99,99,99,99,0,0,0,1,0
6,62708,1,1,0,1,1,2,2,79,2290,22,8,2014,6,10,3,0,14,6,BEACH ST,FRONT ST,0,35.36883889,-120.8541583,0,9,0,0,2,7,0,1,1,1,0,1,0,0000000,99,99,99,99,99,99,0,0,0,1,0
6,62709,2,2,0,0,0,2,2,71,4000,22,8,2014,6,15,30,0,12,3,SR-210,,41,34.13498889,-117.6244694,0,12,1,0,1,1,0,1,1,1,0,1,0,0000000,99,99,99,99,99,99,0,0,0,1,1
6,62710,1,1,0,1,1,1,1,59,1842,8,10,2014,4,9,54,0,14,6,WALKER ST,PINERIDGE DR,0,33.84543889,-118.0371972,0,8,0,0,3,3,0,1,1,1,0,1,0,0000000,99,99,99,99,99,99,0,0,0,1,0
6,62711,1,1,0,0,0,1,1,77,1940,16,7,2014,4,12,34,0,15,6,N SACRAMENTO ST,LOCKEFORD ST,0,38.13776667,-121.2720389,0,31,0,0,3,2,1,4,1,10,0,10,0,0000000,99,99,99,99,88,88,0,0,0,1,0
6,62712,1,1,0,0,0,1,1,65,0,2,12,2014,3,15,50,0,2,3,SR-74,,884,33.64997778,-116.4042444,0,17,0,0,1,1,0,4,1,1,0,1,0,0000000,99,99,99,99,99,99,0,0,0,1,0