STATE,ST_CASE,VE_TOTAL,VE_FORMS,PVH_INVL,PEDS,PERNOTMVIT,PERMVIT,PERSONS,COUNTY,CITY,DAY,MONTH,YEAR,DAY_WEEK,HOUR,MINUTE,NHS,ROAD_FNC,ROUTE,TWAY_ID,TWAY_ID2,MILEPT,LATITUDE,LONGITUD,SP_JUR,HARM_EV,MAN_COLL,RELJCT1,RELJCT2,TYP_INT,WRK_ZONE,REL_ROAD,LGT_COND,WEATHER1,WEATHER2,WEATHER,SCH_BUS,RAIL,NOT_HOUR,NOT_MIN,ARR_HOUR,ARR_MIN,HOSP_HR,HOSP_MN,CF1,CF2,CF3,FATALS,DRUNK_DR
6,62713,1,1,0,1,1,1,1,85,3340,26,10,2014,1,0,59,0,14,6,10TH STREET,,0,37.33811111,-121.8791472,0,8,0,0,1,1,0,1,3,1,0,1,0,0000000,99,99,99,99,99,99,0,0,0,1,1
6,62714,1,1,0,0,0,1,1,59,3558,18,7,2014,6,12,45,1,11,1,I-405,,232,33.77460833,-118.0847722,0,21,0,0,1,1,0,4,1,1,0,1,0,0000000,99,99,99,99,99,99,0,0,0,1,0
6,62715,1,1,0,0,0,2,2,37,2645,9,12,2014,3,3,5,0,13,6,SIERRA HWY,,0,34.64126667,-118.1275861,0,38,0,0,1,1,0,3,3,1,0,1,0,0000000,99,99,99,99,99,99,0,0,0,1,0
6,62716,1,1,0,1,1,1,1,71,3,6,9,2014,7,3,49,1,12,3,SR-395,ADELANTO RD,136,34.54186667,-117.3993861,0,8,0,0,2,4,0,1,2,1,0,1,0,0000000,99,99,99,99,88,88,0,0,0,1,0
6,62717,5,5,0,0,0,6,6,37,1980,14,11,2014,6,7,25,1,11,1,I-405,,462,34.25652778,-118.4723694,0,12,1,1,18,1,0,1,1,10,0,10,0,0000000,99,99,99,99,99,99,28,0,0,1,0
6,62718,1,1,0,0,0,1,1,71,3210,5,10,2014,1,15,53,0,13,6,SOUTH I ST,E RAILTO AVE,0,34.10077778,-117.3031694,0,59,0,0,3,2,1,1,1,1,0,1,0,0000000,99,99,99,99,99,99,3,0,0,1,0
6,62719,1,1,0,1,1,2,2,59,1410,23,12,2014,3,20,15,0,13,6,GARDEN GROVE BLVD,,0,33.77444722,-117.9222139,0,8,0,0,1,1,0,1,3,1,0,1,0,0000000,99,99,99,99,99,99,0,0,0,1,0
6,62720,1,1,0,0,0,1,1,95,330,12,12,2014,6,23,47,0,14,6,HASTINGS DR,ROSE DR,0,38.08470833,-122.1678944,0,33,0,0,3,3,0,4,3,5,0,5,0,0000000,99,99,99,99,88,88,0,0,0,1,1
6,62721,1,1,0,0,0,2,2,37,3870,11,12,2014,5,2,40,0,13,6,TORRANCE BLVD,,0,33.83623611,-118.3148528,0,33,0,0,1,1,0,4,3,1,0,1,0,0000000,99,99,99,99,99,99,0,0,0,1,1
6,62722,2,2,0,0,0,11,11,25,0,15,11,2014,7,10,35,1,12,3,SR-86,BRAWLEY AVE,636,33.37438611,-116.0256,0,12,6,0,2,2,0,1,1,1,0,1,0,0000000,99,99,99,99,99,99,0,0,0,5,0
6,62723,1,1,0,0,0,1,1,111,4027,25,11,2014,3,18,30,1,12,2,US-SR 101,,259,34.26209444,-119.2307972,0,33,0,0,1,1,0,8,2,1,0,1,0,0000000,99,99,99,99,88,88,0,0,0,1,0
6,62724,1,1,0,0,0,1,1,77,0,27,11,2014,5,1,36,0,3,3,SR-26,,59,37.99571111,-121.1645806,0,42,0,0,1,1,0,4,2,1,0,1,0,0000000,99,99,99,99,88,88,0,0,0,1,1
6,62725,2,1,1,1,1,1,1,111,538,28,10,2014,3,1,13,1,12,2,US-101,,141,34.21741389,-119.0373833,0,14,0,0,1,1,0,2,3,1,0,1,0,0000000,99,99,99,99,88,88,0,0,0,1,1
6,62726,1,1,0,1,1,1,1,37,0,18,12,2014,5,18,8,0,2,4,CR-AVENUE T,,0,34.54291111,-117.980425,0,8,0,0,1,1,0,1,2,1,0,1,0,0000000,99,99,99,99,88,88,0,0,0,1,0
6,62727,1,1,0,0,0,2,2,59,880,26,11,2014,4,0,28,0,14,6,PLACENTIA AVE,,0,33.65921667,-117.9331611,0,42,0,0,1,1,0,4,3,1,0,1,0,0000000,99,99,99,99,99,99,0,0,0,1,0
6,62728,3,3,0,1,1,6,6,37,1980,26,11,2014,4,8,50,0,13,6,MAIN ST,MARTIN LUTHER KING JR BLVD,0,34.01113611,-118.2740194,0,12,6,0,2,2,0,1,1,1,0,1,0,0000000,99,99,99,99,99,99,0,0,0,1,0
6,62729,1,1,0,1,1,1,1,71,3210,28,11,2014,6,21,29,0,14,6,W MILL ST,,0,34.09228889,-117.3340833,0,8,0,0,1,1,0,1,3,1,0,1,0,0000000,99,99,99,99,99,99,0,0,0,1,0
6,62730,1,1,0,0,0,2,2,65,2278,29,11,2014,7,6,20,0,15,6,IRONWOOD AVE,,0,33.94865278,-117.2030528,0,43,0,0,1,1,0,4,1,1,0,1,0,0000000,99,99,99,99,99,99,0,0,0,1,1
6,62731,3,3,0,0,0,4,4,29,0,7,8,2014,5,21,48,1,1,1,I-5,,679,35.55688056,-119.5969611,0,12,1,0,1,1,0,1,2,1,0,1,0,0000000,99,99,99,99,99,99,14,0,0,1,1
6,62732,2,2,0,0,0,4,4,37,0,8,8,2014,6,10,5,0,4,4,CR-PARMELEE AVE,96TH ST,0,33.94931667,-118.2502167,0,12,6,0,2,2,0,1,1,1,0,1,0,0000000,99,99,99,99,99,99,0,0,0,1,0
6,62733,2,2,0,0,0,6,6,97,0,8,8,2014,6,19,22,0,3,4,CR-LAKEVILLE RD,CR-OLD LAKEVILLE NO 3 RD,0,38.17341944,-122.5231,0,54,11,0,3,2,0,1,1,1,0,1,0,0000000,99,99,99,99,99,99,14,0,0,1,1
6,62734,1,1,0,1,1,1,1,13,3010,31,12,2014,4,19,8,0,13,6,CENTRAL AVE,,0,37.90127778,-122.3085667,0,9,0,0,1,1,0,1,3,10,0,10,0,0000000,99,99,99,99,99,99,0,0,0,1,0
6,62735,2,2,0,0,0,3,3,47,0,8,8,2014,6,23,55,0,2,3,SR-165,WILLIAMS AVE,324,37.38983056,-120.8501389,0,12,6,0,2,2,0,1,3,1,0,1,0,0000000,99,99,99,99,99,99,0,0,0,2,1
6,62736,4,4,0,0,0,5,5,37,1980,27,10,2014,2,1,44,1,11,1,I-405,,382,34.14385,-118.4712333,0,39,0,0,1,1,2,4,2,1,0,1,0,0000000,99,99,99,99,99,99,14,0,0,1,1
6,62737,1,1,0,1,1,1,1,37,1980,22,8,2014,6,18,15,0,15,6,KITTRIDGE ST,LEMP AVE,0,34.19034722,-118.3847,0,8,0,0,3,3,0,1,1,1,0,1,0,0000000,99,99,99,99,99,99,0,0,0,1,0
6,62738,1,1,0,1,1,1,1,37,2870,22,8,2014,6,20,14,0,14,6,GAREY AVE,10TH ST,0,34.05047222,-117.7498389,0,8,0,0,3,2,0,1,3,1,0,1,0,0000000,99,99,99,99,99,99,0,0,0,1,0
6,62739,1,1,0,1,1,1,1,65,1580,22,8,2014,6,21,40,0,15,6,SANDERSON AVE,,0,33.73795,-117.0066583,0,8,0,0,1,1,0,1,2,1,0,1,0,0000000,99,99,99,99,99,99,0,0,0,1,0
6,62740,1,1,0,1,1,1,1,75,3290,6,11,2014,5,6,8,0,13,6,VAN NESS AVE,LOMBARD ST,0,37.80132778,-122.4244667,0,8,0,0,2,2,0,1,3,1,0,1,0,0000000,99,99,99,99,99,99,0,0,0,1,0
6,62741,1,1,0,1,1,1,1,39,0,11,11,2014,3,99,99,0,6,4,CR-AVENUE 6,,0,36.83655833,-120.2307583,0,8,0,0,1,1,0,1,2,1,0,1,0,0000000,99,99,99,99,88,88,0,0,0,1,0
6,62742,2,2,0,0,0,3,3,65,1003,13,11,2014,5,19,14,0,15,6,LITTLE MORONGO RD,15TH AVE,0,33.94021111,-116.5273944,0,12,6,0,3,3,0,1,2,1,0,1,0,0000000,99,99,99,99,99,99,0,0,0,1,0
6,62743,2,2,0,0,0,5,5,37,1980,22,8,2014,6,19,25,0,13,6,SAN FERNANDO RD,,0,34.32361944,-118.5030389,0,12,2,0,1,1,0,1,5,1,0,1,0,0000000,99,99,99,99,99,99,0,0,0,2,0
6,62744,1,1,0,1,1,1,1,59,470,19,11,2014,4,2,26,0,13,6,KNOTT AVE,,0,33.8601,-118.0111694,0,8,0,0,1,1,0,1,3,1,0,1,0,0000000,99,99,99,99,88,88,19,0,0,1,0
6,62745,1,1,0,1,1,1,1,37,4124,23,8,2014,7,0,17,0,13,6,SANTA MONICA BLVD,,0,34.08689444,-118.3811944,0,8,0,0,1,1,0,1,3,1,0,1,0,0000000,99,99,99,99,99,99,0,0,0,1,1
6,62746,1,1,0,0,0,3,3,67,0,20,11,2014,5,7,35,0,2,4,CR-EL CAMINO AVE,CR-EL TONAS WAY,0,38.60988333,-121.3326639,0,30,0,0,3,3,0,4,1,10,2,2,0,0000000,99,99,99,99,99,99,0,0,0,1,0
6,62747,2,2,0,0,0,2,2,1,2480,23,8,2014,7,3,10,1,11,1,I-880,,259,37.74571667,-122.200825,0,25,0,0,1,1,0,3,2,1,0,1,0,0000000,99,99,99,99,99,99,14,0,0,1,0
6,62748,1,1,0,1,1,1,1,71,4000,21,11,2014,6,17,14,0,15,6,7TH ST,,0,34.08874444,-117.6785667,0,8,0,0,1,1,0,1,3,1,0,1,0,0000000,99,99,99,99,88,88,0,0,0,1,0
6,62749,3,3,0,0,0,3,3,29,0,22,8,2014,6,16,15,0,12,3,SR-58,,535,35.35251111,-119.0213111,0,12,10,0,1,1,1,1,1,1,0,1,0,0000000,99,99,99,99,99,99,14,0,0,1,1
6,62750,2,2,0,0,0,2,2,65,0,21,11,2014,6,20,50,0,3,4,CR-WASHINGTON ST,CR-MARKHAM ST,0,33.85794444,-117.366225,0,12,1,0,2,2,0,1,3,1,0,1,0,0000000,99,99,99,99,99,99,0,0,0,1,1
6,62751,2,2,0,0,0,3,3,37,602,25,11,2014,3,17,33,0,14,6,WILMINGTON AVE,230TH ST,0,33.81665,-118.2486778,0,33,0,0,3,3,0,3,3,1,0,1,0,0000000,99,99,99,99,99,99,0,0,0,1,0
6,62752,3,3,0,0,0,4,4,111,3641,22,8,2014,6,17,0,1,12,3,SR-118,,242,34.28217778,-118.7731861,0,12,1,0,1,1,0,1,1,1,0,1,0,0000000,99,99,99,99,99,99,14,0,0,1,0
6,62753,1,1,0,0,0,2,2,37,1980,17,8,2014,1,11,25,0,16,6,PARTHENIA PL,,0,34.23105278,-118.4673194,0,5,0,0,1,1,0,1,1,1,0,1,0,0000000,99,99,99,99,99,99,0,0,0,1,0
6,62754,2,2,0,0,0,6,6,37,1550,31,12,2014,4,17,7,0,13,6,EL SEGUNDO BLVD,YUKON AVE,0,33.91641389,-118.3352694,0,12,6,0,2,2,0,1,3,1,0,1,0,0000000,99,99,99,99,99,99,0,0,0,1,0
6,62755,1,1,0,2,2,1,1,59,1713,31,10,2014,6,19,10,0,15,6,WEST YALE LOOP,BURWOOD,0,33.68806111,-117.8004361,0,8,0,0,3,2,0,1,3,10,0,10,0,0000000,99,99,99,99,99,99,0,0,0,1,0
6,62756,2,2,0,1,1,2,2,85,3340,30,10,2014,5,22,41,0,13,6,MONTEREY ROAD,,0,37.27840556,-121.8357889,0,8,0,0,1,1,0,1,6,98,0,98,0,0000000,99,99,99,99,88,88,0,0,0,1,0
6,62757,6,6,0,0,0,6,6,107,0,18,9,2014,5,16,0,0,4,4,CR-AVENUE 280,SHIRK ROAD,0,36.29812222,-119.3679056,0,12,1,0,3,2,0,1,1,1,0,1,0,0000000,99,99,99,99,99,99,26,0,0,1,0
6,62758,1,1,0,0,0,2,2,59,1380,2,11,2014,1,7,14,0,13,6,ORANGETHORPE AVE,,0,33.85911944,-117.9746611,0,33,0,0,1,1,0,4,1,1,0,1,0,0000000,99,99,7,29,7,43,0,0,0,1,0
6,62759,2,2,0,0,0,2,2,13,0,26,9,2014,6,6,55,1,11,1,I-680,,21,38.00230278,-122.0785306,0,12,7,0,1,1,0,1,1,1,0,1,0,0000000,99,99,99,99,99,99,0,0,0,1,1
6,62760,2,2,0,0,0,2,2,59,1380,31,10,2014,6,5,31,0,13,6,YORBA LINDA BLVD,,0,33.88903889,-117.8738639,0,12,6,0,8,1,0,1,3,1,0,1,0,0000000,99,99,99,99,99,99,0,0,0,1,1
6,62761,1,1,0,1,1,3,3,59,4130,1,11,2014,7,2,22,0,13,6,BROOKHURST ST,,0,33.73800833,-117.9546944,0,8,0,0,1,1,0,1,3,2,0,2,0,0000000,99,99,99,99,99,99,0,0,0,1,1
6,62762,1,1,0,0,0,2,2,65,4197,3,11,2014,2,0,4,0,14,6,PALOMAR ST,,0,33.61403889,-117.2893667,0,24,0,0,1,1,0,4,2,1,0,1,0,0000000,99,99,99,99,88,88,0,0,0,1,0
6,62763,3,3,0,0,0,7,7,99,2470,9,1,2014,5,13,35,0,12,3,SR-108,STEARNS RD,69,37.77611667,-120.8169778,0,12,1,0,3,3,0,1,1,1,0,1,0,0000000,99,99,99,99,99,99,0,0,0,1,1
6,62764,2,2,0,0,0,3,3,19,0,31,10,2014,6,0,35,1,12,3,SR-180,,642,36.84103611,-119.6785778,0,12,2,0,1,1,0,1,3,1,0,1,0,0000000,99,99,99,99,99,99,0,0,0,1,1
6,62765,2,2,0,0,0,4,4,77,3770,11,10,2014,7,0,1,0,13,6,AIRPORT WY,,0,37.95943056,-121.2752583,0,12,7,0,1,1,0,1,3,1,0,1,0,0000000,99,99,99,99,99,99,0,0,0,1,0
6,62766,1,1,0,0,0,2,2,65,2278,9,3,2014,1,3,14,0,14,6,HEACOCK ST,,0,33.93177222,-117.2437861,0,33,0,0,1,1,0,4,3,1,0,1,0,0000000,99,99,99,99,99,99,0,0,0,1,1
6,62767,2,2,0,0,0,2,2,1,2480,22,5,2014,5,19,39,0,16,6,RUSSET ST,107TH AVE,0,37.73425833,-122.1739722,0,12,2,0,2,98,0,1,1,1,0,1,0,0000000,99,99,99,99,99,99,0,0,0,1,0
6,62768,2,2,0,0,0,3,3,37,1808,11,10,2014,7,15,35,0,14,6,BELLFLOWER BLVD,,0,33.85173889,-118.1249444,0,12,7,0,1,1,0,1,1,1,0,1,0,0000000,99,99,99,99,99,99,0,0,0,1,0
6,62769,1,1,0,1,1,1,1,37,1980,2,6,2014,2,21,20,0,14,6,CHATSWORTH ST,PETIT AVE,0,34.26471944,-118.4978722,0,8,0,0,3,2,0,1,3,1,0,1,0,0000000,99,99,99,99,99,99,0,0,0,1,0
6,62770,1,1,0,1,1,2,2,37,2020,20,11,2014,5,19,45,0,13,6,MARTIN LUTHER KING JR BLVD,,0,33.93639167,-118.2091806,0,8,0,0,1,1,0,1,3,1,0,1,0,0000000,99,99,99,99,99,99,0,0,0,1,0
6,62771,1,1,0,1,1,1,1,75,3290,23,10,2014,5,11,30,0,14,6,DR CARLETON B. GOODLETTPOLK ST,,0,37.77946389,-122.4184139,0,8,0,0,1,1,0,1,1,1,0,1,0,0000000,99,99,99,99,99,99,0,0,0,1,0
6,62772,1,1,0,0,0,1,1,37,4120,15,6,2014,1,22,43,0,13,6,SUNSET AVE,CAMERON AVE,0,34.06683333,-117.9401944,0,33,0,0,3,2,0,3,3,1,0,1,0,0000000,99,99,99,99,99,99,0,0,0,1,0
6,62773,1,1,0,1,1,1,1,37,1980,6,10,2014,2,0,45,0,13,6,IMPERIAL HWY,,0,33.93097222,-118.2889528,0,8,0,0,1,1,0,1,3,1,0,1,0,0000000,99,99,99,99,99,99,0,0,0,1,0
6,62774,1,1,0,0,0,1,1,71,1603,28,11,2014,6,16,55,0,16,6,CHESTER AVE,CLEAR CREEK ST,0,34.40813889,-117.3809778,0,35,0,0,3,10,0,4,1,1,0,1,0,0000000,99,99,99,99,99,99,0,0,0,1,1
6,62775,3,2,1,0,0,2,2,37,1550,9,7,2014,4,11,2,0,16,6,WASHINGTON AVE,138TH ST,0,33.90634167,-118.3495528,0,12,6,0,2,2,0,1,1,1,0,1,0,0000000,99,99,99,99,99,99,0,0,0,1,0
6,62776,1,1,0,1,1,1,1,59,80,6,12,2014,7,19,55,0,13,6,W KATELLA AVE,S EASY WAY,0,33.80319722,-117.9478778,0,8,0,0,2,3,0,1,3,1,0,1,0,0000000,99,99,99,99,99,99,0,0,0,1,0
6,62777,2,2,0,0,0,3,3,71,1603,1,9,2014,2,16,1,0,13,6,BEAR VALLEY RD,2ND AVE,0,34.47086667,-117.2992222,0,12,1,0,2,2,0,1,1,1,0,1,0,0000000,99,99,99,99,99,99,0,0,0,1,1
6,62778,1,1,0,1,1,2,2,65,1690,9,8,2014,7,22,4,0,14,6,AVENUE 44,,0,33.72946944,-116.2127139,0,8,0,0,1,1,0,1,2,1,0,1,0,0000000,99,99,99,99,88,88,0,0,0,1,1
6,62779,1,1,0,1,1,1,1,37,1700,3,3,2014,2,5,26,0,13,6,MANCHESTER BL,HINDRY AVE,0,33.95989722,-118.3737111,0,8,0,0,3,2,0,1,3,1,0,1,0,0000000,99,99,99,99,99,99,0,0,0,1,0
6,62780,1,1,0,1,1,1,1,65,2116,23,7,2014,4,17,20,0,15,6,DOMENIGONI PKWY,,0,33.69059722,-117.1420056,0,9,0,0,1,1,0,1,1,1,0,1,0,0000000,99,99,99,99,88,88,0,0,0,1,0
6,62781,1,1,0,0,0,1,1,71,4040,11,8,2014,2,19,5,0,14,6,HESPERIA RD,,0,34.51495,-117.2987111,0,33,0,0,98,98,0,4,1,98,0,98,0,0000000,99,99,99,99,0,0,0,0,0,1,0
6,62782,1,1,0,1,1,1,1,73,2340,12,9,2014,6,12,29,0,14,6,NATIONAL CITY BL,E 8TH ST,0,32.67581944,-117.1069361,0,8,0,0,3,2,0,1,1,1,0,1,0,0000000,99,99,99,99,99,99,0,0,0,1,0
6,62783,2,2,0,0,0,2,2,47,0,2,5,2014,6,9,45,0,2,4,CR-ATWATER JORDAN RD,LINCOLN BL,0,37.3315,-120.7238,0,12,6,0,2,2,0,1,1,1,0,1,0,0000000,99,99,99,99,88,88,0,0,0,1,0
6,62784,2,2,0,0,0,5,5,37,2054,22,12,2014,2,9,59,0,13,6,MALIBU CANYON RD,CIVIC CENTER WAY,0,34.03908056,-118.7018194,0,12,6,0,2,2,0,1,1,1,0,1,0,0000000,99,99,99,99,99,99,0,0,0,1,0
6,62785,2,2,0,0,0,2,2,37,3470,5,4,2014,7,7,39,0,13,6,PICO BLVD,4TH STREET,0,34.00963611,-118.4872722,0,12,6,0,2,2,0,1,1,1,0,1,0,0000000,99,99,99,99,99,99,14,0,0,1,0
6,62786,2,2,0,0,0,4,4,37,42,11,6,2014,4,19,35,0,15,6,VENTURA ST,GLENROSE AVE,0,34.18941667,-118.1536333,0,12,6,0,2,2,0,1,1,1,0,1,0,0000000,99,99,99,99,99,99,0,0,0,1,0
6,62787,1,1,0,1,1,1,1,75,3290,25,8,2014,2,1,15,0,13,6,GEARY BLVD,,0,37.78258333,-122.4443111,0,8,0,0,1,1,0,1,8,98,0,98,0,0000000,99,99,99,99,88,88,0,0,0,1,0
6,62788,2,2,0,2,2,3,3,73,1080,31,12,2014,4,20,1,0,14,6,W WASHINGTON AVE,,0,32.78766944,-116.9653972,0,8,0,0,1,1,0,1,3,1,0,1,0,0000000,99,99,99,99,99,99,0,0,0,1,0
6,62789,1,1,0,1,1,1,1,65,1690,6,11,2014,5,18,23,0,15,6,AVENUE 46,,0,33.71467778,-116.242775,0,8,0,0,1,1,0,1,5,98,0,98,0,0000000,99,99,99,99,88,88,0,0,0,1,0
6,62790,2,2,0,0,0,2,2,37,890,30,9,2014,3,13,53,0,14,6,CITRUS AVE,PUENTE ST,0,34.08261944,-117.8901222,0,12,6,0,2,2,0,1,1,1,0,1,0,0000000,99,99,99,99,99,99,0,0,0,1,0
6,62791,2,2,0,1,1,3,3,71,1603,1,3,2014,7,21,49,0,13,6,MAIN ST,,0,34.42676389,-117.3474028,0,8,0,0,1,1,0,1,2,10,0,10,0,0000000,99,99,99,99,88,88,0,0,0,1,1
6,62792,2,2,0,0,0,2,2,47,0,23,6,2014,2,20,19,0,14,4,CR-BUHACH,CLOVER AVE,0,37.33608611,-120.5766056,0,33,0,0,3,2,1,4,1,1,0,1,0,0000000,99,99,99,99,88,88,20,0,0,1,0
6,62793,5,1,4,0,0,1,1,73,1080,29,4,2014,3,3,25,0,14,6,E MADISON AVE,E MAIN ST,0,32.80016944,-116.9305611,0,14,0,0,3,2,0,7,3,1,0,1,0,0000000,99,99,99,99,88,88,14,20,0,1,0
6,62794,1,1,0,0,0,1,1,85,3340,11,6,2014,4,21,5,0,15,6,CAMDEN AVE,,0,37.22206111,-121.8715806,0,33,0,0,1,1,0,3,3,98,0,98,0,0000000,99,99,99,99,88,88,0,0,0,1,1
6,62795,1,1,0,0,0,1,1,37,1980,4,7,2014,6,0,47,0,13,6,LA BREA AVE,,0,34.00109167,-118.35905,0,30,0,0,1,1,0,4,3,1,0,1,0,0000000,99,99,99,99,99,99,20,0,0,1,0
6,62796,1,1,0,0,0,4,4,37,1980,11,10,2014,7,5,46,1,11,1,I-110,,165,33.96618889,-118.2808806,0,58,0,0,1,1,0,1,3,1,0,1,0,0000000,99,99,99,99,99,99,0,0,0,1,0
6,62797,6,1,5,0,0,2,2,1,2480,23,5,2014,6,20,55,0,14,6,SAN LEANDRO ST,,0,37.73183889,-122.170275,0,14,0,0,1,1,0,7,3,1,0,1,0,0000000,99,99,99,99,99,99,14,0,0,1,0
6,62798,5,5,0,0,0,7,7,37,2684,12,11,2014,4,19,25,0,14,6,ORANGE AVE,SOMERSET BLVD,0,33.89636667,-118.1775194,0,12,6,0,2,2,0,1,3,1,0,1,0,0000000,99,99,99,99,99,99,0,0,0,1,1
6,62799,2,2,0,0,0,3,3,17,0,21,9,2014,1,16,14,0,2,3,SR-193,,99998,38.89855833,-120.9862472,0,12,6,0,1,1,0,1,1,1,0,1,0,0000000,99,99,99,99,99,99,0,0,0,2,0
6,62800,1,1,0,1,1,1,1,37,3870,22,12,2014,2,19,12,0,14,6,ANZA AVE,ARVADA ST,0,33.85611389,-118.3652222,0,8,0,0,3,2,0,1,3,1,0,1,0,0000000,99,99,99,99,88,88,0,0,0,1,0
6,62801,2,2,0,0,0,3,3,37,4120,30,12,2014,3,21,16,0,14,6,ROWLAND AVE,AZUSA AVE,0,34.07900278,-117.9077056,0,12,6,0,2,2,0,1,3,1,0,1,0,0000000,99,99,99,99,99,99,0,0,0,1,1
6,62802,3,3,0,0,0,9,9,37,3470,6,6,2014,6,12,25,0,13,3,SR-1,,351,34.01146111,-118.4954806,0,25,0,0,1,1,0,3,1,1,0,1,0,0000000,99,99,99,99,99,99,0,0,0,1,0
6,62803,2,2,0,3,3,4,4,75,3290,28,7,2014,2,22,19,0,14,6,POST ST,JONES ST,0,37.78768056,-122.4133444,0,12,6,0,3,2,0,1,3,1,0,1,0,0000000,99,99,99,99,99,99,20,0,0,1,1
6,62804,2,2,0,0,0,3,3,37,0,27,3,2014,5,15,0,0,3,4,CR-BREA CANYON CUTOFF RD,,0,33.98581944,-117.8693722,0,12,6,0,8,1,0,1,1,10,0,10,0,0000000,99,99,99,99,99,99,0,0,0,1,0
6,62805,2,2,0,0,0,3,3,47,0,1,5,2014,5,11,40,0,4,4,CR-FRANKLIN RD,,0,37.35118333,-120.5404639,0,12,2,0,1,1,0,1,1,1,0,1,0,0000000,99,99,99,99,99,99,0,0,0,1,0
6,62806,4,4,0,0,0,8,8,77,3770,24,4,2014,5,19,45,0,13,6,WEST LN,W LANE FRONTAGE RD,0,38.01925,-121.2947139,0,12,6,0,2,2,0,1,3,10,0,10,0,0000000,99,99,99,99,88,88,0,0,0,2,0
6,62807,1,1,0,1,1,1,1,13,1779,17,6,2014,3,13,13,0,14,6,EL NIDO RANCH RD,UPPER HAPPY VALLEY RD,0,37.89296667,-122.1515556,0,8,0,0,3,2,0,1,1,1,0,1,0,0000000,13,14,13,17,88,88,0,0,0,1,0
6,62808,2,2,0,0,0,3,3,13,975,9,4,2014,4,22,5,1,11,1,I-680,,76,37.80734167,-121.9912444,0,12,9,0,1,1,0,1,2,1,0,1,0,0000000,99,99,99,99,99,99,0,0,0,1,0
6,62809,2,2,0,0,0,2,2,101,0,28,5,2014,4,7,21,0,2,4,CR-RIEGO RD,,0,38.74996667,-121.5385028,0,12,6,0,1,1,0,1,1,1,0,1,0,0000000,99,99,99,99,88,88,0,0,0,1,0
6,62810,1,1,0,0,0,1,1,65,2278,12,1,2014,1,22,36,0,14,6,LASSELLE ST,TIMO ST,0,33.9192,-117.2089278,0,33,0,0,3,3,0,4,3,1,0,1,0,0000000,99,99,99,99,99,99,0,0,0,1,1
6,62811,1,1,0,1,1,2,2,65,2116,22,12,2014,2,18,5,0,15,6,MCCALL BLVD,GROSSE POINT DR,0,33.71436667,-117.2010556,0,8,0,0,3,2,0,1,3,1,0,1,0,0000000,99,99,18,13,99,99,0,0,0,1,0
6,62812,2,2,0,0,0,2,2,71,115,3,9,2014,4,8,1,0,13,6,BEAR VALLEY RD,LOWES SHOPPING CENTER,0,34.47109444,-117.2394861,0,12,6,0,2,3,0,1,1,1,0,1,0,0000000,99,99,99,99,99,99,0,0,0,1,0
6,62813,1,1,0,1,1,1,1,59,1380,5,7,2014,7,12,4,0,13,6,BASTANCHURY RD,MORELIA AVE,0,33.89349167,-117.9332139,0,9,0,0,3,3,0,1,1,1,0,1,0,0000000,99,99,99,99,99,99,16,0,0,1,0
6,62814,1,1,0,1,1,1,1,37,480,26,10,2014,1,7,23,0,13,6,HOLLYWOOD WY,VICTORY BLVD,0,34.18469444,-118.3491472,0,8,0,0,3,2,0,1,1,1,0,1,0,0000000,99,99,99,99,99,99,0,0,0,1,0
6,62815,1,1,0,0,0,1,1,41,2180,9,2,2014,1,9,55,0,16,6,GREENWOOD WY,,0,37.91367222,-122.5456833,0,1,0,0,1,1,0,4,8,2,0,2,0,0000000,99,99,99,99,88,88,1,18,0,1,0
6,62816,1,1,0,0,0,1,1,37,1970,12,9,2014,6,21,28,0,13,6,LONG BEACH BLVD,BURNETT ST,0,33.80069444,-118.1894472,0,10,0,0,2,2,0,1,3,1,0,1,0,0000000,99,99,99,99,99,99,0,0,0,1,0
6,62817,1,1,0,0,0,6,6,59,1713,4,10,2014,7,2,12,1,11,1,I-5,,226,33.66750833,-117.7535333,0,24,0,0,1,1,0,4,8,1,0,1,0,0000000,99,99,99,99,99,99,0,0,0,5,0
6,62818,1,1,0,0,0,3,3,67,712,1,11,2014,7,1,25,1,11,1,I-80,,166,38.71510833,-121.3013472,0,42,0,0,1,1,0,4,3,10,2,2,0,0000000,99,99,99,99,99,99,19,0,0,1,0
6,62819,2,2,0,0,0,5,5,79,0,24,12,2014,4,18,14,1,2,2,US-101,WELLSONA RD,637,35.69586944,-120.6967972,0,12,6,0,2,2,0,1,5,10,0,10,0,0000000,99,99,99,99,99,99,0,0,0,4,0